1;866;823;947;666 Ocean Avenue, Miami, FL 33101;321 Elm Boulevard, Houston, TX 77001;2166;4
2;903;745;475;Gyeongbokgung Palace 161, Seoul, South Korea 03045;Gyeongbokgung Palace 161, Seoul, South Korea 03045;1195;4
3;462;483;906;Forbidden City 4, Beijing, China 100006;123 Main Street, New York, NY 10001;4431;2
4;881;940;279;864 Palm Drive, San Jose, CA 95101;444 Lake View, Denver, CO 80201;1877;2
5;448;436;25;456 Oak Avenue, Los Angeles, CA 90001;123 Main Street, New York, NY 10001;4616;4
6;654;48;594;Champs-Élysées 75, Paris, France 75008;444 Lake View, Denver, CO 80201;2870;4
7;120;844;595;Piazza San Marco 1, Venice, Italy 30124;Sagrada Família 401, Barcelona, Spain 08013;2657;2
8;14;596;435;753 Willow Avenue, San Diego, CA 92101;Taj Mahal, Agra, India 282001;4534;4
9;104;85;317;Red Square 1, Moscow, Russia 109012;CN Tower 301, Toronto, Canada M5V 2T6;1711;5
10;991;745;344;864 Palm Drive, San Jose, CA 95101;864 Palm Drive, San Jose, CA 95101;1010;2
11;166;997;852;Gyeongbokgung Palace 161, Seoul, South Korea 03045;Marina Bay Sands 10, Singapore 018956;4613;4
12;364;298;988;Sydney Opera House, Sydney, Australia 2000;Shibuya Crossing 2, Tokyo, Japan 150-0043;4811;3
13;70;848;619;333 River Road, Seattle, WA 98101;222 Park Avenue, Boston, MA 02101;1771;2
14;599;694;38;123 Main Street, New York, NY 10001;Champs-Élysées 75, Paris, France 75008;3948;2
15;967;107;446;321 Elm Boulevard, Houston, TX 77001;789 Pine Road, Chicago, IL 60601;3159;2
16;667;776;116;654 Maple Drive, Phoenix, AZ 85001;Burj Khalifa 1, Dubai, UAE;1422;3
17;76;254;805;Copacabana Beach 100, Rio de Janeiro, Brazil 22070-011;753 Willow Avenue, San Diego, CA 92101;1487;5
18;501;136;592;Sydney Opera House, Sydney, Australia 2000;321 Elm Boulevard, Houston, TX 77001;1370;4
19;773;636;240;666 Ocean Avenue, Miami, FL 33101;Brandenburger Tor 1, Berlin, Germany 10117;2630;4
20;428;791;34;654 Maple Drive, Phoenix, AZ 85001;159 Birch Street, San Antonio, TX 78201;4660;3
21;897;577;48;159 Birch Street, San Antonio, TX 78201;159 Birch Street, San Antonio, TX 78201;2536;4
22;284;581;327;Marina Bay Sands 10, Singapore 018956;159 Birch Street, San Antonio, TX 78201;3148;3
23;579;40;732;Champs-Élysées 75, Paris, France 75008;Shibuya Crossing 2, Tokyo, Japan 150-0043;4371;5
24;392;802;171;Piazza San Marco 1, Venice, Italy 30124;456 Oak Avenue, Los Angeles, CA 90001;4804;5
25;791;197;509;Sydney Opera House, Sydney, Australia 2000;246 Spruce Road, Dallas, TX 75201;1229;2
26;444;64;978;246 Spruce Road, Dallas, TX 75201;Marina Bay Sands 10, Singapore 018956;1914;3
27;962;922;308;CN Tower 301, Toronto, Canada M5V 2T6;789 Pine Road, Chicago, IL 60601;4722;4
28;983;409;318;Sagrada Família 401, Barcelona, Spain 08013;333 River Road, Seattle, WA 98101;1793;4
29;85;985;888;Sydney Opera House, Sydney, Australia 2000;CN Tower 301, Toronto, Canada M5V 2T6;2658;2
30;638;60;523;Shibuya Crossing 2, Tokyo, Japan 150-0043;CN Tower 301, Toronto, Canada M5V 2T6;1849;3
31;339;35;889;Gyeongbokgung Palace 161, Seoul, South Korea 03045;789 Pine Road, Chicago, IL 60601;1936;4
32;186;597;771;Brandenburger Tor 1, Berlin, Germany 10117;555 Mountain Street, Washington, DC 20001;1759;2
33;235;965;245;Marina Bay Sands 10, Singapore 018956;Piazza San Marco 1, Venice, Italy 30124;1036;2
34;83;274;489;Sydney Opera House, Sydney, Australia 2000;159 Birch Street, San Antonio, TX 78201;3299;5
35;412;840;924;Sydney Opera House, Sydney, Australia 2000;864 Palm Drive, San Jose, CA 95101;2351;5
36;490;204;562;753 Willow Avenue, San Diego, CA 92101;Copacabana Beach 100, Rio de Janeiro, Brazil 22070-011;1702;2
37;989;229;347;159 Birch Street, San Antonio, TX 78201;Gyeongbokgung Palace 161, Seoul, South Korea 03045;1444;5
38;988;949;15;666 Ocean Avenue, Miami, FL 33101;Table Mountain Rd, Cape Town, South Africa 8001;1648;5
39;286;529;534;Sagrada Família 401, Barcelona, Spain 08013;Table Mountain Rd, Cape Town, South Africa 8001;3443;5
40;858;256;992;Piazza San Marco 1, Venice, Italy 30124;Piazza San Marco 1, Venice, Italy 30124;4456;5
41;485;641;447;789 Pine Road, Chicago, IL 60601;Sagrada Família 401, Barcelona, Spain 08013;4450;2
42;861;565;824;Copacabana Beach 100, Rio de Janeiro, Brazil 22070-011;987 Cedar Lane, Philadelphia, PA 19101;3245;4
43;894;64;291;Gyeongbokgung Palace 161, Seoul, South Korea 03045;864 Palm Drive, San Jose, CA 95101;1032;3
44;466;33;836;159 Birch Street, San Antonio, TX 78201;Sydney Opera House, Sydney, Australia 2000;2585;4
45;638;675;322;246 Spruce Road, Dallas, TX 75201;444 Lake View, Denver, CO 80201;3731;3
46;728;725;348;456 Oak Avenue, Los Angeles, CA 90001;Forbidden City 4, Beijing, China 100006;3380;5
47;182;19;650;456 Oak Avenue, Los Angeles, CA 90001;Brandenburger Tor 1, Berlin, Germany 10117;1337;2
48;661;547;838;987 Cedar Lane, Philadelphia, PA 19101;321 Elm Boulevard, Houston, TX 77001;4317;2
49;253;448;716;Table Mountain Rd, Cape Town, South Africa 8001;Table Mountain Rd, Cape Town, South Africa 8001;1387;3
50;69;946;783;Piazza San Marco 1, Venice, Italy 30124;864 Palm Drive, San Jose, CA 95101;1814;5
51;314;820;73;555 Mountain Street, Washington, DC 20001;246 Spruce Road, Dallas, TX 75201;2773;3
52;657;579;658;654 Maple Drive, Phoenix, AZ 85001;456 Oak Avenue, Los Angeles, CA 90001;4347;3
53;560;320;957;987 Cedar Lane, Philadelphia, PA 19101;Forbidden City 4, Beijing, China 100006;1748;5
54;936;729;795;Burj Khalifa 1, Dubai, UAE;321 Elm Boulevard, Houston, TX 77001;3679;2
55;71;659;152;Taj Mahal, Agra, India 282001;321 Elm Boulevard, Houston, TX 77001;1135;4
56;447;69;601;Marina Bay Sands 10, Singapore 018956;123 Main Street, New York, NY 10001;2444;3
57;138;514;875;Sydney Opera House, Sydney, Australia 2000;Burj Khalifa 1, Dubai, UAE;4507;3
58;971;629;573;Red Square 1, Moscow, Russia 109012;Shibuya Crossing 2, Tokyo, Japan 150-0043;2632;2
59;534;829;125;321 Elm Boulevard, Houston, TX 77001;789 Pine Road, Chicago, IL 60601;4223;5
60;101;498;969;456 Oak Avenue, Los Angeles, CA 90001;CN Tower 301, Toronto, Canada M5V 2T6;4722;5
61;595;381;219;Gyeongbokgung Palace 161, Seoul, South Korea 03045;Sagrada Família 401, Barcelona, Spain 08013;3884;2
62;220;945;967;456 Oak Avenue, Los Angeles, CA 90001;444 Lake View, Denver, CO 80201;1234;4
63;85;867;968;987 Cedar Lane, Philadelphia, PA 19101;654 Maple Drive, Phoenix, AZ 85001;2292;3
64;801;880;187;Sydney Opera House, Sydney, Australia 2000;444 Lake View, Denver, CO 80201;3809;3
65;464;337;550;Champs-Élysées 75, Paris, France 75008;Sagrada Família 401, Barcelona, Spain 08013;2858;2
66;469;621;842;Sagrada Família 401, Barcelona, Spain 08013;555 Mountain Street, Washington, DC 20001;1220;3
67;47;828;761;789 Pine Road, Chicago, IL 60601;159 Birch Street, San Antonio, TX 78201;3954;2
68;111;976;460;Gyeongbokgung Palace 161, Seoul, South Korea 03045;Forbidden City 4, Beijing, China 100006;1416;3
69;435;798;941;246 Spruce Road, Dallas, TX 75201;333 River Road, Seattle, WA 98101;1491;4
70;355;38;942;456 Oak Avenue, Los Angeles, CA 90001;654 Maple Drive, Phoenix, AZ 85001;1907;2
71;614;869;27;Shibuya Crossing 2, Tokyo, Japan 150-0043;Burj Khalifa 1, Dubai, UAE;3971;2
72;419;193;30;Gyeongbokgung Palace 161, Seoul, South Korea 03045;444 Lake View, Denver, CO 80201;1531;3
73;804;756;224;321 Elm Boulevard, Houston, TX 77001;666 Ocean Avenue, Miami, FL 33101;3774;4
74;578;971;28;321 Elm Boulevard, Houston, TX 77001;Copacabana Beach 100, Rio de Janeiro, Brazil 22070-011;2766;5
75;764;816;972;Forbidden City 4, Beijing, China 100006;321 Elm Boulevard, Houston, TX 77001;3245;4
76;363;170;900;Forbidden City 4, Beijing, China 100006;Sagrada Família 401, Barcelona, Spain 08013;4399;4
77;742;220;538;Champs-Élysées 75, Paris, France 75008;333 River Road, Seattle, WA 98101;1123;5
78;961;283;991;Red Square 1, Moscow, Russia 109012;Red Square 1, Moscow, Russia 109012;1806;3
79;857;395;21;654 Maple Drive, Phoenix, AZ 85001;Burj Khalifa 1, Dubai, UAE;3411;3
80;623;280;474;Forbidden City 4, Beijing, China 100006;Red Square 1, Moscow, Russia 109012;4936;2
81;89;660;678;Marina Bay Sands 10, Singapore 018956;789 Pine Road, Chicago, IL 60601;3841;5
82;17;716;760;Table Mountain Rd, Cape Town, South Africa 8001;Burj Khalifa 1, Dubai, UAE;2618;4
83;247;926;3;666 Ocean Avenue, Miami, FL 33101;Red Square 1, Moscow, Russia 109012;4051;4
84;364;249;891;Red Square 1, Moscow, Russia 109012;246 Spruce Road, Dallas, TX 75201;4646;3
85;133;43;660;333 River Road, Seattle, WA 98101;Burj Khalifa 1, Dubai, UAE;3514;4
86;32;309;568;789 Pine Road, Chicago, IL 60601;Sagrada Família 401, Barcelona, Spain 08013;2557;3
87;900;60;491;333 River Road, Seattle, WA 98101;987 Cedar Lane, Philadelphia, PA 19101;1501;5
88;867;923;733;864 Palm Drive, San Jose, CA 95101;Brandenburger Tor 1, Berlin, Germany 10117;2699;2
89;6;782;169;Sagrada Família 401, Barcelona, Spain 08013;666 Ocean Avenue, Miami, FL 33101;4690;4
90;85;44;117;Brandenburger Tor 1, Berlin, Germany 10117;321 Elm Boulevard, Houston, TX 77001;3857;2
91;508;708;113;Sagrada Família 401, Barcelona, Spain 08013;444 Lake View, Denver, CO 80201;1925;5
92;155;445;982;246 Spruce Road, Dallas, TX 75201;Forbidden City 4, Beijing, China 100006;1322;5
93;672;734;731;Red Square 1, Moscow, Russia 109012;Forbidden City 4, Beijing, China 100006;4664;5
94;432;421;482;Gyeongbokgung Palace 161, Seoul, South Korea 03045;444 Lake View, Denver, CO 80201;2276;4
95;30;805;114;666 Ocean Avenue, Miami, FL 33101;456 Oak Avenue, Los Angeles, CA 90001;1063;5
96;986;742;881;444 Lake View, Denver, CO 80201;456 Oak Avenue, Los Angeles, CA 90001;4529;4
97;947;226;664;654 Maple Drive, Phoenix, AZ 85001;CN Tower 301, Toronto, Canada M5V 2T6;3750;3
98;440;771;919;753 Willow Avenue, San Diego, CA 92101;Taj Mahal, Agra, India 282001;2657;4
99;43;906;959;456 Oak Avenue, Los Angeles, CA 90001;CN Tower 301, Toronto, Canada M5V 2T6;2975;4
100;707;476;583;321 Elm Boulevard, Houston, TX 77001;Burj Khalifa 1, Dubai, UAE;1574;4
101;966;383;759;Marina Bay Sands 10, Singapore 018956;Burj Khalifa 1, Dubai, UAE;1630;4
102;847;914;341;456 Oak Avenue, Los Angeles, CA 90001;Marina Bay Sands 10, Singapore 018956;1499;4
103;753;980;961;Sydney Opera House, Sydney, Australia 2000;Table Mountain Rd, Cape Town, South Africa 8001;3160;5
104;808;686;307;Marina Bay Sands 10, Singapore 018956;789 Pine Road, Chicago, IL 60601;1878;5
105;559;121;91;666 Ocean Avenue, Miami, FL 33101;555 Mountain Street, Washington, DC 20001;4970;4
106;311;927;641;Marina Bay Sands 10, Singapore 018956;123 Main Street, New York, NY 10001;1845;3
107;884;451;668;Marina Bay Sands 10, Singapore 018956;444 Lake View, Denver, CO 80201;1856;3
108;665;864;247;666 Ocean Avenue, Miami, FL 33101;864 Palm Drive, San Jose, CA 95101;1058;5
109;285;272;584;864 Palm Drive, San Jose, CA 95101;Sagrada Família 401, Barcelona, Spain 08013;3735;3
110;767;731;175;444 Lake View, Denver, CO 80201;222 Park Avenue, Boston, MA 02101;1394;2
111;183;745;162;Sagrada Família 401, Barcelona, Spain 08013;Sagrada Família 401, Barcelona, Spain 08013;4363;4
112;168;529;139;222 Park Avenue, Boston, MA 02101;Sydney Opera House, Sydney, Australia 2000;1716;5
113;97;709;623;Sagrada Família 401, Barcelona, Spain 08013;864 Palm Drive, San Jose, CA 95101;3555;4
114;651;912;367;222 Park Avenue, Boston, MA 02101;222 Park Avenue, Boston, MA 02101;4201;5
115;578;164;393;456 Oak Avenue, Los Angeles, CA 90001;Gyeongbokgung Palace 161, Seoul, South Korea 03045;2751;4
116;982;182;561;333 River Road, Seattle, WA 98101;Shibuya Crossing 2, Tokyo, Japan 150-0043;1799;4
117;607;430;883;Red Square 1, Moscow, Russia 109012;444 Lake View, Denver, CO 80201;3762;3
118;421;994;615;Shibuya Crossing 2, Tokyo, Japan 150-0043;Copacabana Beach 100, Rio de Janeiro, Brazil 22070-011;2766;4
119;519;903;328;123 Main Street, New York, NY 10001;654 Maple Drive, Phoenix, AZ 85001;3829;4
120;632;523;155;Piazza San Marco 1, Venice, Italy 30124;321 Elm Boulevard, Houston, TX 77001;2299;3
121;540;943;840;555 Mountain Street, Washington, DC 20001;987 Cedar Lane, Philadelphia, PA 19101;2261;4
122;695;144;90;Shibuya Crossing 2, Tokyo, Japan 150-0043;456 Oak Avenue, Los Angeles, CA 90001;3702;5
123;858;730;345;753 Willow Avenue, San Diego, CA 92101;555 Mountain Street, Washington, DC 20001;3543;3
124;734;162;252;987 Cedar Lane, Philadelphia, PA 19101;Sydney Opera House, Sydney, Australia 2000;3980;2
125;188;435;902;555 Mountain Street, Washington, DC 20001;753 Willow Avenue, San Diego, CA 92101;3366;4
126;732;777;170;Marina Bay Sands 10, Singapore 018956;Sagrada Família 401, Barcelona, Spain 08013;1855;3
127;599;564;989;Shibuya Crossing 2, Tokyo, Japan 150-0043;Shibuya Crossing 2, Tokyo, Japan 150-0043;1965;3
128;117;334;108;Marina Bay Sands 10, Singapore 018956;987 Cedar Lane, Philadelphia, PA 19101;3784;2
129;782;538;712;987 Cedar Lane, Philadelphia, PA 19101;Copacabana Beach 100, Rio de Janeiro, Brazil 22070-011;3959;5
130;634;910;907;Gyeongbokgung Palace 161, Seoul, South Korea 03045;654 Maple Drive, Phoenix, AZ 85001;1525;4
131;243;782;766;Champs-Élysées 75, Paris, France 75008;333 River Road, Seattle, WA 98101;1262;5
132;641;963;488;Copacabana Beach 100, Rio de Janeiro, Brazil 22070-011;456 Oak Avenue, Los Angeles, CA 90001;2611;5
133;942;774;659;Brandenburger Tor 1, Berlin, Germany 10117;Champs-Élysées 75, Paris, France 75008;4244;4
134;380;476;408;Table Mountain Rd, Cape Town, South Africa 8001;987 Cedar Lane, Philadelphia, PA 19101;3073;3
135;102;68;756;Sydney Opera House, Sydney, Australia 2000;246 Spruce Road, Dallas, TX 75201;1699;3
136;946;445;256;654 Maple Drive, Phoenix, AZ 85001;789 Pine Road, Chicago, IL 60601;2426;3
137;849;522;417;456 Oak Avenue, Los Angeles, CA 90001;Shibuya Crossing 2, Tokyo, Japan 150-0043;4935;2
138;460;442;472;Copacabana Beach 100, Rio de Janeiro, Brazil 22070-011;Burj Khalifa 1, Dubai, UAE;4991;4
139;284;829;752;CN Tower 301, Toronto, Canada M5V 2T6;Red Square 1, Moscow, Russia 109012;3693;4
140;804;462;525;Piazza San Marco 1, Venice, Italy 30124;123 Main Street, New York, NY 10001;4989;2
141;406;436;704;789 Pine Road, Chicago, IL 60601;444 Lake View, Denver, CO 80201;3309;4
142;963;361;387;Champs-Élysées 75, Paris, France 75008;555 Mountain Street, Washington, DC 20001;4558;4
143;194;10;925;987 Cedar Lane, Philadelphia, PA 19101;Sagrada Família 401, Barcelona, Spain 08013;1338;3
144;722;432;288;Gyeongbokgung Palace 161, Seoul, South Korea 03045;321 Elm Boulevard, Houston, TX 77001;2914;2
145;181;560;884;321 Elm Boulevard, Houston, TX 77001;Shibuya Crossing 2, Tokyo, Japan 150-0043;3753;3
146;896;635;241;Brandenburger Tor 1, Berlin, Germany 10117;555 Mountain Street, Washington, DC 20001;3175;4
147;630;877;620;987 Cedar Lane, Philadelphia, PA 19101;789 Pine Road, Chicago, IL 60601;2144;3
148;734;80;478;333 River Road, Seattle, WA 98101;Burj Khalifa 1, Dubai, UAE;2550;3
149;177;21;998;Shibuya Crossing 2, Tokyo, Japan 150-0043;Marina Bay Sands 10, Singapore 018956;4613;3
150;516;790;876;222 Park Avenue, Boston, MA 02101;Red Square 1, Moscow, Russia 109012;1298;3
151;927;640;483;CN Tower 301, Toronto, Canada M5V 2T6;333 River Road, Seattle, WA 98101;3668;3
152;269;403;183;246 Spruce Road, Dallas, TX 75201;864 Palm Drive, San Jose, CA 95101;1703;3
153;121;926;823;789 Pine Road, Chicago, IL 60601;444 Lake View, Denver, CO 80201;1794;4
154;70;508;706;Copacabana Beach 100, Rio de Janeiro, Brazil 22070-011;Red Square 1, Moscow, Russia 109012;2037;3
155;521;965;671;CN Tower 301, Toronto, Canada M5V 2T6;CN Tower 301, Toronto, Canada M5V 2T6;1030;3
156;495;319;679;Piazza San Marco 1, Venice, Italy 30124;Taj Mahal, Agra, India 282001;2014;3
157;695;490;400;Red Square 1, Moscow, Russia 109012;Brandenburger Tor 1, Berlin, Germany 10117;3914;3
158;612;955;492;333 River Road, Seattle, WA 98101;321 Elm Boulevard, Houston, TX 77001;2615;2
159;202;687;268;789 Pine Road, Chicago, IL 60601;789 Pine Road, Chicago, IL 60601;2719;3
160;459;463;153;987 Cedar Lane, Philadelphia, PA 19101;222 Park Avenue, Boston, MA 02101;4247;3
161;73;388;319;864 Palm Drive, San Jose, CA 95101;456 Oak Avenue, Los Angeles, CA 90001;1965;2
162;161;617;42;Shibuya Crossing 2, Tokyo, Japan 150-0043;Piazza San Marco 1, Venice, Italy 30124;2046;5
163;570;544;498;Table Mountain Rd, Cape Town, South Africa 8001;Marina Bay Sands 10, Singapore 018956;2181;4
164;61;252;208;CN Tower 301, Toronto, Canada M5V 2T6;666 Ocean Avenue, Miami, FL 33101;4544;4
165;923;807;830;123 Main Street, New York, NY 10001;Red Square 1, Moscow, Russia 109012;1947;4
166;774;15;556;Gyeongbokgung Palace 161, Seoul, South Korea 03045;Forbidden City 4, Beijing, China 100006;1855;2
167;737;100;65;Sydney Opera House, Sydney, Australia 2000;333 River Road, Seattle, WA 98101;3648;5
168;57;217;539;753 Willow Avenue, San Diego, CA 92101;123 Main Street, New York, NY 10001;4122;5
169;838;379;973;Brandenburger Tor 1, Berlin, Germany 10117;Shibuya Crossing 2, Tokyo, Japan 150-0043;2233;3
170;99;880;230;CN Tower 301, Toronto, Canada M5V 2T6;Shibuya Crossing 2, Tokyo, Japan 150-0043;4540;4
171;638;150;975;Taj Mahal, Agra, India 282001;CN Tower 301, Toronto, Canada M5V 2T6;2007;3
172;321;406;289;Red Square 1, Moscow, Russia 109012;159 Birch Street, San Antonio, TX 78201;1895;5
173;86;873;807;Forbidden City 4, Beijing, China 100006;753 Willow Avenue, San Diego, CA 92101;4379;5
174;750;62;389;222 Park Avenue, Boston, MA 02101;666 Ocean Avenue, Miami, FL 33101;2733;2
175;491;199;936;456 Oak Avenue, Los Angeles, CA 90001;246 Spruce Road, Dallas, TX 75201;2497;3
176;315;422;577;Gyeongbokgung Palace 161, Seoul, South Korea 03045;123 Main Street, New York, NY 10001;1599;2
177;884;730;261;987 Cedar Lane, Philadelphia, PA 19101;Copacabana Beach 100, Rio de Janeiro, Brazil 22070-011;4008;3
178;124;315;861;Table Mountain Rd, Cape Town, South Africa 8001;Piazza San Marco 1, Venice, Italy 30124;2788;3
179;546;549;603;Table Mountain Rd, Cape Town, South Africa 8001;Table Mountain Rd, Cape Town, South Africa 8001;4772;2
180;939;493;758;555 Mountain Street, Washington, DC 20001;456 Oak Avenue, Los Angeles, CA 90001;1020;4
181;356;844;853;789 Pine Road, Chicago, IL 60601;Gyeongbokgung Palace 161, Seoul, South Korea 03045;4077;3
182;531;339;899;Marina Bay Sands 10, Singapore 018956;Gyeongbokgung Palace 161, Seoul, South Korea 03045;1527;5
183;524;843;210;123 Main Street, New York, NY 10001;Red Square 1, Moscow, Russia 109012;2229;5
184;901;478;82;987 Cedar Lane, Philadelphia, PA 19101;456 Oak Avenue, Los Angeles, CA 90001;3359;4
185;598;837;500;Shibuya Crossing 2, Tokyo, Japan 150-0043;Copacabana Beach 100, Rio de Janeiro, Brazil 22070-011;1869;3
186;464;508;428;Marina Bay Sands 10, Singapore 018956;321 Elm Boulevard, Houston, TX 77001;2713;3
187;178;80;9;Sydney Opera House, Sydney, Australia 2000;Champs-Élysées 75, Paris, France 75008;1381;4
188;361;387;5;321 Elm Boulevard, Houston, TX 77001;Forbidden City 4, Beijing, China 100006;2986;2
189;360;155;399;456 Oak Avenue, Los Angeles, CA 90001;Forbidden City 4, Beijing, China 100006;2061;3
190;482;465;422;654 Maple Drive, Phoenix, AZ 85001;Champs-Élysées 75, Paris, France 75008;3035;3
191;614;600;427;666 Ocean Avenue, Miami, FL 33101;789 Pine Road, Chicago, IL 60601;3230;3
192;574;534;265;Burj Khalifa 1, Dubai, UAE;Taj Mahal, Agra, India 282001;4230;4
193;673;795;11;864 Palm Drive, San Jose, CA 95101;Marina Bay Sands 10, Singapore 018956;1919;3
194;90;805;355;333 River Road, Seattle, WA 98101;246 Spruce Road, Dallas, TX 75201;3748;3
195;460;312;41;Forbidden City 4, Beijing, China 100006;222 Park Avenue, Boston, MA 02101;4512;3
196;960;328;581;555 Mountain Street, Washington, DC 20001;CN Tower 301, Toronto, Canada M5V 2T6;3945;4
197;98;59;323;444 Lake View, Denver, CO 80201;Forbidden City 4, Beijing, China 100006;3218;3
198;729;540;862;Burj Khalifa 1, Dubai, UAE;Taj Mahal, Agra, India 282001;2540;5
199;286;7;874;Marina Bay Sands 10, Singapore 018956;Brandenburger Tor 1, Berlin, Germany 10117;3237;5
200;880;914;894;Gyeongbokgung Palace 161, Seoul, South Korea 03045;555 Mountain Street, Washington, DC 20001;2577;3
201;232;605;688;Sagrada Família 401, Barcelona, Spain 08013;Taj Mahal, Agra, India 282001;3830;4
202;685;968;855;Piazza San Marco 1, Venice, Italy 30124;CN Tower 301, Toronto, Canada M5V 2T6;3359;4
203;131;178;865;123 Main Street, New York, NY 10001;Shibuya Crossing 2, Tokyo, Japan 150-0043;4731;5
204;53;160;655;222 Park Avenue, Boston, MA 02101;Piazza San Marco 1, Venice, Italy 30124;2193;3
205;121;645;532;864 Palm Drive, San Jose, CA 95101;Red Square 1, Moscow, Russia 109012;4667;5
206;364;955;750;789 Pine Road, Chicago, IL 60601;Piazza San Marco 1, Venice, Italy 30124;4620;3
207;855;604;951;444 Lake View, Denver, CO 80201;Sydney Opera House, Sydney, Australia 2000;2210;4
208;555;309;834;CN Tower 301, Toronto, Canada M5V 2T6;555 Mountain Street, Washington, DC 20001;3351;2
209;198;957;901;444 Lake View, Denver, CO 80201;Copacabana Beach 100, Rio de Janeiro, Brazil 22070-011;2926;2
210;957;612;782;753 Willow Avenue, San Diego, CA 92101;555 Mountain Street, Washington, DC 20001;2903;5
211;498;527;790;864 Palm Drive, San Jose, CA 95101;Forbidden City 4, Beijing, China 100006;3763;4
212;758;41;612;Table Mountain Rd, Cape Town, South Africa 8001;789 Pine Road, Chicago, IL 60601;1980;5
213;569;839;803;Red Square 1, Moscow, Russia 109012;789 Pine Road, Chicago, IL 60601;3448;3
214;821;486;496;Brandenburger Tor 1, Berlin, Germany 10117;Copacabana Beach 100, Rio de Janeiro, Brazil 22070-011;3833;3
215;145;713;23;Forbidden City 4, Beijing, China 100006;Burj Khalifa 1, Dubai, UAE;1341;5
216;227;350;804;Champs-Élysées 75, Paris, France 75008;Brandenburger Tor 1, Berlin, Germany 10117;4346;3
217;644;929;560;456 Oak Avenue, Los Angeles, CA 90001;Table Mountain Rd, Cape Town, South Africa 8001;1177;2
218;371;940;681;321 Elm Boulevard, Houston, TX 77001;Sydney Opera House, Sydney, Australia 2000;3286;2
219;861;362;555;333 River Road, Seattle, WA 98101;222 Park Avenue, Boston, MA 02101;2425;3
220;971;202;676;753 Willow Avenue, San Diego, CA 92101;Marina Bay Sands 10, Singapore 018956;3771;5
221;9;519;993;789 Pine Road, Chicago, IL 60601;Sydney Opera House, Sydney, Australia 2000;4813;2
222;492;220;50;Brandenburger Tor 1, Berlin, Germany 10117;Sagrada Família 401, Barcelona, Spain 08013;1311;3
223;340;163;35;246 Spruce Road, Dallas, TX 75201;Gyeongbokgung Palace 161, Seoul, South Korea 03045;2667;4
224;793;555;808;Taj Mahal, Agra, India 282001;Table Mountain Rd, Cape Town, South Africa 8001;3259;5
225;851;442;816;Burj Khalifa 1, Dubai, UAE;Gyeongbokgung Palace 161, Seoul, South Korea 03045;3685;2
226;659;308;44;654 Maple Drive, Phoenix, AZ 85001;CN Tower 301, Toronto, Canada M5V 2T6;4122;2
227;624;919;698;123 Main Street, New York, NY 10001;Gyeongbokgung Palace 161, Seoul, South Korea 03045;2712;2
228;867;619;702;Sydney Opera House, Sydney, Australia 2000;Sydney Opera House, Sydney, Australia 2000;2372;2
229;264;855;285;Piazza San Marco 1, Venice, Italy 30124;123 Main Street, New York, NY 10001;4112;5
230;228;10;301;654 Maple Drive, Phoenix, AZ 85001;159 Birch Street, San Antonio, TX 78201;1395;4
231;876;869;613;Marina Bay Sands 10, Singapore 018956;Gyeongbokgung Palace 161, Seoul, South Korea 03045;2971;5
232;226;969;665;Piazza San Marco 1, Venice, Italy 30124;Sydney Opera House, Sydney, Australia 2000;3841;3
233;51;774;6;789 Pine Road, Chicago, IL 60601;Piazza San Marco 1, Venice, Italy 30124;1920;2
234;452;137;431;555 Mountain Street, Washington, DC 20001;333 River Road, Seattle, WA 98101;3449;2
235;948;644;970;Sagrada Família 401, Barcelona, Spain 08013;Burj Khalifa 1, Dubai, UAE;3110;4
236;88;975;466;Brandenburger Tor 1, Berlin, Germany 10117;987 Cedar Lane, Philadelphia, PA 19101;4605;2
237;418;277;441;864 Palm Drive, San Jose, CA 95101;Sagrada Família 401, Barcelona, Spain 08013;3356;5
238;275;233;923;222 Park Avenue, Boston, MA 02101;Table Mountain Rd, Cape Town, South Africa 8001;4583;2
239;707;792;372;Shibuya Crossing 2, Tokyo, Japan 150-0043;Table Mountain Rd, Cape Town, South Africa 8001;2571;4
240;335;351;282;222 Park Avenue, Boston, MA 02101;Shibuya Crossing 2, Tokyo, Japan 150-0043;2631;4
241;723;303;721;246 Spruce Road, Dallas, TX 75201;321 Elm Boulevard, Houston, TX 77001;4605;4
242;554;593;145;Champs-Élysées 75, Paris, France 75008;246 Spruce Road, Dallas, TX 75201;1169;3
243;698;849;675;333 River Road, Seattle, WA 98101;Piazza San Marco 1, Venice, Italy 30124;1517;5
244;425;325;142;Gyeongbokgung Palace 161, Seoul, South Korea 03045;Taj Mahal, Agra, India 282001;2061;4
245;588;580;238;Table Mountain Rd, Cape Town, South Africa 8001;555 Mountain Street, Washington, DC 20001;1936;3
246;771;573;237;333 River Road, Seattle, WA 98101;321 Elm Boulevard, Houston, TX 77001;1645;4
247;340;510;425;Marina Bay Sands 10, Singapore 018956;Marina Bay Sands 10, Singapore 018956;4653;4
248;913;308;405;987 Cedar Lane, Philadelphia, PA 19101;159 Birch Street, San Antonio, TX 78201;4070;5
249;153;524;962;753 Willow Avenue, San Diego, CA 92101;Taj Mahal, Agra, India 282001;4963;4
250;619;108;391;Forbidden City 4, Beijing, China 100006;Burj Khalifa 1, Dubai, UAE;3965;2
251;206;228;86;123 Main Street, New York, NY 10001;Red Square 1, Moscow, Russia 109012;1337;5
252;750;585;667;CN Tower 301, Toronto, Canada M5V 2T6;987 Cedar Lane, Philadelphia, PA 19101;3198;5
253;530;171;151;Champs-Élysées 75, Paris, France 75008;789 Pine Road, Chicago, IL 60601;2298;4
254;127;403;638;333 River Road, Seattle, WA 98101;666 Ocean Avenue, Miami, FL 33101;1437;3
255;896;302;277;Sagrada Família 401, Barcelona, Spain 08013;Taj Mahal, Agra, India 282001;4895;5
256;975;640;191;Table Mountain Rd, Cape Town, South Africa 8001;Sydney Opera House, Sydney, Australia 2000;3586;4
257;120;904;596;222 Park Avenue, Boston, MA 02101;864 Palm Drive, San Jose, CA 95101;1264;5
258;537;951;741;333 River Road, Seattle, WA 98101;333 River Road, Seattle, WA 98101;1227;3
259;947;269;897;222 Park Avenue, Boston, MA 02101;Sydney Opera House, Sydney, Australia 2000;2425;5
260;396;584;725;Piazza San Marco 1, Venice, Italy 30124;456 Oak Avenue, Los Angeles, CA 90001;2805;2
261;598;452;214;987 Cedar Lane, Philadelphia, PA 19101;444 Lake View, Denver, CO 80201;3906;4
262;397;714;56;666 Ocean Avenue, Miami, FL 33101;Marina Bay Sands 10, Singapore 018956;1491;2
263;581;224;115;Champs-Élysées 75, Paris, France 75008;Sydney Opera House, Sydney, Australia 2000;2456;2
264;923;107;133;Marina Bay Sands 10, Singapore 018956;321 Elm Boulevard, Houston, TX 77001;4290;3
265;959;848;72;Table Mountain Rd, Cape Town, South Africa 8001;654 Maple Drive, Phoenix, AZ 85001;4974;5
266;101;80;912;Marina Bay Sands 10, Singapore 018956;Brandenburger Tor 1, Berlin, Germany 10117;2620;2
267;793;649;197;159 Birch Street, San Antonio, TX 78201;Sydney Opera House, Sydney, Australia 2000;1128;3
268;204;194;990;Table Mountain Rd, Cape Town, South Africa 8001;Taj Mahal, Agra, India 282001;1712;4
269;712;412;204;555 Mountain Street, Washington, DC 20001;864 Palm Drive, San Jose, CA 95101;2336;4
270;63;74;135;CN Tower 301, Toronto, Canada M5V 2T6;654 Maple Drive, Phoenix, AZ 85001;3236;2
271;25;914;781;864 Palm Drive, San Jose, CA 95101;444 Lake View, Denver, CO 80201;2781;5
272;545;23;685;Sydney Opera House, Sydney, Australia 2000;246 Spruce Road, Dallas, TX 75201;2691;4
273;434;722;918;666 Ocean Avenue, Miami, FL 33101;753 Willow Avenue, San Diego, CA 92101;4677;5
274;672;206;49;246 Spruce Road, Dallas, TX 75201;987 Cedar Lane, Philadelphia, PA 19101;4676;3
275;649;358;695;Table Mountain Rd, Cape Town, South Africa 8001;Burj Khalifa 1, Dubai, UAE;3065;2
276;704;841;85;333 River Road, Seattle, WA 98101;864 Palm Drive, San Jose, CA 95101;3560;4
277;901;841;122;Champs-Élysées 75, Paris, France 75008;Copacabana Beach 100, Rio de Janeiro, Brazil 22070-011;3911;4
278;610;904;622;Shibuya Crossing 2, Tokyo, Japan 150-0043;654 Maple Drive, Phoenix, AZ 85001;1888;2
279;888;891;605;666 Ocean Avenue, Miami, FL 33101;321 Elm Boulevard, Houston, TX 77001;1662;4
280;953;981;359;987 Cedar Lane, Philadelphia, PA 19101;159 Birch Street, San Antonio, TX 78201;3200;5
281;12;728;444;Red Square 1, Moscow, Russia 109012;Marina Bay Sands 10, Singapore 018956;4851;5
282;902;992;693;Sagrada Família 401, Barcelona, Spain 08013;Sydney Opera House, Sydney, Australia 2000;4960;3
283;305;970;915;864 Palm Drive, San Jose, CA 95101;Marina Bay Sands 10, Singapore 018956;1233;5
284;261;629;127;CN Tower 301, Toronto, Canada M5V 2T6;Sydney Opera House, Sydney, Australia 2000;4840;4
285;811;896;757;Red Square 1, Moscow, Russia 109012;CN Tower 301, Toronto, Canada M5V 2T6;4154;3
286;314;765;610;Red Square 1, Moscow, Russia 109012;Champs-Élysées 75, Paris, France 75008;2098;4
287;236;81;106;Sagrada Família 401, Barcelona, Spain 08013;Red Square 1, Moscow, Russia 109012;1419;4
288;668;368;866;Table Mountain Rd, Cape Town, South Africa 8001;Red Square 1, Moscow, Russia 109012;4172;5
289;177;173;753;654 Maple Drive, Phoenix, AZ 85001;321 Elm Boulevard, Houston, TX 77001;3297;4
290;986;311;616;Brandenburger Tor 1, Berlin, Germany 10117;Table Mountain Rd, Cape Town, South Africa 8001;3179;5
291;283;424;494;555 Mountain Street, Washington, DC 20001;Forbidden City 4, Beijing, China 100006;1875;4
292;197;696;103;654 Maple Drive, Phoenix, AZ 85001;444 Lake View, Denver, CO 80201;2376;3
293;699;277;412;333 River Road, Seattle, WA 98101;666 Ocean Avenue, Miami, FL 33101;3193;3
294;416;390;99;222 Park Avenue, Boston, MA 02101;987 Cedar Lane, Philadelphia, PA 19101;3264;4
295;646;584;548;Marina Bay Sands 10, Singapore 018956;246 Spruce Road, Dallas, TX 75201;1912;3
296;466;777;18;123 Main Street, New York, NY 10001;321 Elm Boulevard, Houston, TX 77001;2642;5
297;293;203;519;246 Spruce Road, Dallas, TX 75201;789 Pine Road, Chicago, IL 60601;2924;3
298;828;208;633;864 Palm Drive, San Jose, CA 95101;Sydney Opera House, Sydney, Australia 2000;3182;4
299;784;563;686;Shibuya Crossing 2, Tokyo, Japan 150-0043;CN Tower 301, Toronto, Canada M5V 2T6;4936;5
300;65;607;775;753 Willow Avenue, San Diego, CA 92101;Table Mountain Rd, Cape Town, South Africa 8001;1756;5
301;772;489;410;987 Cedar Lane, Philadelphia, PA 19101;Burj Khalifa 1, Dubai, UAE;3552;3
302;967;649;196;Forbidden City 4, Beijing, China 100006;Red Square 1, Moscow, Russia 109012;4574;4
303;315;902;770;555 Mountain Street, Washington, DC 20001;Burj Khalifa 1, Dubai, UAE;3550;4
304;285;164;281;444 Lake View, Denver, CO 80201;Burj Khalifa 1, Dubai, UAE;2108;5
305;16;190;780;654 Maple Drive, Phoenix, AZ 85001;Shibuya Crossing 2, Tokyo, Japan 150-0043;1980;5
306;625;240;928;444 Lake View, Denver, CO 80201;Brandenburger Tor 1, Berlin, Germany 10117;3732;2
307;318;440;22;Shibuya Crossing 2, Tokyo, Japan 150-0043;Gyeongbokgung Palace 161, Seoul, South Korea 03045;1952;3
308;901;473;694;Table Mountain Rd, Cape Town, South Africa 8001;123 Main Street, New York, NY 10001;2503;2
309;624;554;860;987 Cedar Lane, Philadelphia, PA 19101;123 Main Street, New York, NY 10001;3534;2
310;278;172;16;Burj Khalifa 1, Dubai, UAE;753 Willow Avenue, San Diego, CA 92101;2328;5
311;100;192;132;321 Elm Boulevard, Houston, TX 77001;Champs-Élysées 75, Paris, France 75008;4305;3
312;645;827;218;246 Spruce Road, Dallas, TX 75201;666 Ocean Avenue, Miami, FL 33101;2585;2
313;224;369;748;Table Mountain Rd, Cape Town, South Africa 8001;Copacabana Beach 100, Rio de Janeiro, Brazil 22070-011;4048;4
314;29;950;226;456 Oak Avenue, Los Angeles, CA 90001;864 Palm Drive, San Jose, CA 95101;2839;5
315;705;311;801;789 Pine Road, Chicago, IL 60601;Sagrada Família 401, Barcelona, Spain 08013;1726;4
316;503;606;666;Red Square 1, Moscow, Russia 109012;666 Ocean Avenue, Miami, FL 33101;2498;3
317;279;792;184;Brandenburger Tor 1, Berlin, Germany 10117;Piazza San Marco 1, Venice, Italy 30124;1056;3
318;922;228;817;444 Lake View, Denver, CO 80201;Sagrada Família 401, Barcelona, Spain 08013;1197;3
319;639;392;607;444 Lake View, Denver, CO 80201;987 Cedar Lane, Philadelphia, PA 19101;2334;2
320;457;61;304;654 Maple Drive, Phoenix, AZ 85001;555 Mountain Street, Washington, DC 20001;3319;3
321;943;700;501;Sagrada Família 401, Barcelona, Spain 08013;753 Willow Avenue, San Diego, CA 92101;2738;5
322;476;544;97;Piazza San Marco 1, Venice, Italy 30124;Sydney Opera House, Sydney, Australia 2000;4257;2
323;677;35;236;Forbidden City 4, Beijing, China 100006;123 Main Street, New York, NY 10001;4980;2
324;857;801;89;987 Cedar Lane, Philadelphia, PA 19101;333 River Road, Seattle, WA 98101;3149;5
325;278;380;624;753 Willow Avenue, San Diego, CA 92101;Copacabana Beach 100, Rio de Janeiro, Brazil 22070-011;4289;5
326;198;889;403;333 River Road, Seattle, WA 98101;Champs-Élysées 75, Paris, France 75008;3041;5
327;824;287;201;Sagrada Família 401, Barcelona, Spain 08013;654 Maple Drive, Phoenix, AZ 85001;3654;4
328;221;538;101;987 Cedar Lane, Philadelphia, PA 19101;Gyeongbokgung Palace 161, Seoul, South Korea 03045;3749;5
329;418;382;700;444 Lake View, Denver, CO 80201;Shibuya Crossing 2, Tokyo, Japan 150-0043;2712;2
330;205;167;651;Burj Khalifa 1, Dubai, UAE;Table Mountain Rd, Cape Town, South Africa 8001;3490;4
331;768;790;149;456 Oak Avenue, Los Angeles, CA 90001;753 Willow Avenue, San Diego, CA 92101;1498;2
332;168;870;1;Shibuya Crossing 2, Tokyo, Japan 150-0043;456 Oak Avenue, Los Angeles, CA 90001;4172;2
333;871;516;437;222 Park Avenue, Boston, MA 02101;Piazza San Marco 1, Venice, Italy 30124;2720;3
334;453;603;121;Red Square 1, Moscow, Russia 109012;Marina Bay Sands 10, Singapore 018956;3790;2
335;446;86;520;Shibuya Crossing 2, Tokyo, Japan 150-0043;Piazza San Marco 1, Venice, Italy 30124;1366;2
336;864;762;217;Marina Bay Sands 10, Singapore 018956;Piazza San Marco 1, Venice, Italy 30124;2420;4
337;114;540;266;CN Tower 301, Toronto, Canada M5V 2T6;Marina Bay Sands 10, Singapore 018956;1685;2
338;384;537;895;864 Palm Drive, San Jose, CA 95101;666 Ocean Avenue, Miami, FL 33101;1656;5
339;313;978;964;159 Birch Street, San Antonio, TX 78201;555 Mountain Street, Washington, DC 20001;2163;3
340;527;124;662;666 Ocean Avenue, Miami, FL 33101;Brandenburger Tor 1, Berlin, Germany 10117;3521;5
341;848;596;26;CN Tower 301, Toronto, Canada M5V 2T6;CN Tower 301, Toronto, Canada M5V 2T6;4352;2
342;547;412;130;Table Mountain Rd, Cape Town, South Africa 8001;CN Tower 301, Toronto, Canada M5V 2T6;2980;4
343;294;233;949;654 Maple Drive, Phoenix, AZ 85001;246 Spruce Road, Dallas, TX 75201;1081;2
344;178;271;514;Taj Mahal, Agra, India 282001;246 Spruce Road, Dallas, TX 75201;3806;4
345;984;812;711;Taj Mahal, Agra, India 282001;Champs-Élysées 75, Paris, France 75008;4378;5
346;211;846;448;789 Pine Road, Chicago, IL 60601;Sagrada Família 401, Barcelona, Spain 08013;2031;3
347;158;47;198;222 Park Avenue, Boston, MA 02101;Copacabana Beach 100, Rio de Janeiro, Brazil 22070-011;4930;5
348;35;70;111;789 Pine Road, Chicago, IL 60601;333 River Road, Seattle, WA 98101;3148;4
349;524;754;765;666 Ocean Avenue, Miami, FL 33101;Champs-Élysées 75, Paris, France 75008;3085;4
350;557;207;454;654 Maple Drive, Phoenix, AZ 85001;Sagrada Família 401, Barcelona, Spain 08013;4449;5
351;714;295;274;Marina Bay Sands 10, Singapore 018956;Sagrada Família 401, Barcelona, Spain 08013;1086;5
352;215;101;963;Champs-Élysées 75, Paris, France 75008;Red Square 1, Moscow, Russia 109012;3932;2
353;656;376;905;Shibuya Crossing 2, Tokyo, Japan 150-0043;Gyeongbokgung Palace 161, Seoul, South Korea 03045;4442;5
354;341;710;414;333 River Road, Seattle, WA 98101;123 Main Street, New York, NY 10001;1757;4
355;376;247;283;123 Main Street, New York, NY 10001;Piazza San Marco 1, Venice, Italy 30124;1328;2
356;987;79;811;864 Palm Drive, San Jose, CA 95101;Copacabana Beach 100, Rio de Janeiro, Brazil 22070-011;2198;5
357;500;11;673;Sagrada Família 401, Barcelona, Spain 08013;Sydney Opera House, Sydney, Australia 2000;4219;3
358;788;739;207;666 Ocean Avenue, Miami, FL 33101;Shibuya Crossing 2, Tokyo, Japan 150-0043;2879;4
359;196;567;513;Shibuya Crossing 2, Tokyo, Japan 150-0043;555 Mountain Street, Washington, DC 20001;2576;4
360;994;615;336;159 Birch Street, San Antonio, TX 78201;Piazza San Marco 1, Venice, Italy 30124;4793;2
361;734;295;253;987 Cedar Lane, Philadelphia, PA 19101;Sagrada Família 401, Barcelona, Spain 08013;1802;5
362;876;893;340;Sagrada Família 401, Barcelona, Spain 08013;Shibuya Crossing 2, Tokyo, Japan 150-0043;3560;3
363;547;426;66;Sydney Opera House, Sydney, Australia 2000;Marina Bay Sands 10, Singapore 018956;1798;2
364;663;148;670;Gyeongbokgung Palace 161, Seoul, South Korea 03045;123 Main Street, New York, NY 10001;2289;2
365;165;354;708;456 Oak Avenue, Los Angeles, CA 90001;444 Lake View, Denver, CO 80201;2337;3
366;866;869;61;159 Birch Street, San Antonio, TX 78201;246 Spruce Road, Dallas, TX 75201;3123;3
367;244;21;330;789 Pine Road, Chicago, IL 60601;789 Pine Road, Chicago, IL 60601;1264;4
368;719;184;887;Brandenburger Tor 1, Berlin, Germany 10117;Copacabana Beach 100, Rio de Janeiro, Brazil 22070-011;4673;2
369;598;225;343;753 Willow Avenue, San Diego, CA 92101;Burj Khalifa 1, Dubai, UAE;1161;3
370;807;203;922;666 Ocean Avenue, Miami, FL 33101;Sagrada Família 401, Barcelona, Spain 08013;4985;3
371;732;257;540;555 Mountain Street, Washington, DC 20001;Brandenburger Tor 1, Berlin, Germany 10117;3939;3
372;844;735;710;666 Ocean Avenue, Miami, FL 33101;456 Oak Avenue, Los Angeles, CA 90001;1124;2
373;271;968;786;CN Tower 301, Toronto, Canada M5V 2T6;123 Main Street, New York, NY 10001;3289;2
374;583;249;848;333 River Road, Seattle, WA 98101;444 Lake View, Denver, CO 80201;2994;5
375;825;925;280;666 Ocean Avenue, Miami, FL 33101;Forbidden City 4, Beijing, China 100006;4310;4
376;852;282;384;Marina Bay Sands 10, Singapore 018956;CN Tower 301, Toronto, Canada M5V 2T6;2530;5
377;239;690;374;Sydney Opera House, Sydney, Australia 2000;Taj Mahal, Agra, India 282001;4467;2
378;1000;619;735;Table Mountain Rd, Cape Town, South Africa 8001;Brandenburger Tor 1, Berlin, Germany 10117;4547;5
379;31;433;609;Sydney Opera House, Sydney, Australia 2000;444 Lake View, Denver, CO 80201;2172;2
380;474;829;394;666 Ocean Avenue, Miami, FL 33101;123 Main Street, New York, NY 10001;4570;4
381;316;431;96;753 Willow Avenue, San Diego, CA 92101;Shibuya Crossing 2, Tokyo, Japan 150-0043;2099;5
382;591;823;379;864 Palm Drive, San Jose, CA 95101;321 Elm Boulevard, Houston, TX 77001;1764;5
383;545;446;837;555 Mountain Street, Washington, DC 20001;222 Park Avenue, Boston, MA 02101;2864;2
384;954;790;160;Gyeongbokgung Palace 161, Seoul, South Korea 03045;654 Maple Drive, Phoenix, AZ 85001;4070;5
385;598;409;960;Marina Bay Sands 10, Singapore 018956;CN Tower 301, Toronto, Canada M5V 2T6;1457;2
386;52;593;943;Marina Bay Sands 10, Singapore 018956;Piazza San Marco 1, Venice, Italy 30124;4048;4
387;437;764;726;Red Square 1, Moscow, Russia 109012;Piazza San Marco 1, Venice, Italy 30124;4363;3
388;681;907;528;Sagrada Família 401, Barcelona, Spain 08013;Red Square 1, Moscow, Russia 109012;1268;5
389;285;3;637;Shibuya Crossing 2, Tokyo, Japan 150-0043;Champs-Élysées 75, Paris, France 75008;3738;4
390;347;350;917;333 River Road, Seattle, WA 98101;Gyeongbokgung Palace 161, Seoul, South Korea 03045;2774;4
391;960;606;819;159 Birch Street, San Antonio, TX 78201;Table Mountain Rd, Cape Town, South Africa 8001;1778;4
392;144;562;361;159 Birch Street, San Antonio, TX 78201;Piazza San Marco 1, Venice, Italy 30124;3797;4
393;606;315;965;864 Palm Drive, San Jose, CA 95101;789 Pine Road, Chicago, IL 60601;3205;2
394;905;829;259;Forbidden City 4, Beijing, China 100006;333 River Road, Seattle, WA 98101;1667;5
395;902;380;945;123 Main Street, New York, NY 10001;Sydney Opera House, Sydney, Australia 2000;3401;4
396;696;152;458;Taj Mahal, Agra, India 282001;654 Maple Drive, Phoenix, AZ 85001;3968;5
397;210;290;797;159 Birch Street, San Antonio, TX 78201;CN Tower 301, Toronto, Canada M5V 2T6;3406;2
398;428;526;8;666 Ocean Avenue, Miami, FL 33101;222 Park Avenue, Boston, MA 02101;1634;5
399;304;334;788;159 Birch Street, San Antonio, TX 78201;321 Elm Boulevard, Houston, TX 77001;2308;5
400;407;81;463;666 Ocean Avenue, Miami, FL 33101;864 Palm Drive, San Jose, CA 95101;2609;2
401;366;212;508;123 Main Street, New York, NY 10001;333 River Road, Seattle, WA 98101;1340;2
402;735;878;402;Red Square 1, Moscow, Russia 109012;666 Ocean Avenue, Miami, FL 33101;2714;2
403;959;95;858;333 River Road, Seattle, WA 98101;Table Mountain Rd, Cape Town, South Africa 8001;2729;3
404;601;397;320;Red Square 1, Moscow, Russia 109012;Shibuya Crossing 2, Tokyo, Japan 150-0043;3913;3
405;65;954;845;Copacabana Beach 100, Rio de Janeiro, Brazil 22070-011;Table Mountain Rd, Cape Town, South Africa 8001;3256;3
406;378;587;165;555 Mountain Street, Washington, DC 20001;Champs-Élysées 75, Paris, France 75008;3561;2
407;579;586;349;Champs-Élysées 75, Paris, France 75008;Taj Mahal, Agra, India 282001;4309;5
408;183;144;940;159 Birch Street, San Antonio, TX 78201;333 River Road, Seattle, WA 98101;3399;3
409;708;832;505;Brandenburger Tor 1, Berlin, Germany 10117;Copacabana Beach 100, Rio de Janeiro, Brazil 22070-011;1498;2
410;912;745;522;333 River Road, Seattle, WA 98101;Gyeongbokgung Palace 161, Seoul, South Korea 03045;4992;4
411;312;100;4;Red Square 1, Moscow, Russia 109012;444 Lake View, Denver, CO 80201;4075;2
412;412;337;701;246 Spruce Road, Dallas, TX 75201;Shibuya Crossing 2, Tokyo, Japan 150-0043;3342;2
413;883;700;648;321 Elm Boulevard, Houston, TX 77001;333 River Road, Seattle, WA 98101;2753;2
414;259;44;654;666 Ocean Avenue, Miami, FL 33101;Champs-Élysées 75, Paris, France 75008;2277;5
415;573;103;687;Taj Mahal, Agra, India 282001;Copacabana Beach 100, Rio de Janeiro, Brazil 22070-011;1462;3
416;668;693;302;Taj Mahal, Agra, India 282001;864 Palm Drive, San Jose, CA 95101;3815;5
417;314;683;802;333 River Road, Seattle, WA 98101;Gyeongbokgung Palace 161, Seoul, South Korea 03045;4420;4
418;496;47;263;159 Birch Street, San Antonio, TX 78201;864 Palm Drive, San Jose, CA 95101;3256;5
419;464;598;243;789 Pine Road, Chicago, IL 60601;Shibuya Crossing 2, Tokyo, Japan 150-0043;1802;2
420;953;857;934;321 Elm Boulevard, Houston, TX 77001;222 Park Avenue, Boston, MA 02101;3643;4
421;961;597;652;333 River Road, Seattle, WA 98101;333 River Road, Seattle, WA 98101;2036;2
422;962;91;515;Taj Mahal, Agra, India 282001;Taj Mahal, Agra, India 282001;3317;4
423;749;54;294;Marina Bay Sands 10, Singapore 018956;333 River Road, Seattle, WA 98101;3254;2
424;529;553;604;246 Spruce Road, Dallas, TX 75201;753 Willow Avenue, San Diego, CA 92101;3281;2
425;98;600;877;321 Elm Boulevard, Houston, TX 77001;555 Mountain Street, Washington, DC 20001;4896;5
426;638;731;299;159 Birch Street, San Antonio, TX 78201;Taj Mahal, Agra, India 282001;3430;4
427;261;964;78;Red Square 1, Moscow, Russia 109012;246 Spruce Road, Dallas, TX 75201;4470;5
428;196;729;511;789 Pine Road, Chicago, IL 60601;159 Birch Street, San Antonio, TX 78201;2014;2
429;702;497;205;654 Maple Drive, Phoenix, AZ 85001;Shibuya Crossing 2, Tokyo, Japan 150-0043;1164;4
430;633;15;53;987 Cedar Lane, Philadelphia, PA 19101;Marina Bay Sands 10, Singapore 018956;1676;3
431;88;150;543;246 Spruce Road, Dallas, TX 75201;789 Pine Road, Chicago, IL 60601;1736;3
432;539;414;682;654 Maple Drive, Phoenix, AZ 85001;Burj Khalifa 1, Dubai, UAE;1521;4
433;536;491;254;Red Square 1, Moscow, Russia 109012;159 Birch Street, San Antonio, TX 78201;2315;3
434;668;48;264;Forbidden City 4, Beijing, China 100006;Copacabana Beach 100, Rio de Janeiro, Brazil 22070-011;2390;4
435;94;1000;464;789 Pine Road, Chicago, IL 60601;222 Park Avenue, Boston, MA 02101;1599;3
436;460;130;767;Table Mountain Rd, Cape Town, South Africa 8001;Sagrada Família 401, Barcelona, Spain 08013;4773;2
437;876;561;564;Piazza San Marco 1, Venice, Italy 30124;Copacabana Beach 100, Rio de Janeiro, Brazil 22070-011;3192;2
438;401;688;589;Copacabana Beach 100, Rio de Janeiro, Brazil 22070-011;333 River Road, Seattle, WA 98101;4029;4
439;866;117;143;159 Birch Street, San Antonio, TX 78201;333 River Road, Seattle, WA 98101;1111;3
440;873;952;591;Copacabana Beach 100, Rio de Janeiro, Brazil 22070-011;456 Oak Avenue, Los Angeles, CA 90001;3717;2
441;616;559;647;333 River Road, Seattle, WA 98101;Marina Bay Sands 10, Singapore 018956;1531;3
442;903;43;567;Champs-Élysées 75, Paris, France 75008;Forbidden City 4, Beijing, China 100006;3648;4
443;717;812;996;654 Maple Drive, Phoenix, AZ 85001;Table Mountain Rd, Cape Town, South Africa 8001;4857;2
444;170;538;810;321 Elm Boulevard, Houston, TX 77001;753 Willow Avenue, San Diego, CA 92101;1787;4
445;398;24;697;321 Elm Boulevard, Houston, TX 77001;864 Palm Drive, San Jose, CA 95101;1350;5
446;415;445;300;753 Willow Avenue, San Diego, CA 92101;Burj Khalifa 1, Dubai, UAE;1390;4
447;677;342;536;321 Elm Boulevard, Houston, TX 77001;789 Pine Road, Chicago, IL 60601;1523;3
448;41;675;871;Sydney Opera House, Sydney, Australia 2000;Forbidden City 4, Beijing, China 100006;3437;5
449;791;55;167;654 Maple Drive, Phoenix, AZ 85001;123 Main Street, New York, NY 10001;4001;2
450;934;387;74;864 Palm Drive, San Jose, CA 95101;Copacabana Beach 100, Rio de Janeiro, Brazil 22070-011;3308;3
451;148;336;60;Marina Bay Sands 10, Singapore 018956;Sagrada Família 401, Barcelona, Spain 08013;2875;2
452;147;987;418;555 Mountain Street, Washington, DC 20001;Shibuya Crossing 2, Tokyo, Japan 150-0043;4441;4
453;939;287;407;Shibuya Crossing 2, Tokyo, Japan 150-0043;666 Ocean Avenue, Miami, FL 33101;3256;2
454;764;492;717;555 Mountain Street, Washington, DC 20001;555 Mountain Street, Washington, DC 20001;1798;3
455;464;78;908;159 Birch Street, San Antonio, TX 78201;Forbidden City 4, Beijing, China 100006;3781;4
456;144;574;593;987 Cedar Lane, Philadelphia, PA 19101;Marina Bay Sands 10, Singapore 018956;3000;3
457;985;561;854;789 Pine Road, Chicago, IL 60601;Forbidden City 4, Beijing, China 100006;3395;2
458;352;310;547;CN Tower 301, Toronto, Canada M5V 2T6;CN Tower 301, Toronto, Canada M5V 2T6;2299;5
459;58;135;885;159 Birch Street, San Antonio, TX 78201;555 Mountain Street, Washington, DC 20001;3492;3
460;457;975;459;Forbidden City 4, Beijing, China 100006;Piazza San Marco 1, Venice, Italy 30124;4864;3
461;619;197;954;Champs-Élysées 75, Paris, France 75008;654 Maple Drive, Phoenix, AZ 85001;2591;5
462;468;442;55;444 Lake View, Denver, CO 80201;666 Ocean Avenue, Miami, FL 33101;4747;2
463;293;701;93;654 Maple Drive, Phoenix, AZ 85001;753 Willow Avenue, San Diego, CA 92101;3350;4
464;8;217;517;Burj Khalifa 1, Dubai, UAE;Champs-Élysées 75, Paris, France 75008;4207;5
465;283;976;772;246 Spruce Road, Dallas, TX 75201;222 Park Avenue, Boston, MA 02101;1010;4
466;131;839;904;Forbidden City 4, Beijing, China 100006;Sydney Opera House, Sydney, Australia 2000;3537;4
467;884;282;126;Table Mountain Rd, Cape Town, South Africa 8001;222 Park Avenue, Boston, MA 02101;2614;4
468;734;389;67;Shibuya Crossing 2, Tokyo, Japan 150-0043;Piazza San Marco 1, Venice, Italy 30124;3953;5
469;969;161;128;987 Cedar Lane, Philadelphia, PA 19101;Sydney Opera House, Sydney, Australia 2000;1696;5
470;762;203;844;Burj Khalifa 1, Dubai, UAE;987 Cedar Lane, Philadelphia, PA 19101;2196;5
471;483;931;890;Forbidden City 4, Beijing, China 100006;Brandenburger Tor 1, Berlin, Germany 10117;3413;2
472;643;876;32;321 Elm Boulevard, Houston, TX 77001;Sagrada Família 401, Barcelona, Spain 08013;3001;2
473;903;88;123;444 Lake View, Denver, CO 80201;246 Spruce Road, Dallas, TX 75201;3174;3
474;101;393;450;321 Elm Boulevard, Houston, TX 77001;987 Cedar Lane, Philadelphia, PA 19101;4048;5
475;909;591;984;CN Tower 301, Toronto, Canada M5V 2T6;CN Tower 301, Toronto, Canada M5V 2T6;4686;5
476;571;832;995;246 Spruce Road, Dallas, TX 75201;Copacabana Beach 100, Rio de Janeiro, Brazil 22070-011;4194;2
477;331;693;778;Sydney Opera House, Sydney, Australia 2000;Shibuya Crossing 2, Tokyo, Japan 150-0043;3648;4
478;325;344;722;333 River Road, Seattle, WA 98101;123 Main Street, New York, NY 10001;1960;5
479;973;461;368;246 Spruce Road, Dallas, TX 75201;Table Mountain Rd, Cape Town, South Africa 8001;2067;3
480;295;470;46;789 Pine Road, Chicago, IL 60601;Shibuya Crossing 2, Tokyo, Japan 150-0043;1471;3
481;940;364;736;456 Oak Avenue, Los Angeles, CA 90001;Champs-Élysées 75, Paris, France 75008;3673;2
482;414;451;868;Gyeongbokgung Palace 161, Seoul, South Korea 03045;159 Birch Street, San Antonio, TX 78201;3185;5
483;427;127;31;Table Mountain Rd, Cape Town, South Africa 8001;456 Oak Avenue, Los Angeles, CA 90001;3283;2
484;125;299;77;Brandenburger Tor 1, Berlin, Germany 10117;753 Willow Avenue, San Diego, CA 92101;1740;3
485;662;189;190;864 Palm Drive, San Jose, CA 95101;123 Main Street, New York, NY 10001;2460;2
486;441;872;248;159 Birch Street, San Antonio, TX 78201;CN Tower 301, Toronto, Canada M5V 2T6;3586;2
487;96;145;566;CN Tower 301, Toronto, Canada M5V 2T6;987 Cedar Lane, Philadelphia, PA 19101;2608;4
488;35;490;215;333 River Road, Seattle, WA 98101;Sagrada Família 401, Barcelona, Spain 08013;4766;5
489;738;899;235;Copacabana Beach 100, Rio de Janeiro, Brazil 22070-011;Table Mountain Rd, Cape Town, South Africa 8001;2116;4
490;270;437;141;Copacabana Beach 100, Rio de Janeiro, Brazil 22070-011;Table Mountain Rd, Cape Town, South Africa 8001;3889;2
491;722;842;931;CN Tower 301, Toronto, Canada M5V 2T6;555 Mountain Street, Washington, DC 20001;4155;4
492;19;135;796;246 Spruce Road, Dallas, TX 75201;555 Mountain Street, Washington, DC 20001;4740;4
493;392;770;580;Forbidden City 4, Beijing, China 100006;Sydney Opera House, Sydney, Australia 2000;4405;4
494;847;407;994;456 Oak Avenue, Los Angeles, CA 90001;Table Mountain Rd, Cape Town, South Africa 8001;2256;4
495;741;474;461;Marina Bay Sands 10, Singapore 018956;246 Spruce Road, Dallas, TX 75201;1756;5
496;575;504;477;Forbidden City 4, Beijing, China 100006;Burj Khalifa 1, Dubai, UAE;4072;5
497;684;994;602;Gyeongbokgung Palace 161, Seoul, South Korea 03045;Piazza San Marco 1, Venice, Italy 30124;1282;3
498;53;539;578;Brandenburger Tor 1, Berlin, Germany 10117;333 River Road, Seattle, WA 98101;1176;2
499;898;635;439;Piazza San Marco 1, Venice, Italy 30124;Sydney Opera House, Sydney, Australia 2000;3124;4
500;641;829;100;654 Maple Drive, Phoenix, AZ 85001;Taj Mahal, Agra, India 282001;1769;5
501;7;437;452;456 Oak Avenue, Los Angeles, CA 90001;Piazza San Marco 1, Venice, Italy 30124;3015;5
502;16;947;244;159 Birch Street, San Antonio, TX 78201;666 Ocean Avenue, Miami, FL 33101;4789;2
503;573;574;870;222 Park Avenue, Boston, MA 02101;246 Spruce Road, Dallas, TX 75201;3890;5
504;400;696;551;222 Park Avenue, Boston, MA 02101;CN Tower 301, Toronto, Canada M5V 2T6;3030;3
505;852;564;334;Copacabana Beach 100, Rio de Janeiro, Brazil 22070-011;Sydney Opera House, Sydney, Australia 2000;3376;3
506;661;604;158;Burj Khalifa 1, Dubai, UAE;Red Square 1, Moscow, Russia 109012;3780;2
507;379;709;813;321 Elm Boulevard, Houston, TX 77001;Sagrada Família 401, Barcelona, Spain 08013;1009;3
508;88;114;829;123 Main Street, New York, NY 10001;Champs-Élysées 75, Paris, France 75008;3686;5
509;105;836;186;864 Palm Drive, San Jose, CA 95101;789 Pine Road, Chicago, IL 60601;2547;3
510;749;926;723;987 Cedar Lane, Philadelphia, PA 19101;Brandenburger Tor 1, Berlin, Germany 10117;3966;3
511;281;566;809;987 Cedar Lane, Philadelphia, PA 19101;654 Maple Drive, Phoenix, AZ 85001;4514;4
512;715;288;794;123 Main Street, New York, NY 10001;444 Lake View, Denver, CO 80201;1137;3
513;888;711;360;Sagrada Família 401, Barcelona, Spain 08013;789 Pine Road, Chicago, IL 60601;2533;5
514;908;965;189;CN Tower 301, Toronto, Canada M5V 2T6;753 Willow Avenue, San Diego, CA 92101;4915;3
515;993;264;468;Sydney Opera House, Sydney, Australia 2000;666 Ocean Avenue, Miami, FL 33101;2685;2
516;255;645;480;Table Mountain Rd, Cape Town, South Africa 8001;666 Ocean Avenue, Miami, FL 33101;1565;5
517;572;597;293;555 Mountain Street, Washington, DC 20001;Champs-Élysées 75, Paris, France 75008;4053;5
518;159;765;590;Taj Mahal, Agra, India 282001;Sydney Opera House, Sydney, Australia 2000;1953;5
519;92;872;939;Table Mountain Rd, Cape Town, South Africa 8001;753 Willow Avenue, San Diego, CA 92101;4989;3
520;986;563;40;Taj Mahal, Agra, India 282001;Marina Bay Sands 10, Singapore 018956;4588;4
521;328;532;290;Piazza San Marco 1, Venice, Italy 30124;333 River Road, Seattle, WA 98101;3067;5
522;881;91;154;Shibuya Crossing 2, Tokyo, Japan 150-0043;666 Ocean Avenue, Miami, FL 33101;3679;5
523;60;383;764;789 Pine Road, Chicago, IL 60601;Brandenburger Tor 1, Berlin, Germany 10117;2492;3
524;197;31;70;159 Birch Street, San Antonio, TX 78201;159 Birch Street, San Antonio, TX 78201;2439;2
525;951;252;321;753 Willow Avenue, San Diego, CA 92101;753 Willow Avenue, San Diego, CA 92101;3062;2
526;962;892;396;Burj Khalifa 1, Dubai, UAE;Marina Bay Sands 10, Singapore 018956;2315;3
527;56;347;249;Copacabana Beach 100, Rio de Janeiro, Brazil 22070-011;987 Cedar Lane, Philadelphia, PA 19101;3332;4
528;199;360;873;Taj Mahal, Agra, India 282001;864 Palm Drive, San Jose, CA 95101;2308;4
529;245;79;713;Sydney Opera House, Sydney, Australia 2000;Piazza San Marco 1, Venice, Italy 30124;3668;4
530;18;899;587;Copacabana Beach 100, Rio de Janeiro, Brazil 22070-011;246 Spruce Road, Dallas, TX 75201;4317;2
531;924;573;822;Burj Khalifa 1, Dubai, UAE;Piazza San Marco 1, Venice, Italy 30124;4054;5
532;647;85;273;246 Spruce Road, Dallas, TX 75201;222 Park Avenue, Boston, MA 02101;4497;4
533;438;799;47;Piazza San Marco 1, Venice, Italy 30124;Marina Bay Sands 10, Singapore 018956;3161;3
534;822;170;358;159 Birch Street, San Antonio, TX 78201;123 Main Street, New York, NY 10001;4241;5
535;527;939;438;246 Spruce Road, Dallas, TX 75201;987 Cedar Lane, Philadelphia, PA 19101;1410;5
536;766;153;571;246 Spruce Road, Dallas, TX 75201;Champs-Élysées 75, Paris, France 75008;4586;2
537;349;765;1000;555 Mountain Street, Washington, DC 20001;333 River Road, Seattle, WA 98101;4866;3
538;814;243;839;444 Lake View, Denver, CO 80201;Brandenburger Tor 1, Berlin, Germany 10117;4085;3
539;596;750;2;Sydney Opera House, Sydney, Australia 2000;654 Maple Drive, Phoenix, AZ 85001;1693;2
540;504;168;206;CN Tower 301, Toronto, Canada M5V 2T6;444 Lake View, Denver, CO 80201;3986;3
541;206;201;233;Sydney Opera House, Sydney, Australia 2000;Shibuya Crossing 2, Tokyo, Japan 150-0043;3125;4
542;327;376;357;864 Palm Drive, San Jose, CA 95101;753 Willow Avenue, San Diego, CA 92101;2235;3
543;738;84;754;321 Elm Boulevard, Houston, TX 77001;246 Spruce Road, Dallas, TX 75201;1099;2
544;501;581;225;789 Pine Road, Chicago, IL 60601;444 Lake View, Denver, CO 80201;1721;2
545;491;296;194;Brandenburger Tor 1, Berlin, Germany 10117;444 Lake View, Denver, CO 80201;2808;5
546;686;641;193;444 Lake View, Denver, CO 80201;Sagrada Família 401, Barcelona, Spain 08013;3642;4
547;844;699;987;Gyeongbokgung Palace 161, Seoul, South Korea 03045;333 River Road, Seattle, WA 98101;4072;3
548;472;532;981;222 Park Avenue, Boston, MA 02101;789 Pine Road, Chicago, IL 60601;3292;2
549;902;586;793;321 Elm Boulevard, Houston, TX 77001;666 Ocean Avenue, Miami, FL 33101;3663;5
550;479;72;727;987 Cedar Lane, Philadelphia, PA 19101;Brandenburger Tor 1, Berlin, Germany 10117;4566;2
551;81;440;430;864 Palm Drive, San Jose, CA 95101;246 Spruce Road, Dallas, TX 75201;2655;5
552;91;823;298;Copacabana Beach 100, Rio de Janeiro, Brazil 22070-011;864 Palm Drive, San Jose, CA 95101;1313;2
553;582;784;199;123 Main Street, New York, NY 10001;Shibuya Crossing 2, Tokyo, Japan 150-0043;3670;5
554;960;941;397;Copacabana Beach 100, Rio de Janeiro, Brazil 22070-011;Forbidden City 4, Beijing, China 100006;3278;2
555;752;523;821;Forbidden City 4, Beijing, China 100006;Forbidden City 4, Beijing, China 100006;4274;3
556;327;272;617;555 Mountain Street, Washington, DC 20001;Sagrada Família 401, Barcelona, Spain 08013;3280;2
557;463;973;295;666 Ocean Avenue, Miami, FL 33101;753 Willow Avenue, San Diego, CA 92101;3047;5
558;874;988;401;321 Elm Boulevard, Houston, TX 77001;246 Spruce Road, Dallas, TX 75201;2941;3
559;677;180;119;Marina Bay Sands 10, Singapore 018956;789 Pine Road, Chicago, IL 60601;3865;3
560;251;242;382;Copacabana Beach 100, Rio de Janeiro, Brazil 22070-011;864 Palm Drive, San Jose, CA 95101;3727;5
561;168;145;938;Shibuya Crossing 2, Tokyo, Japan 150-0043;Gyeongbokgung Palace 161, Seoul, South Korea 03045;2772;2
562;220;993;413;Marina Bay Sands 10, Singapore 018956;Piazza San Marco 1, Venice, Italy 30124;4051;4
563;444;990;773;CN Tower 301, Toronto, Canada M5V 2T6;789 Pine Road, Chicago, IL 60601;1565;5
564;881;215;269;Gyeongbokgung Palace 161, Seoul, South Korea 03045;Red Square 1, Moscow, Russia 109012;4263;2
565;410;38;497;Table Mountain Rd, Cape Town, South Africa 8001;CN Tower 301, Toronto, Canada M5V 2T6;2350;2
566;571;830;530;222 Park Avenue, Boston, MA 02101;Piazza San Marco 1, Venice, Italy 30124;1320;4
567;213;917;785;222 Park Avenue, Boston, MA 02101;Champs-Élysées 75, Paris, France 75008;2391;2
568;619;407;869;753 Willow Avenue, San Diego, CA 92101;444 Lake View, Denver, CO 80201;4123;4
569;907;323;455;Brandenburger Tor 1, Berlin, Germany 10117;Shibuya Crossing 2, Tokyo, Japan 150-0043;2388;3
570;122;78;728;864 Palm Drive, San Jose, CA 95101;Brandenburger Tor 1, Berlin, Germany 10117;3696;3
571;263;649;705;CN Tower 301, Toronto, Canada M5V 2T6;Taj Mahal, Agra, India 282001;1297;3
572;831;928;88;Sagrada Família 401, Barcelona, Spain 08013;Copacabana Beach 100, Rio de Janeiro, Brazil 22070-011;1505;2
573;923;949;696;753 Willow Avenue, San Diego, CA 92101;Burj Khalifa 1, Dubai, UAE;3927;3
574;267;956;608;456 Oak Avenue, Los Angeles, CA 90001;321 Elm Boulevard, Houston, TX 77001;3479;3
575;376;446;223;Brandenburger Tor 1, Berlin, Germany 10117;Sagrada Família 401, Barcelona, Spain 08013;1974;5
576;27;568;411;Copacabana Beach 100, Rio de Janeiro, Brazil 22070-011;Brandenburger Tor 1, Berlin, Germany 10117;4969;5
577;32;342;443;246 Spruce Road, Dallas, TX 75201;333 River Road, Seattle, WA 98101;3651;4
578;816;644;645;753 Willow Avenue, San Diego, CA 92101;Gyeongbokgung Palace 161, Seoul, South Korea 03045;4045;3
579;165;56;92;246 Spruce Road, Dallas, TX 75201;555 Mountain Street, Washington, DC 20001;2190;3
580;957;343;798;321 Elm Boulevard, Houston, TX 77001;Champs-Élysées 75, Paris, France 75008;2540;5
581;320;231;516;CN Tower 301, Toronto, Canada M5V 2T6;789 Pine Road, Chicago, IL 60601;1678;3
582;327;941;333;222 Park Avenue, Boston, MA 02101;246 Spruce Road, Dallas, TX 75201;1586;4
583;458;161;250;Gyeongbokgung Palace 161, Seoul, South Korea 03045;222 Park Avenue, Boston, MA 02101;1159;5
584;445;529;134;CN Tower 301, Toronto, Canada M5V 2T6;Taj Mahal, Agra, India 282001;4690;3
585;743;721;812;Burj Khalifa 1, Dubai, UAE;555 Mountain Street, Washington, DC 20001;4730;5
586;657;212;390;555 Mountain Street, Washington, DC 20001;Champs-Élysées 75, Paris, France 75008;3428;3
587;737;175;102;Red Square 1, Moscow, Russia 109012;Forbidden City 4, Beijing, China 100006;1121;2
588;214;755;825;CN Tower 301, Toronto, Canada M5V 2T6;Taj Mahal, Agra, India 282001;1476;5
589;93;351;719;666 Ocean Avenue, Miami, FL 33101;CN Tower 301, Toronto, Canada M5V 2T6;2268;2
590;634;698;164;666 Ocean Avenue, Miami, FL 33101;CN Tower 301, Toronto, Canada M5V 2T6;4694;3
591;100;891;453;Gyeongbokgung Palace 161, Seoul, South Korea 03045;456 Oak Avenue, Los Angeles, CA 90001;1001;5
592;610;306;426;Sydney Opera House, Sydney, Australia 2000;789 Pine Road, Chicago, IL 60601;2969;2
593;151;146;657;CN Tower 301, Toronto, Canada M5V 2T6;654 Maple Drive, Phoenix, AZ 85001;4690;5
594;407;436;124;Taj Mahal, Agra, India 282001;555 Mountain Street, Washington, DC 20001;1781;2
595;889;22;409;654 Maple Drive, Phoenix, AZ 85001;Sydney Opera House, Sydney, Australia 2000;4495;3
596;65;340;944;456 Oak Avenue, Los Angeles, CA 90001;789 Pine Road, Chicago, IL 60601;3383;5
597;727;632;36;Red Square 1, Moscow, Russia 109012;666 Ocean Avenue, Miami, FL 33101;1801;4
598;716;163;955;Table Mountain Rd, Cape Town, South Africa 8001;Forbidden City 4, Beijing, China 100006;2628;5
599;811;70;419;864 Palm Drive, San Jose, CA 95101;222 Park Avenue, Boston, MA 02101;4411;2
600;537;618;744;246 Spruce Road, Dallas, TX 75201;Sagrada Família 401, Barcelona, Spain 08013;3242;5
601;798;860;424;CN Tower 301, Toronto, Canada M5V 2T6;Table Mountain Rd, Cape Town, South Africa 8001;4199;2
602;431;798;999;Table Mountain Rd, Cape Town, South Africa 8001;987 Cedar Lane, Philadelphia, PA 19101;4523;5
603;590;734;375;Sydney Opera House, Sydney, Australia 2000;123 Main Street, New York, NY 10001;1720;2
604;924;841;628;Shibuya Crossing 2, Tokyo, Japan 150-0043;Gyeongbokgung Palace 161, Seoul, South Korea 03045;4803;5
605;389;255;465;654 Maple Drive, Phoenix, AZ 85001;864 Palm Drive, San Jose, CA 95101;1366;3
606;207;138;739;Copacabana Beach 100, Rio de Janeiro, Brazil 22070-011;666 Ocean Avenue, Miami, FL 33101;1915;2
607;512;381;927;333 River Road, Seattle, WA 98101;987 Cedar Lane, Philadelphia, PA 19101;3736;3
608;42;58;440;555 Mountain Street, Washington, DC 20001;Taj Mahal, Agra, India 282001;1543;4
609;806;956;262;987 Cedar Lane, Philadelphia, PA 19101;159 Birch Street, San Antonio, TX 78201;4509;5
610;430;537;588;Marina Bay Sands 10, Singapore 018956;CN Tower 301, Toronto, Canada M5V 2T6;1522;3
611;751;131;541;555 Mountain Street, Washington, DC 20001;Red Square 1, Moscow, Russia 109012;1370;5
612;734;176;656;666 Ocean Avenue, Miami, FL 33101;Shibuya Crossing 2, Tokyo, Japan 150-0043;4512;2
613;359;804;974;987 Cedar Lane, Philadelphia, PA 19101;987 Cedar Lane, Philadelphia, PA 19101;1360;2
614;248;331;507;123 Main Street, New York, NY 10001;666 Ocean Avenue, Miami, FL 33101;2226;3
615;755;813;346;Shibuya Crossing 2, Tokyo, Japan 150-0043;Shibuya Crossing 2, Tokyo, Japan 150-0043;3183;2
616;475;683;338;Sydney Opera House, Sydney, Australia 2000;654 Maple Drive, Phoenix, AZ 85001;2506;2
617;582;922;161;Sagrada Família 401, Barcelona, Spain 08013;555 Mountain Street, Washington, DC 20001;1263;2
618;205;776;653;Sydney Opera House, Sydney, Australia 2000;444 Lake View, Denver, CO 80201;4467;3
619;892;778;87;444 Lake View, Denver, CO 80201;654 Maple Drive, Phoenix, AZ 85001;1051;3
620;621;975;39;Brandenburger Tor 1, Berlin, Germany 10117;Gyeongbokgung Palace 161, Seoul, South Korea 03045;1835;3
621;548;326;576;159 Birch Street, San Antonio, TX 78201;Piazza San Marco 1, Venice, Italy 30124;2874;5
622;922;244;720;753 Willow Avenue, San Diego, CA 92101;444 Lake View, Denver, CO 80201;4980;4
623;744;278;597;Champs-Élysées 75, Paris, France 75008;666 Ocean Avenue, Miami, FL 33101;2685;5
624;252;279;747;555 Mountain Street, Washington, DC 20001;753 Willow Avenue, San Diego, CA 92101;4391;4
625;619;722;370;222 Park Avenue, Boston, MA 02101;Table Mountain Rd, Cape Town, South Africa 8001;4664;2
626;924;129;563;Shibuya Crossing 2, Tokyo, Japan 150-0043;444 Lake View, Denver, CO 80201;4488;4
627;999;411;353;321 Elm Boulevard, Houston, TX 77001;222 Park Avenue, Boston, MA 02101;4159;3
628;645;127;415;864 Palm Drive, San Jose, CA 95101;753 Willow Avenue, San Diego, CA 92101;1793;3
629;144;668;17;Brandenburger Tor 1, Berlin, Germany 10117;654 Maple Drive, Phoenix, AZ 85001;4517;5
630;794;103;661;Copacabana Beach 100, Rio de Janeiro, Brazil 22070-011;987 Cedar Lane, Philadelphia, PA 19101;3408;2
631;147;444;537;987 Cedar Lane, Philadelphia, PA 19101;Shibuya Crossing 2, Tokyo, Japan 150-0043;3151;3
632;412;77;54;Sydney Opera House, Sydney, Australia 2000;666 Ocean Avenue, Miami, FL 33101;1724;4
633;20;915;325;Forbidden City 4, Beijing, China 100006;Champs-Élysées 75, Paris, France 75008;3286;3
634;336;392;287;987 Cedar Lane, Philadelphia, PA 19101;321 Elm Boulevard, Houston, TX 77001;4345;2
635;520;558;631;753 Willow Avenue, San Diego, CA 92101;Table Mountain Rd, Cape Town, South Africa 8001;3314;4
636;706;283;630;987 Cedar Lane, Philadelphia, PA 19101;Champs-Élysées 75, Paris, France 75008;2875;2
637;596;794;493;Red Square 1, Moscow, Russia 109012;Gyeongbokgung Palace 161, Seoul, South Korea 03045;3411;4
638;297;684;929;Shibuya Crossing 2, Tokyo, Japan 150-0043;Burj Khalifa 1, Dubai, UAE;3781;2
639;264;355;354;159 Birch Street, San Antonio, TX 78201;Champs-Élysées 75, Paris, France 75008;4813;5
640;947;591;878;Brandenburger Tor 1, Berlin, Germany 10117;159 Birch Street, San Antonio, TX 78201;1145;2
641;433;871;629;Sydney Opera House, Sydney, Australia 2000;753 Willow Avenue, San Diego, CA 92101;4267;2
642;358;231;787;666 Ocean Avenue, Miami, FL 33101;864 Palm Drive, San Jose, CA 95101;3611;4
643;284;551;680;789 Pine Road, Chicago, IL 60601;Sydney Opera House, Sydney, Australia 2000;1351;3
644;569;619;163;Piazza San Marco 1, Venice, Italy 30124;Sydney Opera House, Sydney, Australia 2000;1791;2
645;160;392;879;555 Mountain Street, Washington, DC 20001;CN Tower 301, Toronto, Canada M5V 2T6;4996;4
646;825;429;826;Gyeongbokgung Palace 161, Seoul, South Korea 03045;Table Mountain Rd, Cape Town, South Africa 8001;1542;3
647;93;665;579;Red Square 1, Moscow, Russia 109012;Brandenburger Tor 1, Berlin, Germany 10117;3024;3
648;513;821;495;Table Mountain Rd, Cape Town, South Africa 8001;654 Maple Drive, Phoenix, AZ 85001;2691;3
649;879;247;292;753 Willow Avenue, San Diego, CA 92101;CN Tower 301, Toronto, Canada M5V 2T6;3324;4
650;969;964;451;789 Pine Road, Chicago, IL 60601;159 Birch Street, San Antonio, TX 78201;4158;4
651;929;806;487;Gyeongbokgung Palace 161, Seoul, South Korea 03045;246 Spruce Road, Dallas, TX 75201;2471;2
652;375;319;524;Champs-Élysées 75, Paris, France 75008;Marina Bay Sands 10, Singapore 018956;1442;5
653;140;651;172;654 Maple Drive, Phoenix, AZ 85001;Gyeongbokgung Palace 161, Seoul, South Korea 03045;2899;3
654;86;805;734;444 Lake View, Denver, CO 80201;444 Lake View, Denver, CO 80201;1924;3
655;473;36;342;123 Main Street, New York, NY 10001;666 Ocean Avenue, Miami, FL 33101;2912;3
656;453;767;433;Piazza San Marco 1, Venice, Italy 30124;246 Spruce Road, Dallas, TX 75201;4794;3
657;63;785;150;222 Park Avenue, Boston, MA 02101;Piazza San Marco 1, Venice, Italy 30124;4344;3
658;755;553;740;Shibuya Crossing 2, Tokyo, Japan 150-0043;753 Willow Avenue, San Diego, CA 92101;4973;5
659;878;656;366;864 Palm Drive, San Jose, CA 95101;Taj Mahal, Agra, India 282001;1422;4
660;428;872;898;864 Palm Drive, San Jose, CA 95101;987 Cedar Lane, Philadelphia, PA 19101;2310;3
661;93;997;376;Champs-Élysées 75, Paris, France 75008;Sydney Opera House, Sydney, Australia 2000;4676;2
662;973;187;395;Brandenburger Tor 1, Berlin, Germany 10117;444 Lake View, Denver, CO 80201;1116;2
663;715;673;948;246 Spruce Road, Dallas, TX 75201;444 Lake View, Denver, CO 80201;4964;5
664;916;390;456;Gyeongbokgung Palace 161, Seoul, South Korea 03045;222 Park Avenue, Boston, MA 02101;3575;4
665;819;946;611;Sydney Opera House, Sydney, Australia 2000;Red Square 1, Moscow, Russia 109012;2588;3
666;207;355;554;159 Birch Street, San Antonio, TX 78201;555 Mountain Street, Washington, DC 20001;2250;3
667;494;863;774;Marina Bay Sands 10, Singapore 018956;Piazza San Marco 1, Venice, Italy 30124;1061;5
668;668;957;690;321 Elm Boulevard, Houston, TX 77001;Piazza San Marco 1, Venice, Italy 30124;2688;3
669;972;595;7;555 Mountain Street, Washington, DC 20001;Sydney Opera House, Sydney, Australia 2000;2380;2
670;527;398;977;753 Willow Avenue, San Diego, CA 92101;Table Mountain Rd, Cape Town, South Africa 8001;2301;5
671;577;231;104;Marina Bay Sands 10, Singapore 018956;Forbidden City 4, Beijing, China 100006;1302;3
672;348;85;324;CN Tower 301, Toronto, Canada M5V 2T6;321 Elm Boulevard, Houston, TX 77001;4044;4
673;850;911;188;Copacabana Beach 100, Rio de Janeiro, Brazil 22070-011;654 Maple Drive, Phoenix, AZ 85001;2334;5
674;671;690;363;123 Main Street, New York, NY 10001;753 Willow Avenue, San Diego, CA 92101;2935;3
675;851;127;692;333 River Road, Seattle, WA 98101;Marina Bay Sands 10, Singapore 018956;4605;3
676;492;649;383;333 River Road, Seattle, WA 98101;123 Main Street, New York, NY 10001;4844;2
677;151;981;436;456 Oak Avenue, Los Angeles, CA 90001;Shibuya Crossing 2, Tokyo, Japan 150-0043;3684;3
678;745;301;935;Red Square 1, Moscow, Russia 109012;555 Mountain Street, Washington, DC 20001;2552;3
679;40;918;220;Marina Bay Sands 10, Singapore 018956;555 Mountain Street, Washington, DC 20001;1788;5
680;301;486;582;Red Square 1, Moscow, Russia 109012;159 Birch Street, San Antonio, TX 78201;3399;3
681;819;26;586;Gyeongbokgung Palace 161, Seoul, South Korea 03045;444 Lake View, Denver, CO 80201;4534;2
682;314;435;572;123 Main Street, New York, NY 10001;Red Square 1, Moscow, Russia 109012;2335;5
683;922;808;544;Forbidden City 4, Beijing, China 100006;Red Square 1, Moscow, Russia 109012;4912;2
684;961;367;80;654 Maple Drive, Phoenix, AZ 85001;753 Willow Avenue, San Diego, CA 92101;4081;3
685;213;540;828;321 Elm Boulevard, Houston, TX 77001;Brandenburger Tor 1, Berlin, Germany 10117;4313;2
686;88;264;316;Forbidden City 4, Beijing, China 100006;444 Lake View, Denver, CO 80201;4070;4
687;372;375;677;555 Mountain Street, Washington, DC 20001;159 Birch Street, San Antonio, TX 78201;1150;5
688;555;724;827;Red Square 1, Moscow, Russia 109012;Taj Mahal, Agra, India 282001;3742;3
689;428;178;179;456 Oak Avenue, Los Angeles, CA 90001;654 Maple Drive, Phoenix, AZ 85001;4095;4
690;213;985;232;456 Oak Avenue, Los Angeles, CA 90001;246 Spruce Road, Dallas, TX 75201;2640;2
691;637;125;129;456 Oak Avenue, Los Angeles, CA 90001;333 River Road, Seattle, WA 98101;4778;5
692;74;879;859;654 Maple Drive, Phoenix, AZ 85001;222 Park Avenue, Boston, MA 02101;1413;2
693;610;611;843;CN Tower 301, Toronto, Canada M5V 2T6;666 Ocean Avenue, Miami, FL 33101;3734;3
694;780;126;850;444 Lake View, Denver, CO 80201;222 Park Avenue, Boston, MA 02101;2512;2
695;389;101;381;Forbidden City 4, Beijing, China 100006;123 Main Street, New York, NY 10001;2951;5
696;99;853;526;753 Willow Avenue, San Diego, CA 92101;753 Willow Avenue, San Diego, CA 92101;4043;2
697;367;353;337;Copacabana Beach 100, Rio de Janeiro, Brazil 22070-011;753 Willow Avenue, San Diego, CA 92101;3216;5
698;861;20;882;654 Maple Drive, Phoenix, AZ 85001;Brandenburger Tor 1, Berlin, Germany 10117;4159;3
699;653;434;148;Brandenburger Tor 1, Berlin, Germany 10117;555 Mountain Street, Washington, DC 20001;3311;3
700;974;738;107;246 Spruce Road, Dallas, TX 75201;Taj Mahal, Agra, India 282001;3145;3
701;445;862;110;123 Main Street, New York, NY 10001;Gyeongbokgung Palace 161, Seoul, South Korea 03045;4946;4
702;325;11;485;Gyeongbokgung Palace 161, Seoul, South Korea 03045;Sagrada Família 401, Barcelona, Spain 08013;1072;2
703;47;942;386;Brandenburger Tor 1, Berlin, Germany 10117;159 Birch Street, San Antonio, TX 78201;1397;2
704;358;909;275;456 Oak Avenue, Los Angeles, CA 90001;456 Oak Avenue, Los Angeles, CA 90001;2091;4
705;878;971;864;789 Pine Road, Chicago, IL 60601;753 Willow Avenue, San Diego, CA 92101;3385;2
706;923;440;177;123 Main Street, New York, NY 10001;Sydney Opera House, Sydney, Australia 2000;4986;5
707;500;489;958;Piazza San Marco 1, Venice, Italy 30124;246 Spruce Road, Dallas, TX 75201;4912;5
708;609;353;510;Forbidden City 4, Beijing, China 100006;Champs-Élysées 75, Paris, France 75008;1571;4
709;529;946;903;Sagrada Família 401, Barcelona, Spain 08013;864 Palm Drive, San Jose, CA 95101;3995;2
710;833;959;643;159 Birch Street, San Antonio, TX 78201;Brandenburger Tor 1, Berlin, Germany 10117;4882;2
711;796;694;313;Marina Bay Sands 10, Singapore 018956;Shibuya Crossing 2, Tokyo, Japan 150-0043;4922;5
712;988;921;621;Champs-Élysées 75, Paris, France 75008;Shibuya Crossing 2, Tokyo, Japan 150-0043;1520;2
713;716;371;406;222 Park Avenue, Boston, MA 02101;456 Oak Avenue, Los Angeles, CA 90001;1116;5
714;264;541;724;456 Oak Avenue, Los Angeles, CA 90001;864 Palm Drive, San Jose, CA 95101;2203;4
715;680;853;423;Copacabana Beach 100, Rio de Janeiro, Brazil 22070-011;864 Palm Drive, San Jose, CA 95101;4883;4
716;862;367;12;753 Willow Avenue, San Diego, CA 92101;123 Main Street, New York, NY 10001;3419;3
717;700;273;476;Forbidden City 4, Beijing, China 100006;Sydney Opera House, Sydney, Australia 2000;1597;4
718;172;256;43;Brandenburger Tor 1, Berlin, Germany 10117;Piazza San Marco 1, Venice, Italy 30124;4603;3
719;379;631;442;789 Pine Road, Chicago, IL 60601;864 Palm Drive, San Jose, CA 95101;2349;4
720;93;360;421;654 Maple Drive, Phoenix, AZ 85001;Forbidden City 4, Beijing, China 100006;4870;2
721;674;597;909;Red Square 1, Moscow, Russia 109012;987 Cedar Lane, Philadelphia, PA 19101;2000;2
722;176;922;575;Taj Mahal, Agra, India 282001;Table Mountain Rd, Cape Town, South Africa 8001;2721;5
723;927;47;486;Shibuya Crossing 2, Tokyo, Japan 150-0043;321 Elm Boulevard, Houston, TX 77001;2788;5
724;700;213;789;666 Ocean Avenue, Miami, FL 33101;444 Lake View, Denver, CO 80201;4767;3
725;133;627;326;123 Main Street, New York, NY 10001;789 Pine Road, Chicago, IL 60601;4863;4
726;233;91;913;Forbidden City 4, Beijing, China 100006;Champs-Élysées 75, Paris, France 75008;2557;3
727;71;763;634;Piazza San Marco 1, Venice, Italy 30124;Brandenburger Tor 1, Berlin, Germany 10117;4065;5
728;519;108;284;Brandenburger Tor 1, Berlin, Germany 10117;864 Palm Drive, San Jose, CA 95101;4837;2
729;183;745;120;159 Birch Street, San Antonio, TX 78201;Piazza San Marco 1, Venice, Italy 30124;2143;4
730;660;827;930;Champs-Élysées 75, Paris, France 75008;Forbidden City 4, Beijing, China 100006;1693;5
731;722;836;364;753 Willow Avenue, San Diego, CA 92101;333 River Road, Seattle, WA 98101;3951;4
732;508;438;257;Sagrada Família 401, Barcelona, Spain 08013;456 Oak Avenue, Los Angeles, CA 90001;1972;5
733;838;523;479;753 Willow Avenue, San Diego, CA 92101;123 Main Street, New York, NY 10001;3246;3
734;263;319;83;666 Ocean Avenue, Miami, FL 33101;321 Elm Boulevard, Houston, TX 77001;2125;5
735;364;480;896;Gyeongbokgung Palace 161, Seoul, South Korea 03045;Sagrada Família 401, Barcelona, Spain 08013;2135;3
736;779;233;195;Champs-Élysées 75, Paris, France 75008;Copacabana Beach 100, Rio de Janeiro, Brazil 22070-011;4309;3
737;86;475;398;666 Ocean Avenue, Miami, FL 33101;654 Maple Drive, Phoenix, AZ 85001;1544;3
738;345;799;331;456 Oak Avenue, Los Angeles, CA 90001;Taj Mahal, Agra, India 282001;4922;5
739;382;72;227;Marina Bay Sands 10, Singapore 018956;321 Elm Boulevard, Houston, TX 77001;1632;4
740;869;805;222;555 Mountain Street, Washington, DC 20001;159 Birch Street, San Antonio, TX 78201;1258;3
741;766;406;174;Gyeongbokgung Palace 161, Seoul, South Korea 03045;Gyeongbokgung Palace 161, Seoul, South Korea 03045;1396;3
742;292;925;806;555 Mountain Street, Washington, DC 20001;654 Maple Drive, Phoenix, AZ 85001;1617;2
743;43;247;983;456 Oak Avenue, Los Angeles, CA 90001;Gyeongbokgung Palace 161, Seoul, South Korea 03045;1926;4
744;551;626;718;Forbidden City 4, Beijing, China 100006;Table Mountain Rd, Cape Town, South Africa 8001;4365;3
745;777;262;820;246 Spruce Road, Dallas, TX 75201;Brandenburger Tor 1, Berlin, Germany 10117;1705;3
746;858;449;305;444 Lake View, Denver, CO 80201;333 River Road, Seattle, WA 98101;4995;2
747;833;927;296;555 Mountain Street, Washington, DC 20001;333 River Road, Seattle, WA 98101;4970;4
748;9;286;599;159 Birch Street, San Antonio, TX 78201;Sydney Opera House, Sydney, Australia 2000;2338;3
749;981;587;549;456 Oak Avenue, Los Angeles, CA 90001;Shibuya Crossing 2, Tokyo, Japan 150-0043;4086;5
750;927;933;743;123 Main Street, New York, NY 10001;333 River Road, Seattle, WA 98101;2764;4
751;9;477;600;Marina Bay Sands 10, Singapore 018956;789 Pine Road, Chicago, IL 60601;1865;4
752;144;897;669;Sydney Opera House, Sydney, Australia 2000;159 Birch Street, San Antonio, TX 78201;3906;4
753;328;291;502;246 Spruce Road, Dallas, TX 75201;753 Willow Avenue, San Diego, CA 92101;3915;3
754;395;493;490;Forbidden City 4, Beijing, China 100006;987 Cedar Lane, Philadelphia, PA 19101;1003;5
755;344;308;356;654 Maple Drive, Phoenix, AZ 85001;Gyeongbokgung Palace 161, Seoul, South Korea 03045;3901;2
756;90;964;216;Shibuya Crossing 2, Tokyo, Japan 150-0043;654 Maple Drive, Phoenix, AZ 85001;3647;3
757;75;745;512;789 Pine Road, Chicago, IL 60601;333 River Road, Seattle, WA 98101;4704;3
758;52;657;136;222 Park Avenue, Boston, MA 02101;444 Lake View, Denver, CO 80201;1957;2
759;464;273;297;CN Tower 301, Toronto, Canada M5V 2T6;Taj Mahal, Agra, India 282001;4949;2
760;526;281;369;456 Oak Avenue, Los Angeles, CA 90001;333 River Road, Seattle, WA 98101;1266;5
761;893;262;863;Shibuya Crossing 2, Tokyo, Japan 150-0043;123 Main Street, New York, NY 10001;4385;4
762;859;228;504;Red Square 1, Moscow, Russia 109012;Taj Mahal, Agra, India 282001;2541;3
763;871;73;635;Gyeongbokgung Palace 161, Seoul, South Korea 03045;789 Pine Road, Chicago, IL 60601;3954;2
764;11;873;749;Piazza San Marco 1, Venice, Italy 30124;Burj Khalifa 1, Dubai, UAE;4572;3
765;351;335;937;246 Spruce Road, Dallas, TX 75201;246 Spruce Road, Dallas, TX 75201;1595;4
766;905;251;68;Sagrada Família 401, Barcelona, Spain 08013;Copacabana Beach 100, Rio de Janeiro, Brazil 22070-011;1950;2
767;231;743;542;Piazza San Marco 1, Venice, Italy 30124;Taj Mahal, Agra, India 282001;3839;4
768;71;5;202;654 Maple Drive, Phoenix, AZ 85001;222 Park Avenue, Boston, MA 02101;2468;5
769;715;888;892;Table Mountain Rd, Cape Town, South Africa 8001;Burj Khalifa 1, Dubai, UAE;2701;3
770;483;413;531;654 Maple Drive, Phoenix, AZ 85001;Sagrada Família 401, Barcelona, Spain 08013;3558;5
771;546;855;192;246 Spruce Road, Dallas, TX 75201;123 Main Street, New York, NY 10001;4513;5
772;541;44;946;864 Palm Drive, San Jose, CA 95101;444 Lake View, Denver, CO 80201;1568;3
773;568;183;831;Marina Bay Sands 10, Singapore 018956;Brandenburger Tor 1, Berlin, Germany 10117;1762;5
774;306;863;625;456 Oak Avenue, Los Angeles, CA 90001;555 Mountain Street, Washington, DC 20001;1687;2
775;911;834;166;666 Ocean Avenue, Miami, FL 33101;222 Park Avenue, Boston, MA 02101;1385;2
776;140;929;362;666 Ocean Avenue, Miami, FL 33101;987 Cedar Lane, Philadelphia, PA 19101;1816;3
777;740;828;545;Taj Mahal, Agra, India 282001;123 Main Street, New York, NY 10001;4739;3
778;865;447;921;Red Square 1, Moscow, Russia 109012;Sagrada Família 401, Barcelona, Spain 08013;3805;3
779;637;269;380;Burj Khalifa 1, Dubai, UAE;987 Cedar Lane, Philadelphia, PA 19101;2126;4
780;265;281;332;Sagrada Família 401, Barcelona, Spain 08013;Shibuya Crossing 2, Tokyo, Japan 150-0043;2728;5
781;125;704;51;666 Ocean Avenue, Miami, FL 33101;Sydney Opera House, Sydney, Australia 2000;1744;3
782;756;144;776;654 Maple Drive, Phoenix, AZ 85001;Burj Khalifa 1, Dubai, UAE;3674;5
783;354;747;742;Sagrada Família 401, Barcelona, Spain 08013;333 River Road, Seattle, WA 98101;3585;4
784;971;714;763;321 Elm Boulevard, Houston, TX 77001;Taj Mahal, Agra, India 282001;3953;4
785;696;398;314;789 Pine Road, Chicago, IL 60601;159 Birch Street, San Antonio, TX 78201;2016;3
786;459;68;212;159 Birch Street, San Antonio, TX 78201;Piazza San Marco 1, Venice, Italy 30124;4782;5
787;592;975;691;222 Park Avenue, Boston, MA 02101;666 Ocean Avenue, Miami, FL 33101;2564;5
788;112;616;953;Burj Khalifa 1, Dubai, UAE;864 Palm Drive, San Jose, CA 95101;1329;3
789;546;636;182;Burj Khalifa 1, Dubai, UAE;555 Mountain Street, Washington, DC 20001;4774;5
790;981;687;833;Burj Khalifa 1, Dubai, UAE;753 Willow Avenue, San Diego, CA 92101;1502;4
791;872;227;557;333 River Road, Seattle, WA 98101;555 Mountain Street, Washington, DC 20001;3717;3
792;21;430;867;123 Main Street, New York, NY 10001;Brandenburger Tor 1, Berlin, Germany 10117;4992;3
793;596;856;173;654 Maple Drive, Phoenix, AZ 85001;Red Square 1, Moscow, Russia 109012;4492;2
794;510;237;112;555 Mountain Street, Washington, DC 20001;Shibuya Crossing 2, Tokyo, Japan 150-0043;1236;3
795;559;546;388;Burj Khalifa 1, Dubai, UAE;Red Square 1, Moscow, Russia 109012;2134;2
796;749;204;246;246 Spruce Road, Dallas, TX 75201;Sydney Opera House, Sydney, Australia 2000;1766;3
797;443;29;818;Sagrada Família 401, Barcelona, Spain 08013;Copacabana Beach 100, Rio de Janeiro, Brazil 22070-011;1465;5
798;702;970;57;555 Mountain Street, Washington, DC 20001;159 Birch Street, San Antonio, TX 78201;2747;2
799;514;325;506;987 Cedar Lane, Philadelphia, PA 19101;Sagrada Família 401, Barcelona, Spain 08013;4241;3
800;46;488;986;Piazza San Marco 1, Venice, Italy 30124;Marina Bay Sands 10, Singapore 018956;1589;5
801;213;58;234;Piazza San Marco 1, Venice, Italy 30124;123 Main Street, New York, NY 10001;1028;4
802;146;984;535;246 Spruce Road, Dallas, TX 75201;Taj Mahal, Agra, India 282001;2584;4
803;348;409;518;555 Mountain Street, Washington, DC 20001;Shibuya Crossing 2, Tokyo, Japan 150-0043;2358;4
804;341;299;75;666 Ocean Avenue, Miami, FL 33101;Burj Khalifa 1, Dubai, UAE;3006;2
805;855;420;569;Table Mountain Rd, Cape Town, South Africa 8001;Champs-Élysées 75, Paris, France 75008;1106;2
806;864;49;751;Forbidden City 4, Beijing, China 100006;Burj Khalifa 1, Dubai, UAE;1675;4
807;889;87;546;CN Tower 301, Toronto, Canada M5V 2T6;753 Willow Avenue, San Diego, CA 92101;2892;5
808;918;90;352;Brandenburger Tor 1, Berlin, Germany 10117;Taj Mahal, Agra, India 282001;1200;2
809;65;241;434;Piazza San Marco 1, Venice, Italy 30124;555 Mountain Street, Washington, DC 20001;4324;3
810;584;58;872;Marina Bay Sands 10, Singapore 018956;159 Birch Street, San Antonio, TX 78201;2367;5
811;834;394;835;753 Willow Avenue, San Diego, CA 92101;Brandenburger Tor 1, Berlin, Germany 10117;2889;2
812;215;224;926;666 Ocean Avenue, Miami, FL 33101;Red Square 1, Moscow, Russia 109012;3955;2
813;95;744;14;Piazza San Marco 1, Venice, Italy 30124;Table Mountain Rd, Cape Town, South Africa 8001;2437;2
814;632;479;627;456 Oak Avenue, Los Angeles, CA 90001;Sagrada Família 401, Barcelona, Spain 08013;4123;3
815;580;285;473;789 Pine Road, Chicago, IL 60601;222 Park Avenue, Boston, MA 02101;4704;5
816;691;448;271;555 Mountain Street, Washington, DC 20001;246 Spruce Road, Dallas, TX 75201;1993;4
817;215;755;689;666 Ocean Avenue, Miami, FL 33101;Champs-Élysées 75, Paris, France 75008;2780;3
818;7;61;63;CN Tower 301, Toronto, Canada M5V 2T6;321 Elm Boulevard, Houston, TX 77001;3011;4
819;477;829;185;666 Ocean Avenue, Miami, FL 33101;Gyeongbokgung Palace 161, Seoul, South Korea 03045;4989;3
820;683;255;94;987 Cedar Lane, Philadelphia, PA 19101;Shibuya Crossing 2, Tokyo, Japan 150-0043;3592;4
821;570;254;377;123 Main Street, New York, NY 10001;246 Spruce Road, Dallas, TX 75201;3529;2
822;852;12;71;Brandenburger Tor 1, Berlin, Germany 10117;333 River Road, Seattle, WA 98101;4628;4
823;633;35;684;666 Ocean Avenue, Miami, FL 33101;333 River Road, Seattle, WA 98101;4240;3
824;146;135;229;456 Oak Avenue, Los Angeles, CA 90001;333 River Road, Seattle, WA 98101;3578;4
825;704;698;768;Burj Khalifa 1, Dubai, UAE;Sagrada Família 401, Barcelona, Spain 08013;2462;5
826;976;524;799;Burj Khalifa 1, Dubai, UAE;753 Willow Avenue, San Diego, CA 92101;2676;2
827;794;380;251;Forbidden City 4, Beijing, China 100006;789 Pine Road, Chicago, IL 60601;4674;3
828;789;12;221;159 Birch Street, San Antonio, TX 78201;Champs-Élysées 75, Paris, France 75008;1674;2
829;806;151;310;Burj Khalifa 1, Dubai, UAE;CN Tower 301, Toronto, Canada M5V 2T6;3369;3
830;420;168;470;Piazza San Marco 1, Venice, Italy 30124;456 Oak Avenue, Los Angeles, CA 90001;3814;4
831;717;701;762;Red Square 1, Moscow, Russia 109012;159 Birch Street, San Antonio, TX 78201;1432;5
832;146;381;916;Copacabana Beach 100, Rio de Janeiro, Brazil 22070-011;864 Palm Drive, San Jose, CA 95101;3891;4
833;119;637;849;Burj Khalifa 1, Dubai, UAE;159 Birch Street, San Antonio, TX 78201;3180;2
834;5;23;416;Table Mountain Rd, Cape Town, South Africa 8001;789 Pine Road, Chicago, IL 60601;2124;2
835;98;741;203;987 Cedar Lane, Philadelphia, PA 19101;Shibuya Crossing 2, Tokyo, Japan 150-0043;1567;3
836;672;623;979;456 Oak Avenue, Los Angeles, CA 90001;CN Tower 301, Toronto, Canada M5V 2T6;1206;4
837;456;906;231;246 Spruce Road, Dallas, TX 75201;321 Elm Boulevard, Houston, TX 77001;1301;3
838;818;805;278;321 Elm Boulevard, Houston, TX 77001;Burj Khalifa 1, Dubai, UAE;3525;5
839;283;265;200;555 Mountain Street, Washington, DC 20001;333 River Road, Seattle, WA 98101;1904;3
840;754;326;952;Piazza San Marco 1, Venice, Italy 30124;555 Mountain Street, Washington, DC 20001;3177;5
841;383;270;457;Piazza San Marco 1, Venice, Italy 30124;321 Elm Boulevard, Houston, TX 77001;4430;5
842;609;360;137;159 Birch Street, San Antonio, TX 78201;CN Tower 301, Toronto, Canada M5V 2T6;1005;5
843;702;727;956;444 Lake View, Denver, CO 80201;Gyeongbokgung Palace 161, Seoul, South Korea 03045;1903;4
844;45;3;636;Table Mountain Rd, Cape Town, South Africa 8001;Sagrada Família 401, Barcelona, Spain 08013;1818;3
845;333;72;385;222 Park Avenue, Boston, MA 02101;333 River Road, Seattle, WA 98101;1551;2
846;534;12;606;123 Main Street, New York, NY 10001;246 Spruce Road, Dallas, TX 75201;1831;4
847;201;36;303;Forbidden City 4, Beijing, China 100006;Marina Bay Sands 10, Singapore 018956;2811;3
848;128;897;69;246 Spruce Road, Dallas, TX 75201;Shibuya Crossing 2, Tokyo, Japan 150-0043;1940;3
849;331;786;365;987 Cedar Lane, Philadelphia, PA 19101;Brandenburger Tor 1, Berlin, Germany 10117;1583;3
850;499;564;58;Marina Bay Sands 10, Singapore 018956;654 Maple Drive, Phoenix, AZ 85001;4295;5
851;915;439;800;444 Lake View, Denver, CO 80201;321 Elm Boulevard, Houston, TX 77001;2626;4
852;361;325;703;Sagrada Família 401, Barcelona, Spain 08013;666 Ocean Avenue, Miami, FL 33101;4091;4
853;394;347;138;Table Mountain Rd, Cape Town, South Africa 8001;CN Tower 301, Toronto, Canada M5V 2T6;3191;2
854;256;479;10;CN Tower 301, Toronto, Canada M5V 2T6;456 Oak Avenue, Los Angeles, CA 90001;3158;4
855;25;542;33;Sagrada Família 401, Barcelona, Spain 08013;864 Palm Drive, San Jose, CA 95101;1563;5
856;781;506;755;Copacabana Beach 100, Rio de Janeiro, Brazil 22070-011;159 Birch Street, San Antonio, TX 78201;4948;2
857;963;891;404;Marina Bay Sands 10, Singapore 018956;123 Main Street, New York, NY 10001;2663;3
858;162;992;737;666 Ocean Avenue, Miami, FL 33101;555 Mountain Street, Washington, DC 20001;3671;4
859;298;937;267;666 Ocean Avenue, Miami, FL 33101;Forbidden City 4, Beijing, China 100006;1856;2
860;559;462;911;Sydney Opera House, Sydney, Australia 2000;Gyeongbokgung Palace 161, Seoul, South Korea 03045;2343;4
861;252;721;211;321 Elm Boulevard, Houston, TX 77001;Table Mountain Rd, Cape Town, South Africa 8001;1699;4
862;160;142;351;Sydney Opera House, Sydney, Australia 2000;Taj Mahal, Agra, India 282001;3953;3
863;155;553;76;Sydney Opera House, Sydney, Australia 2000;CN Tower 301, Toronto, Canada M5V 2T6;3198;5
864;953;470;481;222 Park Avenue, Boston, MA 02101;Table Mountain Rd, Cape Town, South Africa 8001;3278;2
865;399;310;598;246 Spruce Road, Dallas, TX 75201;Red Square 1, Moscow, Russia 109012;1362;3
866;330;671;378;Piazza San Marco 1, Venice, Italy 30124;Forbidden City 4, Beijing, China 100006;3067;2
867;521;342;467;Piazza San Marco 1, Venice, Italy 30124;Red Square 1, Moscow, Russia 109012;3207;2
868;801;634;521;444 Lake View, Denver, CO 80201;Champs-Élysées 75, Paris, France 75008;4326;2
869;154;117;469;Taj Mahal, Agra, India 282001;Burj Khalifa 1, Dubai, UAE;2663;5
870;695;926;529;Copacabana Beach 100, Rio de Janeiro, Brazil 22070-011;987 Cedar Lane, Philadelphia, PA 19101;2609;4
871;557;173;558;Marina Bay Sands 10, Singapore 018956;Sagrada Família 401, Barcelona, Spain 08013;3626;4
872;663;220;118;Copacabana Beach 100, Rio de Janeiro, Brazil 22070-011;Marina Bay Sands 10, Singapore 018956;4907;3
873;776;206;585;159 Birch Street, San Antonio, TX 78201;Piazza San Marco 1, Venice, Italy 30124;3360;4
874;157;912;471;Red Square 1, Moscow, Russia 109012;Shibuya Crossing 2, Tokyo, Japan 150-0043;2258;2
875;491;330;242;864 Palm Drive, San Jose, CA 95101;444 Lake View, Denver, CO 80201;2833;3
876;236;255;180;753 Willow Avenue, San Diego, CA 92101;987 Cedar Lane, Philadelphia, PA 19101;4422;4
877;704;93;646;Taj Mahal, Agra, India 282001;753 Willow Avenue, San Diego, CA 92101;4814;2
878;699;421;815;444 Lake View, Denver, CO 80201;123 Main Street, New York, NY 10001;3861;4
879;585;794;814;246 Spruce Road, Dallas, TX 75201;Burj Khalifa 1, Dubai, UAE;3935;2
880;761;515;228;Brandenburger Tor 1, Berlin, Germany 10117;Taj Mahal, Agra, India 282001;4282;5
881;410;179;157;222 Park Avenue, Boston, MA 02101;Sagrada Família 401, Barcelona, Spain 08013;2498;5
882;559;323;847;123 Main Street, New York, NY 10001;321 Elm Boulevard, Houston, TX 77001;1924;5
883;163;2;315;987 Cedar Lane, Philadelphia, PA 19101;333 River Road, Seattle, WA 98101;2793;5
884;541;355;707;CN Tower 301, Toronto, Canada M5V 2T6;654 Maple Drive, Phoenix, AZ 85001;3643;2
885;339;135;971;Taj Mahal, Agra, India 282001;753 Willow Avenue, San Diego, CA 92101;3913;3
886;164;790;910;987 Cedar Lane, Philadelphia, PA 19101;222 Park Avenue, Boston, MA 02101;2276;5
887;557;564;140;CN Tower 301, Toronto, Canada M5V 2T6;444 Lake View, Denver, CO 80201;1199;4
888;956;172;985;123 Main Street, New York, NY 10001;555 Mountain Street, Washington, DC 20001;1623;2
889;534;991;311;Piazza San Marco 1, Venice, Italy 30124;Champs-Élysées 75, Paris, France 75008;3839;3
890;812;525;841;444 Lake View, Denver, CO 80201;321 Elm Boulevard, Houston, TX 77001;1128;4
891;832;181;570;Sydney Opera House, Sydney, Australia 2000;555 Mountain Street, Washington, DC 20001;2298;2
892;695;693;777;321 Elm Boulevard, Houston, TX 77001;456 Oak Avenue, Los Angeles, CA 90001;4759;3
893;959;909;429;Gyeongbokgung Palace 161, Seoul, South Korea 03045;Burj Khalifa 1, Dubai, UAE;2398;4
894;517;657;746;123 Main Street, New York, NY 10001;159 Birch Street, San Antonio, TX 78201;1578;4
895;154;528;533;333 River Road, Seattle, WA 98101;444 Lake View, Denver, CO 80201;4983;5
896;417;754;432;123 Main Street, New York, NY 10001;Red Square 1, Moscow, Russia 109012;2558;3
897;353;983;950;333 River Road, Seattle, WA 98101;789 Pine Road, Chicago, IL 60601;2849;3
898;562;160;239;Gyeongbokgung Palace 161, Seoul, South Korea 03045;123 Main Street, New York, NY 10001;1984;5
899;777;822;699;CN Tower 301, Toronto, Canada M5V 2T6;Burj Khalifa 1, Dubai, UAE;2062;4
900;632;762;168;Burj Khalifa 1, Dubai, UAE;Brandenburger Tor 1, Berlin, Germany 10117;4380;5
901;392;946;272;Brandenburger Tor 1, Berlin, Germany 10117;321 Elm Boulevard, Houston, TX 77001;2764;4
902;527;202;920;987 Cedar Lane, Philadelphia, PA 19101;753 Willow Avenue, San Diego, CA 92101;3711;2
903;1;327;559;159 Birch Street, San Antonio, TX 78201;Champs-Élysées 75, Paris, France 75008;1520;3
904;172;598;309;753 Willow Avenue, San Diego, CA 92101;Champs-Élysées 75, Paris, France 75008;3016;4
905;161;875;105;753 Willow Avenue, San Diego, CA 92101;222 Park Avenue, Boston, MA 02101;2662;4
906;904;440;893;789 Pine Road, Chicago, IL 60601;Forbidden City 4, Beijing, China 100006;2528;3
907;287;233;683;Copacabana Beach 100, Rio de Janeiro, Brazil 22070-011;753 Willow Avenue, San Diego, CA 92101;4734;5
908;284;961;674;Champs-Élysées 75, Paris, France 75008;159 Birch Street, San Antonio, TX 78201;4595;3
909;94;219;672;246 Spruce Road, Dallas, TX 75201;864 Palm Drive, San Jose, CA 95101;2902;4
910;581;513;632;Copacabana Beach 100, Rio de Janeiro, Brazil 22070-011;Sagrada Família 401, Barcelona, Spain 08013;3797;5
911;847;518;144;333 River Road, Seattle, WA 98101;Burj Khalifa 1, Dubai, UAE;2748;5
912;806;146;64;159 Birch Street, San Antonio, TX 78201;666 Ocean Avenue, Miami, FL 33101;3487;5
913;929;864;880;CN Tower 301, Toronto, Canada M5V 2T6;654 Maple Drive, Phoenix, AZ 85001;3144;2
914;881;404;258;159 Birch Street, San Antonio, TX 78201;555 Mountain Street, Washington, DC 20001;1550;5
915;563;17;312;789 Pine Road, Chicago, IL 60601;444 Lake View, Denver, CO 80201;3538;4
916;293;654;714;CN Tower 301, Toronto, Canada M5V 2T6;864 Palm Drive, San Jose, CA 95101;1338;3
917;49;361;84;Table Mountain Rd, Cape Town, South Africa 8001;Piazza San Marco 1, Venice, Italy 30124;4614;3
918;420;269;639;Brandenburger Tor 1, Berlin, Germany 10117;654 Maple Drive, Phoenix, AZ 85001;2706;4
919;240;168;24;Burj Khalifa 1, Dubai, UAE;Gyeongbokgung Palace 161, Seoul, South Korea 03045;3554;4
920;323;112;62;Gyeongbokgung Palace 161, Seoul, South Korea 03045;321 Elm Boulevard, Houston, TX 77001;2636;5
921;338;201;663;753 Willow Avenue, San Diego, CA 92101;159 Birch Street, San Antonio, TX 78201;1540;5
922;231;451;109;Shibuya Crossing 2, Tokyo, Japan 150-0043;666 Ocean Avenue, Miami, FL 33101;3015;4
923;361;197;329;Sydney Opera House, Sydney, Australia 2000;159 Birch Street, San Antonio, TX 78201;4564;3
924;68;529;335;666 Ocean Avenue, Miami, FL 33101;Burj Khalifa 1, Dubai, UAE;4944;4
925;359;463;503;123 Main Street, New York, NY 10001;123 Main Street, New York, NY 10001;3639;3
926;618;106;574;555 Mountain Street, Washington, DC 20001;Brandenburger Tor 1, Berlin, Germany 10117;3858;4
927;242;51;209;456 Oak Avenue, Los Angeles, CA 90001;666 Ocean Avenue, Miami, FL 33101;4005;2
928;412;946;626;456 Oak Avenue, Los Angeles, CA 90001;Champs-Élysées 75, Paris, France 75008;2964;3
929;116;578;52;123 Main Street, New York, NY 10001;Brandenburger Tor 1, Berlin, Germany 10117;3725;5
930;834;330;462;Table Mountain Rd, Cape Town, South Africa 8001;222 Park Avenue, Boston, MA 02101;4936;3
931;232;86;784;Taj Mahal, Agra, India 282001;864 Palm Drive, San Jose, CA 95101;1530;5
932;489;361;373;Shibuya Crossing 2, Tokyo, Japan 150-0043;753 Willow Avenue, San Diego, CA 92101;1714;2
933;78;831;255;Gyeongbokgung Palace 161, Seoul, South Korea 03045;555 Mountain Street, Washington, DC 20001;3376;4
934;430;521;738;Taj Mahal, Agra, India 282001;CN Tower 301, Toronto, Canada M5V 2T6;3006;2
935;455;192;339;123 Main Street, New York, NY 10001;Shibuya Crossing 2, Tokyo, Japan 150-0043;3978;2
936;45;418;19;Sydney Opera House, Sydney, Australia 2000;321 Elm Boulevard, Houston, TX 77001;3936;2
937;290;555;644;222 Park Avenue, Boston, MA 02101;Brandenburger Tor 1, Berlin, Germany 10117;2076;5
938;606;767;131;246 Spruce Road, Dallas, TX 75201;159 Birch Street, San Antonio, TX 78201;2865;3
939;516;65;95;666 Ocean Avenue, Miami, FL 33101;Copacabana Beach 100, Rio de Janeiro, Brazil 22070-011;2067;4
940;954;976;178;321 Elm Boulevard, Houston, TX 77001;Taj Mahal, Agra, India 282001;3551;4
941;445;73;791;333 River Road, Seattle, WA 98101;246 Spruce Road, Dallas, TX 75201;4487;3
942;575;499;997;456 Oak Avenue, Los Angeles, CA 90001;Champs-Élysées 75, Paris, France 75008;2109;4
943;790;678;350;654 Maple Drive, Phoenix, AZ 85001;555 Mountain Street, Washington, DC 20001;3821;2
944;748;525;640;CN Tower 301, Toronto, Canada M5V 2T6;Taj Mahal, Agra, India 282001;4072;2
945;1000;45;147;444 Lake View, Denver, CO 80201;333 River Road, Seattle, WA 98101;4726;3
946;459;113;276;789 Pine Road, Chicago, IL 60601;789 Pine Road, Chicago, IL 60601;1451;5
947;980;77;730;Taj Mahal, Agra, India 282001;Sagrada Família 401, Barcelona, Spain 08013;2296;4
948;359;580;371;Gyeongbokgung Palace 161, Seoul, South Korea 03045;789 Pine Road, Chicago, IL 60601;1385;5
949;609;495;769;Taj Mahal, Agra, India 282001;Sydney Opera House, Sydney, Australia 2000;2228;5
950;961;592;614;456 Oak Avenue, Los Angeles, CA 90001;753 Willow Avenue, San Diego, CA 92101;3794;3
951;236;259;159;555 Mountain Street, Washington, DC 20001;555 Mountain Street, Washington, DC 20001;1806;3
952;708;872;553;Brandenburger Tor 1, Berlin, Germany 10117;Taj Mahal, Agra, India 282001;4451;2
953;957;634;146;789 Pine Road, Chicago, IL 60601;Marina Bay Sands 10, Singapore 018956;4969;4
954;446;1000;976;Piazza San Marco 1, Venice, Italy 30124;123 Main Street, New York, NY 10001;4785;2
955;984;557;914;Taj Mahal, Agra, India 282001;555 Mountain Street, Washington, DC 20001;3719;4
956;977;214;980;Gyeongbokgung Palace 161, Seoul, South Korea 03045;Burj Khalifa 1, Dubai, UAE;1252;5
957;679;743;832;555 Mountain Street, Washington, DC 20001;159 Birch Street, San Antonio, TX 78201;1723;4
958;573;678;745;987 Cedar Lane, Philadelphia, PA 19101;Sydney Opera House, Sydney, Australia 2000;4420;3
959;498;517;792;Red Square 1, Moscow, Russia 109012;Sydney Opera House, Sydney, Australia 2000;4059;3
960;800;307;729;753 Willow Avenue, San Diego, CA 92101;Shibuya Crossing 2, Tokyo, Japan 150-0043;4840;3
961;296;104;527;246 Spruce Road, Dallas, TX 75201;753 Willow Avenue, San Diego, CA 92101;3929;5
962;520;229;445;Brandenburger Tor 1, Berlin, Germany 10117;753 Willow Avenue, San Diego, CA 92101;1193;4
963;760;468;932;Marina Bay Sands 10, Singapore 018956;555 Mountain Street, Washington, DC 20001;2907;5
964;205;127;286;456 Oak Avenue, Los Angeles, CA 90001;Gyeongbokgung Palace 161, Seoul, South Korea 03045;3236;2
965;850;64;420;864 Palm Drive, San Jose, CA 95101;654 Maple Drive, Phoenix, AZ 85001;4821;4
966;322;376;392;987 Cedar Lane, Philadelphia, PA 19101;555 Mountain Street, Washington, DC 20001;3454;5
967;575;731;20;Red Square 1, Moscow, Russia 109012;321 Elm Boulevard, Houston, TX 77001;1290;5
968;846;463;213;666 Ocean Avenue, Miami, FL 33101;Brandenburger Tor 1, Berlin, Germany 10117;2642;5
969;358;285;846;666 Ocean Avenue, Miami, FL 33101;654 Maple Drive, Phoenix, AZ 85001;1481;2
970;642;763;59;Taj Mahal, Agra, India 282001;Shibuya Crossing 2, Tokyo, Japan 150-0043;4846;4
971;496;801;966;Gyeongbokgung Palace 161, Seoul, South Korea 03045;CN Tower 301, Toronto, Canada M5V 2T6;3908;5
972;234;597;270;753 Willow Avenue, San Diego, CA 92101;CN Tower 301, Toronto, Canada M5V 2T6;1275;2
973;837;980;499;321 Elm Boulevard, Houston, TX 77001;864 Palm Drive, San Jose, CA 95101;3796;4
974;774;920;45;Red Square 1, Moscow, Russia 109012;Marina Bay Sands 10, Singapore 018956;3788;5
975;688;423;29;Copacabana Beach 100, Rio de Janeiro, Brazil 22070-011;666 Ocean Avenue, Miami, FL 33101;4575;4
976;704;886;79;333 River Road, Seattle, WA 98101;666 Ocean Avenue, Miami, FL 33101;1496;5
977;1;114;13;Sydney Opera House, Sydney, Australia 2000;123 Main Street, New York, NY 10001;3516;5
978;456;999;484;555 Mountain Street, Washington, DC 20001;CN Tower 301, Toronto, Canada M5V 2T6;3486;4
979;333;137;857;Table Mountain Rd, Cape Town, South Africa 8001;Sagrada Família 401, Barcelona, Spain 08013;2068;2
980;435;75;306;Brandenburger Tor 1, Berlin, Germany 10117;Piazza San Marco 1, Venice, Italy 30124;3768;5
981;974;734;156;Copacabana Beach 100, Rio de Janeiro, Brazil 22070-011;159 Birch Street, San Antonio, TX 78201;4336;5
982;790;895;98;Table Mountain Rd, Cape Town, South Africa 8001;Copacabana Beach 100, Rio de Janeiro, Brazil 22070-011;3230;3
983;776;400;449;123 Main Street, New York, NY 10001;Burj Khalifa 1, Dubai, UAE;1163;4
984;563;44;176;Champs-Élysées 75, Paris, France 75008;864 Palm Drive, San Jose, CA 95101;1928;2
985;819;177;181;Sagrada Família 401, Barcelona, Spain 08013;159 Birch Street, San Antonio, TX 78201;1806;4
986;761;373;81;444 Lake View, Denver, CO 80201;789 Pine Road, Chicago, IL 60601;1392;4
987;237;430;618;Table Mountain Rd, Cape Town, South Africa 8001;Table Mountain Rd, Cape Town, South Africa 8001;4272;3
988;311;576;856;753 Willow Avenue, San Diego, CA 92101;Piazza San Marco 1, Venice, Italy 30124;1865;2
989;458;74;886;Copacabana Beach 100, Rio de Janeiro, Brazil 22070-011;Copacabana Beach 100, Rio de Janeiro, Brazil 22070-011;1816;5
990;585;24;565;159 Birch Street, San Antonio, TX 78201;Marina Bay Sands 10, Singapore 018956;2691;3
991;338;528;709;Sagrada Família 401, Barcelona, Spain 08013;333 River Road, Seattle, WA 98101;4007;5
992;609;647;851;123 Main Street, New York, NY 10001;864 Palm Drive, San Jose, CA 95101;3331;5
993;959;556;715;987 Cedar Lane, Philadelphia, PA 19101;864 Palm Drive, San Jose, CA 95101;3816;3
994;373;242;37;Sagrada Família 401, Barcelona, Spain 08013;789 Pine Road, Chicago, IL 60601;2425;3
995;343;956;933;666 Ocean Avenue, Miami, FL 33101;222 Park Avenue, Boston, MA 02101;4906;2
996;938;292;649;444 Lake View, Denver, CO 80201;222 Park Avenue, Boston, MA 02101;4928;5
997;1000;767;552;123 Main Street, New York, NY 10001;Piazza San Marco 1, Venice, Italy 30124;2748;2
998;592;635;642;123 Main Street, New York, NY 10001;Copacabana Beach 100, Rio de Janeiro, Brazil 22070-011;1701;2
999;741;897;260;444 Lake View, Denver, CO 80201;Copacabana Beach 100, Rio de Janeiro, Brazil 22070-011;1183;2
1000;243;33;779;222 Park Avenue, Boston, MA 02101;Marina Bay Sands 10, Singapore 018956;3065;3
