1;321;993;425;321 Elm Boulevard, Houston, TX 77001;246 Spruce Road, Dallas, TX 75201;3791;2
2;814;380;566;555 Mountain Street, Washington, DC 20001;Sydney Opera House, Sydney, Australia 2000;2606;3
3;869;706;787;Sydney Opera House, Sydney, Australia 2000;Shibuya Crossing 2, Tokyo, Japan 150-0043;2670;2
4;742;839;233;789 Pine Road, Chicago, IL 60601;333 River Road, Seattle, WA 98101;4554;5
5;796;164;90;Taj Mahal, Agra, India 282001;Champs-Élysées 75, Paris, France 75008;4578;3
6;277;185;2;456 Oak Avenue, Los Angeles, CA 90001;Burj Khalifa 1, Dubai, UAE;4810;4
7;433;955;35;222 Park Avenue, Boston, MA 02101;Champs-Élysées 75, Paris, France 75008;4066;3
8;264;50;109;864 Palm Drive, San Jose, CA 95101;456 Oak Avenue, Los Angeles, CA 90001;3223;5
9;571;313;166;Sagrada Família 401, Barcelona, Spain 08013;333 River Road, Seattle, WA 98101;2254;4
10;414;135;375;864 Palm Drive, San Jose, CA 95101;Forbidden City 4, Beijing, China 100006;1415;2
11;585;717;366;123 Main Street, New York, NY 10001;246 Spruce Road, Dallas, TX 75201;3158;3
12;841;783;484;666 Ocean Avenue, Miami, FL 33101;Burj Khalifa 1, Dubai, UAE;2014;5
13;625;359;940;246 Spruce Road, Dallas, TX 75201;Shibuya Crossing 2, Tokyo, Japan 150-0043;4584;4
14;761;266;617;456 Oak Avenue, Los Angeles, CA 90001;Copacabana Beach 100, Rio de Janeiro, Brazil 22070-011;2427;2
15;159;344;710;Copacabana Beach 100, Rio de Janeiro, Brazil 22070-011;Brandenburger Tor 1, Berlin, Germany 10117;2912;3
16;711;491;174;555 Mountain Street, Washington, DC 20001;Brandenburger Tor 1, Berlin, Germany 10117;4607;2
17;681;84;197;Burj Khalifa 1, Dubai, UAE;246 Spruce Road, Dallas, TX 75201;1121;3
18;26;64;403;555 Mountain Street, Washington, DC 20001;Taj Mahal, Agra, India 282001;4245;3
19;47;270;7;Taj Mahal, Agra, India 282001;666 Ocean Avenue, Miami, FL 33101;3506;4
20;989;71;483;Shibuya Crossing 2, Tokyo, Japan 150-0043;987 Cedar Lane, Philadelphia, PA 19101;2585;5
21;361;526;75;654 Maple Drive, Phoenix, AZ 85001;Brandenburger Tor 1, Berlin, Germany 10117;4953;4
22;466;883;361;Marina Bay Sands 10, Singapore 018956;Shibuya Crossing 2, Tokyo, Japan 150-0043;4828;2
23;107;156;6;Shibuya Crossing 2, Tokyo, Japan 150-0043;Copacabana Beach 100, Rio de Janeiro, Brazil 22070-011;3713;3
24;579;95;254;246 Spruce Road, Dallas, TX 75201;753 Willow Avenue, San Diego, CA 92101;4374;5
25;581;760;717;456 Oak Avenue, Los Angeles, CA 90001;Sagrada Família 401, Barcelona, Spain 08013;3059;2
26;964;751;929;Forbidden City 4, Beijing, China 100006;Red Square 1, Moscow, Russia 109012;2410;5
27;984;392;499;Copacabana Beach 100, Rio de Janeiro, Brazil 22070-011;Forbidden City 4, Beijing, China 100006;2914;2
28;953;234;352;123 Main Street, New York, NY 10001;Sydney Opera House, Sydney, Australia 2000;1977;2
29;938;836;481;321 Elm Boulevard, Houston, TX 77001;Table Mountain Rd, Cape Town, South Africa 8001;1021;4
30;533;51;830;123 Main Street, New York, NY 10001;123 Main Street, New York, NY 10001;2041;3
31;406;564;602;Gyeongbokgung Palace 161, Seoul, South Korea 03045;321 Elm Boulevard, Houston, TX 77001;1336;2
32;339;738;813;864 Palm Drive, San Jose, CA 95101;Shibuya Crossing 2, Tokyo, Japan 150-0043;3680;4
33;360;689;868;987 Cedar Lane, Philadelphia, PA 19101;Brandenburger Tor 1, Berlin, Germany 10117;4191;3
34;766;527;709;987 Cedar Lane, Philadelphia, PA 19101;321 Elm Boulevard, Houston, TX 77001;1120;3
35;400;972;397;Champs-Élysées 75, Paris, France 75008;987 Cedar Lane, Philadelphia, PA 19101;3925;2
36;389;608;269;Burj Khalifa 1, Dubai, UAE;456 Oak Avenue, Los Angeles, CA 90001;4337;3
37;88;769;820;456 Oak Avenue, Los Angeles, CA 90001;Champs-Élysées 75, Paris, France 75008;2374;5
38;191;768;520;Forbidden City 4, Beijing, China 100006;Shibuya Crossing 2, Tokyo, Japan 150-0043;2706;2
39;517;389;270;Forbidden City 4, Beijing, China 100006;Shibuya Crossing 2, Tokyo, Japan 150-0043;4057;4
40;657;277;188;444 Lake View, Denver, CO 80201;Gyeongbokgung Palace 161, Seoul, South Korea 03045;3557;2
41;206;986;337;Champs-Élysées 75, Paris, France 75008;Shibuya Crossing 2, Tokyo, Japan 150-0043;2231;5
42;979;199;578;Forbidden City 4, Beijing, China 100006;444 Lake View, Denver, CO 80201;1714;5
43;425;91;318;864 Palm Drive, San Jose, CA 95101;Marina Bay Sands 10, Singapore 018956;4968;5
44;735;498;537;654 Maple Drive, Phoenix, AZ 85001;321 Elm Boulevard, Houston, TX 77001;1422;5
45;95;311;236;Red Square 1, Moscow, Russia 109012;Piazza San Marco 1, Venice, Italy 30124;1470;5
46;44;180;1;987 Cedar Lane, Philadelphia, PA 19101;654 Maple Drive, Phoenix, AZ 85001;1739;5
47;591;765;611;Piazza San Marco 1, Venice, Italy 30124;246 Spruce Road, Dallas, TX 75201;4465;2
48;19;849;588;Gyeongbokgung Palace 161, Seoul, South Korea 03045;666 Ocean Avenue, Miami, FL 33101;4226;2
49;498;677;38;654 Maple Drive, Phoenix, AZ 85001;Gyeongbokgung Palace 161, Seoul, South Korea 03045;3771;5
50;364;285;886;Copacabana Beach 100, Rio de Janeiro, Brazil 22070-011;222 Park Avenue, Boston, MA 02101;3361;2
51;917;250;543;753 Willow Avenue, San Diego, CA 92101;789 Pine Road, Chicago, IL 60601;4188;4
52;207;341;705;987 Cedar Lane, Philadelphia, PA 19101;Shibuya Crossing 2, Tokyo, Japan 150-0043;2307;3
53;420;67;560;Shibuya Crossing 2, Tokyo, Japan 150-0043;Red Square 1, Moscow, Russia 109012;1952;5
54;168;742;27;Piazza San Marco 1, Venice, Italy 30124;Sydney Opera House, Sydney, Australia 2000;4967;4
55;791;582;49;Table Mountain Rd, Cape Town, South Africa 8001;123 Main Street, New York, NY 10001;4528;2
56;471;710;58;444 Lake View, Denver, CO 80201;Shibuya Crossing 2, Tokyo, Japan 150-0043;3905;3
57;787;160;22;444 Lake View, Denver, CO 80201;Sydney Opera House, Sydney, Australia 2000;2684;4
58;214;696;911;555 Mountain Street, Washington, DC 20001;Gyeongbokgung Palace 161, Seoul, South Korea 03045;4841;3
59;968;763;244;666 Ocean Avenue, Miami, FL 33101;987 Cedar Lane, Philadelphia, PA 19101;4814;4
60;673;748;904;123 Main Street, New York, NY 10001;987 Cedar Lane, Philadelphia, PA 19101;2130;5
61;152;548;345;Piazza San Marco 1, Venice, Italy 30124;321 Elm Boulevard, Houston, TX 77001;1463;4
62;8;424;639;753 Willow Avenue, San Diego, CA 92101;987 Cedar Lane, Philadelphia, PA 19101;3739;3
63;382;313;921;Red Square 1, Moscow, Russia 109012;444 Lake View, Denver, CO 80201;4253;4
64;179;248;316;Shibuya Crossing 2, Tokyo, Japan 150-0043;Table Mountain Rd, Cape Town, South Africa 8001;1533;4
65;560;431;719;Gyeongbokgung Palace 161, Seoul, South Korea 03045;456 Oak Avenue, Los Angeles, CA 90001;3272;2
66;339;925;171;Champs-Élysées 75, Paris, France 75008;Brandenburger Tor 1, Berlin, Germany 10117;1331;3
67;527;597;943;654 Maple Drive, Phoenix, AZ 85001;Forbidden City 4, Beijing, China 100006;3625;3
68;524;54;889;123 Main Street, New York, NY 10001;222 Park Avenue, Boston, MA 02101;4680;3
69;368;825;737;Sagrada Família 401, Barcelona, Spain 08013;Red Square 1, Moscow, Russia 109012;3286;3
70;800;188;645;Copacabana Beach 100, Rio de Janeiro, Brazil 22070-011;753 Willow Avenue, San Diego, CA 92101;1689;3
71;134;961;585;Champs-Élysées 75, Paris, France 75008;789 Pine Road, Chicago, IL 60601;4487;3
72;902;92;26;246 Spruce Road, Dallas, TX 75201;Red Square 1, Moscow, Russia 109012;4439;3
73;748;139;521;Marina Bay Sands 10, Singapore 018956;Sagrada Família 401, Barcelona, Spain 08013;4321;2
74;767;324;357;Shibuya Crossing 2, Tokyo, Japan 150-0043;159 Birch Street, San Antonio, TX 78201;4908;5
75;583;384;406;654 Maple Drive, Phoenix, AZ 85001;753 Willow Avenue, San Diego, CA 92101;4524;4
76;916;610;747;Brandenburger Tor 1, Berlin, Germany 10117;222 Park Avenue, Boston, MA 02101;1303;2
77;495;115;72;Sagrada Família 401, Barcelona, Spain 08013;456 Oak Avenue, Los Angeles, CA 90001;2941;5
78;845;537;647;123 Main Street, New York, NY 10001;444 Lake View, Denver, CO 80201;4635;3
79;193;479;610;Gyeongbokgung Palace 161, Seoul, South Korea 03045;753 Willow Avenue, San Diego, CA 92101;3816;3
80;58;847;728;333 River Road, Seattle, WA 98101;654 Maple Drive, Phoenix, AZ 85001;1387;4
81;803;244;369;666 Ocean Avenue, Miami, FL 33101;Table Mountain Rd, Cape Town, South Africa 8001;3634;2
82;186;491;400;CN Tower 301, Toronto, Canada M5V 2T6;Copacabana Beach 100, Rio de Janeiro, Brazil 22070-011;4053;3
83;427;497;469;987 Cedar Lane, Philadelphia, PA 19101;Red Square 1, Moscow, Russia 109012;2257;4
84;599;320;434;Sagrada Família 401, Barcelona, Spain 08013;555 Mountain Street, Washington, DC 20001;4171;3
85;364;787;817;Table Mountain Rd, Cape Town, South Africa 8001;555 Mountain Street, Washington, DC 20001;3032;3
86;662;32;283;Sagrada Família 401, Barcelona, Spain 08013;321 Elm Boulevard, Houston, TX 77001;3500;2
87;889;653;808;Champs-Élysées 75, Paris, France 75008;753 Willow Avenue, San Diego, CA 92101;1172;3
88;896;379;60;Burj Khalifa 1, Dubai, UAE;Taj Mahal, Agra, India 282001;4446;2
89;964;44;81;Copacabana Beach 100, Rio de Janeiro, Brazil 22070-011;Marina Bay Sands 10, Singapore 018956;2001;2
90;629;579;609;Brandenburger Tor 1, Berlin, Germany 10117;666 Ocean Avenue, Miami, FL 33101;3412;3
91;687;588;144;Taj Mahal, Agra, India 282001;987 Cedar Lane, Philadelphia, PA 19101;3896;3
92;135;394;824;Sydney Opera House, Sydney, Australia 2000;Brandenburger Tor 1, Berlin, Germany 10117;3710;3
93;816;166;418;Table Mountain Rd, Cape Town, South Africa 8001;456 Oak Avenue, Los Angeles, CA 90001;4319;4
94;489;198;759;Shibuya Crossing 2, Tokyo, Japan 150-0043;Copacabana Beach 100, Rio de Janeiro, Brazil 22070-011;4026;4
95;425;397;757;Sydney Opera House, Sydney, Australia 2000;666 Ocean Avenue, Miami, FL 33101;1236;4
96;210;131;501;Piazza San Marco 1, Venice, Italy 30124;Copacabana Beach 100, Rio de Janeiro, Brazil 22070-011;4199;3
97;830;813;691;Shibuya Crossing 2, Tokyo, Japan 150-0043;Piazza San Marco 1, Venice, Italy 30124;1114;4
98;398;810;447;654 Maple Drive, Phoenix, AZ 85001;456 Oak Avenue, Los Angeles, CA 90001;1910;5
99;789;855;70;666 Ocean Avenue, Miami, FL 33101;666 Ocean Avenue, Miami, FL 33101;4544;2
100;566;896;740;222 Park Avenue, Boston, MA 02101;Piazza San Marco 1, Venice, Italy 30124;4548;5
101;545;942;207;864 Palm Drive, San Jose, CA 95101;Champs-Élysées 75, Paris, France 75008;2782;3
102;881;818;983;Table Mountain Rd, Cape Town, South Africa 8001;Brandenburger Tor 1, Berlin, Germany 10117;3841;2
103;123;679;13;Gyeongbokgung Palace 161, Seoul, South Korea 03045;321 Elm Boulevard, Houston, TX 77001;4921;5
104;859;578;789;Piazza San Marco 1, Venice, Italy 30124;Table Mountain Rd, Cape Town, South Africa 8001;2260;4
105;70;643;297;Marina Bay Sands 10, Singapore 018956;246 Spruce Road, Dallas, TX 75201;3727;4
106;297;494;5;Champs-Élysées 75, Paris, France 75008;444 Lake View, Denver, CO 80201;3493;3
107;809;767;128;Sagrada Família 401, Barcelona, Spain 08013;753 Willow Avenue, San Diego, CA 92101;3831;5
108;805;120;327;666 Ocean Avenue, Miami, FL 33101;864 Palm Drive, San Jose, CA 95101;3743;4
109;741;281;458;753 Willow Avenue, San Diego, CA 92101;Red Square 1, Moscow, Russia 109012;4506;4
110;22;51;31;666 Ocean Avenue, Miami, FL 33101;Piazza San Marco 1, Venice, Italy 30124;4061;5
111;171;785;378;246 Spruce Road, Dallas, TX 75201;Forbidden City 4, Beijing, China 100006;2576;2
112;953;935;83;555 Mountain Street, Washington, DC 20001;Taj Mahal, Agra, India 282001;2934;2
113;932;700;28;321 Elm Boulevard, Houston, TX 77001;864 Palm Drive, San Jose, CA 95101;4259;2
114;78;654;143;321 Elm Boulevard, Houston, TX 77001;Gyeongbokgung Palace 161, Seoul, South Korea 03045;4438;2
115;324;206;898;222 Park Avenue, Boston, MA 02101;654 Maple Drive, Phoenix, AZ 85001;4856;2
116;286;568;851;456 Oak Avenue, Los Angeles, CA 90001;CN Tower 301, Toronto, Canada M5V 2T6;1085;5
117;836;626;793;159 Birch Street, San Antonio, TX 78201;Forbidden City 4, Beijing, China 100006;3504;4
118;874;286;232;666 Ocean Avenue, Miami, FL 33101;321 Elm Boulevard, Houston, TX 77001;4387;5
119;99;691;101;CN Tower 301, Toronto, Canada M5V 2T6;Red Square 1, Moscow, Russia 109012;2501;5
120;479;817;246;Brandenburger Tor 1, Berlin, Germany 10117;Sydney Opera House, Sydney, Australia 2000;1868;3
121;545;937;881;CN Tower 301, Toronto, Canada M5V 2T6;Table Mountain Rd, Cape Town, South Africa 8001;2799;3
122;215;359;77;CN Tower 301, Toronto, Canada M5V 2T6;CN Tower 301, Toronto, Canada M5V 2T6;1091;5
123;306;62;42;Gyeongbokgung Palace 161, Seoul, South Korea 03045;Marina Bay Sands 10, Singapore 018956;1454;2
124;304;815;421;Brandenburger Tor 1, Berlin, Germany 10117;Piazza San Marco 1, Venice, Italy 30124;2434;4
125;997;35;899;CN Tower 301, Toronto, Canada M5V 2T6;666 Ocean Avenue, Miami, FL 33101;4129;5
126;214;125;347;Sagrada Família 401, Barcelona, Spain 08013;753 Willow Avenue, San Diego, CA 92101;2989;3
127;388;850;405;CN Tower 301, Toronto, Canada M5V 2T6;Taj Mahal, Agra, India 282001;4037;5
128;521;11;279;Marina Bay Sands 10, Singapore 018956;Copacabana Beach 100, Rio de Janeiro, Brazil 22070-011;4402;3
129;236;770;346;Brandenburger Tor 1, Berlin, Germany 10117;Taj Mahal, Agra, India 282001;4312;4
130;579;98;729;Marina Bay Sands 10, Singapore 018956;Taj Mahal, Agra, India 282001;2069;3
131;208;370;852;654 Maple Drive, Phoenix, AZ 85001;Red Square 1, Moscow, Russia 109012;4991;4
132;995;101;419;666 Ocean Avenue, Miami, FL 33101;333 River Road, Seattle, WA 98101;3881;3
133;391;148;641;Copacabana Beach 100, Rio de Janeiro, Brazil 22070-011;Forbidden City 4, Beijing, China 100006;3448;3
134;203;584;575;159 Birch Street, San Antonio, TX 78201;Sagrada Família 401, Barcelona, Spain 08013;2049;4
135;366;459;306;654 Maple Drive, Phoenix, AZ 85001;CN Tower 301, Toronto, Canada M5V 2T6;4655;3
136;284;357;651;555 Mountain Street, Washington, DC 20001;Piazza San Marco 1, Venice, Italy 30124;2981;4
137;27;924;850;987 Cedar Lane, Philadelphia, PA 19101;333 River Road, Seattle, WA 98101;4539;4
138;164;886;631;Sydney Opera House, Sydney, Australia 2000;Table Mountain Rd, Cape Town, South Africa 8001;2171;2
139;496;123;529;Champs-Élysées 75, Paris, France 75008;Sydney Opera House, Sydney, Australia 2000;4596;3
140;43;412;766;864 Palm Drive, San Jose, CA 95101;666 Ocean Avenue, Miami, FL 33101;1759;4
141;976;444;540;Table Mountain Rd, Cape Town, South Africa 8001;Table Mountain Rd, Cape Town, South Africa 8001;3896;5
142;735;703;24;654 Maple Drive, Phoenix, AZ 85001;Gyeongbokgung Palace 161, Seoul, South Korea 03045;3233;5
143;774;627;656;Brandenburger Tor 1, Berlin, Germany 10117;Sydney Opera House, Sydney, Australia 2000;3572;3
144;250;715;712;CN Tower 301, Toronto, Canada M5V 2T6;864 Palm Drive, San Jose, CA 95101;4682;4
145;119;828;552;753 Willow Avenue, San Diego, CA 92101;444 Lake View, Denver, CO 80201;3197;5
146;309;447;934;Copacabana Beach 100, Rio de Janeiro, Brazil 22070-011;Copacabana Beach 100, Rio de Janeiro, Brazil 22070-011;1114;4
147;744;926;473;Gyeongbokgung Palace 161, Seoul, South Korea 03045;Burj Khalifa 1, Dubai, UAE;1200;5
148;847;200;781;987 Cedar Lane, Philadelphia, PA 19101;Table Mountain Rd, Cape Town, South Africa 8001;2726;3
149;42;699;975;987 Cedar Lane, Philadelphia, PA 19101;321 Elm Boulevard, Houston, TX 77001;4901;4
150;188;109;432;Shibuya Crossing 2, Tokyo, Japan 150-0043;864 Palm Drive, San Jose, CA 95101;1161;3
151;459;53;420;Piazza San Marco 1, Venice, Italy 30124;123 Main Street, New York, NY 10001;2291;4
152;672;780;822;123 Main Street, New York, NY 10001;Gyeongbokgung Palace 161, Seoul, South Korea 03045;1828;3
153;676;501;635;123 Main Street, New York, NY 10001;456 Oak Avenue, Los Angeles, CA 90001;1431;4
154;104;588;105;Marina Bay Sands 10, Singapore 018956;Gyeongbokgung Palace 161, Seoul, South Korea 03045;4985;2
155;259;880;170;Sydney Opera House, Sydney, Australia 2000;Marina Bay Sands 10, Singapore 018956;4939;5
156;508;372;181;Sydney Opera House, Sydney, Australia 2000;Sagrada Família 401, Barcelona, Spain 08013;3753;5
157;66;693;841;Marina Bay Sands 10, Singapore 018956;Shibuya Crossing 2, Tokyo, Japan 150-0043;3820;4
158;868;909;999;CN Tower 301, Toronto, Canada M5V 2T6;321 Elm Boulevard, Houston, TX 77001;3196;2
159;961;241;547;321 Elm Boulevard, Houston, TX 77001;159 Birch Street, San Antonio, TX 78201;4083;3
160;420;750;862;Brandenburger Tor 1, Berlin, Germany 10117;987 Cedar Lane, Philadelphia, PA 19101;1883;3
161;744;510;494;Marina Bay Sands 10, Singapore 018956;Forbidden City 4, Beijing, China 100006;3412;3
162;431;770;194;Forbidden City 4, Beijing, China 100006;Red Square 1, Moscow, Russia 109012;1010;4
163;646;606;146;Gyeongbokgung Palace 161, Seoul, South Korea 03045;CN Tower 301, Toronto, Canada M5V 2T6;1001;4
164;731;64;648;987 Cedar Lane, Philadelphia, PA 19101;Burj Khalifa 1, Dubai, UAE;1610;2
165;365;308;126;Red Square 1, Moscow, Russia 109012;Champs-Élysées 75, Paris, France 75008;4090;2
166;156;439;775;222 Park Avenue, Boston, MA 02101;753 Willow Avenue, San Diego, CA 92101;3770;2
167;102;568;320;123 Main Street, New York, NY 10001;987 Cedar Lane, Philadelphia, PA 19101;2178;4
168;182;153;237;444 Lake View, Denver, CO 80201;456 Oak Avenue, Los Angeles, CA 90001;4731;3
169;965;191;866;Copacabana Beach 100, Rio de Janeiro, Brazil 22070-011;Gyeongbokgung Palace 161, Seoul, South Korea 03045;1349;5
170;169;399;932;654 Maple Drive, Phoenix, AZ 85001;Shibuya Crossing 2, Tokyo, Japan 150-0043;3694;4
171;324;749;496;456 Oak Avenue, Los Angeles, CA 90001;555 Mountain Street, Washington, DC 20001;3123;2
172;512;102;856;444 Lake View, Denver, CO 80201;654 Maple Drive, Phoenix, AZ 85001;3228;5
173;2;901;376;Brandenburger Tor 1, Berlin, Germany 10117;Brandenburger Tor 1, Berlin, Germany 10117;1396;3
174;480;588;994;123 Main Street, New York, NY 10001;Taj Mahal, Agra, India 282001;1748;3
175;619;836;860;Forbidden City 4, Beijing, China 100006;Marina Bay Sands 10, Singapore 018956;3105;3
176;106;241;854;222 Park Avenue, Boston, MA 02101;789 Pine Road, Chicago, IL 60601;2530;5
177;28;336;308;Sydney Opera House, Sydney, Australia 2000;Brandenburger Tor 1, Berlin, Germany 10117;4188;3
178;724;430;461;456 Oak Avenue, Los Angeles, CA 90001;222 Park Avenue, Boston, MA 02101;4893;4
179;292;611;623;Marina Bay Sands 10, Singapore 018956;321 Elm Boulevard, Houston, TX 77001;1501;5
180;299;596;292;864 Palm Drive, San Jose, CA 95101;159 Birch Street, San Antonio, TX 78201;4667;3
181;812;779;720;Sydney Opera House, Sydney, Australia 2000;Copacabana Beach 100, Rio de Janeiro, Brazil 22070-011;4467;5
182;20;721;821;321 Elm Boulevard, Houston, TX 77001;Shibuya Crossing 2, Tokyo, Japan 150-0043;3740;5
183;993;474;554;159 Birch Street, San Antonio, TX 78201;333 River Road, Seattle, WA 98101;4645;4
184;943;800;150;Champs-Élysées 75, Paris, France 75008;Champs-Élysées 75, Paris, France 75008;3536;5
185;718;474;601;222 Park Avenue, Boston, MA 02101;Gyeongbokgung Palace 161, Seoul, South Korea 03045;3672;4
186;927;672;241;444 Lake View, Denver, CO 80201;123 Main Street, New York, NY 10001;3004;3
187;780;882;711;Marina Bay Sands 10, Singapore 018956;789 Pine Road, Chicago, IL 60601;3310;3
188;527;299;340;222 Park Avenue, Boston, MA 02101;321 Elm Boulevard, Houston, TX 77001;1984;5
189;937;988;64;Gyeongbokgung Palace 161, Seoul, South Korea 03045;789 Pine Road, Chicago, IL 60601;4735;3
190;552;717;615;987 Cedar Lane, Philadelphia, PA 19101;Sydney Opera House, Sydney, Australia 2000;4789;2
191;456;624;41;Taj Mahal, Agra, India 282001;Forbidden City 4, Beijing, China 100006;4357;4
192;610;861;134;CN Tower 301, Toronto, Canada M5V 2T6;555 Mountain Street, Washington, DC 20001;2042;5
193;614;47;300;987 Cedar Lane, Philadelphia, PA 19101;555 Mountain Street, Washington, DC 20001;2753;4
194;677;350;69;456 Oak Avenue, Los Angeles, CA 90001;Sagrada Família 401, Barcelona, Spain 08013;2601;5
195;167;367;463;Piazza San Marco 1, Venice, Italy 30124;CN Tower 301, Toronto, Canada M5V 2T6;3505;4
196;173;560;176;Copacabana Beach 100, Rio de Janeiro, Brazil 22070-011;123 Main Street, New York, NY 10001;3959;2
197;485;249;103;159 Birch Street, San Antonio, TX 78201;Table Mountain Rd, Cape Town, South Africa 8001;1274;5
198;853;640;435;Red Square 1, Moscow, Russia 109012;555 Mountain Street, Washington, DC 20001;2089;2
199;88;808;871;Copacabana Beach 100, Rio de Janeiro, Brazil 22070-011;555 Mountain Street, Washington, DC 20001;4429;4
200;18;964;231;Marina Bay Sands 10, Singapore 018956;789 Pine Road, Chicago, IL 60601;4263;4
201;44;253;200;333 River Road, Seattle, WA 98101;753 Willow Avenue, San Diego, CA 92101;2191;2
202;601;895;630;789 Pine Road, Chicago, IL 60601;Burj Khalifa 1, Dubai, UAE;4675;4
203;843;845;974;456 Oak Avenue, Los Angeles, CA 90001;444 Lake View, Denver, CO 80201;4100;5
204;140;175;701;Gyeongbokgung Palace 161, Seoul, South Korea 03045;Piazza San Marco 1, Venice, Italy 30124;3225;5
205;762;805;535;Sydney Opera House, Sydney, Australia 2000;Forbidden City 4, Beijing, China 100006;2486;2
206;750;266;117;Marina Bay Sands 10, Singapore 018956;555 Mountain Street, Washington, DC 20001;1351;2
207;332;903;312;Brandenburger Tor 1, Berlin, Germany 10117;Forbidden City 4, Beijing, China 100006;3512;5
208;698;974;804;321 Elm Boulevard, Houston, TX 77001;Piazza San Marco 1, Venice, Italy 30124;1608;3
209;820;717;531;Champs-Élysées 75, Paris, France 75008;Red Square 1, Moscow, Russia 109012;4313;3
210;79;851;780;Shibuya Crossing 2, Tokyo, Japan 150-0043;Forbidden City 4, Beijing, China 100006;1780;4
211;954;799;605;Sydney Opera House, Sydney, Australia 2000;555 Mountain Street, Washington, DC 20001;4757;5
212;930;28;243;123 Main Street, New York, NY 10001;333 River Road, Seattle, WA 98101;4085;4
213;642;161;682;Taj Mahal, Agra, India 282001;Sagrada Família 401, Barcelona, Spain 08013;4502;5
214;904;979;497;666 Ocean Avenue, Miami, FL 33101;Sagrada Família 401, Barcelona, Spain 08013;4381;2
215;259;82;331;Sydney Opera House, Sydney, Australia 2000;CN Tower 301, Toronto, Canada M5V 2T6;2574;2
216;336;364;987;Gyeongbokgung Palace 161, Seoul, South Korea 03045;Sydney Opera House, Sydney, Australia 2000;2531;3
217;9;94;364;Burj Khalifa 1, Dubai, UAE;Marina Bay Sands 10, Singapore 018956;3369;4
218;940;983;519;666 Ocean Avenue, Miami, FL 33101;Table Mountain Rd, Cape Town, South Africa 8001;2541;3
219;955;914;612;444 Lake View, Denver, CO 80201;456 Oak Avenue, Los Angeles, CA 90001;1982;2
220;226;102;280;123 Main Street, New York, NY 10001;159 Birch Street, San Antonio, TX 78201;3473;2
221;498;16;37;654 Maple Drive, Phoenix, AZ 85001;Marina Bay Sands 10, Singapore 018956;2060;4
222;219;41;148;654 Maple Drive, Phoenix, AZ 85001;Red Square 1, Moscow, Russia 109012;1514;5
223;782;343;454;333 River Road, Seattle, WA 98101;Burj Khalifa 1, Dubai, UAE;2266;2
224;819;147;393;Sagrada Família 401, Barcelona, Spain 08013;Gyeongbokgung Palace 161, Seoul, South Korea 03045;2150;2
225;643;981;187;456 Oak Avenue, Los Angeles, CA 90001;CN Tower 301, Toronto, Canada M5V 2T6;1153;2
226;836;753;363;159 Birch Street, San Antonio, TX 78201;246 Spruce Road, Dallas, TX 75201;2203;5
227;697;70;832;222 Park Avenue, Boston, MA 02101;321 Elm Boulevard, Houston, TX 77001;3530;2
228;120;598;277;333 River Road, Seattle, WA 98101;123 Main Street, New York, NY 10001;4320;5
229;581;524;794;666 Ocean Avenue, Miami, FL 33101;Shibuya Crossing 2, Tokyo, Japan 150-0043;1084;4
230;203;137;738;Sagrada Família 401, Barcelona, Spain 08013;Piazza San Marco 1, Venice, Italy 30124;1536;5
231;327;408;130;Taj Mahal, Agra, India 282001;Piazza San Marco 1, Venice, Italy 30124;2580;3
232;507;915;686;Brandenburger Tor 1, Berlin, Germany 10117;753 Willow Avenue, San Diego, CA 92101;3057;3
233;164;11;671;789 Pine Road, Chicago, IL 60601;Shibuya Crossing 2, Tokyo, Japan 150-0043;2545;5
234;878;675;383;Piazza San Marco 1, Venice, Italy 30124;Piazza San Marco 1, Venice, Italy 30124;3787;5
235;174;328;640;Forbidden City 4, Beijing, China 100006;Champs-Élysées 75, Paris, France 75008;2601;5
236;897;396;918;456 Oak Avenue, Los Angeles, CA 90001;Burj Khalifa 1, Dubai, UAE;1968;3
237;840;864;659;Forbidden City 4, Beijing, China 100006;321 Elm Boulevard, Houston, TX 77001;1503;3
238;524;135;595;753 Willow Avenue, San Diego, CA 92101;444 Lake View, Denver, CO 80201;4989;4
239;387;400;753;Forbidden City 4, Beijing, China 100006;321 Elm Boulevard, Houston, TX 77001;4421;5
240;124;478;391;246 Spruce Road, Dallas, TX 75201;753 Willow Avenue, San Diego, CA 92101;1691;3
241;623;934;544;Red Square 1, Moscow, Russia 109012;Brandenburger Tor 1, Berlin, Germany 10117;3671;5
242;416;748;981;CN Tower 301, Toronto, Canada M5V 2T6;Red Square 1, Moscow, Russia 109012;4522;3
243;885;712;689;555 Mountain Street, Washington, DC 20001;555 Mountain Street, Washington, DC 20001;3864;3
244;937;163;673;Marina Bay Sands 10, Singapore 018956;Taj Mahal, Agra, India 282001;2394;3
245;124;34;438;Gyeongbokgung Palace 161, Seoul, South Korea 03045;222 Park Avenue, Boston, MA 02101;3143;2
246;624;185;986;222 Park Avenue, Boston, MA 02101;Burj Khalifa 1, Dubai, UAE;3090;4
247;186;291;433;246 Spruce Road, Dallas, TX 75201;666 Ocean Avenue, Miami, FL 33101;3128;2
248;191;107;513;246 Spruce Road, Dallas, TX 75201;Champs-Élysées 75, Paris, France 75008;4869;4
249;483;193;104;Shibuya Crossing 2, Tokyo, Japan 150-0043;Sydney Opera House, Sydney, Australia 2000;1473;3
250;478;304;156;Sagrada Família 401, Barcelona, Spain 08013;654 Maple Drive, Phoenix, AZ 85001;3473;3
251;216;470;396;456 Oak Avenue, Los Angeles, CA 90001;222 Park Avenue, Boston, MA 02101;1119;4
252;592;476;71;654 Maple Drive, Phoenix, AZ 85001;Forbidden City 4, Beijing, China 100006;2967;3
253;538;402;800;Red Square 1, Moscow, Russia 109012;333 River Road, Seattle, WA 98101;2234;4
254;142;9;151;Red Square 1, Moscow, Russia 109012;Shibuya Crossing 2, Tokyo, Japan 150-0043;3589;5
255;406;478;324;Brandenburger Tor 1, Berlin, Germany 10117;Taj Mahal, Agra, India 282001;3429;3
256;713;863;167;321 Elm Boulevard, Houston, TX 77001;321 Elm Boulevard, Houston, TX 77001;2101;3
257;809;665;202;864 Palm Drive, San Jose, CA 95101;456 Oak Avenue, Los Angeles, CA 90001;2988;3
258;476;959;56;246 Spruce Road, Dallas, TX 75201;Table Mountain Rd, Cape Town, South Africa 8001;2083;2
259;550;75;574;Burj Khalifa 1, Dubai, UAE;Red Square 1, Moscow, Russia 109012;1230;3
260;877;354;14;666 Ocean Avenue, Miami, FL 33101;864 Palm Drive, San Jose, CA 95101;3010;5
261;612;379;348;Marina Bay Sands 10, Singapore 018956;Burj Khalifa 1, Dubai, UAE;1322;2
262;421;815;141;456 Oak Avenue, Los Angeles, CA 90001;Table Mountain Rd, Cape Town, South Africa 8001;4315;3
263;468;277;379;Table Mountain Rd, Cape Town, South Africa 8001;555 Mountain Street, Washington, DC 20001;2166;5
264;426;60;718;333 River Road, Seattle, WA 98101;Sagrada Família 401, Barcelona, Spain 08013;1736;3
265;171;293;755;222 Park Avenue, Boston, MA 02101;Burj Khalifa 1, Dubai, UAE;3648;4
266;156;119;704;555 Mountain Street, Washington, DC 20001;246 Spruce Road, Dallas, TX 75201;1115;5
267;537;495;539;Gyeongbokgung Palace 161, Seoul, South Korea 03045;Burj Khalifa 1, Dubai, UAE;2666;4
268;792;563;761;Piazza San Marco 1, Venice, Italy 30124;333 River Road, Seattle, WA 98101;1650;5
269;802;301;291;246 Spruce Road, Dallas, TX 75201;Burj Khalifa 1, Dubai, UAE;1224;5
270;141;760;707;753 Willow Avenue, San Diego, CA 92101;Gyeongbokgung Palace 161, Seoul, South Korea 03045;4214;5
271;397;616;30;Piazza San Marco 1, Venice, Italy 30124;987 Cedar Lane, Philadelphia, PA 19101;3697;5
272;187;437;657;246 Spruce Road, Dallas, TX 75201;Taj Mahal, Agra, India 282001;2099;4
273;361;641;351;Table Mountain Rd, Cape Town, South Africa 8001;456 Oak Avenue, Los Angeles, CA 90001;2787;2
274;62;301;725;864 Palm Drive, San Jose, CA 95101;CN Tower 301, Toronto, Canada M5V 2T6;1357;5
275;24;30;62;987 Cedar Lane, Philadelphia, PA 19101;321 Elm Boulevard, Houston, TX 77001;3417;3
276;900;312;797;Marina Bay Sands 10, Singapore 018956;Marina Bay Sands 10, Singapore 018956;4824;5
277;832;459;828;456 Oak Avenue, Los Angeles, CA 90001;Sydney Opera House, Sydney, Australia 2000;4384;2
278;676;17;622;Marina Bay Sands 10, Singapore 018956;789 Pine Road, Chicago, IL 60601;4423;4
279;11;625;162;987 Cedar Lane, Philadelphia, PA 19101;333 River Road, Seattle, WA 98101;4864;3
280;770;700;597;Copacabana Beach 100, Rio de Janeiro, Brazil 22070-011;321 Elm Boulevard, Houston, TX 77001;4356;2
281;869;369;120;Gyeongbokgung Palace 161, Seoul, South Korea 03045;444 Lake View, Denver, CO 80201;2546;5
282;283;274;546;Copacabana Beach 100, Rio de Janeiro, Brazil 22070-011;555 Mountain Street, Washington, DC 20001;1301;3
283;304;133;643;Gyeongbokgung Palace 161, Seoul, South Korea 03045;Red Square 1, Moscow, Russia 109012;4761;2
284;90;291;675;789 Pine Road, Chicago, IL 60601;246 Spruce Road, Dallas, TX 75201;1176;3
285;628;874;722;Sagrada Família 401, Barcelona, Spain 08013;Copacabana Beach 100, Rio de Janeiro, Brazil 22070-011;4054;4
286;304;632;517;555 Mountain Street, Washington, DC 20001;246 Spruce Road, Dallas, TX 75201;1479;2
287;653;996;908;Marina Bay Sands 10, Singapore 018956;CN Tower 301, Toronto, Canada M5V 2T6;2459;3
288;622;956;467;666 Ocean Avenue, Miami, FL 33101;CN Tower 301, Toronto, Canada M5V 2T6;3078;5
289;654;1000;480;246 Spruce Road, Dallas, TX 75201;Sydney Opera House, Sydney, Australia 2000;3959;5
290;894;553;922;123 Main Street, New York, NY 10001;Copacabana Beach 100, Rio de Janeiro, Brazil 22070-011;3879;4
291;785;523;177;Burj Khalifa 1, Dubai, UAE;753 Willow Avenue, San Diego, CA 92101;3524;4
292;951;73;50;Red Square 1, Moscow, Russia 109012;333 River Road, Seattle, WA 98101;4823;2
293;47;739;927;Shibuya Crossing 2, Tokyo, Japan 150-0043;753 Willow Avenue, San Diego, CA 92101;2932;4
294;907;401;87;Burj Khalifa 1, Dubai, UAE;987 Cedar Lane, Philadelphia, PA 19101;3253;3
295;165;989;853;555 Mountain Street, Washington, DC 20001;789 Pine Road, Chicago, IL 60601;4098;2
296;888;345;650;Marina Bay Sands 10, Singapore 018956;Champs-Élysées 75, Paris, France 75008;1006;4
297;245;765;685;456 Oak Avenue, Los Angeles, CA 90001;Sagrada Família 401, Barcelona, Spain 08013;3515;2
298;769;750;698;CN Tower 301, Toronto, Canada M5V 2T6;321 Elm Boulevard, Houston, TX 77001;2701;5
299;539;117;819;Shibuya Crossing 2, Tokyo, Japan 150-0043;123 Main Street, New York, NY 10001;4081;4
300;264;622;214;Forbidden City 4, Beijing, China 100006;222 Park Avenue, Boston, MA 02101;1688;2
301;832;307;423;Red Square 1, Moscow, Russia 109012;333 River Road, Seattle, WA 98101;3725;4
302;472;313;286;159 Birch Street, San Antonio, TX 78201;444 Lake View, Denver, CO 80201;3678;4
303;629;298;206;Brandenburger Tor 1, Berlin, Germany 10117;321 Elm Boulevard, Houston, TX 77001;3527;4
304;43;680;900;555 Mountain Street, Washington, DC 20001;753 Willow Avenue, San Diego, CA 92101;2178;4
305;396;85;139;654 Maple Drive, Phoenix, AZ 85001;Table Mountain Rd, Cape Town, South Africa 8001;2084;5
306;946;820;132;Brandenburger Tor 1, Berlin, Germany 10117;321 Elm Boulevard, Houston, TX 77001;3677;3
307;795;213;252;456 Oak Avenue, Los Angeles, CA 90001;Brandenburger Tor 1, Berlin, Germany 10117;1520;2
308;412;487;68;987 Cedar Lane, Philadelphia, PA 19101;246 Spruce Road, Dallas, TX 75201;4701;3
309;64;246;810;Copacabana Beach 100, Rio de Janeiro, Brazil 22070-011;CN Tower 301, Toronto, Canada M5V 2T6;2040;5
310;208;998;511;CN Tower 301, Toronto, Canada M5V 2T6;246 Spruce Road, Dallas, TX 75201;1132;5
311;801;903;982;321 Elm Boulevard, Houston, TX 77001;864 Palm Drive, San Jose, CA 95101;4315;5
312;857;760;250;Copacabana Beach 100, Rio de Janeiro, Brazil 22070-011;444 Lake View, Denver, CO 80201;3113;2
313;938;404;488;Shibuya Crossing 2, Tokyo, Japan 150-0043;Sagrada Família 401, Barcelona, Spain 08013;2838;2
314;992;136;855;Copacabana Beach 100, Rio de Janeiro, Brazil 22070-011;Forbidden City 4, Beijing, China 100006;4417;4
315;312;182;790;Piazza San Marco 1, Venice, Italy 30124;Table Mountain Rd, Cape Town, South Africa 8001;4659;4
316;274;115;296;Champs-Élysées 75, Paris, France 75008;321 Elm Boulevard, Houston, TX 77001;1336;3
317;938;934;264;Forbidden City 4, Beijing, China 100006;Forbidden City 4, Beijing, China 100006;1402;5
318;227;598;809;753 Willow Avenue, San Diego, CA 92101;654 Maple Drive, Phoenix, AZ 85001;2781;5
319;622;866;133;222 Park Avenue, Boston, MA 02101;456 Oak Avenue, Los Angeles, CA 90001;2083;4
320;522;374;114;456 Oak Avenue, Los Angeles, CA 90001;Sydney Opera House, Sydney, Australia 2000;3243;3
321;496;364;558;666 Ocean Avenue, Miami, FL 33101;CN Tower 301, Toronto, Canada M5V 2T6;3131;3
322;589;959;129;321 Elm Boulevard, Houston, TX 77001;Piazza San Marco 1, Venice, Italy 30124;3855;2
323;237;902;715;Copacabana Beach 100, Rio de Janeiro, Brazil 22070-011;444 Lake View, Denver, CO 80201;2169;2
324;589;548;344;Sydney Opera House, Sydney, Australia 2000;555 Mountain Street, Washington, DC 20001;1697;4
325;905;107;374;Taj Mahal, Agra, India 282001;Champs-Élysées 75, Paris, France 75008;1703;5
326;209;398;238;555 Mountain Street, Washington, DC 20001;654 Maple Drive, Phoenix, AZ 85001;4586;3
327;484;978;568;Gyeongbokgung Palace 161, Seoul, South Korea 03045;555 Mountain Street, Washington, DC 20001;4331;5
328;680;639;412;Shibuya Crossing 2, Tokyo, Japan 150-0043;Brandenburger Tor 1, Berlin, Germany 10117;4190;4
329;742;973;385;Gyeongbokgung Palace 161, Seoul, South Korea 03045;864 Palm Drive, San Jose, CA 95101;4312;4
330;248;7;880;321 Elm Boulevard, Houston, TX 77001;864 Palm Drive, San Jose, CA 95101;3797;4
331;93;813;440;Brandenburger Tor 1, Berlin, Germany 10117;864 Palm Drive, San Jose, CA 95101;2587;3
332;356;264;142;CN Tower 301, Toronto, Canada M5V 2T6;CN Tower 301, Toronto, Canada M5V 2T6;4810;4
333;892;330;106;Red Square 1, Moscow, Russia 109012;Table Mountain Rd, Cape Town, South Africa 8001;2499;3
334;604;603;395;Burj Khalifa 1, Dubai, UAE;Champs-Élysées 75, Paris, France 75008;1807;4
335;791;33;924;987 Cedar Lane, Philadelphia, PA 19101;Piazza San Marco 1, Venice, Italy 30124;3696;3
336;218;729;164;CN Tower 301, Toronto, Canada M5V 2T6;Piazza San Marco 1, Venice, Italy 30124;3671;2
337;888;730;158;444 Lake View, Denver, CO 80201;246 Spruce Road, Dallas, TX 75201;1397;2
338;399;210;773;Table Mountain Rd, Cape Town, South Africa 8001;654 Maple Drive, Phoenix, AZ 85001;1054;3
339;13;589;972;Marina Bay Sands 10, Singapore 018956;444 Lake View, Denver, CO 80201;1246;5
340;877;823;920;Shibuya Crossing 2, Tokyo, Japan 150-0043;Gyeongbokgung Palace 161, Seoul, South Korea 03045;3292;5
341;346;377;140;Red Square 1, Moscow, Russia 109012;555 Mountain Street, Washington, DC 20001;2108;5
342;178;34;662;654 Maple Drive, Phoenix, AZ 85001;987 Cedar Lane, Philadelphia, PA 19101;4540;2
343;566;686;827;Marina Bay Sands 10, Singapore 018956;Shibuya Crossing 2, Tokyo, Japan 150-0043;1976;5
344;801;191;66;555 Mountain Street, Washington, DC 20001;987 Cedar Lane, Philadelphia, PA 19101;2047;3
345;595;190;553;246 Spruce Road, Dallas, TX 75201;321 Elm Boulevard, Houston, TX 77001;1398;5
346;513;4;293;Red Square 1, Moscow, Russia 109012;Sydney Opera House, Sydney, Australia 2000;4724;5
347;775;32;16;654 Maple Drive, Phoenix, AZ 85001;Gyeongbokgung Palace 161, Seoul, South Korea 03045;2663;5
348;244;310;386;Marina Bay Sands 10, Singapore 018956;123 Main Street, New York, NY 10001;2720;2
349;912;122;626;456 Oak Avenue, Los Angeles, CA 90001;Piazza San Marco 1, Venice, Italy 30124;2833;5
350;793;190;123;Red Square 1, Moscow, Russia 109012;Sydney Opera House, Sydney, Australia 2000;1913;5
351;414;69;590;Red Square 1, Moscow, Russia 109012;444 Lake View, Denver, CO 80201;3457;2
352;225;345;677;321 Elm Boulevard, Houston, TX 77001;Piazza San Marco 1, Venice, Italy 30124;2310;3
353;242;598;909;Copacabana Beach 100, Rio de Janeiro, Brazil 22070-011;Table Mountain Rd, Cape Town, South Africa 8001;4484;5
354;153;964;89;Shibuya Crossing 2, Tokyo, Japan 150-0043;666 Ocean Avenue, Miami, FL 33101;1674;4
355;920;612;875;Sagrada Família 401, Barcelona, Spain 08013;Red Square 1, Moscow, Russia 109012;1820;5
356;486;912;863;987 Cedar Lane, Philadelphia, PA 19101;456 Oak Avenue, Los Angeles, CA 90001;1254;2
357;867;117;667;Taj Mahal, Agra, India 282001;Taj Mahal, Agra, India 282001;4203;4
358;486;47;949;123 Main Street, New York, NY 10001;Burj Khalifa 1, Dubai, UAE;1698;4
359;856;84;165;CN Tower 301, Toronto, Canada M5V 2T6;321 Elm Boulevard, Houston, TX 77001;3061;2
360;443;503;993;Red Square 1, Moscow, Russia 109012;Sydney Opera House, Sydney, Australia 2000;1624;2
361;227;388;258;Sydney Opera House, Sydney, Australia 2000;864 Palm Drive, San Jose, CA 95101;3726;2
362;148;607;353;Red Square 1, Moscow, Russia 109012;Burj Khalifa 1, Dubai, UAE;2452;3
363;4;758;954;Red Square 1, Moscow, Russia 109012;753 Willow Avenue, San Diego, CA 92101;3766;4
364;324;257;683;654 Maple Drive, Phoenix, AZ 85001;222 Park Avenue, Boston, MA 02101;1693;3
365;41;101;966;789 Pine Road, Chicago, IL 60601;Brandenburger Tor 1, Berlin, Germany 10117;2562;3
366;783;189;778;456 Oak Avenue, Los Angeles, CA 90001;Burj Khalifa 1, Dubai, UAE;4063;4
367;233;35;926;Sydney Opera House, Sydney, Australia 2000;Brandenburger Tor 1, Berlin, Germany 10117;3543;4
368;896;425;998;Table Mountain Rd, Cape Town, South Africa 8001;Burj Khalifa 1, Dubai, UAE;3631;4
369;131;272;466;333 River Road, Seattle, WA 98101;Sagrada Família 401, Barcelona, Spain 08013;4243;2
370;968;792;758;Copacabana Beach 100, Rio de Janeiro, Brazil 22070-011;Sagrada Família 401, Barcelona, Spain 08013;2012;4
371;319;479;931;Gyeongbokgung Palace 161, Seoul, South Korea 03045;Taj Mahal, Agra, India 282001;1055;3
372;272;507;508;864 Palm Drive, San Jose, CA 95101;Copacabana Beach 100, Rio de Janeiro, Brazil 22070-011;1473;3
373;679;695;372;123 Main Street, New York, NY 10001;Table Mountain Rd, Cape Town, South Africa 8001;1007;5
374;656;987;253;Brandenburger Tor 1, Berlin, Germany 10117;Table Mountain Rd, Cape Town, South Africa 8001;4629;2
375;385;501;507;Brandenburger Tor 1, Berlin, Germany 10117;987 Cedar Lane, Philadelphia, PA 19101;2035;3
376;94;495;54;456 Oak Avenue, Los Angeles, CA 90001;666 Ocean Avenue, Miami, FL 33101;3241;5
377;698;839;836;654 Maple Drive, Phoenix, AZ 85001;222 Park Avenue, Boston, MA 02101;2168;3
378;132;720;485;321 Elm Boulevard, Houston, TX 77001;333 River Road, Seattle, WA 98101;1081;4
379;906;671;409;444 Lake View, Denver, CO 80201;Sydney Opera House, Sydney, Australia 2000;3441;4
380;658;719;559;Gyeongbokgung Palace 161, Seoul, South Korea 03045;Taj Mahal, Agra, India 282001;4775;5
381;851;739;147;321 Elm Boulevard, Houston, TX 77001;864 Palm Drive, San Jose, CA 95101;1067;2
382;472;132;25;666 Ocean Avenue, Miami, FL 33101;222 Park Avenue, Boston, MA 02101;3028;2
383;812;368;392;456 Oak Avenue, Los Angeles, CA 90001;Brandenburger Tor 1, Berlin, Germany 10117;3349;3
384;513;383;941;Piazza San Marco 1, Venice, Italy 30124;321 Elm Boulevard, Houston, TX 77001;2906;3
385;238;91;526;246 Spruce Road, Dallas, TX 75201;Table Mountain Rd, Cape Town, South Africa 8001;3197;4
386;965;972;694;159 Birch Street, San Antonio, TX 78201;Gyeongbokgung Palace 161, Seoul, South Korea 03045;1590;3
387;582;70;437;Forbidden City 4, Beijing, China 100006;Piazza San Marco 1, Venice, Italy 30124;3497;5
388;102;127;163;Sagrada Família 401, Barcelona, Spain 08013;Copacabana Beach 100, Rio de Janeiro, Brazil 22070-011;2281;4
389;655;413;387;Taj Mahal, Agra, India 282001;Table Mountain Rd, Cape Town, South Africa 8001;4029;3
390;878;959;754;333 River Road, Seattle, WA 98101;Sagrada Família 401, Barcelona, Spain 08013;3308;3
391;950;597;211;333 River Road, Seattle, WA 98101;864 Palm Drive, San Jose, CA 95101;3110;3
392;905;535;743;987 Cedar Lane, Philadelphia, PA 19101;CN Tower 301, Toronto, Canada M5V 2T6;1813;3
393;216;294;562;864 Palm Drive, San Jose, CA 95101;Champs-Élysées 75, Paris, France 75008;2113;4
394;896;801;857;Champs-Élysées 75, Paris, France 75008;Sagrada Família 401, Barcelona, Spain 08013;3940;4
395;80;848;371;444 Lake View, Denver, CO 80201;222 Park Avenue, Boston, MA 02101;4520;3
396;38;347;1000;Sagrada Família 401, Barcelona, Spain 08013;Marina Bay Sands 10, Singapore 018956;3425;4
397;744;929;777;Gyeongbokgung Palace 161, Seoul, South Korea 03045;Shibuya Crossing 2, Tokyo, Japan 150-0043;3148;5
398;107;247;555;Shibuya Crossing 2, Tokyo, Japan 150-0043;Burj Khalifa 1, Dubai, UAE;3532;4
399;102;814;436;Shibuya Crossing 2, Tokyo, Japan 150-0043;864 Palm Drive, San Jose, CA 95101;1547;4
400;207;5;137;333 River Road, Seattle, WA 98101;Sydney Opera House, Sydney, Australia 2000;1425;5
401;68;862;490;Burj Khalifa 1, Dubai, UAE;654 Maple Drive, Phoenix, AZ 85001;4283;5
402;765;860;666;864 Palm Drive, San Jose, CA 95101;654 Maple Drive, Phoenix, AZ 85001;3415;4
403;32;654;222;159 Birch Street, San Antonio, TX 78201;Sagrada Família 401, Barcelona, Spain 08013;4991;5
404;888;532;839;Table Mountain Rd, Cape Town, South Africa 8001;444 Lake View, Denver, CO 80201;1466;3
405;82;409;887;456 Oak Avenue, Los Angeles, CA 90001;444 Lake View, Denver, CO 80201;2063;4
406;137;99;653;Gyeongbokgung Palace 161, Seoul, South Korea 03045;987 Cedar Lane, Philadelphia, PA 19101;2766;2
407;641;897;475;555 Mountain Street, Washington, DC 20001;Copacabana Beach 100, Rio de Janeiro, Brazil 22070-011;3337;5
408;368;670;681;Burj Khalifa 1, Dubai, UAE;Brandenburger Tor 1, Berlin, Germany 10117;3435;4
409;950;324;768;246 Spruce Road, Dallas, TX 75201;666 Ocean Avenue, Miami, FL 33101;4392;5
410;983;857;536;666 Ocean Avenue, Miami, FL 33101;159 Birch Street, San Antonio, TX 78201;1023;2
411;654;279;354;Piazza San Marco 1, Venice, Italy 30124;987 Cedar Lane, Philadelphia, PA 19101;1487;2
412;814;509;495;Champs-Élysées 75, Paris, France 75008;246 Spruce Road, Dallas, TX 75201;2839;4
413;167;653;240;222 Park Avenue, Boston, MA 02101;Taj Mahal, Agra, India 282001;1689;4
414;376;994;315;444 Lake View, Denver, CO 80201;Taj Mahal, Agra, India 282001;4437;5
415;822;215;958;Brandenburger Tor 1, Berlin, Germany 10117;321 Elm Boulevard, Houston, TX 77001;1358;3
416;106;307;11;Marina Bay Sands 10, Singapore 018956;Table Mountain Rd, Cape Town, South Africa 8001;2798;4
417;510;488;321;Table Mountain Rd, Cape Town, South Africa 8001;Red Square 1, Moscow, Russia 109012;4144;2
418;174;592;814;Champs-Élysées 75, Paris, France 75008;Burj Khalifa 1, Dubai, UAE;4778;4
419;696;829;333;456 Oak Avenue, Los Angeles, CA 90001;Forbidden City 4, Beijing, China 100006;1644;5
420;292;787;907;159 Birch Street, San Antonio, TX 78201;Sagrada Família 401, Barcelona, Spain 08013;1463;2
421;923;489;690;444 Lake View, Denver, CO 80201;Gyeongbokgung Palace 161, Seoul, South Korea 03045;3423;3
422;980;549;933;Table Mountain Rd, Cape Town, South Africa 8001;789 Pine Road, Chicago, IL 60601;3248;4
423;288;493;844;Table Mountain Rd, Cape Town, South Africa 8001;333 River Road, Seattle, WA 98101;3178;5
424;54;819;85;Red Square 1, Moscow, Russia 109012;123 Main Street, New York, NY 10001;2017;5
425;779;664;869;Sydney Opera House, Sydney, Australia 2000;321 Elm Boulevard, Houston, TX 77001;3399;3
426;598;955;985;864 Palm Drive, San Jose, CA 95101;Table Mountain Rd, Cape Town, South Africa 8001;3442;5
427;800;189;116;222 Park Avenue, Boston, MA 02101;159 Birch Street, San Antonio, TX 78201;3456;4
428;848;609;876;Sydney Opera House, Sydney, Australia 2000;159 Birch Street, San Antonio, TX 78201;4088;5
429;979;44;676;666 Ocean Avenue, Miami, FL 33101;753 Willow Avenue, San Diego, CA 92101;1886;2
430;247;591;57;Champs-Élysées 75, Paris, France 75008;Red Square 1, Moscow, Russia 109012;1070;4
431;525;736;34;Champs-Élysées 75, Paris, France 75008;Copacabana Beach 100, Rio de Janeiro, Brazil 22070-011;1194;5
432;660;883;774;222 Park Avenue, Boston, MA 02101;CN Tower 301, Toronto, Canada M5V 2T6;4685;5
433;41;918;644;555 Mountain Street, Washington, DC 20001;222 Park Avenue, Boston, MA 02101;1235;2
434;442;637;256;666 Ocean Avenue, Miami, FL 33101;654 Maple Drive, Phoenix, AZ 85001;3348;3
435;311;828;265;Burj Khalifa 1, Dubai, UAE;CN Tower 301, Toronto, Canada M5V 2T6;3123;2
436;148;989;40;Champs-Élysées 75, Paris, France 75008;Forbidden City 4, Beijing, China 100006;3080;5
437;856;130;474;456 Oak Avenue, Los Angeles, CA 90001;Shibuya Crossing 2, Tokyo, Japan 150-0043;3917;5
438;532;388;471;Marina Bay Sands 10, Singapore 018956;Piazza San Marco 1, Venice, Italy 30124;3868;3
439;814;248;600;753 Willow Avenue, San Diego, CA 92101;Marina Bay Sands 10, Singapore 018956;4631;3
440;537;929;733;222 Park Avenue, Boston, MA 02101;Sydney Opera House, Sydney, Australia 2000;1922;3
441;744;630;131;Shibuya Crossing 2, Tokyo, Japan 150-0043;987 Cedar Lane, Philadelphia, PA 19101;1697;2
442;300;163;842;Marina Bay Sands 10, Singapore 018956;Champs-Élysées 75, Paris, France 75008;2379;5
443;3;56;905;789 Pine Road, Chicago, IL 60601;Sydney Opera House, Sydney, Australia 2000;4082;2
444;462;856;275;123 Main Street, New York, NY 10001;Shibuya Crossing 2, Tokyo, Japan 150-0043;3241;3
445;450;38;173;321 Elm Boulevard, Houston, TX 77001;555 Mountain Street, Washington, DC 20001;3026;5
446;79;328;503;Shibuya Crossing 2, Tokyo, Japan 150-0043;555 Mountain Street, Washington, DC 20001;4156;3
447;34;599;251;CN Tower 301, Toronto, Canada M5V 2T6;246 Spruce Road, Dallas, TX 75201;1286;2
448;727;877;360;444 Lake View, Denver, CO 80201;456 Oak Avenue, Los Angeles, CA 90001;2738;4
449;133;59;637;Champs-Élysées 75, Paris, France 75008;246 Spruce Road, Dallas, TX 75201;2667;4
450;378;202;411;Gyeongbokgung Palace 161, Seoul, South Korea 03045;555 Mountain Street, Washington, DC 20001;1347;3
451;196;672;285;Marina Bay Sands 10, Singapore 018956;Brandenburger Tor 1, Berlin, Germany 10117;2835;5
452;244;551;796;Sagrada Família 401, Barcelona, Spain 08013;321 Elm Boulevard, Houston, TX 77001;4382;5
453;647;774;826;Piazza San Marco 1, Venice, Italy 30124;Red Square 1, Moscow, Russia 109012;4053;5
454;319;377;736;Shibuya Crossing 2, Tokyo, Japan 150-0043;333 River Road, Seattle, WA 98101;3274;4
455;853;692;356;246 Spruce Road, Dallas, TX 75201;555 Mountain Street, Washington, DC 20001;3342;3
456;149;398;589;987 Cedar Lane, Philadelphia, PA 19101;246 Spruce Road, Dallas, TX 75201;3065;4
457;168;830;619;Champs-Élysées 75, Paris, France 75008;789 Pine Road, Chicago, IL 60601;4205;5
458;972;688;541;444 Lake View, Denver, CO 80201;987 Cedar Lane, Philadelphia, PA 19101;2769;4
459;730;601;696;864 Palm Drive, San Jose, CA 95101;Sydney Opera House, Sydney, Australia 2000;1556;4
460;935;610;967;Sagrada Família 401, Barcelona, Spain 08013;Marina Bay Sands 10, Singapore 018956;3549;4
461;603;689;289;Burj Khalifa 1, Dubai, UAE;Table Mountain Rd, Cape Town, South Africa 8001;4435;3
462;178;561;914;444 Lake View, Denver, CO 80201;Marina Bay Sands 10, Singapore 018956;4569;4
463;536;987;846;444 Lake View, Denver, CO 80201;Marina Bay Sands 10, Singapore 018956;4050;2
464;759;628;368;Copacabana Beach 100, Rio de Janeiro, Brazil 22070-011;Marina Bay Sands 10, Singapore 018956;3159;5
465;184;855;330;987 Cedar Lane, Philadelphia, PA 19101;333 River Road, Seattle, WA 98101;2960;4
466;909;347;201;444 Lake View, Denver, CO 80201;555 Mountain Street, Washington, DC 20001;3814;2
467;162;15;582;Forbidden City 4, Beijing, China 100006;Forbidden City 4, Beijing, China 100006;2699;2
468;150;47;525;Brandenburger Tor 1, Berlin, Germany 10117;Brandenburger Tor 1, Berlin, Germany 10117;2312;5
469;54;16;281;321 Elm Boulevard, Houston, TX 77001;222 Park Avenue, Boston, MA 02101;4217;4
470;635;804;223;Piazza San Marco 1, Venice, Italy 30124;987 Cedar Lane, Philadelphia, PA 19101;3406;4
471;740;512;614;Table Mountain Rd, Cape Town, South Africa 8001;Shibuya Crossing 2, Tokyo, Japan 150-0043;3919;3
472;849;656;61;666 Ocean Avenue, Miami, FL 33101;Copacabana Beach 100, Rio de Janeiro, Brazil 22070-011;1752;5
473;371;359;603;654 Maple Drive, Phoenix, AZ 85001;Marina Bay Sands 10, Singapore 018956;2747;5
474;961;256;883;654 Maple Drive, Phoenix, AZ 85001;Marina Bay Sands 10, Singapore 018956;2407;3
475;467;569;833;Taj Mahal, Agra, India 282001;159 Birch Street, San Antonio, TX 78201;2085;3
476;104;259;514;CN Tower 301, Toronto, Canada M5V 2T6;159 Birch Street, San Antonio, TX 78201;1571;5
477;854;872;749;159 Birch Street, San Antonio, TX 78201;Forbidden City 4, Beijing, China 100006;3374;4
478;758;841;119;159 Birch Street, San Antonio, TX 78201;321 Elm Boulevard, Houston, TX 77001;2197;4
479;625;581;213;Shibuya Crossing 2, Tokyo, Japan 150-0043;Champs-Élysées 75, Paris, France 75008;1876;5
480;861;527;359;Red Square 1, Moscow, Russia 109012;Forbidden City 4, Beijing, China 100006;2733;2
481;271;450;660;CN Tower 301, Toronto, Canada M5V 2T6;222 Park Avenue, Boston, MA 02101;2625;3
482;562;493;135;Marina Bay Sands 10, Singapore 018956;654 Maple Drive, Phoenix, AZ 85001;3809;5
483;15;929;180;456 Oak Avenue, Los Angeles, CA 90001;Red Square 1, Moscow, Russia 109012;4308;2
484;247;929;947;CN Tower 301, Toronto, Canada M5V 2T6;Sydney Opera House, Sydney, Australia 2000;2638;3
485;264;258;811;CN Tower 301, Toronto, Canada M5V 2T6;CN Tower 301, Toronto, Canada M5V 2T6;3407;2
486;397;791;284;Marina Bay Sands 10, Singapore 018956;654 Maple Drive, Phoenix, AZ 85001;3207;2
487;242;116;416;Taj Mahal, Agra, India 282001;Forbidden City 4, Beijing, China 100006;1249;4
488;129;932;765;CN Tower 301, Toronto, Canada M5V 2T6;Marina Bay Sands 10, Singapore 018956;1443;2
489;608;83;864;123 Main Street, New York, NY 10001;Piazza San Marco 1, Venice, Italy 30124;2663;4
490;172;778;479;Red Square 1, Moscow, Russia 109012;789 Pine Road, Chicago, IL 60601;2471;4
491;865;76;138;Red Square 1, Moscow, Russia 109012;Champs-Élysées 75, Paris, France 75008;1450;2
492;249;602;955;789 Pine Road, Chicago, IL 60601;246 Spruce Road, Dallas, TX 75201;3348;4
493;840;41;664;444 Lake View, Denver, CO 80201;Copacabana Beach 100, Rio de Janeiro, Brazil 22070-011;1687;3
494;884;541;684;Sagrada Família 401, Barcelona, Spain 08013;Red Square 1, Moscow, Russia 109012;1290;5
495;890;133;702;Piazza San Marco 1, Venice, Italy 30124;654 Maple Drive, Phoenix, AZ 85001;3433;5
496;981;825;901;654 Maple Drive, Phoenix, AZ 85001;123 Main Street, New York, NY 10001;4287;4
497;701;387;276;Copacabana Beach 100, Rio de Janeiro, Brazil 22070-011;987 Cedar Lane, Philadelphia, PA 19101;4721;5
498;829;538;500;Marina Bay Sands 10, Singapore 018956;Gyeongbokgung Palace 161, Seoul, South Korea 03045;1145;2
499;676;254;93;Taj Mahal, Agra, India 282001;Sydney Opera House, Sydney, Australia 2000;2823;2
500;816;770;21;789 Pine Road, Chicago, IL 60601;Table Mountain Rd, Cape Town, South Africa 8001;2411;4
501;881;807;415;159 Birch Street, San Antonio, TX 78201;222 Park Avenue, Boston, MA 02101;3124;4
502;678;305;980;654 Maple Drive, Phoenix, AZ 85001;Copacabana Beach 100, Rio de Janeiro, Brazil 22070-011;4002;3
503;351;226;121;Copacabana Beach 100, Rio de Janeiro, Brazil 22070-011;333 River Road, Seattle, WA 98101;1353;4
504;512;974;847;Sagrada Família 401, Barcelona, Spain 08013;159 Birch Street, San Antonio, TX 78201;3665;3
505;899;625;113;Shibuya Crossing 2, Tokyo, Japan 150-0043;Copacabana Beach 100, Rio de Janeiro, Brazil 22070-011;2913;4
506;216;504;807;Piazza San Marco 1, Venice, Italy 30124;Table Mountain Rd, Cape Town, South Africa 8001;4403;5
507;215;301;145;Taj Mahal, Agra, India 282001;Taj Mahal, Agra, India 282001;4559;2
508;362;986;963;Sydney Opera House, Sydney, Australia 2000;753 Willow Avenue, San Diego, CA 92101;2308;2
509;713;29;799;666 Ocean Avenue, Miami, FL 33101;Piazza San Marco 1, Venice, Italy 30124;1326;3
510;983;458;591;Marina Bay Sands 10, Singapore 018956;666 Ocean Avenue, Miami, FL 33101;3104;5
511;912;692;938;Shibuya Crossing 2, Tokyo, Japan 150-0043;246 Spruce Road, Dallas, TX 75201;3570;5
512;751;313;884;654 Maple Drive, Phoenix, AZ 85001;Red Square 1, Moscow, Russia 109012;4847;2
513;883;521;191;Marina Bay Sands 10, Singapore 018956;Table Mountain Rd, Cape Town, South Africa 8001;3440;4
514;369;29;906;753 Willow Avenue, San Diego, CA 92101;222 Park Avenue, Boston, MA 02101;2698;5
515;821;231;608;Burj Khalifa 1, Dubai, UAE;753 Willow Avenue, San Diego, CA 92101;2425;5
516;383;833;63;864 Palm Drive, San Jose, CA 95101;Piazza San Marco 1, Venice, Italy 30124;2323;5
517;474;79;80;666 Ocean Avenue, Miami, FL 33101;753 Willow Avenue, San Diego, CA 92101;3221;3
518;626;210;33;555 Mountain Street, Washington, DC 20001;555 Mountain Street, Washington, DC 20001;3667;5
519;437;90;234;Piazza San Marco 1, Venice, Italy 30124;Champs-Élysées 75, Paris, France 75008;1085;3
520;678;175;112;Marina Bay Sands 10, Singapore 018956;Copacabana Beach 100, Rio de Janeiro, Brazil 22070-011;1715;3
521;638;256;228;321 Elm Boulevard, Houston, TX 77001;Brandenburger Tor 1, Berlin, Germany 10117;1633;4
522;721;309;618;Champs-Élysées 75, Paris, France 75008;864 Palm Drive, San Jose, CA 95101;1640;2
523;924;899;956;Table Mountain Rd, Cape Town, South Africa 8001;555 Mountain Street, Washington, DC 20001;3278;3
524;658;673;598;789 Pine Road, Chicago, IL 60601;Burj Khalifa 1, Dubai, UAE;2116;4
525;903;816;734;666 Ocean Avenue, Miami, FL 33101;Shibuya Crossing 2, Tokyo, Japan 150-0043;2200;2
526;855;515;95;Gyeongbokgung Palace 161, Seoul, South Korea 03045;Table Mountain Rd, Cape Town, South Africa 8001;1764;4
527;921;826;100;Brandenburger Tor 1, Berlin, Germany 10117;333 River Road, Seattle, WA 98101;3915;2
528;596;386;439;864 Palm Drive, San Jose, CA 95101;789 Pine Road, Chicago, IL 60601;3506;3
529;163;558;763;753 Willow Avenue, San Diego, CA 92101;789 Pine Road, Chicago, IL 60601;1515;2
530;844;117;380;864 Palm Drive, San Jose, CA 95101;Copacabana Beach 100, Rio de Janeiro, Brazil 22070-011;1322;4
531;349;80;968;Marina Bay Sands 10, Singapore 018956;Taj Mahal, Agra, India 282001;2639;3
532;295;975;185;987 Cedar Lane, Philadelphia, PA 19101;654 Maple Drive, Phoenix, AZ 85001;2184;4
533;521;963;278;753 Willow Avenue, San Diego, CA 92101;333 River Road, Seattle, WA 98101;4746;4
534;763;598;155;987 Cedar Lane, Philadelphia, PA 19101;Champs-Élysées 75, Paris, France 75008;4601;3
535;999;109;616;Burj Khalifa 1, Dubai, UAE;789 Pine Road, Chicago, IL 60601;2075;2
536;516;239;88;789 Pine Road, Chicago, IL 60601;Copacabana Beach 100, Rio de Janeiro, Brazil 22070-011;2145;5
537;836;167;916;555 Mountain Street, Washington, DC 20001;789 Pine Road, Chicago, IL 60601;1327;3
538;61;331;670;Gyeongbokgung Palace 161, Seoul, South Korea 03045;Champs-Élysées 75, Paris, France 75008;3192;4
539;361;127;268;Taj Mahal, Agra, India 282001;Piazza San Marco 1, Venice, Italy 30124;1458;5
540;163;3;382;246 Spruce Road, Dallas, TX 75201;Taj Mahal, Agra, India 282001;3423;5
541;79;259;336;555 Mountain Street, Washington, DC 20001;CN Tower 301, Toronto, Canada M5V 2T6;4090;5
542;571;374;950;444 Lake View, Denver, CO 80201;864 Palm Drive, San Jose, CA 95101;3055;3
543;429;23;381;753 Willow Avenue, San Diego, CA 92101;987 Cedar Lane, Philadelphia, PA 19101;3111;2
544;132;978;732;Table Mountain Rd, Cape Town, South Africa 8001;987 Cedar Lane, Philadelphia, PA 19101;4094;4
545;649;547;362;246 Spruce Road, Dallas, TX 75201;159 Birch Street, San Antonio, TX 78201;2646;2
546;253;16;186;Champs-Élysées 75, Paris, France 75008;Red Square 1, Moscow, Russia 109012;3222;3
547;786;135;776;456 Oak Avenue, Los Angeles, CA 90001;666 Ocean Avenue, Miami, FL 33101;3682;3
548;428;807;744;Marina Bay Sands 10, Singapore 018956;Red Square 1, Moscow, Russia 109012;4772;2
549;884;885;674;Copacabana Beach 100, Rio de Janeiro, Brazil 22070-011;Taj Mahal, Agra, India 282001;2735;2
550;149;262;402;Red Square 1, Moscow, Russia 109012;Sydney Opera House, Sydney, Australia 2000;1845;3
551;784;40;443;789 Pine Road, Chicago, IL 60601;Gyeongbokgung Palace 161, Seoul, South Korea 03045;2079;5
552;533;790;527;555 Mountain Street, Washington, DC 20001;Table Mountain Rd, Cape Town, South Africa 8001;4699;2
553;223;180;282;444 Lake View, Denver, CO 80201;864 Palm Drive, San Jose, CA 95101;2300;4
554;997;379;594;246 Spruce Road, Dallas, TX 75201;753 Willow Avenue, San Diego, CA 92101;1916;3
555;608;493;516;Taj Mahal, Agra, India 282001;444 Lake View, Denver, CO 80201;1850;2
556;113;979;370;Brandenburger Tor 1, Berlin, Germany 10117;Red Square 1, Moscow, Russia 109012;3050;3
557;573;551;534;222 Park Avenue, Boston, MA 02101;246 Spruce Road, Dallas, TX 75201;4591;2
558;579;505;115;Piazza San Marco 1, Venice, Italy 30124;654 Maple Drive, Phoenix, AZ 85001;4234;5
559;477;510;329;666 Ocean Avenue, Miami, FL 33101;654 Maple Drive, Phoenix, AZ 85001;4557;2
560;236;606;323;Burj Khalifa 1, Dubai, UAE;Shibuya Crossing 2, Tokyo, Japan 150-0043;2147;2
561;110;279;334;Gyeongbokgung Palace 161, Seoul, South Korea 03045;333 River Road, Seattle, WA 98101;3907;3
562;767;476;604;654 Maple Drive, Phoenix, AZ 85001;Shibuya Crossing 2, Tokyo, Japan 150-0043;4432;4
563;681;90;464;Copacabana Beach 100, Rio de Janeiro, Brazil 22070-011;Champs-Élysées 75, Paris, France 75008;1486;2
564;770;660;459;Shibuya Crossing 2, Tokyo, Japan 150-0043;Piazza San Marco 1, Venice, Italy 30124;3362;5
565;296;871;178;456 Oak Avenue, Los Angeles, CA 90001;Brandenburger Tor 1, Berlin, Germany 10117;2997;4
566;579;243;410;CN Tower 301, Toronto, Canada M5V 2T6;123 Main Street, New York, NY 10001;1494;5
567;872;910;997;Red Square 1, Moscow, Russia 109012;Champs-Élysées 75, Paris, France 75008;3039;2
568;205;151;760;Marina Bay Sands 10, Singapore 018956;555 Mountain Street, Washington, DC 20001;4564;2
569;298;474;51;555 Mountain Street, Washington, DC 20001;789 Pine Road, Chicago, IL 60601;3338;3
570;291;304;44;Shibuya Crossing 2, Tokyo, Japan 150-0043;Piazza San Marco 1, Venice, Italy 30124;1477;3
571;584;361;204;666 Ocean Avenue, Miami, FL 33101;864 Palm Drive, San Jose, CA 95101;3688;3
572;119;678;663;864 Palm Drive, San Jose, CA 95101;Taj Mahal, Agra, India 282001;3222;2
573;473;739;964;CN Tower 301, Toronto, Canada M5V 2T6;555 Mountain Street, Washington, DC 20001;3181;3
574;687;227;193;Forbidden City 4, Beijing, China 100006;333 River Road, Seattle, WA 98101;3876;5
575;987;625;571;Gyeongbokgung Palace 161, Seoul, South Korea 03045;555 Mountain Street, Washington, DC 20001;1831;2
576;993;100;823;Piazza San Marco 1, Venice, Italy 30124;Piazza San Marco 1, Venice, Italy 30124;4653;2
577;169;152;226;Sagrada Família 401, Barcelona, Spain 08013;Sagrada Família 401, Barcelona, Spain 08013;3579;4
578;415;341;565;444 Lake View, Denver, CO 80201;246 Spruce Road, Dallas, TX 75201;3464;4
579;653;31;257;987 Cedar Lane, Philadelphia, PA 19101;222 Park Avenue, Boston, MA 02101;1472;5
580;791;912;861;246 Spruce Road, Dallas, TX 75201;123 Main Street, New York, NY 10001;1020;4
581;146;545;199;Marina Bay Sands 10, Singapore 018956;Sydney Opera House, Sydney, Australia 2000;2796;3
582;41;124;791;864 Palm Drive, San Jose, CA 95101;Sagrada Família 401, Barcelona, Spain 08013;2065;2
583;9;954;305;753 Willow Avenue, San Diego, CA 92101;333 River Road, Seattle, WA 98101;3336;5
584;844;423;429;444 Lake View, Denver, CO 80201;789 Pine Road, Chicago, IL 60601;1757;3
585;119;173;714;Taj Mahal, Agra, India 282001;159 Birch Street, San Antonio, TX 78201;3735;2
586;941;5;98;Gyeongbokgung Palace 161, Seoul, South Korea 03045;Champs-Élysées 75, Paris, France 75008;3312;2
587;812;325;785;Copacabana Beach 100, Rio de Janeiro, Brazil 22070-011;864 Palm Drive, San Jose, CA 95101;1593;5
588;557;84;979;Sagrada Família 401, Barcelona, Spain 08013;Sydney Opera House, Sydney, Australia 2000;3323;2
589;838;629;59;222 Park Avenue, Boston, MA 02101;CN Tower 301, Toronto, Canada M5V 2T6;2855;5
590;642;48;136;Champs-Élysées 75, Paris, France 75008;Burj Khalifa 1, Dubai, UAE;4380;3
591;843;504;260;987 Cedar Lane, Philadelphia, PA 19101;Copacabana Beach 100, Rio de Janeiro, Brazil 22070-011;4311;2
592;368;855;607;159 Birch Street, San Antonio, TX 78201;Champs-Élysées 75, Paris, France 75008;2893;4
593;577;415;783;CN Tower 301, Toronto, Canada M5V 2T6;987 Cedar Lane, Philadelphia, PA 19101;2758;5
594;85;964;373;753 Willow Avenue, San Diego, CA 92101;Copacabana Beach 100, Rio de Janeiro, Brazil 22070-011;4441;3
595;407;685;708;333 River Road, Seattle, WA 98101;789 Pine Road, Chicago, IL 60601;4943;3
596;572;776;925;456 Oak Avenue, Los Angeles, CA 90001;Taj Mahal, Agra, India 282001;1106;4
597;22;398;453;333 River Road, Seattle, WA 98101;123 Main Street, New York, NY 10001;2763;2
598;408;514;43;456 Oak Avenue, Los Angeles, CA 90001;Shibuya Crossing 2, Tokyo, Japan 150-0043;1174;5
599;296;992;984;Sydney Opera House, Sydney, Australia 2000;246 Spruce Road, Dallas, TX 75201;4579;4
600;810;840;401;Forbidden City 4, Beijing, China 100006;CN Tower 301, Toronto, Canada M5V 2T6;4987;2
601;884;368;307;444 Lake View, Denver, CO 80201;444 Lake View, Denver, CO 80201;3812;2
602;45;95;448;987 Cedar Lane, Philadelphia, PA 19101;321 Elm Boulevard, Houston, TX 77001;1855;2
603;849;956;97;Copacabana Beach 100, Rio de Janeiro, Brazil 22070-011;333 River Road, Seattle, WA 98101;1704;2
604;542;481;19;Brandenburger Tor 1, Berlin, Germany 10117;Shibuya Crossing 2, Tokyo, Japan 150-0043;4887;5
605;335;491;613;Gyeongbokgung Palace 161, Seoul, South Korea 03045;159 Birch Street, San Antonio, TX 78201;1814;4
606;290;339;948;Forbidden City 4, Beijing, China 100006;Forbidden City 4, Beijing, China 100006;4399;4
607;977;265;295;654 Maple Drive, Phoenix, AZ 85001;246 Spruce Road, Dallas, TX 75201;2160;2
608;118;87;249;444 Lake View, Denver, CO 80201;Brandenburger Tor 1, Berlin, Germany 10117;4479;2
609;291;423;450;Table Mountain Rd, Cape Town, South Africa 8001;246 Spruce Road, Dallas, TX 75201;4064;4
610;568;751;426;Gyeongbokgung Palace 161, Seoul, South Korea 03045;654 Maple Drive, Phoenix, AZ 85001;3239;2
611;580;512;561;Sydney Opera House, Sydney, Australia 2000;Forbidden City 4, Beijing, China 100006;2008;2
612;961;664;770;Red Square 1, Moscow, Russia 109012;222 Park Avenue, Boston, MA 02101;1672;4
613;393;264;621;222 Park Avenue, Boston, MA 02101;Shibuya Crossing 2, Tokyo, Japan 150-0043;1451;5
614;221;116;806;CN Tower 301, Toronto, Canada M5V 2T6;555 Mountain Street, Washington, DC 20001;4308;4
615;767;942;229;Red Square 1, Moscow, Russia 109012;159 Birch Street, San Antonio, TX 78201;1439;2
616;308;785;902;Sagrada Família 401, Barcelona, Spain 08013;246 Spruce Road, Dallas, TX 75201;1337;3
617;105;944;92;Piazza San Marco 1, Venice, Italy 30124;321 Elm Boulevard, Houston, TX 77001;4726;5
618;711;630;829;CN Tower 301, Toronto, Canada M5V 2T6;444 Lake View, Denver, CO 80201;4963;4
619;326;529;669;333 River Road, Seattle, WA 98101;Burj Khalifa 1, Dubai, UAE;4690;2
620;753;93;209;987 Cedar Lane, Philadelphia, PA 19101;864 Palm Drive, San Jose, CA 95101;1615;2
621;590;183;654;753 Willow Avenue, San Diego, CA 92101;159 Birch Street, San Antonio, TX 78201;3159;5
622;829;192;445;Sagrada Família 401, Barcelona, Spain 08013;Table Mountain Rd, Cape Town, South Africa 8001;4110;4
623;920;458;398;222 Park Avenue, Boston, MA 02101;321 Elm Boulevard, Houston, TX 77001;3426;4
624;87;162;873;159 Birch Street, San Antonio, TX 78201;654 Maple Drive, Phoenix, AZ 85001;1178;2
625;698;30;455;456 Oak Avenue, Los Angeles, CA 90001;444 Lake View, Denver, CO 80201;1111;2
626;202;846;192;222 Park Avenue, Boston, MA 02101;321 Elm Boulevard, Houston, TX 77001;3177;2
627;965;890;545;CN Tower 301, Toronto, Canada M5V 2T6;Copacabana Beach 100, Rio de Janeiro, Brazil 22070-011;1220;2
628;832;193;859;Taj Mahal, Agra, India 282001;Red Square 1, Moscow, Russia 109012;4578;5
629;124;725;703;246 Spruce Road, Dallas, TX 75201;246 Spruce Road, Dallas, TX 75201;1942;5
630;367;55;977;333 River Road, Seattle, WA 98101;555 Mountain Street, Washington, DC 20001;1885;3
631;876;480;636;987 Cedar Lane, Philadelphia, PA 19101;Shibuya Crossing 2, Tokyo, Japan 150-0043;4247;4
632;768;309;695;864 Palm Drive, San Jose, CA 95101;789 Pine Road, Chicago, IL 60601;4517;4
633;30;807;961;Taj Mahal, Agra, India 282001;456 Oak Avenue, Los Angeles, CA 90001;4827;3
634;162;962;772;Gyeongbokgung Palace 161, Seoul, South Korea 03045;864 Palm Drive, San Jose, CA 95101;4100;5
635;77;552;302;456 Oak Avenue, Los Angeles, CA 90001;456 Oak Avenue, Los Angeles, CA 90001;4244;2
636;630;446;834;Marina Bay Sands 10, Singapore 018956;654 Maple Drive, Phoenix, AZ 85001;3820;5
637;713;654;317;753 Willow Avenue, San Diego, CA 92101;Gyeongbokgung Palace 161, Seoul, South Korea 03045;4494;4
638;461;657;272;333 River Road, Seattle, WA 98101;CN Tower 301, Toronto, Canada M5V 2T6;4473;4
639;293;465;882;789 Pine Road, Chicago, IL 60601;789 Pine Road, Chicago, IL 60601;1167;3
640;901;911;843;Red Square 1, Moscow, Russia 109012;222 Park Avenue, Boston, MA 02101;4984;3
641;471;243;764;Shibuya Crossing 2, Tokyo, Japan 150-0043;Sagrada Família 401, Barcelona, Spain 08013;4650;4
642;531;937;579;222 Park Avenue, Boston, MA 02101;123 Main Street, New York, NY 10001;1112;2
643;597;259;867;753 Willow Avenue, San Diego, CA 92101;Sydney Opera House, Sydney, Australia 2000;2359;2
644;627;982;210;Brandenburger Tor 1, Berlin, Germany 10117;Gyeongbokgung Palace 161, Seoul, South Korea 03045;2281;4
645;80;328;788;555 Mountain Street, Washington, DC 20001;864 Palm Drive, San Jose, CA 95101;4388;3
646;572;789;328;666 Ocean Avenue, Miami, FL 33101;Red Square 1, Moscow, Russia 109012;3954;2
647;464;139;726;333 River Road, Seattle, WA 98101;333 River Road, Seattle, WA 98101;1765;4
648;876;611;91;Shibuya Crossing 2, Tokyo, Japan 150-0043;333 River Road, Seattle, WA 98101;3799;3
649;679;414;124;222 Park Avenue, Boston, MA 02101;987 Cedar Lane, Philadelphia, PA 19101;2792;5
650;543;889;457;246 Spruce Road, Dallas, TX 75201;444 Lake View, Denver, CO 80201;4170;4
651;854;73;482;333 River Road, Seattle, WA 98101;Table Mountain Rd, Cape Town, South Africa 8001;1571;2
652;218;70;628;666 Ocean Avenue, Miami, FL 33101;Burj Khalifa 1, Dubai, UAE;3944;5
653;393;876;487;Shibuya Crossing 2, Tokyo, Japan 150-0043;321 Elm Boulevard, Houston, TX 77001;2999;3
654;767;198;672;123 Main Street, New York, NY 10001;222 Park Avenue, Boston, MA 02101;2614;4
655;612;609;632;654 Maple Drive, Phoenix, AZ 85001;Table Mountain Rd, Cape Town, South Africa 8001;2567;4
656;77;881;510;Red Square 1, Moscow, Russia 109012;321 Elm Boulevard, Houston, TX 77001;2449;3
657;202;51;592;Marina Bay Sands 10, Singapore 018956;Copacabana Beach 100, Rio de Janeiro, Brazil 22070-011;1909;5
658;217;554;874;987 Cedar Lane, Philadelphia, PA 19101;246 Spruce Road, Dallas, TX 75201;3697;5
659;729;304;82;Marina Bay Sands 10, Singapore 018956;Sydney Opera House, Sydney, Australia 2000;4603;3
660;752;486;4;Red Square 1, Moscow, Russia 109012;444 Lake View, Denver, CO 80201;3531;2
661;239;749;55;159 Birch Street, San Antonio, TX 78201;222 Park Avenue, Boston, MA 02101;4536;5
662;987;514;680;CN Tower 301, Toronto, Canada M5V 2T6;864 Palm Drive, San Jose, CA 95101;3742;5
663;685;42;430;333 River Road, Seattle, WA 98101;Piazza San Marco 1, Venice, Italy 30124;1019;4
664;127;600;995;321 Elm Boulevard, Houston, TX 77001;Forbidden City 4, Beijing, China 100006;3088;5
665;616;507;815;Taj Mahal, Agra, India 282001;Sagrada Família 401, Barcelona, Spain 08013;3843;3
666;139;79;384;Forbidden City 4, Beijing, China 100006;987 Cedar Lane, Philadelphia, PA 19101;1890;2
667;516;603;267;Sydney Opera House, Sydney, Australia 2000;654 Maple Drive, Phoenix, AZ 85001;3872;5
668;943;513;491;Sydney Opera House, Sydney, Australia 2000;456 Oak Avenue, Los Angeles, CA 90001;3940;4
669;644;254;913;Red Square 1, Moscow, Russia 109012;987 Cedar Lane, Philadelphia, PA 19101;3997;2
670;723;776;52;Brandenburger Tor 1, Berlin, Germany 10117;Forbidden City 4, Beijing, China 100006;3012;5
671;399;154;533;456 Oak Avenue, Los Angeles, CA 90001;864 Palm Drive, San Jose, CA 95101;3197;5
672;533;565;572;Red Square 1, Moscow, Russia 109012;789 Pine Road, Chicago, IL 60601;1853;4
673;558;426;837;Table Mountain Rd, Cape Town, South Africa 8001;753 Willow Avenue, San Diego, CA 92101;3154;2
674;693;5;803;Marina Bay Sands 10, Singapore 018956;Copacabana Beach 100, Rio de Janeiro, Brazil 22070-011;4159;2
675;965;844;304;Sydney Opera House, Sydney, Australia 2000;Sagrada Família 401, Barcelona, Spain 08013;2029;5
676;951;816;812;Burj Khalifa 1, Dubai, UAE;246 Spruce Road, Dallas, TX 75201;2337;2
677;582;525;341;753 Willow Avenue, San Diego, CA 92101;456 Oak Avenue, Los Angeles, CA 90001;2296;5
678;880;437;472;Marina Bay Sands 10, Singapore 018956;654 Maple Drive, Phoenix, AZ 85001;4420;2
679;211;52;762;Brandenburger Tor 1, Berlin, Germany 10117;Sagrada Família 401, Barcelona, Spain 08013;2145;2
680;784;501;988;987 Cedar Lane, Philadelphia, PA 19101;Sydney Opera House, Sydney, Australia 2000;3428;2
681;229;455;338;CN Tower 301, Toronto, Canada M5V 2T6;123 Main Street, New York, NY 10001;3864;4
682;349;602;928;Marina Bay Sands 10, Singapore 018956;333 River Road, Seattle, WA 98101;2743;5
683;957;3;978;333 River Road, Seattle, WA 98101;789 Pine Road, Chicago, IL 60601;1955;2
684;496;133;706;789 Pine Road, Chicago, IL 60601;Forbidden City 4, Beijing, China 100006;2950;2
685;931;166;570;Burj Khalifa 1, Dubai, UAE;333 River Road, Seattle, WA 98101;4886;3
686;854;363;245;555 Mountain Street, Washington, DC 20001;789 Pine Road, Chicago, IL 60601;3878;4
687;245;64;67;444 Lake View, Denver, CO 80201;Shibuya Crossing 2, Tokyo, Japan 150-0043;1510;5
688;926;879;45;CN Tower 301, Toronto, Canada M5V 2T6;Forbidden City 4, Beijing, China 100006;3069;2
689;480;7;157;Sagrada Família 401, Barcelona, Spain 08013;159 Birch Street, San Antonio, TX 78201;4052;2
690;750;601;692;321 Elm Boulevard, Houston, TX 77001;Forbidden City 4, Beijing, China 100006;1739;2
691;443;99;168;555 Mountain Street, Washington, DC 20001;159 Birch Street, San Antonio, TX 78201;2401;4
692;975;22;523;444 Lake View, Denver, CO 80201;159 Birch Street, San Antonio, TX 78201;1415;4
693;932;282;505;Burj Khalifa 1, Dubai, UAE;444 Lake View, Denver, CO 80201;4183;2
694;613;631;937;Taj Mahal, Agra, India 282001;654 Maple Drive, Phoenix, AZ 85001;1429;2
695;419;646;118;753 Willow Avenue, San Diego, CA 92101;Piazza San Marco 1, Venice, Italy 30124;4812;4
696;686;192;492;Burj Khalifa 1, Dubai, UAE;456 Oak Avenue, Los Angeles, CA 90001;2526;5
697;458;877;606;Table Mountain Rd, Cape Town, South Africa 8001;Gyeongbokgung Palace 161, Seoul, South Korea 03045;3686;5
698;918;865;153;159 Birch Street, San Antonio, TX 78201;Sagrada Família 401, Barcelona, Spain 08013;1901;3
699;993;941;879;Copacabana Beach 100, Rio de Janeiro, Brazil 22070-011;123 Main Street, New York, NY 10001;2687;3
700;705;530;944;Piazza San Marco 1, Venice, Italy 30124;456 Oak Avenue, Los Angeles, CA 90001;1429;4
701;745;274;935;321 Elm Boulevard, Houston, TX 77001;654 Maple Drive, Phoenix, AZ 85001;4779;5
702;642;544;888;864 Palm Drive, San Jose, CA 95101;444 Lake View, Denver, CO 80201;1964;5
703;785;590;646;Piazza San Marco 1, Venice, Italy 30124;CN Tower 301, Toronto, Canada M5V 2T6;3330;3
704;520;414;127;987 Cedar Lane, Philadelphia, PA 19101;789 Pine Road, Chicago, IL 60601;3516;4
705;21;63;962;654 Maple Drive, Phoenix, AZ 85001;Shibuya Crossing 2, Tokyo, Japan 150-0043;2693;2
706;285;746;625;Brandenburger Tor 1, Berlin, Germany 10117;987 Cedar Lane, Philadelphia, PA 19101;2375;3
707;346;788;724;753 Willow Avenue, San Diego, CA 92101;444 Lake View, Denver, CO 80201;1831;3
708;858;778;518;Sagrada Família 401, Barcelona, Spain 08013;Sydney Opera House, Sydney, Australia 2000;2485;2
709;316;753;273;654 Maple Drive, Phoenix, AZ 85001;444 Lake View, Denver, CO 80201;2760;5
710;603;162;739;Burj Khalifa 1, Dubai, UAE;246 Spruce Road, Dallas, TX 75201;1902;2
711;404;575;442;444 Lake View, Denver, CO 80201;987 Cedar Lane, Philadelphia, PA 19101;2109;5
712;857;344;769;Red Square 1, Moscow, Russia 109012;123 Main Street, New York, NY 10001;1280;2
713;267;60;894;Champs-Élysées 75, Paris, France 75008;Sagrada Família 401, Barcelona, Spain 08013;1308;3
714;328;614;17;753 Willow Avenue, San Diego, CA 92101;Red Square 1, Moscow, Russia 109012;4870;5
715;489;165;414;321 Elm Boulevard, Houston, TX 77001;666 Ocean Avenue, Miami, FL 33101;2835;5
716;120;727;895;222 Park Avenue, Boston, MA 02101;Taj Mahal, Agra, India 282001;1152;4
717;656;508;36;321 Elm Boulevard, Houston, TX 77001;789 Pine Road, Chicago, IL 60601;2464;2
718;179;502;748;Gyeongbokgung Palace 161, Seoul, South Korea 03045;Sydney Opera House, Sydney, Australia 2000;2079;3
719;980;884;274;Burj Khalifa 1, Dubai, UAE;Copacabana Beach 100, Rio de Janeiro, Brazil 22070-011;1729;5
720;944;872;564;753 Willow Avenue, San Diego, CA 92101;Shibuya Crossing 2, Tokyo, Japan 150-0043;4656;3
721;410;59;992;Shibuya Crossing 2, Tokyo, Japan 150-0043;Sydney Opera House, Sydney, Australia 2000;4472;5
722;493;909;399;Sagrada Família 401, Barcelona, Spain 08013;Copacabana Beach 100, Rio de Janeiro, Brazil 22070-011;2809;4
723;80;952;377;753 Willow Avenue, San Diego, CA 92101;Sydney Opera House, Sydney, Australia 2000;3674;4
724;957;699;919;123 Main Street, New York, NY 10001;Sagrada Família 401, Barcelona, Spain 08013;2706;5
725;354;952;767;753 Willow Avenue, San Diego, CA 92101;444 Lake View, Denver, CO 80201;3871;3
726;130;153;731;Marina Bay Sands 10, Singapore 018956;Red Square 1, Moscow, Russia 109012;2370;2
727;4;776;271;666 Ocean Avenue, Miami, FL 33101;246 Spruce Road, Dallas, TX 75201;4460;4
728;822;218;288;Gyeongbokgung Palace 161, Seoul, South Korea 03045;Sydney Opera House, Sydney, Australia 2000;1859;5
729;347;463;658;Piazza San Marco 1, Venice, Italy 30124;Sydney Opera House, Sydney, Australia 2000;1329;5
730;380;28;996;Table Mountain Rd, Cape Town, South Africa 8001;987 Cedar Lane, Philadelphia, PA 19101;4984;3
731;665;383;878;654 Maple Drive, Phoenix, AZ 85001;Sagrada Família 401, Barcelona, Spain 08013;2096;2
732;97;572;358;Brandenburger Tor 1, Berlin, Germany 10117;864 Palm Drive, San Jose, CA 95101;3548;5
733;40;968;629;Marina Bay Sands 10, Singapore 018956;Table Mountain Rd, Cape Town, South Africa 8001;4354;3
734;908;949;489;864 Palm Drive, San Jose, CA 95101;333 River Road, Seattle, WA 98101;4356;2
735;967;433;407;333 River Road, Seattle, WA 98101;Brandenburger Tor 1, Berlin, Germany 10117;3798;5
736;850;133;945;753 Willow Avenue, San Diego, CA 92101;Brandenburger Tor 1, Berlin, Germany 10117;2621;3
737;276;712;29;Burj Khalifa 1, Dubai, UAE;Forbidden City 4, Beijing, China 100006;4152;4
738;80;483;189;333 River Road, Seattle, WA 98101;444 Lake View, Denver, CO 80201;4164;5
739;153;436;10;Gyeongbokgung Palace 161, Seoul, South Korea 03045;Champs-Élysées 75, Paris, France 75008;1038;2
740;270;383;388;321 Elm Boulevard, Houston, TX 77001;CN Tower 301, Toronto, Canada M5V 2T6;2548;5
741;148;105;76;789 Pine Road, Chicago, IL 60601;Piazza San Marco 1, Venice, Italy 30124;2893;4
742;278;218;205;654 Maple Drive, Phoenix, AZ 85001;Gyeongbokgung Palace 161, Seoul, South Korea 03045;1738;5
743;407;11;599;333 River Road, Seattle, WA 98101;Taj Mahal, Agra, India 282001;2277;3
744;952;416;247;CN Tower 301, Toronto, Canada M5V 2T6;Sagrada Família 401, Barcelona, Spain 08013;4435;4
745;891;620;782;864 Palm Drive, San Jose, CA 95101;Marina Bay Sands 10, Singapore 018956;4296;5
746;265;455;84;123 Main Street, New York, NY 10001;CN Tower 301, Toronto, Canada M5V 2T6;3926;5
747;422;547;493;Piazza San Marco 1, Venice, Italy 30124;246 Spruce Road, Dallas, TX 75201;1989;3
748;986;284;959;Copacabana Beach 100, Rio de Janeiro, Brazil 22070-011;321 Elm Boulevard, Houston, TX 77001;4705;3
749;723;915;952;321 Elm Boulevard, Houston, TX 77001;333 River Road, Seattle, WA 98101;1076;3
750;964;769;9;222 Park Avenue, Boston, MA 02101;Taj Mahal, Agra, India 282001;2539;3
751;862;760;303;555 Mountain Street, Washington, DC 20001;246 Spruce Road, Dallas, TX 75201;3503;5
752;717;948;786;555 Mountain Street, Washington, DC 20001;Marina Bay Sands 10, Singapore 018956;3584;2
753;217;572;299;321 Elm Boulevard, Houston, TX 77001;444 Lake View, Denver, CO 80201;3319;4
754;510;904;179;654 Maple Drive, Phoenix, AZ 85001;666 Ocean Avenue, Miami, FL 33101;1368;2
755;748;480;79;654 Maple Drive, Phoenix, AZ 85001;555 Mountain Street, Washington, DC 20001;3940;4
756;444;196;897;Table Mountain Rd, Cape Town, South Africa 8001;Sagrada Família 401, Barcelona, Spain 08013;3619;4
757;504;480;752;Sagrada Família 401, Barcelona, Spain 08013;Sagrada Família 401, Barcelona, Spain 08013;4423;2
758;5;51;825;159 Birch Street, San Antonio, TX 78201;Taj Mahal, Agra, India 282001;2691;5
759;273;866;798;Burj Khalifa 1, Dubai, UAE;321 Elm Boulevard, Houston, TX 77001;1518;4
760;318;442;965;Copacabana Beach 100, Rio de Janeiro, Brazil 22070-011;222 Park Avenue, Boston, MA 02101;1696;2
761;771;983;957;321 Elm Boulevard, Houston, TX 77001;753 Willow Avenue, San Diego, CA 92101;3429;4
762;641;7;172;666 Ocean Avenue, Miami, FL 33101;444 Lake View, Denver, CO 80201;2023;2
763;402;708;923;Forbidden City 4, Beijing, China 100006;444 Lake View, Denver, CO 80201;2040;5
764;686;534;741;987 Cedar Lane, Philadelphia, PA 19101;555 Mountain Street, Washington, DC 20001;2170;3
765;323;402;195;159 Birch Street, San Antonio, TX 78201;Gyeongbokgung Palace 161, Seoul, South Korea 03045;1283;4
766;267;105;319;Red Square 1, Moscow, Russia 109012;Piazza San Marco 1, Venice, Italy 30124;3856;5
767;493;520;971;456 Oak Avenue, Los Angeles, CA 90001;222 Park Avenue, Boston, MA 02101;3396;3
768;433;915;365;Copacabana Beach 100, Rio de Janeiro, Brazil 22070-011;Piazza San Marco 1, Venice, Italy 30124;4451;2
769;770;518;242;Shibuya Crossing 2, Tokyo, Japan 150-0043;Shibuya Crossing 2, Tokyo, Japan 150-0043;1361;5
770;510;507;46;864 Palm Drive, San Jose, CA 95101;Sagrada Família 401, Barcelona, Spain 08013;4557;5
771;882;447;652;Brandenburger Tor 1, Berlin, Germany 10117;Sydney Opera House, Sydney, Australia 2000;2000;4
772;150;595;509;Sydney Opera House, Sydney, Australia 2000;654 Maple Drive, Phoenix, AZ 85001;1157;4
773;662;329;678;Taj Mahal, Agra, India 282001;Marina Bay Sands 10, Singapore 018956;2464;4
774;202;677;342;Forbidden City 4, Beijing, China 100006;Table Mountain Rd, Cape Town, South Africa 8001;2241;3
775;69;8;693;Sagrada Família 401, Barcelona, Spain 08013;Piazza San Marco 1, Venice, Italy 30124;4205;4
776;879;514;679;Table Mountain Rd, Cape Town, South Africa 8001;Taj Mahal, Agra, India 282001;2287;5
777;728;83;522;Table Mountain Rd, Cape Town, South Africa 8001;456 Oak Avenue, Los Angeles, CA 90001;4241;5
778;188;174;792;CN Tower 301, Toronto, Canada M5V 2T6;222 Park Avenue, Boston, MA 02101;3638;4
779;959;983;835;Sagrada Família 401, Barcelona, Spain 08013;222 Park Avenue, Boston, MA 02101;3129;2
780;183;244;858;Champs-Élysées 75, Paris, France 75008;Taj Mahal, Agra, India 282001;2559;3
781;261;971;576;456 Oak Avenue, Los Angeles, CA 90001;753 Willow Avenue, San Diego, CA 92101;1590;2
782;509;801;936;Burj Khalifa 1, Dubai, UAE;Copacabana Beach 100, Rio de Janeiro, Brazil 22070-011;3967;3
783;720;137;314;864 Palm Drive, San Jose, CA 95101;555 Mountain Street, Washington, DC 20001;4000;2
784;53;687;746;Table Mountain Rd, Cape Town, South Africa 8001;456 Oak Avenue, Los Angeles, CA 90001;2313;3
785;748;315;818;555 Mountain Street, Washington, DC 20001;222 Park Avenue, Boston, MA 02101;3462;3
786;646;423;478;CN Tower 301, Toronto, Canada M5V 2T6;Burj Khalifa 1, Dubai, UAE;3081;3
787;691;611;259;444 Lake View, Denver, CO 80201;Copacabana Beach 100, Rio de Janeiro, Brazil 22070-011;3013;2
788;546;421;196;Shibuya Crossing 2, Tokyo, Japan 150-0043;456 Oak Avenue, Los Angeles, CA 90001;4480;4
789;738;543;427;Forbidden City 4, Beijing, China 100006;CN Tower 301, Toronto, Canada M5V 2T6;1735;5
790;946;412;339;789 Pine Road, Chicago, IL 60601;Gyeongbokgung Palace 161, Seoul, South Korea 03045;1316;3
791;112;201;840;246 Spruce Road, Dallas, TX 75201;Champs-Élysées 75, Paris, France 75008;4068;3
792;804;667;802;654 Maple Drive, Phoenix, AZ 85001;Piazza San Marco 1, Venice, Italy 30124;2157;5
793;836;110;107;789 Pine Road, Chicago, IL 60601;Gyeongbokgung Palace 161, Seoul, South Korea 03045;2035;4
794;436;505;99;222 Park Avenue, Boston, MA 02101;246 Spruce Road, Dallas, TX 75201;1705;2
795;231;810;831;555 Mountain Street, Washington, DC 20001;444 Lake View, Denver, CO 80201;1081;4
796;508;618;700;666 Ocean Avenue, Miami, FL 33101;Marina Bay Sands 10, Singapore 018956;3535;2
797;595;365;845;Brandenburger Tor 1, Berlin, Germany 10117;Champs-Élysées 75, Paris, France 75008;2076;3
798;351;922;390;Copacabana Beach 100, Rio de Janeiro, Brazil 22070-011;Taj Mahal, Agra, India 282001;1774;2
799;69;649;217;Burj Khalifa 1, Dubai, UAE;222 Park Avenue, Boston, MA 02101;2865;3
800;894;967;530;Table Mountain Rd, Cape Town, South Africa 8001;246 Spruce Road, Dallas, TX 75201;1514;4
801;630;511;23;Red Square 1, Moscow, Russia 109012;Shibuya Crossing 2, Tokyo, Japan 150-0043;2245;2
802;553;782;449;Red Square 1, Moscow, Russia 109012;Champs-Élysées 75, Paris, France 75008;1689;3
803;70;149;48;789 Pine Road, Chicago, IL 60601;246 Spruce Road, Dallas, TX 75201;4455;5
804;986;635;350;321 Elm Boulevard, Houston, TX 77001;CN Tower 301, Toronto, Canada M5V 2T6;2798;4
805;786;382;74;Champs-Élysées 75, Paris, France 75008;753 Willow Avenue, San Diego, CA 92101;4280;2
806;124;400;486;Champs-Élysées 75, Paris, France 75008;Forbidden City 4, Beijing, China 100006;4144;4
807;108;559;504;864 Palm Drive, San Jose, CA 95101;Shibuya Crossing 2, Tokyo, Japan 150-0043;2141;2
808;427;77;451;Sagrada Família 401, Barcelona, Spain 08013;Forbidden City 4, Beijing, China 100006;2348;4
809;397;576;266;Brandenburger Tor 1, Berlin, Germany 10117;Brandenburger Tor 1, Berlin, Germany 10117;1468;3
810;593;22;756;Gyeongbokgung Palace 161, Seoul, South Korea 03045;Shibuya Crossing 2, Tokyo, Japan 150-0043;2663;5
811;631;787;428;456 Oak Avenue, Los Angeles, CA 90001;Piazza San Marco 1, Venice, Italy 30124;2427;2
812;842;461;261;789 Pine Road, Chicago, IL 60601;987 Cedar Lane, Philadelphia, PA 19101;1835;3
813;756;372;865;222 Park Avenue, Boston, MA 02101;864 Palm Drive, San Jose, CA 95101;2294;4
814;197;266;668;987 Cedar Lane, Philadelphia, PA 19101;Red Square 1, Moscow, Russia 109012;4856;2
815;769;850;538;CN Tower 301, Toronto, Canada M5V 2T6;Piazza San Marco 1, Venice, Italy 30124;2836;4
816;238;453;309;Table Mountain Rd, Cape Town, South Africa 8001;CN Tower 301, Toronto, Canada M5V 2T6;2222;5
817;805;773;313;Brandenburger Tor 1, Berlin, Germany 10117;123 Main Street, New York, NY 10001;4893;5
818;285;694;203;Table Mountain Rd, Cape Town, South Africa 8001;Piazza San Marco 1, Venice, Italy 30124;3288;2
819;970;692;727;Marina Bay Sands 10, Singapore 018956;753 Willow Avenue, San Diego, CA 92101;3367;4
820;578;127;896;456 Oak Avenue, Los Angeles, CA 90001;Shibuya Crossing 2, Tokyo, Japan 150-0043;4830;5
821;24;299;584;Taj Mahal, Agra, India 282001;789 Pine Road, Chicago, IL 60601;1224;2
822;835;201;580;Copacabana Beach 100, Rio de Janeiro, Brazil 22070-011;333 River Road, Seattle, WA 98101;1664;3
823;329;623;460;864 Palm Drive, San Jose, CA 95101;333 River Road, Seattle, WA 98101;1642;3
824;739;722;528;654 Maple Drive, Phoenix, AZ 85001;246 Spruce Road, Dallas, TX 75201;4193;3
825;417;130;444;321 Elm Boulevard, Houston, TX 77001;333 River Road, Seattle, WA 98101;4233;3
826;495;612;452;666 Ocean Avenue, Miami, FL 33101;Gyeongbokgung Palace 161, Seoul, South Korea 03045;2134;2
827;670;919;216;Taj Mahal, Agra, India 282001;Forbidden City 4, Beijing, China 100006;3236;5
828;475;196;548;Copacabana Beach 100, Rio de Janeiro, Brazil 22070-011;Shibuya Crossing 2, Tokyo, Japan 150-0043;2531;4
829;443;71;784;555 Mountain Street, Washington, DC 20001;456 Oak Avenue, Los Angeles, CA 90001;1180;3
830;918;948;94;123 Main Street, New York, NY 10001;Shibuya Crossing 2, Tokyo, Japan 150-0043;3882;4
831;735;743;745;Piazza San Marco 1, Venice, Italy 30124;333 River Road, Seattle, WA 98101;2290;2
832;762;678;892;753 Willow Avenue, San Diego, CA 92101;456 Oak Avenue, Los Angeles, CA 90001;2888;2
833;944;363;20;Copacabana Beach 100, Rio de Janeiro, Brazil 22070-011;654 Maple Drive, Phoenix, AZ 85001;3249;3
834;720;894;422;654 Maple Drive, Phoenix, AZ 85001;555 Mountain Street, Washington, DC 20001;1665;5
835;41;5;620;Table Mountain Rd, Cape Town, South Africa 8001;Copacabana Beach 100, Rio de Janeiro, Brazil 22070-011;3693;2
836;886;529;586;Sydney Opera House, Sydney, Australia 2000;444 Lake View, Denver, CO 80201;1212;3
837;576;163;634;789 Pine Road, Chicago, IL 60601;123 Main Street, New York, NY 10001;1471;4
838;195;12;713;321 Elm Boulevard, Houston, TX 77001;Sydney Opera House, Sydney, Australia 2000;2332;2
839;602;774;39;159 Birch Street, San Antonio, TX 78201;Champs-Élysées 75, Paris, France 75008;3513;2
840;687;768;549;666 Ocean Avenue, Miami, FL 33101;789 Pine Road, Chicago, IL 60601;3824;4
841;736;685;3;Taj Mahal, Agra, India 282001;444 Lake View, Denver, CO 80201;3313;3
842;102;299;942;Forbidden City 4, Beijing, China 100006;222 Park Avenue, Boston, MA 02101;4252;4
843;505;745;801;222 Park Avenue, Boston, MA 02101;Gyeongbokgung Palace 161, Seoul, South Korea 03045;2512;4
844;324;355;343;444 Lake View, Denver, CO 80201;753 Willow Avenue, San Diego, CA 92101;3024;2
845;775;142;688;246 Spruce Road, Dallas, TX 75201;Taj Mahal, Agra, India 282001;4641;4
846;124;925;716;789 Pine Road, Chicago, IL 60601;444 Lake View, Denver, CO 80201;3559;3
847;419;71;721;Marina Bay Sands 10, Singapore 018956;Sagrada Família 401, Barcelona, Spain 08013;2160;4
848;939;994;587;Taj Mahal, Agra, India 282001;321 Elm Boulevard, Houston, TX 77001;1755;4
849;405;652;506;Burj Khalifa 1, Dubai, UAE;654 Maple Drive, Phoenix, AZ 85001;1013;2
850;622;442;550;Table Mountain Rd, Cape Town, South Africa 8001;321 Elm Boulevard, Houston, TX 77001;3395;3
851;432;438;102;Sydney Opera House, Sydney, Australia 2000;987 Cedar Lane, Philadelphia, PA 19101;3424;2
852;592;178;417;Gyeongbokgung Palace 161, Seoul, South Korea 03045;864 Palm Drive, San Jose, CA 95101;1089;3
853;516;316;183;Shibuya Crossing 2, Tokyo, Japan 150-0043;333 River Road, Seattle, WA 98101;1257;4
854;772;667;989;321 Elm Boulevard, Houston, TX 77001;456 Oak Avenue, Los Angeles, CA 90001;3297;5
855;463;411;953;CN Tower 301, Toronto, Canada M5V 2T6;444 Lake View, Denver, CO 80201;2368;4
856;538;141;946;Sagrada Família 401, Barcelona, Spain 08013;Shibuya Crossing 2, Tokyo, Japan 150-0043;2058;2
857;166;551;795;Copacabana Beach 100, Rio de Janeiro, Brazil 22070-011;Piazza San Marco 1, Venice, Italy 30124;2836;4
858;348;561;389;444 Lake View, Denver, CO 80201;222 Park Avenue, Boston, MA 02101;2547;4
859;618;421;655;Burj Khalifa 1, Dubai, UAE;444 Lake View, Denver, CO 80201;1362;4
860;970;415;960;222 Park Avenue, Boston, MA 02101;753 Willow Avenue, San Diego, CA 92101;2866;5
861;772;335;8;Red Square 1, Moscow, Russia 109012;864 Palm Drive, San Jose, CA 95101;4844;4
862;452;267;15;987 Cedar Lane, Philadelphia, PA 19101;456 Oak Avenue, Los Angeles, CA 90001;4869;2
863;322;644;224;Marina Bay Sands 10, Singapore 018956;Champs-Élysées 75, Paris, France 75008;4937;5
864;761;332;404;Taj Mahal, Agra, India 282001;Burj Khalifa 1, Dubai, UAE;4951;5
865;617;931;951;753 Willow Avenue, San Diego, CA 92101;Sydney Opera House, Sydney, Australia 2000;4522;2
866;314;619;593;Copacabana Beach 100, Rio de Janeiro, Brazil 22070-011;Gyeongbokgung Palace 161, Seoul, South Korea 03045;4742;2
867;670;689;263;456 Oak Avenue, Los Angeles, CA 90001;864 Palm Drive, San Jose, CA 95101;1933;5
868;790;519;742;555 Mountain Street, Washington, DC 20001;864 Palm Drive, San Jose, CA 95101;1868;2
869;52;686;912;Marina Bay Sands 10, Singapore 018956;789 Pine Road, Chicago, IL 60601;2800;4
870;699;218;301;Sydney Opera House, Sydney, Australia 2000;Sagrada Família 401, Barcelona, Spain 08013;2668;3
871;53;702;12;Copacabana Beach 100, Rio de Janeiro, Brazil 22070-011;654 Maple Drive, Phoenix, AZ 85001;1608;5
872;584;702;431;987 Cedar Lane, Philadelphia, PA 19101;987 Cedar Lane, Philadelphia, PA 19101;4333;5
873;759;398;230;654 Maple Drive, Phoenix, AZ 85001;Red Square 1, Moscow, Russia 109012;1368;3
874;393;497;152;Piazza San Marco 1, Venice, Italy 30124;987 Cedar Lane, Philadelphia, PA 19101;2385;3
875;136;38;218;Copacabana Beach 100, Rio de Janeiro, Brazil 22070-011;444 Lake View, Denver, CO 80201;3019;2
876;308;362;577;Sagrada Família 401, Barcelona, Spain 08013;Sydney Opera House, Sydney, Australia 2000;4766;3
877;568;771;665;Gyeongbokgung Palace 161, Seoul, South Korea 03045;Gyeongbokgung Palace 161, Seoul, South Korea 03045;3253;5
878;561;24;970;Red Square 1, Moscow, Russia 109012;CN Tower 301, Toronto, Canada M5V 2T6;4409;3
879;106;56;917;789 Pine Road, Chicago, IL 60601;Taj Mahal, Agra, India 282001;1539;3
880;579;444;723;159 Birch Street, San Antonio, TX 78201;246 Spruce Road, Dallas, TX 75201;2449;2
881;407;306;294;987 Cedar Lane, Philadelphia, PA 19101;Gyeongbokgung Palace 161, Seoul, South Korea 03045;1847;5
882;241;443;161;456 Oak Avenue, Los Angeles, CA 90001;Marina Bay Sands 10, Singapore 018956;3937;2
883;388;212;446;159 Birch Street, San Antonio, TX 78201;456 Oak Avenue, Los Angeles, CA 90001;2279;2
884;896;120;53;Piazza San Marco 1, Venice, Italy 30124;Forbidden City 4, Beijing, China 100006;3394;4
885;547;945;248;Table Mountain Rd, Cape Town, South Africa 8001;222 Park Avenue, Boston, MA 02101;1443;4
886;554;465;870;Sagrada Família 401, Barcelona, Spain 08013;753 Willow Avenue, San Diego, CA 92101;2485;3
887;176;400;556;987 Cedar Lane, Philadelphia, PA 19101;Shibuya Crossing 2, Tokyo, Japan 150-0043;2815;5
888;143;610;111;CN Tower 301, Toronto, Canada M5V 2T6;Taj Mahal, Agra, India 282001;1221;5
889;29;720;779;Piazza San Marco 1, Venice, Italy 30124;444 Lake View, Denver, CO 80201;1970;2
890;761;720;557;666 Ocean Avenue, Miami, FL 33101;321 Elm Boulevard, Houston, TX 77001;1371;2
891;705;940;175;Forbidden City 4, Beijing, China 100006;Burj Khalifa 1, Dubai, UAE;3606;3
892;106;202;219;CN Tower 301, Toronto, Canada M5V 2T6;Sagrada Família 401, Barcelona, Spain 08013;3940;3
893;43;711;212;Sydney Opera House, Sydney, Australia 2000;Champs-Élysées 75, Paris, France 75008;3366;5
894;1000;529;332;753 Willow Avenue, San Diego, CA 92101;159 Birch Street, San Antonio, TX 78201;1279;2
895;243;869;567;Piazza San Marco 1, Venice, Italy 30124;Table Mountain Rd, Cape Town, South Africa 8001;4932;5
896;825;651;159;456 Oak Avenue, Los Angeles, CA 90001;Taj Mahal, Agra, India 282001;1927;2
897;686;279;73;789 Pine Road, Chicago, IL 60601;789 Pine Road, Chicago, IL 60601;3310;5
898;366;525;287;Taj Mahal, Agra, India 282001;222 Park Avenue, Boston, MA 02101;3727;2
899;858;368;849;Taj Mahal, Agra, India 282001;Sydney Opera House, Sydney, Australia 2000;2846;5
900;240;302;512;654 Maple Drive, Phoenix, AZ 85001;CN Tower 301, Toronto, Canada M5V 2T6;2439;4
901;47;997;624;789 Pine Road, Chicago, IL 60601;246 Spruce Road, Dallas, TX 75201;3074;4
902;668;954;110;987 Cedar Lane, Philadelphia, PA 19101;321 Elm Boulevard, Houston, TX 77001;2916;5
903;322;528;290;Burj Khalifa 1, Dubai, UAE;654 Maple Drive, Phoenix, AZ 85001;4371;3
904;102;356;349;Champs-Élysées 75, Paris, France 75008;Taj Mahal, Agra, India 282001;4330;3
905;995;896;687;Sagrada Família 401, Barcelona, Spain 08013;123 Main Street, New York, NY 10001;2047;5
906;173;244;154;Champs-Élysées 75, Paris, France 75008;Sydney Opera House, Sydney, Australia 2000;4659;2
907;177;34;551;Taj Mahal, Agra, India 282001;333 River Road, Seattle, WA 98101;3299;2
908;144;295;730;Sydney Opera House, Sydney, Australia 2000;666 Ocean Avenue, Miami, FL 33101;2080;3
909;310;600;939;Copacabana Beach 100, Rio de Janeiro, Brazil 22070-011;Brandenburger Tor 1, Berlin, Germany 10117;2782;2
910;513;616;477;654 Maple Drive, Phoenix, AZ 85001;Copacabana Beach 100, Rio de Janeiro, Brazil 22070-011;3901;2
911;448;206;367;864 Palm Drive, San Jose, CA 95101;789 Pine Road, Chicago, IL 60601;3039;4
912;603;354;468;Copacabana Beach 100, Rio de Janeiro, Brazil 22070-011;Champs-Élysées 75, Paris, France 75008;3631;5
913;483;140;569;159 Birch Street, San Antonio, TX 78201;753 Willow Avenue, San Diego, CA 92101;4041;3
914;552;399;910;Piazza San Marco 1, Venice, Italy 30124;753 Willow Avenue, San Diego, CA 92101;4989;3
915;123;128;456;Gyeongbokgung Palace 161, Seoul, South Korea 03045;CN Tower 301, Toronto, Canada M5V 2T6;1683;4
916;440;658;65;Sagrada Família 401, Barcelona, Spain 08013;Marina Bay Sands 10, Singapore 018956;3791;4
917;789;272;893;123 Main Street, New York, NY 10001;555 Mountain Street, Washington, DC 20001;4870;4
918;509;834;18;222 Park Avenue, Boston, MA 02101;666 Ocean Avenue, Miami, FL 33101;1462;5
919;415;804;990;Champs-Élysées 75, Paris, France 75008;Gyeongbokgung Palace 161, Seoul, South Korea 03045;1325;5
920;146;319;661;456 Oak Avenue, Los Angeles, CA 90001;987 Cedar Lane, Philadelphia, PA 19101;2216;4
921;97;366;335;444 Lake View, Denver, CO 80201;321 Elm Boulevard, Houston, TX 77001;3455;4
922;807;202;322;246 Spruce Road, Dallas, TX 75201;Sagrada Família 401, Barcelona, Spain 08013;4287;2
923;60;810;642;444 Lake View, Denver, CO 80201;Table Mountain Rd, Cape Town, South Africa 8001;4596;3
924;781;576;848;Shibuya Crossing 2, Tokyo, Japan 150-0043;753 Willow Avenue, San Diego, CA 92101;1337;4
925;604;383;441;159 Birch Street, San Antonio, TX 78201;Sydney Opera House, Sydney, Australia 2000;4769;3
926;115;848;524;246 Spruce Road, Dallas, TX 75201;Shibuya Crossing 2, Tokyo, Japan 150-0043;2868;5
927;775;993;413;864 Palm Drive, San Jose, CA 95101;456 Oak Avenue, Los Angeles, CA 90001;1208;3
928;745;746;32;789 Pine Road, Chicago, IL 60601;Brandenburger Tor 1, Berlin, Germany 10117;4322;4
929;203;576;184;Sydney Opera House, Sydney, Australia 2000;Shibuya Crossing 2, Tokyo, Japan 150-0043;3316;4
930;177;170;149;Sydney Opera House, Sydney, Australia 2000;CN Tower 301, Toronto, Canada M5V 2T6;4412;3
931;751;843;235;555 Mountain Street, Washington, DC 20001;246 Spruce Road, Dallas, TX 75201;4692;4
932;800;803;255;Marina Bay Sands 10, Singapore 018956;123 Main Street, New York, NY 10001;1526;3
933;563;867;583;Sydney Opera House, Sydney, Australia 2000;Burj Khalifa 1, Dubai, UAE;2120;3
934;713;190;930;123 Main Street, New York, NY 10001;444 Lake View, Denver, CO 80201;4178;2
935;785;776;221;CN Tower 301, Toronto, Canada M5V 2T6;Copacabana Beach 100, Rio de Janeiro, Brazil 22070-011;3803;4
936;426;299;596;Forbidden City 4, Beijing, China 100006;222 Park Avenue, Boston, MA 02101;1526;4
937;228;624;169;Table Mountain Rd, Cape Town, South Africa 8001;654 Maple Drive, Phoenix, AZ 85001;1278;5
938;350;183;198;Red Square 1, Moscow, Russia 109012;753 Willow Avenue, San Diego, CA 92101;3053;5
939;411;29;915;Piazza San Marco 1, Venice, Italy 30124;Sagrada Família 401, Barcelona, Spain 08013;1707;3
940;350;653;47;456 Oak Avenue, Los Angeles, CA 90001;Piazza San Marco 1, Venice, Italy 30124;1980;2
941;938;719;215;Forbidden City 4, Beijing, China 100006;654 Maple Drive, Phoenix, AZ 85001;2730;2
942;777;92;394;333 River Road, Seattle, WA 98101;333 River Road, Seattle, WA 98101;3792;3
943;633;288;96;123 Main Street, New York, NY 10001;222 Park Avenue, Boston, MA 02101;2766;5
944;545;201;182;Sydney Opera House, Sydney, Australia 2000;222 Park Avenue, Boston, MA 02101;1972;2
945;84;261;532;Shibuya Crossing 2, Tokyo, Japan 150-0043;Red Square 1, Moscow, Russia 109012;1727;2
946;990;487;190;Burj Khalifa 1, Dubai, UAE;246 Spruce Road, Dallas, TX 75201;3132;4
947;406;991;325;222 Park Avenue, Boston, MA 02101;Piazza San Marco 1, Venice, Italy 30124;4570;3
948;392;595;563;987 Cedar Lane, Philadelphia, PA 19101;Forbidden City 4, Beijing, China 100006;2777;3
949;629;871;805;333 River Road, Seattle, WA 98101;Sydney Opera House, Sydney, Australia 2000;1274;3
950;320;481;108;Marina Bay Sands 10, Singapore 018956;Champs-Élysées 75, Paris, France 75008;4436;3
951;767;277;239;333 River Road, Seattle, WA 98101;Sydney Opera House, Sydney, Australia 2000;3100;3
952;873;169;872;123 Main Street, New York, NY 10001;987 Cedar Lane, Philadelphia, PA 19101;1516;3
953;895;320;262;789 Pine Road, Chicago, IL 60601;654 Maple Drive, Phoenix, AZ 85001;4261;2
954;954;2;515;555 Mountain Street, Washington, DC 20001;123 Main Street, New York, NY 10001;4159;2
955;713;176;424;Shibuya Crossing 2, Tokyo, Japan 150-0043;Brandenburger Tor 1, Berlin, Germany 10117;3677;2
956;208;888;498;321 Elm Boulevard, Houston, TX 77001;159 Birch Street, San Antonio, TX 78201;1049;2
957;998;707;751;Champs-Élysées 75, Paris, France 75008;Copacabana Beach 100, Rio de Janeiro, Brazil 22070-011;3325;5
958;591;689;298;444 Lake View, Denver, CO 80201;Sagrada Família 401, Barcelona, Spain 08013;3778;3
959;282;207;581;Table Mountain Rd, Cape Town, South Africa 8001;123 Main Street, New York, NY 10001;1819;3
960;563;648;160;Gyeongbokgung Palace 161, Seoul, South Korea 03045;Sagrada Família 401, Barcelona, Spain 08013;1337;2
961;201;409;627;333 River Road, Seattle, WA 98101;159 Birch Street, San Antonio, TX 78201;4430;2
962;400;869;225;321 Elm Boulevard, Houston, TX 77001;Copacabana Beach 100, Rio de Janeiro, Brazil 22070-011;1080;4
963;36;901;542;Piazza San Marco 1, Venice, Italy 30124;456 Oak Avenue, Los Angeles, CA 90001;2111;5
964;864;635;470;864 Palm Drive, San Jose, CA 95101;Piazza San Marco 1, Venice, Italy 30124;1339;2
965;350;718;573;321 Elm Boulevard, Houston, TX 77001;Copacabana Beach 100, Rio de Janeiro, Brazil 22070-011;4098;2
966;959;97;633;555 Mountain Street, Washington, DC 20001;456 Oak Avenue, Los Angeles, CA 90001;2668;2
967;419;621;227;Piazza San Marco 1, Venice, Italy 30124;444 Lake View, Denver, CO 80201;4199;2
968;1;587;326;Copacabana Beach 100, Rio de Janeiro, Brazil 22070-011;987 Cedar Lane, Philadelphia, PA 19101;1896;5
969;955;426;771;864 Palm Drive, San Jose, CA 95101;Shibuya Crossing 2, Tokyo, Japan 150-0043;4933;2
970;480;585;877;666 Ocean Avenue, Miami, FL 33101;246 Spruce Road, Dallas, TX 75201;4927;4
971;415;840;208;159 Birch Street, San Antonio, TX 78201;555 Mountain Street, Washington, DC 20001;1788;5
972;556;785;311;789 Pine Road, Chicago, IL 60601;Shibuya Crossing 2, Tokyo, Japan 150-0043;4302;4
973;895;66;976;222 Park Avenue, Boston, MA 02101;159 Birch Street, San Antonio, TX 78201;4398;3
974;203;942;310;Gyeongbokgung Palace 161, Seoul, South Korea 03045;444 Lake View, Denver, CO 80201;3581;4
975;301;736;838;444 Lake View, Denver, CO 80201;Forbidden City 4, Beijing, China 100006;3449;4
976;751;535;885;789 Pine Road, Chicago, IL 60601;321 Elm Boulevard, Houston, TX 77001;3530;3
977;197;643;890;Red Square 1, Moscow, Russia 109012;555 Mountain Street, Washington, DC 20001;2411;2
978;978;663;502;Copacabana Beach 100, Rio de Janeiro, Brazil 22070-011;987 Cedar Lane, Philadelphia, PA 19101;4700;2
979;265;414;816;Taj Mahal, Agra, India 282001;987 Cedar Lane, Philadelphia, PA 19101;3608;4
980;691;137;462;159 Birch Street, San Antonio, TX 78201;Taj Mahal, Agra, India 282001;4789;4
981;484;729;973;654 Maple Drive, Phoenix, AZ 85001;222 Park Avenue, Boston, MA 02101;1616;2
982;662;696;649;Sagrada Família 401, Barcelona, Spain 08013;Sagrada Família 401, Barcelona, Spain 08013;4825;5
983;535;630;78;246 Spruce Road, Dallas, TX 75201;159 Birch Street, San Antonio, TX 78201;2688;2
984;991;919;638;Shibuya Crossing 2, Tokyo, Japan 150-0043;123 Main Street, New York, NY 10001;4846;5
985;639;454;750;753 Willow Avenue, San Diego, CA 92101;Copacabana Beach 100, Rio de Janeiro, Brazil 22070-011;2147;2
986;948;395;125;159 Birch Street, San Antonio, TX 78201;222 Park Avenue, Boston, MA 02101;1555;5
987;658;397;465;456 Oak Avenue, Los Angeles, CA 90001;Shibuya Crossing 2, Tokyo, Japan 150-0043;3712;4
988;773;859;86;159 Birch Street, San Antonio, TX 78201;Sagrada Família 401, Barcelona, Spain 08013;4639;2
989;4;777;408;987 Cedar Lane, Philadelphia, PA 19101;456 Oak Avenue, Los Angeles, CA 90001;2510;3
990;770;204;697;Burj Khalifa 1, Dubai, UAE;Forbidden City 4, Beijing, China 100006;1454;3
991;718;716;991;CN Tower 301, Toronto, Canada M5V 2T6;Piazza San Marco 1, Venice, Italy 30124;1380;3
992;846;252;969;654 Maple Drive, Phoenix, AZ 85001;666 Ocean Avenue, Miami, FL 33101;4208;5
993;773;37;220;159 Birch Street, San Antonio, TX 78201;654 Maple Drive, Phoenix, AZ 85001;4671;3
994;347;204;476;Forbidden City 4, Beijing, China 100006;123 Main Street, New York, NY 10001;3205;5
995;921;117;903;159 Birch Street, San Antonio, TX 78201;Red Square 1, Moscow, Russia 109012;2004;3
996;118;726;355;159 Birch Street, San Antonio, TX 78201;159 Birch Street, San Antonio, TX 78201;1004;2
997;986;995;735;Sydney Opera House, Sydney, Australia 2000;987 Cedar Lane, Philadelphia, PA 19101;3864;2
998;889;409;699;Copacabana Beach 100, Rio de Janeiro, Brazil 22070-011;Burj Khalifa 1, Dubai, UAE;1007;5
999;630;797;122;Gyeongbokgung Palace 161, Seoul, South Korea 03045;Burj Khalifa 1, Dubai, UAE;4193;4
1000;366;641;891;456 Oak Avenue, Los Angeles, CA 90001;Taj Mahal, Agra, India 282001;4911;3
