2025-10-14 14:00:18,447 INFO [Checkpoint FlowFile Repository] o.a.n.c.r.WriteAheadFlowFileRepository Initiating checkpoint of FlowFile Repository
2025-10-14 14:00:18,462 INFO [Checkpoint FlowFile Repository] o.a.n.c.r.WriteAheadFlowFileRepository Successfully checkpointed FlowFile Repository with 0 records in 0 milliseconds
2025-10-14 14:00:37,056 INFO [Cleanup Archive for default] o.a.n.c.repository.FileSystemRepository Successfully deleted 0 files (0 bytes) from archive
2025-10-14 14:00:37,058 INFO [Cleanup Archive for default] o.a.n.c.repository.FileSystemRepository Archive cleanup completed for container default; will now allow writing to this container. Bytes used = 175.82 GB, bytes free = 52.45 GB, capacity = 228.27 GB
2025-10-14 14:00:38,464 INFO [Checkpoint FlowFile Repository] o.a.n.c.r.WriteAheadFlowFileRepository Initiating checkpoint of FlowFile Repository
2025-10-14 14:00:38,465 INFO [Checkpoint FlowFile Repository] o.a.n.c.r.WriteAheadFlowFileRepository Successfully checkpointed FlowFile Repository with 0 records in 0 milliseconds
2025-10-14 14:00:58,468 INFO [Checkpoint FlowFile Repository] o.a.n.c.r.WriteAheadFlowFileRepository Initiating checkpoint of FlowFile Repository
2025-10-14 14:00:58,470 INFO [Checkpoint FlowFile Repository] o.a.n.c.r.WriteAheadFlowFileRepository Successfully checkpointed FlowFile Repository with 0 records in 0 milliseconds
2025-10-14 14:01:18,471 INFO [Checkpoint FlowFile Repository] o.a.n.c.r.WriteAheadFlowFileRepository Initiating checkpoint of FlowFile Repository
2025-10-14 14:01:18,472 INFO [Checkpoint FlowFile Repository] o.a.n.c.r.WriteAheadFlowFileRepository Successfully checkpointed FlowFile Repository with 0 records in 0 milliseconds
2025-10-14 14:01:35,567 INFO [Write-Ahead Local State Provider Maintenance] o.a.n.wali.SequentialAccessWriteAheadLog Checkpointed Write-Ahead Log with 2 Records and 0 Swap Files in 13 milliseconds (Stop-the-world time = 8 milliseconds), max Transaction ID 1
2025-10-14 14:01:37,253 INFO [Cleanup Archive for default] o.a.n.c.repository.FileSystemRepository Successfully deleted 0 files (0 bytes) from archive
2025-10-14 14:01:37,253 INFO [Cleanup Archive for default] o.a.n.c.repository.FileSystemRepository Archive cleanup completed for container default; will now allow writing to this container. Bytes used = 175.83 GB, bytes free = 52.45 GB, capacity = 228.27 GB
2025-10-14 14:01:38,476 INFO [Checkpoint FlowFile Repository] o.a.n.c.r.WriteAheadFlowFileRepository Initiating checkpoint of FlowFile Repository
2025-10-14 14:01:38,477 INFO [Checkpoint FlowFile Repository] o.a.n.c.r.WriteAheadFlowFileRepository Successfully checkpointed FlowFile Repository with 0 records in 0 milliseconds
2025-10-14 14:01:58,481 INFO [Checkpoint FlowFile Repository] o.a.n.c.r.WriteAheadFlowFileRepository Initiating checkpoint of FlowFile Repository
2025-10-14 14:01:58,482 INFO [Checkpoint FlowFile Repository] o.a.n.c.r.WriteAheadFlowFileRepository Successfully checkpointed FlowFile Repository with 0 records in 0 milliseconds
2025-10-14 14:02:18,485 INFO [Checkpoint FlowFile Repository] o.a.n.c.r.WriteAheadFlowFileRepository Initiating checkpoint of FlowFile Repository
2025-10-14 14:02:18,488 INFO [Checkpoint FlowFile Repository] o.a.n.c.r.WriteAheadFlowFileRepository Successfully checkpointed FlowFile Repository with 0 records in 0 milliseconds
2025-10-14 14:02:37,388 INFO [Cleanup Archive for default] o.a.n.c.repository.FileSystemRepository Successfully deleted 0 files (0 bytes) from archive
2025-10-14 14:02:37,389 INFO [Cleanup Archive for default] o.a.n.c.repository.FileSystemRepository Archive cleanup completed for container default; will now allow writing to this container. Bytes used = 175.84 GB, bytes free = 52.44 GB, capacity = 228.27 GB
2025-10-14 14:02:38,490 INFO [Checkpoint FlowFile Repository] o.a.n.c.r.WriteAheadFlowFileRepository Initiating checkpoint of FlowFile Repository
2025-10-14 14:02:38,491 INFO [Checkpoint FlowFile Repository] o.a.n.c.r.WriteAheadFlowFileRepository Successfully checkpointed FlowFile Repository with 0 records in 0 milliseconds
2025-10-14 14:17:59,219 INFO [Checkpoint FlowFile Repository] o.a.n.c.r.WriteAheadFlowFileRepository Initiating checkpoint of FlowFile Repository
2025-10-14 14:17:59,220 INFO [Checkpoint FlowFile Repository] o.a.n.c.r.WriteAheadFlowFileRepository Successfully checkpointed FlowFile Repository with 0 records in 0 milliseconds
2025-10-14 14:18:19,221 INFO [Checkpoint FlowFile Repository] o.a.n.c.r.WriteAheadFlowFileRepository Initiating checkpoint of FlowFile Repository
2025-10-14 14:18:19,223 INFO [Checkpoint FlowFile Repository] o.a.n.c.r.WriteAheadFlowFileRepository Successfully checkpointed FlowFile Repository with 0 records in 0 milliseconds
2025-10-14 14:18:38,229 INFO [Cleanup Archive for default] o.a.n.c.repository.FileSystemRepository Successfully deleted 0 files (0 bytes) from archive
2025-10-14 14:18:38,229 INFO [Cleanup Archive for default] o.a.n.c.repository.FileSystemRepository Archive cleanup completed for container default; will now allow writing to this container. Bytes used = 175.87 GB, bytes free = 52.4 GB, capacity = 228.27 GB
2025-10-14 14:18:39,226 INFO [Checkpoint FlowFile Repository] o.a.n.c.r.WriteAheadFlowFileRepository Initiating checkpoint of FlowFile Repository
2025-10-14 14:18:39,227 INFO [Checkpoint FlowFile Repository] o.a.n.c.r.WriteAheadFlowFileRepository Successfully checkpointed FlowFile Repository with 0 records in 0 milliseconds
2025-10-14 14:18:59,231 INFO [Checkpoint FlowFile Repository] o.a.n.c.r.WriteAheadFlowFileRepository Initiating checkpoint of FlowFile Repository
2025-10-14 14:18:59,232 INFO [Checkpoint FlowFile Repository] o.a.n.c.r.WriteAheadFlowFileRepository Successfully checkpointed FlowFile Repository with 0 records in 0 milliseconds
2025-10-14 14:33:28,897 INFO [Checkpoint FlowFile Repository] o.a.n.c.r.WriteAheadFlowFileRepository Initiating checkpoint of FlowFile Repository
2025-10-14 14:33:28,899 INFO [Checkpoint FlowFile Repository] o.a.n.c.r.WriteAheadFlowFileRepository Successfully checkpointed FlowFile Repository with 0 records in 0 milliseconds
2025-10-14 14:33:48,054 INFO [Cleanup Archive for default] o.a.n.c.repository.FileSystemRepository Successfully deleted 0 files (0 bytes) from archive
2025-10-14 14:33:48,055 INFO [Cleanup Archive for default] o.a.n.c.repository.FileSystemRepository Archive cleanup completed for container default; will now allow writing to this container. Bytes used = 175.82 GB, bytes free = 52.45 GB, capacity = 228.27 GB
2025-10-14 14:33:48,901 INFO [Checkpoint FlowFile Repository] o.a.n.c.r.WriteAheadFlowFileRepository Initiating checkpoint of FlowFile Repository
2025-10-14 14:33:48,903 INFO [Checkpoint FlowFile Repository] o.a.n.c.r.WriteAheadFlowFileRepository Successfully checkpointed FlowFile Repository with 0 records in 0 milliseconds
2025-10-14 14:34:08,907 INFO [Checkpoint FlowFile Repository] o.a.n.c.r.WriteAheadFlowFileRepository Initiating checkpoint of FlowFile Repository
2025-10-14 14:34:08,908 INFO [Checkpoint FlowFile Repository] o.a.n.c.r.WriteAheadFlowFileRepository Successfully checkpointed FlowFile Repository with 0 records in 0 milliseconds
2025-10-14 14:34:28,912 INFO [Checkpoint FlowFile Repository] o.a.n.c.r.WriteAheadFlowFileRepository Initiating checkpoint of FlowFile Repository
2025-10-14 14:34:28,913 INFO [Checkpoint FlowFile Repository] o.a.n.c.r.WriteAheadFlowFileRepository Successfully checkpointed FlowFile Repository with 0 records in 0 milliseconds
2025-10-14 14:34:48,196 INFO [Cleanup Archive for default] o.a.n.c.repository.FileSystemRepository Successfully deleted 0 files (0 bytes) from archive
2025-10-14 14:34:48,196 INFO [Cleanup Archive for default] o.a.n.c.repository.FileSystemRepository Archive cleanup completed for container default; will now allow writing to this container. Bytes used = 175.82 GB, bytes free = 52.45 GB, capacity = 228.27 GB
2025-10-14 14:34:48,917 INFO [Checkpoint FlowFile Repository] o.a.n.c.r.WriteAheadFlowFileRepository Initiating checkpoint of FlowFile Repository
2025-10-14 14:34:48,918 INFO [Checkpoint FlowFile Repository] o.a.n.c.r.WriteAheadFlowFileRepository Successfully checkpointed FlowFile Repository with 0 records in 0 milliseconds
2025-10-14 14:35:05,288 INFO [ShutdownCommand] o.a.nifi.runtime.command.ShutdownCommand Application shutdown started
2025-10-14 14:35:05,292 INFO [ShutdownCommand] o.a.n.runtime.StandardManagementServer Management Server stopped
2025-10-14 14:35:05,296 INFO [ShutdownCommand] org.eclipse.jetty.server.Server Stopped oejs.Server@4cc7e3ad{STOPPING}[12.0.27,sto=0]
2025-10-14 14:35:05,306 INFO [ShutdownCommand] o.eclipse.jetty.server.AbstractConnector Stopped ServerConnector@71867474{SSL, (ssl, alpn, h2, http/1.1)}{5ed7b32ed7ef:8443}
2025-10-14 14:35:05,383 INFO [ShutdownCommand] o.e.j.ee10.servlet.ServletContextHandler Stopped oeje10w.WebAppContext@4dcfca8f{/nifi,/nifi,b=null,a=AVAILABLE,h=oeje10s.SessionHandler@6200887c{STOPPED}}{./work/nar/extensions/nifi-server-nar-2.6.0.nar-unpacked/NAR-INF/bundled-dependencies/nifi-ui-2.6.0.war}
2025-10-14 14:35:05,399 INFO [ShutdownCommand] o.a.n.w.c.ApplicationStartupContextListener Flow Service shutdown started
2025-10-14 14:35:05,400 INFO [ShutdownCommand] o.apache.nifi.controller.FlowController Initiating shutdown of FlowController...
2025-10-14 14:35:05,409 INFO [ShutdownCommand] o.apache.nifi.controller.FlowController Initiated graceful shutdown of flow controller...waiting up to 10 seconds
2025-10-14 14:35:05,410 INFO [ShutdownCommand] o.apache.nifi.controller.FlowController Controller has been terminated successfully.
2025-10-14 14:35:05,410 INFO [ShutdownCommand] o.apache.nifi.py4j.StandardPythonBridge Shutting down Python Server
2025-10-14 14:35:05,411 INFO [ShutdownCommand] org.apache.nifi.py4j.PythonProcess Shutting down Python Process Process[pid=128, exitValue="not exited"]
2025-10-14 14:35:05,414 INFO [ShutdownCommand] o.apache.nifi.py4j.StandardPythonBridge Successfully shutdown Python Server
2025-10-14 14:35:05,417 INFO [ForkJoinPool.commonPool-worker-1] org.apache.nifi.py4j.PythonProcess Python Process Process[pid=128, exitValue=137] exited with code 137
2025-10-14 14:35:05,427 INFO [ShutdownCommand] o.a.n.w.c.ApplicationStartupContextListener Flow Service shutdown completed
2025-10-14 14:35:05,427 INFO [ShutdownCommand] o.e.j.s.handler.ContextHandler._nifi_api Closing Spring root WebApplicationContext
2025-10-14 14:35:05,514 INFO [ShutdownCommand] o.a.n.a.service.EntityStoreAuditService Environment closed
2025-10-14 14:35:05,546 INFO [ShutdownCommand] o.e.j.ee10.servlet.ServletContextHandler Stopped oeje10w.WebAppContext@b842275{nifi-api,/nifi-api,b=null,a=AVAILABLE,h=oeje10s.SessionHandler@4fef5792{STOPPED}}{./work/nar/extensions/nifi-server-nar-2.6.0.nar-unpacked/NAR-INF/bundled-dependencies/nifi-web-api-2.6.0.war}
2025-10-14 14:35:05,551 INFO [ShutdownCommand] o.e.j.ee10.servlet.ServletContextHandler Stopped oeje10w.WebAppContext@49f2646{/nifi-update-attribute-ui-2.6.0,/nifi-update-attribute-ui-2.6.0,b=null,a=AVAILABLE,h=oeje10s.SessionHandler@1d1c63af{STOPPED}}{./work/nar/extensions/nifi-update-attribute-nar-2.6.0.nar-unpacked/NAR-INF/bundled-dependencies/nifi-update-attribute-ui-2.6.0.war}
2025-10-14 14:35:05,556 INFO [ShutdownCommand] o.e.j.ee10.servlet.ServletContextHandler Stopped oeje10w.WebAppContext@280d6a20{/nifi-jolt-transform-json-ui-2.6.0,/nifi-jolt-transform-json-ui-2.6.0,b=null,a=AVAILABLE,h=oeje10s.SessionHandler@4641f66c{STOPPED}}{./work/nar/extensions/nifi-jolt-nar-2.6.0.nar-unpacked/NAR-INF/bundled-dependencies/nifi-jolt-transform-json-ui-2.6.0.war}
2025-10-14 14:35:05,560 INFO [ShutdownCommand] o.e.j.ee10.servlet.ServletContextHandler Stopped oeje10w.WebAppContext@25d0b918{/nifi-standard-content-viewer-2.6.0,/nifi-standard-content-viewer-2.6.0,b=null,a=AVAILABLE,h=oeje10s.SessionHandler@218f2f51{STOPPED}}{./work/nar/extensions/nifi-standard-content-viewer-nar-2.6.0.nar-unpacked/NAR-INF/bundled-dependencies/nifi-standard-content-viewer-2.6.0.war}
2025-10-14 14:35:05,565 INFO [ShutdownCommand] org.apache.nifi.nar.NarAutoLoaderTask Stopping NAR Auto-loader
2025-10-14 14:35:05,565 INFO [ShutdownCommand] org.apache.nifi.nar.NarAutoLoader NAR Auto-Loader stopped
2025-10-14 14:35:05,567 INFO [ShutdownCommand] o.a.n.f.r.CompositeExternalResourceProviderService External Resource Provider Service is stopped
2025-10-14 14:35:05,568 INFO [ShutdownCommand] o.a.nifi.runtime.command.ShutdownCommand Application shutdown completed
2025-10-16 10:25:20,887 INFO [main] org.apache.nifi.runtime.Application Starting NiFi 2.6.0 using Java 21.0.8+12-LTS with PID 46
2025-10-16 10:25:20,889 INFO [main] o.apache.nifi.runtime.PropertiesProvider Loading Application Properties [/opt/nifi/nifi-current/conf/nifi.properties]
2025-10-16 10:25:20,898 INFO [main] org.apache.nifi.nar.NarUnpacker Expanding 112 NAR files started
2025-10-16 10:25:23,908 INFO [main] org.apache.nifi.nar.NarUnpacker Expanded 112 NAR files in 3.01 seconds (3010212335 ns)
2025-10-16 10:25:24,194 INFO [main] org.apache.nifi.nar.NarClassLoaders Loaded NAR file: /opt/nifi/nifi-current/./work/nar/extensions/nifi-jetty-nar-2.6.0.nar-unpacked as class loader org.apache.nifi.nar.NarClassLoader[./work/nar/extensions/nifi-jetty-nar-2.6.0.nar-unpacked]
2025-10-16 10:25:24,198 INFO [main] org.apache.nifi.nar.NarClassLoaders Loaded NAR file: /opt/nifi/nifi-current/./work/nar/framework/nifi-framework-nar-2.6.0.nar-unpacked as class loader org.apache.nifi.nar.NarClassLoader[./work/nar/framework/nifi-framework-nar-2.6.0.nar-unpacked]
2025-10-16 10:25:24,261 INFO [main] org.apache.nifi.nar.NarClassLoaders Loaded NAR file: /opt/nifi/nifi-current/./work/nar/extensions/nifi-provenance-repository-nar-2.6.0.nar-unpacked as class loader org.apache.nifi.nar.NarClassLoader[./work/nar/extensions/nifi-provenance-repository-nar-2.6.0.nar-unpacked]
2025-10-16 10:25:24,262 INFO [main] org.apache.nifi.nar.NarClassLoaders Loaded NAR file: /opt/nifi/nifi-current/./work/nar/extensions/nifi-hl7-nar-2.6.0.nar-unpacked as class loader org.apache.nifi.nar.NarClassLoader[./work/nar/extensions/nifi-hl7-nar-2.6.0.nar-unpacked]
2025-10-16 10:25:24,284 INFO [main] org.apache.nifi.nar.NarClassLoaders Loaded NAR file: /opt/nifi/nifi-current/./work/nar/extensions/nifi-compress-nar-2.6.0.nar-unpacked as class loader org.apache.nifi.nar.NarClassLoader[./work/nar/extensions/nifi-compress-nar-2.6.0.nar-unpacked]
2025-10-16 10:25:24,285 INFO [main] org.apache.nifi.nar.NarClassLoaders Loaded NAR file: /opt/nifi/nifi-current/./work/nar/extensions/nifi-update-attribute-nar-2.6.0.nar-unpacked as class loader org.apache.nifi.nar.NarClassLoader[./work/nar/extensions/nifi-update-attribute-nar-2.6.0.nar-unpacked]
2025-10-16 10:25:24,287 INFO [main] org.apache.nifi.nar.NarClassLoaders Loaded NAR file: /opt/nifi/nifi-current/./work/nar/extensions/nifi-ldap-iaa-providers-nar-2.6.0.nar-unpacked as class loader org.apache.nifi.nar.NarClassLoader[./work/nar/extensions/nifi-ldap-iaa-providers-nar-2.6.0.nar-unpacked]
2025-10-16 10:25:24,290 INFO [main] org.apache.nifi.nar.NarClassLoaders Loaded NAR file: /opt/nifi/nifi-current/./work/nar/extensions/nifi-single-user-iaa-providers-nar-2.6.0.nar-unpacked as class loader org.apache.nifi.nar.NarClassLoader[./work/nar/extensions/nifi-single-user-iaa-providers-nar-2.6.0.nar-unpacked]
2025-10-16 10:25:24,291 INFO [main] org.apache.nifi.nar.NarClassLoaders Loaded NAR file: /opt/nifi/nifi-current/./work/nar/extensions/nifi-framework-kubernetes-nar-2.6.0.nar-unpacked as class loader org.apache.nifi.nar.NarClassLoader[./work/nar/extensions/nifi-framework-kubernetes-nar-2.6.0.nar-unpacked]
2025-10-16 10:25:24,292 INFO [main] org.apache.nifi.nar.NarClassLoaders Loaded NAR file: /opt/nifi/nifi-current/./work/nar/extensions/nifi-server-nar-2.6.0.nar-unpacked as class loader org.apache.nifi.nar.NarClassLoader[./work/nar/extensions/nifi-server-nar-2.6.0.nar-unpacked]
2025-10-16 10:25:24,306 INFO [main] org.apache.nifi.nar.NarClassLoaders Loaded NAR file: /opt/nifi/nifi-current/./work/nar/extensions/nifi-standard-services-api-nar-2.6.0.nar-unpacked as class loader org.apache.nifi.nar.NarClassLoader[./work/nar/extensions/nifi-standard-services-api-nar-2.6.0.nar-unpacked]
2025-10-16 10:25:24,308 INFO [main] org.apache.nifi.nar.NarClassLoaders Loaded NAR file: /opt/nifi/nifi-current/./work/nar/extensions/nifi-email-nar-2.6.0.nar-unpacked as class loader org.apache.nifi.nar.NarClassLoader[./work/nar/extensions/nifi-email-nar-2.6.0.nar-unpacked]
2025-10-16 10:25:24,309 INFO [main] org.apache.nifi.nar.NarClassLoaders Loaded NAR file: /opt/nifi/nifi-current/./work/nar/extensions/nifi-dbcp-service-nar-2.6.0.nar-unpacked as class loader org.apache.nifi.nar.NarClassLoader[./work/nar/extensions/nifi-dbcp-service-nar-2.6.0.nar-unpacked]
2025-10-16 10:25:24,310 INFO [main] org.apache.nifi.nar.NarClassLoaders Loaded NAR file: /opt/nifi/nifi-current/./work/nar/extensions/nifi-kerberos-iaa-providers-nar-2.6.0.nar-unpacked as class loader org.apache.nifi.nar.NarClassLoader[./work/nar/extensions/nifi-kerberos-iaa-providers-nar-2.6.0.nar-unpacked]
2025-10-16 10:25:24,312 INFO [main] org.apache.nifi.nar.NarClassLoaders Loaded NAR file: /opt/nifi/nifi-current/./work/nar/extensions/nifi-evtx-nar-2.6.0.nar-unpacked as class loader org.apache.nifi.nar.NarClassLoader[./work/nar/extensions/nifi-evtx-nar-2.6.0.nar-unpacked]
2025-10-16 10:25:24,312 INFO [main] org.apache.nifi.nar.NarClassLoaders Loaded NAR file: /opt/nifi/nifi-current/./work/nar/extensions/nifi-stateful-analysis-nar-2.6.0.nar-unpacked as class loader org.apache.nifi.nar.NarClassLoader[./work/nar/extensions/nifi-stateful-analysis-nar-2.6.0.nar-unpacked]
2025-10-16 10:25:24,313 INFO [main] org.apache.nifi.nar.NarClassLoaders Loaded NAR file: /opt/nifi/nifi-current/./work/nar/extensions/nifi-file-resource-service-nar-2.6.0.nar-unpacked as class loader org.apache.nifi.nar.NarClassLoader[./work/nar/extensions/nifi-file-resource-service-nar-2.6.0.nar-unpacked]
2025-10-16 10:25:24,313 INFO [main] org.apache.nifi.nar.NarClassLoaders Loaded NAR file: /opt/nifi/nifi-current/./work/nar/extensions/nifi-standard-shared-nar-2.6.0.nar-unpacked as class loader org.apache.nifi.nar.NarClassLoader[./work/nar/extensions/nifi-standard-shared-nar-2.6.0.nar-unpacked]
2025-10-16 10:25:24,318 INFO [main] org.apache.nifi.nar.NarClassLoaders Loaded NAR file: /opt/nifi/nifi-current/./work/nar/extensions/nifi-gcp-services-api-nar-2.6.0.nar-unpacked as class loader org.apache.nifi.nar.NarClassLoader[./work/nar/extensions/nifi-gcp-services-api-nar-2.6.0.nar-unpacked]
2025-10-16 10:25:24,319 INFO [main] org.apache.nifi.nar.NarClassLoaders Loaded NAR file: /opt/nifi/nifi-current/./work/nar/extensions/nifi-database-dialect-service-nar-2.6.0.nar-unpacked as class loader org.apache.nifi.nar.NarClassLoader[./work/nar/extensions/nifi-database-dialect-service-nar-2.6.0.nar-unpacked]
2025-10-16 10:25:24,320 INFO [main] org.apache.nifi.nar.NarClassLoaders Loaded NAR file: /opt/nifi/nifi-current/./work/nar/extensions/nifi-poi-nar-2.6.0.nar-unpacked as class loader org.apache.nifi.nar.NarClassLoader[./work/nar/extensions/nifi-poi-nar-2.6.0.nar-unpacked]
2025-10-16 10:25:24,321 INFO [main] org.apache.nifi.nar.NarClassLoaders Loaded NAR file: /opt/nifi/nifi-current/./work/nar/extensions/nifi-key-service-nar-2.6.0.nar-unpacked as class loader org.apache.nifi.nar.NarClassLoader[./work/nar/extensions/nifi-key-service-nar-2.6.0.nar-unpacked]
2025-10-16 10:25:24,321 INFO [main] org.apache.nifi.nar.NarClassLoaders Loaded NAR file: /opt/nifi/nifi-current/./work/nar/extensions/nifi-asana-services-api-nar-2.6.0.nar-unpacked as class loader org.apache.nifi.nar.NarClassLoader[./work/nar/extensions/nifi-asana-services-api-nar-2.6.0.nar-unpacked]
2025-10-16 10:25:24,346 INFO [main] org.apache.nifi.nar.NarClassLoaders Loaded NAR file: /opt/nifi/nifi-current/./work/nar/extensions/nifi-snmp-nar-2.6.0.nar-unpacked as class loader org.apache.nifi.nar.NarClassLoader[./work/nar/extensions/nifi-snmp-nar-2.6.0.nar-unpacked]
2025-10-16 10:25:24,346 INFO [main] org.apache.nifi.nar.NarClassLoaders Loaded NAR file: /opt/nifi/nifi-current/./work/nar/extensions/nifi-framework-zookeeper-nar-2.6.0.nar-unpacked as class loader org.apache.nifi.nar.NarClassLoader[./work/nar/extensions/nifi-framework-zookeeper-nar-2.6.0.nar-unpacked]
2025-10-16 10:25:24,350 INFO [main] org.apache.nifi.nar.NarClassLoaders Loaded NAR file: /opt/nifi/nifi-current/./work/nar/extensions/nifi-ssl-context-service-nar-2.6.0.nar-unpacked as class loader org.apache.nifi.nar.NarClassLoader[./work/nar/extensions/nifi-ssl-context-service-nar-2.6.0.nar-unpacked]
2025-10-16 10:25:24,350 INFO [main] org.apache.nifi.nar.NarClassLoaders Loaded NAR file: /opt/nifi/nifi-current/./work/nar/extensions/nifi-web-client-provider-service-nar-2.6.0.nar-unpacked as class loader org.apache.nifi.nar.NarClassLoader[./work/nar/extensions/nifi-web-client-provider-service-nar-2.6.0.nar-unpacked]
2025-10-16 10:25:24,351 INFO [main] org.apache.nifi.nar.NarClassLoaders Loaded NAR file: /opt/nifi/nifi-current/./work/nar/extensions/nifi-network-processors-nar-2.6.0.nar-unpacked as class loader org.apache.nifi.nar.NarClassLoader[./work/nar/extensions/nifi-network-processors-nar-2.6.0.nar-unpacked]
2025-10-16 10:25:24,351 INFO [main] org.apache.nifi.nar.NarClassLoaders Loaded NAR file: /opt/nifi/nifi-current/./work/nar/extensions/nifi-kafka-service-api-nar-2.6.0.nar-unpacked as class loader org.apache.nifi.nar.NarClassLoader[./work/nar/extensions/nifi-kafka-service-api-nar-2.6.0.nar-unpacked]
2025-10-16 10:25:24,351 INFO [main] org.apache.nifi.nar.NarClassLoaders Loaded NAR file: /opt/nifi/nifi-current/./work/nar/extensions/nifi-windows-event-log-nar-2.6.0.nar-unpacked as class loader org.apache.nifi.nar.NarClassLoader[./work/nar/extensions/nifi-windows-event-log-nar-2.6.0.nar-unpacked]
2025-10-16 10:25:24,352 INFO [main] org.apache.nifi.nar.NarClassLoaders Loaded NAR file: /opt/nifi/nifi-current/./work/nar/extensions/nifi-gcp-nar-2.6.0.nar-unpacked as class loader org.apache.nifi.nar.NarClassLoader[./work/nar/extensions/nifi-gcp-nar-2.6.0.nar-unpacked]
2025-10-16 10:25:24,360 INFO [main] org.apache.nifi.nar.NarClassLoaders Loaded NAR file: /opt/nifi/nifi-current/./work/nar/extensions/nifi-hashicorp-vault-client-service-api-nar-2.6.0.nar-unpacked as class loader org.apache.nifi.nar.NarClassLoader[./work/nar/extensions/nifi-hashicorp-vault-client-service-api-nar-2.6.0.nar-unpacked]
2025-10-16 10:25:24,361 INFO [main] org.apache.nifi.nar.NarClassLoaders Loaded NAR file: /opt/nifi/nifi-current/./work/nar/extensions/nifi-registry-nar-2.6.0.nar-unpacked as class loader org.apache.nifi.nar.NarClassLoader[./work/nar/extensions/nifi-registry-nar-2.6.0.nar-unpacked]
2025-10-16 10:25:24,362 INFO [main] org.apache.nifi.nar.NarClassLoaders Loaded NAR file: /opt/nifi/nifi-current/./work/nar/extensions/nifi-protobuf-services-nar-2.6.0.nar-unpacked as class loader org.apache.nifi.nar.NarClassLoader[./work/nar/extensions/nifi-protobuf-services-nar-2.6.0.nar-unpacked]
2025-10-16 10:25:24,363 INFO [main] org.apache.nifi.nar.NarClassLoaders Loaded NAR file: /opt/nifi/nifi-current/./work/nar/extensions/nifi-asana-services-nar-2.6.0.nar-unpacked as class loader org.apache.nifi.nar.NarClassLoader[./work/nar/extensions/nifi-asana-services-nar-2.6.0.nar-unpacked]
2025-10-16 10:25:24,363 INFO [main] org.apache.nifi.nar.NarClassLoaders Loaded NAR file: /opt/nifi/nifi-current/./work/nar/extensions/nifi-site-to-site-reporting-nar-2.6.0.nar-unpacked as class loader org.apache.nifi.nar.NarClassLoader[./work/nar/extensions/nifi-site-to-site-reporting-nar-2.6.0.nar-unpacked]
2025-10-16 10:25:24,366 INFO [main] org.apache.nifi.nar.NarClassLoaders Loaded NAR file: /opt/nifi/nifi-current/./work/nar/extensions/nifi-zendesk-nar-2.6.0.nar-unpacked as class loader org.apache.nifi.nar.NarClassLoader[./work/nar/extensions/nifi-zendesk-nar-2.6.0.nar-unpacked]
2025-10-16 10:25:24,367 INFO [main] org.apache.nifi.nar.NarClassLoaders Loaded NAR file: /opt/nifi/nifi-current/./work/nar/extensions/nifi-cipher-nar-2.6.0.nar-unpacked as class loader org.apache.nifi.nar.NarClassLoader[./work/nar/extensions/nifi-cipher-nar-2.6.0.nar-unpacked]
2025-10-16 10:25:24,368 INFO [main] org.apache.nifi.nar.NarClassLoaders Loaded NAR file: /opt/nifi/nifi-current/./work/nar/extensions/nifi-jms-cf-service-nar-2.6.0.nar-unpacked as class loader org.apache.nifi.nar.NarClassLoader[./work/nar/extensions/nifi-jms-cf-service-nar-2.6.0.nar-unpacked]
2025-10-16 10:25:24,368 INFO [main] org.apache.nifi.nar.NarClassLoaders Loaded NAR file: /opt/nifi/nifi-current/./work/nar/extensions/nifi-jolt-nar-2.6.0.nar-unpacked as class loader org.apache.nifi.nar.NarClassLoader[./work/nar/extensions/nifi-jolt-nar-2.6.0.nar-unpacked]
2025-10-16 10:25:24,368 INFO [main] org.apache.nifi.nar.NarClassLoaders Loaded NAR file: /opt/nifi/nifi-current/./work/nar/extensions/nifi-hazelcast-services-api-nar-2.6.0.nar-unpacked as class loader org.apache.nifi.nar.NarClassLoader[./work/nar/extensions/nifi-hazelcast-services-api-nar-2.6.0.nar-unpacked]
2025-10-16 10:25:24,368 INFO [main] org.apache.nifi.nar.NarClassLoaders Loaded NAR file: /opt/nifi/nifi-current/./work/nar/extensions/nifi-pgp-service-api-nar-2.6.0.nar-unpacked as class loader org.apache.nifi.nar.NarClassLoader[./work/nar/extensions/nifi-pgp-service-api-nar-2.6.0.nar-unpacked]
2025-10-16 10:25:24,369 INFO [main] org.apache.nifi.nar.NarClassLoaders Loaded NAR file: /opt/nifi/nifi-current/./work/nar/extensions/nifi-proxy-configuration-nar-2.6.0.nar-unpacked as class loader org.apache.nifi.nar.NarClassLoader[./work/nar/extensions/nifi-proxy-configuration-nar-2.6.0.nar-unpacked]
2025-10-16 10:25:24,369 INFO [main] org.apache.nifi.nar.NarClassLoaders Loaded NAR file: /opt/nifi/nifi-current/./work/nar/extensions/nifi-airtable-nar-2.6.0.nar-unpacked as class loader org.apache.nifi.nar.NarClassLoader[./work/nar/extensions/nifi-airtable-nar-2.6.0.nar-unpacked]
2025-10-16 10:25:24,369 INFO [main] org.apache.nifi.nar.NarClassLoaders Loaded NAR file: /opt/nifi/nifi-current/./work/nar/extensions/nifi-github-nar-2.6.0.nar-unpacked as class loader org.apache.nifi.nar.NarClassLoader[./work/nar/extensions/nifi-github-nar-2.6.0.nar-unpacked]
2025-10-16 10:25:24,371 INFO [main] org.apache.nifi.nar.NarClassLoaders Loaded NAR file: /opt/nifi/nifi-current/./work/nar/extensions/nifi-oauth2-provider-nar-2.6.0.nar-unpacked as class loader org.apache.nifi.nar.NarClassLoader[./work/nar/extensions/nifi-oauth2-provider-nar-2.6.0.nar-unpacked]
2025-10-16 10:25:24,371 INFO [main] org.apache.nifi.nar.NarClassLoaders Loaded NAR file: /opt/nifi/nifi-current/./work/nar/extensions/nifi-workday-processors-nar-2.6.0.nar-unpacked as class loader org.apache.nifi.nar.NarClassLoader[./work/nar/extensions/nifi-workday-processors-nar-2.6.0.nar-unpacked]
2025-10-16 10:25:24,371 INFO [main] org.apache.nifi.nar.NarClassLoaders Loaded NAR file: /opt/nifi/nifi-current/./work/nar/extensions/nifi-mongodb-client-service-api-nar-2.6.0.nar-unpacked as class loader org.apache.nifi.nar.NarClassLoader[./work/nar/extensions/nifi-mongodb-client-service-api-nar-2.6.0.nar-unpacked]
2025-10-16 10:25:24,372 INFO [main] org.apache.nifi.nar.NarClassLoaders Loaded NAR file: /opt/nifi/nifi-current/./work/nar/extensions/nifi-groovyx-nar-2.6.0.nar-unpacked as class loader org.apache.nifi.nar.NarClassLoader[./work/nar/extensions/nifi-groovyx-nar-2.6.0.nar-unpacked]
2025-10-16 10:25:24,374 INFO [main] org.apache.nifi.nar.NarClassLoaders Loaded NAR file: /opt/nifi/nifi-current/./work/nar/extensions/nifi-hazelcast-services-nar-2.6.0.nar-unpacked as class loader org.apache.nifi.nar.NarClassLoader[./work/nar/extensions/nifi-hazelcast-services-nar-2.6.0.nar-unpacked]
2025-10-16 10:25:24,375 INFO [main] org.apache.nifi.nar.NarClassLoaders Loaded NAR file: /opt/nifi/nifi-current/./work/nar/extensions/nifi-mqtt-nar-2.6.0.nar-unpacked as class loader org.apache.nifi.nar.NarClassLoader[./work/nar/extensions/nifi-mqtt-nar-2.6.0.nar-unpacked]
2025-10-16 10:25:24,377 INFO [main] org.apache.nifi.nar.NarClassLoaders Loaded NAR file: /opt/nifi/nifi-current/./work/nar/extensions/nifi-cdc-mysql-nar-2.6.0.nar-unpacked as class loader org.apache.nifi.nar.NarClassLoader[./work/nar/extensions/nifi-cdc-mysql-nar-2.6.0.nar-unpacked]
2025-10-16 10:25:24,377 INFO [main] org.apache.nifi.nar.NarClassLoaders Loaded NAR file: /opt/nifi/nifi-current/./work/nar/extensions/nifi-jslt-nar-2.6.0.nar-unpacked as class loader org.apache.nifi.nar.NarClassLoader[./work/nar/extensions/nifi-jslt-nar-2.6.0.nar-unpacked]
2025-10-16 10:25:24,378 INFO [main] org.apache.nifi.nar.NarClassLoaders Loaded NAR file: /opt/nifi/nifi-current/./work/nar/extensions/nifi-kafka-nar-2.6.0.nar-unpacked as class loader org.apache.nifi.nar.NarClassLoader[./work/nar/extensions/nifi-kafka-nar-2.6.0.nar-unpacked]
2025-10-16 10:25:24,378 INFO [main] org.apache.nifi.nar.NarClassLoaders Loaded NAR file: /opt/nifi/nifi-current/./work/nar/extensions/nifi-mongodb-nar-2.6.0.nar-unpacked as class loader org.apache.nifi.nar.NarClassLoader[./work/nar/extensions/nifi-mongodb-nar-2.6.0.nar-unpacked]
2025-10-16 10:25:24,378 INFO [main] org.apache.nifi.nar.NarClassLoaders Loaded NAR file: /opt/nifi/nifi-current/./work/nar/extensions/nifi-pgp-service-nar-2.6.0.nar-unpacked as class loader org.apache.nifi.nar.NarClassLoader[./work/nar/extensions/nifi-pgp-service-nar-2.6.0.nar-unpacked]
2025-10-16 10:25:24,378 INFO [main] org.apache.nifi.nar.NarClassLoaders Loaded NAR file: /opt/nifi/nifi-current/./work/nar/extensions/nifi-standard-content-viewer-nar-2.6.0.nar-unpacked as class loader org.apache.nifi.nar.NarClassLoader[./work/nar/extensions/nifi-standard-content-viewer-nar-2.6.0.nar-unpacked]
2025-10-16 10:25:24,379 INFO [main] org.apache.nifi.nar.NarClassLoaders Loaded NAR file: /opt/nifi/nifi-current/./work/nar/extensions/nifi-standard-nar-2.6.0.nar-unpacked as class loader org.apache.nifi.nar.NarClassLoader[./work/nar/extensions/nifi-standard-nar-2.6.0.nar-unpacked]
2025-10-16 10:25:24,396 INFO [main] org.apache.nifi.nar.NarClassLoaders Loaded NAR file: /opt/nifi/nifi-current/./work/nar/extensions/nifi-box-services-api-nar-2.6.0.nar-unpacked as class loader org.apache.nifi.nar.NarClassLoader[./work/nar/extensions/nifi-box-services-api-nar-2.6.0.nar-unpacked]
2025-10-16 10:25:24,396 INFO [main] org.apache.nifi.nar.NarClassLoaders Loaded NAR file: /opt/nifi/nifi-current/./work/nar/extensions/nifi-http-context-map-nar-2.6.0.nar-unpacked as class loader org.apache.nifi.nar.NarClassLoader[./work/nar/extensions/nifi-http-context-map-nar-2.6.0.nar-unpacked]
2025-10-16 10:25:24,396 INFO [main] org.apache.nifi.nar.NarClassLoaders Loaded NAR file: /opt/nifi/nifi-current/./work/nar/extensions/nifi-avro-nar-2.6.0.nar-unpacked as class loader org.apache.nifi.nar.NarClassLoader[./work/nar/extensions/nifi-avro-nar-2.6.0.nar-unpacked]
2025-10-16 10:25:24,397 INFO [main] org.apache.nifi.nar.NarClassLoaders Loaded NAR file: /opt/nifi/nifi-current/./work/nar/extensions/nifi-enrich-nar-2.6.0.nar-unpacked as class loader org.apache.nifi.nar.NarClassLoader[./work/nar/extensions/nifi-enrich-nar-2.6.0.nar-unpacked]
2025-10-16 10:25:24,398 INFO [main] org.apache.nifi.nar.NarClassLoaders Loaded NAR file: /opt/nifi/nifi-current/./work/nar/extensions/nifi-lookup-services-nar-2.6.0.nar-unpacked as class loader org.apache.nifi.nar.NarClassLoader[./work/nar/extensions/nifi-lookup-services-nar-2.6.0.nar-unpacked]
2025-10-16 10:25:24,400 INFO [main] org.apache.nifi.nar.NarClassLoaders Loaded NAR file: /opt/nifi/nifi-current/./work/nar/extensions/nifi-splunk-nar-2.6.0.nar-unpacked as class loader org.apache.nifi.nar.NarClassLoader[./work/nar/extensions/nifi-splunk-nar-2.6.0.nar-unpacked]
2025-10-16 10:25:24,401 INFO [main] org.apache.nifi.nar.NarClassLoaders Loaded NAR file: /opt/nifi/nifi-current/./work/nar/extensions/nifi-zendesk-services-nar-2.6.0.nar-unpacked as class loader org.apache.nifi.nar.NarClassLoader[./work/nar/extensions/nifi-zendesk-services-nar-2.6.0.nar-unpacked]
2025-10-16 10:25:24,401 INFO [main] org.apache.nifi.nar.NarClassLoaders Loaded NAR file: /opt/nifi/nifi-current/./work/nar/extensions/nifi-hashicorp-vault-nar-2.6.0.nar-unpacked as class loader org.apache.nifi.nar.NarClassLoader[./work/nar/extensions/nifi-hashicorp-vault-nar-2.6.0.nar-unpacked]
2025-10-16 10:25:24,402 INFO [main] org.apache.nifi.nar.NarClassLoaders Loaded NAR file: /opt/nifi/nifi-current/./work/nar/extensions/nifi-distributed-cache-services-nar-2.6.0.nar-unpacked as class loader org.apache.nifi.nar.NarClassLoader[./work/nar/extensions/nifi-distributed-cache-services-nar-2.6.0.nar-unpacked]
2025-10-16 10:25:24,404 INFO [main] org.apache.nifi.nar.NarClassLoaders Loaded NAR file: /opt/nifi/nifi-current/./work/nar/extensions/nifi-slack-nar-2.6.0.nar-unpacked as class loader org.apache.nifi.nar.NarClassLoader[./work/nar/extensions/nifi-slack-nar-2.6.0.nar-unpacked]
2025-10-16 10:25:24,425 INFO [main] org.apache.nifi.nar.NarClassLoaders Loaded NAR file: /opt/nifi/nifi-current/./work/nar/extensions/nifi-kafka-3-service-nar-2.6.0.nar-unpacked as class loader org.apache.nifi.nar.NarClassLoader[./work/nar/extensions/nifi-kafka-3-service-nar-2.6.0.nar-unpacked]
2025-10-16 10:25:24,427 INFO [main] org.apache.nifi.nar.NarClassLoaders Loaded NAR file: /opt/nifi/nifi-current/./work/nar/extensions/nifi-kerberos-user-service-nar-2.6.0.nar-unpacked as class loader org.apache.nifi.nar.NarClassLoader[./work/nar/extensions/nifi-kerberos-user-service-nar-2.6.0.nar-unpacked]
2025-10-16 10:25:24,427 INFO [main] org.apache.nifi.nar.NarClassLoaders Loaded NAR file: /opt/nifi/nifi-current/./work/nar/extensions/nifi-confluent-platform-nar-2.6.0.nar-unpacked as class loader org.apache.nifi.nar.NarClassLoader[./work/nar/extensions/nifi-confluent-platform-nar-2.6.0.nar-unpacked]
2025-10-16 10:25:24,428 INFO [main] org.apache.nifi.nar.NarClassLoaders Loaded NAR file: /opt/nifi/nifi-current/./work/nar/extensions/nifi-social-media-nar-2.6.0.nar-unpacked as class loader org.apache.nifi.nar.NarClassLoader[./work/nar/extensions/nifi-social-media-nar-2.6.0.nar-unpacked]
2025-10-16 10:25:24,429 INFO [main] org.apache.nifi.nar.NarClassLoaders Loaded NAR file: /opt/nifi/nifi-current/./work/nar/extensions/nifi-opentelemetry-nar-2.6.0.nar-unpacked as class loader org.apache.nifi.nar.NarClassLoader[./work/nar/extensions/nifi-opentelemetry-nar-2.6.0.nar-unpacked]
2025-10-16 10:25:24,430 INFO [main] org.apache.nifi.nar.NarClassLoaders Loaded NAR file: /opt/nifi/nifi-current/./work/nar/extensions/nifi-elasticsearch-client-service-api-nar-2.6.0.nar-unpacked as class loader org.apache.nifi.nar.NarClassLoader[./work/nar/extensions/nifi-elasticsearch-client-service-api-nar-2.6.0.nar-unpacked]
2025-10-16 10:25:24,430 INFO [main] org.apache.nifi.nar.NarClassLoaders Loaded NAR file: /opt/nifi/nifi-current/./work/nar/extensions/nifi-py4j-nar-2.6.0.nar-unpacked as class loader org.apache.nifi.nar.NarClassLoader[./work/nar/extensions/nifi-py4j-nar-2.6.0.nar-unpacked]
2025-10-16 10:25:24,430 INFO [main] org.apache.nifi.nar.NarClassLoaders Loaded NAR file: /opt/nifi/nifi-current/./work/nar/extensions/nifi-amqp-nar-2.6.0.nar-unpacked as class loader org.apache.nifi.nar.NarClassLoader[./work/nar/extensions/nifi-amqp-nar-2.6.0.nar-unpacked]
2025-10-16 10:25:24,431 INFO [main] org.apache.nifi.nar.NarClassLoaders Loaded NAR file: /opt/nifi/nifi-current/./work/nar/extensions/nifi-salesforce-nar-2.6.0.nar-unpacked as class loader org.apache.nifi.nar.NarClassLoader[./work/nar/extensions/nifi-salesforce-nar-2.6.0.nar-unpacked]
2025-10-16 10:25:24,432 INFO [main] org.apache.nifi.nar.NarClassLoaders Loaded NAR file: /opt/nifi/nifi-current/./work/nar/extensions/nifi-websocket-services-api-nar-2.6.0.nar-unpacked as class loader org.apache.nifi.nar.NarClassLoader[./work/nar/extensions/nifi-websocket-services-api-nar-2.6.0.nar-unpacked]
2025-10-16 10:25:24,433 INFO [main] org.apache.nifi.nar.NarClassLoaders Loaded NAR file: /opt/nifi/nifi-current/./work/nar/extensions/nifi-shopify-nar-2.6.0.nar-unpacked as class loader org.apache.nifi.nar.NarClassLoader[./work/nar/extensions/nifi-shopify-nar-2.6.0.nar-unpacked]
2025-10-16 10:25:24,433 INFO [main] org.apache.nifi.nar.NarClassLoaders Loaded NAR file: /opt/nifi/nifi-current/./work/nar/extensions/nifi-geohash-nar-2.6.0.nar-unpacked as class loader org.apache.nifi.nar.NarClassLoader[./work/nar/extensions/nifi-geohash-nar-2.6.0.nar-unpacked]
2025-10-16 10:25:24,433 INFO [main] org.apache.nifi.nar.NarClassLoaders Loaded NAR file: /opt/nifi/nifi-current/./work/nar/extensions/nifi-aws-service-api-nar-2.6.0.nar-unpacked as class loader org.apache.nifi.nar.NarClassLoader[./work/nar/extensions/nifi-aws-service-api-nar-2.6.0.nar-unpacked]
2025-10-16 10:25:24,439 INFO [main] org.apache.nifi.nar.NarClassLoaders Loaded NAR file: /opt/nifi/nifi-current/./work/nar/extensions/nifi-kafka-service-aws-nar-2.6.0.nar-unpacked as class loader org.apache.nifi.nar.NarClassLoader[./work/nar/extensions/nifi-kafka-service-aws-nar-2.6.0.nar-unpacked]
2025-10-16 10:25:24,443 INFO [main] org.apache.nifi.nar.NarClassLoaders Loaded NAR file: /opt/nifi/nifi-current/./work/nar/extensions/nifi-db-schema-registry-service-nar-2.6.0.nar-unpacked as class loader org.apache.nifi.nar.NarClassLoader[./work/nar/extensions/nifi-db-schema-registry-service-nar-2.6.0.nar-unpacked]
2025-10-16 10:25:24,444 INFO [main] org.apache.nifi.nar.NarClassLoaders Loaded NAR file: /opt/nifi/nifi-current/./work/nar/extensions/nifi-dropbox-services-api-nar-2.6.0.nar-unpacked as class loader org.apache.nifi.nar.NarClassLoader[./work/nar/extensions/nifi-dropbox-services-api-nar-2.6.0.nar-unpacked]
2025-10-16 10:25:24,444 INFO [main] org.apache.nifi.nar.NarClassLoaders Loaded NAR file: /opt/nifi/nifi-current/./work/nar/extensions/nifi-flow-registry-client-nar-2.6.0.nar-unpacked as class loader org.apache.nifi.nar.NarClassLoader[./work/nar/extensions/nifi-flow-registry-client-nar-2.6.0.nar-unpacked]
2025-10-16 10:25:24,447 INFO [main] org.apache.nifi.nar.NarClassLoaders Loaded NAR file: /opt/nifi/nifi-current/./work/nar/extensions/nifi-azure-services-api-nar-2.6.0.nar-unpacked as class loader org.apache.nifi.nar.NarClassLoader[./work/nar/extensions/nifi-azure-services-api-nar-2.6.0.nar-unpacked]
2025-10-16 10:25:24,453 INFO [main] org.apache.nifi.nar.NarClassLoaders Loaded NAR file: /opt/nifi/nifi-current/./work/nar/extensions/nifi-dropbox-services-nar-2.6.0.nar-unpacked as class loader org.apache.nifi.nar.NarClassLoader[./work/nar/extensions/nifi-dropbox-services-nar-2.6.0.nar-unpacked]
2025-10-16 10:25:24,454 INFO [main] org.apache.nifi.nar.NarClassLoaders Loaded NAR file: /opt/nifi/nifi-current/./work/nar/extensions/nifi-apicurio-nar-2.6.0.nar-unpacked as class loader org.apache.nifi.nar.NarClassLoader[./work/nar/extensions/nifi-apicurio-nar-2.6.0.nar-unpacked]
2025-10-16 10:25:24,454 INFO [main] org.apache.nifi.nar.NarClassLoaders Loaded NAR file: /opt/nifi/nifi-current/./work/nar/extensions/nifi-hubspot-nar-2.6.0.nar-unpacked as class loader org.apache.nifi.nar.NarClassLoader[./work/nar/extensions/nifi-hubspot-nar-2.6.0.nar-unpacked]
2025-10-16 10:25:24,454 INFO [main] org.apache.nifi.nar.NarClassLoaders Loaded NAR file: /opt/nifi/nifi-current/./work/nar/extensions/nifi-smb-client-api-nar-2.6.0.nar-unpacked as class loader org.apache.nifi.nar.NarClassLoader[./work/nar/extensions/nifi-smb-client-api-nar-2.6.0.nar-unpacked]
2025-10-16 10:25:24,454 INFO [main] org.apache.nifi.nar.NarClassLoaders Loaded NAR file: /opt/nifi/nifi-current/./work/nar/extensions/nifi-record-sink-service-nar-2.6.0.nar-unpacked as class loader org.apache.nifi.nar.NarClassLoader[./work/nar/extensions/nifi-record-sink-service-nar-2.6.0.nar-unpacked]
2025-10-16 10:25:24,455 INFO [main] org.apache.nifi.nar.NarClassLoaders Loaded NAR file: /opt/nifi/nifi-current/./work/nar/extensions/nifi-gitlab-nar-2.6.0.nar-unpacked as class loader org.apache.nifi.nar.NarClassLoader[./work/nar/extensions/nifi-gitlab-nar-2.6.0.nar-unpacked]
2025-10-16 10:25:24,457 INFO [main] org.apache.nifi.nar.NarClassLoaders Loaded NAR file: /opt/nifi/nifi-current/./work/nar/extensions/nifi-box-nar-2.6.0.nar-unpacked as class loader org.apache.nifi.nar.NarClassLoader[./work/nar/extensions/nifi-box-nar-2.6.0.nar-unpacked]
2025-10-16 10:25:24,458 INFO [main] org.apache.nifi.nar.NarClassLoaders Loaded NAR file: /opt/nifi/nifi-current/./work/nar/extensions/nifi-scripting-nar-2.6.0.nar-unpacked as class loader org.apache.nifi.nar.NarClassLoader[./work/nar/extensions/nifi-scripting-nar-2.6.0.nar-unpacked]
2025-10-16 10:25:24,465 INFO [main] org.apache.nifi.nar.NarClassLoaders Loaded NAR file: /opt/nifi/nifi-current/./work/nar/extensions/nifi-asana-processors-nar-2.6.0.nar-unpacked as class loader org.apache.nifi.nar.NarClassLoader[./work/nar/extensions/nifi-asana-processors-nar-2.6.0.nar-unpacked]
2025-10-16 10:25:24,466 INFO [main] org.apache.nifi.nar.NarClassLoaders Loaded NAR file: /opt/nifi/nifi-current/./work/nar/extensions/nifi-atlassian-nar-2.6.0.nar-unpacked as class loader org.apache.nifi.nar.NarClassLoader[./work/nar/extensions/nifi-atlassian-nar-2.6.0.nar-unpacked]
2025-10-16 10:25:24,466 INFO [main] org.apache.nifi.nar.NarClassLoaders Loaded NAR file: /opt/nifi/nifi-current/./work/nar/extensions/nifi-jms-processors-nar-2.6.0.nar-unpacked as class loader org.apache.nifi.nar.NarClassLoader[./work/nar/extensions/nifi-jms-processors-nar-2.6.0.nar-unpacked]
2025-10-16 10:25:24,468 INFO [main] org.apache.nifi.nar.NarClassLoaders Loaded NAR file: /opt/nifi/nifi-current/./work/nar/extensions/nifi-record-serialization-services-nar-2.6.0.nar-unpacked as class loader org.apache.nifi.nar.NarClassLoader[./work/nar/extensions/nifi-record-serialization-services-nar-2.6.0.nar-unpacked]
2025-10-16 10:25:24,469 INFO [main] org.apache.nifi.nar.NarClassLoaders Loaded NAR file: /opt/nifi/nifi-current/./work/nar/extensions/nifi-elasticsearch-client-service-nar-2.6.0.nar-unpacked as class loader org.apache.nifi.nar.NarClassLoader[./work/nar/extensions/nifi-elasticsearch-client-service-nar-2.6.0.nar-unpacked]
2025-10-16 10:25:24,470 INFO [main] org.apache.nifi.nar.NarClassLoaders Loaded NAR file: /opt/nifi/nifi-current/./work/nar/extensions/nifi-redis-service-api-nar-2.6.0.nar-unpacked as class loader org.apache.nifi.nar.NarClassLoader[./work/nar/extensions/nifi-redis-service-api-nar-2.6.0.nar-unpacked]
2025-10-16 10:25:24,471 INFO [main] org.apache.nifi.nar.NarClassLoaders Loaded NAR file: /opt/nifi/nifi-current/./work/nar/extensions/nifi-smb-smbj-client-nar-2.6.0.nar-unpacked as class loader org.apache.nifi.nar.NarClassLoader[./work/nar/extensions/nifi-smb-smbj-client-nar-2.6.0.nar-unpacked]
2025-10-16 10:25:24,471 INFO [main] org.apache.nifi.nar.NarClassLoaders Loaded NAR file: /opt/nifi/nifi-current/./work/nar/extensions/nifi-pgp-nar-2.6.0.nar-unpacked as class loader org.apache.nifi.nar.NarClassLoader[./work/nar/extensions/nifi-pgp-nar-2.6.0.nar-unpacked]
2025-10-16 10:25:24,471 INFO [main] org.apache.nifi.nar.NarClassLoaders Loaded NAR file: /opt/nifi/nifi-current/./work/nar/extensions/nifi-smb-nar-2.6.0.nar-unpacked as class loader org.apache.nifi.nar.NarClassLoader[./work/nar/extensions/nifi-smb-nar-2.6.0.nar-unpacked]
2025-10-16 10:25:24,472 INFO [main] org.apache.nifi.nar.NarClassLoaders Loaded NAR file: /opt/nifi/nifi-current/./work/nar/extensions/nifi-mongodb-services-nar-2.6.0.nar-unpacked as class loader org.apache.nifi.nar.NarClassLoader[./work/nar/extensions/nifi-mongodb-services-nar-2.6.0.nar-unpacked]
2025-10-16 10:25:24,472 INFO [main] org.apache.nifi.nar.NarClassLoaders Loaded NAR file: /opt/nifi/nifi-current/./work/nar/extensions/nifi-websocket-processors-nar-2.6.0.nar-unpacked as class loader org.apache.nifi.nar.NarClassLoader[./work/nar/extensions/nifi-websocket-processors-nar-2.6.0.nar-unpacked]
2025-10-16 10:25:24,472 INFO [main] org.apache.nifi.nar.NarClassLoaders Loaded NAR file: /opt/nifi/nifi-current/./work/nar/extensions/nifi-dropbox-processors-nar-2.6.0.nar-unpacked as class loader org.apache.nifi.nar.NarClassLoader[./work/nar/extensions/nifi-dropbox-processors-nar-2.6.0.nar-unpacked]
2025-10-16 10:25:24,473 INFO [main] org.apache.nifi.nar.NarClassLoaders Loaded NAR file: /opt/nifi/nifi-current/./work/nar/extensions/nifi-websocket-services-jetty-nar-2.6.0.nar-unpacked as class loader org.apache.nifi.nar.NarClassLoader[./work/nar/extensions/nifi-websocket-services-jetty-nar-2.6.0.nar-unpacked]
2025-10-16 10:25:24,473 INFO [main] org.apache.nifi.nar.NarClassLoaders Loaded NAR file: /opt/nifi/nifi-current/./work/nar/extensions/nifi-box-services-nar-2.6.0.nar-unpacked as class loader org.apache.nifi.nar.NarClassLoader[./work/nar/extensions/nifi-box-services-nar-2.6.0.nar-unpacked]
2025-10-16 10:25:24,474 INFO [main] org.apache.nifi.nar.NarClassLoaders Loaded NAR file: /opt/nifi/nifi-current/./work/nar/extensions/nifi-aws-nar-2.6.0.nar-unpacked as class loader org.apache.nifi.nar.NarClassLoader[./work/nar/extensions/nifi-aws-nar-2.6.0.nar-unpacked]
2025-10-16 10:25:24,492 INFO [main] org.apache.nifi.nar.NarClassLoaders Loaded NAR file: /opt/nifi/nifi-current/./work/nar/extensions/nifi-elasticsearch-restapi-nar-2.6.0.nar-unpacked as class loader org.apache.nifi.nar.NarClassLoader[./work/nar/extensions/nifi-elasticsearch-restapi-nar-2.6.0.nar-unpacked]
2025-10-16 10:25:24,493 INFO [main] org.apache.nifi.nar.NarClassLoaders Loaded NAR file: /opt/nifi/nifi-current/./work/nar/extensions/nifi-azure-nar-2.6.0.nar-unpacked as class loader org.apache.nifi.nar.NarClassLoader[./work/nar/extensions/nifi-azure-nar-2.6.0.nar-unpacked]
2025-10-16 10:25:24,499 INFO [main] org.apache.nifi.nar.NarClassLoaders Loaded NAR file: /opt/nifi/nifi-current/./work/nar/extensions/nifi-redis-nar-2.6.0.nar-unpacked as class loader org.apache.nifi.nar.NarClassLoader[./work/nar/extensions/nifi-redis-nar-2.6.0.nar-unpacked]
2025-10-16 10:25:24,500 INFO [main] org.apache.nifi.nar.NarClassLoaders Found NiFiServer implementation org.apache.nifi.web.server.JettyServer in org.apache.nifi:nifi-server-nar:2.6.0
2025-10-16 10:25:24,501 INFO [main] o.a.nifi.properties.NiFiPropertiesLoader Loading Application Properties [/opt/nifi/nifi-current/conf/nifi.properties]
2025-10-16 10:25:24,548 ERROR [main] org.apache.nifi.web.server.JettyServer Failed to start Server
java.lang.IllegalStateException: Invalid port configuration in nifi.properties: Both nifi.web.https.port and nifi.web.http.port specified
	at org.apache.nifi.web.server.connector.FrameworkServerConnectorFactory.getPort(FrameworkServerConnectorFactory.java:156)
	at org.apache.nifi.web.server.connector.FrameworkServerConnectorFactory.<init>(FrameworkServerConnectorFactory.java:68)
	at org.apache.nifi.web.server.StandardServerProvider.addConnectors(StandardServerProvider.java:96)
	at org.apache.nifi.web.server.StandardServerProvider.getServer(StandardServerProvider.java:69)
	at org.apache.nifi.web.server.JettyServer.init(JettyServer.java:215)
	at org.apache.nifi.web.server.JettyServer.initialize(JettyServer.java:988)
	at org.apache.nifi.runtime.Application.startServer(Application.java:126)
	at org.apache.nifi.runtime.Application.run(Application.java:78)
	at org.apache.nifi.runtime.Application.run(Application.java:60)
	at org.apache.nifi.NiFi.main(NiFi.java:42)
2025-10-16 10:25:25,570 INFO [main] org.apache.nifi.runtime.Application Starting NiFi 2.6.0 using Java 21.0.8+12-LTS with PID 46
2025-10-16 10:25:25,572 INFO [main] o.apache.nifi.runtime.PropertiesProvider Loading Application Properties [/opt/nifi/nifi-current/conf/nifi.properties]
2025-10-16 10:25:25,577 INFO [main] org.apache.nifi.nar.NarUnpacker Expanding 112 NAR files started
2025-10-16 10:25:26,083 INFO [main] org.apache.nifi.nar.NarUnpacker Expanded 112 NAR files in 0.505 seconds (505371958 ns)
2025-10-16 10:25:26,306 INFO [main] org.apache.nifi.nar.NarClassLoaders Loaded NAR file: /opt/nifi/nifi-current/./work/nar/extensions/nifi-jetty-nar-2.6.0.nar-unpacked as class loader org.apache.nifi.nar.NarClassLoader[./work/nar/extensions/nifi-jetty-nar-2.6.0.nar-unpacked]
2025-10-16 10:25:26,309 INFO [main] org.apache.nifi.nar.NarClassLoaders Loaded NAR file: /opt/nifi/nifi-current/./work/nar/framework/nifi-framework-nar-2.6.0.nar-unpacked as class loader org.apache.nifi.nar.NarClassLoader[./work/nar/framework/nifi-framework-nar-2.6.0.nar-unpacked]
2025-10-16 10:25:26,360 INFO [main] org.apache.nifi.nar.NarClassLoaders Loaded NAR file: /opt/nifi/nifi-current/./work/nar/extensions/nifi-provenance-repository-nar-2.6.0.nar-unpacked as class loader org.apache.nifi.nar.NarClassLoader[./work/nar/extensions/nifi-provenance-repository-nar-2.6.0.nar-unpacked]
2025-10-16 10:25:26,361 INFO [main] org.apache.nifi.nar.NarClassLoaders Loaded NAR file: /opt/nifi/nifi-current/./work/nar/extensions/nifi-hl7-nar-2.6.0.nar-unpacked as class loader org.apache.nifi.nar.NarClassLoader[./work/nar/extensions/nifi-hl7-nar-2.6.0.nar-unpacked]
2025-10-16 10:25:26,382 INFO [main] org.apache.nifi.nar.NarClassLoaders Loaded NAR file: /opt/nifi/nifi-current/./work/nar/extensions/nifi-compress-nar-2.6.0.nar-unpacked as class loader org.apache.nifi.nar.NarClassLoader[./work/nar/extensions/nifi-compress-nar-2.6.0.nar-unpacked]
2025-10-16 10:25:26,383 INFO [main] org.apache.nifi.nar.NarClassLoaders Loaded NAR file: /opt/nifi/nifi-current/./work/nar/extensions/nifi-update-attribute-nar-2.6.0.nar-unpacked as class loader org.apache.nifi.nar.NarClassLoader[./work/nar/extensions/nifi-update-attribute-nar-2.6.0.nar-unpacked]
2025-10-16 10:25:26,385 INFO [main] org.apache.nifi.nar.NarClassLoaders Loaded NAR file: /opt/nifi/nifi-current/./work/nar/extensions/nifi-ldap-iaa-providers-nar-2.6.0.nar-unpacked as class loader org.apache.nifi.nar.NarClassLoader[./work/nar/extensions/nifi-ldap-iaa-providers-nar-2.6.0.nar-unpacked]
2025-10-16 10:25:26,386 INFO [main] org.apache.nifi.nar.NarClassLoaders Loaded NAR file: /opt/nifi/nifi-current/./work/nar/extensions/nifi-single-user-iaa-providers-nar-2.6.0.nar-unpacked as class loader org.apache.nifi.nar.NarClassLoader[./work/nar/extensions/nifi-single-user-iaa-providers-nar-2.6.0.nar-unpacked]
2025-10-16 10:25:26,386 INFO [main] org.apache.nifi.nar.NarClassLoaders Loaded NAR file: /opt/nifi/nifi-current/./work/nar/extensions/nifi-framework-kubernetes-nar-2.6.0.nar-unpacked as class loader org.apache.nifi.nar.NarClassLoader[./work/nar/extensions/nifi-framework-kubernetes-nar-2.6.0.nar-unpacked]
2025-10-16 10:25:26,388 INFO [main] org.apache.nifi.nar.NarClassLoaders Loaded NAR file: /opt/nifi/nifi-current/./work/nar/extensions/nifi-server-nar-2.6.0.nar-unpacked as class loader org.apache.nifi.nar.NarClassLoader[./work/nar/extensions/nifi-server-nar-2.6.0.nar-unpacked]
2025-10-16 10:25:26,397 INFO [main] org.apache.nifi.nar.NarClassLoaders Loaded NAR file: /opt/nifi/nifi-current/./work/nar/extensions/nifi-standard-services-api-nar-2.6.0.nar-unpacked as class loader org.apache.nifi.nar.NarClassLoader[./work/nar/extensions/nifi-standard-services-api-nar-2.6.0.nar-unpacked]
2025-10-16 10:25:26,398 INFO [main] org.apache.nifi.nar.NarClassLoaders Loaded NAR file: /opt/nifi/nifi-current/./work/nar/extensions/nifi-email-nar-2.6.0.nar-unpacked as class loader org.apache.nifi.nar.NarClassLoader[./work/nar/extensions/nifi-email-nar-2.6.0.nar-unpacked]
2025-10-16 10:25:26,399 INFO [main] org.apache.nifi.nar.NarClassLoaders Loaded NAR file: /opt/nifi/nifi-current/./work/nar/extensions/nifi-dbcp-service-nar-2.6.0.nar-unpacked as class loader org.apache.nifi.nar.NarClassLoader[./work/nar/extensions/nifi-dbcp-service-nar-2.6.0.nar-unpacked]
2025-10-16 10:25:26,400 INFO [main] org.apache.nifi.nar.NarClassLoaders Loaded NAR file: /opt/nifi/nifi-current/./work/nar/extensions/nifi-kerberos-iaa-providers-nar-2.6.0.nar-unpacked as class loader org.apache.nifi.nar.NarClassLoader[./work/nar/extensions/nifi-kerberos-iaa-providers-nar-2.6.0.nar-unpacked]
2025-10-16 10:25:26,401 INFO [main] org.apache.nifi.nar.NarClassLoaders Loaded NAR file: /opt/nifi/nifi-current/./work/nar/extensions/nifi-evtx-nar-2.6.0.nar-unpacked as class loader org.apache.nifi.nar.NarClassLoader[./work/nar/extensions/nifi-evtx-nar-2.6.0.nar-unpacked]
2025-10-16 10:25:26,402 INFO [main] org.apache.nifi.nar.NarClassLoaders Loaded NAR file: /opt/nifi/nifi-current/./work/nar/extensions/nifi-stateful-analysis-nar-2.6.0.nar-unpacked as class loader org.apache.nifi.nar.NarClassLoader[./work/nar/extensions/nifi-stateful-analysis-nar-2.6.0.nar-unpacked]
2025-10-16 10:25:26,402 INFO [main] org.apache.nifi.nar.NarClassLoaders Loaded NAR file: /opt/nifi/nifi-current/./work/nar/extensions/nifi-file-resource-service-nar-2.6.0.nar-unpacked as class loader org.apache.nifi.nar.NarClassLoader[./work/nar/extensions/nifi-file-resource-service-nar-2.6.0.nar-unpacked]
2025-10-16 10:25:26,403 INFO [main] org.apache.nifi.nar.NarClassLoaders Loaded NAR file: /opt/nifi/nifi-current/./work/nar/extensions/nifi-standard-shared-nar-2.6.0.nar-unpacked as class loader org.apache.nifi.nar.NarClassLoader[./work/nar/extensions/nifi-standard-shared-nar-2.6.0.nar-unpacked]
2025-10-16 10:25:26,409 INFO [main] org.apache.nifi.nar.NarClassLoaders Loaded NAR file: /opt/nifi/nifi-current/./work/nar/extensions/nifi-gcp-services-api-nar-2.6.0.nar-unpacked as class loader org.apache.nifi.nar.NarClassLoader[./work/nar/extensions/nifi-gcp-services-api-nar-2.6.0.nar-unpacked]
2025-10-16 10:25:26,410 INFO [main] org.apache.nifi.nar.NarClassLoaders Loaded NAR file: /opt/nifi/nifi-current/./work/nar/extensions/nifi-database-dialect-service-nar-2.6.0.nar-unpacked as class loader org.apache.nifi.nar.NarClassLoader[./work/nar/extensions/nifi-database-dialect-service-nar-2.6.0.nar-unpacked]
2025-10-16 10:25:26,410 INFO [main] org.apache.nifi.nar.NarClassLoaders Loaded NAR file: /opt/nifi/nifi-current/./work/nar/extensions/nifi-poi-nar-2.6.0.nar-unpacked as class loader org.apache.nifi.nar.NarClassLoader[./work/nar/extensions/nifi-poi-nar-2.6.0.nar-unpacked]
2025-10-16 10:25:26,412 INFO [main] org.apache.nifi.nar.NarClassLoaders Loaded NAR file: /opt/nifi/nifi-current/./work/nar/extensions/nifi-key-service-nar-2.6.0.nar-unpacked as class loader org.apache.nifi.nar.NarClassLoader[./work/nar/extensions/nifi-key-service-nar-2.6.0.nar-unpacked]
2025-10-16 10:25:26,412 INFO [main] org.apache.nifi.nar.NarClassLoaders Loaded NAR file: /opt/nifi/nifi-current/./work/nar/extensions/nifi-asana-services-api-nar-2.6.0.nar-unpacked as class loader org.apache.nifi.nar.NarClassLoader[./work/nar/extensions/nifi-asana-services-api-nar-2.6.0.nar-unpacked]
2025-10-16 10:25:26,431 INFO [main] org.apache.nifi.nar.NarClassLoaders Loaded NAR file: /opt/nifi/nifi-current/./work/nar/extensions/nifi-snmp-nar-2.6.0.nar-unpacked as class loader org.apache.nifi.nar.NarClassLoader[./work/nar/extensions/nifi-snmp-nar-2.6.0.nar-unpacked]
2025-10-16 10:25:26,432 INFO [main] org.apache.nifi.nar.NarClassLoaders Loaded NAR file: /opt/nifi/nifi-current/./work/nar/extensions/nifi-framework-zookeeper-nar-2.6.0.nar-unpacked as class loader org.apache.nifi.nar.NarClassLoader[./work/nar/extensions/nifi-framework-zookeeper-nar-2.6.0.nar-unpacked]
2025-10-16 10:25:26,433 INFO [main] org.apache.nifi.nar.NarClassLoaders Loaded NAR file: /opt/nifi/nifi-current/./work/nar/extensions/nifi-ssl-context-service-nar-2.6.0.nar-unpacked as class loader org.apache.nifi.nar.NarClassLoader[./work/nar/extensions/nifi-ssl-context-service-nar-2.6.0.nar-unpacked]
2025-10-16 10:25:26,433 INFO [main] org.apache.nifi.nar.NarClassLoaders Loaded NAR file: /opt/nifi/nifi-current/./work/nar/extensions/nifi-web-client-provider-service-nar-2.6.0.nar-unpacked as class loader org.apache.nifi.nar.NarClassLoader[./work/nar/extensions/nifi-web-client-provider-service-nar-2.6.0.nar-unpacked]
2025-10-16 10:25:26,434 INFO [main] org.apache.nifi.nar.NarClassLoaders Loaded NAR file: /opt/nifi/nifi-current/./work/nar/extensions/nifi-network-processors-nar-2.6.0.nar-unpacked as class loader org.apache.nifi.nar.NarClassLoader[./work/nar/extensions/nifi-network-processors-nar-2.6.0.nar-unpacked]
2025-10-16 10:25:26,434 INFO [main] org.apache.nifi.nar.NarClassLoaders Loaded NAR file: /opt/nifi/nifi-current/./work/nar/extensions/nifi-kafka-service-api-nar-2.6.0.nar-unpacked as class loader org.apache.nifi.nar.NarClassLoader[./work/nar/extensions/nifi-kafka-service-api-nar-2.6.0.nar-unpacked]
2025-10-16 10:25:26,434 INFO [main] org.apache.nifi.nar.NarClassLoaders Loaded NAR file: /opt/nifi/nifi-current/./work/nar/extensions/nifi-windows-event-log-nar-2.6.0.nar-unpacked as class loader org.apache.nifi.nar.NarClassLoader[./work/nar/extensions/nifi-windows-event-log-nar-2.6.0.nar-unpacked]
2025-10-16 10:25:26,435 INFO [main] org.apache.nifi.nar.NarClassLoaders Loaded NAR file: /opt/nifi/nifi-current/./work/nar/extensions/nifi-gcp-nar-2.6.0.nar-unpacked as class loader org.apache.nifi.nar.NarClassLoader[./work/nar/extensions/nifi-gcp-nar-2.6.0.nar-unpacked]
2025-10-16 10:25:26,439 INFO [main] org.apache.nifi.nar.NarClassLoaders Loaded NAR file: /opt/nifi/nifi-current/./work/nar/extensions/nifi-hashicorp-vault-client-service-api-nar-2.6.0.nar-unpacked as class loader org.apache.nifi.nar.NarClassLoader[./work/nar/extensions/nifi-hashicorp-vault-client-service-api-nar-2.6.0.nar-unpacked]
2025-10-16 10:25:26,439 INFO [main] org.apache.nifi.nar.NarClassLoaders Loaded NAR file: /opt/nifi/nifi-current/./work/nar/extensions/nifi-registry-nar-2.6.0.nar-unpacked as class loader org.apache.nifi.nar.NarClassLoader[./work/nar/extensions/nifi-registry-nar-2.6.0.nar-unpacked]
2025-10-16 10:25:26,440 INFO [main] org.apache.nifi.nar.NarClassLoaders Loaded NAR file: /opt/nifi/nifi-current/./work/nar/extensions/nifi-protobuf-services-nar-2.6.0.nar-unpacked as class loader org.apache.nifi.nar.NarClassLoader[./work/nar/extensions/nifi-protobuf-services-nar-2.6.0.nar-unpacked]
2025-10-16 10:25:26,441 INFO [main] org.apache.nifi.nar.NarClassLoaders Loaded NAR file: /opt/nifi/nifi-current/./work/nar/extensions/nifi-asana-services-nar-2.6.0.nar-unpacked as class loader org.apache.nifi.nar.NarClassLoader[./work/nar/extensions/nifi-asana-services-nar-2.6.0.nar-unpacked]
2025-10-16 10:25:26,442 INFO [main] org.apache.nifi.nar.NarClassLoaders Loaded NAR file: /opt/nifi/nifi-current/./work/nar/extensions/nifi-site-to-site-reporting-nar-2.6.0.nar-unpacked as class loader org.apache.nifi.nar.NarClassLoader[./work/nar/extensions/nifi-site-to-site-reporting-nar-2.6.0.nar-unpacked]
2025-10-16 10:25:26,442 INFO [main] org.apache.nifi.nar.NarClassLoaders Loaded NAR file: /opt/nifi/nifi-current/./work/nar/extensions/nifi-zendesk-nar-2.6.0.nar-unpacked as class loader org.apache.nifi.nar.NarClassLoader[./work/nar/extensions/nifi-zendesk-nar-2.6.0.nar-unpacked]
2025-10-16 10:25:26,443 INFO [main] org.apache.nifi.nar.NarClassLoaders Loaded NAR file: /opt/nifi/nifi-current/./work/nar/extensions/nifi-cipher-nar-2.6.0.nar-unpacked as class loader org.apache.nifi.nar.NarClassLoader[./work/nar/extensions/nifi-cipher-nar-2.6.0.nar-unpacked]
2025-10-16 10:25:26,443 INFO [main] org.apache.nifi.nar.NarClassLoaders Loaded NAR file: /opt/nifi/nifi-current/./work/nar/extensions/nifi-jms-cf-service-nar-2.6.0.nar-unpacked as class loader org.apache.nifi.nar.NarClassLoader[./work/nar/extensions/nifi-jms-cf-service-nar-2.6.0.nar-unpacked]
2025-10-16 10:25:26,444 INFO [main] org.apache.nifi.nar.NarClassLoaders Loaded NAR file: /opt/nifi/nifi-current/./work/nar/extensions/nifi-jolt-nar-2.6.0.nar-unpacked as class loader org.apache.nifi.nar.NarClassLoader[./work/nar/extensions/nifi-jolt-nar-2.6.0.nar-unpacked]
2025-10-16 10:25:26,444 INFO [main] org.apache.nifi.nar.NarClassLoaders Loaded NAR file: /opt/nifi/nifi-current/./work/nar/extensions/nifi-hazelcast-services-api-nar-2.6.0.nar-unpacked as class loader org.apache.nifi.nar.NarClassLoader[./work/nar/extensions/nifi-hazelcast-services-api-nar-2.6.0.nar-unpacked]
2025-10-16 10:25:26,444 INFO [main] org.apache.nifi.nar.NarClassLoaders Loaded NAR file: /opt/nifi/nifi-current/./work/nar/extensions/nifi-pgp-service-api-nar-2.6.0.nar-unpacked as class loader org.apache.nifi.nar.NarClassLoader[./work/nar/extensions/nifi-pgp-service-api-nar-2.6.0.nar-unpacked]
2025-10-16 10:25:26,445 INFO [main] org.apache.nifi.nar.NarClassLoaders Loaded NAR file: /opt/nifi/nifi-current/./work/nar/extensions/nifi-proxy-configuration-nar-2.6.0.nar-unpacked as class loader org.apache.nifi.nar.NarClassLoader[./work/nar/extensions/nifi-proxy-configuration-nar-2.6.0.nar-unpacked]
2025-10-16 10:25:26,445 INFO [main] org.apache.nifi.nar.NarClassLoaders Loaded NAR file: /opt/nifi/nifi-current/./work/nar/extensions/nifi-airtable-nar-2.6.0.nar-unpacked as class loader org.apache.nifi.nar.NarClassLoader[./work/nar/extensions/nifi-airtable-nar-2.6.0.nar-unpacked]
2025-10-16 10:25:26,446 INFO [main] org.apache.nifi.nar.NarClassLoaders Loaded NAR file: /opt/nifi/nifi-current/./work/nar/extensions/nifi-github-nar-2.6.0.nar-unpacked as class loader org.apache.nifi.nar.NarClassLoader[./work/nar/extensions/nifi-github-nar-2.6.0.nar-unpacked]
2025-10-16 10:25:26,446 INFO [main] org.apache.nifi.nar.NarClassLoaders Loaded NAR file: /opt/nifi/nifi-current/./work/nar/extensions/nifi-oauth2-provider-nar-2.6.0.nar-unpacked as class loader org.apache.nifi.nar.NarClassLoader[./work/nar/extensions/nifi-oauth2-provider-nar-2.6.0.nar-unpacked]
2025-10-16 10:25:26,446 INFO [main] org.apache.nifi.nar.NarClassLoaders Loaded NAR file: /opt/nifi/nifi-current/./work/nar/extensions/nifi-workday-processors-nar-2.6.0.nar-unpacked as class loader org.apache.nifi.nar.NarClassLoader[./work/nar/extensions/nifi-workday-processors-nar-2.6.0.nar-unpacked]
2025-10-16 10:25:26,447 INFO [main] org.apache.nifi.nar.NarClassLoaders Loaded NAR file: /opt/nifi/nifi-current/./work/nar/extensions/nifi-mongodb-client-service-api-nar-2.6.0.nar-unpacked as class loader org.apache.nifi.nar.NarClassLoader[./work/nar/extensions/nifi-mongodb-client-service-api-nar-2.6.0.nar-unpacked]
2025-10-16 10:25:26,447 INFO [main] org.apache.nifi.nar.NarClassLoaders Loaded NAR file: /opt/nifi/nifi-current/./work/nar/extensions/nifi-groovyx-nar-2.6.0.nar-unpacked as class loader org.apache.nifi.nar.NarClassLoader[./work/nar/extensions/nifi-groovyx-nar-2.6.0.nar-unpacked]
2025-10-16 10:25:26,449 INFO [main] org.apache.nifi.nar.NarClassLoaders Loaded NAR file: /opt/nifi/nifi-current/./work/nar/extensions/nifi-hazelcast-services-nar-2.6.0.nar-unpacked as class loader org.apache.nifi.nar.NarClassLoader[./work/nar/extensions/nifi-hazelcast-services-nar-2.6.0.nar-unpacked]
2025-10-16 10:25:26,451 INFO [main] org.apache.nifi.nar.NarClassLoaders Loaded NAR file: /opt/nifi/nifi-current/./work/nar/extensions/nifi-mqtt-nar-2.6.0.nar-unpacked as class loader org.apache.nifi.nar.NarClassLoader[./work/nar/extensions/nifi-mqtt-nar-2.6.0.nar-unpacked]
2025-10-16 10:25:26,452 INFO [main] org.apache.nifi.nar.NarClassLoaders Loaded NAR file: /opt/nifi/nifi-current/./work/nar/extensions/nifi-cdc-mysql-nar-2.6.0.nar-unpacked as class loader org.apache.nifi.nar.NarClassLoader[./work/nar/extensions/nifi-cdc-mysql-nar-2.6.0.nar-unpacked]
2025-10-16 10:25:26,452 INFO [main] org.apache.nifi.nar.NarClassLoaders Loaded NAR file: /opt/nifi/nifi-current/./work/nar/extensions/nifi-jslt-nar-2.6.0.nar-unpacked as class loader org.apache.nifi.nar.NarClassLoader[./work/nar/extensions/nifi-jslt-nar-2.6.0.nar-unpacked]
2025-10-16 10:25:26,452 INFO [main] org.apache.nifi.nar.NarClassLoaders Loaded NAR file: /opt/nifi/nifi-current/./work/nar/extensions/nifi-kafka-nar-2.6.0.nar-unpacked as class loader org.apache.nifi.nar.NarClassLoader[./work/nar/extensions/nifi-kafka-nar-2.6.0.nar-unpacked]
2025-10-16 10:25:26,452 INFO [main] org.apache.nifi.nar.NarClassLoaders Loaded NAR file: /opt/nifi/nifi-current/./work/nar/extensions/nifi-mongodb-nar-2.6.0.nar-unpacked as class loader org.apache.nifi.nar.NarClassLoader[./work/nar/extensions/nifi-mongodb-nar-2.6.0.nar-unpacked]
2025-10-16 10:25:26,453 INFO [main] org.apache.nifi.nar.NarClassLoaders Loaded NAR file: /opt/nifi/nifi-current/./work/nar/extensions/nifi-pgp-service-nar-2.6.0.nar-unpacked as class loader org.apache.nifi.nar.NarClassLoader[./work/nar/extensions/nifi-pgp-service-nar-2.6.0.nar-unpacked]
2025-10-16 10:25:26,453 INFO [main] org.apache.nifi.nar.NarClassLoaders Loaded NAR file: /opt/nifi/nifi-current/./work/nar/extensions/nifi-standard-content-viewer-nar-2.6.0.nar-unpacked as class loader org.apache.nifi.nar.NarClassLoader[./work/nar/extensions/nifi-standard-content-viewer-nar-2.6.0.nar-unpacked]
2025-10-16 10:25:26,454 INFO [main] org.apache.nifi.nar.NarClassLoaders Loaded NAR file: /opt/nifi/nifi-current/./work/nar/extensions/nifi-standard-nar-2.6.0.nar-unpacked as class loader org.apache.nifi.nar.NarClassLoader[./work/nar/extensions/nifi-standard-nar-2.6.0.nar-unpacked]
2025-10-16 10:25:26,460 INFO [main] org.apache.nifi.nar.NarClassLoaders Loaded NAR file: /opt/nifi/nifi-current/./work/nar/extensions/nifi-box-services-api-nar-2.6.0.nar-unpacked as class loader org.apache.nifi.nar.NarClassLoader[./work/nar/extensions/nifi-box-services-api-nar-2.6.0.nar-unpacked]
2025-10-16 10:25:26,461 INFO [main] org.apache.nifi.nar.NarClassLoaders Loaded NAR file: /opt/nifi/nifi-current/./work/nar/extensions/nifi-http-context-map-nar-2.6.0.nar-unpacked as class loader org.apache.nifi.nar.NarClassLoader[./work/nar/extensions/nifi-http-context-map-nar-2.6.0.nar-unpacked]
2025-10-16 10:25:26,461 INFO [main] org.apache.nifi.nar.NarClassLoaders Loaded NAR file: /opt/nifi/nifi-current/./work/nar/extensions/nifi-avro-nar-2.6.0.nar-unpacked as class loader org.apache.nifi.nar.NarClassLoader[./work/nar/extensions/nifi-avro-nar-2.6.0.nar-unpacked]
2025-10-16 10:25:26,461 INFO [main] org.apache.nifi.nar.NarClassLoaders Loaded NAR file: /opt/nifi/nifi-current/./work/nar/extensions/nifi-enrich-nar-2.6.0.nar-unpacked as class loader org.apache.nifi.nar.NarClassLoader[./work/nar/extensions/nifi-enrich-nar-2.6.0.nar-unpacked]
2025-10-16 10:25:26,462 INFO [main] org.apache.nifi.nar.NarClassLoaders Loaded NAR file: /opt/nifi/nifi-current/./work/nar/extensions/nifi-lookup-services-nar-2.6.0.nar-unpacked as class loader org.apache.nifi.nar.NarClassLoader[./work/nar/extensions/nifi-lookup-services-nar-2.6.0.nar-unpacked]
2025-10-16 10:25:26,463 INFO [main] org.apache.nifi.nar.NarClassLoaders Loaded NAR file: /opt/nifi/nifi-current/./work/nar/extensions/nifi-splunk-nar-2.6.0.nar-unpacked as class loader org.apache.nifi.nar.NarClassLoader[./work/nar/extensions/nifi-splunk-nar-2.6.0.nar-unpacked]
2025-10-16 10:25:26,463 INFO [main] org.apache.nifi.nar.NarClassLoaders Loaded NAR file: /opt/nifi/nifi-current/./work/nar/extensions/nifi-zendesk-services-nar-2.6.0.nar-unpacked as class loader org.apache.nifi.nar.NarClassLoader[./work/nar/extensions/nifi-zendesk-services-nar-2.6.0.nar-unpacked]
2025-10-16 10:25:26,463 INFO [main] org.apache.nifi.nar.NarClassLoaders Loaded NAR file: /opt/nifi/nifi-current/./work/nar/extensions/nifi-hashicorp-vault-nar-2.6.0.nar-unpacked as class loader org.apache.nifi.nar.NarClassLoader[./work/nar/extensions/nifi-hashicorp-vault-nar-2.6.0.nar-unpacked]
2025-10-16 10:25:26,464 INFO [main] org.apache.nifi.nar.NarClassLoaders Loaded NAR file: /opt/nifi/nifi-current/./work/nar/extensions/nifi-distributed-cache-services-nar-2.6.0.nar-unpacked as class loader org.apache.nifi.nar.NarClassLoader[./work/nar/extensions/nifi-distributed-cache-services-nar-2.6.0.nar-unpacked]
2025-10-16 10:25:26,465 INFO [main] org.apache.nifi.nar.NarClassLoaders Loaded NAR file: /opt/nifi/nifi-current/./work/nar/extensions/nifi-slack-nar-2.6.0.nar-unpacked as class loader org.apache.nifi.nar.NarClassLoader[./work/nar/extensions/nifi-slack-nar-2.6.0.nar-unpacked]
2025-10-16 10:25:26,484 INFO [main] org.apache.nifi.nar.NarClassLoaders Loaded NAR file: /opt/nifi/nifi-current/./work/nar/extensions/nifi-kafka-3-service-nar-2.6.0.nar-unpacked as class loader org.apache.nifi.nar.NarClassLoader[./work/nar/extensions/nifi-kafka-3-service-nar-2.6.0.nar-unpacked]
2025-10-16 10:25:26,485 INFO [main] org.apache.nifi.nar.NarClassLoaders Loaded NAR file: /opt/nifi/nifi-current/./work/nar/extensions/nifi-kerberos-user-service-nar-2.6.0.nar-unpacked as class loader org.apache.nifi.nar.NarClassLoader[./work/nar/extensions/nifi-kerberos-user-service-nar-2.6.0.nar-unpacked]
2025-10-16 10:25:26,485 INFO [main] org.apache.nifi.nar.NarClassLoaders Loaded NAR file: /opt/nifi/nifi-current/./work/nar/extensions/nifi-confluent-platform-nar-2.6.0.nar-unpacked as class loader org.apache.nifi.nar.NarClassLoader[./work/nar/extensions/nifi-confluent-platform-nar-2.6.0.nar-unpacked]
2025-10-16 10:25:26,486 INFO [main] org.apache.nifi.nar.NarClassLoaders Loaded NAR file: /opt/nifi/nifi-current/./work/nar/extensions/nifi-social-media-nar-2.6.0.nar-unpacked as class loader org.apache.nifi.nar.NarClassLoader[./work/nar/extensions/nifi-social-media-nar-2.6.0.nar-unpacked]
2025-10-16 10:25:26,487 INFO [main] org.apache.nifi.nar.NarClassLoaders Loaded NAR file: /opt/nifi/nifi-current/./work/nar/extensions/nifi-opentelemetry-nar-2.6.0.nar-unpacked as class loader org.apache.nifi.nar.NarClassLoader[./work/nar/extensions/nifi-opentelemetry-nar-2.6.0.nar-unpacked]
2025-10-16 10:25:26,488 INFO [main] org.apache.nifi.nar.NarClassLoaders Loaded NAR file: /opt/nifi/nifi-current/./work/nar/extensions/nifi-elasticsearch-client-service-api-nar-2.6.0.nar-unpacked as class loader org.apache.nifi.nar.NarClassLoader[./work/nar/extensions/nifi-elasticsearch-client-service-api-nar-2.6.0.nar-unpacked]
2025-10-16 10:25:26,488 INFO [main] org.apache.nifi.nar.NarClassLoaders Loaded NAR file: /opt/nifi/nifi-current/./work/nar/extensions/nifi-py4j-nar-2.6.0.nar-unpacked as class loader org.apache.nifi.nar.NarClassLoader[./work/nar/extensions/nifi-py4j-nar-2.6.0.nar-unpacked]
2025-10-16 10:25:26,489 INFO [main] org.apache.nifi.nar.NarClassLoaders Loaded NAR file: /opt/nifi/nifi-current/./work/nar/extensions/nifi-amqp-nar-2.6.0.nar-unpacked as class loader org.apache.nifi.nar.NarClassLoader[./work/nar/extensions/nifi-amqp-nar-2.6.0.nar-unpacked]
2025-10-16 10:25:26,489 INFO [main] org.apache.nifi.nar.NarClassLoaders Loaded NAR file: /opt/nifi/nifi-current/./work/nar/extensions/nifi-salesforce-nar-2.6.0.nar-unpacked as class loader org.apache.nifi.nar.NarClassLoader[./work/nar/extensions/nifi-salesforce-nar-2.6.0.nar-unpacked]
2025-10-16 10:25:26,490 INFO [main] org.apache.nifi.nar.NarClassLoaders Loaded NAR file: /opt/nifi/nifi-current/./work/nar/extensions/nifi-websocket-services-api-nar-2.6.0.nar-unpacked as class loader org.apache.nifi.nar.NarClassLoader[./work/nar/extensions/nifi-websocket-services-api-nar-2.6.0.nar-unpacked]
2025-10-16 10:25:26,490 INFO [main] org.apache.nifi.nar.NarClassLoaders Loaded NAR file: /opt/nifi/nifi-current/./work/nar/extensions/nifi-shopify-nar-2.6.0.nar-unpacked as class loader org.apache.nifi.nar.NarClassLoader[./work/nar/extensions/nifi-shopify-nar-2.6.0.nar-unpacked]
2025-10-16 10:25:26,491 INFO [main] org.apache.nifi.nar.NarClassLoaders Loaded NAR file: /opt/nifi/nifi-current/./work/nar/extensions/nifi-geohash-nar-2.6.0.nar-unpacked as class loader org.apache.nifi.nar.NarClassLoader[./work/nar/extensions/nifi-geohash-nar-2.6.0.nar-unpacked]
2025-10-16 10:25:26,491 INFO [main] org.apache.nifi.nar.NarClassLoaders Loaded NAR file: /opt/nifi/nifi-current/./work/nar/extensions/nifi-aws-service-api-nar-2.6.0.nar-unpacked as class loader org.apache.nifi.nar.NarClassLoader[./work/nar/extensions/nifi-aws-service-api-nar-2.6.0.nar-unpacked]
2025-10-16 10:25:26,493 INFO [main] org.apache.nifi.nar.NarClassLoaders Loaded NAR file: /opt/nifi/nifi-current/./work/nar/extensions/nifi-kafka-service-aws-nar-2.6.0.nar-unpacked as class loader org.apache.nifi.nar.NarClassLoader[./work/nar/extensions/nifi-kafka-service-aws-nar-2.6.0.nar-unpacked]
2025-10-16 10:25:26,494 INFO [main] org.apache.nifi.nar.NarClassLoaders Loaded NAR file: /opt/nifi/nifi-current/./work/nar/extensions/nifi-db-schema-registry-service-nar-2.6.0.nar-unpacked as class loader org.apache.nifi.nar.NarClassLoader[./work/nar/extensions/nifi-db-schema-registry-service-nar-2.6.0.nar-unpacked]
2025-10-16 10:25:26,494 INFO [main] org.apache.nifi.nar.NarClassLoaders Loaded NAR file: /opt/nifi/nifi-current/./work/nar/extensions/nifi-dropbox-services-api-nar-2.6.0.nar-unpacked as class loader org.apache.nifi.nar.NarClassLoader[./work/nar/extensions/nifi-dropbox-services-api-nar-2.6.0.nar-unpacked]
2025-10-16 10:25:26,495 INFO [main] org.apache.nifi.nar.NarClassLoaders Loaded NAR file: /opt/nifi/nifi-current/./work/nar/extensions/nifi-flow-registry-client-nar-2.6.0.nar-unpacked as class loader org.apache.nifi.nar.NarClassLoader[./work/nar/extensions/nifi-flow-registry-client-nar-2.6.0.nar-unpacked]
2025-10-16 10:25:26,496 INFO [main] org.apache.nifi.nar.NarClassLoaders Loaded NAR file: /opt/nifi/nifi-current/./work/nar/extensions/nifi-azure-services-api-nar-2.6.0.nar-unpacked as class loader org.apache.nifi.nar.NarClassLoader[./work/nar/extensions/nifi-azure-services-api-nar-2.6.0.nar-unpacked]
2025-10-16 10:25:26,500 INFO [main] org.apache.nifi.nar.NarClassLoaders Loaded NAR file: /opt/nifi/nifi-current/./work/nar/extensions/nifi-dropbox-services-nar-2.6.0.nar-unpacked as class loader org.apache.nifi.nar.NarClassLoader[./work/nar/extensions/nifi-dropbox-services-nar-2.6.0.nar-unpacked]
2025-10-16 10:25:26,500 INFO [main] org.apache.nifi.nar.NarClassLoaders Loaded NAR file: /opt/nifi/nifi-current/./work/nar/extensions/nifi-apicurio-nar-2.6.0.nar-unpacked as class loader org.apache.nifi.nar.NarClassLoader[./work/nar/extensions/nifi-apicurio-nar-2.6.0.nar-unpacked]
2025-10-16 10:25:26,500 INFO [main] org.apache.nifi.nar.NarClassLoaders Loaded NAR file: /opt/nifi/nifi-current/./work/nar/extensions/nifi-hubspot-nar-2.6.0.nar-unpacked as class loader org.apache.nifi.nar.NarClassLoader[./work/nar/extensions/nifi-hubspot-nar-2.6.0.nar-unpacked]
2025-10-16 10:25:26,501 INFO [main] org.apache.nifi.nar.NarClassLoaders Loaded NAR file: /opt/nifi/nifi-current/./work/nar/extensions/nifi-smb-client-api-nar-2.6.0.nar-unpacked as class loader org.apache.nifi.nar.NarClassLoader[./work/nar/extensions/nifi-smb-client-api-nar-2.6.0.nar-unpacked]
2025-10-16 10:25:26,501 INFO [main] org.apache.nifi.nar.NarClassLoaders Loaded NAR file: /opt/nifi/nifi-current/./work/nar/extensions/nifi-record-sink-service-nar-2.6.0.nar-unpacked as class loader org.apache.nifi.nar.NarClassLoader[./work/nar/extensions/nifi-record-sink-service-nar-2.6.0.nar-unpacked]
2025-10-16 10:25:26,501 INFO [main] org.apache.nifi.nar.NarClassLoaders Loaded NAR file: /opt/nifi/nifi-current/./work/nar/extensions/nifi-gitlab-nar-2.6.0.nar-unpacked as class loader org.apache.nifi.nar.NarClassLoader[./work/nar/extensions/nifi-gitlab-nar-2.6.0.nar-unpacked]
2025-10-16 10:25:26,502 INFO [main] org.apache.nifi.nar.NarClassLoaders Loaded NAR file: /opt/nifi/nifi-current/./work/nar/extensions/nifi-box-nar-2.6.0.nar-unpacked as class loader org.apache.nifi.nar.NarClassLoader[./work/nar/extensions/nifi-box-nar-2.6.0.nar-unpacked]
2025-10-16 10:25:26,503 INFO [main] org.apache.nifi.nar.NarClassLoaders Loaded NAR file: /opt/nifi/nifi-current/./work/nar/extensions/nifi-scripting-nar-2.6.0.nar-unpacked as class loader org.apache.nifi.nar.NarClassLoader[./work/nar/extensions/nifi-scripting-nar-2.6.0.nar-unpacked]
2025-10-16 10:25:26,506 INFO [main] org.apache.nifi.nar.NarClassLoaders Loaded NAR file: /opt/nifi/nifi-current/./work/nar/extensions/nifi-asana-processors-nar-2.6.0.nar-unpacked as class loader org.apache.nifi.nar.NarClassLoader[./work/nar/extensions/nifi-asana-processors-nar-2.6.0.nar-unpacked]
2025-10-16 10:25:26,507 INFO [main] org.apache.nifi.nar.NarClassLoaders Loaded NAR file: /opt/nifi/nifi-current/./work/nar/extensions/nifi-atlassian-nar-2.6.0.nar-unpacked as class loader org.apache.nifi.nar.NarClassLoader[./work/nar/extensions/nifi-atlassian-nar-2.6.0.nar-unpacked]
2025-10-16 10:25:26,507 INFO [main] org.apache.nifi.nar.NarClassLoaders Loaded NAR file: /opt/nifi/nifi-current/./work/nar/extensions/nifi-jms-processors-nar-2.6.0.nar-unpacked as class loader org.apache.nifi.nar.NarClassLoader[./work/nar/extensions/nifi-jms-processors-nar-2.6.0.nar-unpacked]
2025-10-16 10:25:26,508 INFO [main] org.apache.nifi.nar.NarClassLoaders Loaded NAR file: /opt/nifi/nifi-current/./work/nar/extensions/nifi-record-serialization-services-nar-2.6.0.nar-unpacked as class loader org.apache.nifi.nar.NarClassLoader[./work/nar/extensions/nifi-record-serialization-services-nar-2.6.0.nar-unpacked]
2025-10-16 10:25:26,509 INFO [main] org.apache.nifi.nar.NarClassLoaders Loaded NAR file: /opt/nifi/nifi-current/./work/nar/extensions/nifi-elasticsearch-client-service-nar-2.6.0.nar-unpacked as class loader org.apache.nifi.nar.NarClassLoader[./work/nar/extensions/nifi-elasticsearch-client-service-nar-2.6.0.nar-unpacked]
2025-10-16 10:25:26,510 INFO [main] org.apache.nifi.nar.NarClassLoaders Loaded NAR file: /opt/nifi/nifi-current/./work/nar/extensions/nifi-redis-service-api-nar-2.6.0.nar-unpacked as class loader org.apache.nifi.nar.NarClassLoader[./work/nar/extensions/nifi-redis-service-api-nar-2.6.0.nar-unpacked]
2025-10-16 10:25:26,511 INFO [main] org.apache.nifi.nar.NarClassLoaders Loaded NAR file: /opt/nifi/nifi-current/./work/nar/extensions/nifi-smb-smbj-client-nar-2.6.0.nar-unpacked as class loader org.apache.nifi.nar.NarClassLoader[./work/nar/extensions/nifi-smb-smbj-client-nar-2.6.0.nar-unpacked]
2025-10-16 10:25:26,511 INFO [main] org.apache.nifi.nar.NarClassLoaders Loaded NAR file: /opt/nifi/nifi-current/./work/nar/extensions/nifi-pgp-nar-2.6.0.nar-unpacked as class loader org.apache.nifi.nar.NarClassLoader[./work/nar/extensions/nifi-pgp-nar-2.6.0.nar-unpacked]
2025-10-16 10:25:26,512 INFO [main] org.apache.nifi.nar.NarClassLoaders Loaded NAR file: /opt/nifi/nifi-current/./work/nar/extensions/nifi-smb-nar-2.6.0.nar-unpacked as class loader org.apache.nifi.nar.NarClassLoader[./work/nar/extensions/nifi-smb-nar-2.6.0.nar-unpacked]
2025-10-16 10:25:26,512 INFO [main] org.apache.nifi.nar.NarClassLoaders Loaded NAR file: /opt/nifi/nifi-current/./work/nar/extensions/nifi-mongodb-services-nar-2.6.0.nar-unpacked as class loader org.apache.nifi.nar.NarClassLoader[./work/nar/extensions/nifi-mongodb-services-nar-2.6.0.nar-unpacked]
2025-10-16 10:25:26,512 INFO [main] org.apache.nifi.nar.NarClassLoaders Loaded NAR file: /opt/nifi/nifi-current/./work/nar/extensions/nifi-websocket-processors-nar-2.6.0.nar-unpacked as class loader org.apache.nifi.nar.NarClassLoader[./work/nar/extensions/nifi-websocket-processors-nar-2.6.0.nar-unpacked]
2025-10-16 10:25:26,513 INFO [main] org.apache.nifi.nar.NarClassLoaders Loaded NAR file: /opt/nifi/nifi-current/./work/nar/extensions/nifi-dropbox-processors-nar-2.6.0.nar-unpacked as class loader org.apache.nifi.nar.NarClassLoader[./work/nar/extensions/nifi-dropbox-processors-nar-2.6.0.nar-unpacked]
2025-10-16 10:25:26,513 INFO [main] org.apache.nifi.nar.NarClassLoaders Loaded NAR file: /opt/nifi/nifi-current/./work/nar/extensions/nifi-websocket-services-jetty-nar-2.6.0.nar-unpacked as class loader org.apache.nifi.nar.NarClassLoader[./work/nar/extensions/nifi-websocket-services-jetty-nar-2.6.0.nar-unpacked]
2025-10-16 10:25:26,514 INFO [main] org.apache.nifi.nar.NarClassLoaders Loaded NAR file: /opt/nifi/nifi-current/./work/nar/extensions/nifi-box-services-nar-2.6.0.nar-unpacked as class loader org.apache.nifi.nar.NarClassLoader[./work/nar/extensions/nifi-box-services-nar-2.6.0.nar-unpacked]
2025-10-16 10:25:26,515 INFO [main] org.apache.nifi.nar.NarClassLoaders Loaded NAR file: /opt/nifi/nifi-current/./work/nar/extensions/nifi-aws-nar-2.6.0.nar-unpacked as class loader org.apache.nifi.nar.NarClassLoader[./work/nar/extensions/nifi-aws-nar-2.6.0.nar-unpacked]
2025-10-16 10:25:26,521 INFO [main] org.apache.nifi.nar.NarClassLoaders Loaded NAR file: /opt/nifi/nifi-current/./work/nar/extensions/nifi-elasticsearch-restapi-nar-2.6.0.nar-unpacked as class loader org.apache.nifi.nar.NarClassLoader[./work/nar/extensions/nifi-elasticsearch-restapi-nar-2.6.0.nar-unpacked]
2025-10-16 10:25:26,521 INFO [main] org.apache.nifi.nar.NarClassLoaders Loaded NAR file: /opt/nifi/nifi-current/./work/nar/extensions/nifi-azure-nar-2.6.0.nar-unpacked as class loader org.apache.nifi.nar.NarClassLoader[./work/nar/extensions/nifi-azure-nar-2.6.0.nar-unpacked]
2025-10-16 10:25:26,527 INFO [main] org.apache.nifi.nar.NarClassLoaders Loaded NAR file: /opt/nifi/nifi-current/./work/nar/extensions/nifi-redis-nar-2.6.0.nar-unpacked as class loader org.apache.nifi.nar.NarClassLoader[./work/nar/extensions/nifi-redis-nar-2.6.0.nar-unpacked]
2025-10-16 10:25:26,528 INFO [main] org.apache.nifi.nar.NarClassLoaders Found NiFiServer implementation org.apache.nifi.web.server.JettyServer in org.apache.nifi:nifi-server-nar:2.6.0
2025-10-16 10:25:26,529 INFO [main] o.a.nifi.properties.NiFiPropertiesLoader Loading Application Properties [/opt/nifi/nifi-current/conf/nifi.properties]
2025-10-16 10:25:26,570 ERROR [main] org.apache.nifi.web.server.JettyServer Failed to start Server
java.lang.IllegalStateException: Invalid port configuration in nifi.properties: Both nifi.web.https.port and nifi.web.http.port specified
	at org.apache.nifi.web.server.connector.FrameworkServerConnectorFactory.getPort(FrameworkServerConnectorFactory.java:156)
	at org.apache.nifi.web.server.connector.FrameworkServerConnectorFactory.<init>(FrameworkServerConnectorFactory.java:68)
	at org.apache.nifi.web.server.StandardServerProvider.addConnectors(StandardServerProvider.java:96)
	at org.apache.nifi.web.server.StandardServerProvider.getServer(StandardServerProvider.java:69)
	at org.apache.nifi.web.server.JettyServer.init(JettyServer.java:215)
	at org.apache.nifi.web.server.JettyServer.initialize(JettyServer.java:988)
	at org.apache.nifi.runtime.Application.startServer(Application.java:126)
	at org.apache.nifi.runtime.Application.run(Application.java:78)
	at org.apache.nifi.runtime.Application.run(Application.java:60)
	at org.apache.nifi.NiFi.main(NiFi.java:42)
2025-10-16 10:25:27,422 INFO [main] org.apache.nifi.runtime.Application Starting NiFi 2.6.0 using Java 21.0.8+12-LTS with PID 46
2025-10-16 10:25:27,424 INFO [main] o.apache.nifi.runtime.PropertiesProvider Loading Application Properties [/opt/nifi/nifi-current/conf/nifi.properties]
2025-10-16 10:25:27,428 INFO [main] org.apache.nifi.nar.NarUnpacker Expanding 112 NAR files started
2025-10-16 10:25:27,933 INFO [main] org.apache.nifi.nar.NarUnpacker Expanded 112 NAR files in 0.504 seconds (504703250 ns)
2025-10-16 10:25:28,164 INFO [main] org.apache.nifi.nar.NarClassLoaders Loaded NAR file: /opt/nifi/nifi-current/./work/nar/extensions/nifi-jetty-nar-2.6.0.nar-unpacked as class loader org.apache.nifi.nar.NarClassLoader[./work/nar/extensions/nifi-jetty-nar-2.6.0.nar-unpacked]
2025-10-16 10:25:28,167 INFO [main] org.apache.nifi.nar.NarClassLoaders Loaded NAR file: /opt/nifi/nifi-current/./work/nar/framework/nifi-framework-nar-2.6.0.nar-unpacked as class loader org.apache.nifi.nar.NarClassLoader[./work/nar/framework/nifi-framework-nar-2.6.0.nar-unpacked]
2025-10-16 10:25:28,229 INFO [main] org.apache.nifi.nar.NarClassLoaders Loaded NAR file: /opt/nifi/nifi-current/./work/nar/extensions/nifi-provenance-repository-nar-2.6.0.nar-unpacked as class loader org.apache.nifi.nar.NarClassLoader[./work/nar/extensions/nifi-provenance-repository-nar-2.6.0.nar-unpacked]
2025-10-16 10:25:28,230 INFO [main] org.apache.nifi.nar.NarClassLoaders Loaded NAR file: /opt/nifi/nifi-current/./work/nar/extensions/nifi-hl7-nar-2.6.0.nar-unpacked as class loader org.apache.nifi.nar.NarClassLoader[./work/nar/extensions/nifi-hl7-nar-2.6.0.nar-unpacked]
2025-10-16 10:25:28,250 INFO [main] org.apache.nifi.nar.NarClassLoaders Loaded NAR file: /opt/nifi/nifi-current/./work/nar/extensions/nifi-compress-nar-2.6.0.nar-unpacked as class loader org.apache.nifi.nar.NarClassLoader[./work/nar/extensions/nifi-compress-nar-2.6.0.nar-unpacked]
2025-10-16 10:25:28,251 INFO [main] org.apache.nifi.nar.NarClassLoaders Loaded NAR file: /opt/nifi/nifi-current/./work/nar/extensions/nifi-update-attribute-nar-2.6.0.nar-unpacked as class loader org.apache.nifi.nar.NarClassLoader[./work/nar/extensions/nifi-update-attribute-nar-2.6.0.nar-unpacked]
2025-10-16 10:25:28,253 INFO [main] org.apache.nifi.nar.NarClassLoaders Loaded NAR file: /opt/nifi/nifi-current/./work/nar/extensions/nifi-ldap-iaa-providers-nar-2.6.0.nar-unpacked as class loader org.apache.nifi.nar.NarClassLoader[./work/nar/extensions/nifi-ldap-iaa-providers-nar-2.6.0.nar-unpacked]
2025-10-16 10:25:28,254 INFO [main] org.apache.nifi.nar.NarClassLoaders Loaded NAR file: /opt/nifi/nifi-current/./work/nar/extensions/nifi-single-user-iaa-providers-nar-2.6.0.nar-unpacked as class loader org.apache.nifi.nar.NarClassLoader[./work/nar/extensions/nifi-single-user-iaa-providers-nar-2.6.0.nar-unpacked]
2025-10-16 10:25:28,254 INFO [main] org.apache.nifi.nar.NarClassLoaders Loaded NAR file: /opt/nifi/nifi-current/./work/nar/extensions/nifi-framework-kubernetes-nar-2.6.0.nar-unpacked as class loader org.apache.nifi.nar.NarClassLoader[./work/nar/extensions/nifi-framework-kubernetes-nar-2.6.0.nar-unpacked]
2025-10-16 10:25:28,256 INFO [main] org.apache.nifi.nar.NarClassLoaders Loaded NAR file: /opt/nifi/nifi-current/./work/nar/extensions/nifi-server-nar-2.6.0.nar-unpacked as class loader org.apache.nifi.nar.NarClassLoader[./work/nar/extensions/nifi-server-nar-2.6.0.nar-unpacked]
2025-10-16 10:25:28,266 INFO [main] org.apache.nifi.nar.NarClassLoaders Loaded NAR file: /opt/nifi/nifi-current/./work/nar/extensions/nifi-standard-services-api-nar-2.6.0.nar-unpacked as class loader org.apache.nifi.nar.NarClassLoader[./work/nar/extensions/nifi-standard-services-api-nar-2.6.0.nar-unpacked]
2025-10-16 10:25:28,267 INFO [main] org.apache.nifi.nar.NarClassLoaders Loaded NAR file: /opt/nifi/nifi-current/./work/nar/extensions/nifi-email-nar-2.6.0.nar-unpacked as class loader org.apache.nifi.nar.NarClassLoader[./work/nar/extensions/nifi-email-nar-2.6.0.nar-unpacked]
2025-10-16 10:25:28,268 INFO [main] org.apache.nifi.nar.NarClassLoaders Loaded NAR file: /opt/nifi/nifi-current/./work/nar/extensions/nifi-dbcp-service-nar-2.6.0.nar-unpacked as class loader org.apache.nifi.nar.NarClassLoader[./work/nar/extensions/nifi-dbcp-service-nar-2.6.0.nar-unpacked]
2025-10-16 10:25:28,269 INFO [main] org.apache.nifi.nar.NarClassLoaders Loaded NAR file: /opt/nifi/nifi-current/./work/nar/extensions/nifi-kerberos-iaa-providers-nar-2.6.0.nar-unpacked as class loader org.apache.nifi.nar.NarClassLoader[./work/nar/extensions/nifi-kerberos-iaa-providers-nar-2.6.0.nar-unpacked]
2025-10-16 10:25:28,270 INFO [main] org.apache.nifi.nar.NarClassLoaders Loaded NAR file: /opt/nifi/nifi-current/./work/nar/extensions/nifi-evtx-nar-2.6.0.nar-unpacked as class loader org.apache.nifi.nar.NarClassLoader[./work/nar/extensions/nifi-evtx-nar-2.6.0.nar-unpacked]
2025-10-16 10:25:28,270 INFO [main] org.apache.nifi.nar.NarClassLoaders Loaded NAR file: /opt/nifi/nifi-current/./work/nar/extensions/nifi-stateful-analysis-nar-2.6.0.nar-unpacked as class loader org.apache.nifi.nar.NarClassLoader[./work/nar/extensions/nifi-stateful-analysis-nar-2.6.0.nar-unpacked]
2025-10-16 10:25:28,271 INFO [main] org.apache.nifi.nar.NarClassLoaders Loaded NAR file: /opt/nifi/nifi-current/./work/nar/extensions/nifi-file-resource-service-nar-2.6.0.nar-unpacked as class loader org.apache.nifi.nar.NarClassLoader[./work/nar/extensions/nifi-file-resource-service-nar-2.6.0.nar-unpacked]
2025-10-16 10:25:28,271 INFO [main] org.apache.nifi.nar.NarClassLoaders Loaded NAR file: /opt/nifi/nifi-current/./work/nar/extensions/nifi-standard-shared-nar-2.6.0.nar-unpacked as class loader org.apache.nifi.nar.NarClassLoader[./work/nar/extensions/nifi-standard-shared-nar-2.6.0.nar-unpacked]
2025-10-16 10:25:28,277 INFO [main] org.apache.nifi.nar.NarClassLoaders Loaded NAR file: /opt/nifi/nifi-current/./work/nar/extensions/nifi-gcp-services-api-nar-2.6.0.nar-unpacked as class loader org.apache.nifi.nar.NarClassLoader[./work/nar/extensions/nifi-gcp-services-api-nar-2.6.0.nar-unpacked]
2025-10-16 10:25:28,278 INFO [main] org.apache.nifi.nar.NarClassLoaders Loaded NAR file: /opt/nifi/nifi-current/./work/nar/extensions/nifi-database-dialect-service-nar-2.6.0.nar-unpacked as class loader org.apache.nifi.nar.NarClassLoader[./work/nar/extensions/nifi-database-dialect-service-nar-2.6.0.nar-unpacked]
2025-10-16 10:25:28,279 INFO [main] org.apache.nifi.nar.NarClassLoaders Loaded NAR file: /opt/nifi/nifi-current/./work/nar/extensions/nifi-poi-nar-2.6.0.nar-unpacked as class loader org.apache.nifi.nar.NarClassLoader[./work/nar/extensions/nifi-poi-nar-2.6.0.nar-unpacked]
2025-10-16 10:25:28,280 INFO [main] org.apache.nifi.nar.NarClassLoaders Loaded NAR file: /opt/nifi/nifi-current/./work/nar/extensions/nifi-key-service-nar-2.6.0.nar-unpacked as class loader org.apache.nifi.nar.NarClassLoader[./work/nar/extensions/nifi-key-service-nar-2.6.0.nar-unpacked]
2025-10-16 10:25:28,281 INFO [main] org.apache.nifi.nar.NarClassLoaders Loaded NAR file: /opt/nifi/nifi-current/./work/nar/extensions/nifi-asana-services-api-nar-2.6.0.nar-unpacked as class loader org.apache.nifi.nar.NarClassLoader[./work/nar/extensions/nifi-asana-services-api-nar-2.6.0.nar-unpacked]
2025-10-16 10:25:28,302 INFO [main] org.apache.nifi.nar.NarClassLoaders Loaded NAR file: /opt/nifi/nifi-current/./work/nar/extensions/nifi-snmp-nar-2.6.0.nar-unpacked as class loader org.apache.nifi.nar.NarClassLoader[./work/nar/extensions/nifi-snmp-nar-2.6.0.nar-unpacked]
2025-10-16 10:25:28,303 INFO [main] org.apache.nifi.nar.NarClassLoaders Loaded NAR file: /opt/nifi/nifi-current/./work/nar/extensions/nifi-framework-zookeeper-nar-2.6.0.nar-unpacked as class loader org.apache.nifi.nar.NarClassLoader[./work/nar/extensions/nifi-framework-zookeeper-nar-2.6.0.nar-unpacked]
2025-10-16 10:25:28,305 INFO [main] org.apache.nifi.nar.NarClassLoaders Loaded NAR file: /opt/nifi/nifi-current/./work/nar/extensions/nifi-ssl-context-service-nar-2.6.0.nar-unpacked as class loader org.apache.nifi.nar.NarClassLoader[./work/nar/extensions/nifi-ssl-context-service-nar-2.6.0.nar-unpacked]
2025-10-16 10:25:28,305 INFO [main] org.apache.nifi.nar.NarClassLoaders Loaded NAR file: /opt/nifi/nifi-current/./work/nar/extensions/nifi-web-client-provider-service-nar-2.6.0.nar-unpacked as class loader org.apache.nifi.nar.NarClassLoader[./work/nar/extensions/nifi-web-client-provider-service-nar-2.6.0.nar-unpacked]
2025-10-16 10:25:28,305 INFO [main] org.apache.nifi.nar.NarClassLoaders Loaded NAR file: /opt/nifi/nifi-current/./work/nar/extensions/nifi-network-processors-nar-2.6.0.nar-unpacked as class loader org.apache.nifi.nar.NarClassLoader[./work/nar/extensions/nifi-network-processors-nar-2.6.0.nar-unpacked]
2025-10-16 10:25:28,306 INFO [main] org.apache.nifi.nar.NarClassLoaders Loaded NAR file: /opt/nifi/nifi-current/./work/nar/extensions/nifi-kafka-service-api-nar-2.6.0.nar-unpacked as class loader org.apache.nifi.nar.NarClassLoader[./work/nar/extensions/nifi-kafka-service-api-nar-2.6.0.nar-unpacked]
2025-10-16 10:25:28,306 INFO [main] org.apache.nifi.nar.NarClassLoaders Loaded NAR file: /opt/nifi/nifi-current/./work/nar/extensions/nifi-windows-event-log-nar-2.6.0.nar-unpacked as class loader org.apache.nifi.nar.NarClassLoader[./work/nar/extensions/nifi-windows-event-log-nar-2.6.0.nar-unpacked]
2025-10-16 10:25:28,307 INFO [main] org.apache.nifi.nar.NarClassLoaders Loaded NAR file: /opt/nifi/nifi-current/./work/nar/extensions/nifi-gcp-nar-2.6.0.nar-unpacked as class loader org.apache.nifi.nar.NarClassLoader[./work/nar/extensions/nifi-gcp-nar-2.6.0.nar-unpacked]
2025-10-16 10:25:28,312 INFO [main] org.apache.nifi.nar.NarClassLoaders Loaded NAR file: /opt/nifi/nifi-current/./work/nar/extensions/nifi-hashicorp-vault-client-service-api-nar-2.6.0.nar-unpacked as class loader org.apache.nifi.nar.NarClassLoader[./work/nar/extensions/nifi-hashicorp-vault-client-service-api-nar-2.6.0.nar-unpacked]
2025-10-16 10:25:28,312 INFO [main] org.apache.nifi.nar.NarClassLoaders Loaded NAR file: /opt/nifi/nifi-current/./work/nar/extensions/nifi-registry-nar-2.6.0.nar-unpacked as class loader org.apache.nifi.nar.NarClassLoader[./work/nar/extensions/nifi-registry-nar-2.6.0.nar-unpacked]
2025-10-16 10:25:28,313 INFO [main] org.apache.nifi.nar.NarClassLoaders Loaded NAR file: /opt/nifi/nifi-current/./work/nar/extensions/nifi-protobuf-services-nar-2.6.0.nar-unpacked as class loader org.apache.nifi.nar.NarClassLoader[./work/nar/extensions/nifi-protobuf-services-nar-2.6.0.nar-unpacked]
2025-10-16 10:25:28,314 INFO [main] org.apache.nifi.nar.NarClassLoaders Loaded NAR file: /opt/nifi/nifi-current/./work/nar/extensions/nifi-asana-services-nar-2.6.0.nar-unpacked as class loader org.apache.nifi.nar.NarClassLoader[./work/nar/extensions/nifi-asana-services-nar-2.6.0.nar-unpacked]
2025-10-16 10:25:28,315 INFO [main] org.apache.nifi.nar.NarClassLoaders Loaded NAR file: /opt/nifi/nifi-current/./work/nar/extensions/nifi-site-to-site-reporting-nar-2.6.0.nar-unpacked as class loader org.apache.nifi.nar.NarClassLoader[./work/nar/extensions/nifi-site-to-site-reporting-nar-2.6.0.nar-unpacked]
2025-10-16 10:25:28,315 INFO [main] org.apache.nifi.nar.NarClassLoaders Loaded NAR file: /opt/nifi/nifi-current/./work/nar/extensions/nifi-zendesk-nar-2.6.0.nar-unpacked as class loader org.apache.nifi.nar.NarClassLoader[./work/nar/extensions/nifi-zendesk-nar-2.6.0.nar-unpacked]
2025-10-16 10:25:28,316 INFO [main] org.apache.nifi.nar.NarClassLoaders Loaded NAR file: /opt/nifi/nifi-current/./work/nar/extensions/nifi-cipher-nar-2.6.0.nar-unpacked as class loader org.apache.nifi.nar.NarClassLoader[./work/nar/extensions/nifi-cipher-nar-2.6.0.nar-unpacked]
2025-10-16 10:25:28,316 INFO [main] org.apache.nifi.nar.NarClassLoaders Loaded NAR file: /opt/nifi/nifi-current/./work/nar/extensions/nifi-jms-cf-service-nar-2.6.0.nar-unpacked as class loader org.apache.nifi.nar.NarClassLoader[./work/nar/extensions/nifi-jms-cf-service-nar-2.6.0.nar-unpacked]
2025-10-16 10:25:28,317 INFO [main] org.apache.nifi.nar.NarClassLoaders Loaded NAR file: /opt/nifi/nifi-current/./work/nar/extensions/nifi-jolt-nar-2.6.0.nar-unpacked as class loader org.apache.nifi.nar.NarClassLoader[./work/nar/extensions/nifi-jolt-nar-2.6.0.nar-unpacked]
2025-10-16 10:25:28,317 INFO [main] org.apache.nifi.nar.NarClassLoaders Loaded NAR file: /opt/nifi/nifi-current/./work/nar/extensions/nifi-hazelcast-services-api-nar-2.6.0.nar-unpacked as class loader org.apache.nifi.nar.NarClassLoader[./work/nar/extensions/nifi-hazelcast-services-api-nar-2.6.0.nar-unpacked]
2025-10-16 10:25:28,317 INFO [main] org.apache.nifi.nar.NarClassLoaders Loaded NAR file: /opt/nifi/nifi-current/./work/nar/extensions/nifi-pgp-service-api-nar-2.6.0.nar-unpacked as class loader org.apache.nifi.nar.NarClassLoader[./work/nar/extensions/nifi-pgp-service-api-nar-2.6.0.nar-unpacked]
2025-10-16 10:25:28,318 INFO [main] org.apache.nifi.nar.NarClassLoaders Loaded NAR file: /opt/nifi/nifi-current/./work/nar/extensions/nifi-proxy-configuration-nar-2.6.0.nar-unpacked as class loader org.apache.nifi.nar.NarClassLoader[./work/nar/extensions/nifi-proxy-configuration-nar-2.6.0.nar-unpacked]
2025-10-16 10:25:28,318 INFO [main] org.apache.nifi.nar.NarClassLoaders Loaded NAR file: /opt/nifi/nifi-current/./work/nar/extensions/nifi-airtable-nar-2.6.0.nar-unpacked as class loader org.apache.nifi.nar.NarClassLoader[./work/nar/extensions/nifi-airtable-nar-2.6.0.nar-unpacked]
2025-10-16 10:25:28,319 INFO [main] org.apache.nifi.nar.NarClassLoaders Loaded NAR file: /opt/nifi/nifi-current/./work/nar/extensions/nifi-github-nar-2.6.0.nar-unpacked as class loader org.apache.nifi.nar.NarClassLoader[./work/nar/extensions/nifi-github-nar-2.6.0.nar-unpacked]
2025-10-16 10:25:28,319 INFO [main] org.apache.nifi.nar.NarClassLoaders Loaded NAR file: /opt/nifi/nifi-current/./work/nar/extensions/nifi-oauth2-provider-nar-2.6.0.nar-unpacked as class loader org.apache.nifi.nar.NarClassLoader[./work/nar/extensions/nifi-oauth2-provider-nar-2.6.0.nar-unpacked]
2025-10-16 10:25:28,320 INFO [main] org.apache.nifi.nar.NarClassLoaders Loaded NAR file: /opt/nifi/nifi-current/./work/nar/extensions/nifi-workday-processors-nar-2.6.0.nar-unpacked as class loader org.apache.nifi.nar.NarClassLoader[./work/nar/extensions/nifi-workday-processors-nar-2.6.0.nar-unpacked]
2025-10-16 10:25:28,320 INFO [main] org.apache.nifi.nar.NarClassLoaders Loaded NAR file: /opt/nifi/nifi-current/./work/nar/extensions/nifi-mongodb-client-service-api-nar-2.6.0.nar-unpacked as class loader org.apache.nifi.nar.NarClassLoader[./work/nar/extensions/nifi-mongodb-client-service-api-nar-2.6.0.nar-unpacked]
2025-10-16 10:25:28,321 INFO [main] org.apache.nifi.nar.NarClassLoaders Loaded NAR file: /opt/nifi/nifi-current/./work/nar/extensions/nifi-groovyx-nar-2.6.0.nar-unpacked as class loader org.apache.nifi.nar.NarClassLoader[./work/nar/extensions/nifi-groovyx-nar-2.6.0.nar-unpacked]
2025-10-16 10:25:28,323 INFO [main] org.apache.nifi.nar.NarClassLoaders Loaded NAR file: /opt/nifi/nifi-current/./work/nar/extensions/nifi-hazelcast-services-nar-2.6.0.nar-unpacked as class loader org.apache.nifi.nar.NarClassLoader[./work/nar/extensions/nifi-hazelcast-services-nar-2.6.0.nar-unpacked]
2025-10-16 10:25:28,324 INFO [main] org.apache.nifi.nar.NarClassLoaders Loaded NAR file: /opt/nifi/nifi-current/./work/nar/extensions/nifi-mqtt-nar-2.6.0.nar-unpacked as class loader org.apache.nifi.nar.NarClassLoader[./work/nar/extensions/nifi-mqtt-nar-2.6.0.nar-unpacked]
2025-10-16 10:25:28,325 INFO [main] org.apache.nifi.nar.NarClassLoaders Loaded NAR file: /opt/nifi/nifi-current/./work/nar/extensions/nifi-cdc-mysql-nar-2.6.0.nar-unpacked as class loader org.apache.nifi.nar.NarClassLoader[./work/nar/extensions/nifi-cdc-mysql-nar-2.6.0.nar-unpacked]
2025-10-16 10:25:28,326 INFO [main] org.apache.nifi.nar.NarClassLoaders Loaded NAR file: /opt/nifi/nifi-current/./work/nar/extensions/nifi-jslt-nar-2.6.0.nar-unpacked as class loader org.apache.nifi.nar.NarClassLoader[./work/nar/extensions/nifi-jslt-nar-2.6.0.nar-unpacked]
2025-10-16 10:25:28,326 INFO [main] org.apache.nifi.nar.NarClassLoaders Loaded NAR file: /opt/nifi/nifi-current/./work/nar/extensions/nifi-kafka-nar-2.6.0.nar-unpacked as class loader org.apache.nifi.nar.NarClassLoader[./work/nar/extensions/nifi-kafka-nar-2.6.0.nar-unpacked]
2025-10-16 10:25:28,326 INFO [main] org.apache.nifi.nar.NarClassLoaders Loaded NAR file: /opt/nifi/nifi-current/./work/nar/extensions/nifi-mongodb-nar-2.6.0.nar-unpacked as class loader org.apache.nifi.nar.NarClassLoader[./work/nar/extensions/nifi-mongodb-nar-2.6.0.nar-unpacked]
2025-10-16 10:25:28,327 INFO [main] org.apache.nifi.nar.NarClassLoaders Loaded NAR file: /opt/nifi/nifi-current/./work/nar/extensions/nifi-pgp-service-nar-2.6.0.nar-unpacked as class loader org.apache.nifi.nar.NarClassLoader[./work/nar/extensions/nifi-pgp-service-nar-2.6.0.nar-unpacked]
2025-10-16 10:25:28,327 INFO [main] org.apache.nifi.nar.NarClassLoaders Loaded NAR file: /opt/nifi/nifi-current/./work/nar/extensions/nifi-standard-content-viewer-nar-2.6.0.nar-unpacked as class loader org.apache.nifi.nar.NarClassLoader[./work/nar/extensions/nifi-standard-content-viewer-nar-2.6.0.nar-unpacked]
2025-10-16 10:25:28,328 INFO [main] org.apache.nifi.nar.NarClassLoaders Loaded NAR file: /opt/nifi/nifi-current/./work/nar/extensions/nifi-standard-nar-2.6.0.nar-unpacked as class loader org.apache.nifi.nar.NarClassLoader[./work/nar/extensions/nifi-standard-nar-2.6.0.nar-unpacked]
2025-10-16 10:25:28,334 INFO [main] org.apache.nifi.nar.NarClassLoaders Loaded NAR file: /opt/nifi/nifi-current/./work/nar/extensions/nifi-box-services-api-nar-2.6.0.nar-unpacked as class loader org.apache.nifi.nar.NarClassLoader[./work/nar/extensions/nifi-box-services-api-nar-2.6.0.nar-unpacked]
2025-10-16 10:25:28,335 INFO [main] org.apache.nifi.nar.NarClassLoaders Loaded NAR file: /opt/nifi/nifi-current/./work/nar/extensions/nifi-http-context-map-nar-2.6.0.nar-unpacked as class loader org.apache.nifi.nar.NarClassLoader[./work/nar/extensions/nifi-http-context-map-nar-2.6.0.nar-unpacked]
2025-10-16 10:25:28,335 INFO [main] org.apache.nifi.nar.NarClassLoaders Loaded NAR file: /opt/nifi/nifi-current/./work/nar/extensions/nifi-avro-nar-2.6.0.nar-unpacked as class loader org.apache.nifi.nar.NarClassLoader[./work/nar/extensions/nifi-avro-nar-2.6.0.nar-unpacked]
2025-10-16 10:25:28,335 INFO [main] org.apache.nifi.nar.NarClassLoaders Loaded NAR file: /opt/nifi/nifi-current/./work/nar/extensions/nifi-enrich-nar-2.6.0.nar-unpacked as class loader org.apache.nifi.nar.NarClassLoader[./work/nar/extensions/nifi-enrich-nar-2.6.0.nar-unpacked]
2025-10-16 10:25:28,336 INFO [main] org.apache.nifi.nar.NarClassLoaders Loaded NAR file: /opt/nifi/nifi-current/./work/nar/extensions/nifi-lookup-services-nar-2.6.0.nar-unpacked as class loader org.apache.nifi.nar.NarClassLoader[./work/nar/extensions/nifi-lookup-services-nar-2.6.0.nar-unpacked]
2025-10-16 10:25:28,337 INFO [main] org.apache.nifi.nar.NarClassLoaders Loaded NAR file: /opt/nifi/nifi-current/./work/nar/extensions/nifi-splunk-nar-2.6.0.nar-unpacked as class loader org.apache.nifi.nar.NarClassLoader[./work/nar/extensions/nifi-splunk-nar-2.6.0.nar-unpacked]
2025-10-16 10:25:28,337 INFO [main] org.apache.nifi.nar.NarClassLoaders Loaded NAR file: /opt/nifi/nifi-current/./work/nar/extensions/nifi-zendesk-services-nar-2.6.0.nar-unpacked as class loader org.apache.nifi.nar.NarClassLoader[./work/nar/extensions/nifi-zendesk-services-nar-2.6.0.nar-unpacked]
2025-10-16 10:25:28,337 INFO [main] org.apache.nifi.nar.NarClassLoaders Loaded NAR file: /opt/nifi/nifi-current/./work/nar/extensions/nifi-hashicorp-vault-nar-2.6.0.nar-unpacked as class loader org.apache.nifi.nar.NarClassLoader[./work/nar/extensions/nifi-hashicorp-vault-nar-2.6.0.nar-unpacked]
2025-10-16 10:25:28,338 INFO [main] org.apache.nifi.nar.NarClassLoaders Loaded NAR file: /opt/nifi/nifi-current/./work/nar/extensions/nifi-distributed-cache-services-nar-2.6.0.nar-unpacked as class loader org.apache.nifi.nar.NarClassLoader[./work/nar/extensions/nifi-distributed-cache-services-nar-2.6.0.nar-unpacked]
2025-10-16 10:25:28,339 INFO [main] org.apache.nifi.nar.NarClassLoaders Loaded NAR file: /opt/nifi/nifi-current/./work/nar/extensions/nifi-slack-nar-2.6.0.nar-unpacked as class loader org.apache.nifi.nar.NarClassLoader[./work/nar/extensions/nifi-slack-nar-2.6.0.nar-unpacked]
2025-10-16 10:25:28,357 INFO [main] org.apache.nifi.nar.NarClassLoaders Loaded NAR file: /opt/nifi/nifi-current/./work/nar/extensions/nifi-kafka-3-service-nar-2.6.0.nar-unpacked as class loader org.apache.nifi.nar.NarClassLoader[./work/nar/extensions/nifi-kafka-3-service-nar-2.6.0.nar-unpacked]
2025-10-16 10:25:28,358 INFO [main] org.apache.nifi.nar.NarClassLoaders Loaded NAR file: /opt/nifi/nifi-current/./work/nar/extensions/nifi-kerberos-user-service-nar-2.6.0.nar-unpacked as class loader org.apache.nifi.nar.NarClassLoader[./work/nar/extensions/nifi-kerberos-user-service-nar-2.6.0.nar-unpacked]
2025-10-16 10:25:28,358 INFO [main] org.apache.nifi.nar.NarClassLoaders Loaded NAR file: /opt/nifi/nifi-current/./work/nar/extensions/nifi-confluent-platform-nar-2.6.0.nar-unpacked as class loader org.apache.nifi.nar.NarClassLoader[./work/nar/extensions/nifi-confluent-platform-nar-2.6.0.nar-unpacked]
2025-10-16 10:25:28,360 INFO [main] org.apache.nifi.nar.NarClassLoaders Loaded NAR file: /opt/nifi/nifi-current/./work/nar/extensions/nifi-social-media-nar-2.6.0.nar-unpacked as class loader org.apache.nifi.nar.NarClassLoader[./work/nar/extensions/nifi-social-media-nar-2.6.0.nar-unpacked]
2025-10-16 10:25:28,361 INFO [main] org.apache.nifi.nar.NarClassLoaders Loaded NAR file: /opt/nifi/nifi-current/./work/nar/extensions/nifi-opentelemetry-nar-2.6.0.nar-unpacked as class loader org.apache.nifi.nar.NarClassLoader[./work/nar/extensions/nifi-opentelemetry-nar-2.6.0.nar-unpacked]
2025-10-16 10:25:28,361 INFO [main] org.apache.nifi.nar.NarClassLoaders Loaded NAR file: /opt/nifi/nifi-current/./work/nar/extensions/nifi-elasticsearch-client-service-api-nar-2.6.0.nar-unpacked as class loader org.apache.nifi.nar.NarClassLoader[./work/nar/extensions/nifi-elasticsearch-client-service-api-nar-2.6.0.nar-unpacked]
2025-10-16 10:25:28,362 INFO [main] org.apache.nifi.nar.NarClassLoaders Loaded NAR file: /opt/nifi/nifi-current/./work/nar/extensions/nifi-py4j-nar-2.6.0.nar-unpacked as class loader org.apache.nifi.nar.NarClassLoader[./work/nar/extensions/nifi-py4j-nar-2.6.0.nar-unpacked]
2025-10-16 10:25:28,362 INFO [main] org.apache.nifi.nar.NarClassLoaders Loaded NAR file: /opt/nifi/nifi-current/./work/nar/extensions/nifi-amqp-nar-2.6.0.nar-unpacked as class loader org.apache.nifi.nar.NarClassLoader[./work/nar/extensions/nifi-amqp-nar-2.6.0.nar-unpacked]
2025-10-16 10:25:28,363 INFO [main] org.apache.nifi.nar.NarClassLoaders Loaded NAR file: /opt/nifi/nifi-current/./work/nar/extensions/nifi-salesforce-nar-2.6.0.nar-unpacked as class loader org.apache.nifi.nar.NarClassLoader[./work/nar/extensions/nifi-salesforce-nar-2.6.0.nar-unpacked]
2025-10-16 10:25:28,363 INFO [main] org.apache.nifi.nar.NarClassLoaders Loaded NAR file: /opt/nifi/nifi-current/./work/nar/extensions/nifi-websocket-services-api-nar-2.6.0.nar-unpacked as class loader org.apache.nifi.nar.NarClassLoader[./work/nar/extensions/nifi-websocket-services-api-nar-2.6.0.nar-unpacked]
2025-10-16 10:25:28,364 INFO [main] org.apache.nifi.nar.NarClassLoaders Loaded NAR file: /opt/nifi/nifi-current/./work/nar/extensions/nifi-shopify-nar-2.6.0.nar-unpacked as class loader org.apache.nifi.nar.NarClassLoader[./work/nar/extensions/nifi-shopify-nar-2.6.0.nar-unpacked]
2025-10-16 10:25:28,364 INFO [main] org.apache.nifi.nar.NarClassLoaders Loaded NAR file: /opt/nifi/nifi-current/./work/nar/extensions/nifi-geohash-nar-2.6.0.nar-unpacked as class loader org.apache.nifi.nar.NarClassLoader[./work/nar/extensions/nifi-geohash-nar-2.6.0.nar-unpacked]
2025-10-16 10:25:28,364 INFO [main] org.apache.nifi.nar.NarClassLoaders Loaded NAR file: /opt/nifi/nifi-current/./work/nar/extensions/nifi-aws-service-api-nar-2.6.0.nar-unpacked as class loader org.apache.nifi.nar.NarClassLoader[./work/nar/extensions/nifi-aws-service-api-nar-2.6.0.nar-unpacked]
2025-10-16 10:25:28,366 INFO [main] org.apache.nifi.nar.NarClassLoaders Loaded NAR file: /opt/nifi/nifi-current/./work/nar/extensions/nifi-kafka-service-aws-nar-2.6.0.nar-unpacked as class loader org.apache.nifi.nar.NarClassLoader[./work/nar/extensions/nifi-kafka-service-aws-nar-2.6.0.nar-unpacked]
2025-10-16 10:25:28,368 INFO [main] org.apache.nifi.nar.NarClassLoaders Loaded NAR file: /opt/nifi/nifi-current/./work/nar/extensions/nifi-db-schema-registry-service-nar-2.6.0.nar-unpacked as class loader org.apache.nifi.nar.NarClassLoader[./work/nar/extensions/nifi-db-schema-registry-service-nar-2.6.0.nar-unpacked]
2025-10-16 10:25:28,368 INFO [main] org.apache.nifi.nar.NarClassLoaders Loaded NAR file: /opt/nifi/nifi-current/./work/nar/extensions/nifi-dropbox-services-api-nar-2.6.0.nar-unpacked as class loader org.apache.nifi.nar.NarClassLoader[./work/nar/extensions/nifi-dropbox-services-api-nar-2.6.0.nar-unpacked]
2025-10-16 10:25:28,368 INFO [main] org.apache.nifi.nar.NarClassLoaders Loaded NAR file: /opt/nifi/nifi-current/./work/nar/extensions/nifi-flow-registry-client-nar-2.6.0.nar-unpacked as class loader org.apache.nifi.nar.NarClassLoader[./work/nar/extensions/nifi-flow-registry-client-nar-2.6.0.nar-unpacked]
2025-10-16 10:25:28,370 INFO [main] org.apache.nifi.nar.NarClassLoaders Loaded NAR file: /opt/nifi/nifi-current/./work/nar/extensions/nifi-azure-services-api-nar-2.6.0.nar-unpacked as class loader org.apache.nifi.nar.NarClassLoader[./work/nar/extensions/nifi-azure-services-api-nar-2.6.0.nar-unpacked]
2025-10-16 10:25:28,373 INFO [main] org.apache.nifi.nar.NarClassLoaders Loaded NAR file: /opt/nifi/nifi-current/./work/nar/extensions/nifi-dropbox-services-nar-2.6.0.nar-unpacked as class loader org.apache.nifi.nar.NarClassLoader[./work/nar/extensions/nifi-dropbox-services-nar-2.6.0.nar-unpacked]
2025-10-16 10:25:28,373 INFO [main] org.apache.nifi.nar.NarClassLoaders Loaded NAR file: /opt/nifi/nifi-current/./work/nar/extensions/nifi-apicurio-nar-2.6.0.nar-unpacked as class loader org.apache.nifi.nar.NarClassLoader[./work/nar/extensions/nifi-apicurio-nar-2.6.0.nar-unpacked]
2025-10-16 10:25:28,374 INFO [main] org.apache.nifi.nar.NarClassLoaders Loaded NAR file: /opt/nifi/nifi-current/./work/nar/extensions/nifi-hubspot-nar-2.6.0.nar-unpacked as class loader org.apache.nifi.nar.NarClassLoader[./work/nar/extensions/nifi-hubspot-nar-2.6.0.nar-unpacked]
2025-10-16 10:25:28,374 INFO [main] org.apache.nifi.nar.NarClassLoaders Loaded NAR file: /opt/nifi/nifi-current/./work/nar/extensions/nifi-smb-client-api-nar-2.6.0.nar-unpacked as class loader org.apache.nifi.nar.NarClassLoader[./work/nar/extensions/nifi-smb-client-api-nar-2.6.0.nar-unpacked]
2025-10-16 10:25:28,374 INFO [main] org.apache.nifi.nar.NarClassLoaders Loaded NAR file: /opt/nifi/nifi-current/./work/nar/extensions/nifi-record-sink-service-nar-2.6.0.nar-unpacked as class loader org.apache.nifi.nar.NarClassLoader[./work/nar/extensions/nifi-record-sink-service-nar-2.6.0.nar-unpacked]
2025-10-16 10:25:28,375 INFO [main] org.apache.nifi.nar.NarClassLoaders Loaded NAR file: /opt/nifi/nifi-current/./work/nar/extensions/nifi-gitlab-nar-2.6.0.nar-unpacked as class loader org.apache.nifi.nar.NarClassLoader[./work/nar/extensions/nifi-gitlab-nar-2.6.0.nar-unpacked]
2025-10-16 10:25:28,376 INFO [main] org.apache.nifi.nar.NarClassLoaders Loaded NAR file: /opt/nifi/nifi-current/./work/nar/extensions/nifi-box-nar-2.6.0.nar-unpacked as class loader org.apache.nifi.nar.NarClassLoader[./work/nar/extensions/nifi-box-nar-2.6.0.nar-unpacked]
2025-10-16 10:25:28,376 INFO [main] org.apache.nifi.nar.NarClassLoaders Loaded NAR file: /opt/nifi/nifi-current/./work/nar/extensions/nifi-scripting-nar-2.6.0.nar-unpacked as class loader org.apache.nifi.nar.NarClassLoader[./work/nar/extensions/nifi-scripting-nar-2.6.0.nar-unpacked]
2025-10-16 10:25:28,379 INFO [main] org.apache.nifi.nar.NarClassLoaders Loaded NAR file: /opt/nifi/nifi-current/./work/nar/extensions/nifi-asana-processors-nar-2.6.0.nar-unpacked as class loader org.apache.nifi.nar.NarClassLoader[./work/nar/extensions/nifi-asana-processors-nar-2.6.0.nar-unpacked]
2025-10-16 10:25:28,379 INFO [main] org.apache.nifi.nar.NarClassLoaders Loaded NAR file: /opt/nifi/nifi-current/./work/nar/extensions/nifi-atlassian-nar-2.6.0.nar-unpacked as class loader org.apache.nifi.nar.NarClassLoader[./work/nar/extensions/nifi-atlassian-nar-2.6.0.nar-unpacked]
2025-10-16 10:25:28,380 INFO [main] org.apache.nifi.nar.NarClassLoaders Loaded NAR file: /opt/nifi/nifi-current/./work/nar/extensions/nifi-jms-processors-nar-2.6.0.nar-unpacked as class loader org.apache.nifi.nar.NarClassLoader[./work/nar/extensions/nifi-jms-processors-nar-2.6.0.nar-unpacked]
2025-10-16 10:25:28,382 INFO [main] org.apache.nifi.nar.NarClassLoaders Loaded NAR file: /opt/nifi/nifi-current/./work/nar/extensions/nifi-record-serialization-services-nar-2.6.0.nar-unpacked as class loader org.apache.nifi.nar.NarClassLoader[./work/nar/extensions/nifi-record-serialization-services-nar-2.6.0.nar-unpacked]
2025-10-16 10:25:28,383 INFO [main] org.apache.nifi.nar.NarClassLoaders Loaded NAR file: /opt/nifi/nifi-current/./work/nar/extensions/nifi-elasticsearch-client-service-nar-2.6.0.nar-unpacked as class loader org.apache.nifi.nar.NarClassLoader[./work/nar/extensions/nifi-elasticsearch-client-service-nar-2.6.0.nar-unpacked]
2025-10-16 10:25:28,384 INFO [main] org.apache.nifi.nar.NarClassLoaders Loaded NAR file: /opt/nifi/nifi-current/./work/nar/extensions/nifi-redis-service-api-nar-2.6.0.nar-unpacked as class loader org.apache.nifi.nar.NarClassLoader[./work/nar/extensions/nifi-redis-service-api-nar-2.6.0.nar-unpacked]
2025-10-16 10:25:28,385 INFO [main] org.apache.nifi.nar.NarClassLoaders Loaded NAR file: /opt/nifi/nifi-current/./work/nar/extensions/nifi-smb-smbj-client-nar-2.6.0.nar-unpacked as class loader org.apache.nifi.nar.NarClassLoader[./work/nar/extensions/nifi-smb-smbj-client-nar-2.6.0.nar-unpacked]
2025-10-16 10:25:28,386 INFO [main] org.apache.nifi.nar.NarClassLoaders Loaded NAR file: /opt/nifi/nifi-current/./work/nar/extensions/nifi-pgp-nar-2.6.0.nar-unpacked as class loader org.apache.nifi.nar.NarClassLoader[./work/nar/extensions/nifi-pgp-nar-2.6.0.nar-unpacked]
2025-10-16 10:25:28,386 INFO [main] org.apache.nifi.nar.NarClassLoaders Loaded NAR file: /opt/nifi/nifi-current/./work/nar/extensions/nifi-smb-nar-2.6.0.nar-unpacked as class loader org.apache.nifi.nar.NarClassLoader[./work/nar/extensions/nifi-smb-nar-2.6.0.nar-unpacked]
2025-10-16 10:25:28,387 INFO [main] org.apache.nifi.nar.NarClassLoaders Loaded NAR file: /opt/nifi/nifi-current/./work/nar/extensions/nifi-mongodb-services-nar-2.6.0.nar-unpacked as class loader org.apache.nifi.nar.NarClassLoader[./work/nar/extensions/nifi-mongodb-services-nar-2.6.0.nar-unpacked]
2025-10-16 10:25:28,387 INFO [main] org.apache.nifi.nar.NarClassLoaders Loaded NAR file: /opt/nifi/nifi-current/./work/nar/extensions/nifi-websocket-processors-nar-2.6.0.nar-unpacked as class loader org.apache.nifi.nar.NarClassLoader[./work/nar/extensions/nifi-websocket-processors-nar-2.6.0.nar-unpacked]
2025-10-16 10:25:28,388 INFO [main] org.apache.nifi.nar.NarClassLoaders Loaded NAR file: /opt/nifi/nifi-current/./work/nar/extensions/nifi-dropbox-processors-nar-2.6.0.nar-unpacked as class loader org.apache.nifi.nar.NarClassLoader[./work/nar/extensions/nifi-dropbox-processors-nar-2.6.0.nar-unpacked]
2025-10-16 10:25:28,389 INFO [main] org.apache.nifi.nar.NarClassLoaders Loaded NAR file: /opt/nifi/nifi-current/./work/nar/extensions/nifi-websocket-services-jetty-nar-2.6.0.nar-unpacked as class loader org.apache.nifi.nar.NarClassLoader[./work/nar/extensions/nifi-websocket-services-jetty-nar-2.6.0.nar-unpacked]
2025-10-16 10:25:28,389 INFO [main] org.apache.nifi.nar.NarClassLoaders Loaded NAR file: /opt/nifi/nifi-current/./work/nar/extensions/nifi-box-services-nar-2.6.0.nar-unpacked as class loader org.apache.nifi.nar.NarClassLoader[./work/nar/extensions/nifi-box-services-nar-2.6.0.nar-unpacked]
2025-10-16 10:25:28,390 INFO [main] org.apache.nifi.nar.NarClassLoaders Loaded NAR file: /opt/nifi/nifi-current/./work/nar/extensions/nifi-aws-nar-2.6.0.nar-unpacked as class loader org.apache.nifi.nar.NarClassLoader[./work/nar/extensions/nifi-aws-nar-2.6.0.nar-unpacked]
2025-10-16 10:25:28,397 INFO [main] org.apache.nifi.nar.NarClassLoaders Loaded NAR file: /opt/nifi/nifi-current/./work/nar/extensions/nifi-elasticsearch-restapi-nar-2.6.0.nar-unpacked as class loader org.apache.nifi.nar.NarClassLoader[./work/nar/extensions/nifi-elasticsearch-restapi-nar-2.6.0.nar-unpacked]
2025-10-16 10:25:28,399 INFO [main] org.apache.nifi.nar.NarClassLoaders Loaded NAR file: /opt/nifi/nifi-current/./work/nar/extensions/nifi-azure-nar-2.6.0.nar-unpacked as class loader org.apache.nifi.nar.NarClassLoader[./work/nar/extensions/nifi-azure-nar-2.6.0.nar-unpacked]
2025-10-16 10:25:28,405 INFO [main] org.apache.nifi.nar.NarClassLoaders Loaded NAR file: /opt/nifi/nifi-current/./work/nar/extensions/nifi-redis-nar-2.6.0.nar-unpacked as class loader org.apache.nifi.nar.NarClassLoader[./work/nar/extensions/nifi-redis-nar-2.6.0.nar-unpacked]
2025-10-16 10:25:28,405 INFO [main] org.apache.nifi.nar.NarClassLoaders Found NiFiServer implementation org.apache.nifi.web.server.JettyServer in org.apache.nifi:nifi-server-nar:2.6.0
2025-10-16 10:25:28,406 INFO [main] o.a.nifi.properties.NiFiPropertiesLoader Loading Application Properties [/opt/nifi/nifi-current/conf/nifi.properties]
2025-10-16 10:25:28,449 ERROR [main] org.apache.nifi.web.server.JettyServer Failed to start Server
java.lang.IllegalStateException: Invalid port configuration in nifi.properties: Both nifi.web.https.port and nifi.web.http.port specified
	at org.apache.nifi.web.server.connector.FrameworkServerConnectorFactory.getPort(FrameworkServerConnectorFactory.java:156)
	at org.apache.nifi.web.server.connector.FrameworkServerConnectorFactory.<init>(FrameworkServerConnectorFactory.java:68)
	at org.apache.nifi.web.server.StandardServerProvider.addConnectors(StandardServerProvider.java:96)
	at org.apache.nifi.web.server.StandardServerProvider.getServer(StandardServerProvider.java:69)
	at org.apache.nifi.web.server.JettyServer.init(JettyServer.java:215)
	at org.apache.nifi.web.server.JettyServer.initialize(JettyServer.java:988)
	at org.apache.nifi.runtime.Application.startServer(Application.java:126)
	at org.apache.nifi.runtime.Application.run(Application.java:78)
	at org.apache.nifi.runtime.Application.run(Application.java:60)
	at org.apache.nifi.NiFi.main(NiFi.java:42)
2025-10-16 10:25:29,443 INFO [main] org.apache.nifi.runtime.Application Starting NiFi 2.6.0 using Java 21.0.8+12-LTS with PID 46
2025-10-16 10:25:29,445 INFO [main] o.apache.nifi.runtime.PropertiesProvider Loading Application Properties [/opt/nifi/nifi-current/conf/nifi.properties]
2025-10-16 10:25:29,450 INFO [main] org.apache.nifi.nar.NarUnpacker Expanding 112 NAR files started
2025-10-16 10:25:29,935 INFO [main] org.apache.nifi.nar.NarUnpacker Expanded 112 NAR files in 0.485 seconds (485655417 ns)
2025-10-16 10:25:30,195 INFO [main] org.apache.nifi.nar.NarClassLoaders Loaded NAR file: /opt/nifi/nifi-current/./work/nar/extensions/nifi-jetty-nar-2.6.0.nar-unpacked as class loader org.apache.nifi.nar.NarClassLoader[./work/nar/extensions/nifi-jetty-nar-2.6.0.nar-unpacked]
2025-10-16 10:25:30,200 INFO [main] org.apache.nifi.nar.NarClassLoaders Loaded NAR file: /opt/nifi/nifi-current/./work/nar/framework/nifi-framework-nar-2.6.0.nar-unpacked as class loader org.apache.nifi.nar.NarClassLoader[./work/nar/framework/nifi-framework-nar-2.6.0.nar-unpacked]
2025-10-16 10:25:30,264 INFO [main] org.apache.nifi.nar.NarClassLoaders Loaded NAR file: /opt/nifi/nifi-current/./work/nar/extensions/nifi-provenance-repository-nar-2.6.0.nar-unpacked as class loader org.apache.nifi.nar.NarClassLoader[./work/nar/extensions/nifi-provenance-repository-nar-2.6.0.nar-unpacked]
2025-10-16 10:25:30,267 INFO [main] org.apache.nifi.nar.NarClassLoaders Loaded NAR file: /opt/nifi/nifi-current/./work/nar/extensions/nifi-hl7-nar-2.6.0.nar-unpacked as class loader org.apache.nifi.nar.NarClassLoader[./work/nar/extensions/nifi-hl7-nar-2.6.0.nar-unpacked]
2025-10-16 10:25:30,284 INFO [main] org.apache.nifi.nar.NarClassLoaders Loaded NAR file: /opt/nifi/nifi-current/./work/nar/extensions/nifi-compress-nar-2.6.0.nar-unpacked as class loader org.apache.nifi.nar.NarClassLoader[./work/nar/extensions/nifi-compress-nar-2.6.0.nar-unpacked]
2025-10-16 10:25:30,288 INFO [main] org.apache.nifi.nar.NarClassLoaders Loaded NAR file: /opt/nifi/nifi-current/./work/nar/extensions/nifi-update-attribute-nar-2.6.0.nar-unpacked as class loader org.apache.nifi.nar.NarClassLoader[./work/nar/extensions/nifi-update-attribute-nar-2.6.0.nar-unpacked]
2025-10-16 10:25:30,290 INFO [main] org.apache.nifi.nar.NarClassLoaders Loaded NAR file: /opt/nifi/nifi-current/./work/nar/extensions/nifi-ldap-iaa-providers-nar-2.6.0.nar-unpacked as class loader org.apache.nifi.nar.NarClassLoader[./work/nar/extensions/nifi-ldap-iaa-providers-nar-2.6.0.nar-unpacked]
2025-10-16 10:25:30,292 INFO [main] org.apache.nifi.nar.NarClassLoaders Loaded NAR file: /opt/nifi/nifi-current/./work/nar/extensions/nifi-single-user-iaa-providers-nar-2.6.0.nar-unpacked as class loader org.apache.nifi.nar.NarClassLoader[./work/nar/extensions/nifi-single-user-iaa-providers-nar-2.6.0.nar-unpacked]
2025-10-16 10:25:30,294 INFO [main] org.apache.nifi.nar.NarClassLoaders Loaded NAR file: /opt/nifi/nifi-current/./work/nar/extensions/nifi-framework-kubernetes-nar-2.6.0.nar-unpacked as class loader org.apache.nifi.nar.NarClassLoader[./work/nar/extensions/nifi-framework-kubernetes-nar-2.6.0.nar-unpacked]
2025-10-16 10:25:30,297 INFO [main] org.apache.nifi.nar.NarClassLoaders Loaded NAR file: /opt/nifi/nifi-current/./work/nar/extensions/nifi-server-nar-2.6.0.nar-unpacked as class loader org.apache.nifi.nar.NarClassLoader[./work/nar/extensions/nifi-server-nar-2.6.0.nar-unpacked]
2025-10-16 10:25:30,306 INFO [main] org.apache.nifi.nar.NarClassLoaders Loaded NAR file: /opt/nifi/nifi-current/./work/nar/extensions/nifi-standard-services-api-nar-2.6.0.nar-unpacked as class loader org.apache.nifi.nar.NarClassLoader[./work/nar/extensions/nifi-standard-services-api-nar-2.6.0.nar-unpacked]
2025-10-16 10:25:30,307 INFO [main] org.apache.nifi.nar.NarClassLoaders Loaded NAR file: /opt/nifi/nifi-current/./work/nar/extensions/nifi-email-nar-2.6.0.nar-unpacked as class loader org.apache.nifi.nar.NarClassLoader[./work/nar/extensions/nifi-email-nar-2.6.0.nar-unpacked]
2025-10-16 10:25:30,309 INFO [main] org.apache.nifi.nar.NarClassLoaders Loaded NAR file: /opt/nifi/nifi-current/./work/nar/extensions/nifi-dbcp-service-nar-2.6.0.nar-unpacked as class loader org.apache.nifi.nar.NarClassLoader[./work/nar/extensions/nifi-dbcp-service-nar-2.6.0.nar-unpacked]
2025-10-16 10:25:30,309 INFO [main] org.apache.nifi.nar.NarClassLoaders Loaded NAR file: /opt/nifi/nifi-current/./work/nar/extensions/nifi-kerberos-iaa-providers-nar-2.6.0.nar-unpacked as class loader org.apache.nifi.nar.NarClassLoader[./work/nar/extensions/nifi-kerberos-iaa-providers-nar-2.6.0.nar-unpacked]
2025-10-16 10:25:30,310 INFO [main] org.apache.nifi.nar.NarClassLoaders Loaded NAR file: /opt/nifi/nifi-current/./work/nar/extensions/nifi-evtx-nar-2.6.0.nar-unpacked as class loader org.apache.nifi.nar.NarClassLoader[./work/nar/extensions/nifi-evtx-nar-2.6.0.nar-unpacked]
2025-10-16 10:25:30,311 INFO [main] org.apache.nifi.nar.NarClassLoaders Loaded NAR file: /opt/nifi/nifi-current/./work/nar/extensions/nifi-stateful-analysis-nar-2.6.0.nar-unpacked as class loader org.apache.nifi.nar.NarClassLoader[./work/nar/extensions/nifi-stateful-analysis-nar-2.6.0.nar-unpacked]
2025-10-16 10:25:30,312 INFO [main] org.apache.nifi.nar.NarClassLoaders Loaded NAR file: /opt/nifi/nifi-current/./work/nar/extensions/nifi-file-resource-service-nar-2.6.0.nar-unpacked as class loader org.apache.nifi.nar.NarClassLoader[./work/nar/extensions/nifi-file-resource-service-nar-2.6.0.nar-unpacked]
2025-10-16 10:25:30,312 INFO [main] org.apache.nifi.nar.NarClassLoaders Loaded NAR file: /opt/nifi/nifi-current/./work/nar/extensions/nifi-standard-shared-nar-2.6.0.nar-unpacked as class loader org.apache.nifi.nar.NarClassLoader[./work/nar/extensions/nifi-standard-shared-nar-2.6.0.nar-unpacked]
2025-10-16 10:25:30,318 INFO [main] org.apache.nifi.nar.NarClassLoaders Loaded NAR file: /opt/nifi/nifi-current/./work/nar/extensions/nifi-gcp-services-api-nar-2.6.0.nar-unpacked as class loader org.apache.nifi.nar.NarClassLoader[./work/nar/extensions/nifi-gcp-services-api-nar-2.6.0.nar-unpacked]
2025-10-16 10:25:30,320 INFO [main] org.apache.nifi.nar.NarClassLoaders Loaded NAR file: /opt/nifi/nifi-current/./work/nar/extensions/nifi-database-dialect-service-nar-2.6.0.nar-unpacked as class loader org.apache.nifi.nar.NarClassLoader[./work/nar/extensions/nifi-database-dialect-service-nar-2.6.0.nar-unpacked]
2025-10-16 10:25:30,320 INFO [main] org.apache.nifi.nar.NarClassLoaders Loaded NAR file: /opt/nifi/nifi-current/./work/nar/extensions/nifi-poi-nar-2.6.0.nar-unpacked as class loader org.apache.nifi.nar.NarClassLoader[./work/nar/extensions/nifi-poi-nar-2.6.0.nar-unpacked]
2025-10-16 10:25:30,323 INFO [main] org.apache.nifi.nar.NarClassLoaders Loaded NAR file: /opt/nifi/nifi-current/./work/nar/extensions/nifi-key-service-nar-2.6.0.nar-unpacked as class loader org.apache.nifi.nar.NarClassLoader[./work/nar/extensions/nifi-key-service-nar-2.6.0.nar-unpacked]
2025-10-16 10:25:30,323 INFO [main] org.apache.nifi.nar.NarClassLoaders Loaded NAR file: /opt/nifi/nifi-current/./work/nar/extensions/nifi-asana-services-api-nar-2.6.0.nar-unpacked as class loader org.apache.nifi.nar.NarClassLoader[./work/nar/extensions/nifi-asana-services-api-nar-2.6.0.nar-unpacked]
2025-10-16 10:25:30,346 INFO [main] org.apache.nifi.nar.NarClassLoaders Loaded NAR file: /opt/nifi/nifi-current/./work/nar/extensions/nifi-snmp-nar-2.6.0.nar-unpacked as class loader org.apache.nifi.nar.NarClassLoader[./work/nar/extensions/nifi-snmp-nar-2.6.0.nar-unpacked]
2025-10-16 10:25:30,347 INFO [main] org.apache.nifi.nar.NarClassLoaders Loaded NAR file: /opt/nifi/nifi-current/./work/nar/extensions/nifi-framework-zookeeper-nar-2.6.0.nar-unpacked as class loader org.apache.nifi.nar.NarClassLoader[./work/nar/extensions/nifi-framework-zookeeper-nar-2.6.0.nar-unpacked]
2025-10-16 10:25:30,348 INFO [main] org.apache.nifi.nar.NarClassLoaders Loaded NAR file: /opt/nifi/nifi-current/./work/nar/extensions/nifi-ssl-context-service-nar-2.6.0.nar-unpacked as class loader org.apache.nifi.nar.NarClassLoader[./work/nar/extensions/nifi-ssl-context-service-nar-2.6.0.nar-unpacked]
2025-10-16 10:25:30,349 INFO [main] org.apache.nifi.nar.NarClassLoaders Loaded NAR file: /opt/nifi/nifi-current/./work/nar/extensions/nifi-web-client-provider-service-nar-2.6.0.nar-unpacked as class loader org.apache.nifi.nar.NarClassLoader[./work/nar/extensions/nifi-web-client-provider-service-nar-2.6.0.nar-unpacked]
2025-10-16 10:25:30,349 INFO [main] org.apache.nifi.nar.NarClassLoaders Loaded NAR file: /opt/nifi/nifi-current/./work/nar/extensions/nifi-network-processors-nar-2.6.0.nar-unpacked as class loader org.apache.nifi.nar.NarClassLoader[./work/nar/extensions/nifi-network-processors-nar-2.6.0.nar-unpacked]
2025-10-16 10:25:30,350 INFO [main] org.apache.nifi.nar.NarClassLoaders Loaded NAR file: /opt/nifi/nifi-current/./work/nar/extensions/nifi-kafka-service-api-nar-2.6.0.nar-unpacked as class loader org.apache.nifi.nar.NarClassLoader[./work/nar/extensions/nifi-kafka-service-api-nar-2.6.0.nar-unpacked]
2025-10-16 10:25:30,350 INFO [main] org.apache.nifi.nar.NarClassLoaders Loaded NAR file: /opt/nifi/nifi-current/./work/nar/extensions/nifi-windows-event-log-nar-2.6.0.nar-unpacked as class loader org.apache.nifi.nar.NarClassLoader[./work/nar/extensions/nifi-windows-event-log-nar-2.6.0.nar-unpacked]
2025-10-16 10:25:30,351 INFO [main] org.apache.nifi.nar.NarClassLoaders Loaded NAR file: /opt/nifi/nifi-current/./work/nar/extensions/nifi-gcp-nar-2.6.0.nar-unpacked as class loader org.apache.nifi.nar.NarClassLoader[./work/nar/extensions/nifi-gcp-nar-2.6.0.nar-unpacked]
2025-10-16 10:25:30,355 INFO [main] org.apache.nifi.nar.NarClassLoaders Loaded NAR file: /opt/nifi/nifi-current/./work/nar/extensions/nifi-hashicorp-vault-client-service-api-nar-2.6.0.nar-unpacked as class loader org.apache.nifi.nar.NarClassLoader[./work/nar/extensions/nifi-hashicorp-vault-client-service-api-nar-2.6.0.nar-unpacked]
2025-10-16 10:25:30,355 INFO [main] org.apache.nifi.nar.NarClassLoaders Loaded NAR file: /opt/nifi/nifi-current/./work/nar/extensions/nifi-registry-nar-2.6.0.nar-unpacked as class loader org.apache.nifi.nar.NarClassLoader[./work/nar/extensions/nifi-registry-nar-2.6.0.nar-unpacked]
2025-10-16 10:25:30,356 INFO [main] org.apache.nifi.nar.NarClassLoaders Loaded NAR file: /opt/nifi/nifi-current/./work/nar/extensions/nifi-protobuf-services-nar-2.6.0.nar-unpacked as class loader org.apache.nifi.nar.NarClassLoader[./work/nar/extensions/nifi-protobuf-services-nar-2.6.0.nar-unpacked]
2025-10-16 10:25:30,357 INFO [main] org.apache.nifi.nar.NarClassLoaders Loaded NAR file: /opt/nifi/nifi-current/./work/nar/extensions/nifi-asana-services-nar-2.6.0.nar-unpacked as class loader org.apache.nifi.nar.NarClassLoader[./work/nar/extensions/nifi-asana-services-nar-2.6.0.nar-unpacked]
2025-10-16 10:25:30,357 INFO [main] org.apache.nifi.nar.NarClassLoaders Loaded NAR file: /opt/nifi/nifi-current/./work/nar/extensions/nifi-site-to-site-reporting-nar-2.6.0.nar-unpacked as class loader org.apache.nifi.nar.NarClassLoader[./work/nar/extensions/nifi-site-to-site-reporting-nar-2.6.0.nar-unpacked]
2025-10-16 10:25:30,358 INFO [main] org.apache.nifi.nar.NarClassLoaders Loaded NAR file: /opt/nifi/nifi-current/./work/nar/extensions/nifi-zendesk-nar-2.6.0.nar-unpacked as class loader org.apache.nifi.nar.NarClassLoader[./work/nar/extensions/nifi-zendesk-nar-2.6.0.nar-unpacked]
2025-10-16 10:25:30,359 INFO [main] org.apache.nifi.nar.NarClassLoaders Loaded NAR file: /opt/nifi/nifi-current/./work/nar/extensions/nifi-cipher-nar-2.6.0.nar-unpacked as class loader org.apache.nifi.nar.NarClassLoader[./work/nar/extensions/nifi-cipher-nar-2.6.0.nar-unpacked]
2025-10-16 10:25:30,360 INFO [main] org.apache.nifi.nar.NarClassLoaders Loaded NAR file: /opt/nifi/nifi-current/./work/nar/extensions/nifi-jms-cf-service-nar-2.6.0.nar-unpacked as class loader org.apache.nifi.nar.NarClassLoader[./work/nar/extensions/nifi-jms-cf-service-nar-2.6.0.nar-unpacked]
2025-10-16 10:25:30,360 INFO [main] org.apache.nifi.nar.NarClassLoaders Loaded NAR file: /opt/nifi/nifi-current/./work/nar/extensions/nifi-jolt-nar-2.6.0.nar-unpacked as class loader org.apache.nifi.nar.NarClassLoader[./work/nar/extensions/nifi-jolt-nar-2.6.0.nar-unpacked]
2025-10-16 10:25:30,360 INFO [main] org.apache.nifi.nar.NarClassLoaders Loaded NAR file: /opt/nifi/nifi-current/./work/nar/extensions/nifi-hazelcast-services-api-nar-2.6.0.nar-unpacked as class loader org.apache.nifi.nar.NarClassLoader[./work/nar/extensions/nifi-hazelcast-services-api-nar-2.6.0.nar-unpacked]
2025-10-16 10:25:30,361 INFO [main] org.apache.nifi.nar.NarClassLoaders Loaded NAR file: /opt/nifi/nifi-current/./work/nar/extensions/nifi-pgp-service-api-nar-2.6.0.nar-unpacked as class loader org.apache.nifi.nar.NarClassLoader[./work/nar/extensions/nifi-pgp-service-api-nar-2.6.0.nar-unpacked]
2025-10-16 10:25:30,361 INFO [main] org.apache.nifi.nar.NarClassLoaders Loaded NAR file: /opt/nifi/nifi-current/./work/nar/extensions/nifi-proxy-configuration-nar-2.6.0.nar-unpacked as class loader org.apache.nifi.nar.NarClassLoader[./work/nar/extensions/nifi-proxy-configuration-nar-2.6.0.nar-unpacked]
2025-10-16 10:25:30,362 INFO [main] org.apache.nifi.nar.NarClassLoaders Loaded NAR file: /opt/nifi/nifi-current/./work/nar/extensions/nifi-airtable-nar-2.6.0.nar-unpacked as class loader org.apache.nifi.nar.NarClassLoader[./work/nar/extensions/nifi-airtable-nar-2.6.0.nar-unpacked]
2025-10-16 10:25:30,362 INFO [main] org.apache.nifi.nar.NarClassLoaders Loaded NAR file: /opt/nifi/nifi-current/./work/nar/extensions/nifi-github-nar-2.6.0.nar-unpacked as class loader org.apache.nifi.nar.NarClassLoader[./work/nar/extensions/nifi-github-nar-2.6.0.nar-unpacked]
2025-10-16 10:25:30,362 INFO [main] org.apache.nifi.nar.NarClassLoaders Loaded NAR file: /opt/nifi/nifi-current/./work/nar/extensions/nifi-oauth2-provider-nar-2.6.0.nar-unpacked as class loader org.apache.nifi.nar.NarClassLoader[./work/nar/extensions/nifi-oauth2-provider-nar-2.6.0.nar-unpacked]
2025-10-16 10:25:30,363 INFO [main] org.apache.nifi.nar.NarClassLoaders Loaded NAR file: /opt/nifi/nifi-current/./work/nar/extensions/nifi-workday-processors-nar-2.6.0.nar-unpacked as class loader org.apache.nifi.nar.NarClassLoader[./work/nar/extensions/nifi-workday-processors-nar-2.6.0.nar-unpacked]
2025-10-16 10:25:30,363 INFO [main] org.apache.nifi.nar.NarClassLoaders Loaded NAR file: /opt/nifi/nifi-current/./work/nar/extensions/nifi-mongodb-client-service-api-nar-2.6.0.nar-unpacked as class loader org.apache.nifi.nar.NarClassLoader[./work/nar/extensions/nifi-mongodb-client-service-api-nar-2.6.0.nar-unpacked]
2025-10-16 10:25:30,364 INFO [main] org.apache.nifi.nar.NarClassLoaders Loaded NAR file: /opt/nifi/nifi-current/./work/nar/extensions/nifi-groovyx-nar-2.6.0.nar-unpacked as class loader org.apache.nifi.nar.NarClassLoader[./work/nar/extensions/nifi-groovyx-nar-2.6.0.nar-unpacked]
2025-10-16 10:25:30,366 INFO [main] org.apache.nifi.nar.NarClassLoaders Loaded NAR file: /opt/nifi/nifi-current/./work/nar/extensions/nifi-hazelcast-services-nar-2.6.0.nar-unpacked as class loader org.apache.nifi.nar.NarClassLoader[./work/nar/extensions/nifi-hazelcast-services-nar-2.6.0.nar-unpacked]
2025-10-16 10:25:30,367 INFO [main] org.apache.nifi.nar.NarClassLoaders Loaded NAR file: /opt/nifi/nifi-current/./work/nar/extensions/nifi-mqtt-nar-2.6.0.nar-unpacked as class loader org.apache.nifi.nar.NarClassLoader[./work/nar/extensions/nifi-mqtt-nar-2.6.0.nar-unpacked]
2025-10-16 10:25:30,368 INFO [main] org.apache.nifi.nar.NarClassLoaders Loaded NAR file: /opt/nifi/nifi-current/./work/nar/extensions/nifi-cdc-mysql-nar-2.6.0.nar-unpacked as class loader org.apache.nifi.nar.NarClassLoader[./work/nar/extensions/nifi-cdc-mysql-nar-2.6.0.nar-unpacked]
2025-10-16 10:25:30,368 INFO [main] org.apache.nifi.nar.NarClassLoaders Loaded NAR file: /opt/nifi/nifi-current/./work/nar/extensions/nifi-jslt-nar-2.6.0.nar-unpacked as class loader org.apache.nifi.nar.NarClassLoader[./work/nar/extensions/nifi-jslt-nar-2.6.0.nar-unpacked]
2025-10-16 10:25:30,369 INFO [main] org.apache.nifi.nar.NarClassLoaders Loaded NAR file: /opt/nifi/nifi-current/./work/nar/extensions/nifi-kafka-nar-2.6.0.nar-unpacked as class loader org.apache.nifi.nar.NarClassLoader[./work/nar/extensions/nifi-kafka-nar-2.6.0.nar-unpacked]
2025-10-16 10:25:30,369 INFO [main] org.apache.nifi.nar.NarClassLoaders Loaded NAR file: /opt/nifi/nifi-current/./work/nar/extensions/nifi-mongodb-nar-2.6.0.nar-unpacked as class loader org.apache.nifi.nar.NarClassLoader[./work/nar/extensions/nifi-mongodb-nar-2.6.0.nar-unpacked]
2025-10-16 10:25:30,369 INFO [main] org.apache.nifi.nar.NarClassLoaders Loaded NAR file: /opt/nifi/nifi-current/./work/nar/extensions/nifi-pgp-service-nar-2.6.0.nar-unpacked as class loader org.apache.nifi.nar.NarClassLoader[./work/nar/extensions/nifi-pgp-service-nar-2.6.0.nar-unpacked]
2025-10-16 10:25:30,370 INFO [main] org.apache.nifi.nar.NarClassLoaders Loaded NAR file: /opt/nifi/nifi-current/./work/nar/extensions/nifi-standard-content-viewer-nar-2.6.0.nar-unpacked as class loader org.apache.nifi.nar.NarClassLoader[./work/nar/extensions/nifi-standard-content-viewer-nar-2.6.0.nar-unpacked]
2025-10-16 10:25:30,370 INFO [main] org.apache.nifi.nar.NarClassLoaders Loaded NAR file: /opt/nifi/nifi-current/./work/nar/extensions/nifi-standard-nar-2.6.0.nar-unpacked as class loader org.apache.nifi.nar.NarClassLoader[./work/nar/extensions/nifi-standard-nar-2.6.0.nar-unpacked]
2025-10-16 10:25:30,378 INFO [main] org.apache.nifi.nar.NarClassLoaders Loaded NAR file: /opt/nifi/nifi-current/./work/nar/extensions/nifi-box-services-api-nar-2.6.0.nar-unpacked as class loader org.apache.nifi.nar.NarClassLoader[./work/nar/extensions/nifi-box-services-api-nar-2.6.0.nar-unpacked]
2025-10-16 10:25:30,378 INFO [main] org.apache.nifi.nar.NarClassLoaders Loaded NAR file: /opt/nifi/nifi-current/./work/nar/extensions/nifi-http-context-map-nar-2.6.0.nar-unpacked as class loader org.apache.nifi.nar.NarClassLoader[./work/nar/extensions/nifi-http-context-map-nar-2.6.0.nar-unpacked]
2025-10-16 10:25:30,379 INFO [main] org.apache.nifi.nar.NarClassLoaders Loaded NAR file: /opt/nifi/nifi-current/./work/nar/extensions/nifi-avro-nar-2.6.0.nar-unpacked as class loader org.apache.nifi.nar.NarClassLoader[./work/nar/extensions/nifi-avro-nar-2.6.0.nar-unpacked]
2025-10-16 10:25:30,379 INFO [main] org.apache.nifi.nar.NarClassLoaders Loaded NAR file: /opt/nifi/nifi-current/./work/nar/extensions/nifi-enrich-nar-2.6.0.nar-unpacked as class loader org.apache.nifi.nar.NarClassLoader[./work/nar/extensions/nifi-enrich-nar-2.6.0.nar-unpacked]
2025-10-16 10:25:30,380 INFO [main] org.apache.nifi.nar.NarClassLoaders Loaded NAR file: /opt/nifi/nifi-current/./work/nar/extensions/nifi-lookup-services-nar-2.6.0.nar-unpacked as class loader org.apache.nifi.nar.NarClassLoader[./work/nar/extensions/nifi-lookup-services-nar-2.6.0.nar-unpacked]
2025-10-16 10:25:30,382 INFO [main] org.apache.nifi.nar.NarClassLoaders Loaded NAR file: /opt/nifi/nifi-current/./work/nar/extensions/nifi-splunk-nar-2.6.0.nar-unpacked as class loader org.apache.nifi.nar.NarClassLoader[./work/nar/extensions/nifi-splunk-nar-2.6.0.nar-unpacked]
2025-10-16 10:25:30,384 INFO [main] org.apache.nifi.nar.NarClassLoaders Loaded NAR file: /opt/nifi/nifi-current/./work/nar/extensions/nifi-zendesk-services-nar-2.6.0.nar-unpacked as class loader org.apache.nifi.nar.NarClassLoader[./work/nar/extensions/nifi-zendesk-services-nar-2.6.0.nar-unpacked]
2025-10-16 10:25:30,385 INFO [main] org.apache.nifi.nar.NarClassLoaders Loaded NAR file: /opt/nifi/nifi-current/./work/nar/extensions/nifi-hashicorp-vault-nar-2.6.0.nar-unpacked as class loader org.apache.nifi.nar.NarClassLoader[./work/nar/extensions/nifi-hashicorp-vault-nar-2.6.0.nar-unpacked]
2025-10-16 10:25:30,389 INFO [main] org.apache.nifi.nar.NarClassLoaders Loaded NAR file: /opt/nifi/nifi-current/./work/nar/extensions/nifi-distributed-cache-services-nar-2.6.0.nar-unpacked as class loader org.apache.nifi.nar.NarClassLoader[./work/nar/extensions/nifi-distributed-cache-services-nar-2.6.0.nar-unpacked]
2025-10-16 10:25:30,393 INFO [main] org.apache.nifi.nar.NarClassLoaders Loaded NAR file: /opt/nifi/nifi-current/./work/nar/extensions/nifi-slack-nar-2.6.0.nar-unpacked as class loader org.apache.nifi.nar.NarClassLoader[./work/nar/extensions/nifi-slack-nar-2.6.0.nar-unpacked]
2025-10-16 10:25:30,415 INFO [main] org.apache.nifi.nar.NarClassLoaders Loaded NAR file: /opt/nifi/nifi-current/./work/nar/extensions/nifi-kafka-3-service-nar-2.6.0.nar-unpacked as class loader org.apache.nifi.nar.NarClassLoader[./work/nar/extensions/nifi-kafka-3-service-nar-2.6.0.nar-unpacked]
2025-10-16 10:25:30,417 INFO [main] org.apache.nifi.nar.NarClassLoaders Loaded NAR file: /opt/nifi/nifi-current/./work/nar/extensions/nifi-kerberos-user-service-nar-2.6.0.nar-unpacked as class loader org.apache.nifi.nar.NarClassLoader[./work/nar/extensions/nifi-kerberos-user-service-nar-2.6.0.nar-unpacked]
2025-10-16 10:25:30,421 INFO [main] org.apache.nifi.nar.NarClassLoaders Loaded NAR file: /opt/nifi/nifi-current/./work/nar/extensions/nifi-confluent-platform-nar-2.6.0.nar-unpacked as class loader org.apache.nifi.nar.NarClassLoader[./work/nar/extensions/nifi-confluent-platform-nar-2.6.0.nar-unpacked]
2025-10-16 10:25:30,427 INFO [main] org.apache.nifi.nar.NarClassLoaders Loaded NAR file: /opt/nifi/nifi-current/./work/nar/extensions/nifi-social-media-nar-2.6.0.nar-unpacked as class loader org.apache.nifi.nar.NarClassLoader[./work/nar/extensions/nifi-social-media-nar-2.6.0.nar-unpacked]
2025-10-16 10:25:30,430 INFO [main] org.apache.nifi.nar.NarClassLoaders Loaded NAR file: /opt/nifi/nifi-current/./work/nar/extensions/nifi-opentelemetry-nar-2.6.0.nar-unpacked as class loader org.apache.nifi.nar.NarClassLoader[./work/nar/extensions/nifi-opentelemetry-nar-2.6.0.nar-unpacked]
2025-10-16 10:25:30,433 INFO [main] org.apache.nifi.nar.NarClassLoaders Loaded NAR file: /opt/nifi/nifi-current/./work/nar/extensions/nifi-elasticsearch-client-service-api-nar-2.6.0.nar-unpacked as class loader org.apache.nifi.nar.NarClassLoader[./work/nar/extensions/nifi-elasticsearch-client-service-api-nar-2.6.0.nar-unpacked]
2025-10-16 10:25:30,437 INFO [main] org.apache.nifi.nar.NarClassLoaders Loaded NAR file: /opt/nifi/nifi-current/./work/nar/extensions/nifi-py4j-nar-2.6.0.nar-unpacked as class loader org.apache.nifi.nar.NarClassLoader[./work/nar/extensions/nifi-py4j-nar-2.6.0.nar-unpacked]
2025-10-16 10:25:30,441 INFO [main] org.apache.nifi.nar.NarClassLoaders Loaded NAR file: /opt/nifi/nifi-current/./work/nar/extensions/nifi-amqp-nar-2.6.0.nar-unpacked as class loader org.apache.nifi.nar.NarClassLoader[./work/nar/extensions/nifi-amqp-nar-2.6.0.nar-unpacked]
2025-10-16 10:25:30,444 INFO [main] org.apache.nifi.nar.NarClassLoaders Loaded NAR file: /opt/nifi/nifi-current/./work/nar/extensions/nifi-salesforce-nar-2.6.0.nar-unpacked as class loader org.apache.nifi.nar.NarClassLoader[./work/nar/extensions/nifi-salesforce-nar-2.6.0.nar-unpacked]
2025-10-16 10:25:30,456 INFO [main] org.apache.nifi.nar.NarClassLoaders Loaded NAR file: /opt/nifi/nifi-current/./work/nar/extensions/nifi-websocket-services-api-nar-2.6.0.nar-unpacked as class loader org.apache.nifi.nar.NarClassLoader[./work/nar/extensions/nifi-websocket-services-api-nar-2.6.0.nar-unpacked]
2025-10-16 10:25:30,461 INFO [main] org.apache.nifi.nar.NarClassLoaders Loaded NAR file: /opt/nifi/nifi-current/./work/nar/extensions/nifi-shopify-nar-2.6.0.nar-unpacked as class loader org.apache.nifi.nar.NarClassLoader[./work/nar/extensions/nifi-shopify-nar-2.6.0.nar-unpacked]
2025-10-16 10:25:30,466 INFO [main] org.apache.nifi.nar.NarClassLoaders Loaded NAR file: /opt/nifi/nifi-current/./work/nar/extensions/nifi-geohash-nar-2.6.0.nar-unpacked as class loader org.apache.nifi.nar.NarClassLoader[./work/nar/extensions/nifi-geohash-nar-2.6.0.nar-unpacked]
2025-10-16 10:25:30,468 INFO [main] org.apache.nifi.nar.NarClassLoaders Loaded NAR file: /opt/nifi/nifi-current/./work/nar/extensions/nifi-aws-service-api-nar-2.6.0.nar-unpacked as class loader org.apache.nifi.nar.NarClassLoader[./work/nar/extensions/nifi-aws-service-api-nar-2.6.0.nar-unpacked]
2025-10-16 10:25:30,476 INFO [main] org.apache.nifi.nar.NarClassLoaders Loaded NAR file: /opt/nifi/nifi-current/./work/nar/extensions/nifi-kafka-service-aws-nar-2.6.0.nar-unpacked as class loader org.apache.nifi.nar.NarClassLoader[./work/nar/extensions/nifi-kafka-service-aws-nar-2.6.0.nar-unpacked]
2025-10-16 10:25:30,481 INFO [main] org.apache.nifi.nar.NarClassLoaders Loaded NAR file: /opt/nifi/nifi-current/./work/nar/extensions/nifi-db-schema-registry-service-nar-2.6.0.nar-unpacked as class loader org.apache.nifi.nar.NarClassLoader[./work/nar/extensions/nifi-db-schema-registry-service-nar-2.6.0.nar-unpacked]
2025-10-16 10:25:30,484 INFO [main] org.apache.nifi.nar.NarClassLoaders Loaded NAR file: /opt/nifi/nifi-current/./work/nar/extensions/nifi-dropbox-services-api-nar-2.6.0.nar-unpacked as class loader org.apache.nifi.nar.NarClassLoader[./work/nar/extensions/nifi-dropbox-services-api-nar-2.6.0.nar-unpacked]
2025-10-16 10:25:30,486 INFO [main] org.apache.nifi.nar.NarClassLoaders Loaded NAR file: /opt/nifi/nifi-current/./work/nar/extensions/nifi-flow-registry-client-nar-2.6.0.nar-unpacked as class loader org.apache.nifi.nar.NarClassLoader[./work/nar/extensions/nifi-flow-registry-client-nar-2.6.0.nar-unpacked]
2025-10-16 10:25:30,491 INFO [main] org.apache.nifi.nar.NarClassLoaders Loaded NAR file: /opt/nifi/nifi-current/./work/nar/extensions/nifi-azure-services-api-nar-2.6.0.nar-unpacked as class loader org.apache.nifi.nar.NarClassLoader[./work/nar/extensions/nifi-azure-services-api-nar-2.6.0.nar-unpacked]
2025-10-16 10:25:30,501 INFO [main] org.apache.nifi.nar.NarClassLoaders Loaded NAR file: /opt/nifi/nifi-current/./work/nar/extensions/nifi-dropbox-services-nar-2.6.0.nar-unpacked as class loader org.apache.nifi.nar.NarClassLoader[./work/nar/extensions/nifi-dropbox-services-nar-2.6.0.nar-unpacked]
2025-10-16 10:25:30,502 INFO [main] org.apache.nifi.nar.NarClassLoaders Loaded NAR file: /opt/nifi/nifi-current/./work/nar/extensions/nifi-apicurio-nar-2.6.0.nar-unpacked as class loader org.apache.nifi.nar.NarClassLoader[./work/nar/extensions/nifi-apicurio-nar-2.6.0.nar-unpacked]
2025-10-16 10:25:30,504 INFO [main] org.apache.nifi.nar.NarClassLoaders Loaded NAR file: /opt/nifi/nifi-current/./work/nar/extensions/nifi-hubspot-nar-2.6.0.nar-unpacked as class loader org.apache.nifi.nar.NarClassLoader[./work/nar/extensions/nifi-hubspot-nar-2.6.0.nar-unpacked]
2025-10-16 10:25:30,505 INFO [main] org.apache.nifi.nar.NarClassLoaders Loaded NAR file: /opt/nifi/nifi-current/./work/nar/extensions/nifi-smb-client-api-nar-2.6.0.nar-unpacked as class loader org.apache.nifi.nar.NarClassLoader[./work/nar/extensions/nifi-smb-client-api-nar-2.6.0.nar-unpacked]
2025-10-16 10:25:30,506 INFO [main] org.apache.nifi.nar.NarClassLoaders Loaded NAR file: /opt/nifi/nifi-current/./work/nar/extensions/nifi-record-sink-service-nar-2.6.0.nar-unpacked as class loader org.apache.nifi.nar.NarClassLoader[./work/nar/extensions/nifi-record-sink-service-nar-2.6.0.nar-unpacked]
2025-10-16 10:25:30,507 INFO [main] org.apache.nifi.nar.NarClassLoaders Loaded NAR file: /opt/nifi/nifi-current/./work/nar/extensions/nifi-gitlab-nar-2.6.0.nar-unpacked as class loader org.apache.nifi.nar.NarClassLoader[./work/nar/extensions/nifi-gitlab-nar-2.6.0.nar-unpacked]
2025-10-16 10:25:30,512 INFO [main] org.apache.nifi.nar.NarClassLoaders Loaded NAR file: /opt/nifi/nifi-current/./work/nar/extensions/nifi-box-nar-2.6.0.nar-unpacked as class loader org.apache.nifi.nar.NarClassLoader[./work/nar/extensions/nifi-box-nar-2.6.0.nar-unpacked]
2025-10-16 10:25:30,515 INFO [main] org.apache.nifi.nar.NarClassLoaders Loaded NAR file: /opt/nifi/nifi-current/./work/nar/extensions/nifi-scripting-nar-2.6.0.nar-unpacked as class loader org.apache.nifi.nar.NarClassLoader[./work/nar/extensions/nifi-scripting-nar-2.6.0.nar-unpacked]
2025-10-16 10:25:30,523 INFO [main] org.apache.nifi.nar.NarClassLoaders Loaded NAR file: /opt/nifi/nifi-current/./work/nar/extensions/nifi-asana-processors-nar-2.6.0.nar-unpacked as class loader org.apache.nifi.nar.NarClassLoader[./work/nar/extensions/nifi-asana-processors-nar-2.6.0.nar-unpacked]
2025-10-16 10:25:30,526 INFO [main] org.apache.nifi.nar.NarClassLoaders Loaded NAR file: /opt/nifi/nifi-current/./work/nar/extensions/nifi-atlassian-nar-2.6.0.nar-unpacked as class loader org.apache.nifi.nar.NarClassLoader[./work/nar/extensions/nifi-atlassian-nar-2.6.0.nar-unpacked]
2025-10-16 10:25:30,527 INFO [main] org.apache.nifi.nar.NarClassLoaders Loaded NAR file: /opt/nifi/nifi-current/./work/nar/extensions/nifi-jms-processors-nar-2.6.0.nar-unpacked as class loader org.apache.nifi.nar.NarClassLoader[./work/nar/extensions/nifi-jms-processors-nar-2.6.0.nar-unpacked]
2025-10-16 10:25:30,531 INFO [main] org.apache.nifi.nar.NarClassLoaders Loaded NAR file: /opt/nifi/nifi-current/./work/nar/extensions/nifi-record-serialization-services-nar-2.6.0.nar-unpacked as class loader org.apache.nifi.nar.NarClassLoader[./work/nar/extensions/nifi-record-serialization-services-nar-2.6.0.nar-unpacked]
2025-10-16 10:25:30,537 INFO [main] org.apache.nifi.nar.NarClassLoaders Loaded NAR file: /opt/nifi/nifi-current/./work/nar/extensions/nifi-elasticsearch-client-service-nar-2.6.0.nar-unpacked as class loader org.apache.nifi.nar.NarClassLoader[./work/nar/extensions/nifi-elasticsearch-client-service-nar-2.6.0.nar-unpacked]
2025-10-16 10:25:30,541 INFO [main] org.apache.nifi.nar.NarClassLoaders Loaded NAR file: /opt/nifi/nifi-current/./work/nar/extensions/nifi-redis-service-api-nar-2.6.0.nar-unpacked as class loader org.apache.nifi.nar.NarClassLoader[./work/nar/extensions/nifi-redis-service-api-nar-2.6.0.nar-unpacked]
2025-10-16 10:25:30,544 INFO [main] org.apache.nifi.nar.NarClassLoaders Loaded NAR file: /opt/nifi/nifi-current/./work/nar/extensions/nifi-smb-smbj-client-nar-2.6.0.nar-unpacked as class loader org.apache.nifi.nar.NarClassLoader[./work/nar/extensions/nifi-smb-smbj-client-nar-2.6.0.nar-unpacked]
2025-10-16 10:25:30,546 INFO [main] org.apache.nifi.nar.NarClassLoaders Loaded NAR file: /opt/nifi/nifi-current/./work/nar/extensions/nifi-pgp-nar-2.6.0.nar-unpacked as class loader org.apache.nifi.nar.NarClassLoader[./work/nar/extensions/nifi-pgp-nar-2.6.0.nar-unpacked]
2025-10-16 10:25:30,547 INFO [main] org.apache.nifi.nar.NarClassLoaders Loaded NAR file: /opt/nifi/nifi-current/./work/nar/extensions/nifi-smb-nar-2.6.0.nar-unpacked as class loader org.apache.nifi.nar.NarClassLoader[./work/nar/extensions/nifi-smb-nar-2.6.0.nar-unpacked]
2025-10-16 10:25:30,549 INFO [main] org.apache.nifi.nar.NarClassLoaders Loaded NAR file: /opt/nifi/nifi-current/./work/nar/extensions/nifi-mongodb-services-nar-2.6.0.nar-unpacked as class loader org.apache.nifi.nar.NarClassLoader[./work/nar/extensions/nifi-mongodb-services-nar-2.6.0.nar-unpacked]
2025-10-16 10:25:30,551 INFO [main] org.apache.nifi.nar.NarClassLoaders Loaded NAR file: /opt/nifi/nifi-current/./work/nar/extensions/nifi-websocket-processors-nar-2.6.0.nar-unpacked as class loader org.apache.nifi.nar.NarClassLoader[./work/nar/extensions/nifi-websocket-processors-nar-2.6.0.nar-unpacked]
2025-10-16 10:25:30,552 INFO [main] org.apache.nifi.nar.NarClassLoaders Loaded NAR file: /opt/nifi/nifi-current/./work/nar/extensions/nifi-dropbox-processors-nar-2.6.0.nar-unpacked as class loader org.apache.nifi.nar.NarClassLoader[./work/nar/extensions/nifi-dropbox-processors-nar-2.6.0.nar-unpacked]
2025-10-16 10:25:30,555 INFO [main] org.apache.nifi.nar.NarClassLoaders Loaded NAR file: /opt/nifi/nifi-current/./work/nar/extensions/nifi-websocket-services-jetty-nar-2.6.0.nar-unpacked as class loader org.apache.nifi.nar.NarClassLoader[./work/nar/extensions/nifi-websocket-services-jetty-nar-2.6.0.nar-unpacked]
2025-10-16 10:25:30,556 INFO [main] org.apache.nifi.nar.NarClassLoaders Loaded NAR file: /opt/nifi/nifi-current/./work/nar/extensions/nifi-box-services-nar-2.6.0.nar-unpacked as class loader org.apache.nifi.nar.NarClassLoader[./work/nar/extensions/nifi-box-services-nar-2.6.0.nar-unpacked]
2025-10-16 10:25:30,559 INFO [main] org.apache.nifi.nar.NarClassLoaders Loaded NAR file: /opt/nifi/nifi-current/./work/nar/extensions/nifi-aws-nar-2.6.0.nar-unpacked as class loader org.apache.nifi.nar.NarClassLoader[./work/nar/extensions/nifi-aws-nar-2.6.0.nar-unpacked]
2025-10-16 10:25:30,572 INFO [main] org.apache.nifi.nar.NarClassLoaders Loaded NAR file: /opt/nifi/nifi-current/./work/nar/extensions/nifi-elasticsearch-restapi-nar-2.6.0.nar-unpacked as class loader org.apache.nifi.nar.NarClassLoader[./work/nar/extensions/nifi-elasticsearch-restapi-nar-2.6.0.nar-unpacked]
2025-10-16 10:25:30,576 INFO [main] org.apache.nifi.nar.NarClassLoaders Loaded NAR file: /opt/nifi/nifi-current/./work/nar/extensions/nifi-azure-nar-2.6.0.nar-unpacked as class loader org.apache.nifi.nar.NarClassLoader[./work/nar/extensions/nifi-azure-nar-2.6.0.nar-unpacked]
2025-10-16 10:25:30,591 INFO [main] org.apache.nifi.nar.NarClassLoaders Loaded NAR file: /opt/nifi/nifi-current/./work/nar/extensions/nifi-redis-nar-2.6.0.nar-unpacked as class loader org.apache.nifi.nar.NarClassLoader[./work/nar/extensions/nifi-redis-nar-2.6.0.nar-unpacked]
2025-10-16 10:25:30,592 INFO [main] org.apache.nifi.nar.NarClassLoaders Found NiFiServer implementation org.apache.nifi.web.server.JettyServer in org.apache.nifi:nifi-server-nar:2.6.0
2025-10-16 10:25:30,595 INFO [main] o.a.nifi.properties.NiFiPropertiesLoader Loading Application Properties [/opt/nifi/nifi-current/conf/nifi.properties]
2025-10-16 10:25:30,663 ERROR [main] org.apache.nifi.web.server.JettyServer Failed to start Server
java.lang.IllegalStateException: Invalid port configuration in nifi.properties: Both nifi.web.https.port and nifi.web.http.port specified
	at org.apache.nifi.web.server.connector.FrameworkServerConnectorFactory.getPort(FrameworkServerConnectorFactory.java:156)
	at org.apache.nifi.web.server.connector.FrameworkServerConnectorFactory.<init>(FrameworkServerConnectorFactory.java:68)
	at org.apache.nifi.web.server.StandardServerProvider.addConnectors(StandardServerProvider.java:96)
	at org.apache.nifi.web.server.StandardServerProvider.getServer(StandardServerProvider.java:69)
	at org.apache.nifi.web.server.JettyServer.init(JettyServer.java:215)
	at org.apache.nifi.web.server.JettyServer.initialize(JettyServer.java:988)
	at org.apache.nifi.runtime.Application.startServer(Application.java:126)
	at org.apache.nifi.runtime.Application.run(Application.java:78)
	at org.apache.nifi.runtime.Application.run(Application.java:60)
	at org.apache.nifi.NiFi.main(NiFi.java:42)
2025-10-16 10:25:32,121 INFO [main] org.apache.nifi.runtime.Application Starting NiFi 2.6.0 using Java 21.0.8+12-LTS with PID 46
2025-10-16 10:25:32,123 INFO [main] o.apache.nifi.runtime.PropertiesProvider Loading Application Properties [/opt/nifi/nifi-current/conf/nifi.properties]
2025-10-16 10:25:32,127 INFO [main] org.apache.nifi.nar.NarUnpacker Expanding 112 NAR files started
2025-10-16 10:25:32,661 INFO [main] org.apache.nifi.nar.NarUnpacker Expanded 112 NAR files in 0.533 seconds (533381042 ns)
2025-10-16 10:25:32,817 INFO [main] org.apache.nifi.nar.NarClassLoaders Loaded NAR file: /opt/nifi/nifi-current/./work/nar/extensions/nifi-jetty-nar-2.6.0.nar-unpacked as class loader org.apache.nifi.nar.NarClassLoader[./work/nar/extensions/nifi-jetty-nar-2.6.0.nar-unpacked]
2025-10-16 10:25:32,821 INFO [main] org.apache.nifi.nar.NarClassLoaders Loaded NAR file: /opt/nifi/nifi-current/./work/nar/framework/nifi-framework-nar-2.6.0.nar-unpacked as class loader org.apache.nifi.nar.NarClassLoader[./work/nar/framework/nifi-framework-nar-2.6.0.nar-unpacked]
2025-10-16 10:25:32,857 INFO [main] org.apache.nifi.nar.NarClassLoaders Loaded NAR file: /opt/nifi/nifi-current/./work/nar/extensions/nifi-provenance-repository-nar-2.6.0.nar-unpacked as class loader org.apache.nifi.nar.NarClassLoader[./work/nar/extensions/nifi-provenance-repository-nar-2.6.0.nar-unpacked]
2025-10-16 10:25:32,858 INFO [main] org.apache.nifi.nar.NarClassLoaders Loaded NAR file: /opt/nifi/nifi-current/./work/nar/extensions/nifi-hl7-nar-2.6.0.nar-unpacked as class loader org.apache.nifi.nar.NarClassLoader[./work/nar/extensions/nifi-hl7-nar-2.6.0.nar-unpacked]
2025-10-16 10:25:32,870 INFO [main] org.apache.nifi.nar.NarClassLoaders Loaded NAR file: /opt/nifi/nifi-current/./work/nar/extensions/nifi-compress-nar-2.6.0.nar-unpacked as class loader org.apache.nifi.nar.NarClassLoader[./work/nar/extensions/nifi-compress-nar-2.6.0.nar-unpacked]
2025-10-16 10:25:32,872 INFO [main] org.apache.nifi.nar.NarClassLoaders Loaded NAR file: /opt/nifi/nifi-current/./work/nar/extensions/nifi-update-attribute-nar-2.6.0.nar-unpacked as class loader org.apache.nifi.nar.NarClassLoader[./work/nar/extensions/nifi-update-attribute-nar-2.6.0.nar-unpacked]
2025-10-16 10:25:32,873 INFO [main] org.apache.nifi.nar.NarClassLoaders Loaded NAR file: /opt/nifi/nifi-current/./work/nar/extensions/nifi-ldap-iaa-providers-nar-2.6.0.nar-unpacked as class loader org.apache.nifi.nar.NarClassLoader[./work/nar/extensions/nifi-ldap-iaa-providers-nar-2.6.0.nar-unpacked]
2025-10-16 10:25:32,874 INFO [main] org.apache.nifi.nar.NarClassLoaders Loaded NAR file: /opt/nifi/nifi-current/./work/nar/extensions/nifi-single-user-iaa-providers-nar-2.6.0.nar-unpacked as class loader org.apache.nifi.nar.NarClassLoader[./work/nar/extensions/nifi-single-user-iaa-providers-nar-2.6.0.nar-unpacked]
2025-10-16 10:25:32,875 INFO [main] org.apache.nifi.nar.NarClassLoaders Loaded NAR file: /opt/nifi/nifi-current/./work/nar/extensions/nifi-framework-kubernetes-nar-2.6.0.nar-unpacked as class loader org.apache.nifi.nar.NarClassLoader[./work/nar/extensions/nifi-framework-kubernetes-nar-2.6.0.nar-unpacked]
2025-10-16 10:25:32,877 INFO [main] org.apache.nifi.nar.NarClassLoaders Loaded NAR file: /opt/nifi/nifi-current/./work/nar/extensions/nifi-server-nar-2.6.0.nar-unpacked as class loader org.apache.nifi.nar.NarClassLoader[./work/nar/extensions/nifi-server-nar-2.6.0.nar-unpacked]
2025-10-16 10:25:32,885 INFO [main] org.apache.nifi.nar.NarClassLoaders Loaded NAR file: /opt/nifi/nifi-current/./work/nar/extensions/nifi-standard-services-api-nar-2.6.0.nar-unpacked as class loader org.apache.nifi.nar.NarClassLoader[./work/nar/extensions/nifi-standard-services-api-nar-2.6.0.nar-unpacked]
2025-10-16 10:25:32,887 INFO [main] org.apache.nifi.nar.NarClassLoaders Loaded NAR file: /opt/nifi/nifi-current/./work/nar/extensions/nifi-email-nar-2.6.0.nar-unpacked as class loader org.apache.nifi.nar.NarClassLoader[./work/nar/extensions/nifi-email-nar-2.6.0.nar-unpacked]
2025-10-16 10:25:32,888 INFO [main] org.apache.nifi.nar.NarClassLoaders Loaded NAR file: /opt/nifi/nifi-current/./work/nar/extensions/nifi-dbcp-service-nar-2.6.0.nar-unpacked as class loader org.apache.nifi.nar.NarClassLoader[./work/nar/extensions/nifi-dbcp-service-nar-2.6.0.nar-unpacked]
2025-10-16 10:25:32,889 INFO [main] org.apache.nifi.nar.NarClassLoaders Loaded NAR file: /opt/nifi/nifi-current/./work/nar/extensions/nifi-kerberos-iaa-providers-nar-2.6.0.nar-unpacked as class loader org.apache.nifi.nar.NarClassLoader[./work/nar/extensions/nifi-kerberos-iaa-providers-nar-2.6.0.nar-unpacked]
2025-10-16 10:25:32,890 INFO [main] org.apache.nifi.nar.NarClassLoaders Loaded NAR file: /opt/nifi/nifi-current/./work/nar/extensions/nifi-evtx-nar-2.6.0.nar-unpacked as class loader org.apache.nifi.nar.NarClassLoader[./work/nar/extensions/nifi-evtx-nar-2.6.0.nar-unpacked]
2025-10-16 10:25:32,891 INFO [main] org.apache.nifi.nar.NarClassLoaders Loaded NAR file: /opt/nifi/nifi-current/./work/nar/extensions/nifi-stateful-analysis-nar-2.6.0.nar-unpacked as class loader org.apache.nifi.nar.NarClassLoader[./work/nar/extensions/nifi-stateful-analysis-nar-2.6.0.nar-unpacked]
2025-10-16 10:25:32,891 INFO [main] org.apache.nifi.nar.NarClassLoaders Loaded NAR file: /opt/nifi/nifi-current/./work/nar/extensions/nifi-file-resource-service-nar-2.6.0.nar-unpacked as class loader org.apache.nifi.nar.NarClassLoader[./work/nar/extensions/nifi-file-resource-service-nar-2.6.0.nar-unpacked]
2025-10-16 10:25:32,892 INFO [main] org.apache.nifi.nar.NarClassLoaders Loaded NAR file: /opt/nifi/nifi-current/./work/nar/extensions/nifi-standard-shared-nar-2.6.0.nar-unpacked as class loader org.apache.nifi.nar.NarClassLoader[./work/nar/extensions/nifi-standard-shared-nar-2.6.0.nar-unpacked]
2025-10-16 10:25:32,903 INFO [main] org.apache.nifi.nar.NarClassLoaders Loaded NAR file: /opt/nifi/nifi-current/./work/nar/extensions/nifi-gcp-services-api-nar-2.6.0.nar-unpacked as class loader org.apache.nifi.nar.NarClassLoader[./work/nar/extensions/nifi-gcp-services-api-nar-2.6.0.nar-unpacked]
2025-10-16 10:25:32,904 INFO [main] org.apache.nifi.nar.NarClassLoaders Loaded NAR file: /opt/nifi/nifi-current/./work/nar/extensions/nifi-database-dialect-service-nar-2.6.0.nar-unpacked as class loader org.apache.nifi.nar.NarClassLoader[./work/nar/extensions/nifi-database-dialect-service-nar-2.6.0.nar-unpacked]
2025-10-16 10:25:32,904 INFO [main] org.apache.nifi.nar.NarClassLoaders Loaded NAR file: /opt/nifi/nifi-current/./work/nar/extensions/nifi-poi-nar-2.6.0.nar-unpacked as class loader org.apache.nifi.nar.NarClassLoader[./work/nar/extensions/nifi-poi-nar-2.6.0.nar-unpacked]
2025-10-16 10:25:32,907 INFO [main] org.apache.nifi.nar.NarClassLoaders Loaded NAR file: /opt/nifi/nifi-current/./work/nar/extensions/nifi-key-service-nar-2.6.0.nar-unpacked as class loader org.apache.nifi.nar.NarClassLoader[./work/nar/extensions/nifi-key-service-nar-2.6.0.nar-unpacked]
2025-10-16 10:25:32,907 INFO [main] org.apache.nifi.nar.NarClassLoaders Loaded NAR file: /opt/nifi/nifi-current/./work/nar/extensions/nifi-asana-services-api-nar-2.6.0.nar-unpacked as class loader org.apache.nifi.nar.NarClassLoader[./work/nar/extensions/nifi-asana-services-api-nar-2.6.0.nar-unpacked]
2025-10-16 10:25:32,923 INFO [main] org.apache.nifi.nar.NarClassLoaders Loaded NAR file: /opt/nifi/nifi-current/./work/nar/extensions/nifi-snmp-nar-2.6.0.nar-unpacked as class loader org.apache.nifi.nar.NarClassLoader[./work/nar/extensions/nifi-snmp-nar-2.6.0.nar-unpacked]
2025-10-16 10:25:32,924 INFO [main] org.apache.nifi.nar.NarClassLoaders Loaded NAR file: /opt/nifi/nifi-current/./work/nar/extensions/nifi-framework-zookeeper-nar-2.6.0.nar-unpacked as class loader org.apache.nifi.nar.NarClassLoader[./work/nar/extensions/nifi-framework-zookeeper-nar-2.6.0.nar-unpacked]
2025-10-16 10:25:32,925 INFO [main] org.apache.nifi.nar.NarClassLoaders Loaded NAR file: /opt/nifi/nifi-current/./work/nar/extensions/nifi-ssl-context-service-nar-2.6.0.nar-unpacked as class loader org.apache.nifi.nar.NarClassLoader[./work/nar/extensions/nifi-ssl-context-service-nar-2.6.0.nar-unpacked]
2025-10-16 10:25:32,926 INFO [main] org.apache.nifi.nar.NarClassLoaders Loaded NAR file: /opt/nifi/nifi-current/./work/nar/extensions/nifi-web-client-provider-service-nar-2.6.0.nar-unpacked as class loader org.apache.nifi.nar.NarClassLoader[./work/nar/extensions/nifi-web-client-provider-service-nar-2.6.0.nar-unpacked]
2025-10-16 10:25:32,926 INFO [main] org.apache.nifi.nar.NarClassLoaders Loaded NAR file: /opt/nifi/nifi-current/./work/nar/extensions/nifi-network-processors-nar-2.6.0.nar-unpacked as class loader org.apache.nifi.nar.NarClassLoader[./work/nar/extensions/nifi-network-processors-nar-2.6.0.nar-unpacked]
2025-10-16 10:25:32,926 INFO [main] org.apache.nifi.nar.NarClassLoaders Loaded NAR file: /opt/nifi/nifi-current/./work/nar/extensions/nifi-kafka-service-api-nar-2.6.0.nar-unpacked as class loader org.apache.nifi.nar.NarClassLoader[./work/nar/extensions/nifi-kafka-service-api-nar-2.6.0.nar-unpacked]
2025-10-16 10:25:32,927 INFO [main] org.apache.nifi.nar.NarClassLoaders Loaded NAR file: /opt/nifi/nifi-current/./work/nar/extensions/nifi-windows-event-log-nar-2.6.0.nar-unpacked as class loader org.apache.nifi.nar.NarClassLoader[./work/nar/extensions/nifi-windows-event-log-nar-2.6.0.nar-unpacked]
2025-10-16 10:25:32,928 INFO [main] org.apache.nifi.nar.NarClassLoaders Loaded NAR file: /opt/nifi/nifi-current/./work/nar/extensions/nifi-gcp-nar-2.6.0.nar-unpacked as class loader org.apache.nifi.nar.NarClassLoader[./work/nar/extensions/nifi-gcp-nar-2.6.0.nar-unpacked]
2025-10-16 10:25:32,941 INFO [main] org.apache.nifi.nar.NarClassLoaders Loaded NAR file: /opt/nifi/nifi-current/./work/nar/extensions/nifi-hashicorp-vault-client-service-api-nar-2.6.0.nar-unpacked as class loader org.apache.nifi.nar.NarClassLoader[./work/nar/extensions/nifi-hashicorp-vault-client-service-api-nar-2.6.0.nar-unpacked]
2025-10-16 10:25:32,942 INFO [main] org.apache.nifi.nar.NarClassLoaders Loaded NAR file: /opt/nifi/nifi-current/./work/nar/extensions/nifi-registry-nar-2.6.0.nar-unpacked as class loader org.apache.nifi.nar.NarClassLoader[./work/nar/extensions/nifi-registry-nar-2.6.0.nar-unpacked]
2025-10-16 10:25:32,943 INFO [main] org.apache.nifi.nar.NarClassLoaders Loaded NAR file: /opt/nifi/nifi-current/./work/nar/extensions/nifi-protobuf-services-nar-2.6.0.nar-unpacked as class loader org.apache.nifi.nar.NarClassLoader[./work/nar/extensions/nifi-protobuf-services-nar-2.6.0.nar-unpacked]
2025-10-16 10:25:32,944 INFO [main] org.apache.nifi.nar.NarClassLoaders Loaded NAR file: /opt/nifi/nifi-current/./work/nar/extensions/nifi-asana-services-nar-2.6.0.nar-unpacked as class loader org.apache.nifi.nar.NarClassLoader[./work/nar/extensions/nifi-asana-services-nar-2.6.0.nar-unpacked]
2025-10-16 10:25:32,944 INFO [main] org.apache.nifi.nar.NarClassLoaders Loaded NAR file: /opt/nifi/nifi-current/./work/nar/extensions/nifi-site-to-site-reporting-nar-2.6.0.nar-unpacked as class loader org.apache.nifi.nar.NarClassLoader[./work/nar/extensions/nifi-site-to-site-reporting-nar-2.6.0.nar-unpacked]
2025-10-16 10:25:32,945 INFO [main] org.apache.nifi.nar.NarClassLoaders Loaded NAR file: /opt/nifi/nifi-current/./work/nar/extensions/nifi-zendesk-nar-2.6.0.nar-unpacked as class loader org.apache.nifi.nar.NarClassLoader[./work/nar/extensions/nifi-zendesk-nar-2.6.0.nar-unpacked]
2025-10-16 10:25:32,946 INFO [main] org.apache.nifi.nar.NarClassLoaders Loaded NAR file: /opt/nifi/nifi-current/./work/nar/extensions/nifi-cipher-nar-2.6.0.nar-unpacked as class loader org.apache.nifi.nar.NarClassLoader[./work/nar/extensions/nifi-cipher-nar-2.6.0.nar-unpacked]
2025-10-16 10:25:32,946 INFO [main] org.apache.nifi.nar.NarClassLoaders Loaded NAR file: /opt/nifi/nifi-current/./work/nar/extensions/nifi-jms-cf-service-nar-2.6.0.nar-unpacked as class loader org.apache.nifi.nar.NarClassLoader[./work/nar/extensions/nifi-jms-cf-service-nar-2.6.0.nar-unpacked]
2025-10-16 10:25:32,946 INFO [main] org.apache.nifi.nar.NarClassLoaders Loaded NAR file: /opt/nifi/nifi-current/./work/nar/extensions/nifi-jolt-nar-2.6.0.nar-unpacked as class loader org.apache.nifi.nar.NarClassLoader[./work/nar/extensions/nifi-jolt-nar-2.6.0.nar-unpacked]
2025-10-16 10:25:32,947 INFO [main] org.apache.nifi.nar.NarClassLoaders Loaded NAR file: /opt/nifi/nifi-current/./work/nar/extensions/nifi-hazelcast-services-api-nar-2.6.0.nar-unpacked as class loader org.apache.nifi.nar.NarClassLoader[./work/nar/extensions/nifi-hazelcast-services-api-nar-2.6.0.nar-unpacked]
2025-10-16 10:25:32,947 INFO [main] org.apache.nifi.nar.NarClassLoaders Loaded NAR file: /opt/nifi/nifi-current/./work/nar/extensions/nifi-pgp-service-api-nar-2.6.0.nar-unpacked as class loader org.apache.nifi.nar.NarClassLoader[./work/nar/extensions/nifi-pgp-service-api-nar-2.6.0.nar-unpacked]
2025-10-16 10:25:32,947 INFO [main] org.apache.nifi.nar.NarClassLoaders Loaded NAR file: /opt/nifi/nifi-current/./work/nar/extensions/nifi-proxy-configuration-nar-2.6.0.nar-unpacked as class loader org.apache.nifi.nar.NarClassLoader[./work/nar/extensions/nifi-proxy-configuration-nar-2.6.0.nar-unpacked]
2025-10-16 10:25:32,948 INFO [main] org.apache.nifi.nar.NarClassLoaders Loaded NAR file: /opt/nifi/nifi-current/./work/nar/extensions/nifi-airtable-nar-2.6.0.nar-unpacked as class loader org.apache.nifi.nar.NarClassLoader[./work/nar/extensions/nifi-airtable-nar-2.6.0.nar-unpacked]
2025-10-16 10:25:32,948 INFO [main] org.apache.nifi.nar.NarClassLoaders Loaded NAR file: /opt/nifi/nifi-current/./work/nar/extensions/nifi-github-nar-2.6.0.nar-unpacked as class loader org.apache.nifi.nar.NarClassLoader[./work/nar/extensions/nifi-github-nar-2.6.0.nar-unpacked]
2025-10-16 10:25:32,949 INFO [main] org.apache.nifi.nar.NarClassLoaders Loaded NAR file: /opt/nifi/nifi-current/./work/nar/extensions/nifi-oauth2-provider-nar-2.6.0.nar-unpacked as class loader org.apache.nifi.nar.NarClassLoader[./work/nar/extensions/nifi-oauth2-provider-nar-2.6.0.nar-unpacked]
2025-10-16 10:25:32,950 INFO [main] org.apache.nifi.nar.NarClassLoaders Loaded NAR file: /opt/nifi/nifi-current/./work/nar/extensions/nifi-workday-processors-nar-2.6.0.nar-unpacked as class loader org.apache.nifi.nar.NarClassLoader[./work/nar/extensions/nifi-workday-processors-nar-2.6.0.nar-unpacked]
2025-10-16 10:25:32,950 INFO [main] org.apache.nifi.nar.NarClassLoaders Loaded NAR file: /opt/nifi/nifi-current/./work/nar/extensions/nifi-mongodb-client-service-api-nar-2.6.0.nar-unpacked as class loader org.apache.nifi.nar.NarClassLoader[./work/nar/extensions/nifi-mongodb-client-service-api-nar-2.6.0.nar-unpacked]
2025-10-16 10:25:32,951 INFO [main] org.apache.nifi.nar.NarClassLoaders Loaded NAR file: /opt/nifi/nifi-current/./work/nar/extensions/nifi-groovyx-nar-2.6.0.nar-unpacked as class loader org.apache.nifi.nar.NarClassLoader[./work/nar/extensions/nifi-groovyx-nar-2.6.0.nar-unpacked]
2025-10-16 10:25:32,953 INFO [main] org.apache.nifi.nar.NarClassLoaders Loaded NAR file: /opt/nifi/nifi-current/./work/nar/extensions/nifi-hazelcast-services-nar-2.6.0.nar-unpacked as class loader org.apache.nifi.nar.NarClassLoader[./work/nar/extensions/nifi-hazelcast-services-nar-2.6.0.nar-unpacked]
2025-10-16 10:25:32,954 INFO [main] org.apache.nifi.nar.NarClassLoaders Loaded NAR file: /opt/nifi/nifi-current/./work/nar/extensions/nifi-mqtt-nar-2.6.0.nar-unpacked as class loader org.apache.nifi.nar.NarClassLoader[./work/nar/extensions/nifi-mqtt-nar-2.6.0.nar-unpacked]
2025-10-16 10:25:32,954 INFO [main] org.apache.nifi.nar.NarClassLoaders Loaded NAR file: /opt/nifi/nifi-current/./work/nar/extensions/nifi-cdc-mysql-nar-2.6.0.nar-unpacked as class loader org.apache.nifi.nar.NarClassLoader[./work/nar/extensions/nifi-cdc-mysql-nar-2.6.0.nar-unpacked]
2025-10-16 10:25:32,955 INFO [main] org.apache.nifi.nar.NarClassLoaders Loaded NAR file: /opt/nifi/nifi-current/./work/nar/extensions/nifi-jslt-nar-2.6.0.nar-unpacked as class loader org.apache.nifi.nar.NarClassLoader[./work/nar/extensions/nifi-jslt-nar-2.6.0.nar-unpacked]
2025-10-16 10:25:32,955 INFO [main] org.apache.nifi.nar.NarClassLoaders Loaded NAR file: /opt/nifi/nifi-current/./work/nar/extensions/nifi-kafka-nar-2.6.0.nar-unpacked as class loader org.apache.nifi.nar.NarClassLoader[./work/nar/extensions/nifi-kafka-nar-2.6.0.nar-unpacked]
2025-10-16 10:25:32,955 INFO [main] org.apache.nifi.nar.NarClassLoaders Loaded NAR file: /opt/nifi/nifi-current/./work/nar/extensions/nifi-mongodb-nar-2.6.0.nar-unpacked as class loader org.apache.nifi.nar.NarClassLoader[./work/nar/extensions/nifi-mongodb-nar-2.6.0.nar-unpacked]
2025-10-16 10:25:32,956 INFO [main] org.apache.nifi.nar.NarClassLoaders Loaded NAR file: /opt/nifi/nifi-current/./work/nar/extensions/nifi-pgp-service-nar-2.6.0.nar-unpacked as class loader org.apache.nifi.nar.NarClassLoader[./work/nar/extensions/nifi-pgp-service-nar-2.6.0.nar-unpacked]
2025-10-16 10:25:32,956 INFO [main] org.apache.nifi.nar.NarClassLoaders Loaded NAR file: /opt/nifi/nifi-current/./work/nar/extensions/nifi-standard-content-viewer-nar-2.6.0.nar-unpacked as class loader org.apache.nifi.nar.NarClassLoader[./work/nar/extensions/nifi-standard-content-viewer-nar-2.6.0.nar-unpacked]
2025-10-16 10:25:32,957 INFO [main] org.apache.nifi.nar.NarClassLoaders Loaded NAR file: /opt/nifi/nifi-current/./work/nar/extensions/nifi-standard-nar-2.6.0.nar-unpacked as class loader org.apache.nifi.nar.NarClassLoader[./work/nar/extensions/nifi-standard-nar-2.6.0.nar-unpacked]
2025-10-16 10:25:32,965 INFO [main] org.apache.nifi.nar.NarClassLoaders Loaded NAR file: /opt/nifi/nifi-current/./work/nar/extensions/nifi-box-services-api-nar-2.6.0.nar-unpacked as class loader org.apache.nifi.nar.NarClassLoader[./work/nar/extensions/nifi-box-services-api-nar-2.6.0.nar-unpacked]
2025-10-16 10:25:32,965 INFO [main] org.apache.nifi.nar.NarClassLoaders Loaded NAR file: /opt/nifi/nifi-current/./work/nar/extensions/nifi-http-context-map-nar-2.6.0.nar-unpacked as class loader org.apache.nifi.nar.NarClassLoader[./work/nar/extensions/nifi-http-context-map-nar-2.6.0.nar-unpacked]
2025-10-16 10:25:32,965 INFO [main] org.apache.nifi.nar.NarClassLoaders Loaded NAR file: /opt/nifi/nifi-current/./work/nar/extensions/nifi-avro-nar-2.6.0.nar-unpacked as class loader org.apache.nifi.nar.NarClassLoader[./work/nar/extensions/nifi-avro-nar-2.6.0.nar-unpacked]
2025-10-16 10:25:32,966 INFO [main] org.apache.nifi.nar.NarClassLoaders Loaded NAR file: /opt/nifi/nifi-current/./work/nar/extensions/nifi-enrich-nar-2.6.0.nar-unpacked as class loader org.apache.nifi.nar.NarClassLoader[./work/nar/extensions/nifi-enrich-nar-2.6.0.nar-unpacked]
2025-10-16 10:25:32,966 INFO [main] org.apache.nifi.nar.NarClassLoaders Loaded NAR file: /opt/nifi/nifi-current/./work/nar/extensions/nifi-lookup-services-nar-2.6.0.nar-unpacked as class loader org.apache.nifi.nar.NarClassLoader[./work/nar/extensions/nifi-lookup-services-nar-2.6.0.nar-unpacked]
2025-10-16 10:25:32,967 INFO [main] org.apache.nifi.nar.NarClassLoaders Loaded NAR file: /opt/nifi/nifi-current/./work/nar/extensions/nifi-splunk-nar-2.6.0.nar-unpacked as class loader org.apache.nifi.nar.NarClassLoader[./work/nar/extensions/nifi-splunk-nar-2.6.0.nar-unpacked]
2025-10-16 10:25:32,968 INFO [main] org.apache.nifi.nar.NarClassLoaders Loaded NAR file: /opt/nifi/nifi-current/./work/nar/extensions/nifi-zendesk-services-nar-2.6.0.nar-unpacked as class loader org.apache.nifi.nar.NarClassLoader[./work/nar/extensions/nifi-zendesk-services-nar-2.6.0.nar-unpacked]
2025-10-16 10:25:32,968 INFO [main] org.apache.nifi.nar.NarClassLoaders Loaded NAR file: /opt/nifi/nifi-current/./work/nar/extensions/nifi-hashicorp-vault-nar-2.6.0.nar-unpacked as class loader org.apache.nifi.nar.NarClassLoader[./work/nar/extensions/nifi-hashicorp-vault-nar-2.6.0.nar-unpacked]
2025-10-16 10:25:32,970 INFO [main] org.apache.nifi.nar.NarClassLoaders Loaded NAR file: /opt/nifi/nifi-current/./work/nar/extensions/nifi-distributed-cache-services-nar-2.6.0.nar-unpacked as class loader org.apache.nifi.nar.NarClassLoader[./work/nar/extensions/nifi-distributed-cache-services-nar-2.6.0.nar-unpacked]
2025-10-16 10:25:32,971 INFO [main] org.apache.nifi.nar.NarClassLoaders Loaded NAR file: /opt/nifi/nifi-current/./work/nar/extensions/nifi-slack-nar-2.6.0.nar-unpacked as class loader org.apache.nifi.nar.NarClassLoader[./work/nar/extensions/nifi-slack-nar-2.6.0.nar-unpacked]
2025-10-16 10:25:32,984 INFO [main] org.apache.nifi.nar.NarClassLoaders Loaded NAR file: /opt/nifi/nifi-current/./work/nar/extensions/nifi-kafka-3-service-nar-2.6.0.nar-unpacked as class loader org.apache.nifi.nar.NarClassLoader[./work/nar/extensions/nifi-kafka-3-service-nar-2.6.0.nar-unpacked]
2025-10-16 10:25:32,984 INFO [main] org.apache.nifi.nar.NarClassLoaders Loaded NAR file: /opt/nifi/nifi-current/./work/nar/extensions/nifi-kerberos-user-service-nar-2.6.0.nar-unpacked as class loader org.apache.nifi.nar.NarClassLoader[./work/nar/extensions/nifi-kerberos-user-service-nar-2.6.0.nar-unpacked]
2025-10-16 10:25:32,985 INFO [main] org.apache.nifi.nar.NarClassLoaders Loaded NAR file: /opt/nifi/nifi-current/./work/nar/extensions/nifi-confluent-platform-nar-2.6.0.nar-unpacked as class loader org.apache.nifi.nar.NarClassLoader[./work/nar/extensions/nifi-confluent-platform-nar-2.6.0.nar-unpacked]
2025-10-16 10:25:32,988 INFO [main] org.apache.nifi.nar.NarClassLoaders Loaded NAR file: /opt/nifi/nifi-current/./work/nar/extensions/nifi-social-media-nar-2.6.0.nar-unpacked as class loader org.apache.nifi.nar.NarClassLoader[./work/nar/extensions/nifi-social-media-nar-2.6.0.nar-unpacked]
2025-10-16 10:25:32,989 INFO [main] org.apache.nifi.nar.NarClassLoaders Loaded NAR file: /opt/nifi/nifi-current/./work/nar/extensions/nifi-opentelemetry-nar-2.6.0.nar-unpacked as class loader org.apache.nifi.nar.NarClassLoader[./work/nar/extensions/nifi-opentelemetry-nar-2.6.0.nar-unpacked]
2025-10-16 10:25:32,991 INFO [main] org.apache.nifi.nar.NarClassLoaders Loaded NAR file: /opt/nifi/nifi-current/./work/nar/extensions/nifi-elasticsearch-client-service-api-nar-2.6.0.nar-unpacked as class loader org.apache.nifi.nar.NarClassLoader[./work/nar/extensions/nifi-elasticsearch-client-service-api-nar-2.6.0.nar-unpacked]
2025-10-16 10:25:32,991 INFO [main] org.apache.nifi.nar.NarClassLoaders Loaded NAR file: /opt/nifi/nifi-current/./work/nar/extensions/nifi-py4j-nar-2.6.0.nar-unpacked as class loader org.apache.nifi.nar.NarClassLoader[./work/nar/extensions/nifi-py4j-nar-2.6.0.nar-unpacked]
2025-10-16 10:25:32,992 INFO [main] org.apache.nifi.nar.NarClassLoaders Loaded NAR file: /opt/nifi/nifi-current/./work/nar/extensions/nifi-amqp-nar-2.6.0.nar-unpacked as class loader org.apache.nifi.nar.NarClassLoader[./work/nar/extensions/nifi-amqp-nar-2.6.0.nar-unpacked]
2025-10-16 10:25:32,993 INFO [main] org.apache.nifi.nar.NarClassLoaders Loaded NAR file: /opt/nifi/nifi-current/./work/nar/extensions/nifi-salesforce-nar-2.6.0.nar-unpacked as class loader org.apache.nifi.nar.NarClassLoader[./work/nar/extensions/nifi-salesforce-nar-2.6.0.nar-unpacked]
2025-10-16 10:25:32,994 INFO [main] org.apache.nifi.nar.NarClassLoaders Loaded NAR file: /opt/nifi/nifi-current/./work/nar/extensions/nifi-websocket-services-api-nar-2.6.0.nar-unpacked as class loader org.apache.nifi.nar.NarClassLoader[./work/nar/extensions/nifi-websocket-services-api-nar-2.6.0.nar-unpacked]
2025-10-16 10:25:32,998 INFO [main] org.apache.nifi.nar.NarClassLoaders Loaded NAR file: /opt/nifi/nifi-current/./work/nar/extensions/nifi-shopify-nar-2.6.0.nar-unpacked as class loader org.apache.nifi.nar.NarClassLoader[./work/nar/extensions/nifi-shopify-nar-2.6.0.nar-unpacked]
2025-10-16 10:25:32,998 INFO [main] org.apache.nifi.nar.NarClassLoaders Loaded NAR file: /opt/nifi/nifi-current/./work/nar/extensions/nifi-geohash-nar-2.6.0.nar-unpacked as class loader org.apache.nifi.nar.NarClassLoader[./work/nar/extensions/nifi-geohash-nar-2.6.0.nar-unpacked]
2025-10-16 10:25:32,999 INFO [main] org.apache.nifi.nar.NarClassLoaders Loaded NAR file: /opt/nifi/nifi-current/./work/nar/extensions/nifi-aws-service-api-nar-2.6.0.nar-unpacked as class loader org.apache.nifi.nar.NarClassLoader[./work/nar/extensions/nifi-aws-service-api-nar-2.6.0.nar-unpacked]
2025-10-16 10:25:33,001 INFO [main] org.apache.nifi.nar.NarClassLoaders Loaded NAR file: /opt/nifi/nifi-current/./work/nar/extensions/nifi-kafka-service-aws-nar-2.6.0.nar-unpacked as class loader org.apache.nifi.nar.NarClassLoader[./work/nar/extensions/nifi-kafka-service-aws-nar-2.6.0.nar-unpacked]
2025-10-16 10:25:33,007 INFO [main] org.apache.nifi.nar.NarClassLoaders Loaded NAR file: /opt/nifi/nifi-current/./work/nar/extensions/nifi-db-schema-registry-service-nar-2.6.0.nar-unpacked as class loader org.apache.nifi.nar.NarClassLoader[./work/nar/extensions/nifi-db-schema-registry-service-nar-2.6.0.nar-unpacked]
2025-10-16 10:25:33,008 INFO [main] org.apache.nifi.nar.NarClassLoaders Loaded NAR file: /opt/nifi/nifi-current/./work/nar/extensions/nifi-dropbox-services-api-nar-2.6.0.nar-unpacked as class loader org.apache.nifi.nar.NarClassLoader[./work/nar/extensions/nifi-dropbox-services-api-nar-2.6.0.nar-unpacked]
2025-10-16 10:25:33,008 INFO [main] org.apache.nifi.nar.NarClassLoaders Loaded NAR file: /opt/nifi/nifi-current/./work/nar/extensions/nifi-flow-registry-client-nar-2.6.0.nar-unpacked as class loader org.apache.nifi.nar.NarClassLoader[./work/nar/extensions/nifi-flow-registry-client-nar-2.6.0.nar-unpacked]
2025-10-16 10:25:33,012 INFO [main] org.apache.nifi.nar.NarClassLoaders Loaded NAR file: /opt/nifi/nifi-current/./work/nar/extensions/nifi-azure-services-api-nar-2.6.0.nar-unpacked as class loader org.apache.nifi.nar.NarClassLoader[./work/nar/extensions/nifi-azure-services-api-nar-2.6.0.nar-unpacked]
2025-10-16 10:25:33,015 INFO [main] org.apache.nifi.nar.NarClassLoaders Loaded NAR file: /opt/nifi/nifi-current/./work/nar/extensions/nifi-dropbox-services-nar-2.6.0.nar-unpacked as class loader org.apache.nifi.nar.NarClassLoader[./work/nar/extensions/nifi-dropbox-services-nar-2.6.0.nar-unpacked]
2025-10-16 10:25:33,016 INFO [main] org.apache.nifi.nar.NarClassLoaders Loaded NAR file: /opt/nifi/nifi-current/./work/nar/extensions/nifi-apicurio-nar-2.6.0.nar-unpacked as class loader org.apache.nifi.nar.NarClassLoader[./work/nar/extensions/nifi-apicurio-nar-2.6.0.nar-unpacked]
2025-10-16 10:25:33,016 INFO [main] org.apache.nifi.nar.NarClassLoaders Loaded NAR file: /opt/nifi/nifi-current/./work/nar/extensions/nifi-hubspot-nar-2.6.0.nar-unpacked as class loader org.apache.nifi.nar.NarClassLoader[./work/nar/extensions/nifi-hubspot-nar-2.6.0.nar-unpacked]
2025-10-16 10:25:33,016 INFO [main] org.apache.nifi.nar.NarClassLoaders Loaded NAR file: /opt/nifi/nifi-current/./work/nar/extensions/nifi-smb-client-api-nar-2.6.0.nar-unpacked as class loader org.apache.nifi.nar.NarClassLoader[./work/nar/extensions/nifi-smb-client-api-nar-2.6.0.nar-unpacked]
2025-10-16 10:25:33,017 INFO [main] org.apache.nifi.nar.NarClassLoaders Loaded NAR file: /opt/nifi/nifi-current/./work/nar/extensions/nifi-record-sink-service-nar-2.6.0.nar-unpacked as class loader org.apache.nifi.nar.NarClassLoader[./work/nar/extensions/nifi-record-sink-service-nar-2.6.0.nar-unpacked]
2025-10-16 10:25:33,017 INFO [main] org.apache.nifi.nar.NarClassLoaders Loaded NAR file: /opt/nifi/nifi-current/./work/nar/extensions/nifi-gitlab-nar-2.6.0.nar-unpacked as class loader org.apache.nifi.nar.NarClassLoader[./work/nar/extensions/nifi-gitlab-nar-2.6.0.nar-unpacked]
2025-10-16 10:25:33,021 INFO [main] org.apache.nifi.nar.NarClassLoaders Loaded NAR file: /opt/nifi/nifi-current/./work/nar/extensions/nifi-box-nar-2.6.0.nar-unpacked as class loader org.apache.nifi.nar.NarClassLoader[./work/nar/extensions/nifi-box-nar-2.6.0.nar-unpacked]
2025-10-16 10:25:33,021 INFO [main] org.apache.nifi.nar.NarClassLoaders Loaded NAR file: /opt/nifi/nifi-current/./work/nar/extensions/nifi-scripting-nar-2.6.0.nar-unpacked as class loader org.apache.nifi.nar.NarClassLoader[./work/nar/extensions/nifi-scripting-nar-2.6.0.nar-unpacked]
2025-10-16 10:25:33,030 INFO [main] org.apache.nifi.nar.NarClassLoaders Loaded NAR file: /opt/nifi/nifi-current/./work/nar/extensions/nifi-asana-processors-nar-2.6.0.nar-unpacked as class loader org.apache.nifi.nar.NarClassLoader[./work/nar/extensions/nifi-asana-processors-nar-2.6.0.nar-unpacked]
2025-10-16 10:25:33,030 INFO [main] org.apache.nifi.nar.NarClassLoaders Loaded NAR file: /opt/nifi/nifi-current/./work/nar/extensions/nifi-atlassian-nar-2.6.0.nar-unpacked as class loader org.apache.nifi.nar.NarClassLoader[./work/nar/extensions/nifi-atlassian-nar-2.6.0.nar-unpacked]
2025-10-16 10:25:33,031 INFO [main] org.apache.nifi.nar.NarClassLoaders Loaded NAR file: /opt/nifi/nifi-current/./work/nar/extensions/nifi-jms-processors-nar-2.6.0.nar-unpacked as class loader org.apache.nifi.nar.NarClassLoader[./work/nar/extensions/nifi-jms-processors-nar-2.6.0.nar-unpacked]
2025-10-16 10:25:33,032 INFO [main] org.apache.nifi.nar.NarClassLoaders Loaded NAR file: /opt/nifi/nifi-current/./work/nar/extensions/nifi-record-serialization-services-nar-2.6.0.nar-unpacked as class loader org.apache.nifi.nar.NarClassLoader[./work/nar/extensions/nifi-record-serialization-services-nar-2.6.0.nar-unpacked]
2025-10-16 10:25:33,034 INFO [main] org.apache.nifi.nar.NarClassLoaders Loaded NAR file: /opt/nifi/nifi-current/./work/nar/extensions/nifi-elasticsearch-client-service-nar-2.6.0.nar-unpacked as class loader org.apache.nifi.nar.NarClassLoader[./work/nar/extensions/nifi-elasticsearch-client-service-nar-2.6.0.nar-unpacked]
2025-10-16 10:25:33,036 INFO [main] org.apache.nifi.nar.NarClassLoaders Loaded NAR file: /opt/nifi/nifi-current/./work/nar/extensions/nifi-redis-service-api-nar-2.6.0.nar-unpacked as class loader org.apache.nifi.nar.NarClassLoader[./work/nar/extensions/nifi-redis-service-api-nar-2.6.0.nar-unpacked]
2025-10-16 10:25:33,037 INFO [main] org.apache.nifi.nar.NarClassLoaders Loaded NAR file: /opt/nifi/nifi-current/./work/nar/extensions/nifi-smb-smbj-client-nar-2.6.0.nar-unpacked as class loader org.apache.nifi.nar.NarClassLoader[./work/nar/extensions/nifi-smb-smbj-client-nar-2.6.0.nar-unpacked]
2025-10-16 10:25:33,038 INFO [main] org.apache.nifi.nar.NarClassLoaders Loaded NAR file: /opt/nifi/nifi-current/./work/nar/extensions/nifi-pgp-nar-2.6.0.nar-unpacked as class loader org.apache.nifi.nar.NarClassLoader[./work/nar/extensions/nifi-pgp-nar-2.6.0.nar-unpacked]
2025-10-16 10:25:33,038 INFO [main] org.apache.nifi.nar.NarClassLoaders Loaded NAR file: /opt/nifi/nifi-current/./work/nar/extensions/nifi-smb-nar-2.6.0.nar-unpacked as class loader org.apache.nifi.nar.NarClassLoader[./work/nar/extensions/nifi-smb-nar-2.6.0.nar-unpacked]
2025-10-16 10:25:33,039 INFO [main] org.apache.nifi.nar.NarClassLoaders Loaded NAR file: /opt/nifi/nifi-current/./work/nar/extensions/nifi-mongodb-services-nar-2.6.0.nar-unpacked as class loader org.apache.nifi.nar.NarClassLoader[./work/nar/extensions/nifi-mongodb-services-nar-2.6.0.nar-unpacked]
2025-10-16 10:25:33,039 INFO [main] org.apache.nifi.nar.NarClassLoaders Loaded NAR file: /opt/nifi/nifi-current/./work/nar/extensions/nifi-websocket-processors-nar-2.6.0.nar-unpacked as class loader org.apache.nifi.nar.NarClassLoader[./work/nar/extensions/nifi-websocket-processors-nar-2.6.0.nar-unpacked]
2025-10-16 10:25:33,039 INFO [main] org.apache.nifi.nar.NarClassLoaders Loaded NAR file: /opt/nifi/nifi-current/./work/nar/extensions/nifi-dropbox-processors-nar-2.6.0.nar-unpacked as class loader org.apache.nifi.nar.NarClassLoader[./work/nar/extensions/nifi-dropbox-processors-nar-2.6.0.nar-unpacked]
2025-10-16 10:25:33,041 INFO [main] org.apache.nifi.nar.NarClassLoaders Loaded NAR file: /opt/nifi/nifi-current/./work/nar/extensions/nifi-websocket-services-jetty-nar-2.6.0.nar-unpacked as class loader org.apache.nifi.nar.NarClassLoader[./work/nar/extensions/nifi-websocket-services-jetty-nar-2.6.0.nar-unpacked]
2025-10-16 10:25:33,042 INFO [main] org.apache.nifi.nar.NarClassLoaders Loaded NAR file: /opt/nifi/nifi-current/./work/nar/extensions/nifi-box-services-nar-2.6.0.nar-unpacked as class loader org.apache.nifi.nar.NarClassLoader[./work/nar/extensions/nifi-box-services-nar-2.6.0.nar-unpacked]
2025-10-16 10:25:33,043 INFO [main] org.apache.nifi.nar.NarClassLoaders Loaded NAR file: /opt/nifi/nifi-current/./work/nar/extensions/nifi-aws-nar-2.6.0.nar-unpacked as class loader org.apache.nifi.nar.NarClassLoader[./work/nar/extensions/nifi-aws-nar-2.6.0.nar-unpacked]
2025-10-16 10:25:33,049 INFO [main] org.apache.nifi.nar.NarClassLoaders Loaded NAR file: /opt/nifi/nifi-current/./work/nar/extensions/nifi-elasticsearch-restapi-nar-2.6.0.nar-unpacked as class loader org.apache.nifi.nar.NarClassLoader[./work/nar/extensions/nifi-elasticsearch-restapi-nar-2.6.0.nar-unpacked]
2025-10-16 10:25:33,051 INFO [main] org.apache.nifi.nar.NarClassLoaders Loaded NAR file: /opt/nifi/nifi-current/./work/nar/extensions/nifi-azure-nar-2.6.0.nar-unpacked as class loader org.apache.nifi.nar.NarClassLoader[./work/nar/extensions/nifi-azure-nar-2.6.0.nar-unpacked]
2025-10-16 10:25:33,064 INFO [main] org.apache.nifi.nar.NarClassLoaders Loaded NAR file: /opt/nifi/nifi-current/./work/nar/extensions/nifi-redis-nar-2.6.0.nar-unpacked as class loader org.apache.nifi.nar.NarClassLoader[./work/nar/extensions/nifi-redis-nar-2.6.0.nar-unpacked]
2025-10-16 10:25:33,064 INFO [main] org.apache.nifi.nar.NarClassLoaders Found NiFiServer implementation org.apache.nifi.web.server.JettyServer in org.apache.nifi:nifi-server-nar:2.6.0
2025-10-16 10:25:33,066 INFO [main] o.a.nifi.properties.NiFiPropertiesLoader Loading Application Properties [/opt/nifi/nifi-current/conf/nifi.properties]
2025-10-16 10:25:33,103 ERROR [main] org.apache.nifi.web.server.JettyServer Failed to start Server
java.lang.IllegalStateException: Invalid port configuration in nifi.properties: Both nifi.web.https.port and nifi.web.http.port specified
	at org.apache.nifi.web.server.connector.FrameworkServerConnectorFactory.getPort(FrameworkServerConnectorFactory.java:156)
	at org.apache.nifi.web.server.connector.FrameworkServerConnectorFactory.<init>(FrameworkServerConnectorFactory.java:68)
	at org.apache.nifi.web.server.StandardServerProvider.addConnectors(StandardServerProvider.java:96)
	at org.apache.nifi.web.server.StandardServerProvider.getServer(StandardServerProvider.java:69)
	at org.apache.nifi.web.server.JettyServer.init(JettyServer.java:215)
	at org.apache.nifi.web.server.JettyServer.initialize(JettyServer.java:988)
	at org.apache.nifi.runtime.Application.startServer(Application.java:126)
	at org.apache.nifi.runtime.Application.run(Application.java:78)
	at org.apache.nifi.runtime.Application.run(Application.java:60)
	at org.apache.nifi.NiFi.main(NiFi.java:42)
2025-10-16 10:25:35,328 INFO [main] org.apache.nifi.runtime.Application Starting NiFi 2.6.0 using Java 21.0.8+12-LTS with PID 46
2025-10-16 10:25:35,331 INFO [main] o.apache.nifi.runtime.PropertiesProvider Loading Application Properties [/opt/nifi/nifi-current/conf/nifi.properties]
2025-10-16 10:25:35,335 INFO [main] org.apache.nifi.nar.NarUnpacker Expanding 112 NAR files started
2025-10-16 10:25:35,832 INFO [main] org.apache.nifi.nar.NarUnpacker Expanded 112 NAR files in 0.496 seconds (496748876 ns)
2025-10-16 10:25:36,092 INFO [main] org.apache.nifi.nar.NarClassLoaders Loaded NAR file: /opt/nifi/nifi-current/./work/nar/extensions/nifi-jetty-nar-2.6.0.nar-unpacked as class loader org.apache.nifi.nar.NarClassLoader[./work/nar/extensions/nifi-jetty-nar-2.6.0.nar-unpacked]
2025-10-16 10:25:36,096 INFO [main] org.apache.nifi.nar.NarClassLoaders Loaded NAR file: /opt/nifi/nifi-current/./work/nar/framework/nifi-framework-nar-2.6.0.nar-unpacked as class loader org.apache.nifi.nar.NarClassLoader[./work/nar/framework/nifi-framework-nar-2.6.0.nar-unpacked]
2025-10-16 10:25:36,161 INFO [main] org.apache.nifi.nar.NarClassLoaders Loaded NAR file: /opt/nifi/nifi-current/./work/nar/extensions/nifi-provenance-repository-nar-2.6.0.nar-unpacked as class loader org.apache.nifi.nar.NarClassLoader[./work/nar/extensions/nifi-provenance-repository-nar-2.6.0.nar-unpacked]
2025-10-16 10:25:36,162 INFO [main] org.apache.nifi.nar.NarClassLoaders Loaded NAR file: /opt/nifi/nifi-current/./work/nar/extensions/nifi-hl7-nar-2.6.0.nar-unpacked as class loader org.apache.nifi.nar.NarClassLoader[./work/nar/extensions/nifi-hl7-nar-2.6.0.nar-unpacked]
2025-10-16 10:25:36,182 INFO [main] org.apache.nifi.nar.NarClassLoaders Loaded NAR file: /opt/nifi/nifi-current/./work/nar/extensions/nifi-compress-nar-2.6.0.nar-unpacked as class loader org.apache.nifi.nar.NarClassLoader[./work/nar/extensions/nifi-compress-nar-2.6.0.nar-unpacked]
2025-10-16 10:25:36,184 INFO [main] org.apache.nifi.nar.NarClassLoaders Loaded NAR file: /opt/nifi/nifi-current/./work/nar/extensions/nifi-update-attribute-nar-2.6.0.nar-unpacked as class loader org.apache.nifi.nar.NarClassLoader[./work/nar/extensions/nifi-update-attribute-nar-2.6.0.nar-unpacked]
2025-10-16 10:25:36,185 INFO [main] org.apache.nifi.nar.NarClassLoaders Loaded NAR file: /opt/nifi/nifi-current/./work/nar/extensions/nifi-ldap-iaa-providers-nar-2.6.0.nar-unpacked as class loader org.apache.nifi.nar.NarClassLoader[./work/nar/extensions/nifi-ldap-iaa-providers-nar-2.6.0.nar-unpacked]
2025-10-16 10:25:36,186 INFO [main] org.apache.nifi.nar.NarClassLoaders Loaded NAR file: /opt/nifi/nifi-current/./work/nar/extensions/nifi-single-user-iaa-providers-nar-2.6.0.nar-unpacked as class loader org.apache.nifi.nar.NarClassLoader[./work/nar/extensions/nifi-single-user-iaa-providers-nar-2.6.0.nar-unpacked]
2025-10-16 10:25:36,187 INFO [main] org.apache.nifi.nar.NarClassLoaders Loaded NAR file: /opt/nifi/nifi-current/./work/nar/extensions/nifi-framework-kubernetes-nar-2.6.0.nar-unpacked as class loader org.apache.nifi.nar.NarClassLoader[./work/nar/extensions/nifi-framework-kubernetes-nar-2.6.0.nar-unpacked]
2025-10-16 10:25:36,188 INFO [main] org.apache.nifi.nar.NarClassLoaders Loaded NAR file: /opt/nifi/nifi-current/./work/nar/extensions/nifi-server-nar-2.6.0.nar-unpacked as class loader org.apache.nifi.nar.NarClassLoader[./work/nar/extensions/nifi-server-nar-2.6.0.nar-unpacked]
2025-10-16 10:25:36,198 INFO [main] org.apache.nifi.nar.NarClassLoaders Loaded NAR file: /opt/nifi/nifi-current/./work/nar/extensions/nifi-standard-services-api-nar-2.6.0.nar-unpacked as class loader org.apache.nifi.nar.NarClassLoader[./work/nar/extensions/nifi-standard-services-api-nar-2.6.0.nar-unpacked]
2025-10-16 10:25:36,199 INFO [main] org.apache.nifi.nar.NarClassLoaders Loaded NAR file: /opt/nifi/nifi-current/./work/nar/extensions/nifi-email-nar-2.6.0.nar-unpacked as class loader org.apache.nifi.nar.NarClassLoader[./work/nar/extensions/nifi-email-nar-2.6.0.nar-unpacked]
2025-10-16 10:25:36,200 INFO [main] org.apache.nifi.nar.NarClassLoaders Loaded NAR file: /opt/nifi/nifi-current/./work/nar/extensions/nifi-dbcp-service-nar-2.6.0.nar-unpacked as class loader org.apache.nifi.nar.NarClassLoader[./work/nar/extensions/nifi-dbcp-service-nar-2.6.0.nar-unpacked]
2025-10-16 10:25:36,201 INFO [main] org.apache.nifi.nar.NarClassLoaders Loaded NAR file: /opt/nifi/nifi-current/./work/nar/extensions/nifi-kerberos-iaa-providers-nar-2.6.0.nar-unpacked as class loader org.apache.nifi.nar.NarClassLoader[./work/nar/extensions/nifi-kerberos-iaa-providers-nar-2.6.0.nar-unpacked]
2025-10-16 10:25:36,202 INFO [main] org.apache.nifi.nar.NarClassLoaders Loaded NAR file: /opt/nifi/nifi-current/./work/nar/extensions/nifi-evtx-nar-2.6.0.nar-unpacked as class loader org.apache.nifi.nar.NarClassLoader[./work/nar/extensions/nifi-evtx-nar-2.6.0.nar-unpacked]
2025-10-16 10:25:36,202 INFO [main] org.apache.nifi.nar.NarClassLoaders Loaded NAR file: /opt/nifi/nifi-current/./work/nar/extensions/nifi-stateful-analysis-nar-2.6.0.nar-unpacked as class loader org.apache.nifi.nar.NarClassLoader[./work/nar/extensions/nifi-stateful-analysis-nar-2.6.0.nar-unpacked]
2025-10-16 10:25:36,202 INFO [main] org.apache.nifi.nar.NarClassLoaders Loaded NAR file: /opt/nifi/nifi-current/./work/nar/extensions/nifi-file-resource-service-nar-2.6.0.nar-unpacked as class loader org.apache.nifi.nar.NarClassLoader[./work/nar/extensions/nifi-file-resource-service-nar-2.6.0.nar-unpacked]
2025-10-16 10:25:36,203 INFO [main] org.apache.nifi.nar.NarClassLoaders Loaded NAR file: /opt/nifi/nifi-current/./work/nar/extensions/nifi-standard-shared-nar-2.6.0.nar-unpacked as class loader org.apache.nifi.nar.NarClassLoader[./work/nar/extensions/nifi-standard-shared-nar-2.6.0.nar-unpacked]
2025-10-16 10:25:36,209 INFO [main] org.apache.nifi.nar.NarClassLoaders Loaded NAR file: /opt/nifi/nifi-current/./work/nar/extensions/nifi-gcp-services-api-nar-2.6.0.nar-unpacked as class loader org.apache.nifi.nar.NarClassLoader[./work/nar/extensions/nifi-gcp-services-api-nar-2.6.0.nar-unpacked]
2025-10-16 10:25:36,210 INFO [main] org.apache.nifi.nar.NarClassLoaders Loaded NAR file: /opt/nifi/nifi-current/./work/nar/extensions/nifi-database-dialect-service-nar-2.6.0.nar-unpacked as class loader org.apache.nifi.nar.NarClassLoader[./work/nar/extensions/nifi-database-dialect-service-nar-2.6.0.nar-unpacked]
2025-10-16 10:25:36,211 INFO [main] org.apache.nifi.nar.NarClassLoaders Loaded NAR file: /opt/nifi/nifi-current/./work/nar/extensions/nifi-poi-nar-2.6.0.nar-unpacked as class loader org.apache.nifi.nar.NarClassLoader[./work/nar/extensions/nifi-poi-nar-2.6.0.nar-unpacked]
2025-10-16 10:25:36,213 INFO [main] org.apache.nifi.nar.NarClassLoaders Loaded NAR file: /opt/nifi/nifi-current/./work/nar/extensions/nifi-key-service-nar-2.6.0.nar-unpacked as class loader org.apache.nifi.nar.NarClassLoader[./work/nar/extensions/nifi-key-service-nar-2.6.0.nar-unpacked]
2025-10-16 10:25:36,214 INFO [main] org.apache.nifi.nar.NarClassLoaders Loaded NAR file: /opt/nifi/nifi-current/./work/nar/extensions/nifi-asana-services-api-nar-2.6.0.nar-unpacked as class loader org.apache.nifi.nar.NarClassLoader[./work/nar/extensions/nifi-asana-services-api-nar-2.6.0.nar-unpacked]
2025-10-16 10:25:36,231 INFO [main] org.apache.nifi.nar.NarClassLoaders Loaded NAR file: /opt/nifi/nifi-current/./work/nar/extensions/nifi-snmp-nar-2.6.0.nar-unpacked as class loader org.apache.nifi.nar.NarClassLoader[./work/nar/extensions/nifi-snmp-nar-2.6.0.nar-unpacked]
2025-10-16 10:25:36,232 INFO [main] org.apache.nifi.nar.NarClassLoaders Loaded NAR file: /opt/nifi/nifi-current/./work/nar/extensions/nifi-framework-zookeeper-nar-2.6.0.nar-unpacked as class loader org.apache.nifi.nar.NarClassLoader[./work/nar/extensions/nifi-framework-zookeeper-nar-2.6.0.nar-unpacked]
2025-10-16 10:25:36,234 INFO [main] org.apache.nifi.nar.NarClassLoaders Loaded NAR file: /opt/nifi/nifi-current/./work/nar/extensions/nifi-ssl-context-service-nar-2.6.0.nar-unpacked as class loader org.apache.nifi.nar.NarClassLoader[./work/nar/extensions/nifi-ssl-context-service-nar-2.6.0.nar-unpacked]
2025-10-16 10:25:36,234 INFO [main] org.apache.nifi.nar.NarClassLoaders Loaded NAR file: /opt/nifi/nifi-current/./work/nar/extensions/nifi-web-client-provider-service-nar-2.6.0.nar-unpacked as class loader org.apache.nifi.nar.NarClassLoader[./work/nar/extensions/nifi-web-client-provider-service-nar-2.6.0.nar-unpacked]
2025-10-16 10:25:36,234 INFO [main] org.apache.nifi.nar.NarClassLoaders Loaded NAR file: /opt/nifi/nifi-current/./work/nar/extensions/nifi-network-processors-nar-2.6.0.nar-unpacked as class loader org.apache.nifi.nar.NarClassLoader[./work/nar/extensions/nifi-network-processors-nar-2.6.0.nar-unpacked]
2025-10-16 10:25:36,235 INFO [main] org.apache.nifi.nar.NarClassLoaders Loaded NAR file: /opt/nifi/nifi-current/./work/nar/extensions/nifi-kafka-service-api-nar-2.6.0.nar-unpacked as class loader org.apache.nifi.nar.NarClassLoader[./work/nar/extensions/nifi-kafka-service-api-nar-2.6.0.nar-unpacked]
2025-10-16 10:25:36,235 INFO [main] org.apache.nifi.nar.NarClassLoaders Loaded NAR file: /opt/nifi/nifi-current/./work/nar/extensions/nifi-windows-event-log-nar-2.6.0.nar-unpacked as class loader org.apache.nifi.nar.NarClassLoader[./work/nar/extensions/nifi-windows-event-log-nar-2.6.0.nar-unpacked]
2025-10-16 10:25:36,236 INFO [main] org.apache.nifi.nar.NarClassLoaders Loaded NAR file: /opt/nifi/nifi-current/./work/nar/extensions/nifi-gcp-nar-2.6.0.nar-unpacked as class loader org.apache.nifi.nar.NarClassLoader[./work/nar/extensions/nifi-gcp-nar-2.6.0.nar-unpacked]
2025-10-16 10:25:36,240 INFO [main] org.apache.nifi.nar.NarClassLoaders Loaded NAR file: /opt/nifi/nifi-current/./work/nar/extensions/nifi-hashicorp-vault-client-service-api-nar-2.6.0.nar-unpacked as class loader org.apache.nifi.nar.NarClassLoader[./work/nar/extensions/nifi-hashicorp-vault-client-service-api-nar-2.6.0.nar-unpacked]
2025-10-16 10:25:36,240 INFO [main] org.apache.nifi.nar.NarClassLoaders Loaded NAR file: /opt/nifi/nifi-current/./work/nar/extensions/nifi-registry-nar-2.6.0.nar-unpacked as class loader org.apache.nifi.nar.NarClassLoader[./work/nar/extensions/nifi-registry-nar-2.6.0.nar-unpacked]
2025-10-16 10:25:36,241 INFO [main] org.apache.nifi.nar.NarClassLoaders Loaded NAR file: /opt/nifi/nifi-current/./work/nar/extensions/nifi-protobuf-services-nar-2.6.0.nar-unpacked as class loader org.apache.nifi.nar.NarClassLoader[./work/nar/extensions/nifi-protobuf-services-nar-2.6.0.nar-unpacked]
2025-10-16 10:25:36,242 INFO [main] org.apache.nifi.nar.NarClassLoaders Loaded NAR file: /opt/nifi/nifi-current/./work/nar/extensions/nifi-asana-services-nar-2.6.0.nar-unpacked as class loader org.apache.nifi.nar.NarClassLoader[./work/nar/extensions/nifi-asana-services-nar-2.6.0.nar-unpacked]
2025-10-16 10:25:36,242 INFO [main] org.apache.nifi.nar.NarClassLoaders Loaded NAR file: /opt/nifi/nifi-current/./work/nar/extensions/nifi-site-to-site-reporting-nar-2.6.0.nar-unpacked as class loader org.apache.nifi.nar.NarClassLoader[./work/nar/extensions/nifi-site-to-site-reporting-nar-2.6.0.nar-unpacked]
2025-10-16 10:25:36,243 INFO [main] org.apache.nifi.nar.NarClassLoaders Loaded NAR file: /opt/nifi/nifi-current/./work/nar/extensions/nifi-zendesk-nar-2.6.0.nar-unpacked as class loader org.apache.nifi.nar.NarClassLoader[./work/nar/extensions/nifi-zendesk-nar-2.6.0.nar-unpacked]
2025-10-16 10:25:36,243 INFO [main] org.apache.nifi.nar.NarClassLoaders Loaded NAR file: /opt/nifi/nifi-current/./work/nar/extensions/nifi-cipher-nar-2.6.0.nar-unpacked as class loader org.apache.nifi.nar.NarClassLoader[./work/nar/extensions/nifi-cipher-nar-2.6.0.nar-unpacked]
2025-10-16 10:25:36,244 INFO [main] org.apache.nifi.nar.NarClassLoaders Loaded NAR file: /opt/nifi/nifi-current/./work/nar/extensions/nifi-jms-cf-service-nar-2.6.0.nar-unpacked as class loader org.apache.nifi.nar.NarClassLoader[./work/nar/extensions/nifi-jms-cf-service-nar-2.6.0.nar-unpacked]
2025-10-16 10:25:36,244 INFO [main] org.apache.nifi.nar.NarClassLoaders Loaded NAR file: /opt/nifi/nifi-current/./work/nar/extensions/nifi-jolt-nar-2.6.0.nar-unpacked as class loader org.apache.nifi.nar.NarClassLoader[./work/nar/extensions/nifi-jolt-nar-2.6.0.nar-unpacked]
2025-10-16 10:25:36,245 INFO [main] org.apache.nifi.nar.NarClassLoaders Loaded NAR file: /opt/nifi/nifi-current/./work/nar/extensions/nifi-hazelcast-services-api-nar-2.6.0.nar-unpacked as class loader org.apache.nifi.nar.NarClassLoader[./work/nar/extensions/nifi-hazelcast-services-api-nar-2.6.0.nar-unpacked]
2025-10-16 10:25:36,245 INFO [main] org.apache.nifi.nar.NarClassLoaders Loaded NAR file: /opt/nifi/nifi-current/./work/nar/extensions/nifi-pgp-service-api-nar-2.6.0.nar-unpacked as class loader org.apache.nifi.nar.NarClassLoader[./work/nar/extensions/nifi-pgp-service-api-nar-2.6.0.nar-unpacked]
2025-10-16 10:25:36,245 INFO [main] org.apache.nifi.nar.NarClassLoaders Loaded NAR file: /opt/nifi/nifi-current/./work/nar/extensions/nifi-proxy-configuration-nar-2.6.0.nar-unpacked as class loader org.apache.nifi.nar.NarClassLoader[./work/nar/extensions/nifi-proxy-configuration-nar-2.6.0.nar-unpacked]
2025-10-16 10:25:36,246 INFO [main] org.apache.nifi.nar.NarClassLoaders Loaded NAR file: /opt/nifi/nifi-current/./work/nar/extensions/nifi-airtable-nar-2.6.0.nar-unpacked as class loader org.apache.nifi.nar.NarClassLoader[./work/nar/extensions/nifi-airtable-nar-2.6.0.nar-unpacked]
2025-10-16 10:25:36,246 INFO [main] org.apache.nifi.nar.NarClassLoaders Loaded NAR file: /opt/nifi/nifi-current/./work/nar/extensions/nifi-github-nar-2.6.0.nar-unpacked as class loader org.apache.nifi.nar.NarClassLoader[./work/nar/extensions/nifi-github-nar-2.6.0.nar-unpacked]
2025-10-16 10:25:36,247 INFO [main] org.apache.nifi.nar.NarClassLoaders Loaded NAR file: /opt/nifi/nifi-current/./work/nar/extensions/nifi-oauth2-provider-nar-2.6.0.nar-unpacked as class loader org.apache.nifi.nar.NarClassLoader[./work/nar/extensions/nifi-oauth2-provider-nar-2.6.0.nar-unpacked]
2025-10-16 10:25:36,247 INFO [main] org.apache.nifi.nar.NarClassLoaders Loaded NAR file: /opt/nifi/nifi-current/./work/nar/extensions/nifi-workday-processors-nar-2.6.0.nar-unpacked as class loader org.apache.nifi.nar.NarClassLoader[./work/nar/extensions/nifi-workday-processors-nar-2.6.0.nar-unpacked]
2025-10-16 10:25:36,247 INFO [main] org.apache.nifi.nar.NarClassLoaders Loaded NAR file: /opt/nifi/nifi-current/./work/nar/extensions/nifi-mongodb-client-service-api-nar-2.6.0.nar-unpacked as class loader org.apache.nifi.nar.NarClassLoader[./work/nar/extensions/nifi-mongodb-client-service-api-nar-2.6.0.nar-unpacked]
2025-10-16 10:25:36,248 INFO [main] org.apache.nifi.nar.NarClassLoaders Loaded NAR file: /opt/nifi/nifi-current/./work/nar/extensions/nifi-groovyx-nar-2.6.0.nar-unpacked as class loader org.apache.nifi.nar.NarClassLoader[./work/nar/extensions/nifi-groovyx-nar-2.6.0.nar-unpacked]
2025-10-16 10:25:36,250 INFO [main] org.apache.nifi.nar.NarClassLoaders Loaded NAR file: /opt/nifi/nifi-current/./work/nar/extensions/nifi-hazelcast-services-nar-2.6.0.nar-unpacked as class loader org.apache.nifi.nar.NarClassLoader[./work/nar/extensions/nifi-hazelcast-services-nar-2.6.0.nar-unpacked]
2025-10-16 10:25:36,252 INFO [main] org.apache.nifi.nar.NarClassLoaders Loaded NAR file: /opt/nifi/nifi-current/./work/nar/extensions/nifi-mqtt-nar-2.6.0.nar-unpacked as class loader org.apache.nifi.nar.NarClassLoader[./work/nar/extensions/nifi-mqtt-nar-2.6.0.nar-unpacked]
2025-10-16 10:25:36,252 INFO [main] org.apache.nifi.nar.NarClassLoaders Loaded NAR file: /opt/nifi/nifi-current/./work/nar/extensions/nifi-cdc-mysql-nar-2.6.0.nar-unpacked as class loader org.apache.nifi.nar.NarClassLoader[./work/nar/extensions/nifi-cdc-mysql-nar-2.6.0.nar-unpacked]
2025-10-16 10:25:36,253 INFO [main] org.apache.nifi.nar.NarClassLoaders Loaded NAR file: /opt/nifi/nifi-current/./work/nar/extensions/nifi-jslt-nar-2.6.0.nar-unpacked as class loader org.apache.nifi.nar.NarClassLoader[./work/nar/extensions/nifi-jslt-nar-2.6.0.nar-unpacked]
2025-10-16 10:25:36,253 INFO [main] org.apache.nifi.nar.NarClassLoaders Loaded NAR file: /opt/nifi/nifi-current/./work/nar/extensions/nifi-kafka-nar-2.6.0.nar-unpacked as class loader org.apache.nifi.nar.NarClassLoader[./work/nar/extensions/nifi-kafka-nar-2.6.0.nar-unpacked]
2025-10-16 10:25:36,253 INFO [main] org.apache.nifi.nar.NarClassLoaders Loaded NAR file: /opt/nifi/nifi-current/./work/nar/extensions/nifi-mongodb-nar-2.6.0.nar-unpacked as class loader org.apache.nifi.nar.NarClassLoader[./work/nar/extensions/nifi-mongodb-nar-2.6.0.nar-unpacked]
2025-10-16 10:25:36,254 INFO [main] org.apache.nifi.nar.NarClassLoaders Loaded NAR file: /opt/nifi/nifi-current/./work/nar/extensions/nifi-pgp-service-nar-2.6.0.nar-unpacked as class loader org.apache.nifi.nar.NarClassLoader[./work/nar/extensions/nifi-pgp-service-nar-2.6.0.nar-unpacked]
2025-10-16 10:25:36,254 INFO [main] org.apache.nifi.nar.NarClassLoaders Loaded NAR file: /opt/nifi/nifi-current/./work/nar/extensions/nifi-standard-content-viewer-nar-2.6.0.nar-unpacked as class loader org.apache.nifi.nar.NarClassLoader[./work/nar/extensions/nifi-standard-content-viewer-nar-2.6.0.nar-unpacked]
2025-10-16 10:25:36,255 INFO [main] org.apache.nifi.nar.NarClassLoaders Loaded NAR file: /opt/nifi/nifi-current/./work/nar/extensions/nifi-standard-nar-2.6.0.nar-unpacked as class loader org.apache.nifi.nar.NarClassLoader[./work/nar/extensions/nifi-standard-nar-2.6.0.nar-unpacked]
2025-10-16 10:25:36,263 INFO [main] org.apache.nifi.nar.NarClassLoaders Loaded NAR file: /opt/nifi/nifi-current/./work/nar/extensions/nifi-box-services-api-nar-2.6.0.nar-unpacked as class loader org.apache.nifi.nar.NarClassLoader[./work/nar/extensions/nifi-box-services-api-nar-2.6.0.nar-unpacked]
2025-10-16 10:25:36,263 INFO [main] org.apache.nifi.nar.NarClassLoaders Loaded NAR file: /opt/nifi/nifi-current/./work/nar/extensions/nifi-http-context-map-nar-2.6.0.nar-unpacked as class loader org.apache.nifi.nar.NarClassLoader[./work/nar/extensions/nifi-http-context-map-nar-2.6.0.nar-unpacked]
2025-10-16 10:25:36,264 INFO [main] org.apache.nifi.nar.NarClassLoaders Loaded NAR file: /opt/nifi/nifi-current/./work/nar/extensions/nifi-avro-nar-2.6.0.nar-unpacked as class loader org.apache.nifi.nar.NarClassLoader[./work/nar/extensions/nifi-avro-nar-2.6.0.nar-unpacked]
2025-10-16 10:25:36,264 INFO [main] org.apache.nifi.nar.NarClassLoaders Loaded NAR file: /opt/nifi/nifi-current/./work/nar/extensions/nifi-enrich-nar-2.6.0.nar-unpacked as class loader org.apache.nifi.nar.NarClassLoader[./work/nar/extensions/nifi-enrich-nar-2.6.0.nar-unpacked]
2025-10-16 10:25:36,265 INFO [main] org.apache.nifi.nar.NarClassLoaders Loaded NAR file: /opt/nifi/nifi-current/./work/nar/extensions/nifi-lookup-services-nar-2.6.0.nar-unpacked as class loader org.apache.nifi.nar.NarClassLoader[./work/nar/extensions/nifi-lookup-services-nar-2.6.0.nar-unpacked]
2025-10-16 10:25:36,266 INFO [main] org.apache.nifi.nar.NarClassLoaders Loaded NAR file: /opt/nifi/nifi-current/./work/nar/extensions/nifi-splunk-nar-2.6.0.nar-unpacked as class loader org.apache.nifi.nar.NarClassLoader[./work/nar/extensions/nifi-splunk-nar-2.6.0.nar-unpacked]
2025-10-16 10:25:36,267 INFO [main] org.apache.nifi.nar.NarClassLoaders Loaded NAR file: /opt/nifi/nifi-current/./work/nar/extensions/nifi-zendesk-services-nar-2.6.0.nar-unpacked as class loader org.apache.nifi.nar.NarClassLoader[./work/nar/extensions/nifi-zendesk-services-nar-2.6.0.nar-unpacked]
2025-10-16 10:25:36,267 INFO [main] org.apache.nifi.nar.NarClassLoaders Loaded NAR file: /opt/nifi/nifi-current/./work/nar/extensions/nifi-hashicorp-vault-nar-2.6.0.nar-unpacked as class loader org.apache.nifi.nar.NarClassLoader[./work/nar/extensions/nifi-hashicorp-vault-nar-2.6.0.nar-unpacked]
2025-10-16 10:25:36,268 INFO [main] org.apache.nifi.nar.NarClassLoaders Loaded NAR file: /opt/nifi/nifi-current/./work/nar/extensions/nifi-distributed-cache-services-nar-2.6.0.nar-unpacked as class loader org.apache.nifi.nar.NarClassLoader[./work/nar/extensions/nifi-distributed-cache-services-nar-2.6.0.nar-unpacked]
2025-10-16 10:25:36,269 INFO [main] org.apache.nifi.nar.NarClassLoaders Loaded NAR file: /opt/nifi/nifi-current/./work/nar/extensions/nifi-slack-nar-2.6.0.nar-unpacked as class loader org.apache.nifi.nar.NarClassLoader[./work/nar/extensions/nifi-slack-nar-2.6.0.nar-unpacked]
2025-10-16 10:25:36,285 INFO [main] org.apache.nifi.nar.NarClassLoaders Loaded NAR file: /opt/nifi/nifi-current/./work/nar/extensions/nifi-kafka-3-service-nar-2.6.0.nar-unpacked as class loader org.apache.nifi.nar.NarClassLoader[./work/nar/extensions/nifi-kafka-3-service-nar-2.6.0.nar-unpacked]
2025-10-16 10:25:36,286 INFO [main] org.apache.nifi.nar.NarClassLoaders Loaded NAR file: /opt/nifi/nifi-current/./work/nar/extensions/nifi-kerberos-user-service-nar-2.6.0.nar-unpacked as class loader org.apache.nifi.nar.NarClassLoader[./work/nar/extensions/nifi-kerberos-user-service-nar-2.6.0.nar-unpacked]
2025-10-16 10:25:36,287 INFO [main] org.apache.nifi.nar.NarClassLoaders Loaded NAR file: /opt/nifi/nifi-current/./work/nar/extensions/nifi-confluent-platform-nar-2.6.0.nar-unpacked as class loader org.apache.nifi.nar.NarClassLoader[./work/nar/extensions/nifi-confluent-platform-nar-2.6.0.nar-unpacked]
2025-10-16 10:25:36,290 INFO [main] org.apache.nifi.nar.NarClassLoaders Loaded NAR file: /opt/nifi/nifi-current/./work/nar/extensions/nifi-social-media-nar-2.6.0.nar-unpacked as class loader org.apache.nifi.nar.NarClassLoader[./work/nar/extensions/nifi-social-media-nar-2.6.0.nar-unpacked]
2025-10-16 10:25:36,292 INFO [main] org.apache.nifi.nar.NarClassLoaders Loaded NAR file: /opt/nifi/nifi-current/./work/nar/extensions/nifi-opentelemetry-nar-2.6.0.nar-unpacked as class loader org.apache.nifi.nar.NarClassLoader[./work/nar/extensions/nifi-opentelemetry-nar-2.6.0.nar-unpacked]
2025-10-16 10:25:36,294 INFO [main] org.apache.nifi.nar.NarClassLoaders Loaded NAR file: /opt/nifi/nifi-current/./work/nar/extensions/nifi-elasticsearch-client-service-api-nar-2.6.0.nar-unpacked as class loader org.apache.nifi.nar.NarClassLoader[./work/nar/extensions/nifi-elasticsearch-client-service-api-nar-2.6.0.nar-unpacked]
2025-10-16 10:25:36,295 INFO [main] org.apache.nifi.nar.NarClassLoaders Loaded NAR file: /opt/nifi/nifi-current/./work/nar/extensions/nifi-py4j-nar-2.6.0.nar-unpacked as class loader org.apache.nifi.nar.NarClassLoader[./work/nar/extensions/nifi-py4j-nar-2.6.0.nar-unpacked]
2025-10-16 10:25:36,296 INFO [main] org.apache.nifi.nar.NarClassLoaders Loaded NAR file: /opt/nifi/nifi-current/./work/nar/extensions/nifi-amqp-nar-2.6.0.nar-unpacked as class loader org.apache.nifi.nar.NarClassLoader[./work/nar/extensions/nifi-amqp-nar-2.6.0.nar-unpacked]
2025-10-16 10:25:36,297 INFO [main] org.apache.nifi.nar.NarClassLoaders Loaded NAR file: /opt/nifi/nifi-current/./work/nar/extensions/nifi-salesforce-nar-2.6.0.nar-unpacked as class loader org.apache.nifi.nar.NarClassLoader[./work/nar/extensions/nifi-salesforce-nar-2.6.0.nar-unpacked]
2025-10-16 10:25:36,298 INFO [main] org.apache.nifi.nar.NarClassLoaders Loaded NAR file: /opt/nifi/nifi-current/./work/nar/extensions/nifi-websocket-services-api-nar-2.6.0.nar-unpacked as class loader org.apache.nifi.nar.NarClassLoader[./work/nar/extensions/nifi-websocket-services-api-nar-2.6.0.nar-unpacked]
2025-10-16 10:25:36,298 INFO [main] org.apache.nifi.nar.NarClassLoaders Loaded NAR file: /opt/nifi/nifi-current/./work/nar/extensions/nifi-shopify-nar-2.6.0.nar-unpacked as class loader org.apache.nifi.nar.NarClassLoader[./work/nar/extensions/nifi-shopify-nar-2.6.0.nar-unpacked]
2025-10-16 10:25:36,299 INFO [main] org.apache.nifi.nar.NarClassLoaders Loaded NAR file: /opt/nifi/nifi-current/./work/nar/extensions/nifi-geohash-nar-2.6.0.nar-unpacked as class loader org.apache.nifi.nar.NarClassLoader[./work/nar/extensions/nifi-geohash-nar-2.6.0.nar-unpacked]
2025-10-16 10:25:36,300 INFO [main] org.apache.nifi.nar.NarClassLoaders Loaded NAR file: /opt/nifi/nifi-current/./work/nar/extensions/nifi-aws-service-api-nar-2.6.0.nar-unpacked as class loader org.apache.nifi.nar.NarClassLoader[./work/nar/extensions/nifi-aws-service-api-nar-2.6.0.nar-unpacked]
2025-10-16 10:25:36,302 INFO [main] org.apache.nifi.nar.NarClassLoaders Loaded NAR file: /opt/nifi/nifi-current/./work/nar/extensions/nifi-kafka-service-aws-nar-2.6.0.nar-unpacked as class loader org.apache.nifi.nar.NarClassLoader[./work/nar/extensions/nifi-kafka-service-aws-nar-2.6.0.nar-unpacked]
2025-10-16 10:25:36,305 INFO [main] org.apache.nifi.nar.NarClassLoaders Loaded NAR file: /opt/nifi/nifi-current/./work/nar/extensions/nifi-db-schema-registry-service-nar-2.6.0.nar-unpacked as class loader org.apache.nifi.nar.NarClassLoader[./work/nar/extensions/nifi-db-schema-registry-service-nar-2.6.0.nar-unpacked]
2025-10-16 10:25:36,305 INFO [main] org.apache.nifi.nar.NarClassLoaders Loaded NAR file: /opt/nifi/nifi-current/./work/nar/extensions/nifi-dropbox-services-api-nar-2.6.0.nar-unpacked as class loader org.apache.nifi.nar.NarClassLoader[./work/nar/extensions/nifi-dropbox-services-api-nar-2.6.0.nar-unpacked]
2025-10-16 10:25:36,306 INFO [main] org.apache.nifi.nar.NarClassLoaders Loaded NAR file: /opt/nifi/nifi-current/./work/nar/extensions/nifi-flow-registry-client-nar-2.6.0.nar-unpacked as class loader org.apache.nifi.nar.NarClassLoader[./work/nar/extensions/nifi-flow-registry-client-nar-2.6.0.nar-unpacked]
2025-10-16 10:25:36,307 INFO [main] org.apache.nifi.nar.NarClassLoaders Loaded NAR file: /opt/nifi/nifi-current/./work/nar/extensions/nifi-azure-services-api-nar-2.6.0.nar-unpacked as class loader org.apache.nifi.nar.NarClassLoader[./work/nar/extensions/nifi-azure-services-api-nar-2.6.0.nar-unpacked]
2025-10-16 10:25:36,312 INFO [main] org.apache.nifi.nar.NarClassLoaders Loaded NAR file: /opt/nifi/nifi-current/./work/nar/extensions/nifi-dropbox-services-nar-2.6.0.nar-unpacked as class loader org.apache.nifi.nar.NarClassLoader[./work/nar/extensions/nifi-dropbox-services-nar-2.6.0.nar-unpacked]
2025-10-16 10:25:36,313 INFO [main] org.apache.nifi.nar.NarClassLoaders Loaded NAR file: /opt/nifi/nifi-current/./work/nar/extensions/nifi-apicurio-nar-2.6.0.nar-unpacked as class loader org.apache.nifi.nar.NarClassLoader[./work/nar/extensions/nifi-apicurio-nar-2.6.0.nar-unpacked]
2025-10-16 10:25:36,313 INFO [main] org.apache.nifi.nar.NarClassLoaders Loaded NAR file: /opt/nifi/nifi-current/./work/nar/extensions/nifi-hubspot-nar-2.6.0.nar-unpacked as class loader org.apache.nifi.nar.NarClassLoader[./work/nar/extensions/nifi-hubspot-nar-2.6.0.nar-unpacked]
2025-10-16 10:25:36,314 INFO [main] org.apache.nifi.nar.NarClassLoaders Loaded NAR file: /opt/nifi/nifi-current/./work/nar/extensions/nifi-smb-client-api-nar-2.6.0.nar-unpacked as class loader org.apache.nifi.nar.NarClassLoader[./work/nar/extensions/nifi-smb-client-api-nar-2.6.0.nar-unpacked]
2025-10-16 10:25:36,314 INFO [main] org.apache.nifi.nar.NarClassLoaders Loaded NAR file: /opt/nifi/nifi-current/./work/nar/extensions/nifi-record-sink-service-nar-2.6.0.nar-unpacked as class loader org.apache.nifi.nar.NarClassLoader[./work/nar/extensions/nifi-record-sink-service-nar-2.6.0.nar-unpacked]
2025-10-16 10:25:36,315 INFO [main] org.apache.nifi.nar.NarClassLoaders Loaded NAR file: /opt/nifi/nifi-current/./work/nar/extensions/nifi-gitlab-nar-2.6.0.nar-unpacked as class loader org.apache.nifi.nar.NarClassLoader[./work/nar/extensions/nifi-gitlab-nar-2.6.0.nar-unpacked]
2025-10-16 10:25:36,316 INFO [main] org.apache.nifi.nar.NarClassLoaders Loaded NAR file: /opt/nifi/nifi-current/./work/nar/extensions/nifi-box-nar-2.6.0.nar-unpacked as class loader org.apache.nifi.nar.NarClassLoader[./work/nar/extensions/nifi-box-nar-2.6.0.nar-unpacked]
2025-10-16 10:25:36,317 INFO [main] org.apache.nifi.nar.NarClassLoaders Loaded NAR file: /opt/nifi/nifi-current/./work/nar/extensions/nifi-scripting-nar-2.6.0.nar-unpacked as class loader org.apache.nifi.nar.NarClassLoader[./work/nar/extensions/nifi-scripting-nar-2.6.0.nar-unpacked]
2025-10-16 10:25:36,322 INFO [main] org.apache.nifi.nar.NarClassLoaders Loaded NAR file: /opt/nifi/nifi-current/./work/nar/extensions/nifi-asana-processors-nar-2.6.0.nar-unpacked as class loader org.apache.nifi.nar.NarClassLoader[./work/nar/extensions/nifi-asana-processors-nar-2.6.0.nar-unpacked]
2025-10-16 10:25:36,322 INFO [main] org.apache.nifi.nar.NarClassLoaders Loaded NAR file: /opt/nifi/nifi-current/./work/nar/extensions/nifi-atlassian-nar-2.6.0.nar-unpacked as class loader org.apache.nifi.nar.NarClassLoader[./work/nar/extensions/nifi-atlassian-nar-2.6.0.nar-unpacked]
2025-10-16 10:25:36,323 INFO [main] org.apache.nifi.nar.NarClassLoaders Loaded NAR file: /opt/nifi/nifi-current/./work/nar/extensions/nifi-jms-processors-nar-2.6.0.nar-unpacked as class loader org.apache.nifi.nar.NarClassLoader[./work/nar/extensions/nifi-jms-processors-nar-2.6.0.nar-unpacked]
2025-10-16 10:25:36,324 INFO [main] org.apache.nifi.nar.NarClassLoaders Loaded NAR file: /opt/nifi/nifi-current/./work/nar/extensions/nifi-record-serialization-services-nar-2.6.0.nar-unpacked as class loader org.apache.nifi.nar.NarClassLoader[./work/nar/extensions/nifi-record-serialization-services-nar-2.6.0.nar-unpacked]
2025-10-16 10:25:36,325 INFO [main] org.apache.nifi.nar.NarClassLoaders Loaded NAR file: /opt/nifi/nifi-current/./work/nar/extensions/nifi-elasticsearch-client-service-nar-2.6.0.nar-unpacked as class loader org.apache.nifi.nar.NarClassLoader[./work/nar/extensions/nifi-elasticsearch-client-service-nar-2.6.0.nar-unpacked]
2025-10-16 10:25:36,326 INFO [main] org.apache.nifi.nar.NarClassLoaders Loaded NAR file: /opt/nifi/nifi-current/./work/nar/extensions/nifi-redis-service-api-nar-2.6.0.nar-unpacked as class loader org.apache.nifi.nar.NarClassLoader[./work/nar/extensions/nifi-redis-service-api-nar-2.6.0.nar-unpacked]
2025-10-16 10:25:36,328 INFO [main] org.apache.nifi.nar.NarClassLoaders Loaded NAR file: /opt/nifi/nifi-current/./work/nar/extensions/nifi-smb-smbj-client-nar-2.6.0.nar-unpacked as class loader org.apache.nifi.nar.NarClassLoader[./work/nar/extensions/nifi-smb-smbj-client-nar-2.6.0.nar-unpacked]
2025-10-16 10:25:36,328 INFO [main] org.apache.nifi.nar.NarClassLoaders Loaded NAR file: /opt/nifi/nifi-current/./work/nar/extensions/nifi-pgp-nar-2.6.0.nar-unpacked as class loader org.apache.nifi.nar.NarClassLoader[./work/nar/extensions/nifi-pgp-nar-2.6.0.nar-unpacked]
2025-10-16 10:25:36,329 INFO [main] org.apache.nifi.nar.NarClassLoaders Loaded NAR file: /opt/nifi/nifi-current/./work/nar/extensions/nifi-smb-nar-2.6.0.nar-unpacked as class loader org.apache.nifi.nar.NarClassLoader[./work/nar/extensions/nifi-smb-nar-2.6.0.nar-unpacked]
2025-10-16 10:25:36,329 INFO [main] org.apache.nifi.nar.NarClassLoaders Loaded NAR file: /opt/nifi/nifi-current/./work/nar/extensions/nifi-mongodb-services-nar-2.6.0.nar-unpacked as class loader org.apache.nifi.nar.NarClassLoader[./work/nar/extensions/nifi-mongodb-services-nar-2.6.0.nar-unpacked]
2025-10-16 10:25:36,329 INFO [main] org.apache.nifi.nar.NarClassLoaders Loaded NAR file: /opt/nifi/nifi-current/./work/nar/extensions/nifi-websocket-processors-nar-2.6.0.nar-unpacked as class loader org.apache.nifi.nar.NarClassLoader[./work/nar/extensions/nifi-websocket-processors-nar-2.6.0.nar-unpacked]
2025-10-16 10:25:36,330 INFO [main] org.apache.nifi.nar.NarClassLoaders Loaded NAR file: /opt/nifi/nifi-current/./work/nar/extensions/nifi-dropbox-processors-nar-2.6.0.nar-unpacked as class loader org.apache.nifi.nar.NarClassLoader[./work/nar/extensions/nifi-dropbox-processors-nar-2.6.0.nar-unpacked]
2025-10-16 10:25:36,331 INFO [main] org.apache.nifi.nar.NarClassLoaders Loaded NAR file: /opt/nifi/nifi-current/./work/nar/extensions/nifi-websocket-services-jetty-nar-2.6.0.nar-unpacked as class loader org.apache.nifi.nar.NarClassLoader[./work/nar/extensions/nifi-websocket-services-jetty-nar-2.6.0.nar-unpacked]
2025-10-16 10:25:36,331 INFO [main] org.apache.nifi.nar.NarClassLoaders Loaded NAR file: /opt/nifi/nifi-current/./work/nar/extensions/nifi-box-services-nar-2.6.0.nar-unpacked as class loader org.apache.nifi.nar.NarClassLoader[./work/nar/extensions/nifi-box-services-nar-2.6.0.nar-unpacked]
2025-10-16 10:25:36,332 INFO [main] org.apache.nifi.nar.NarClassLoaders Loaded NAR file: /opt/nifi/nifi-current/./work/nar/extensions/nifi-aws-nar-2.6.0.nar-unpacked as class loader org.apache.nifi.nar.NarClassLoader[./work/nar/extensions/nifi-aws-nar-2.6.0.nar-unpacked]
2025-10-16 10:25:36,339 INFO [main] org.apache.nifi.nar.NarClassLoaders Loaded NAR file: /opt/nifi/nifi-current/./work/nar/extensions/nifi-elasticsearch-restapi-nar-2.6.0.nar-unpacked as class loader org.apache.nifi.nar.NarClassLoader[./work/nar/extensions/nifi-elasticsearch-restapi-nar-2.6.0.nar-unpacked]
2025-10-16 10:25:36,341 INFO [main] org.apache.nifi.nar.NarClassLoaders Loaded NAR file: /opt/nifi/nifi-current/./work/nar/extensions/nifi-azure-nar-2.6.0.nar-unpacked as class loader org.apache.nifi.nar.NarClassLoader[./work/nar/extensions/nifi-azure-nar-2.6.0.nar-unpacked]
2025-10-16 10:25:36,352 INFO [main] org.apache.nifi.nar.NarClassLoaders Loaded NAR file: /opt/nifi/nifi-current/./work/nar/extensions/nifi-redis-nar-2.6.0.nar-unpacked as class loader org.apache.nifi.nar.NarClassLoader[./work/nar/extensions/nifi-redis-nar-2.6.0.nar-unpacked]
2025-10-16 10:25:36,354 INFO [main] org.apache.nifi.nar.NarClassLoaders Found NiFiServer implementation org.apache.nifi.web.server.JettyServer in org.apache.nifi:nifi-server-nar:2.6.0
2025-10-16 10:25:36,356 INFO [main] o.a.nifi.properties.NiFiPropertiesLoader Loading Application Properties [/opt/nifi/nifi-current/conf/nifi.properties]
2025-10-16 10:25:36,397 ERROR [main] org.apache.nifi.web.server.JettyServer Failed to start Server
java.lang.IllegalStateException: Invalid port configuration in nifi.properties: Both nifi.web.https.port and nifi.web.http.port specified
	at org.apache.nifi.web.server.connector.FrameworkServerConnectorFactory.getPort(FrameworkServerConnectorFactory.java:156)
	at org.apache.nifi.web.server.connector.FrameworkServerConnectorFactory.<init>(FrameworkServerConnectorFactory.java:68)
	at org.apache.nifi.web.server.StandardServerProvider.addConnectors(StandardServerProvider.java:96)
	at org.apache.nifi.web.server.StandardServerProvider.getServer(StandardServerProvider.java:69)
	at org.apache.nifi.web.server.JettyServer.init(JettyServer.java:215)
	at org.apache.nifi.web.server.JettyServer.initialize(JettyServer.java:988)
	at org.apache.nifi.runtime.Application.startServer(Application.java:126)
	at org.apache.nifi.runtime.Application.run(Application.java:78)
	at org.apache.nifi.runtime.Application.run(Application.java:60)
	at org.apache.nifi.NiFi.main(NiFi.java:42)
2025-10-16 10:25:40,224 INFO [main] org.apache.nifi.runtime.Application Starting NiFi 2.6.0 using Java 21.0.8+12-LTS with PID 46
2025-10-16 10:25:40,226 INFO [main] o.apache.nifi.runtime.PropertiesProvider Loading Application Properties [/opt/nifi/nifi-current/conf/nifi.properties]
2025-10-16 10:25:40,230 INFO [main] org.apache.nifi.nar.NarUnpacker Expanding 112 NAR files started
2025-10-16 10:25:40,834 INFO [main] org.apache.nifi.nar.NarUnpacker Expanded 112 NAR files in 0.603 seconds (603530834 ns)
2025-10-16 10:25:41,070 INFO [main] org.apache.nifi.nar.NarClassLoaders Loaded NAR file: /opt/nifi/nifi-current/./work/nar/extensions/nifi-jetty-nar-2.6.0.nar-unpacked as class loader org.apache.nifi.nar.NarClassLoader[./work/nar/extensions/nifi-jetty-nar-2.6.0.nar-unpacked]
2025-10-16 10:25:41,074 INFO [main] org.apache.nifi.nar.NarClassLoaders Loaded NAR file: /opt/nifi/nifi-current/./work/nar/framework/nifi-framework-nar-2.6.0.nar-unpacked as class loader org.apache.nifi.nar.NarClassLoader[./work/nar/framework/nifi-framework-nar-2.6.0.nar-unpacked]
2025-10-16 10:25:41,126 INFO [main] org.apache.nifi.nar.NarClassLoaders Loaded NAR file: /opt/nifi/nifi-current/./work/nar/extensions/nifi-provenance-repository-nar-2.6.0.nar-unpacked as class loader org.apache.nifi.nar.NarClassLoader[./work/nar/extensions/nifi-provenance-repository-nar-2.6.0.nar-unpacked]
2025-10-16 10:25:41,127 INFO [main] org.apache.nifi.nar.NarClassLoaders Loaded NAR file: /opt/nifi/nifi-current/./work/nar/extensions/nifi-hl7-nar-2.6.0.nar-unpacked as class loader org.apache.nifi.nar.NarClassLoader[./work/nar/extensions/nifi-hl7-nar-2.6.0.nar-unpacked]
2025-10-16 10:25:41,144 INFO [main] org.apache.nifi.nar.NarClassLoaders Loaded NAR file: /opt/nifi/nifi-current/./work/nar/extensions/nifi-compress-nar-2.6.0.nar-unpacked as class loader org.apache.nifi.nar.NarClassLoader[./work/nar/extensions/nifi-compress-nar-2.6.0.nar-unpacked]
2025-10-16 10:25:41,145 INFO [main] org.apache.nifi.nar.NarClassLoaders Loaded NAR file: /opt/nifi/nifi-current/./work/nar/extensions/nifi-update-attribute-nar-2.6.0.nar-unpacked as class loader org.apache.nifi.nar.NarClassLoader[./work/nar/extensions/nifi-update-attribute-nar-2.6.0.nar-unpacked]
2025-10-16 10:25:41,146 INFO [main] org.apache.nifi.nar.NarClassLoaders Loaded NAR file: /opt/nifi/nifi-current/./work/nar/extensions/nifi-ldap-iaa-providers-nar-2.6.0.nar-unpacked as class loader org.apache.nifi.nar.NarClassLoader[./work/nar/extensions/nifi-ldap-iaa-providers-nar-2.6.0.nar-unpacked]
2025-10-16 10:25:41,147 INFO [main] org.apache.nifi.nar.NarClassLoaders Loaded NAR file: /opt/nifi/nifi-current/./work/nar/extensions/nifi-single-user-iaa-providers-nar-2.6.0.nar-unpacked as class loader org.apache.nifi.nar.NarClassLoader[./work/nar/extensions/nifi-single-user-iaa-providers-nar-2.6.0.nar-unpacked]
2025-10-16 10:25:41,148 INFO [main] org.apache.nifi.nar.NarClassLoaders Loaded NAR file: /opt/nifi/nifi-current/./work/nar/extensions/nifi-framework-kubernetes-nar-2.6.0.nar-unpacked as class loader org.apache.nifi.nar.NarClassLoader[./work/nar/extensions/nifi-framework-kubernetes-nar-2.6.0.nar-unpacked]
2025-10-16 10:25:41,150 INFO [main] org.apache.nifi.nar.NarClassLoaders Loaded NAR file: /opt/nifi/nifi-current/./work/nar/extensions/nifi-server-nar-2.6.0.nar-unpacked as class loader org.apache.nifi.nar.NarClassLoader[./work/nar/extensions/nifi-server-nar-2.6.0.nar-unpacked]
2025-10-16 10:25:41,159 INFO [main] org.apache.nifi.nar.NarClassLoaders Loaded NAR file: /opt/nifi/nifi-current/./work/nar/extensions/nifi-standard-services-api-nar-2.6.0.nar-unpacked as class loader org.apache.nifi.nar.NarClassLoader[./work/nar/extensions/nifi-standard-services-api-nar-2.6.0.nar-unpacked]
2025-10-16 10:25:41,160 INFO [main] org.apache.nifi.nar.NarClassLoaders Loaded NAR file: /opt/nifi/nifi-current/./work/nar/extensions/nifi-email-nar-2.6.0.nar-unpacked as class loader org.apache.nifi.nar.NarClassLoader[./work/nar/extensions/nifi-email-nar-2.6.0.nar-unpacked]
2025-10-16 10:25:41,161 INFO [main] org.apache.nifi.nar.NarClassLoaders Loaded NAR file: /opt/nifi/nifi-current/./work/nar/extensions/nifi-dbcp-service-nar-2.6.0.nar-unpacked as class loader org.apache.nifi.nar.NarClassLoader[./work/nar/extensions/nifi-dbcp-service-nar-2.6.0.nar-unpacked]
2025-10-16 10:25:41,162 INFO [main] org.apache.nifi.nar.NarClassLoaders Loaded NAR file: /opt/nifi/nifi-current/./work/nar/extensions/nifi-kerberos-iaa-providers-nar-2.6.0.nar-unpacked as class loader org.apache.nifi.nar.NarClassLoader[./work/nar/extensions/nifi-kerberos-iaa-providers-nar-2.6.0.nar-unpacked]
2025-10-16 10:25:41,163 INFO [main] org.apache.nifi.nar.NarClassLoaders Loaded NAR file: /opt/nifi/nifi-current/./work/nar/extensions/nifi-evtx-nar-2.6.0.nar-unpacked as class loader org.apache.nifi.nar.NarClassLoader[./work/nar/extensions/nifi-evtx-nar-2.6.0.nar-unpacked]
2025-10-16 10:25:41,164 INFO [main] org.apache.nifi.nar.NarClassLoaders Loaded NAR file: /opt/nifi/nifi-current/./work/nar/extensions/nifi-stateful-analysis-nar-2.6.0.nar-unpacked as class loader org.apache.nifi.nar.NarClassLoader[./work/nar/extensions/nifi-stateful-analysis-nar-2.6.0.nar-unpacked]
2025-10-16 10:25:41,164 INFO [main] org.apache.nifi.nar.NarClassLoaders Loaded NAR file: /opt/nifi/nifi-current/./work/nar/extensions/nifi-file-resource-service-nar-2.6.0.nar-unpacked as class loader org.apache.nifi.nar.NarClassLoader[./work/nar/extensions/nifi-file-resource-service-nar-2.6.0.nar-unpacked]
2025-10-16 10:25:41,165 INFO [main] org.apache.nifi.nar.NarClassLoaders Loaded NAR file: /opt/nifi/nifi-current/./work/nar/extensions/nifi-standard-shared-nar-2.6.0.nar-unpacked as class loader org.apache.nifi.nar.NarClassLoader[./work/nar/extensions/nifi-standard-shared-nar-2.6.0.nar-unpacked]
2025-10-16 10:25:41,171 INFO [main] org.apache.nifi.nar.NarClassLoaders Loaded NAR file: /opt/nifi/nifi-current/./work/nar/extensions/nifi-gcp-services-api-nar-2.6.0.nar-unpacked as class loader org.apache.nifi.nar.NarClassLoader[./work/nar/extensions/nifi-gcp-services-api-nar-2.6.0.nar-unpacked]
2025-10-16 10:25:41,173 INFO [main] org.apache.nifi.nar.NarClassLoaders Loaded NAR file: /opt/nifi/nifi-current/./work/nar/extensions/nifi-database-dialect-service-nar-2.6.0.nar-unpacked as class loader org.apache.nifi.nar.NarClassLoader[./work/nar/extensions/nifi-database-dialect-service-nar-2.6.0.nar-unpacked]
2025-10-16 10:25:41,173 INFO [main] org.apache.nifi.nar.NarClassLoaders Loaded NAR file: /opt/nifi/nifi-current/./work/nar/extensions/nifi-poi-nar-2.6.0.nar-unpacked as class loader org.apache.nifi.nar.NarClassLoader[./work/nar/extensions/nifi-poi-nar-2.6.0.nar-unpacked]
2025-10-16 10:25:41,174 INFO [main] org.apache.nifi.nar.NarClassLoaders Loaded NAR file: /opt/nifi/nifi-current/./work/nar/extensions/nifi-key-service-nar-2.6.0.nar-unpacked as class loader org.apache.nifi.nar.NarClassLoader[./work/nar/extensions/nifi-key-service-nar-2.6.0.nar-unpacked]
2025-10-16 10:25:41,175 INFO [main] org.apache.nifi.nar.NarClassLoaders Loaded NAR file: /opt/nifi/nifi-current/./work/nar/extensions/nifi-asana-services-api-nar-2.6.0.nar-unpacked as class loader org.apache.nifi.nar.NarClassLoader[./work/nar/extensions/nifi-asana-services-api-nar-2.6.0.nar-unpacked]
2025-10-16 10:25:41,196 INFO [main] org.apache.nifi.nar.NarClassLoaders Loaded NAR file: /opt/nifi/nifi-current/./work/nar/extensions/nifi-snmp-nar-2.6.0.nar-unpacked as class loader org.apache.nifi.nar.NarClassLoader[./work/nar/extensions/nifi-snmp-nar-2.6.0.nar-unpacked]
2025-10-16 10:25:41,197 INFO [main] org.apache.nifi.nar.NarClassLoaders Loaded NAR file: /opt/nifi/nifi-current/./work/nar/extensions/nifi-framework-zookeeper-nar-2.6.0.nar-unpacked as class loader org.apache.nifi.nar.NarClassLoader[./work/nar/extensions/nifi-framework-zookeeper-nar-2.6.0.nar-unpacked]
2025-10-16 10:25:41,198 INFO [main] org.apache.nifi.nar.NarClassLoaders Loaded NAR file: /opt/nifi/nifi-current/./work/nar/extensions/nifi-ssl-context-service-nar-2.6.0.nar-unpacked as class loader org.apache.nifi.nar.NarClassLoader[./work/nar/extensions/nifi-ssl-context-service-nar-2.6.0.nar-unpacked]
2025-10-16 10:25:41,199 INFO [main] org.apache.nifi.nar.NarClassLoaders Loaded NAR file: /opt/nifi/nifi-current/./work/nar/extensions/nifi-web-client-provider-service-nar-2.6.0.nar-unpacked as class loader org.apache.nifi.nar.NarClassLoader[./work/nar/extensions/nifi-web-client-provider-service-nar-2.6.0.nar-unpacked]
2025-10-16 10:25:41,199 INFO [main] org.apache.nifi.nar.NarClassLoaders Loaded NAR file: /opt/nifi/nifi-current/./work/nar/extensions/nifi-network-processors-nar-2.6.0.nar-unpacked as class loader org.apache.nifi.nar.NarClassLoader[./work/nar/extensions/nifi-network-processors-nar-2.6.0.nar-unpacked]
2025-10-16 10:25:41,199 INFO [main] org.apache.nifi.nar.NarClassLoaders Loaded NAR file: /opt/nifi/nifi-current/./work/nar/extensions/nifi-kafka-service-api-nar-2.6.0.nar-unpacked as class loader org.apache.nifi.nar.NarClassLoader[./work/nar/extensions/nifi-kafka-service-api-nar-2.6.0.nar-unpacked]
2025-10-16 10:25:41,200 INFO [main] org.apache.nifi.nar.NarClassLoaders Loaded NAR file: /opt/nifi/nifi-current/./work/nar/extensions/nifi-windows-event-log-nar-2.6.0.nar-unpacked as class loader org.apache.nifi.nar.NarClassLoader[./work/nar/extensions/nifi-windows-event-log-nar-2.6.0.nar-unpacked]
2025-10-16 10:25:41,201 INFO [main] org.apache.nifi.nar.NarClassLoaders Loaded NAR file: /opt/nifi/nifi-current/./work/nar/extensions/nifi-gcp-nar-2.6.0.nar-unpacked as class loader org.apache.nifi.nar.NarClassLoader[./work/nar/extensions/nifi-gcp-nar-2.6.0.nar-unpacked]
2025-10-16 10:25:41,205 INFO [main] org.apache.nifi.nar.NarClassLoaders Loaded NAR file: /opt/nifi/nifi-current/./work/nar/extensions/nifi-hashicorp-vault-client-service-api-nar-2.6.0.nar-unpacked as class loader org.apache.nifi.nar.NarClassLoader[./work/nar/extensions/nifi-hashicorp-vault-client-service-api-nar-2.6.0.nar-unpacked]
2025-10-16 10:25:41,205 INFO [main] org.apache.nifi.nar.NarClassLoaders Loaded NAR file: /opt/nifi/nifi-current/./work/nar/extensions/nifi-registry-nar-2.6.0.nar-unpacked as class loader org.apache.nifi.nar.NarClassLoader[./work/nar/extensions/nifi-registry-nar-2.6.0.nar-unpacked]
2025-10-16 10:25:41,206 INFO [main] org.apache.nifi.nar.NarClassLoaders Loaded NAR file: /opt/nifi/nifi-current/./work/nar/extensions/nifi-protobuf-services-nar-2.6.0.nar-unpacked as class loader org.apache.nifi.nar.NarClassLoader[./work/nar/extensions/nifi-protobuf-services-nar-2.6.0.nar-unpacked]
2025-10-16 10:25:41,207 INFO [main] org.apache.nifi.nar.NarClassLoaders Loaded NAR file: /opt/nifi/nifi-current/./work/nar/extensions/nifi-asana-services-nar-2.6.0.nar-unpacked as class loader org.apache.nifi.nar.NarClassLoader[./work/nar/extensions/nifi-asana-services-nar-2.6.0.nar-unpacked]
2025-10-16 10:25:41,208 INFO [main] org.apache.nifi.nar.NarClassLoaders Loaded NAR file: /opt/nifi/nifi-current/./work/nar/extensions/nifi-site-to-site-reporting-nar-2.6.0.nar-unpacked as class loader org.apache.nifi.nar.NarClassLoader[./work/nar/extensions/nifi-site-to-site-reporting-nar-2.6.0.nar-unpacked]
2025-10-16 10:25:41,209 INFO [main] org.apache.nifi.nar.NarClassLoaders Loaded NAR file: /opt/nifi/nifi-current/./work/nar/extensions/nifi-zendesk-nar-2.6.0.nar-unpacked as class loader org.apache.nifi.nar.NarClassLoader[./work/nar/extensions/nifi-zendesk-nar-2.6.0.nar-unpacked]
2025-10-16 10:25:41,209 INFO [main] org.apache.nifi.nar.NarClassLoaders Loaded NAR file: /opt/nifi/nifi-current/./work/nar/extensions/nifi-cipher-nar-2.6.0.nar-unpacked as class loader org.apache.nifi.nar.NarClassLoader[./work/nar/extensions/nifi-cipher-nar-2.6.0.nar-unpacked]
2025-10-16 10:25:41,210 INFO [main] org.apache.nifi.nar.NarClassLoaders Loaded NAR file: /opt/nifi/nifi-current/./work/nar/extensions/nifi-jms-cf-service-nar-2.6.0.nar-unpacked as class loader org.apache.nifi.nar.NarClassLoader[./work/nar/extensions/nifi-jms-cf-service-nar-2.6.0.nar-unpacked]
2025-10-16 10:25:41,210 INFO [main] org.apache.nifi.nar.NarClassLoaders Loaded NAR file: /opt/nifi/nifi-current/./work/nar/extensions/nifi-jolt-nar-2.6.0.nar-unpacked as class loader org.apache.nifi.nar.NarClassLoader[./work/nar/extensions/nifi-jolt-nar-2.6.0.nar-unpacked]
2025-10-16 10:25:41,211 INFO [main] org.apache.nifi.nar.NarClassLoaders Loaded NAR file: /opt/nifi/nifi-current/./work/nar/extensions/nifi-hazelcast-services-api-nar-2.6.0.nar-unpacked as class loader org.apache.nifi.nar.NarClassLoader[./work/nar/extensions/nifi-hazelcast-services-api-nar-2.6.0.nar-unpacked]
2025-10-16 10:25:41,211 INFO [main] org.apache.nifi.nar.NarClassLoaders Loaded NAR file: /opt/nifi/nifi-current/./work/nar/extensions/nifi-pgp-service-api-nar-2.6.0.nar-unpacked as class loader org.apache.nifi.nar.NarClassLoader[./work/nar/extensions/nifi-pgp-service-api-nar-2.6.0.nar-unpacked]
2025-10-16 10:25:41,212 INFO [main] org.apache.nifi.nar.NarClassLoaders Loaded NAR file: /opt/nifi/nifi-current/./work/nar/extensions/nifi-proxy-configuration-nar-2.6.0.nar-unpacked as class loader org.apache.nifi.nar.NarClassLoader[./work/nar/extensions/nifi-proxy-configuration-nar-2.6.0.nar-unpacked]
2025-10-16 10:25:41,212 INFO [main] org.apache.nifi.nar.NarClassLoaders Loaded NAR file: /opt/nifi/nifi-current/./work/nar/extensions/nifi-airtable-nar-2.6.0.nar-unpacked as class loader org.apache.nifi.nar.NarClassLoader[./work/nar/extensions/nifi-airtable-nar-2.6.0.nar-unpacked]
2025-10-16 10:25:41,212 INFO [main] org.apache.nifi.nar.NarClassLoaders Loaded NAR file: /opt/nifi/nifi-current/./work/nar/extensions/nifi-github-nar-2.6.0.nar-unpacked as class loader org.apache.nifi.nar.NarClassLoader[./work/nar/extensions/nifi-github-nar-2.6.0.nar-unpacked]
2025-10-16 10:25:41,213 INFO [main] org.apache.nifi.nar.NarClassLoaders Loaded NAR file: /opt/nifi/nifi-current/./work/nar/extensions/nifi-oauth2-provider-nar-2.6.0.nar-unpacked as class loader org.apache.nifi.nar.NarClassLoader[./work/nar/extensions/nifi-oauth2-provider-nar-2.6.0.nar-unpacked]
2025-10-16 10:25:41,214 INFO [main] org.apache.nifi.nar.NarClassLoaders Loaded NAR file: /opt/nifi/nifi-current/./work/nar/extensions/nifi-workday-processors-nar-2.6.0.nar-unpacked as class loader org.apache.nifi.nar.NarClassLoader[./work/nar/extensions/nifi-workday-processors-nar-2.6.0.nar-unpacked]
2025-10-16 10:25:41,215 INFO [main] org.apache.nifi.nar.NarClassLoaders Loaded NAR file: /opt/nifi/nifi-current/./work/nar/extensions/nifi-mongodb-client-service-api-nar-2.6.0.nar-unpacked as class loader org.apache.nifi.nar.NarClassLoader[./work/nar/extensions/nifi-mongodb-client-service-api-nar-2.6.0.nar-unpacked]
2025-10-16 10:25:41,215 INFO [main] org.apache.nifi.nar.NarClassLoaders Loaded NAR file: /opt/nifi/nifi-current/./work/nar/extensions/nifi-groovyx-nar-2.6.0.nar-unpacked as class loader org.apache.nifi.nar.NarClassLoader[./work/nar/extensions/nifi-groovyx-nar-2.6.0.nar-unpacked]
2025-10-16 10:25:41,218 INFO [main] org.apache.nifi.nar.NarClassLoaders Loaded NAR file: /opt/nifi/nifi-current/./work/nar/extensions/nifi-hazelcast-services-nar-2.6.0.nar-unpacked as class loader org.apache.nifi.nar.NarClassLoader[./work/nar/extensions/nifi-hazelcast-services-nar-2.6.0.nar-unpacked]
2025-10-16 10:25:41,219 INFO [main] org.apache.nifi.nar.NarClassLoaders Loaded NAR file: /opt/nifi/nifi-current/./work/nar/extensions/nifi-mqtt-nar-2.6.0.nar-unpacked as class loader org.apache.nifi.nar.NarClassLoader[./work/nar/extensions/nifi-mqtt-nar-2.6.0.nar-unpacked]
2025-10-16 10:25:41,220 INFO [main] org.apache.nifi.nar.NarClassLoaders Loaded NAR file: /opt/nifi/nifi-current/./work/nar/extensions/nifi-cdc-mysql-nar-2.6.0.nar-unpacked as class loader org.apache.nifi.nar.NarClassLoader[./work/nar/extensions/nifi-cdc-mysql-nar-2.6.0.nar-unpacked]
2025-10-16 10:25:41,221 INFO [main] org.apache.nifi.nar.NarClassLoaders Loaded NAR file: /opt/nifi/nifi-current/./work/nar/extensions/nifi-jslt-nar-2.6.0.nar-unpacked as class loader org.apache.nifi.nar.NarClassLoader[./work/nar/extensions/nifi-jslt-nar-2.6.0.nar-unpacked]
2025-10-16 10:25:41,221 INFO [main] org.apache.nifi.nar.NarClassLoaders Loaded NAR file: /opt/nifi/nifi-current/./work/nar/extensions/nifi-kafka-nar-2.6.0.nar-unpacked as class loader org.apache.nifi.nar.NarClassLoader[./work/nar/extensions/nifi-kafka-nar-2.6.0.nar-unpacked]
2025-10-16 10:25:41,221 INFO [main] org.apache.nifi.nar.NarClassLoaders Loaded NAR file: /opt/nifi/nifi-current/./work/nar/extensions/nifi-mongodb-nar-2.6.0.nar-unpacked as class loader org.apache.nifi.nar.NarClassLoader[./work/nar/extensions/nifi-mongodb-nar-2.6.0.nar-unpacked]
2025-10-16 10:25:41,222 INFO [main] org.apache.nifi.nar.NarClassLoaders Loaded NAR file: /opt/nifi/nifi-current/./work/nar/extensions/nifi-pgp-service-nar-2.6.0.nar-unpacked as class loader org.apache.nifi.nar.NarClassLoader[./work/nar/extensions/nifi-pgp-service-nar-2.6.0.nar-unpacked]
2025-10-16 10:25:41,222 INFO [main] org.apache.nifi.nar.NarClassLoaders Loaded NAR file: /opt/nifi/nifi-current/./work/nar/extensions/nifi-standard-content-viewer-nar-2.6.0.nar-unpacked as class loader org.apache.nifi.nar.NarClassLoader[./work/nar/extensions/nifi-standard-content-viewer-nar-2.6.0.nar-unpacked]
2025-10-16 10:25:41,223 INFO [main] org.apache.nifi.nar.NarClassLoaders Loaded NAR file: /opt/nifi/nifi-current/./work/nar/extensions/nifi-standard-nar-2.6.0.nar-unpacked as class loader org.apache.nifi.nar.NarClassLoader[./work/nar/extensions/nifi-standard-nar-2.6.0.nar-unpacked]
2025-10-16 10:25:41,231 INFO [main] org.apache.nifi.nar.NarClassLoaders Loaded NAR file: /opt/nifi/nifi-current/./work/nar/extensions/nifi-box-services-api-nar-2.6.0.nar-unpacked as class loader org.apache.nifi.nar.NarClassLoader[./work/nar/extensions/nifi-box-services-api-nar-2.6.0.nar-unpacked]
2025-10-16 10:25:41,231 INFO [main] org.apache.nifi.nar.NarClassLoaders Loaded NAR file: /opt/nifi/nifi-current/./work/nar/extensions/nifi-http-context-map-nar-2.6.0.nar-unpacked as class loader org.apache.nifi.nar.NarClassLoader[./work/nar/extensions/nifi-http-context-map-nar-2.6.0.nar-unpacked]
2025-10-16 10:25:41,232 INFO [main] org.apache.nifi.nar.NarClassLoaders Loaded NAR file: /opt/nifi/nifi-current/./work/nar/extensions/nifi-avro-nar-2.6.0.nar-unpacked as class loader org.apache.nifi.nar.NarClassLoader[./work/nar/extensions/nifi-avro-nar-2.6.0.nar-unpacked]
2025-10-16 10:25:41,232 INFO [main] org.apache.nifi.nar.NarClassLoaders Loaded NAR file: /opt/nifi/nifi-current/./work/nar/extensions/nifi-enrich-nar-2.6.0.nar-unpacked as class loader org.apache.nifi.nar.NarClassLoader[./work/nar/extensions/nifi-enrich-nar-2.6.0.nar-unpacked]
2025-10-16 10:25:41,233 INFO [main] org.apache.nifi.nar.NarClassLoaders Loaded NAR file: /opt/nifi/nifi-current/./work/nar/extensions/nifi-lookup-services-nar-2.6.0.nar-unpacked as class loader org.apache.nifi.nar.NarClassLoader[./work/nar/extensions/nifi-lookup-services-nar-2.6.0.nar-unpacked]
2025-10-16 10:25:41,233 INFO [main] org.apache.nifi.nar.NarClassLoaders Loaded NAR file: /opt/nifi/nifi-current/./work/nar/extensions/nifi-splunk-nar-2.6.0.nar-unpacked as class loader org.apache.nifi.nar.NarClassLoader[./work/nar/extensions/nifi-splunk-nar-2.6.0.nar-unpacked]
2025-10-16 10:25:41,234 INFO [main] org.apache.nifi.nar.NarClassLoaders Loaded NAR file: /opt/nifi/nifi-current/./work/nar/extensions/nifi-zendesk-services-nar-2.6.0.nar-unpacked as class loader org.apache.nifi.nar.NarClassLoader[./work/nar/extensions/nifi-zendesk-services-nar-2.6.0.nar-unpacked]
2025-10-16 10:25:41,234 INFO [main] org.apache.nifi.nar.NarClassLoaders Loaded NAR file: /opt/nifi/nifi-current/./work/nar/extensions/nifi-hashicorp-vault-nar-2.6.0.nar-unpacked as class loader org.apache.nifi.nar.NarClassLoader[./work/nar/extensions/nifi-hashicorp-vault-nar-2.6.0.nar-unpacked]
2025-10-16 10:25:41,235 INFO [main] org.apache.nifi.nar.NarClassLoaders Loaded NAR file: /opt/nifi/nifi-current/./work/nar/extensions/nifi-distributed-cache-services-nar-2.6.0.nar-unpacked as class loader org.apache.nifi.nar.NarClassLoader[./work/nar/extensions/nifi-distributed-cache-services-nar-2.6.0.nar-unpacked]
2025-10-16 10:25:41,236 INFO [main] org.apache.nifi.nar.NarClassLoaders Loaded NAR file: /opt/nifi/nifi-current/./work/nar/extensions/nifi-slack-nar-2.6.0.nar-unpacked as class loader org.apache.nifi.nar.NarClassLoader[./work/nar/extensions/nifi-slack-nar-2.6.0.nar-unpacked]
2025-10-16 10:25:41,256 INFO [main] org.apache.nifi.nar.NarClassLoaders Loaded NAR file: /opt/nifi/nifi-current/./work/nar/extensions/nifi-kafka-3-service-nar-2.6.0.nar-unpacked as class loader org.apache.nifi.nar.NarClassLoader[./work/nar/extensions/nifi-kafka-3-service-nar-2.6.0.nar-unpacked]
2025-10-16 10:25:41,257 INFO [main] org.apache.nifi.nar.NarClassLoaders Loaded NAR file: /opt/nifi/nifi-current/./work/nar/extensions/nifi-kerberos-user-service-nar-2.6.0.nar-unpacked as class loader org.apache.nifi.nar.NarClassLoader[./work/nar/extensions/nifi-kerberos-user-service-nar-2.6.0.nar-unpacked]
2025-10-16 10:25:41,258 INFO [main] org.apache.nifi.nar.NarClassLoaders Loaded NAR file: /opt/nifi/nifi-current/./work/nar/extensions/nifi-confluent-platform-nar-2.6.0.nar-unpacked as class loader org.apache.nifi.nar.NarClassLoader[./work/nar/extensions/nifi-confluent-platform-nar-2.6.0.nar-unpacked]
2025-10-16 10:25:41,259 INFO [main] org.apache.nifi.nar.NarClassLoaders Loaded NAR file: /opt/nifi/nifi-current/./work/nar/extensions/nifi-social-media-nar-2.6.0.nar-unpacked as class loader org.apache.nifi.nar.NarClassLoader[./work/nar/extensions/nifi-social-media-nar-2.6.0.nar-unpacked]
2025-10-16 10:25:41,260 INFO [main] org.apache.nifi.nar.NarClassLoaders Loaded NAR file: /opt/nifi/nifi-current/./work/nar/extensions/nifi-opentelemetry-nar-2.6.0.nar-unpacked as class loader org.apache.nifi.nar.NarClassLoader[./work/nar/extensions/nifi-opentelemetry-nar-2.6.0.nar-unpacked]
2025-10-16 10:25:41,261 INFO [main] org.apache.nifi.nar.NarClassLoaders Loaded NAR file: /opt/nifi/nifi-current/./work/nar/extensions/nifi-elasticsearch-client-service-api-nar-2.6.0.nar-unpacked as class loader org.apache.nifi.nar.NarClassLoader[./work/nar/extensions/nifi-elasticsearch-client-service-api-nar-2.6.0.nar-unpacked]
2025-10-16 10:25:41,262 INFO [main] org.apache.nifi.nar.NarClassLoaders Loaded NAR file: /opt/nifi/nifi-current/./work/nar/extensions/nifi-py4j-nar-2.6.0.nar-unpacked as class loader org.apache.nifi.nar.NarClassLoader[./work/nar/extensions/nifi-py4j-nar-2.6.0.nar-unpacked]
2025-10-16 10:25:41,262 INFO [main] org.apache.nifi.nar.NarClassLoaders Loaded NAR file: /opt/nifi/nifi-current/./work/nar/extensions/nifi-amqp-nar-2.6.0.nar-unpacked as class loader org.apache.nifi.nar.NarClassLoader[./work/nar/extensions/nifi-amqp-nar-2.6.0.nar-unpacked]
2025-10-16 10:25:41,263 INFO [main] org.apache.nifi.nar.NarClassLoaders Loaded NAR file: /opt/nifi/nifi-current/./work/nar/extensions/nifi-salesforce-nar-2.6.0.nar-unpacked as class loader org.apache.nifi.nar.NarClassLoader[./work/nar/extensions/nifi-salesforce-nar-2.6.0.nar-unpacked]
2025-10-16 10:25:41,263 INFO [main] org.apache.nifi.nar.NarClassLoaders Loaded NAR file: /opt/nifi/nifi-current/./work/nar/extensions/nifi-websocket-services-api-nar-2.6.0.nar-unpacked as class loader org.apache.nifi.nar.NarClassLoader[./work/nar/extensions/nifi-websocket-services-api-nar-2.6.0.nar-unpacked]
2025-10-16 10:25:41,264 INFO [main] org.apache.nifi.nar.NarClassLoaders Loaded NAR file: /opt/nifi/nifi-current/./work/nar/extensions/nifi-shopify-nar-2.6.0.nar-unpacked as class loader org.apache.nifi.nar.NarClassLoader[./work/nar/extensions/nifi-shopify-nar-2.6.0.nar-unpacked]
2025-10-16 10:25:41,264 INFO [main] org.apache.nifi.nar.NarClassLoaders Loaded NAR file: /opt/nifi/nifi-current/./work/nar/extensions/nifi-geohash-nar-2.6.0.nar-unpacked as class loader org.apache.nifi.nar.NarClassLoader[./work/nar/extensions/nifi-geohash-nar-2.6.0.nar-unpacked]
2025-10-16 10:25:41,264 INFO [main] org.apache.nifi.nar.NarClassLoaders Loaded NAR file: /opt/nifi/nifi-current/./work/nar/extensions/nifi-aws-service-api-nar-2.6.0.nar-unpacked as class loader org.apache.nifi.nar.NarClassLoader[./work/nar/extensions/nifi-aws-service-api-nar-2.6.0.nar-unpacked]
2025-10-16 10:25:41,266 INFO [main] org.apache.nifi.nar.NarClassLoaders Loaded NAR file: /opt/nifi/nifi-current/./work/nar/extensions/nifi-kafka-service-aws-nar-2.6.0.nar-unpacked as class loader org.apache.nifi.nar.NarClassLoader[./work/nar/extensions/nifi-kafka-service-aws-nar-2.6.0.nar-unpacked]
2025-10-16 10:25:41,268 INFO [main] org.apache.nifi.nar.NarClassLoaders Loaded NAR file: /opt/nifi/nifi-current/./work/nar/extensions/nifi-db-schema-registry-service-nar-2.6.0.nar-unpacked as class loader org.apache.nifi.nar.NarClassLoader[./work/nar/extensions/nifi-db-schema-registry-service-nar-2.6.0.nar-unpacked]
2025-10-16 10:25:41,268 INFO [main] org.apache.nifi.nar.NarClassLoaders Loaded NAR file: /opt/nifi/nifi-current/./work/nar/extensions/nifi-dropbox-services-api-nar-2.6.0.nar-unpacked as class loader org.apache.nifi.nar.NarClassLoader[./work/nar/extensions/nifi-dropbox-services-api-nar-2.6.0.nar-unpacked]
2025-10-16 10:25:41,269 INFO [main] org.apache.nifi.nar.NarClassLoaders Loaded NAR file: /opt/nifi/nifi-current/./work/nar/extensions/nifi-flow-registry-client-nar-2.6.0.nar-unpacked as class loader org.apache.nifi.nar.NarClassLoader[./work/nar/extensions/nifi-flow-registry-client-nar-2.6.0.nar-unpacked]
2025-10-16 10:25:41,270 INFO [main] org.apache.nifi.nar.NarClassLoaders Loaded NAR file: /opt/nifi/nifi-current/./work/nar/extensions/nifi-azure-services-api-nar-2.6.0.nar-unpacked as class loader org.apache.nifi.nar.NarClassLoader[./work/nar/extensions/nifi-azure-services-api-nar-2.6.0.nar-unpacked]
2025-10-16 10:25:41,274 INFO [main] org.apache.nifi.nar.NarClassLoaders Loaded NAR file: /opt/nifi/nifi-current/./work/nar/extensions/nifi-dropbox-services-nar-2.6.0.nar-unpacked as class loader org.apache.nifi.nar.NarClassLoader[./work/nar/extensions/nifi-dropbox-services-nar-2.6.0.nar-unpacked]
2025-10-16 10:25:41,274 INFO [main] org.apache.nifi.nar.NarClassLoaders Loaded NAR file: /opt/nifi/nifi-current/./work/nar/extensions/nifi-apicurio-nar-2.6.0.nar-unpacked as class loader org.apache.nifi.nar.NarClassLoader[./work/nar/extensions/nifi-apicurio-nar-2.6.0.nar-unpacked]
2025-10-16 10:25:41,274 INFO [main] org.apache.nifi.nar.NarClassLoaders Loaded NAR file: /opt/nifi/nifi-current/./work/nar/extensions/nifi-hubspot-nar-2.6.0.nar-unpacked as class loader org.apache.nifi.nar.NarClassLoader[./work/nar/extensions/nifi-hubspot-nar-2.6.0.nar-unpacked]
2025-10-16 10:25:41,275 INFO [main] org.apache.nifi.nar.NarClassLoaders Loaded NAR file: /opt/nifi/nifi-current/./work/nar/extensions/nifi-smb-client-api-nar-2.6.0.nar-unpacked as class loader org.apache.nifi.nar.NarClassLoader[./work/nar/extensions/nifi-smb-client-api-nar-2.6.0.nar-unpacked]
2025-10-16 10:25:41,275 INFO [main] org.apache.nifi.nar.NarClassLoaders Loaded NAR file: /opt/nifi/nifi-current/./work/nar/extensions/nifi-record-sink-service-nar-2.6.0.nar-unpacked as class loader org.apache.nifi.nar.NarClassLoader[./work/nar/extensions/nifi-record-sink-service-nar-2.6.0.nar-unpacked]
2025-10-16 10:25:41,276 INFO [main] org.apache.nifi.nar.NarClassLoaders Loaded NAR file: /opt/nifi/nifi-current/./work/nar/extensions/nifi-gitlab-nar-2.6.0.nar-unpacked as class loader org.apache.nifi.nar.NarClassLoader[./work/nar/extensions/nifi-gitlab-nar-2.6.0.nar-unpacked]
2025-10-16 10:25:41,277 INFO [main] org.apache.nifi.nar.NarClassLoaders Loaded NAR file: /opt/nifi/nifi-current/./work/nar/extensions/nifi-box-nar-2.6.0.nar-unpacked as class loader org.apache.nifi.nar.NarClassLoader[./work/nar/extensions/nifi-box-nar-2.6.0.nar-unpacked]
2025-10-16 10:25:41,278 INFO [main] org.apache.nifi.nar.NarClassLoaders Loaded NAR file: /opt/nifi/nifi-current/./work/nar/extensions/nifi-scripting-nar-2.6.0.nar-unpacked as class loader org.apache.nifi.nar.NarClassLoader[./work/nar/extensions/nifi-scripting-nar-2.6.0.nar-unpacked]
2025-10-16 10:25:41,280 INFO [main] org.apache.nifi.nar.NarClassLoaders Loaded NAR file: /opt/nifi/nifi-current/./work/nar/extensions/nifi-asana-processors-nar-2.6.0.nar-unpacked as class loader org.apache.nifi.nar.NarClassLoader[./work/nar/extensions/nifi-asana-processors-nar-2.6.0.nar-unpacked]
2025-10-16 10:25:41,281 INFO [main] org.apache.nifi.nar.NarClassLoaders Loaded NAR file: /opt/nifi/nifi-current/./work/nar/extensions/nifi-atlassian-nar-2.6.0.nar-unpacked as class loader org.apache.nifi.nar.NarClassLoader[./work/nar/extensions/nifi-atlassian-nar-2.6.0.nar-unpacked]
2025-10-16 10:25:41,281 INFO [main] org.apache.nifi.nar.NarClassLoaders Loaded NAR file: /opt/nifi/nifi-current/./work/nar/extensions/nifi-jms-processors-nar-2.6.0.nar-unpacked as class loader org.apache.nifi.nar.NarClassLoader[./work/nar/extensions/nifi-jms-processors-nar-2.6.0.nar-unpacked]
2025-10-16 10:25:41,282 INFO [main] org.apache.nifi.nar.NarClassLoaders Loaded NAR file: /opt/nifi/nifi-current/./work/nar/extensions/nifi-record-serialization-services-nar-2.6.0.nar-unpacked as class loader org.apache.nifi.nar.NarClassLoader[./work/nar/extensions/nifi-record-serialization-services-nar-2.6.0.nar-unpacked]
2025-10-16 10:25:41,283 INFO [main] org.apache.nifi.nar.NarClassLoaders Loaded NAR file: /opt/nifi/nifi-current/./work/nar/extensions/nifi-elasticsearch-client-service-nar-2.6.0.nar-unpacked as class loader org.apache.nifi.nar.NarClassLoader[./work/nar/extensions/nifi-elasticsearch-client-service-nar-2.6.0.nar-unpacked]
2025-10-16 10:25:41,284 INFO [main] org.apache.nifi.nar.NarClassLoaders Loaded NAR file: /opt/nifi/nifi-current/./work/nar/extensions/nifi-redis-service-api-nar-2.6.0.nar-unpacked as class loader org.apache.nifi.nar.NarClassLoader[./work/nar/extensions/nifi-redis-service-api-nar-2.6.0.nar-unpacked]
2025-10-16 10:25:41,286 INFO [main] org.apache.nifi.nar.NarClassLoaders Loaded NAR file: /opt/nifi/nifi-current/./work/nar/extensions/nifi-smb-smbj-client-nar-2.6.0.nar-unpacked as class loader org.apache.nifi.nar.NarClassLoader[./work/nar/extensions/nifi-smb-smbj-client-nar-2.6.0.nar-unpacked]
2025-10-16 10:25:41,286 INFO [main] org.apache.nifi.nar.NarClassLoaders Loaded NAR file: /opt/nifi/nifi-current/./work/nar/extensions/nifi-pgp-nar-2.6.0.nar-unpacked as class loader org.apache.nifi.nar.NarClassLoader[./work/nar/extensions/nifi-pgp-nar-2.6.0.nar-unpacked]
2025-10-16 10:25:41,286 INFO [main] org.apache.nifi.nar.NarClassLoaders Loaded NAR file: /opt/nifi/nifi-current/./work/nar/extensions/nifi-smb-nar-2.6.0.nar-unpacked as class loader org.apache.nifi.nar.NarClassLoader[./work/nar/extensions/nifi-smb-nar-2.6.0.nar-unpacked]
2025-10-16 10:25:41,287 INFO [main] org.apache.nifi.nar.NarClassLoaders Loaded NAR file: /opt/nifi/nifi-current/./work/nar/extensions/nifi-mongodb-services-nar-2.6.0.nar-unpacked as class loader org.apache.nifi.nar.NarClassLoader[./work/nar/extensions/nifi-mongodb-services-nar-2.6.0.nar-unpacked]
2025-10-16 10:25:41,287 INFO [main] org.apache.nifi.nar.NarClassLoaders Loaded NAR file: /opt/nifi/nifi-current/./work/nar/extensions/nifi-websocket-processors-nar-2.6.0.nar-unpacked as class loader org.apache.nifi.nar.NarClassLoader[./work/nar/extensions/nifi-websocket-processors-nar-2.6.0.nar-unpacked]
2025-10-16 10:25:41,288 INFO [main] org.apache.nifi.nar.NarClassLoaders Loaded NAR file: /opt/nifi/nifi-current/./work/nar/extensions/nifi-dropbox-processors-nar-2.6.0.nar-unpacked as class loader org.apache.nifi.nar.NarClassLoader[./work/nar/extensions/nifi-dropbox-processors-nar-2.6.0.nar-unpacked]
2025-10-16 10:25:41,288 INFO [main] org.apache.nifi.nar.NarClassLoaders Loaded NAR file: /opt/nifi/nifi-current/./work/nar/extensions/nifi-websocket-services-jetty-nar-2.6.0.nar-unpacked as class loader org.apache.nifi.nar.NarClassLoader[./work/nar/extensions/nifi-websocket-services-jetty-nar-2.6.0.nar-unpacked]
2025-10-16 10:25:41,289 INFO [main] org.apache.nifi.nar.NarClassLoaders Loaded NAR file: /opt/nifi/nifi-current/./work/nar/extensions/nifi-box-services-nar-2.6.0.nar-unpacked as class loader org.apache.nifi.nar.NarClassLoader[./work/nar/extensions/nifi-box-services-nar-2.6.0.nar-unpacked]
2025-10-16 10:25:41,290 INFO [main] org.apache.nifi.nar.NarClassLoaders Loaded NAR file: /opt/nifi/nifi-current/./work/nar/extensions/nifi-aws-nar-2.6.0.nar-unpacked as class loader org.apache.nifi.nar.NarClassLoader[./work/nar/extensions/nifi-aws-nar-2.6.0.nar-unpacked]
2025-10-16 10:25:41,296 INFO [main] org.apache.nifi.nar.NarClassLoaders Loaded NAR file: /opt/nifi/nifi-current/./work/nar/extensions/nifi-elasticsearch-restapi-nar-2.6.0.nar-unpacked as class loader org.apache.nifi.nar.NarClassLoader[./work/nar/extensions/nifi-elasticsearch-restapi-nar-2.6.0.nar-unpacked]
2025-10-16 10:25:41,297 INFO [main] org.apache.nifi.nar.NarClassLoaders Loaded NAR file: /opt/nifi/nifi-current/./work/nar/extensions/nifi-azure-nar-2.6.0.nar-unpacked as class loader org.apache.nifi.nar.NarClassLoader[./work/nar/extensions/nifi-azure-nar-2.6.0.nar-unpacked]
2025-10-16 10:25:41,303 INFO [main] org.apache.nifi.nar.NarClassLoaders Loaded NAR file: /opt/nifi/nifi-current/./work/nar/extensions/nifi-redis-nar-2.6.0.nar-unpacked as class loader org.apache.nifi.nar.NarClassLoader[./work/nar/extensions/nifi-redis-nar-2.6.0.nar-unpacked]
2025-10-16 10:25:41,304 INFO [main] org.apache.nifi.nar.NarClassLoaders Found NiFiServer implementation org.apache.nifi.web.server.JettyServer in org.apache.nifi:nifi-server-nar:2.6.0
2025-10-16 10:25:41,305 INFO [main] o.a.nifi.properties.NiFiPropertiesLoader Loading Application Properties [/opt/nifi/nifi-current/conf/nifi.properties]
2025-10-16 10:25:41,347 ERROR [main] org.apache.nifi.web.server.JettyServer Failed to start Server
java.lang.IllegalStateException: Invalid port configuration in nifi.properties: Both nifi.web.https.port and nifi.web.http.port specified
	at org.apache.nifi.web.server.connector.FrameworkServerConnectorFactory.getPort(FrameworkServerConnectorFactory.java:156)
	at org.apache.nifi.web.server.connector.FrameworkServerConnectorFactory.<init>(FrameworkServerConnectorFactory.java:68)
	at org.apache.nifi.web.server.StandardServerProvider.addConnectors(StandardServerProvider.java:96)
	at org.apache.nifi.web.server.StandardServerProvider.getServer(StandardServerProvider.java:69)
	at org.apache.nifi.web.server.JettyServer.init(JettyServer.java:215)
	at org.apache.nifi.web.server.JettyServer.initialize(JettyServer.java:988)
	at org.apache.nifi.runtime.Application.startServer(Application.java:126)
	at org.apache.nifi.runtime.Application.run(Application.java:78)
	at org.apache.nifi.runtime.Application.run(Application.java:60)
	at org.apache.nifi.NiFi.main(NiFi.java:42)
2025-10-16 10:25:48,404 INFO [main] org.apache.nifi.runtime.Application Starting NiFi 2.6.0 using Java 21.0.8+12-LTS with PID 46
2025-10-16 10:25:48,406 INFO [main] o.apache.nifi.runtime.PropertiesProvider Loading Application Properties [/opt/nifi/nifi-current/conf/nifi.properties]
2025-10-16 10:25:48,411 INFO [main] org.apache.nifi.nar.NarUnpacker Expanding 112 NAR files started
2025-10-16 10:25:48,943 INFO [main] org.apache.nifi.nar.NarUnpacker Expanded 112 NAR files in 0.532 seconds (532166500 ns)
2025-10-16 10:25:49,186 INFO [main] org.apache.nifi.nar.NarClassLoaders Loaded NAR file: /opt/nifi/nifi-current/./work/nar/extensions/nifi-jetty-nar-2.6.0.nar-unpacked as class loader org.apache.nifi.nar.NarClassLoader[./work/nar/extensions/nifi-jetty-nar-2.6.0.nar-unpacked]
2025-10-16 10:25:49,190 INFO [main] org.apache.nifi.nar.NarClassLoaders Loaded NAR file: /opt/nifi/nifi-current/./work/nar/framework/nifi-framework-nar-2.6.0.nar-unpacked as class loader org.apache.nifi.nar.NarClassLoader[./work/nar/framework/nifi-framework-nar-2.6.0.nar-unpacked]
2025-10-16 10:25:49,254 INFO [main] org.apache.nifi.nar.NarClassLoaders Loaded NAR file: /opt/nifi/nifi-current/./work/nar/extensions/nifi-provenance-repository-nar-2.6.0.nar-unpacked as class loader org.apache.nifi.nar.NarClassLoader[./work/nar/extensions/nifi-provenance-repository-nar-2.6.0.nar-unpacked]
2025-10-16 10:25:49,255 INFO [main] org.apache.nifi.nar.NarClassLoaders Loaded NAR file: /opt/nifi/nifi-current/./work/nar/extensions/nifi-hl7-nar-2.6.0.nar-unpacked as class loader org.apache.nifi.nar.NarClassLoader[./work/nar/extensions/nifi-hl7-nar-2.6.0.nar-unpacked]
2025-10-16 10:25:49,272 INFO [main] org.apache.nifi.nar.NarClassLoaders Loaded NAR file: /opt/nifi/nifi-current/./work/nar/extensions/nifi-compress-nar-2.6.0.nar-unpacked as class loader org.apache.nifi.nar.NarClassLoader[./work/nar/extensions/nifi-compress-nar-2.6.0.nar-unpacked]
2025-10-16 10:25:49,273 INFO [main] org.apache.nifi.nar.NarClassLoaders Loaded NAR file: /opt/nifi/nifi-current/./work/nar/extensions/nifi-update-attribute-nar-2.6.0.nar-unpacked as class loader org.apache.nifi.nar.NarClassLoader[./work/nar/extensions/nifi-update-attribute-nar-2.6.0.nar-unpacked]
2025-10-16 10:25:49,274 INFO [main] org.apache.nifi.nar.NarClassLoaders Loaded NAR file: /opt/nifi/nifi-current/./work/nar/extensions/nifi-ldap-iaa-providers-nar-2.6.0.nar-unpacked as class loader org.apache.nifi.nar.NarClassLoader[./work/nar/extensions/nifi-ldap-iaa-providers-nar-2.6.0.nar-unpacked]
2025-10-16 10:25:49,275 INFO [main] org.apache.nifi.nar.NarClassLoaders Loaded NAR file: /opt/nifi/nifi-current/./work/nar/extensions/nifi-single-user-iaa-providers-nar-2.6.0.nar-unpacked as class loader org.apache.nifi.nar.NarClassLoader[./work/nar/extensions/nifi-single-user-iaa-providers-nar-2.6.0.nar-unpacked]
2025-10-16 10:25:49,276 INFO [main] org.apache.nifi.nar.NarClassLoaders Loaded NAR file: /opt/nifi/nifi-current/./work/nar/extensions/nifi-framework-kubernetes-nar-2.6.0.nar-unpacked as class loader org.apache.nifi.nar.NarClassLoader[./work/nar/extensions/nifi-framework-kubernetes-nar-2.6.0.nar-unpacked]
2025-10-16 10:25:49,278 INFO [main] org.apache.nifi.nar.NarClassLoaders Loaded NAR file: /opt/nifi/nifi-current/./work/nar/extensions/nifi-server-nar-2.6.0.nar-unpacked as class loader org.apache.nifi.nar.NarClassLoader[./work/nar/extensions/nifi-server-nar-2.6.0.nar-unpacked]
2025-10-16 10:25:49,287 INFO [main] org.apache.nifi.nar.NarClassLoaders Loaded NAR file: /opt/nifi/nifi-current/./work/nar/extensions/nifi-standard-services-api-nar-2.6.0.nar-unpacked as class loader org.apache.nifi.nar.NarClassLoader[./work/nar/extensions/nifi-standard-services-api-nar-2.6.0.nar-unpacked]
2025-10-16 10:25:49,288 INFO [main] org.apache.nifi.nar.NarClassLoaders Loaded NAR file: /opt/nifi/nifi-current/./work/nar/extensions/nifi-email-nar-2.6.0.nar-unpacked as class loader org.apache.nifi.nar.NarClassLoader[./work/nar/extensions/nifi-email-nar-2.6.0.nar-unpacked]
2025-10-16 10:25:49,289 INFO [main] org.apache.nifi.nar.NarClassLoaders Loaded NAR file: /opt/nifi/nifi-current/./work/nar/extensions/nifi-dbcp-service-nar-2.6.0.nar-unpacked as class loader org.apache.nifi.nar.NarClassLoader[./work/nar/extensions/nifi-dbcp-service-nar-2.6.0.nar-unpacked]
2025-10-16 10:25:49,290 INFO [main] org.apache.nifi.nar.NarClassLoaders Loaded NAR file: /opt/nifi/nifi-current/./work/nar/extensions/nifi-kerberos-iaa-providers-nar-2.6.0.nar-unpacked as class loader org.apache.nifi.nar.NarClassLoader[./work/nar/extensions/nifi-kerberos-iaa-providers-nar-2.6.0.nar-unpacked]
2025-10-16 10:25:49,290 INFO [main] org.apache.nifi.nar.NarClassLoaders Loaded NAR file: /opt/nifi/nifi-current/./work/nar/extensions/nifi-evtx-nar-2.6.0.nar-unpacked as class loader org.apache.nifi.nar.NarClassLoader[./work/nar/extensions/nifi-evtx-nar-2.6.0.nar-unpacked]
2025-10-16 10:25:49,291 INFO [main] org.apache.nifi.nar.NarClassLoaders Loaded NAR file: /opt/nifi/nifi-current/./work/nar/extensions/nifi-stateful-analysis-nar-2.6.0.nar-unpacked as class loader org.apache.nifi.nar.NarClassLoader[./work/nar/extensions/nifi-stateful-analysis-nar-2.6.0.nar-unpacked]
2025-10-16 10:25:49,291 INFO [main] org.apache.nifi.nar.NarClassLoaders Loaded NAR file: /opt/nifi/nifi-current/./work/nar/extensions/nifi-file-resource-service-nar-2.6.0.nar-unpacked as class loader org.apache.nifi.nar.NarClassLoader[./work/nar/extensions/nifi-file-resource-service-nar-2.6.0.nar-unpacked]
2025-10-16 10:25:49,292 INFO [main] org.apache.nifi.nar.NarClassLoaders Loaded NAR file: /opt/nifi/nifi-current/./work/nar/extensions/nifi-standard-shared-nar-2.6.0.nar-unpacked as class loader org.apache.nifi.nar.NarClassLoader[./work/nar/extensions/nifi-standard-shared-nar-2.6.0.nar-unpacked]
2025-10-16 10:25:49,298 INFO [main] org.apache.nifi.nar.NarClassLoaders Loaded NAR file: /opt/nifi/nifi-current/./work/nar/extensions/nifi-gcp-services-api-nar-2.6.0.nar-unpacked as class loader org.apache.nifi.nar.NarClassLoader[./work/nar/extensions/nifi-gcp-services-api-nar-2.6.0.nar-unpacked]
2025-10-16 10:25:49,299 INFO [main] org.apache.nifi.nar.NarClassLoaders Loaded NAR file: /opt/nifi/nifi-current/./work/nar/extensions/nifi-database-dialect-service-nar-2.6.0.nar-unpacked as class loader org.apache.nifi.nar.NarClassLoader[./work/nar/extensions/nifi-database-dialect-service-nar-2.6.0.nar-unpacked]
2025-10-16 10:25:49,299 INFO [main] org.apache.nifi.nar.NarClassLoaders Loaded NAR file: /opt/nifi/nifi-current/./work/nar/extensions/nifi-poi-nar-2.6.0.nar-unpacked as class loader org.apache.nifi.nar.NarClassLoader[./work/nar/extensions/nifi-poi-nar-2.6.0.nar-unpacked]
2025-10-16 10:25:49,301 INFO [main] org.apache.nifi.nar.NarClassLoaders Loaded NAR file: /opt/nifi/nifi-current/./work/nar/extensions/nifi-key-service-nar-2.6.0.nar-unpacked as class loader org.apache.nifi.nar.NarClassLoader[./work/nar/extensions/nifi-key-service-nar-2.6.0.nar-unpacked]
2025-10-16 10:25:49,301 INFO [main] org.apache.nifi.nar.NarClassLoaders Loaded NAR file: /opt/nifi/nifi-current/./work/nar/extensions/nifi-asana-services-api-nar-2.6.0.nar-unpacked as class loader org.apache.nifi.nar.NarClassLoader[./work/nar/extensions/nifi-asana-services-api-nar-2.6.0.nar-unpacked]
2025-10-16 10:25:49,320 INFO [main] org.apache.nifi.nar.NarClassLoaders Loaded NAR file: /opt/nifi/nifi-current/./work/nar/extensions/nifi-snmp-nar-2.6.0.nar-unpacked as class loader org.apache.nifi.nar.NarClassLoader[./work/nar/extensions/nifi-snmp-nar-2.6.0.nar-unpacked]
2025-10-16 10:25:49,320 INFO [main] org.apache.nifi.nar.NarClassLoaders Loaded NAR file: /opt/nifi/nifi-current/./work/nar/extensions/nifi-framework-zookeeper-nar-2.6.0.nar-unpacked as class loader org.apache.nifi.nar.NarClassLoader[./work/nar/extensions/nifi-framework-zookeeper-nar-2.6.0.nar-unpacked]
2025-10-16 10:25:49,322 INFO [main] org.apache.nifi.nar.NarClassLoaders Loaded NAR file: /opt/nifi/nifi-current/./work/nar/extensions/nifi-ssl-context-service-nar-2.6.0.nar-unpacked as class loader org.apache.nifi.nar.NarClassLoader[./work/nar/extensions/nifi-ssl-context-service-nar-2.6.0.nar-unpacked]
2025-10-16 10:25:49,322 INFO [main] org.apache.nifi.nar.NarClassLoaders Loaded NAR file: /opt/nifi/nifi-current/./work/nar/extensions/nifi-web-client-provider-service-nar-2.6.0.nar-unpacked as class loader org.apache.nifi.nar.NarClassLoader[./work/nar/extensions/nifi-web-client-provider-service-nar-2.6.0.nar-unpacked]
2025-10-16 10:25:49,323 INFO [main] org.apache.nifi.nar.NarClassLoaders Loaded NAR file: /opt/nifi/nifi-current/./work/nar/extensions/nifi-network-processors-nar-2.6.0.nar-unpacked as class loader org.apache.nifi.nar.NarClassLoader[./work/nar/extensions/nifi-network-processors-nar-2.6.0.nar-unpacked]
2025-10-16 10:25:49,323 INFO [main] org.apache.nifi.nar.NarClassLoaders Loaded NAR file: /opt/nifi/nifi-current/./work/nar/extensions/nifi-kafka-service-api-nar-2.6.0.nar-unpacked as class loader org.apache.nifi.nar.NarClassLoader[./work/nar/extensions/nifi-kafka-service-api-nar-2.6.0.nar-unpacked]
2025-10-16 10:25:49,323 INFO [main] org.apache.nifi.nar.NarClassLoaders Loaded NAR file: /opt/nifi/nifi-current/./work/nar/extensions/nifi-windows-event-log-nar-2.6.0.nar-unpacked as class loader org.apache.nifi.nar.NarClassLoader[./work/nar/extensions/nifi-windows-event-log-nar-2.6.0.nar-unpacked]
2025-10-16 10:25:49,324 INFO [main] org.apache.nifi.nar.NarClassLoaders Loaded NAR file: /opt/nifi/nifi-current/./work/nar/extensions/nifi-gcp-nar-2.6.0.nar-unpacked as class loader org.apache.nifi.nar.NarClassLoader[./work/nar/extensions/nifi-gcp-nar-2.6.0.nar-unpacked]
2025-10-16 10:25:49,328 INFO [main] org.apache.nifi.nar.NarClassLoaders Loaded NAR file: /opt/nifi/nifi-current/./work/nar/extensions/nifi-hashicorp-vault-client-service-api-nar-2.6.0.nar-unpacked as class loader org.apache.nifi.nar.NarClassLoader[./work/nar/extensions/nifi-hashicorp-vault-client-service-api-nar-2.6.0.nar-unpacked]
2025-10-16 10:25:49,328 INFO [main] org.apache.nifi.nar.NarClassLoaders Loaded NAR file: /opt/nifi/nifi-current/./work/nar/extensions/nifi-registry-nar-2.6.0.nar-unpacked as class loader org.apache.nifi.nar.NarClassLoader[./work/nar/extensions/nifi-registry-nar-2.6.0.nar-unpacked]
2025-10-16 10:25:49,329 INFO [main] org.apache.nifi.nar.NarClassLoaders Loaded NAR file: /opt/nifi/nifi-current/./work/nar/extensions/nifi-protobuf-services-nar-2.6.0.nar-unpacked as class loader org.apache.nifi.nar.NarClassLoader[./work/nar/extensions/nifi-protobuf-services-nar-2.6.0.nar-unpacked]
2025-10-16 10:25:49,330 INFO [main] org.apache.nifi.nar.NarClassLoaders Loaded NAR file: /opt/nifi/nifi-current/./work/nar/extensions/nifi-asana-services-nar-2.6.0.nar-unpacked as class loader org.apache.nifi.nar.NarClassLoader[./work/nar/extensions/nifi-asana-services-nar-2.6.0.nar-unpacked]
2025-10-16 10:25:49,330 INFO [main] org.apache.nifi.nar.NarClassLoaders Loaded NAR file: /opt/nifi/nifi-current/./work/nar/extensions/nifi-site-to-site-reporting-nar-2.6.0.nar-unpacked as class loader org.apache.nifi.nar.NarClassLoader[./work/nar/extensions/nifi-site-to-site-reporting-nar-2.6.0.nar-unpacked]
2025-10-16 10:25:49,331 INFO [main] org.apache.nifi.nar.NarClassLoaders Loaded NAR file: /opt/nifi/nifi-current/./work/nar/extensions/nifi-zendesk-nar-2.6.0.nar-unpacked as class loader org.apache.nifi.nar.NarClassLoader[./work/nar/extensions/nifi-zendesk-nar-2.6.0.nar-unpacked]
2025-10-16 10:25:49,332 INFO [main] org.apache.nifi.nar.NarClassLoaders Loaded NAR file: /opt/nifi/nifi-current/./work/nar/extensions/nifi-cipher-nar-2.6.0.nar-unpacked as class loader org.apache.nifi.nar.NarClassLoader[./work/nar/extensions/nifi-cipher-nar-2.6.0.nar-unpacked]
2025-10-16 10:25:49,332 INFO [main] org.apache.nifi.nar.NarClassLoaders Loaded NAR file: /opt/nifi/nifi-current/./work/nar/extensions/nifi-jms-cf-service-nar-2.6.0.nar-unpacked as class loader org.apache.nifi.nar.NarClassLoader[./work/nar/extensions/nifi-jms-cf-service-nar-2.6.0.nar-unpacked]
2025-10-16 10:25:49,332 INFO [main] org.apache.nifi.nar.NarClassLoaders Loaded NAR file: /opt/nifi/nifi-current/./work/nar/extensions/nifi-jolt-nar-2.6.0.nar-unpacked as class loader org.apache.nifi.nar.NarClassLoader[./work/nar/extensions/nifi-jolt-nar-2.6.0.nar-unpacked]
2025-10-16 10:25:49,333 INFO [main] org.apache.nifi.nar.NarClassLoaders Loaded NAR file: /opt/nifi/nifi-current/./work/nar/extensions/nifi-hazelcast-services-api-nar-2.6.0.nar-unpacked as class loader org.apache.nifi.nar.NarClassLoader[./work/nar/extensions/nifi-hazelcast-services-api-nar-2.6.0.nar-unpacked]
2025-10-16 10:25:49,333 INFO [main] org.apache.nifi.nar.NarClassLoaders Loaded NAR file: /opt/nifi/nifi-current/./work/nar/extensions/nifi-pgp-service-api-nar-2.6.0.nar-unpacked as class loader org.apache.nifi.nar.NarClassLoader[./work/nar/extensions/nifi-pgp-service-api-nar-2.6.0.nar-unpacked]
2025-10-16 10:25:49,334 INFO [main] org.apache.nifi.nar.NarClassLoaders Loaded NAR file: /opt/nifi/nifi-current/./work/nar/extensions/nifi-proxy-configuration-nar-2.6.0.nar-unpacked as class loader org.apache.nifi.nar.NarClassLoader[./work/nar/extensions/nifi-proxy-configuration-nar-2.6.0.nar-unpacked]
2025-10-16 10:25:49,334 INFO [main] org.apache.nifi.nar.NarClassLoaders Loaded NAR file: /opt/nifi/nifi-current/./work/nar/extensions/nifi-airtable-nar-2.6.0.nar-unpacked as class loader org.apache.nifi.nar.NarClassLoader[./work/nar/extensions/nifi-airtable-nar-2.6.0.nar-unpacked]
2025-10-16 10:25:49,334 INFO [main] org.apache.nifi.nar.NarClassLoaders Loaded NAR file: /opt/nifi/nifi-current/./work/nar/extensions/nifi-github-nar-2.6.0.nar-unpacked as class loader org.apache.nifi.nar.NarClassLoader[./work/nar/extensions/nifi-github-nar-2.6.0.nar-unpacked]
2025-10-16 10:25:49,335 INFO [main] org.apache.nifi.nar.NarClassLoaders Loaded NAR file: /opt/nifi/nifi-current/./work/nar/extensions/nifi-oauth2-provider-nar-2.6.0.nar-unpacked as class loader org.apache.nifi.nar.NarClassLoader[./work/nar/extensions/nifi-oauth2-provider-nar-2.6.0.nar-unpacked]
2025-10-16 10:25:49,335 INFO [main] org.apache.nifi.nar.NarClassLoaders Loaded NAR file: /opt/nifi/nifi-current/./work/nar/extensions/nifi-workday-processors-nar-2.6.0.nar-unpacked as class loader org.apache.nifi.nar.NarClassLoader[./work/nar/extensions/nifi-workday-processors-nar-2.6.0.nar-unpacked]
2025-10-16 10:25:49,336 INFO [main] org.apache.nifi.nar.NarClassLoaders Loaded NAR file: /opt/nifi/nifi-current/./work/nar/extensions/nifi-mongodb-client-service-api-nar-2.6.0.nar-unpacked as class loader org.apache.nifi.nar.NarClassLoader[./work/nar/extensions/nifi-mongodb-client-service-api-nar-2.6.0.nar-unpacked]
2025-10-16 10:25:49,336 INFO [main] org.apache.nifi.nar.NarClassLoaders Loaded NAR file: /opt/nifi/nifi-current/./work/nar/extensions/nifi-groovyx-nar-2.6.0.nar-unpacked as class loader org.apache.nifi.nar.NarClassLoader[./work/nar/extensions/nifi-groovyx-nar-2.6.0.nar-unpacked]
2025-10-16 10:25:49,338 INFO [main] org.apache.nifi.nar.NarClassLoaders Loaded NAR file: /opt/nifi/nifi-current/./work/nar/extensions/nifi-hazelcast-services-nar-2.6.0.nar-unpacked as class loader org.apache.nifi.nar.NarClassLoader[./work/nar/extensions/nifi-hazelcast-services-nar-2.6.0.nar-unpacked]
2025-10-16 10:25:49,340 INFO [main] org.apache.nifi.nar.NarClassLoaders Loaded NAR file: /opt/nifi/nifi-current/./work/nar/extensions/nifi-mqtt-nar-2.6.0.nar-unpacked as class loader org.apache.nifi.nar.NarClassLoader[./work/nar/extensions/nifi-mqtt-nar-2.6.0.nar-unpacked]
2025-10-16 10:25:49,341 INFO [main] org.apache.nifi.nar.NarClassLoaders Loaded NAR file: /opt/nifi/nifi-current/./work/nar/extensions/nifi-cdc-mysql-nar-2.6.0.nar-unpacked as class loader org.apache.nifi.nar.NarClassLoader[./work/nar/extensions/nifi-cdc-mysql-nar-2.6.0.nar-unpacked]
2025-10-16 10:25:49,341 INFO [main] org.apache.nifi.nar.NarClassLoaders Loaded NAR file: /opt/nifi/nifi-current/./work/nar/extensions/nifi-jslt-nar-2.6.0.nar-unpacked as class loader org.apache.nifi.nar.NarClassLoader[./work/nar/extensions/nifi-jslt-nar-2.6.0.nar-unpacked]
2025-10-16 10:25:49,341 INFO [main] org.apache.nifi.nar.NarClassLoaders Loaded NAR file: /opt/nifi/nifi-current/./work/nar/extensions/nifi-kafka-nar-2.6.0.nar-unpacked as class loader org.apache.nifi.nar.NarClassLoader[./work/nar/extensions/nifi-kafka-nar-2.6.0.nar-unpacked]
2025-10-16 10:25:49,341 INFO [main] org.apache.nifi.nar.NarClassLoaders Loaded NAR file: /opt/nifi/nifi-current/./work/nar/extensions/nifi-mongodb-nar-2.6.0.nar-unpacked as class loader org.apache.nifi.nar.NarClassLoader[./work/nar/extensions/nifi-mongodb-nar-2.6.0.nar-unpacked]
2025-10-16 10:25:49,342 INFO [main] org.apache.nifi.nar.NarClassLoaders Loaded NAR file: /opt/nifi/nifi-current/./work/nar/extensions/nifi-pgp-service-nar-2.6.0.nar-unpacked as class loader org.apache.nifi.nar.NarClassLoader[./work/nar/extensions/nifi-pgp-service-nar-2.6.0.nar-unpacked]
2025-10-16 10:25:49,342 INFO [main] org.apache.nifi.nar.NarClassLoaders Loaded NAR file: /opt/nifi/nifi-current/./work/nar/extensions/nifi-standard-content-viewer-nar-2.6.0.nar-unpacked as class loader org.apache.nifi.nar.NarClassLoader[./work/nar/extensions/nifi-standard-content-viewer-nar-2.6.0.nar-unpacked]
2025-10-16 10:25:49,343 INFO [main] org.apache.nifi.nar.NarClassLoaders Loaded NAR file: /opt/nifi/nifi-current/./work/nar/extensions/nifi-standard-nar-2.6.0.nar-unpacked as class loader org.apache.nifi.nar.NarClassLoader[./work/nar/extensions/nifi-standard-nar-2.6.0.nar-unpacked]
2025-10-16 10:25:49,349 INFO [main] org.apache.nifi.nar.NarClassLoaders Loaded NAR file: /opt/nifi/nifi-current/./work/nar/extensions/nifi-box-services-api-nar-2.6.0.nar-unpacked as class loader org.apache.nifi.nar.NarClassLoader[./work/nar/extensions/nifi-box-services-api-nar-2.6.0.nar-unpacked]
2025-10-16 10:25:49,350 INFO [main] org.apache.nifi.nar.NarClassLoaders Loaded NAR file: /opt/nifi/nifi-current/./work/nar/extensions/nifi-http-context-map-nar-2.6.0.nar-unpacked as class loader org.apache.nifi.nar.NarClassLoader[./work/nar/extensions/nifi-http-context-map-nar-2.6.0.nar-unpacked]
2025-10-16 10:25:49,350 INFO [main] org.apache.nifi.nar.NarClassLoaders Loaded NAR file: /opt/nifi/nifi-current/./work/nar/extensions/nifi-avro-nar-2.6.0.nar-unpacked as class loader org.apache.nifi.nar.NarClassLoader[./work/nar/extensions/nifi-avro-nar-2.6.0.nar-unpacked]
2025-10-16 10:25:49,350 INFO [main] org.apache.nifi.nar.NarClassLoaders Loaded NAR file: /opt/nifi/nifi-current/./work/nar/extensions/nifi-enrich-nar-2.6.0.nar-unpacked as class loader org.apache.nifi.nar.NarClassLoader[./work/nar/extensions/nifi-enrich-nar-2.6.0.nar-unpacked]
2025-10-16 10:25:49,351 INFO [main] org.apache.nifi.nar.NarClassLoaders Loaded NAR file: /opt/nifi/nifi-current/./work/nar/extensions/nifi-lookup-services-nar-2.6.0.nar-unpacked as class loader org.apache.nifi.nar.NarClassLoader[./work/nar/extensions/nifi-lookup-services-nar-2.6.0.nar-unpacked]
2025-10-16 10:25:49,352 INFO [main] org.apache.nifi.nar.NarClassLoaders Loaded NAR file: /opt/nifi/nifi-current/./work/nar/extensions/nifi-splunk-nar-2.6.0.nar-unpacked as class loader org.apache.nifi.nar.NarClassLoader[./work/nar/extensions/nifi-splunk-nar-2.6.0.nar-unpacked]
2025-10-16 10:25:49,352 INFO [main] org.apache.nifi.nar.NarClassLoaders Loaded NAR file: /opt/nifi/nifi-current/./work/nar/extensions/nifi-zendesk-services-nar-2.6.0.nar-unpacked as class loader org.apache.nifi.nar.NarClassLoader[./work/nar/extensions/nifi-zendesk-services-nar-2.6.0.nar-unpacked]
2025-10-16 10:25:49,352 INFO [main] org.apache.nifi.nar.NarClassLoaders Loaded NAR file: /opt/nifi/nifi-current/./work/nar/extensions/nifi-hashicorp-vault-nar-2.6.0.nar-unpacked as class loader org.apache.nifi.nar.NarClassLoader[./work/nar/extensions/nifi-hashicorp-vault-nar-2.6.0.nar-unpacked]
2025-10-16 10:25:49,353 INFO [main] org.apache.nifi.nar.NarClassLoaders Loaded NAR file: /opt/nifi/nifi-current/./work/nar/extensions/nifi-distributed-cache-services-nar-2.6.0.nar-unpacked as class loader org.apache.nifi.nar.NarClassLoader[./work/nar/extensions/nifi-distributed-cache-services-nar-2.6.0.nar-unpacked]
2025-10-16 10:25:49,354 INFO [main] org.apache.nifi.nar.NarClassLoaders Loaded NAR file: /opt/nifi/nifi-current/./work/nar/extensions/nifi-slack-nar-2.6.0.nar-unpacked as class loader org.apache.nifi.nar.NarClassLoader[./work/nar/extensions/nifi-slack-nar-2.6.0.nar-unpacked]
2025-10-16 10:25:49,371 INFO [main] org.apache.nifi.nar.NarClassLoaders Loaded NAR file: /opt/nifi/nifi-current/./work/nar/extensions/nifi-kafka-3-service-nar-2.6.0.nar-unpacked as class loader org.apache.nifi.nar.NarClassLoader[./work/nar/extensions/nifi-kafka-3-service-nar-2.6.0.nar-unpacked]
2025-10-16 10:25:49,373 INFO [main] org.apache.nifi.nar.NarClassLoaders Loaded NAR file: /opt/nifi/nifi-current/./work/nar/extensions/nifi-kerberos-user-service-nar-2.6.0.nar-unpacked as class loader org.apache.nifi.nar.NarClassLoader[./work/nar/extensions/nifi-kerberos-user-service-nar-2.6.0.nar-unpacked]
2025-10-16 10:25:49,373 INFO [main] org.apache.nifi.nar.NarClassLoaders Loaded NAR file: /opt/nifi/nifi-current/./work/nar/extensions/nifi-confluent-platform-nar-2.6.0.nar-unpacked as class loader org.apache.nifi.nar.NarClassLoader[./work/nar/extensions/nifi-confluent-platform-nar-2.6.0.nar-unpacked]
2025-10-16 10:25:49,375 INFO [main] org.apache.nifi.nar.NarClassLoaders Loaded NAR file: /opt/nifi/nifi-current/./work/nar/extensions/nifi-social-media-nar-2.6.0.nar-unpacked as class loader org.apache.nifi.nar.NarClassLoader[./work/nar/extensions/nifi-social-media-nar-2.6.0.nar-unpacked]
2025-10-16 10:25:49,376 INFO [main] org.apache.nifi.nar.NarClassLoaders Loaded NAR file: /opt/nifi/nifi-current/./work/nar/extensions/nifi-opentelemetry-nar-2.6.0.nar-unpacked as class loader org.apache.nifi.nar.NarClassLoader[./work/nar/extensions/nifi-opentelemetry-nar-2.6.0.nar-unpacked]
2025-10-16 10:25:49,378 INFO [main] org.apache.nifi.nar.NarClassLoaders Loaded NAR file: /opt/nifi/nifi-current/./work/nar/extensions/nifi-elasticsearch-client-service-api-nar-2.6.0.nar-unpacked as class loader org.apache.nifi.nar.NarClassLoader[./work/nar/extensions/nifi-elasticsearch-client-service-api-nar-2.6.0.nar-unpacked]
2025-10-16 10:25:49,379 INFO [main] org.apache.nifi.nar.NarClassLoaders Loaded NAR file: /opt/nifi/nifi-current/./work/nar/extensions/nifi-py4j-nar-2.6.0.nar-unpacked as class loader org.apache.nifi.nar.NarClassLoader[./work/nar/extensions/nifi-py4j-nar-2.6.0.nar-unpacked]
2025-10-16 10:25:49,379 INFO [main] org.apache.nifi.nar.NarClassLoaders Loaded NAR file: /opt/nifi/nifi-current/./work/nar/extensions/nifi-amqp-nar-2.6.0.nar-unpacked as class loader org.apache.nifi.nar.NarClassLoader[./work/nar/extensions/nifi-amqp-nar-2.6.0.nar-unpacked]
2025-10-16 10:25:49,380 INFO [main] org.apache.nifi.nar.NarClassLoaders Loaded NAR file: /opt/nifi/nifi-current/./work/nar/extensions/nifi-salesforce-nar-2.6.0.nar-unpacked as class loader org.apache.nifi.nar.NarClassLoader[./work/nar/extensions/nifi-salesforce-nar-2.6.0.nar-unpacked]
2025-10-16 10:25:49,382 INFO [main] org.apache.nifi.nar.NarClassLoaders Loaded NAR file: /opt/nifi/nifi-current/./work/nar/extensions/nifi-websocket-services-api-nar-2.6.0.nar-unpacked as class loader org.apache.nifi.nar.NarClassLoader[./work/nar/extensions/nifi-websocket-services-api-nar-2.6.0.nar-unpacked]
2025-10-16 10:25:49,382 INFO [main] org.apache.nifi.nar.NarClassLoaders Loaded NAR file: /opt/nifi/nifi-current/./work/nar/extensions/nifi-shopify-nar-2.6.0.nar-unpacked as class loader org.apache.nifi.nar.NarClassLoader[./work/nar/extensions/nifi-shopify-nar-2.6.0.nar-unpacked]
2025-10-16 10:25:49,383 INFO [main] org.apache.nifi.nar.NarClassLoaders Loaded NAR file: /opt/nifi/nifi-current/./work/nar/extensions/nifi-geohash-nar-2.6.0.nar-unpacked as class loader org.apache.nifi.nar.NarClassLoader[./work/nar/extensions/nifi-geohash-nar-2.6.0.nar-unpacked]
2025-10-16 10:25:49,383 INFO [main] org.apache.nifi.nar.NarClassLoaders Loaded NAR file: /opt/nifi/nifi-current/./work/nar/extensions/nifi-aws-service-api-nar-2.6.0.nar-unpacked as class loader org.apache.nifi.nar.NarClassLoader[./work/nar/extensions/nifi-aws-service-api-nar-2.6.0.nar-unpacked]
2025-10-16 10:25:49,385 INFO [main] org.apache.nifi.nar.NarClassLoaders Loaded NAR file: /opt/nifi/nifi-current/./work/nar/extensions/nifi-kafka-service-aws-nar-2.6.0.nar-unpacked as class loader org.apache.nifi.nar.NarClassLoader[./work/nar/extensions/nifi-kafka-service-aws-nar-2.6.0.nar-unpacked]
2025-10-16 10:25:49,387 INFO [main] org.apache.nifi.nar.NarClassLoaders Loaded NAR file: /opt/nifi/nifi-current/./work/nar/extensions/nifi-db-schema-registry-service-nar-2.6.0.nar-unpacked as class loader org.apache.nifi.nar.NarClassLoader[./work/nar/extensions/nifi-db-schema-registry-service-nar-2.6.0.nar-unpacked]
2025-10-16 10:25:49,387 INFO [main] org.apache.nifi.nar.NarClassLoaders Loaded NAR file: /opt/nifi/nifi-current/./work/nar/extensions/nifi-dropbox-services-api-nar-2.6.0.nar-unpacked as class loader org.apache.nifi.nar.NarClassLoader[./work/nar/extensions/nifi-dropbox-services-api-nar-2.6.0.nar-unpacked]
2025-10-16 10:25:49,388 INFO [main] org.apache.nifi.nar.NarClassLoaders Loaded NAR file: /opt/nifi/nifi-current/./work/nar/extensions/nifi-flow-registry-client-nar-2.6.0.nar-unpacked as class loader org.apache.nifi.nar.NarClassLoader[./work/nar/extensions/nifi-flow-registry-client-nar-2.6.0.nar-unpacked]
2025-10-16 10:25:49,389 INFO [main] org.apache.nifi.nar.NarClassLoaders Loaded NAR file: /opt/nifi/nifi-current/./work/nar/extensions/nifi-azure-services-api-nar-2.6.0.nar-unpacked as class loader org.apache.nifi.nar.NarClassLoader[./work/nar/extensions/nifi-azure-services-api-nar-2.6.0.nar-unpacked]
2025-10-16 10:25:49,392 INFO [main] org.apache.nifi.nar.NarClassLoaders Loaded NAR file: /opt/nifi/nifi-current/./work/nar/extensions/nifi-dropbox-services-nar-2.6.0.nar-unpacked as class loader org.apache.nifi.nar.NarClassLoader[./work/nar/extensions/nifi-dropbox-services-nar-2.6.0.nar-unpacked]
2025-10-16 10:25:49,393 INFO [main] org.apache.nifi.nar.NarClassLoaders Loaded NAR file: /opt/nifi/nifi-current/./work/nar/extensions/nifi-apicurio-nar-2.6.0.nar-unpacked as class loader org.apache.nifi.nar.NarClassLoader[./work/nar/extensions/nifi-apicurio-nar-2.6.0.nar-unpacked]
2025-10-16 10:25:49,393 INFO [main] org.apache.nifi.nar.NarClassLoaders Loaded NAR file: /opt/nifi/nifi-current/./work/nar/extensions/nifi-hubspot-nar-2.6.0.nar-unpacked as class loader org.apache.nifi.nar.NarClassLoader[./work/nar/extensions/nifi-hubspot-nar-2.6.0.nar-unpacked]
2025-10-16 10:25:49,393 INFO [main] org.apache.nifi.nar.NarClassLoaders Loaded NAR file: /opt/nifi/nifi-current/./work/nar/extensions/nifi-smb-client-api-nar-2.6.0.nar-unpacked as class loader org.apache.nifi.nar.NarClassLoader[./work/nar/extensions/nifi-smb-client-api-nar-2.6.0.nar-unpacked]
2025-10-16 10:25:49,394 INFO [main] org.apache.nifi.nar.NarClassLoaders Loaded NAR file: /opt/nifi/nifi-current/./work/nar/extensions/nifi-record-sink-service-nar-2.6.0.nar-unpacked as class loader org.apache.nifi.nar.NarClassLoader[./work/nar/extensions/nifi-record-sink-service-nar-2.6.0.nar-unpacked]
2025-10-16 10:25:49,394 INFO [main] org.apache.nifi.nar.NarClassLoaders Loaded NAR file: /opt/nifi/nifi-current/./work/nar/extensions/nifi-gitlab-nar-2.6.0.nar-unpacked as class loader org.apache.nifi.nar.NarClassLoader[./work/nar/extensions/nifi-gitlab-nar-2.6.0.nar-unpacked]
2025-10-16 10:25:49,396 INFO [main] org.apache.nifi.nar.NarClassLoaders Loaded NAR file: /opt/nifi/nifi-current/./work/nar/extensions/nifi-box-nar-2.6.0.nar-unpacked as class loader org.apache.nifi.nar.NarClassLoader[./work/nar/extensions/nifi-box-nar-2.6.0.nar-unpacked]
2025-10-16 10:25:49,397 INFO [main] org.apache.nifi.nar.NarClassLoaders Loaded NAR file: /opt/nifi/nifi-current/./work/nar/extensions/nifi-scripting-nar-2.6.0.nar-unpacked as class loader org.apache.nifi.nar.NarClassLoader[./work/nar/extensions/nifi-scripting-nar-2.6.0.nar-unpacked]
2025-10-16 10:25:49,399 INFO [main] org.apache.nifi.nar.NarClassLoaders Loaded NAR file: /opt/nifi/nifi-current/./work/nar/extensions/nifi-asana-processors-nar-2.6.0.nar-unpacked as class loader org.apache.nifi.nar.NarClassLoader[./work/nar/extensions/nifi-asana-processors-nar-2.6.0.nar-unpacked]
2025-10-16 10:25:49,400 INFO [main] org.apache.nifi.nar.NarClassLoaders Loaded NAR file: /opt/nifi/nifi-current/./work/nar/extensions/nifi-atlassian-nar-2.6.0.nar-unpacked as class loader org.apache.nifi.nar.NarClassLoader[./work/nar/extensions/nifi-atlassian-nar-2.6.0.nar-unpacked]
2025-10-16 10:25:49,400 INFO [main] org.apache.nifi.nar.NarClassLoaders Loaded NAR file: /opt/nifi/nifi-current/./work/nar/extensions/nifi-jms-processors-nar-2.6.0.nar-unpacked as class loader org.apache.nifi.nar.NarClassLoader[./work/nar/extensions/nifi-jms-processors-nar-2.6.0.nar-unpacked]
2025-10-16 10:25:49,401 INFO [main] org.apache.nifi.nar.NarClassLoaders Loaded NAR file: /opt/nifi/nifi-current/./work/nar/extensions/nifi-record-serialization-services-nar-2.6.0.nar-unpacked as class loader org.apache.nifi.nar.NarClassLoader[./work/nar/extensions/nifi-record-serialization-services-nar-2.6.0.nar-unpacked]
2025-10-16 10:25:49,402 INFO [main] org.apache.nifi.nar.NarClassLoaders Loaded NAR file: /opt/nifi/nifi-current/./work/nar/extensions/nifi-elasticsearch-client-service-nar-2.6.0.nar-unpacked as class loader org.apache.nifi.nar.NarClassLoader[./work/nar/extensions/nifi-elasticsearch-client-service-nar-2.6.0.nar-unpacked]
2025-10-16 10:25:49,403 INFO [main] org.apache.nifi.nar.NarClassLoaders Loaded NAR file: /opt/nifi/nifi-current/./work/nar/extensions/nifi-redis-service-api-nar-2.6.0.nar-unpacked as class loader org.apache.nifi.nar.NarClassLoader[./work/nar/extensions/nifi-redis-service-api-nar-2.6.0.nar-unpacked]
2025-10-16 10:25:49,405 INFO [main] org.apache.nifi.nar.NarClassLoaders Loaded NAR file: /opt/nifi/nifi-current/./work/nar/extensions/nifi-smb-smbj-client-nar-2.6.0.nar-unpacked as class loader org.apache.nifi.nar.NarClassLoader[./work/nar/extensions/nifi-smb-smbj-client-nar-2.6.0.nar-unpacked]
2025-10-16 10:25:49,405 INFO [main] org.apache.nifi.nar.NarClassLoaders Loaded NAR file: /opt/nifi/nifi-current/./work/nar/extensions/nifi-pgp-nar-2.6.0.nar-unpacked as class loader org.apache.nifi.nar.NarClassLoader[./work/nar/extensions/nifi-pgp-nar-2.6.0.nar-unpacked]
2025-10-16 10:25:49,405 INFO [main] org.apache.nifi.nar.NarClassLoaders Loaded NAR file: /opt/nifi/nifi-current/./work/nar/extensions/nifi-smb-nar-2.6.0.nar-unpacked as class loader org.apache.nifi.nar.NarClassLoader[./work/nar/extensions/nifi-smb-nar-2.6.0.nar-unpacked]
2025-10-16 10:25:49,406 INFO [main] org.apache.nifi.nar.NarClassLoaders Loaded NAR file: /opt/nifi/nifi-current/./work/nar/extensions/nifi-mongodb-services-nar-2.6.0.nar-unpacked as class loader org.apache.nifi.nar.NarClassLoader[./work/nar/extensions/nifi-mongodb-services-nar-2.6.0.nar-unpacked]
2025-10-16 10:25:49,406 INFO [main] org.apache.nifi.nar.NarClassLoaders Loaded NAR file: /opt/nifi/nifi-current/./work/nar/extensions/nifi-websocket-processors-nar-2.6.0.nar-unpacked as class loader org.apache.nifi.nar.NarClassLoader[./work/nar/extensions/nifi-websocket-processors-nar-2.6.0.nar-unpacked]
2025-10-16 10:25:49,406 INFO [main] org.apache.nifi.nar.NarClassLoaders Loaded NAR file: /opt/nifi/nifi-current/./work/nar/extensions/nifi-dropbox-processors-nar-2.6.0.nar-unpacked as class loader org.apache.nifi.nar.NarClassLoader[./work/nar/extensions/nifi-dropbox-processors-nar-2.6.0.nar-unpacked]
2025-10-16 10:25:49,407 INFO [main] org.apache.nifi.nar.NarClassLoaders Loaded NAR file: /opt/nifi/nifi-current/./work/nar/extensions/nifi-websocket-services-jetty-nar-2.6.0.nar-unpacked as class loader org.apache.nifi.nar.NarClassLoader[./work/nar/extensions/nifi-websocket-services-jetty-nar-2.6.0.nar-unpacked]
2025-10-16 10:25:49,407 INFO [main] org.apache.nifi.nar.NarClassLoaders Loaded NAR file: /opt/nifi/nifi-current/./work/nar/extensions/nifi-box-services-nar-2.6.0.nar-unpacked as class loader org.apache.nifi.nar.NarClassLoader[./work/nar/extensions/nifi-box-services-nar-2.6.0.nar-unpacked]
2025-10-16 10:25:49,408 INFO [main] org.apache.nifi.nar.NarClassLoaders Loaded NAR file: /opt/nifi/nifi-current/./work/nar/extensions/nifi-aws-nar-2.6.0.nar-unpacked as class loader org.apache.nifi.nar.NarClassLoader[./work/nar/extensions/nifi-aws-nar-2.6.0.nar-unpacked]
2025-10-16 10:25:49,414 INFO [main] org.apache.nifi.nar.NarClassLoaders Loaded NAR file: /opt/nifi/nifi-current/./work/nar/extensions/nifi-elasticsearch-restapi-nar-2.6.0.nar-unpacked as class loader org.apache.nifi.nar.NarClassLoader[./work/nar/extensions/nifi-elasticsearch-restapi-nar-2.6.0.nar-unpacked]
2025-10-16 10:25:49,415 INFO [main] org.apache.nifi.nar.NarClassLoaders Loaded NAR file: /opt/nifi/nifi-current/./work/nar/extensions/nifi-azure-nar-2.6.0.nar-unpacked as class loader org.apache.nifi.nar.NarClassLoader[./work/nar/extensions/nifi-azure-nar-2.6.0.nar-unpacked]
2025-10-16 10:25:49,421 INFO [main] org.apache.nifi.nar.NarClassLoaders Loaded NAR file: /opt/nifi/nifi-current/./work/nar/extensions/nifi-redis-nar-2.6.0.nar-unpacked as class loader org.apache.nifi.nar.NarClassLoader[./work/nar/extensions/nifi-redis-nar-2.6.0.nar-unpacked]
2025-10-16 10:25:49,422 INFO [main] org.apache.nifi.nar.NarClassLoaders Found NiFiServer implementation org.apache.nifi.web.server.JettyServer in org.apache.nifi:nifi-server-nar:2.6.0
2025-10-16 10:25:49,423 INFO [main] o.a.nifi.properties.NiFiPropertiesLoader Loading Application Properties [/opt/nifi/nifi-current/conf/nifi.properties]
2025-10-16 10:25:49,471 ERROR [main] org.apache.nifi.web.server.JettyServer Failed to start Server
java.lang.IllegalStateException: Invalid port configuration in nifi.properties: Both nifi.web.https.port and nifi.web.http.port specified
	at org.apache.nifi.web.server.connector.FrameworkServerConnectorFactory.getPort(FrameworkServerConnectorFactory.java:156)
	at org.apache.nifi.web.server.connector.FrameworkServerConnectorFactory.<init>(FrameworkServerConnectorFactory.java:68)
	at org.apache.nifi.web.server.StandardServerProvider.addConnectors(StandardServerProvider.java:96)
	at org.apache.nifi.web.server.StandardServerProvider.getServer(StandardServerProvider.java:69)
	at org.apache.nifi.web.server.JettyServer.init(JettyServer.java:215)
	at org.apache.nifi.web.server.JettyServer.initialize(JettyServer.java:988)
	at org.apache.nifi.runtime.Application.startServer(Application.java:126)
	at org.apache.nifi.runtime.Application.run(Application.java:78)
	at org.apache.nifi.runtime.Application.run(Application.java:60)
	at org.apache.nifi.NiFi.main(NiFi.java:42)
2025-10-16 10:26:02,923 INFO [main] org.apache.nifi.runtime.Application Starting NiFi 2.6.0 using Java 21.0.8+12-LTS with PID 46
2025-10-16 10:26:02,925 INFO [main] o.apache.nifi.runtime.PropertiesProvider Loading Application Properties [/opt/nifi/nifi-current/conf/nifi.properties]
2025-10-16 10:26:02,930 INFO [main] org.apache.nifi.nar.NarUnpacker Expanding 112 NAR files started
2025-10-16 10:26:03,435 INFO [main] org.apache.nifi.nar.NarUnpacker Expanded 112 NAR files in 0.504 seconds (504544084 ns)
2025-10-16 10:26:03,690 INFO [main] org.apache.nifi.nar.NarClassLoaders Loaded NAR file: /opt/nifi/nifi-current/./work/nar/extensions/nifi-jetty-nar-2.6.0.nar-unpacked as class loader org.apache.nifi.nar.NarClassLoader[./work/nar/extensions/nifi-jetty-nar-2.6.0.nar-unpacked]
2025-10-16 10:26:03,693 INFO [main] org.apache.nifi.nar.NarClassLoaders Loaded NAR file: /opt/nifi/nifi-current/./work/nar/framework/nifi-framework-nar-2.6.0.nar-unpacked as class loader org.apache.nifi.nar.NarClassLoader[./work/nar/framework/nifi-framework-nar-2.6.0.nar-unpacked]
2025-10-16 10:26:03,740 INFO [main] org.apache.nifi.nar.NarClassLoaders Loaded NAR file: /opt/nifi/nifi-current/./work/nar/extensions/nifi-provenance-repository-nar-2.6.0.nar-unpacked as class loader org.apache.nifi.nar.NarClassLoader[./work/nar/extensions/nifi-provenance-repository-nar-2.6.0.nar-unpacked]
2025-10-16 10:26:03,741 INFO [main] org.apache.nifi.nar.NarClassLoaders Loaded NAR file: /opt/nifi/nifi-current/./work/nar/extensions/nifi-hl7-nar-2.6.0.nar-unpacked as class loader org.apache.nifi.nar.NarClassLoader[./work/nar/extensions/nifi-hl7-nar-2.6.0.nar-unpacked]
2025-10-16 10:26:03,755 INFO [main] org.apache.nifi.nar.NarClassLoaders Loaded NAR file: /opt/nifi/nifi-current/./work/nar/extensions/nifi-compress-nar-2.6.0.nar-unpacked as class loader org.apache.nifi.nar.NarClassLoader[./work/nar/extensions/nifi-compress-nar-2.6.0.nar-unpacked]
2025-10-16 10:26:03,756 INFO [main] org.apache.nifi.nar.NarClassLoaders Loaded NAR file: /opt/nifi/nifi-current/./work/nar/extensions/nifi-update-attribute-nar-2.6.0.nar-unpacked as class loader org.apache.nifi.nar.NarClassLoader[./work/nar/extensions/nifi-update-attribute-nar-2.6.0.nar-unpacked]
2025-10-16 10:26:03,757 INFO [main] org.apache.nifi.nar.NarClassLoaders Loaded NAR file: /opt/nifi/nifi-current/./work/nar/extensions/nifi-ldap-iaa-providers-nar-2.6.0.nar-unpacked as class loader org.apache.nifi.nar.NarClassLoader[./work/nar/extensions/nifi-ldap-iaa-providers-nar-2.6.0.nar-unpacked]
2025-10-16 10:26:03,758 INFO [main] org.apache.nifi.nar.NarClassLoaders Loaded NAR file: /opt/nifi/nifi-current/./work/nar/extensions/nifi-single-user-iaa-providers-nar-2.6.0.nar-unpacked as class loader org.apache.nifi.nar.NarClassLoader[./work/nar/extensions/nifi-single-user-iaa-providers-nar-2.6.0.nar-unpacked]
2025-10-16 10:26:03,759 INFO [main] org.apache.nifi.nar.NarClassLoaders Loaded NAR file: /opt/nifi/nifi-current/./work/nar/extensions/nifi-framework-kubernetes-nar-2.6.0.nar-unpacked as class loader org.apache.nifi.nar.NarClassLoader[./work/nar/extensions/nifi-framework-kubernetes-nar-2.6.0.nar-unpacked]
2025-10-16 10:26:03,761 INFO [main] org.apache.nifi.nar.NarClassLoaders Loaded NAR file: /opt/nifi/nifi-current/./work/nar/extensions/nifi-server-nar-2.6.0.nar-unpacked as class loader org.apache.nifi.nar.NarClassLoader[./work/nar/extensions/nifi-server-nar-2.6.0.nar-unpacked]
2025-10-16 10:26:03,771 INFO [main] org.apache.nifi.nar.NarClassLoaders Loaded NAR file: /opt/nifi/nifi-current/./work/nar/extensions/nifi-standard-services-api-nar-2.6.0.nar-unpacked as class loader org.apache.nifi.nar.NarClassLoader[./work/nar/extensions/nifi-standard-services-api-nar-2.6.0.nar-unpacked]
2025-10-16 10:26:03,772 INFO [main] org.apache.nifi.nar.NarClassLoaders Loaded NAR file: /opt/nifi/nifi-current/./work/nar/extensions/nifi-email-nar-2.6.0.nar-unpacked as class loader org.apache.nifi.nar.NarClassLoader[./work/nar/extensions/nifi-email-nar-2.6.0.nar-unpacked]
2025-10-16 10:26:03,773 INFO [main] org.apache.nifi.nar.NarClassLoaders Loaded NAR file: /opt/nifi/nifi-current/./work/nar/extensions/nifi-dbcp-service-nar-2.6.0.nar-unpacked as class loader org.apache.nifi.nar.NarClassLoader[./work/nar/extensions/nifi-dbcp-service-nar-2.6.0.nar-unpacked]
2025-10-16 10:26:03,774 INFO [main] org.apache.nifi.nar.NarClassLoaders Loaded NAR file: /opt/nifi/nifi-current/./work/nar/extensions/nifi-kerberos-iaa-providers-nar-2.6.0.nar-unpacked as class loader org.apache.nifi.nar.NarClassLoader[./work/nar/extensions/nifi-kerberos-iaa-providers-nar-2.6.0.nar-unpacked]
2025-10-16 10:26:03,775 INFO [main] org.apache.nifi.nar.NarClassLoaders Loaded NAR file: /opt/nifi/nifi-current/./work/nar/extensions/nifi-evtx-nar-2.6.0.nar-unpacked as class loader org.apache.nifi.nar.NarClassLoader[./work/nar/extensions/nifi-evtx-nar-2.6.0.nar-unpacked]
2025-10-16 10:26:03,776 INFO [main] org.apache.nifi.nar.NarClassLoaders Loaded NAR file: /opt/nifi/nifi-current/./work/nar/extensions/nifi-stateful-analysis-nar-2.6.0.nar-unpacked as class loader org.apache.nifi.nar.NarClassLoader[./work/nar/extensions/nifi-stateful-analysis-nar-2.6.0.nar-unpacked]
2025-10-16 10:26:03,776 INFO [main] org.apache.nifi.nar.NarClassLoaders Loaded NAR file: /opt/nifi/nifi-current/./work/nar/extensions/nifi-file-resource-service-nar-2.6.0.nar-unpacked as class loader org.apache.nifi.nar.NarClassLoader[./work/nar/extensions/nifi-file-resource-service-nar-2.6.0.nar-unpacked]
2025-10-16 10:26:03,777 INFO [main] org.apache.nifi.nar.NarClassLoaders Loaded NAR file: /opt/nifi/nifi-current/./work/nar/extensions/nifi-standard-shared-nar-2.6.0.nar-unpacked as class loader org.apache.nifi.nar.NarClassLoader[./work/nar/extensions/nifi-standard-shared-nar-2.6.0.nar-unpacked]
2025-10-16 10:26:03,783 INFO [main] org.apache.nifi.nar.NarClassLoaders Loaded NAR file: /opt/nifi/nifi-current/./work/nar/extensions/nifi-gcp-services-api-nar-2.6.0.nar-unpacked as class loader org.apache.nifi.nar.NarClassLoader[./work/nar/extensions/nifi-gcp-services-api-nar-2.6.0.nar-unpacked]
2025-10-16 10:26:03,784 INFO [main] org.apache.nifi.nar.NarClassLoaders Loaded NAR file: /opt/nifi/nifi-current/./work/nar/extensions/nifi-database-dialect-service-nar-2.6.0.nar-unpacked as class loader org.apache.nifi.nar.NarClassLoader[./work/nar/extensions/nifi-database-dialect-service-nar-2.6.0.nar-unpacked]
2025-10-16 10:26:03,785 INFO [main] org.apache.nifi.nar.NarClassLoaders Loaded NAR file: /opt/nifi/nifi-current/./work/nar/extensions/nifi-poi-nar-2.6.0.nar-unpacked as class loader org.apache.nifi.nar.NarClassLoader[./work/nar/extensions/nifi-poi-nar-2.6.0.nar-unpacked]
2025-10-16 10:26:03,786 INFO [main] org.apache.nifi.nar.NarClassLoaders Loaded NAR file: /opt/nifi/nifi-current/./work/nar/extensions/nifi-key-service-nar-2.6.0.nar-unpacked as class loader org.apache.nifi.nar.NarClassLoader[./work/nar/extensions/nifi-key-service-nar-2.6.0.nar-unpacked]
2025-10-16 10:26:03,787 INFO [main] org.apache.nifi.nar.NarClassLoaders Loaded NAR file: /opt/nifi/nifi-current/./work/nar/extensions/nifi-asana-services-api-nar-2.6.0.nar-unpacked as class loader org.apache.nifi.nar.NarClassLoader[./work/nar/extensions/nifi-asana-services-api-nar-2.6.0.nar-unpacked]
2025-10-16 10:26:03,802 INFO [main] org.apache.nifi.nar.NarClassLoaders Loaded NAR file: /opt/nifi/nifi-current/./work/nar/extensions/nifi-snmp-nar-2.6.0.nar-unpacked as class loader org.apache.nifi.nar.NarClassLoader[./work/nar/extensions/nifi-snmp-nar-2.6.0.nar-unpacked]
2025-10-16 10:26:03,803 INFO [main] org.apache.nifi.nar.NarClassLoaders Loaded NAR file: /opt/nifi/nifi-current/./work/nar/extensions/nifi-framework-zookeeper-nar-2.6.0.nar-unpacked as class loader org.apache.nifi.nar.NarClassLoader[./work/nar/extensions/nifi-framework-zookeeper-nar-2.6.0.nar-unpacked]
2025-10-16 10:26:03,805 INFO [main] org.apache.nifi.nar.NarClassLoaders Loaded NAR file: /opt/nifi/nifi-current/./work/nar/extensions/nifi-ssl-context-service-nar-2.6.0.nar-unpacked as class loader org.apache.nifi.nar.NarClassLoader[./work/nar/extensions/nifi-ssl-context-service-nar-2.6.0.nar-unpacked]
2025-10-16 10:26:03,805 INFO [main] org.apache.nifi.nar.NarClassLoaders Loaded NAR file: /opt/nifi/nifi-current/./work/nar/extensions/nifi-web-client-provider-service-nar-2.6.0.nar-unpacked as class loader org.apache.nifi.nar.NarClassLoader[./work/nar/extensions/nifi-web-client-provider-service-nar-2.6.0.nar-unpacked]
2025-10-16 10:26:03,806 INFO [main] org.apache.nifi.nar.NarClassLoaders Loaded NAR file: /opt/nifi/nifi-current/./work/nar/extensions/nifi-network-processors-nar-2.6.0.nar-unpacked as class loader org.apache.nifi.nar.NarClassLoader[./work/nar/extensions/nifi-network-processors-nar-2.6.0.nar-unpacked]
2025-10-16 10:26:03,806 INFO [main] org.apache.nifi.nar.NarClassLoaders Loaded NAR file: /opt/nifi/nifi-current/./work/nar/extensions/nifi-kafka-service-api-nar-2.6.0.nar-unpacked as class loader org.apache.nifi.nar.NarClassLoader[./work/nar/extensions/nifi-kafka-service-api-nar-2.6.0.nar-unpacked]
2025-10-16 10:26:03,806 INFO [main] org.apache.nifi.nar.NarClassLoaders Loaded NAR file: /opt/nifi/nifi-current/./work/nar/extensions/nifi-windows-event-log-nar-2.6.0.nar-unpacked as class loader org.apache.nifi.nar.NarClassLoader[./work/nar/extensions/nifi-windows-event-log-nar-2.6.0.nar-unpacked]
2025-10-16 10:26:03,807 INFO [main] org.apache.nifi.nar.NarClassLoaders Loaded NAR file: /opt/nifi/nifi-current/./work/nar/extensions/nifi-gcp-nar-2.6.0.nar-unpacked as class loader org.apache.nifi.nar.NarClassLoader[./work/nar/extensions/nifi-gcp-nar-2.6.0.nar-unpacked]
2025-10-16 10:26:03,811 INFO [main] org.apache.nifi.nar.NarClassLoaders Loaded NAR file: /opt/nifi/nifi-current/./work/nar/extensions/nifi-hashicorp-vault-client-service-api-nar-2.6.0.nar-unpacked as class loader org.apache.nifi.nar.NarClassLoader[./work/nar/extensions/nifi-hashicorp-vault-client-service-api-nar-2.6.0.nar-unpacked]
2025-10-16 10:26:03,812 INFO [main] org.apache.nifi.nar.NarClassLoaders Loaded NAR file: /opt/nifi/nifi-current/./work/nar/extensions/nifi-registry-nar-2.6.0.nar-unpacked as class loader org.apache.nifi.nar.NarClassLoader[./work/nar/extensions/nifi-registry-nar-2.6.0.nar-unpacked]
2025-10-16 10:26:03,812 INFO [main] org.apache.nifi.nar.NarClassLoaders Loaded NAR file: /opt/nifi/nifi-current/./work/nar/extensions/nifi-protobuf-services-nar-2.6.0.nar-unpacked as class loader org.apache.nifi.nar.NarClassLoader[./work/nar/extensions/nifi-protobuf-services-nar-2.6.0.nar-unpacked]
2025-10-16 10:26:03,814 INFO [main] org.apache.nifi.nar.NarClassLoaders Loaded NAR file: /opt/nifi/nifi-current/./work/nar/extensions/nifi-asana-services-nar-2.6.0.nar-unpacked as class loader org.apache.nifi.nar.NarClassLoader[./work/nar/extensions/nifi-asana-services-nar-2.6.0.nar-unpacked]
2025-10-16 10:26:03,814 INFO [main] org.apache.nifi.nar.NarClassLoaders Loaded NAR file: /opt/nifi/nifi-current/./work/nar/extensions/nifi-site-to-site-reporting-nar-2.6.0.nar-unpacked as class loader org.apache.nifi.nar.NarClassLoader[./work/nar/extensions/nifi-site-to-site-reporting-nar-2.6.0.nar-unpacked]
2025-10-16 10:26:03,815 INFO [main] org.apache.nifi.nar.NarClassLoaders Loaded NAR file: /opt/nifi/nifi-current/./work/nar/extensions/nifi-zendesk-nar-2.6.0.nar-unpacked as class loader org.apache.nifi.nar.NarClassLoader[./work/nar/extensions/nifi-zendesk-nar-2.6.0.nar-unpacked]
2025-10-16 10:26:03,815 INFO [main] org.apache.nifi.nar.NarClassLoaders Loaded NAR file: /opt/nifi/nifi-current/./work/nar/extensions/nifi-cipher-nar-2.6.0.nar-unpacked as class loader org.apache.nifi.nar.NarClassLoader[./work/nar/extensions/nifi-cipher-nar-2.6.0.nar-unpacked]
2025-10-16 10:26:03,816 INFO [main] org.apache.nifi.nar.NarClassLoaders Loaded NAR file: /opt/nifi/nifi-current/./work/nar/extensions/nifi-jms-cf-service-nar-2.6.0.nar-unpacked as class loader org.apache.nifi.nar.NarClassLoader[./work/nar/extensions/nifi-jms-cf-service-nar-2.6.0.nar-unpacked]
2025-10-16 10:26:03,816 INFO [main] org.apache.nifi.nar.NarClassLoaders Loaded NAR file: /opt/nifi/nifi-current/./work/nar/extensions/nifi-jolt-nar-2.6.0.nar-unpacked as class loader org.apache.nifi.nar.NarClassLoader[./work/nar/extensions/nifi-jolt-nar-2.6.0.nar-unpacked]
2025-10-16 10:26:03,817 INFO [main] org.apache.nifi.nar.NarClassLoaders Loaded NAR file: /opt/nifi/nifi-current/./work/nar/extensions/nifi-hazelcast-services-api-nar-2.6.0.nar-unpacked as class loader org.apache.nifi.nar.NarClassLoader[./work/nar/extensions/nifi-hazelcast-services-api-nar-2.6.0.nar-unpacked]
2025-10-16 10:26:03,817 INFO [main] org.apache.nifi.nar.NarClassLoaders Loaded NAR file: /opt/nifi/nifi-current/./work/nar/extensions/nifi-pgp-service-api-nar-2.6.0.nar-unpacked as class loader org.apache.nifi.nar.NarClassLoader[./work/nar/extensions/nifi-pgp-service-api-nar-2.6.0.nar-unpacked]
2025-10-16 10:26:03,817 INFO [main] org.apache.nifi.nar.NarClassLoaders Loaded NAR file: /opt/nifi/nifi-current/./work/nar/extensions/nifi-proxy-configuration-nar-2.6.0.nar-unpacked as class loader org.apache.nifi.nar.NarClassLoader[./work/nar/extensions/nifi-proxy-configuration-nar-2.6.0.nar-unpacked]
2025-10-16 10:26:03,818 INFO [main] org.apache.nifi.nar.NarClassLoaders Loaded NAR file: /opt/nifi/nifi-current/./work/nar/extensions/nifi-airtable-nar-2.6.0.nar-unpacked as class loader org.apache.nifi.nar.NarClassLoader[./work/nar/extensions/nifi-airtable-nar-2.6.0.nar-unpacked]
2025-10-16 10:26:03,818 INFO [main] org.apache.nifi.nar.NarClassLoaders Loaded NAR file: /opt/nifi/nifi-current/./work/nar/extensions/nifi-github-nar-2.6.0.nar-unpacked as class loader org.apache.nifi.nar.NarClassLoader[./work/nar/extensions/nifi-github-nar-2.6.0.nar-unpacked]
2025-10-16 10:26:03,819 INFO [main] org.apache.nifi.nar.NarClassLoaders Loaded NAR file: /opt/nifi/nifi-current/./work/nar/extensions/nifi-oauth2-provider-nar-2.6.0.nar-unpacked as class loader org.apache.nifi.nar.NarClassLoader[./work/nar/extensions/nifi-oauth2-provider-nar-2.6.0.nar-unpacked]
2025-10-16 10:26:03,819 INFO [main] org.apache.nifi.nar.NarClassLoaders Loaded NAR file: /opt/nifi/nifi-current/./work/nar/extensions/nifi-workday-processors-nar-2.6.0.nar-unpacked as class loader org.apache.nifi.nar.NarClassLoader[./work/nar/extensions/nifi-workday-processors-nar-2.6.0.nar-unpacked]
2025-10-16 10:26:03,819 INFO [main] org.apache.nifi.nar.NarClassLoaders Loaded NAR file: /opt/nifi/nifi-current/./work/nar/extensions/nifi-mongodb-client-service-api-nar-2.6.0.nar-unpacked as class loader org.apache.nifi.nar.NarClassLoader[./work/nar/extensions/nifi-mongodb-client-service-api-nar-2.6.0.nar-unpacked]
2025-10-16 10:26:03,820 INFO [main] org.apache.nifi.nar.NarClassLoaders Loaded NAR file: /opt/nifi/nifi-current/./work/nar/extensions/nifi-groovyx-nar-2.6.0.nar-unpacked as class loader org.apache.nifi.nar.NarClassLoader[./work/nar/extensions/nifi-groovyx-nar-2.6.0.nar-unpacked]
2025-10-16 10:26:03,822 INFO [main] org.apache.nifi.nar.NarClassLoaders Loaded NAR file: /opt/nifi/nifi-current/./work/nar/extensions/nifi-hazelcast-services-nar-2.6.0.nar-unpacked as class loader org.apache.nifi.nar.NarClassLoader[./work/nar/extensions/nifi-hazelcast-services-nar-2.6.0.nar-unpacked]
2025-10-16 10:26:03,824 INFO [main] org.apache.nifi.nar.NarClassLoaders Loaded NAR file: /opt/nifi/nifi-current/./work/nar/extensions/nifi-mqtt-nar-2.6.0.nar-unpacked as class loader org.apache.nifi.nar.NarClassLoader[./work/nar/extensions/nifi-mqtt-nar-2.6.0.nar-unpacked]
2025-10-16 10:26:03,825 INFO [main] org.apache.nifi.nar.NarClassLoaders Loaded NAR file: /opt/nifi/nifi-current/./work/nar/extensions/nifi-cdc-mysql-nar-2.6.0.nar-unpacked as class loader org.apache.nifi.nar.NarClassLoader[./work/nar/extensions/nifi-cdc-mysql-nar-2.6.0.nar-unpacked]
2025-10-16 10:26:03,825 INFO [main] org.apache.nifi.nar.NarClassLoaders Loaded NAR file: /opt/nifi/nifi-current/./work/nar/extensions/nifi-jslt-nar-2.6.0.nar-unpacked as class loader org.apache.nifi.nar.NarClassLoader[./work/nar/extensions/nifi-jslt-nar-2.6.0.nar-unpacked]
2025-10-16 10:26:03,825 INFO [main] org.apache.nifi.nar.NarClassLoaders Loaded NAR file: /opt/nifi/nifi-current/./work/nar/extensions/nifi-kafka-nar-2.6.0.nar-unpacked as class loader org.apache.nifi.nar.NarClassLoader[./work/nar/extensions/nifi-kafka-nar-2.6.0.nar-unpacked]
2025-10-16 10:26:03,826 INFO [main] org.apache.nifi.nar.NarClassLoaders Loaded NAR file: /opt/nifi/nifi-current/./work/nar/extensions/nifi-mongodb-nar-2.6.0.nar-unpacked as class loader org.apache.nifi.nar.NarClassLoader[./work/nar/extensions/nifi-mongodb-nar-2.6.0.nar-unpacked]
2025-10-16 10:26:03,826 INFO [main] org.apache.nifi.nar.NarClassLoaders Loaded NAR file: /opt/nifi/nifi-current/./work/nar/extensions/nifi-pgp-service-nar-2.6.0.nar-unpacked as class loader org.apache.nifi.nar.NarClassLoader[./work/nar/extensions/nifi-pgp-service-nar-2.6.0.nar-unpacked]
2025-10-16 10:26:03,826 INFO [main] org.apache.nifi.nar.NarClassLoaders Loaded NAR file: /opt/nifi/nifi-current/./work/nar/extensions/nifi-standard-content-viewer-nar-2.6.0.nar-unpacked as class loader org.apache.nifi.nar.NarClassLoader[./work/nar/extensions/nifi-standard-content-viewer-nar-2.6.0.nar-unpacked]
2025-10-16 10:26:03,827 INFO [main] org.apache.nifi.nar.NarClassLoaders Loaded NAR file: /opt/nifi/nifi-current/./work/nar/extensions/nifi-standard-nar-2.6.0.nar-unpacked as class loader org.apache.nifi.nar.NarClassLoader[./work/nar/extensions/nifi-standard-nar-2.6.0.nar-unpacked]
2025-10-16 10:26:03,834 INFO [main] org.apache.nifi.nar.NarClassLoaders Loaded NAR file: /opt/nifi/nifi-current/./work/nar/extensions/nifi-box-services-api-nar-2.6.0.nar-unpacked as class loader org.apache.nifi.nar.NarClassLoader[./work/nar/extensions/nifi-box-services-api-nar-2.6.0.nar-unpacked]
2025-10-16 10:26:03,834 INFO [main] org.apache.nifi.nar.NarClassLoaders Loaded NAR file: /opt/nifi/nifi-current/./work/nar/extensions/nifi-http-context-map-nar-2.6.0.nar-unpacked as class loader org.apache.nifi.nar.NarClassLoader[./work/nar/extensions/nifi-http-context-map-nar-2.6.0.nar-unpacked]
2025-10-16 10:26:03,834 INFO [main] org.apache.nifi.nar.NarClassLoaders Loaded NAR file: /opt/nifi/nifi-current/./work/nar/extensions/nifi-avro-nar-2.6.0.nar-unpacked as class loader org.apache.nifi.nar.NarClassLoader[./work/nar/extensions/nifi-avro-nar-2.6.0.nar-unpacked]
2025-10-16 10:26:03,834 INFO [main] org.apache.nifi.nar.NarClassLoaders Loaded NAR file: /opt/nifi/nifi-current/./work/nar/extensions/nifi-enrich-nar-2.6.0.nar-unpacked as class loader org.apache.nifi.nar.NarClassLoader[./work/nar/extensions/nifi-enrich-nar-2.6.0.nar-unpacked]
2025-10-16 10:26:03,835 INFO [main] org.apache.nifi.nar.NarClassLoaders Loaded NAR file: /opt/nifi/nifi-current/./work/nar/extensions/nifi-lookup-services-nar-2.6.0.nar-unpacked as class loader org.apache.nifi.nar.NarClassLoader[./work/nar/extensions/nifi-lookup-services-nar-2.6.0.nar-unpacked]
2025-10-16 10:26:03,836 INFO [main] org.apache.nifi.nar.NarClassLoaders Loaded NAR file: /opt/nifi/nifi-current/./work/nar/extensions/nifi-splunk-nar-2.6.0.nar-unpacked as class loader org.apache.nifi.nar.NarClassLoader[./work/nar/extensions/nifi-splunk-nar-2.6.0.nar-unpacked]
2025-10-16 10:26:03,836 INFO [main] org.apache.nifi.nar.NarClassLoaders Loaded NAR file: /opt/nifi/nifi-current/./work/nar/extensions/nifi-zendesk-services-nar-2.6.0.nar-unpacked as class loader org.apache.nifi.nar.NarClassLoader[./work/nar/extensions/nifi-zendesk-services-nar-2.6.0.nar-unpacked]
2025-10-16 10:26:03,837 INFO [main] org.apache.nifi.nar.NarClassLoaders Loaded NAR file: /opt/nifi/nifi-current/./work/nar/extensions/nifi-hashicorp-vault-nar-2.6.0.nar-unpacked as class loader org.apache.nifi.nar.NarClassLoader[./work/nar/extensions/nifi-hashicorp-vault-nar-2.6.0.nar-unpacked]
2025-10-16 10:26:03,838 INFO [main] org.apache.nifi.nar.NarClassLoaders Loaded NAR file: /opt/nifi/nifi-current/./work/nar/extensions/nifi-distributed-cache-services-nar-2.6.0.nar-unpacked as class loader org.apache.nifi.nar.NarClassLoader[./work/nar/extensions/nifi-distributed-cache-services-nar-2.6.0.nar-unpacked]
2025-10-16 10:26:03,838 INFO [main] org.apache.nifi.nar.NarClassLoaders Loaded NAR file: /opt/nifi/nifi-current/./work/nar/extensions/nifi-slack-nar-2.6.0.nar-unpacked as class loader org.apache.nifi.nar.NarClassLoader[./work/nar/extensions/nifi-slack-nar-2.6.0.nar-unpacked]
2025-10-16 10:26:03,859 INFO [main] org.apache.nifi.nar.NarClassLoaders Loaded NAR file: /opt/nifi/nifi-current/./work/nar/extensions/nifi-kafka-3-service-nar-2.6.0.nar-unpacked as class loader org.apache.nifi.nar.NarClassLoader[./work/nar/extensions/nifi-kafka-3-service-nar-2.6.0.nar-unpacked]
2025-10-16 10:26:03,860 INFO [main] org.apache.nifi.nar.NarClassLoaders Loaded NAR file: /opt/nifi/nifi-current/./work/nar/extensions/nifi-kerberos-user-service-nar-2.6.0.nar-unpacked as class loader org.apache.nifi.nar.NarClassLoader[./work/nar/extensions/nifi-kerberos-user-service-nar-2.6.0.nar-unpacked]
2025-10-16 10:26:03,860 INFO [main] org.apache.nifi.nar.NarClassLoaders Loaded NAR file: /opt/nifi/nifi-current/./work/nar/extensions/nifi-confluent-platform-nar-2.6.0.nar-unpacked as class loader org.apache.nifi.nar.NarClassLoader[./work/nar/extensions/nifi-confluent-platform-nar-2.6.0.nar-unpacked]
2025-10-16 10:26:03,861 INFO [main] org.apache.nifi.nar.NarClassLoaders Loaded NAR file: /opt/nifi/nifi-current/./work/nar/extensions/nifi-social-media-nar-2.6.0.nar-unpacked as class loader org.apache.nifi.nar.NarClassLoader[./work/nar/extensions/nifi-social-media-nar-2.6.0.nar-unpacked]
2025-10-16 10:26:03,862 INFO [main] org.apache.nifi.nar.NarClassLoaders Loaded NAR file: /opt/nifi/nifi-current/./work/nar/extensions/nifi-opentelemetry-nar-2.6.0.nar-unpacked as class loader org.apache.nifi.nar.NarClassLoader[./work/nar/extensions/nifi-opentelemetry-nar-2.6.0.nar-unpacked]
2025-10-16 10:26:03,863 INFO [main] org.apache.nifi.nar.NarClassLoaders Loaded NAR file: /opt/nifi/nifi-current/./work/nar/extensions/nifi-elasticsearch-client-service-api-nar-2.6.0.nar-unpacked as class loader org.apache.nifi.nar.NarClassLoader[./work/nar/extensions/nifi-elasticsearch-client-service-api-nar-2.6.0.nar-unpacked]
2025-10-16 10:26:03,863 INFO [main] org.apache.nifi.nar.NarClassLoaders Loaded NAR file: /opt/nifi/nifi-current/./work/nar/extensions/nifi-py4j-nar-2.6.0.nar-unpacked as class loader org.apache.nifi.nar.NarClassLoader[./work/nar/extensions/nifi-py4j-nar-2.6.0.nar-unpacked]
2025-10-16 10:26:03,864 INFO [main] org.apache.nifi.nar.NarClassLoaders Loaded NAR file: /opt/nifi/nifi-current/./work/nar/extensions/nifi-amqp-nar-2.6.0.nar-unpacked as class loader org.apache.nifi.nar.NarClassLoader[./work/nar/extensions/nifi-amqp-nar-2.6.0.nar-unpacked]
2025-10-16 10:26:03,864 INFO [main] org.apache.nifi.nar.NarClassLoaders Loaded NAR file: /opt/nifi/nifi-current/./work/nar/extensions/nifi-salesforce-nar-2.6.0.nar-unpacked as class loader org.apache.nifi.nar.NarClassLoader[./work/nar/extensions/nifi-salesforce-nar-2.6.0.nar-unpacked]
2025-10-16 10:26:03,865 INFO [main] org.apache.nifi.nar.NarClassLoaders Loaded NAR file: /opt/nifi/nifi-current/./work/nar/extensions/nifi-websocket-services-api-nar-2.6.0.nar-unpacked as class loader org.apache.nifi.nar.NarClassLoader[./work/nar/extensions/nifi-websocket-services-api-nar-2.6.0.nar-unpacked]
2025-10-16 10:26:03,865 INFO [main] org.apache.nifi.nar.NarClassLoaders Loaded NAR file: /opt/nifi/nifi-current/./work/nar/extensions/nifi-shopify-nar-2.6.0.nar-unpacked as class loader org.apache.nifi.nar.NarClassLoader[./work/nar/extensions/nifi-shopify-nar-2.6.0.nar-unpacked]
2025-10-16 10:26:03,866 INFO [main] org.apache.nifi.nar.NarClassLoaders Loaded NAR file: /opt/nifi/nifi-current/./work/nar/extensions/nifi-geohash-nar-2.6.0.nar-unpacked as class loader org.apache.nifi.nar.NarClassLoader[./work/nar/extensions/nifi-geohash-nar-2.6.0.nar-unpacked]
2025-10-16 10:26:03,866 INFO [main] org.apache.nifi.nar.NarClassLoaders Loaded NAR file: /opt/nifi/nifi-current/./work/nar/extensions/nifi-aws-service-api-nar-2.6.0.nar-unpacked as class loader org.apache.nifi.nar.NarClassLoader[./work/nar/extensions/nifi-aws-service-api-nar-2.6.0.nar-unpacked]
2025-10-16 10:26:03,868 INFO [main] org.apache.nifi.nar.NarClassLoaders Loaded NAR file: /opt/nifi/nifi-current/./work/nar/extensions/nifi-kafka-service-aws-nar-2.6.0.nar-unpacked as class loader org.apache.nifi.nar.NarClassLoader[./work/nar/extensions/nifi-kafka-service-aws-nar-2.6.0.nar-unpacked]
2025-10-16 10:26:03,870 INFO [main] org.apache.nifi.nar.NarClassLoaders Loaded NAR file: /opt/nifi/nifi-current/./work/nar/extensions/nifi-db-schema-registry-service-nar-2.6.0.nar-unpacked as class loader org.apache.nifi.nar.NarClassLoader[./work/nar/extensions/nifi-db-schema-registry-service-nar-2.6.0.nar-unpacked]
2025-10-16 10:26:03,870 INFO [main] org.apache.nifi.nar.NarClassLoaders Loaded NAR file: /opt/nifi/nifi-current/./work/nar/extensions/nifi-dropbox-services-api-nar-2.6.0.nar-unpacked as class loader org.apache.nifi.nar.NarClassLoader[./work/nar/extensions/nifi-dropbox-services-api-nar-2.6.0.nar-unpacked]
2025-10-16 10:26:03,870 INFO [main] org.apache.nifi.nar.NarClassLoaders Loaded NAR file: /opt/nifi/nifi-current/./work/nar/extensions/nifi-flow-registry-client-nar-2.6.0.nar-unpacked as class loader org.apache.nifi.nar.NarClassLoader[./work/nar/extensions/nifi-flow-registry-client-nar-2.6.0.nar-unpacked]
2025-10-16 10:26:03,871 INFO [main] org.apache.nifi.nar.NarClassLoaders Loaded NAR file: /opt/nifi/nifi-current/./work/nar/extensions/nifi-azure-services-api-nar-2.6.0.nar-unpacked as class loader org.apache.nifi.nar.NarClassLoader[./work/nar/extensions/nifi-azure-services-api-nar-2.6.0.nar-unpacked]
2025-10-16 10:26:03,875 INFO [main] org.apache.nifi.nar.NarClassLoaders Loaded NAR file: /opt/nifi/nifi-current/./work/nar/extensions/nifi-dropbox-services-nar-2.6.0.nar-unpacked as class loader org.apache.nifi.nar.NarClassLoader[./work/nar/extensions/nifi-dropbox-services-nar-2.6.0.nar-unpacked]
2025-10-16 10:26:03,875 INFO [main] org.apache.nifi.nar.NarClassLoaders Loaded NAR file: /opt/nifi/nifi-current/./work/nar/extensions/nifi-apicurio-nar-2.6.0.nar-unpacked as class loader org.apache.nifi.nar.NarClassLoader[./work/nar/extensions/nifi-apicurio-nar-2.6.0.nar-unpacked]
2025-10-16 10:26:03,876 INFO [main] org.apache.nifi.nar.NarClassLoaders Loaded NAR file: /opt/nifi/nifi-current/./work/nar/extensions/nifi-hubspot-nar-2.6.0.nar-unpacked as class loader org.apache.nifi.nar.NarClassLoader[./work/nar/extensions/nifi-hubspot-nar-2.6.0.nar-unpacked]
2025-10-16 10:26:03,876 INFO [main] org.apache.nifi.nar.NarClassLoaders Loaded NAR file: /opt/nifi/nifi-current/./work/nar/extensions/nifi-smb-client-api-nar-2.6.0.nar-unpacked as class loader org.apache.nifi.nar.NarClassLoader[./work/nar/extensions/nifi-smb-client-api-nar-2.6.0.nar-unpacked]
2025-10-16 10:26:03,876 INFO [main] org.apache.nifi.nar.NarClassLoaders Loaded NAR file: /opt/nifi/nifi-current/./work/nar/extensions/nifi-record-sink-service-nar-2.6.0.nar-unpacked as class loader org.apache.nifi.nar.NarClassLoader[./work/nar/extensions/nifi-record-sink-service-nar-2.6.0.nar-unpacked]
2025-10-16 10:26:03,877 INFO [main] org.apache.nifi.nar.NarClassLoaders Loaded NAR file: /opt/nifi/nifi-current/./work/nar/extensions/nifi-gitlab-nar-2.6.0.nar-unpacked as class loader org.apache.nifi.nar.NarClassLoader[./work/nar/extensions/nifi-gitlab-nar-2.6.0.nar-unpacked]
2025-10-16 10:26:03,878 INFO [main] org.apache.nifi.nar.NarClassLoaders Loaded NAR file: /opt/nifi/nifi-current/./work/nar/extensions/nifi-box-nar-2.6.0.nar-unpacked as class loader org.apache.nifi.nar.NarClassLoader[./work/nar/extensions/nifi-box-nar-2.6.0.nar-unpacked]
2025-10-16 10:26:03,878 INFO [main] org.apache.nifi.nar.NarClassLoaders Loaded NAR file: /opt/nifi/nifi-current/./work/nar/extensions/nifi-scripting-nar-2.6.0.nar-unpacked as class loader org.apache.nifi.nar.NarClassLoader[./work/nar/extensions/nifi-scripting-nar-2.6.0.nar-unpacked]
2025-10-16 10:26:03,881 INFO [main] org.apache.nifi.nar.NarClassLoaders Loaded NAR file: /opt/nifi/nifi-current/./work/nar/extensions/nifi-asana-processors-nar-2.6.0.nar-unpacked as class loader org.apache.nifi.nar.NarClassLoader[./work/nar/extensions/nifi-asana-processors-nar-2.6.0.nar-unpacked]
2025-10-16 10:26:03,881 INFO [main] org.apache.nifi.nar.NarClassLoaders Loaded NAR file: /opt/nifi/nifi-current/./work/nar/extensions/nifi-atlassian-nar-2.6.0.nar-unpacked as class loader org.apache.nifi.nar.NarClassLoader[./work/nar/extensions/nifi-atlassian-nar-2.6.0.nar-unpacked]
2025-10-16 10:26:03,882 INFO [main] org.apache.nifi.nar.NarClassLoaders Loaded NAR file: /opt/nifi/nifi-current/./work/nar/extensions/nifi-jms-processors-nar-2.6.0.nar-unpacked as class loader org.apache.nifi.nar.NarClassLoader[./work/nar/extensions/nifi-jms-processors-nar-2.6.0.nar-unpacked]
2025-10-16 10:26:03,883 INFO [main] org.apache.nifi.nar.NarClassLoaders Loaded NAR file: /opt/nifi/nifi-current/./work/nar/extensions/nifi-record-serialization-services-nar-2.6.0.nar-unpacked as class loader org.apache.nifi.nar.NarClassLoader[./work/nar/extensions/nifi-record-serialization-services-nar-2.6.0.nar-unpacked]
2025-10-16 10:26:03,884 INFO [main] org.apache.nifi.nar.NarClassLoaders Loaded NAR file: /opt/nifi/nifi-current/./work/nar/extensions/nifi-elasticsearch-client-service-nar-2.6.0.nar-unpacked as class loader org.apache.nifi.nar.NarClassLoader[./work/nar/extensions/nifi-elasticsearch-client-service-nar-2.6.0.nar-unpacked]
2025-10-16 10:26:03,885 INFO [main] org.apache.nifi.nar.NarClassLoaders Loaded NAR file: /opt/nifi/nifi-current/./work/nar/extensions/nifi-redis-service-api-nar-2.6.0.nar-unpacked as class loader org.apache.nifi.nar.NarClassLoader[./work/nar/extensions/nifi-redis-service-api-nar-2.6.0.nar-unpacked]
2025-10-16 10:26:03,886 INFO [main] org.apache.nifi.nar.NarClassLoaders Loaded NAR file: /opt/nifi/nifi-current/./work/nar/extensions/nifi-smb-smbj-client-nar-2.6.0.nar-unpacked as class loader org.apache.nifi.nar.NarClassLoader[./work/nar/extensions/nifi-smb-smbj-client-nar-2.6.0.nar-unpacked]
2025-10-16 10:26:03,886 INFO [main] org.apache.nifi.nar.NarClassLoaders Loaded NAR file: /opt/nifi/nifi-current/./work/nar/extensions/nifi-pgp-nar-2.6.0.nar-unpacked as class loader org.apache.nifi.nar.NarClassLoader[./work/nar/extensions/nifi-pgp-nar-2.6.0.nar-unpacked]
2025-10-16 10:26:03,887 INFO [main] org.apache.nifi.nar.NarClassLoaders Loaded NAR file: /opt/nifi/nifi-current/./work/nar/extensions/nifi-smb-nar-2.6.0.nar-unpacked as class loader org.apache.nifi.nar.NarClassLoader[./work/nar/extensions/nifi-smb-nar-2.6.0.nar-unpacked]
2025-10-16 10:26:03,887 INFO [main] org.apache.nifi.nar.NarClassLoaders Loaded NAR file: /opt/nifi/nifi-current/./work/nar/extensions/nifi-mongodb-services-nar-2.6.0.nar-unpacked as class loader org.apache.nifi.nar.NarClassLoader[./work/nar/extensions/nifi-mongodb-services-nar-2.6.0.nar-unpacked]
2025-10-16 10:26:03,888 INFO [main] org.apache.nifi.nar.NarClassLoaders Loaded NAR file: /opt/nifi/nifi-current/./work/nar/extensions/nifi-websocket-processors-nar-2.6.0.nar-unpacked as class loader org.apache.nifi.nar.NarClassLoader[./work/nar/extensions/nifi-websocket-processors-nar-2.6.0.nar-unpacked]
2025-10-16 10:26:03,888 INFO [main] org.apache.nifi.nar.NarClassLoaders Loaded NAR file: /opt/nifi/nifi-current/./work/nar/extensions/nifi-dropbox-processors-nar-2.6.0.nar-unpacked as class loader org.apache.nifi.nar.NarClassLoader[./work/nar/extensions/nifi-dropbox-processors-nar-2.6.0.nar-unpacked]
2025-10-16 10:26:03,889 INFO [main] org.apache.nifi.nar.NarClassLoaders Loaded NAR file: /opt/nifi/nifi-current/./work/nar/extensions/nifi-websocket-services-jetty-nar-2.6.0.nar-unpacked as class loader org.apache.nifi.nar.NarClassLoader[./work/nar/extensions/nifi-websocket-services-jetty-nar-2.6.0.nar-unpacked]
2025-10-16 10:26:03,890 INFO [main] org.apache.nifi.nar.NarClassLoaders Loaded NAR file: /opt/nifi/nifi-current/./work/nar/extensions/nifi-box-services-nar-2.6.0.nar-unpacked as class loader org.apache.nifi.nar.NarClassLoader[./work/nar/extensions/nifi-box-services-nar-2.6.0.nar-unpacked]
2025-10-16 10:26:03,890 INFO [main] org.apache.nifi.nar.NarClassLoaders Loaded NAR file: /opt/nifi/nifi-current/./work/nar/extensions/nifi-aws-nar-2.6.0.nar-unpacked as class loader org.apache.nifi.nar.NarClassLoader[./work/nar/extensions/nifi-aws-nar-2.6.0.nar-unpacked]
2025-10-16 10:26:03,896 INFO [main] org.apache.nifi.nar.NarClassLoaders Loaded NAR file: /opt/nifi/nifi-current/./work/nar/extensions/nifi-elasticsearch-restapi-nar-2.6.0.nar-unpacked as class loader org.apache.nifi.nar.NarClassLoader[./work/nar/extensions/nifi-elasticsearch-restapi-nar-2.6.0.nar-unpacked]
2025-10-16 10:26:03,897 INFO [main] org.apache.nifi.nar.NarClassLoaders Loaded NAR file: /opt/nifi/nifi-current/./work/nar/extensions/nifi-azure-nar-2.6.0.nar-unpacked as class loader org.apache.nifi.nar.NarClassLoader[./work/nar/extensions/nifi-azure-nar-2.6.0.nar-unpacked]
2025-10-16 10:26:03,903 INFO [main] org.apache.nifi.nar.NarClassLoaders Loaded NAR file: /opt/nifi/nifi-current/./work/nar/extensions/nifi-redis-nar-2.6.0.nar-unpacked as class loader org.apache.nifi.nar.NarClassLoader[./work/nar/extensions/nifi-redis-nar-2.6.0.nar-unpacked]
2025-10-16 10:26:03,903 INFO [main] org.apache.nifi.nar.NarClassLoaders Found NiFiServer implementation org.apache.nifi.web.server.JettyServer in org.apache.nifi:nifi-server-nar:2.6.0
2025-10-16 10:26:03,904 INFO [main] o.a.nifi.properties.NiFiPropertiesLoader Loading Application Properties [/opt/nifi/nifi-current/conf/nifi.properties]
2025-10-16 10:26:03,944 ERROR [main] org.apache.nifi.web.server.JettyServer Failed to start Server
java.lang.IllegalStateException: Invalid port configuration in nifi.properties: Both nifi.web.https.port and nifi.web.http.port specified
	at org.apache.nifi.web.server.connector.FrameworkServerConnectorFactory.getPort(FrameworkServerConnectorFactory.java:156)
	at org.apache.nifi.web.server.connector.FrameworkServerConnectorFactory.<init>(FrameworkServerConnectorFactory.java:68)
	at org.apache.nifi.web.server.StandardServerProvider.addConnectors(StandardServerProvider.java:96)
	at org.apache.nifi.web.server.StandardServerProvider.getServer(StandardServerProvider.java:69)
	at org.apache.nifi.web.server.JettyServer.init(JettyServer.java:215)
	at org.apache.nifi.web.server.JettyServer.initialize(JettyServer.java:988)
	at org.apache.nifi.runtime.Application.startServer(Application.java:126)
	at org.apache.nifi.runtime.Application.run(Application.java:78)
	at org.apache.nifi.runtime.Application.run(Application.java:60)
	at org.apache.nifi.NiFi.main(NiFi.java:42)
2025-10-16 10:26:30,168 INFO [main] org.apache.nifi.runtime.Application Starting NiFi 2.6.0 using Java 21.0.8+12-LTS with PID 46
2025-10-16 10:26:30,170 INFO [main] o.apache.nifi.runtime.PropertiesProvider Loading Application Properties [/opt/nifi/nifi-current/conf/nifi.properties]
2025-10-16 10:26:30,175 INFO [main] org.apache.nifi.nar.NarUnpacker Expanding 112 NAR files started
2025-10-16 10:26:30,787 INFO [main] org.apache.nifi.nar.NarUnpacker Expanded 112 NAR files in 0.611 seconds (611630834 ns)
2025-10-16 10:26:31,050 INFO [main] org.apache.nifi.nar.NarClassLoaders Loaded NAR file: /opt/nifi/nifi-current/./work/nar/extensions/nifi-jetty-nar-2.6.0.nar-unpacked as class loader org.apache.nifi.nar.NarClassLoader[./work/nar/extensions/nifi-jetty-nar-2.6.0.nar-unpacked]
2025-10-16 10:26:31,054 INFO [main] org.apache.nifi.nar.NarClassLoaders Loaded NAR file: /opt/nifi/nifi-current/./work/nar/framework/nifi-framework-nar-2.6.0.nar-unpacked as class loader org.apache.nifi.nar.NarClassLoader[./work/nar/framework/nifi-framework-nar-2.6.0.nar-unpacked]
2025-10-16 10:26:31,112 INFO [main] org.apache.nifi.nar.NarClassLoaders Loaded NAR file: /opt/nifi/nifi-current/./work/nar/extensions/nifi-provenance-repository-nar-2.6.0.nar-unpacked as class loader org.apache.nifi.nar.NarClassLoader[./work/nar/extensions/nifi-provenance-repository-nar-2.6.0.nar-unpacked]
2025-10-16 10:26:31,113 INFO [main] org.apache.nifi.nar.NarClassLoaders Loaded NAR file: /opt/nifi/nifi-current/./work/nar/extensions/nifi-hl7-nar-2.6.0.nar-unpacked as class loader org.apache.nifi.nar.NarClassLoader[./work/nar/extensions/nifi-hl7-nar-2.6.0.nar-unpacked]
2025-10-16 10:26:31,129 INFO [main] org.apache.nifi.nar.NarClassLoaders Loaded NAR file: /opt/nifi/nifi-current/./work/nar/extensions/nifi-compress-nar-2.6.0.nar-unpacked as class loader org.apache.nifi.nar.NarClassLoader[./work/nar/extensions/nifi-compress-nar-2.6.0.nar-unpacked]
2025-10-16 10:26:31,130 INFO [main] org.apache.nifi.nar.NarClassLoaders Loaded NAR file: /opt/nifi/nifi-current/./work/nar/extensions/nifi-update-attribute-nar-2.6.0.nar-unpacked as class loader org.apache.nifi.nar.NarClassLoader[./work/nar/extensions/nifi-update-attribute-nar-2.6.0.nar-unpacked]
2025-10-16 10:26:31,132 INFO [main] org.apache.nifi.nar.NarClassLoaders Loaded NAR file: /opt/nifi/nifi-current/./work/nar/extensions/nifi-ldap-iaa-providers-nar-2.6.0.nar-unpacked as class loader org.apache.nifi.nar.NarClassLoader[./work/nar/extensions/nifi-ldap-iaa-providers-nar-2.6.0.nar-unpacked]
2025-10-16 10:26:31,133 INFO [main] org.apache.nifi.nar.NarClassLoaders Loaded NAR file: /opt/nifi/nifi-current/./work/nar/extensions/nifi-single-user-iaa-providers-nar-2.6.0.nar-unpacked as class loader org.apache.nifi.nar.NarClassLoader[./work/nar/extensions/nifi-single-user-iaa-providers-nar-2.6.0.nar-unpacked]
2025-10-16 10:26:31,134 INFO [main] org.apache.nifi.nar.NarClassLoaders Loaded NAR file: /opt/nifi/nifi-current/./work/nar/extensions/nifi-framework-kubernetes-nar-2.6.0.nar-unpacked as class loader org.apache.nifi.nar.NarClassLoader[./work/nar/extensions/nifi-framework-kubernetes-nar-2.6.0.nar-unpacked]
2025-10-16 10:26:31,136 INFO [main] org.apache.nifi.nar.NarClassLoaders Loaded NAR file: /opt/nifi/nifi-current/./work/nar/extensions/nifi-server-nar-2.6.0.nar-unpacked as class loader org.apache.nifi.nar.NarClassLoader[./work/nar/extensions/nifi-server-nar-2.6.0.nar-unpacked]
2025-10-16 10:26:31,145 INFO [main] org.apache.nifi.nar.NarClassLoaders Loaded NAR file: /opt/nifi/nifi-current/./work/nar/extensions/nifi-standard-services-api-nar-2.6.0.nar-unpacked as class loader org.apache.nifi.nar.NarClassLoader[./work/nar/extensions/nifi-standard-services-api-nar-2.6.0.nar-unpacked]
2025-10-16 10:26:31,146 INFO [main] org.apache.nifi.nar.NarClassLoaders Loaded NAR file: /opt/nifi/nifi-current/./work/nar/extensions/nifi-email-nar-2.6.0.nar-unpacked as class loader org.apache.nifi.nar.NarClassLoader[./work/nar/extensions/nifi-email-nar-2.6.0.nar-unpacked]
2025-10-16 10:26:31,147 INFO [main] org.apache.nifi.nar.NarClassLoaders Loaded NAR file: /opt/nifi/nifi-current/./work/nar/extensions/nifi-dbcp-service-nar-2.6.0.nar-unpacked as class loader org.apache.nifi.nar.NarClassLoader[./work/nar/extensions/nifi-dbcp-service-nar-2.6.0.nar-unpacked]
2025-10-16 10:26:31,148 INFO [main] org.apache.nifi.nar.NarClassLoaders Loaded NAR file: /opt/nifi/nifi-current/./work/nar/extensions/nifi-kerberos-iaa-providers-nar-2.6.0.nar-unpacked as class loader org.apache.nifi.nar.NarClassLoader[./work/nar/extensions/nifi-kerberos-iaa-providers-nar-2.6.0.nar-unpacked]
2025-10-16 10:26:31,149 INFO [main] org.apache.nifi.nar.NarClassLoaders Loaded NAR file: /opt/nifi/nifi-current/./work/nar/extensions/nifi-evtx-nar-2.6.0.nar-unpacked as class loader org.apache.nifi.nar.NarClassLoader[./work/nar/extensions/nifi-evtx-nar-2.6.0.nar-unpacked]
2025-10-16 10:26:31,150 INFO [main] org.apache.nifi.nar.NarClassLoaders Loaded NAR file: /opt/nifi/nifi-current/./work/nar/extensions/nifi-stateful-analysis-nar-2.6.0.nar-unpacked as class loader org.apache.nifi.nar.NarClassLoader[./work/nar/extensions/nifi-stateful-analysis-nar-2.6.0.nar-unpacked]
2025-10-16 10:26:31,150 INFO [main] org.apache.nifi.nar.NarClassLoaders Loaded NAR file: /opt/nifi/nifi-current/./work/nar/extensions/nifi-file-resource-service-nar-2.6.0.nar-unpacked as class loader org.apache.nifi.nar.NarClassLoader[./work/nar/extensions/nifi-file-resource-service-nar-2.6.0.nar-unpacked]
2025-10-16 10:26:31,151 INFO [main] org.apache.nifi.nar.NarClassLoaders Loaded NAR file: /opt/nifi/nifi-current/./work/nar/extensions/nifi-standard-shared-nar-2.6.0.nar-unpacked as class loader org.apache.nifi.nar.NarClassLoader[./work/nar/extensions/nifi-standard-shared-nar-2.6.0.nar-unpacked]
2025-10-16 10:26:31,157 INFO [main] org.apache.nifi.nar.NarClassLoaders Loaded NAR file: /opt/nifi/nifi-current/./work/nar/extensions/nifi-gcp-services-api-nar-2.6.0.nar-unpacked as class loader org.apache.nifi.nar.NarClassLoader[./work/nar/extensions/nifi-gcp-services-api-nar-2.6.0.nar-unpacked]
2025-10-16 10:26:31,158 INFO [main] org.apache.nifi.nar.NarClassLoaders Loaded NAR file: /opt/nifi/nifi-current/./work/nar/extensions/nifi-database-dialect-service-nar-2.6.0.nar-unpacked as class loader org.apache.nifi.nar.NarClassLoader[./work/nar/extensions/nifi-database-dialect-service-nar-2.6.0.nar-unpacked]
2025-10-16 10:26:31,159 INFO [main] org.apache.nifi.nar.NarClassLoaders Loaded NAR file: /opt/nifi/nifi-current/./work/nar/extensions/nifi-poi-nar-2.6.0.nar-unpacked as class loader org.apache.nifi.nar.NarClassLoader[./work/nar/extensions/nifi-poi-nar-2.6.0.nar-unpacked]
2025-10-16 10:26:31,160 INFO [main] org.apache.nifi.nar.NarClassLoaders Loaded NAR file: /opt/nifi/nifi-current/./work/nar/extensions/nifi-key-service-nar-2.6.0.nar-unpacked as class loader org.apache.nifi.nar.NarClassLoader[./work/nar/extensions/nifi-key-service-nar-2.6.0.nar-unpacked]
2025-10-16 10:26:31,160 INFO [main] org.apache.nifi.nar.NarClassLoaders Loaded NAR file: /opt/nifi/nifi-current/./work/nar/extensions/nifi-asana-services-api-nar-2.6.0.nar-unpacked as class loader org.apache.nifi.nar.NarClassLoader[./work/nar/extensions/nifi-asana-services-api-nar-2.6.0.nar-unpacked]
2025-10-16 10:26:31,178 INFO [main] org.apache.nifi.nar.NarClassLoaders Loaded NAR file: /opt/nifi/nifi-current/./work/nar/extensions/nifi-snmp-nar-2.6.0.nar-unpacked as class loader org.apache.nifi.nar.NarClassLoader[./work/nar/extensions/nifi-snmp-nar-2.6.0.nar-unpacked]
2025-10-16 10:26:31,179 INFO [main] org.apache.nifi.nar.NarClassLoaders Loaded NAR file: /opt/nifi/nifi-current/./work/nar/extensions/nifi-framework-zookeeper-nar-2.6.0.nar-unpacked as class loader org.apache.nifi.nar.NarClassLoader[./work/nar/extensions/nifi-framework-zookeeper-nar-2.6.0.nar-unpacked]
2025-10-16 10:26:31,181 INFO [main] org.apache.nifi.nar.NarClassLoaders Loaded NAR file: /opt/nifi/nifi-current/./work/nar/extensions/nifi-ssl-context-service-nar-2.6.0.nar-unpacked as class loader org.apache.nifi.nar.NarClassLoader[./work/nar/extensions/nifi-ssl-context-service-nar-2.6.0.nar-unpacked]
2025-10-16 10:26:31,181 INFO [main] org.apache.nifi.nar.NarClassLoaders Loaded NAR file: /opt/nifi/nifi-current/./work/nar/extensions/nifi-web-client-provider-service-nar-2.6.0.nar-unpacked as class loader org.apache.nifi.nar.NarClassLoader[./work/nar/extensions/nifi-web-client-provider-service-nar-2.6.0.nar-unpacked]
2025-10-16 10:26:31,182 INFO [main] org.apache.nifi.nar.NarClassLoaders Loaded NAR file: /opt/nifi/nifi-current/./work/nar/extensions/nifi-network-processors-nar-2.6.0.nar-unpacked as class loader org.apache.nifi.nar.NarClassLoader[./work/nar/extensions/nifi-network-processors-nar-2.6.0.nar-unpacked]
2025-10-16 10:26:31,182 INFO [main] org.apache.nifi.nar.NarClassLoaders Loaded NAR file: /opt/nifi/nifi-current/./work/nar/extensions/nifi-kafka-service-api-nar-2.6.0.nar-unpacked as class loader org.apache.nifi.nar.NarClassLoader[./work/nar/extensions/nifi-kafka-service-api-nar-2.6.0.nar-unpacked]
2025-10-16 10:26:31,182 INFO [main] org.apache.nifi.nar.NarClassLoaders Loaded NAR file: /opt/nifi/nifi-current/./work/nar/extensions/nifi-windows-event-log-nar-2.6.0.nar-unpacked as class loader org.apache.nifi.nar.NarClassLoader[./work/nar/extensions/nifi-windows-event-log-nar-2.6.0.nar-unpacked]
2025-10-16 10:26:31,183 INFO [main] org.apache.nifi.nar.NarClassLoaders Loaded NAR file: /opt/nifi/nifi-current/./work/nar/extensions/nifi-gcp-nar-2.6.0.nar-unpacked as class loader org.apache.nifi.nar.NarClassLoader[./work/nar/extensions/nifi-gcp-nar-2.6.0.nar-unpacked]
2025-10-16 10:26:31,187 INFO [main] org.apache.nifi.nar.NarClassLoaders Loaded NAR file: /opt/nifi/nifi-current/./work/nar/extensions/nifi-hashicorp-vault-client-service-api-nar-2.6.0.nar-unpacked as class loader org.apache.nifi.nar.NarClassLoader[./work/nar/extensions/nifi-hashicorp-vault-client-service-api-nar-2.6.0.nar-unpacked]
2025-10-16 10:26:31,187 INFO [main] org.apache.nifi.nar.NarClassLoaders Loaded NAR file: /opt/nifi/nifi-current/./work/nar/extensions/nifi-registry-nar-2.6.0.nar-unpacked as class loader org.apache.nifi.nar.NarClassLoader[./work/nar/extensions/nifi-registry-nar-2.6.0.nar-unpacked]
2025-10-16 10:26:31,188 INFO [main] org.apache.nifi.nar.NarClassLoaders Loaded NAR file: /opt/nifi/nifi-current/./work/nar/extensions/nifi-protobuf-services-nar-2.6.0.nar-unpacked as class loader org.apache.nifi.nar.NarClassLoader[./work/nar/extensions/nifi-protobuf-services-nar-2.6.0.nar-unpacked]
2025-10-16 10:26:31,189 INFO [main] org.apache.nifi.nar.NarClassLoaders Loaded NAR file: /opt/nifi/nifi-current/./work/nar/extensions/nifi-asana-services-nar-2.6.0.nar-unpacked as class loader org.apache.nifi.nar.NarClassLoader[./work/nar/extensions/nifi-asana-services-nar-2.6.0.nar-unpacked]
2025-10-16 10:26:31,190 INFO [main] org.apache.nifi.nar.NarClassLoaders Loaded NAR file: /opt/nifi/nifi-current/./work/nar/extensions/nifi-site-to-site-reporting-nar-2.6.0.nar-unpacked as class loader org.apache.nifi.nar.NarClassLoader[./work/nar/extensions/nifi-site-to-site-reporting-nar-2.6.0.nar-unpacked]
2025-10-16 10:26:31,191 INFO [main] org.apache.nifi.nar.NarClassLoaders Loaded NAR file: /opt/nifi/nifi-current/./work/nar/extensions/nifi-zendesk-nar-2.6.0.nar-unpacked as class loader org.apache.nifi.nar.NarClassLoader[./work/nar/extensions/nifi-zendesk-nar-2.6.0.nar-unpacked]
2025-10-16 10:26:31,191 INFO [main] org.apache.nifi.nar.NarClassLoaders Loaded NAR file: /opt/nifi/nifi-current/./work/nar/extensions/nifi-cipher-nar-2.6.0.nar-unpacked as class loader org.apache.nifi.nar.NarClassLoader[./work/nar/extensions/nifi-cipher-nar-2.6.0.nar-unpacked]
2025-10-16 10:26:31,191 INFO [main] org.apache.nifi.nar.NarClassLoaders Loaded NAR file: /opt/nifi/nifi-current/./work/nar/extensions/nifi-jms-cf-service-nar-2.6.0.nar-unpacked as class loader org.apache.nifi.nar.NarClassLoader[./work/nar/extensions/nifi-jms-cf-service-nar-2.6.0.nar-unpacked]
2025-10-16 10:26:31,192 INFO [main] org.apache.nifi.nar.NarClassLoaders Loaded NAR file: /opt/nifi/nifi-current/./work/nar/extensions/nifi-jolt-nar-2.6.0.nar-unpacked as class loader org.apache.nifi.nar.NarClassLoader[./work/nar/extensions/nifi-jolt-nar-2.6.0.nar-unpacked]
2025-10-16 10:26:31,192 INFO [main] org.apache.nifi.nar.NarClassLoaders Loaded NAR file: /opt/nifi/nifi-current/./work/nar/extensions/nifi-hazelcast-services-api-nar-2.6.0.nar-unpacked as class loader org.apache.nifi.nar.NarClassLoader[./work/nar/extensions/nifi-hazelcast-services-api-nar-2.6.0.nar-unpacked]
2025-10-16 10:26:31,192 INFO [main] org.apache.nifi.nar.NarClassLoaders Loaded NAR file: /opt/nifi/nifi-current/./work/nar/extensions/nifi-pgp-service-api-nar-2.6.0.nar-unpacked as class loader org.apache.nifi.nar.NarClassLoader[./work/nar/extensions/nifi-pgp-service-api-nar-2.6.0.nar-unpacked]
2025-10-16 10:26:31,193 INFO [main] org.apache.nifi.nar.NarClassLoaders Loaded NAR file: /opt/nifi/nifi-current/./work/nar/extensions/nifi-proxy-configuration-nar-2.6.0.nar-unpacked as class loader org.apache.nifi.nar.NarClassLoader[./work/nar/extensions/nifi-proxy-configuration-nar-2.6.0.nar-unpacked]
2025-10-16 10:26:31,193 INFO [main] org.apache.nifi.nar.NarClassLoaders Loaded NAR file: /opt/nifi/nifi-current/./work/nar/extensions/nifi-airtable-nar-2.6.0.nar-unpacked as class loader org.apache.nifi.nar.NarClassLoader[./work/nar/extensions/nifi-airtable-nar-2.6.0.nar-unpacked]
2025-10-16 10:26:31,194 INFO [main] org.apache.nifi.nar.NarClassLoaders Loaded NAR file: /opt/nifi/nifi-current/./work/nar/extensions/nifi-github-nar-2.6.0.nar-unpacked as class loader org.apache.nifi.nar.NarClassLoader[./work/nar/extensions/nifi-github-nar-2.6.0.nar-unpacked]
2025-10-16 10:26:31,194 INFO [main] org.apache.nifi.nar.NarClassLoaders Loaded NAR file: /opt/nifi/nifi-current/./work/nar/extensions/nifi-oauth2-provider-nar-2.6.0.nar-unpacked as class loader org.apache.nifi.nar.NarClassLoader[./work/nar/extensions/nifi-oauth2-provider-nar-2.6.0.nar-unpacked]
2025-10-16 10:26:31,195 INFO [main] org.apache.nifi.nar.NarClassLoaders Loaded NAR file: /opt/nifi/nifi-current/./work/nar/extensions/nifi-workday-processors-nar-2.6.0.nar-unpacked as class loader org.apache.nifi.nar.NarClassLoader[./work/nar/extensions/nifi-workday-processors-nar-2.6.0.nar-unpacked]
2025-10-16 10:26:31,195 INFO [main] org.apache.nifi.nar.NarClassLoaders Loaded NAR file: /opt/nifi/nifi-current/./work/nar/extensions/nifi-mongodb-client-service-api-nar-2.6.0.nar-unpacked as class loader org.apache.nifi.nar.NarClassLoader[./work/nar/extensions/nifi-mongodb-client-service-api-nar-2.6.0.nar-unpacked]
2025-10-16 10:26:31,196 INFO [main] org.apache.nifi.nar.NarClassLoaders Loaded NAR file: /opt/nifi/nifi-current/./work/nar/extensions/nifi-groovyx-nar-2.6.0.nar-unpacked as class loader org.apache.nifi.nar.NarClassLoader[./work/nar/extensions/nifi-groovyx-nar-2.6.0.nar-unpacked]
2025-10-16 10:26:31,198 INFO [main] org.apache.nifi.nar.NarClassLoaders Loaded NAR file: /opt/nifi/nifi-current/./work/nar/extensions/nifi-hazelcast-services-nar-2.6.0.nar-unpacked as class loader org.apache.nifi.nar.NarClassLoader[./work/nar/extensions/nifi-hazelcast-services-nar-2.6.0.nar-unpacked]
2025-10-16 10:26:31,199 INFO [main] org.apache.nifi.nar.NarClassLoaders Loaded NAR file: /opt/nifi/nifi-current/./work/nar/extensions/nifi-mqtt-nar-2.6.0.nar-unpacked as class loader org.apache.nifi.nar.NarClassLoader[./work/nar/extensions/nifi-mqtt-nar-2.6.0.nar-unpacked]
2025-10-16 10:26:31,200 INFO [main] org.apache.nifi.nar.NarClassLoaders Loaded NAR file: /opt/nifi/nifi-current/./work/nar/extensions/nifi-cdc-mysql-nar-2.6.0.nar-unpacked as class loader org.apache.nifi.nar.NarClassLoader[./work/nar/extensions/nifi-cdc-mysql-nar-2.6.0.nar-unpacked]
2025-10-16 10:26:31,201 INFO [main] org.apache.nifi.nar.NarClassLoaders Loaded NAR file: /opt/nifi/nifi-current/./work/nar/extensions/nifi-jslt-nar-2.6.0.nar-unpacked as class loader org.apache.nifi.nar.NarClassLoader[./work/nar/extensions/nifi-jslt-nar-2.6.0.nar-unpacked]
2025-10-16 10:26:31,201 INFO [main] org.apache.nifi.nar.NarClassLoaders Loaded NAR file: /opt/nifi/nifi-current/./work/nar/extensions/nifi-kafka-nar-2.6.0.nar-unpacked as class loader org.apache.nifi.nar.NarClassLoader[./work/nar/extensions/nifi-kafka-nar-2.6.0.nar-unpacked]
2025-10-16 10:26:31,201 INFO [main] org.apache.nifi.nar.NarClassLoaders Loaded NAR file: /opt/nifi/nifi-current/./work/nar/extensions/nifi-mongodb-nar-2.6.0.nar-unpacked as class loader org.apache.nifi.nar.NarClassLoader[./work/nar/extensions/nifi-mongodb-nar-2.6.0.nar-unpacked]
2025-10-16 10:26:31,201 INFO [main] org.apache.nifi.nar.NarClassLoaders Loaded NAR file: /opt/nifi/nifi-current/./work/nar/extensions/nifi-pgp-service-nar-2.6.0.nar-unpacked as class loader org.apache.nifi.nar.NarClassLoader[./work/nar/extensions/nifi-pgp-service-nar-2.6.0.nar-unpacked]
2025-10-16 10:26:31,202 INFO [main] org.apache.nifi.nar.NarClassLoaders Loaded NAR file: /opt/nifi/nifi-current/./work/nar/extensions/nifi-standard-content-viewer-nar-2.6.0.nar-unpacked as class loader org.apache.nifi.nar.NarClassLoader[./work/nar/extensions/nifi-standard-content-viewer-nar-2.6.0.nar-unpacked]
2025-10-16 10:26:31,202 INFO [main] org.apache.nifi.nar.NarClassLoaders Loaded NAR file: /opt/nifi/nifi-current/./work/nar/extensions/nifi-standard-nar-2.6.0.nar-unpacked as class loader org.apache.nifi.nar.NarClassLoader[./work/nar/extensions/nifi-standard-nar-2.6.0.nar-unpacked]
2025-10-16 10:26:31,209 INFO [main] org.apache.nifi.nar.NarClassLoaders Loaded NAR file: /opt/nifi/nifi-current/./work/nar/extensions/nifi-box-services-api-nar-2.6.0.nar-unpacked as class loader org.apache.nifi.nar.NarClassLoader[./work/nar/extensions/nifi-box-services-api-nar-2.6.0.nar-unpacked]
2025-10-16 10:26:31,209 INFO [main] org.apache.nifi.nar.NarClassLoaders Loaded NAR file: /opt/nifi/nifi-current/./work/nar/extensions/nifi-http-context-map-nar-2.6.0.nar-unpacked as class loader org.apache.nifi.nar.NarClassLoader[./work/nar/extensions/nifi-http-context-map-nar-2.6.0.nar-unpacked]
2025-10-16 10:26:31,210 INFO [main] org.apache.nifi.nar.NarClassLoaders Loaded NAR file: /opt/nifi/nifi-current/./work/nar/extensions/nifi-avro-nar-2.6.0.nar-unpacked as class loader org.apache.nifi.nar.NarClassLoader[./work/nar/extensions/nifi-avro-nar-2.6.0.nar-unpacked]
2025-10-16 10:26:31,210 INFO [main] org.apache.nifi.nar.NarClassLoaders Loaded NAR file: /opt/nifi/nifi-current/./work/nar/extensions/nifi-enrich-nar-2.6.0.nar-unpacked as class loader org.apache.nifi.nar.NarClassLoader[./work/nar/extensions/nifi-enrich-nar-2.6.0.nar-unpacked]
2025-10-16 10:26:31,210 INFO [main] org.apache.nifi.nar.NarClassLoaders Loaded NAR file: /opt/nifi/nifi-current/./work/nar/extensions/nifi-lookup-services-nar-2.6.0.nar-unpacked as class loader org.apache.nifi.nar.NarClassLoader[./work/nar/extensions/nifi-lookup-services-nar-2.6.0.nar-unpacked]
2025-10-16 10:26:31,211 INFO [main] org.apache.nifi.nar.NarClassLoaders Loaded NAR file: /opt/nifi/nifi-current/./work/nar/extensions/nifi-splunk-nar-2.6.0.nar-unpacked as class loader org.apache.nifi.nar.NarClassLoader[./work/nar/extensions/nifi-splunk-nar-2.6.0.nar-unpacked]
2025-10-16 10:26:31,212 INFO [main] org.apache.nifi.nar.NarClassLoaders Loaded NAR file: /opt/nifi/nifi-current/./work/nar/extensions/nifi-zendesk-services-nar-2.6.0.nar-unpacked as class loader org.apache.nifi.nar.NarClassLoader[./work/nar/extensions/nifi-zendesk-services-nar-2.6.0.nar-unpacked]
2025-10-16 10:26:31,212 INFO [main] org.apache.nifi.nar.NarClassLoaders Loaded NAR file: /opt/nifi/nifi-current/./work/nar/extensions/nifi-hashicorp-vault-nar-2.6.0.nar-unpacked as class loader org.apache.nifi.nar.NarClassLoader[./work/nar/extensions/nifi-hashicorp-vault-nar-2.6.0.nar-unpacked]
2025-10-16 10:26:31,213 INFO [main] org.apache.nifi.nar.NarClassLoaders Loaded NAR file: /opt/nifi/nifi-current/./work/nar/extensions/nifi-distributed-cache-services-nar-2.6.0.nar-unpacked as class loader org.apache.nifi.nar.NarClassLoader[./work/nar/extensions/nifi-distributed-cache-services-nar-2.6.0.nar-unpacked]
2025-10-16 10:26:31,214 INFO [main] org.apache.nifi.nar.NarClassLoaders Loaded NAR file: /opt/nifi/nifi-current/./work/nar/extensions/nifi-slack-nar-2.6.0.nar-unpacked as class loader org.apache.nifi.nar.NarClassLoader[./work/nar/extensions/nifi-slack-nar-2.6.0.nar-unpacked]
2025-10-16 10:26:31,242 INFO [main] org.apache.nifi.nar.NarClassLoaders Loaded NAR file: /opt/nifi/nifi-current/./work/nar/extensions/nifi-kafka-3-service-nar-2.6.0.nar-unpacked as class loader org.apache.nifi.nar.NarClassLoader[./work/nar/extensions/nifi-kafka-3-service-nar-2.6.0.nar-unpacked]
2025-10-16 10:26:31,243 INFO [main] org.apache.nifi.nar.NarClassLoaders Loaded NAR file: /opt/nifi/nifi-current/./work/nar/extensions/nifi-kerberos-user-service-nar-2.6.0.nar-unpacked as class loader org.apache.nifi.nar.NarClassLoader[./work/nar/extensions/nifi-kerberos-user-service-nar-2.6.0.nar-unpacked]
2025-10-16 10:26:31,243 INFO [main] org.apache.nifi.nar.NarClassLoaders Loaded NAR file: /opt/nifi/nifi-current/./work/nar/extensions/nifi-confluent-platform-nar-2.6.0.nar-unpacked as class loader org.apache.nifi.nar.NarClassLoader[./work/nar/extensions/nifi-confluent-platform-nar-2.6.0.nar-unpacked]
2025-10-16 10:26:31,245 INFO [main] org.apache.nifi.nar.NarClassLoaders Loaded NAR file: /opt/nifi/nifi-current/./work/nar/extensions/nifi-social-media-nar-2.6.0.nar-unpacked as class loader org.apache.nifi.nar.NarClassLoader[./work/nar/extensions/nifi-social-media-nar-2.6.0.nar-unpacked]
2025-10-16 10:26:31,246 INFO [main] org.apache.nifi.nar.NarClassLoaders Loaded NAR file: /opt/nifi/nifi-current/./work/nar/extensions/nifi-opentelemetry-nar-2.6.0.nar-unpacked as class loader org.apache.nifi.nar.NarClassLoader[./work/nar/extensions/nifi-opentelemetry-nar-2.6.0.nar-unpacked]
2025-10-16 10:26:31,247 INFO [main] org.apache.nifi.nar.NarClassLoaders Loaded NAR file: /opt/nifi/nifi-current/./work/nar/extensions/nifi-elasticsearch-client-service-api-nar-2.6.0.nar-unpacked as class loader org.apache.nifi.nar.NarClassLoader[./work/nar/extensions/nifi-elasticsearch-client-service-api-nar-2.6.0.nar-unpacked]
2025-10-16 10:26:31,247 INFO [main] org.apache.nifi.nar.NarClassLoaders Loaded NAR file: /opt/nifi/nifi-current/./work/nar/extensions/nifi-py4j-nar-2.6.0.nar-unpacked as class loader org.apache.nifi.nar.NarClassLoader[./work/nar/extensions/nifi-py4j-nar-2.6.0.nar-unpacked]
2025-10-16 10:26:31,247 INFO [main] org.apache.nifi.nar.NarClassLoaders Loaded NAR file: /opt/nifi/nifi-current/./work/nar/extensions/nifi-amqp-nar-2.6.0.nar-unpacked as class loader org.apache.nifi.nar.NarClassLoader[./work/nar/extensions/nifi-amqp-nar-2.6.0.nar-unpacked]
2025-10-16 10:26:31,248 INFO [main] org.apache.nifi.nar.NarClassLoaders Loaded NAR file: /opt/nifi/nifi-current/./work/nar/extensions/nifi-salesforce-nar-2.6.0.nar-unpacked as class loader org.apache.nifi.nar.NarClassLoader[./work/nar/extensions/nifi-salesforce-nar-2.6.0.nar-unpacked]
2025-10-16 10:26:31,249 INFO [main] org.apache.nifi.nar.NarClassLoaders Loaded NAR file: /opt/nifi/nifi-current/./work/nar/extensions/nifi-websocket-services-api-nar-2.6.0.nar-unpacked as class loader org.apache.nifi.nar.NarClassLoader[./work/nar/extensions/nifi-websocket-services-api-nar-2.6.0.nar-unpacked]
2025-10-16 10:26:31,249 INFO [main] org.apache.nifi.nar.NarClassLoaders Loaded NAR file: /opt/nifi/nifi-current/./work/nar/extensions/nifi-shopify-nar-2.6.0.nar-unpacked as class loader org.apache.nifi.nar.NarClassLoader[./work/nar/extensions/nifi-shopify-nar-2.6.0.nar-unpacked]
2025-10-16 10:26:31,249 INFO [main] org.apache.nifi.nar.NarClassLoaders Loaded NAR file: /opt/nifi/nifi-current/./work/nar/extensions/nifi-geohash-nar-2.6.0.nar-unpacked as class loader org.apache.nifi.nar.NarClassLoader[./work/nar/extensions/nifi-geohash-nar-2.6.0.nar-unpacked]
2025-10-16 10:26:31,250 INFO [main] org.apache.nifi.nar.NarClassLoaders Loaded NAR file: /opt/nifi/nifi-current/./work/nar/extensions/nifi-aws-service-api-nar-2.6.0.nar-unpacked as class loader org.apache.nifi.nar.NarClassLoader[./work/nar/extensions/nifi-aws-service-api-nar-2.6.0.nar-unpacked]
2025-10-16 10:26:31,251 INFO [main] org.apache.nifi.nar.NarClassLoaders Loaded NAR file: /opt/nifi/nifi-current/./work/nar/extensions/nifi-kafka-service-aws-nar-2.6.0.nar-unpacked as class loader org.apache.nifi.nar.NarClassLoader[./work/nar/extensions/nifi-kafka-service-aws-nar-2.6.0.nar-unpacked]
2025-10-16 10:26:31,253 INFO [main] org.apache.nifi.nar.NarClassLoaders Loaded NAR file: /opt/nifi/nifi-current/./work/nar/extensions/nifi-db-schema-registry-service-nar-2.6.0.nar-unpacked as class loader org.apache.nifi.nar.NarClassLoader[./work/nar/extensions/nifi-db-schema-registry-service-nar-2.6.0.nar-unpacked]
2025-10-16 10:26:31,253 INFO [main] org.apache.nifi.nar.NarClassLoaders Loaded NAR file: /opt/nifi/nifi-current/./work/nar/extensions/nifi-dropbox-services-api-nar-2.6.0.nar-unpacked as class loader org.apache.nifi.nar.NarClassLoader[./work/nar/extensions/nifi-dropbox-services-api-nar-2.6.0.nar-unpacked]
2025-10-16 10:26:31,254 INFO [main] org.apache.nifi.nar.NarClassLoaders Loaded NAR file: /opt/nifi/nifi-current/./work/nar/extensions/nifi-flow-registry-client-nar-2.6.0.nar-unpacked as class loader org.apache.nifi.nar.NarClassLoader[./work/nar/extensions/nifi-flow-registry-client-nar-2.6.0.nar-unpacked]
2025-10-16 10:26:31,255 INFO [main] org.apache.nifi.nar.NarClassLoaders Loaded NAR file: /opt/nifi/nifi-current/./work/nar/extensions/nifi-azure-services-api-nar-2.6.0.nar-unpacked as class loader org.apache.nifi.nar.NarClassLoader[./work/nar/extensions/nifi-azure-services-api-nar-2.6.0.nar-unpacked]
2025-10-16 10:26:31,259 INFO [main] org.apache.nifi.nar.NarClassLoaders Loaded NAR file: /opt/nifi/nifi-current/./work/nar/extensions/nifi-dropbox-services-nar-2.6.0.nar-unpacked as class loader org.apache.nifi.nar.NarClassLoader[./work/nar/extensions/nifi-dropbox-services-nar-2.6.0.nar-unpacked]
2025-10-16 10:26:31,259 INFO [main] org.apache.nifi.nar.NarClassLoaders Loaded NAR file: /opt/nifi/nifi-current/./work/nar/extensions/nifi-apicurio-nar-2.6.0.nar-unpacked as class loader org.apache.nifi.nar.NarClassLoader[./work/nar/extensions/nifi-apicurio-nar-2.6.0.nar-unpacked]
2025-10-16 10:26:31,259 INFO [main] org.apache.nifi.nar.NarClassLoaders Loaded NAR file: /opt/nifi/nifi-current/./work/nar/extensions/nifi-hubspot-nar-2.6.0.nar-unpacked as class loader org.apache.nifi.nar.NarClassLoader[./work/nar/extensions/nifi-hubspot-nar-2.6.0.nar-unpacked]
2025-10-16 10:26:31,260 INFO [main] org.apache.nifi.nar.NarClassLoaders Loaded NAR file: /opt/nifi/nifi-current/./work/nar/extensions/nifi-smb-client-api-nar-2.6.0.nar-unpacked as class loader org.apache.nifi.nar.NarClassLoader[./work/nar/extensions/nifi-smb-client-api-nar-2.6.0.nar-unpacked]
2025-10-16 10:26:31,260 INFO [main] org.apache.nifi.nar.NarClassLoaders Loaded NAR file: /opt/nifi/nifi-current/./work/nar/extensions/nifi-record-sink-service-nar-2.6.0.nar-unpacked as class loader org.apache.nifi.nar.NarClassLoader[./work/nar/extensions/nifi-record-sink-service-nar-2.6.0.nar-unpacked]
2025-10-16 10:26:31,260 INFO [main] org.apache.nifi.nar.NarClassLoaders Loaded NAR file: /opt/nifi/nifi-current/./work/nar/extensions/nifi-gitlab-nar-2.6.0.nar-unpacked as class loader org.apache.nifi.nar.NarClassLoader[./work/nar/extensions/nifi-gitlab-nar-2.6.0.nar-unpacked]
2025-10-16 10:26:31,261 INFO [main] org.apache.nifi.nar.NarClassLoaders Loaded NAR file: /opt/nifi/nifi-current/./work/nar/extensions/nifi-box-nar-2.6.0.nar-unpacked as class loader org.apache.nifi.nar.NarClassLoader[./work/nar/extensions/nifi-box-nar-2.6.0.nar-unpacked]
2025-10-16 10:26:31,262 INFO [main] org.apache.nifi.nar.NarClassLoaders Loaded NAR file: /opt/nifi/nifi-current/./work/nar/extensions/nifi-scripting-nar-2.6.0.nar-unpacked as class loader org.apache.nifi.nar.NarClassLoader[./work/nar/extensions/nifi-scripting-nar-2.6.0.nar-unpacked]
2025-10-16 10:26:31,265 INFO [main] org.apache.nifi.nar.NarClassLoaders Loaded NAR file: /opt/nifi/nifi-current/./work/nar/extensions/nifi-asana-processors-nar-2.6.0.nar-unpacked as class loader org.apache.nifi.nar.NarClassLoader[./work/nar/extensions/nifi-asana-processors-nar-2.6.0.nar-unpacked]
2025-10-16 10:26:31,266 INFO [main] org.apache.nifi.nar.NarClassLoaders Loaded NAR file: /opt/nifi/nifi-current/./work/nar/extensions/nifi-atlassian-nar-2.6.0.nar-unpacked as class loader org.apache.nifi.nar.NarClassLoader[./work/nar/extensions/nifi-atlassian-nar-2.6.0.nar-unpacked]
2025-10-16 10:26:31,266 INFO [main] org.apache.nifi.nar.NarClassLoaders Loaded NAR file: /opt/nifi/nifi-current/./work/nar/extensions/nifi-jms-processors-nar-2.6.0.nar-unpacked as class loader org.apache.nifi.nar.NarClassLoader[./work/nar/extensions/nifi-jms-processors-nar-2.6.0.nar-unpacked]
2025-10-16 10:26:31,267 INFO [main] org.apache.nifi.nar.NarClassLoaders Loaded NAR file: /opt/nifi/nifi-current/./work/nar/extensions/nifi-record-serialization-services-nar-2.6.0.nar-unpacked as class loader org.apache.nifi.nar.NarClassLoader[./work/nar/extensions/nifi-record-serialization-services-nar-2.6.0.nar-unpacked]
2025-10-16 10:26:31,268 INFO [main] org.apache.nifi.nar.NarClassLoaders Loaded NAR file: /opt/nifi/nifi-current/./work/nar/extensions/nifi-elasticsearch-client-service-nar-2.6.0.nar-unpacked as class loader org.apache.nifi.nar.NarClassLoader[./work/nar/extensions/nifi-elasticsearch-client-service-nar-2.6.0.nar-unpacked]
2025-10-16 10:26:31,269 INFO [main] org.apache.nifi.nar.NarClassLoaders Loaded NAR file: /opt/nifi/nifi-current/./work/nar/extensions/nifi-redis-service-api-nar-2.6.0.nar-unpacked as class loader org.apache.nifi.nar.NarClassLoader[./work/nar/extensions/nifi-redis-service-api-nar-2.6.0.nar-unpacked]
2025-10-16 10:26:31,271 INFO [main] org.apache.nifi.nar.NarClassLoaders Loaded NAR file: /opt/nifi/nifi-current/./work/nar/extensions/nifi-smb-smbj-client-nar-2.6.0.nar-unpacked as class loader org.apache.nifi.nar.NarClassLoader[./work/nar/extensions/nifi-smb-smbj-client-nar-2.6.0.nar-unpacked]
2025-10-16 10:26:31,272 INFO [main] org.apache.nifi.nar.NarClassLoaders Loaded NAR file: /opt/nifi/nifi-current/./work/nar/extensions/nifi-pgp-nar-2.6.0.nar-unpacked as class loader org.apache.nifi.nar.NarClassLoader[./work/nar/extensions/nifi-pgp-nar-2.6.0.nar-unpacked]
2025-10-16 10:26:31,272 INFO [main] org.apache.nifi.nar.NarClassLoaders Loaded NAR file: /opt/nifi/nifi-current/./work/nar/extensions/nifi-smb-nar-2.6.0.nar-unpacked as class loader org.apache.nifi.nar.NarClassLoader[./work/nar/extensions/nifi-smb-nar-2.6.0.nar-unpacked]
2025-10-16 10:26:31,273 INFO [main] org.apache.nifi.nar.NarClassLoaders Loaded NAR file: /opt/nifi/nifi-current/./work/nar/extensions/nifi-mongodb-services-nar-2.6.0.nar-unpacked as class loader org.apache.nifi.nar.NarClassLoader[./work/nar/extensions/nifi-mongodb-services-nar-2.6.0.nar-unpacked]
2025-10-16 10:26:31,273 INFO [main] org.apache.nifi.nar.NarClassLoaders Loaded NAR file: /opt/nifi/nifi-current/./work/nar/extensions/nifi-websocket-processors-nar-2.6.0.nar-unpacked as class loader org.apache.nifi.nar.NarClassLoader[./work/nar/extensions/nifi-websocket-processors-nar-2.6.0.nar-unpacked]
2025-10-16 10:26:31,274 INFO [main] org.apache.nifi.nar.NarClassLoaders Loaded NAR file: /opt/nifi/nifi-current/./work/nar/extensions/nifi-dropbox-processors-nar-2.6.0.nar-unpacked as class loader org.apache.nifi.nar.NarClassLoader[./work/nar/extensions/nifi-dropbox-processors-nar-2.6.0.nar-unpacked]
2025-10-16 10:26:31,275 INFO [main] org.apache.nifi.nar.NarClassLoaders Loaded NAR file: /opt/nifi/nifi-current/./work/nar/extensions/nifi-websocket-services-jetty-nar-2.6.0.nar-unpacked as class loader org.apache.nifi.nar.NarClassLoader[./work/nar/extensions/nifi-websocket-services-jetty-nar-2.6.0.nar-unpacked]
2025-10-16 10:26:31,277 INFO [main] org.apache.nifi.nar.NarClassLoaders Loaded NAR file: /opt/nifi/nifi-current/./work/nar/extensions/nifi-box-services-nar-2.6.0.nar-unpacked as class loader org.apache.nifi.nar.NarClassLoader[./work/nar/extensions/nifi-box-services-nar-2.6.0.nar-unpacked]
2025-10-16 10:26:31,278 INFO [main] org.apache.nifi.nar.NarClassLoaders Loaded NAR file: /opt/nifi/nifi-current/./work/nar/extensions/nifi-aws-nar-2.6.0.nar-unpacked as class loader org.apache.nifi.nar.NarClassLoader[./work/nar/extensions/nifi-aws-nar-2.6.0.nar-unpacked]
2025-10-16 10:26:31,284 INFO [main] org.apache.nifi.nar.NarClassLoaders Loaded NAR file: /opt/nifi/nifi-current/./work/nar/extensions/nifi-elasticsearch-restapi-nar-2.6.0.nar-unpacked as class loader org.apache.nifi.nar.NarClassLoader[./work/nar/extensions/nifi-elasticsearch-restapi-nar-2.6.0.nar-unpacked]
2025-10-16 10:26:31,285 INFO [main] org.apache.nifi.nar.NarClassLoaders Loaded NAR file: /opt/nifi/nifi-current/./work/nar/extensions/nifi-azure-nar-2.6.0.nar-unpacked as class loader org.apache.nifi.nar.NarClassLoader[./work/nar/extensions/nifi-azure-nar-2.6.0.nar-unpacked]
2025-10-16 10:26:31,291 INFO [main] org.apache.nifi.nar.NarClassLoaders Loaded NAR file: /opt/nifi/nifi-current/./work/nar/extensions/nifi-redis-nar-2.6.0.nar-unpacked as class loader org.apache.nifi.nar.NarClassLoader[./work/nar/extensions/nifi-redis-nar-2.6.0.nar-unpacked]
2025-10-16 10:26:31,291 INFO [main] org.apache.nifi.nar.NarClassLoaders Found NiFiServer implementation org.apache.nifi.web.server.JettyServer in org.apache.nifi:nifi-server-nar:2.6.0
2025-10-16 10:26:31,293 INFO [main] o.a.nifi.properties.NiFiPropertiesLoader Loading Application Properties [/opt/nifi/nifi-current/conf/nifi.properties]
2025-10-16 10:26:31,335 ERROR [main] org.apache.nifi.web.server.JettyServer Failed to start Server
java.lang.IllegalStateException: Invalid port configuration in nifi.properties: Both nifi.web.https.port and nifi.web.http.port specified
	at org.apache.nifi.web.server.connector.FrameworkServerConnectorFactory.getPort(FrameworkServerConnectorFactory.java:156)
	at org.apache.nifi.web.server.connector.FrameworkServerConnectorFactory.<init>(FrameworkServerConnectorFactory.java:68)
	at org.apache.nifi.web.server.StandardServerProvider.addConnectors(StandardServerProvider.java:96)
	at org.apache.nifi.web.server.StandardServerProvider.getServer(StandardServerProvider.java:69)
	at org.apache.nifi.web.server.JettyServer.init(JettyServer.java:215)
	at org.apache.nifi.web.server.JettyServer.initialize(JettyServer.java:988)
	at org.apache.nifi.runtime.Application.startServer(Application.java:126)
	at org.apache.nifi.runtime.Application.run(Application.java:78)
	at org.apache.nifi.runtime.Application.run(Application.java:60)
	at org.apache.nifi.NiFi.main(NiFi.java:42)
2025-10-16 10:27:23,116 INFO [main] org.apache.nifi.runtime.Application Starting NiFi 2.6.0 using Java 21.0.8+12-LTS with PID 46
2025-10-16 10:27:23,119 INFO [main] o.apache.nifi.runtime.PropertiesProvider Loading Application Properties [/opt/nifi/nifi-current/conf/nifi.properties]
2025-10-16 10:27:23,124 INFO [main] org.apache.nifi.nar.NarUnpacker Expanding 112 NAR files started
2025-10-16 10:27:23,624 INFO [main] org.apache.nifi.nar.NarUnpacker Expanded 112 NAR files in 0.5 seconds (500841292 ns)
2025-10-16 10:27:23,855 INFO [main] org.apache.nifi.nar.NarClassLoaders Loaded NAR file: /opt/nifi/nifi-current/./work/nar/extensions/nifi-jetty-nar-2.6.0.nar-unpacked as class loader org.apache.nifi.nar.NarClassLoader[./work/nar/extensions/nifi-jetty-nar-2.6.0.nar-unpacked]
2025-10-16 10:27:23,858 INFO [main] org.apache.nifi.nar.NarClassLoaders Loaded NAR file: /opt/nifi/nifi-current/./work/nar/framework/nifi-framework-nar-2.6.0.nar-unpacked as class loader org.apache.nifi.nar.NarClassLoader[./work/nar/framework/nifi-framework-nar-2.6.0.nar-unpacked]
2025-10-16 10:27:23,909 INFO [main] org.apache.nifi.nar.NarClassLoaders Loaded NAR file: /opt/nifi/nifi-current/./work/nar/extensions/nifi-provenance-repository-nar-2.6.0.nar-unpacked as class loader org.apache.nifi.nar.NarClassLoader[./work/nar/extensions/nifi-provenance-repository-nar-2.6.0.nar-unpacked]
2025-10-16 10:27:23,910 INFO [main] org.apache.nifi.nar.NarClassLoaders Loaded NAR file: /opt/nifi/nifi-current/./work/nar/extensions/nifi-hl7-nar-2.6.0.nar-unpacked as class loader org.apache.nifi.nar.NarClassLoader[./work/nar/extensions/nifi-hl7-nar-2.6.0.nar-unpacked]
2025-10-16 10:27:23,923 INFO [main] org.apache.nifi.nar.NarClassLoaders Loaded NAR file: /opt/nifi/nifi-current/./work/nar/extensions/nifi-compress-nar-2.6.0.nar-unpacked as class loader org.apache.nifi.nar.NarClassLoader[./work/nar/extensions/nifi-compress-nar-2.6.0.nar-unpacked]
2025-10-16 10:27:23,924 INFO [main] org.apache.nifi.nar.NarClassLoaders Loaded NAR file: /opt/nifi/nifi-current/./work/nar/extensions/nifi-update-attribute-nar-2.6.0.nar-unpacked as class loader org.apache.nifi.nar.NarClassLoader[./work/nar/extensions/nifi-update-attribute-nar-2.6.0.nar-unpacked]
2025-10-16 10:27:23,925 INFO [main] org.apache.nifi.nar.NarClassLoaders Loaded NAR file: /opt/nifi/nifi-current/./work/nar/extensions/nifi-ldap-iaa-providers-nar-2.6.0.nar-unpacked as class loader org.apache.nifi.nar.NarClassLoader[./work/nar/extensions/nifi-ldap-iaa-providers-nar-2.6.0.nar-unpacked]
2025-10-16 10:27:23,926 INFO [main] org.apache.nifi.nar.NarClassLoaders Loaded NAR file: /opt/nifi/nifi-current/./work/nar/extensions/nifi-single-user-iaa-providers-nar-2.6.0.nar-unpacked as class loader org.apache.nifi.nar.NarClassLoader[./work/nar/extensions/nifi-single-user-iaa-providers-nar-2.6.0.nar-unpacked]
2025-10-16 10:27:23,927 INFO [main] org.apache.nifi.nar.NarClassLoaders Loaded NAR file: /opt/nifi/nifi-current/./work/nar/extensions/nifi-framework-kubernetes-nar-2.6.0.nar-unpacked as class loader org.apache.nifi.nar.NarClassLoader[./work/nar/extensions/nifi-framework-kubernetes-nar-2.6.0.nar-unpacked]
2025-10-16 10:27:23,929 INFO [main] org.apache.nifi.nar.NarClassLoaders Loaded NAR file: /opt/nifi/nifi-current/./work/nar/extensions/nifi-server-nar-2.6.0.nar-unpacked as class loader org.apache.nifi.nar.NarClassLoader[./work/nar/extensions/nifi-server-nar-2.6.0.nar-unpacked]
2025-10-16 10:27:23,938 INFO [main] org.apache.nifi.nar.NarClassLoaders Loaded NAR file: /opt/nifi/nifi-current/./work/nar/extensions/nifi-standard-services-api-nar-2.6.0.nar-unpacked as class loader org.apache.nifi.nar.NarClassLoader[./work/nar/extensions/nifi-standard-services-api-nar-2.6.0.nar-unpacked]
2025-10-16 10:27:23,939 INFO [main] org.apache.nifi.nar.NarClassLoaders Loaded NAR file: /opt/nifi/nifi-current/./work/nar/extensions/nifi-email-nar-2.6.0.nar-unpacked as class loader org.apache.nifi.nar.NarClassLoader[./work/nar/extensions/nifi-email-nar-2.6.0.nar-unpacked]
2025-10-16 10:27:23,940 INFO [main] org.apache.nifi.nar.NarClassLoaders Loaded NAR file: /opt/nifi/nifi-current/./work/nar/extensions/nifi-dbcp-service-nar-2.6.0.nar-unpacked as class loader org.apache.nifi.nar.NarClassLoader[./work/nar/extensions/nifi-dbcp-service-nar-2.6.0.nar-unpacked]
2025-10-16 10:27:23,940 INFO [main] org.apache.nifi.nar.NarClassLoaders Loaded NAR file: /opt/nifi/nifi-current/./work/nar/extensions/nifi-kerberos-iaa-providers-nar-2.6.0.nar-unpacked as class loader org.apache.nifi.nar.NarClassLoader[./work/nar/extensions/nifi-kerberos-iaa-providers-nar-2.6.0.nar-unpacked]
2025-10-16 10:27:23,941 INFO [main] org.apache.nifi.nar.NarClassLoaders Loaded NAR file: /opt/nifi/nifi-current/./work/nar/extensions/nifi-evtx-nar-2.6.0.nar-unpacked as class loader org.apache.nifi.nar.NarClassLoader[./work/nar/extensions/nifi-evtx-nar-2.6.0.nar-unpacked]
2025-10-16 10:27:23,942 INFO [main] org.apache.nifi.nar.NarClassLoaders Loaded NAR file: /opt/nifi/nifi-current/./work/nar/extensions/nifi-stateful-analysis-nar-2.6.0.nar-unpacked as class loader org.apache.nifi.nar.NarClassLoader[./work/nar/extensions/nifi-stateful-analysis-nar-2.6.0.nar-unpacked]
2025-10-16 10:27:23,942 INFO [main] org.apache.nifi.nar.NarClassLoaders Loaded NAR file: /opt/nifi/nifi-current/./work/nar/extensions/nifi-file-resource-service-nar-2.6.0.nar-unpacked as class loader org.apache.nifi.nar.NarClassLoader[./work/nar/extensions/nifi-file-resource-service-nar-2.6.0.nar-unpacked]
2025-10-16 10:27:23,943 INFO [main] org.apache.nifi.nar.NarClassLoaders Loaded NAR file: /opt/nifi/nifi-current/./work/nar/extensions/nifi-standard-shared-nar-2.6.0.nar-unpacked as class loader org.apache.nifi.nar.NarClassLoader[./work/nar/extensions/nifi-standard-shared-nar-2.6.0.nar-unpacked]
2025-10-16 10:27:23,949 INFO [main] org.apache.nifi.nar.NarClassLoaders Loaded NAR file: /opt/nifi/nifi-current/./work/nar/extensions/nifi-gcp-services-api-nar-2.6.0.nar-unpacked as class loader org.apache.nifi.nar.NarClassLoader[./work/nar/extensions/nifi-gcp-services-api-nar-2.6.0.nar-unpacked]
2025-10-16 10:27:23,950 INFO [main] org.apache.nifi.nar.NarClassLoaders Loaded NAR file: /opt/nifi/nifi-current/./work/nar/extensions/nifi-database-dialect-service-nar-2.6.0.nar-unpacked as class loader org.apache.nifi.nar.NarClassLoader[./work/nar/extensions/nifi-database-dialect-service-nar-2.6.0.nar-unpacked]
2025-10-16 10:27:23,950 INFO [main] org.apache.nifi.nar.NarClassLoaders Loaded NAR file: /opt/nifi/nifi-current/./work/nar/extensions/nifi-poi-nar-2.6.0.nar-unpacked as class loader org.apache.nifi.nar.NarClassLoader[./work/nar/extensions/nifi-poi-nar-2.6.0.nar-unpacked]
2025-10-16 10:27:23,952 INFO [main] org.apache.nifi.nar.NarClassLoaders Loaded NAR file: /opt/nifi/nifi-current/./work/nar/extensions/nifi-key-service-nar-2.6.0.nar-unpacked as class loader org.apache.nifi.nar.NarClassLoader[./work/nar/extensions/nifi-key-service-nar-2.6.0.nar-unpacked]
2025-10-16 10:27:23,952 INFO [main] org.apache.nifi.nar.NarClassLoaders Loaded NAR file: /opt/nifi/nifi-current/./work/nar/extensions/nifi-asana-services-api-nar-2.6.0.nar-unpacked as class loader org.apache.nifi.nar.NarClassLoader[./work/nar/extensions/nifi-asana-services-api-nar-2.6.0.nar-unpacked]
2025-10-16 10:27:23,966 INFO [main] org.apache.nifi.nar.NarClassLoaders Loaded NAR file: /opt/nifi/nifi-current/./work/nar/extensions/nifi-snmp-nar-2.6.0.nar-unpacked as class loader org.apache.nifi.nar.NarClassLoader[./work/nar/extensions/nifi-snmp-nar-2.6.0.nar-unpacked]
2025-10-16 10:27:23,967 INFO [main] org.apache.nifi.nar.NarClassLoaders Loaded NAR file: /opt/nifi/nifi-current/./work/nar/extensions/nifi-framework-zookeeper-nar-2.6.0.nar-unpacked as class loader org.apache.nifi.nar.NarClassLoader[./work/nar/extensions/nifi-framework-zookeeper-nar-2.6.0.nar-unpacked]
2025-10-16 10:27:23,969 INFO [main] org.apache.nifi.nar.NarClassLoaders Loaded NAR file: /opt/nifi/nifi-current/./work/nar/extensions/nifi-ssl-context-service-nar-2.6.0.nar-unpacked as class loader org.apache.nifi.nar.NarClassLoader[./work/nar/extensions/nifi-ssl-context-service-nar-2.6.0.nar-unpacked]
2025-10-16 10:27:23,969 INFO [main] org.apache.nifi.nar.NarClassLoaders Loaded NAR file: /opt/nifi/nifi-current/./work/nar/extensions/nifi-web-client-provider-service-nar-2.6.0.nar-unpacked as class loader org.apache.nifi.nar.NarClassLoader[./work/nar/extensions/nifi-web-client-provider-service-nar-2.6.0.nar-unpacked]
2025-10-16 10:27:23,969 INFO [main] org.apache.nifi.nar.NarClassLoaders Loaded NAR file: /opt/nifi/nifi-current/./work/nar/extensions/nifi-network-processors-nar-2.6.0.nar-unpacked as class loader org.apache.nifi.nar.NarClassLoader[./work/nar/extensions/nifi-network-processors-nar-2.6.0.nar-unpacked]
2025-10-16 10:27:23,970 INFO [main] org.apache.nifi.nar.NarClassLoaders Loaded NAR file: /opt/nifi/nifi-current/./work/nar/extensions/nifi-kafka-service-api-nar-2.6.0.nar-unpacked as class loader org.apache.nifi.nar.NarClassLoader[./work/nar/extensions/nifi-kafka-service-api-nar-2.6.0.nar-unpacked]
2025-10-16 10:27:23,970 INFO [main] org.apache.nifi.nar.NarClassLoaders Loaded NAR file: /opt/nifi/nifi-current/./work/nar/extensions/nifi-windows-event-log-nar-2.6.0.nar-unpacked as class loader org.apache.nifi.nar.NarClassLoader[./work/nar/extensions/nifi-windows-event-log-nar-2.6.0.nar-unpacked]
2025-10-16 10:27:23,971 INFO [main] org.apache.nifi.nar.NarClassLoaders Loaded NAR file: /opt/nifi/nifi-current/./work/nar/extensions/nifi-gcp-nar-2.6.0.nar-unpacked as class loader org.apache.nifi.nar.NarClassLoader[./work/nar/extensions/nifi-gcp-nar-2.6.0.nar-unpacked]
2025-10-16 10:27:23,974 INFO [main] org.apache.nifi.nar.NarClassLoaders Loaded NAR file: /opt/nifi/nifi-current/./work/nar/extensions/nifi-hashicorp-vault-client-service-api-nar-2.6.0.nar-unpacked as class loader org.apache.nifi.nar.NarClassLoader[./work/nar/extensions/nifi-hashicorp-vault-client-service-api-nar-2.6.0.nar-unpacked]
2025-10-16 10:27:23,975 INFO [main] org.apache.nifi.nar.NarClassLoaders Loaded NAR file: /opt/nifi/nifi-current/./work/nar/extensions/nifi-registry-nar-2.6.0.nar-unpacked as class loader org.apache.nifi.nar.NarClassLoader[./work/nar/extensions/nifi-registry-nar-2.6.0.nar-unpacked]
2025-10-16 10:27:23,975 INFO [main] org.apache.nifi.nar.NarClassLoaders Loaded NAR file: /opt/nifi/nifi-current/./work/nar/extensions/nifi-protobuf-services-nar-2.6.0.nar-unpacked as class loader org.apache.nifi.nar.NarClassLoader[./work/nar/extensions/nifi-protobuf-services-nar-2.6.0.nar-unpacked]
2025-10-16 10:27:23,976 INFO [main] org.apache.nifi.nar.NarClassLoaders Loaded NAR file: /opt/nifi/nifi-current/./work/nar/extensions/nifi-asana-services-nar-2.6.0.nar-unpacked as class loader org.apache.nifi.nar.NarClassLoader[./work/nar/extensions/nifi-asana-services-nar-2.6.0.nar-unpacked]
2025-10-16 10:27:23,977 INFO [main] org.apache.nifi.nar.NarClassLoaders Loaded NAR file: /opt/nifi/nifi-current/./work/nar/extensions/nifi-site-to-site-reporting-nar-2.6.0.nar-unpacked as class loader org.apache.nifi.nar.NarClassLoader[./work/nar/extensions/nifi-site-to-site-reporting-nar-2.6.0.nar-unpacked]
2025-10-16 10:27:23,978 INFO [main] org.apache.nifi.nar.NarClassLoaders Loaded NAR file: /opt/nifi/nifi-current/./work/nar/extensions/nifi-zendesk-nar-2.6.0.nar-unpacked as class loader org.apache.nifi.nar.NarClassLoader[./work/nar/extensions/nifi-zendesk-nar-2.6.0.nar-unpacked]
2025-10-16 10:27:23,978 INFO [main] org.apache.nifi.nar.NarClassLoaders Loaded NAR file: /opt/nifi/nifi-current/./work/nar/extensions/nifi-cipher-nar-2.6.0.nar-unpacked as class loader org.apache.nifi.nar.NarClassLoader[./work/nar/extensions/nifi-cipher-nar-2.6.0.nar-unpacked]
2025-10-16 10:27:23,978 INFO [main] org.apache.nifi.nar.NarClassLoaders Loaded NAR file: /opt/nifi/nifi-current/./work/nar/extensions/nifi-jms-cf-service-nar-2.6.0.nar-unpacked as class loader org.apache.nifi.nar.NarClassLoader[./work/nar/extensions/nifi-jms-cf-service-nar-2.6.0.nar-unpacked]
2025-10-16 10:27:23,979 INFO [main] org.apache.nifi.nar.NarClassLoaders Loaded NAR file: /opt/nifi/nifi-current/./work/nar/extensions/nifi-jolt-nar-2.6.0.nar-unpacked as class loader org.apache.nifi.nar.NarClassLoader[./work/nar/extensions/nifi-jolt-nar-2.6.0.nar-unpacked]
2025-10-16 10:27:23,979 INFO [main] org.apache.nifi.nar.NarClassLoaders Loaded NAR file: /opt/nifi/nifi-current/./work/nar/extensions/nifi-hazelcast-services-api-nar-2.6.0.nar-unpacked as class loader org.apache.nifi.nar.NarClassLoader[./work/nar/extensions/nifi-hazelcast-services-api-nar-2.6.0.nar-unpacked]
2025-10-16 10:27:23,979 INFO [main] org.apache.nifi.nar.NarClassLoaders Loaded NAR file: /opt/nifi/nifi-current/./work/nar/extensions/nifi-pgp-service-api-nar-2.6.0.nar-unpacked as class loader org.apache.nifi.nar.NarClassLoader[./work/nar/extensions/nifi-pgp-service-api-nar-2.6.0.nar-unpacked]
2025-10-16 10:27:23,980 INFO [main] org.apache.nifi.nar.NarClassLoaders Loaded NAR file: /opt/nifi/nifi-current/./work/nar/extensions/nifi-proxy-configuration-nar-2.6.0.nar-unpacked as class loader org.apache.nifi.nar.NarClassLoader[./work/nar/extensions/nifi-proxy-configuration-nar-2.6.0.nar-unpacked]
2025-10-16 10:27:23,980 INFO [main] org.apache.nifi.nar.NarClassLoaders Loaded NAR file: /opt/nifi/nifi-current/./work/nar/extensions/nifi-airtable-nar-2.6.0.nar-unpacked as class loader org.apache.nifi.nar.NarClassLoader[./work/nar/extensions/nifi-airtable-nar-2.6.0.nar-unpacked]
2025-10-16 10:27:23,981 INFO [main] org.apache.nifi.nar.NarClassLoaders Loaded NAR file: /opt/nifi/nifi-current/./work/nar/extensions/nifi-github-nar-2.6.0.nar-unpacked as class loader org.apache.nifi.nar.NarClassLoader[./work/nar/extensions/nifi-github-nar-2.6.0.nar-unpacked]
2025-10-16 10:27:23,981 INFO [main] org.apache.nifi.nar.NarClassLoaders Loaded NAR file: /opt/nifi/nifi-current/./work/nar/extensions/nifi-oauth2-provider-nar-2.6.0.nar-unpacked as class loader org.apache.nifi.nar.NarClassLoader[./work/nar/extensions/nifi-oauth2-provider-nar-2.6.0.nar-unpacked]
2025-10-16 10:27:23,982 INFO [main] org.apache.nifi.nar.NarClassLoaders Loaded NAR file: /opt/nifi/nifi-current/./work/nar/extensions/nifi-workday-processors-nar-2.6.0.nar-unpacked as class loader org.apache.nifi.nar.NarClassLoader[./work/nar/extensions/nifi-workday-processors-nar-2.6.0.nar-unpacked]
2025-10-16 10:27:23,982 INFO [main] org.apache.nifi.nar.NarClassLoaders Loaded NAR file: /opt/nifi/nifi-current/./work/nar/extensions/nifi-mongodb-client-service-api-nar-2.6.0.nar-unpacked as class loader org.apache.nifi.nar.NarClassLoader[./work/nar/extensions/nifi-mongodb-client-service-api-nar-2.6.0.nar-unpacked]
2025-10-16 10:27:23,983 INFO [main] org.apache.nifi.nar.NarClassLoaders Loaded NAR file: /opt/nifi/nifi-current/./work/nar/extensions/nifi-groovyx-nar-2.6.0.nar-unpacked as class loader org.apache.nifi.nar.NarClassLoader[./work/nar/extensions/nifi-groovyx-nar-2.6.0.nar-unpacked]
2025-10-16 10:27:23,985 INFO [main] org.apache.nifi.nar.NarClassLoaders Loaded NAR file: /opt/nifi/nifi-current/./work/nar/extensions/nifi-hazelcast-services-nar-2.6.0.nar-unpacked as class loader org.apache.nifi.nar.NarClassLoader[./work/nar/extensions/nifi-hazelcast-services-nar-2.6.0.nar-unpacked]
2025-10-16 10:27:23,987 INFO [main] org.apache.nifi.nar.NarClassLoaders Loaded NAR file: /opt/nifi/nifi-current/./work/nar/extensions/nifi-mqtt-nar-2.6.0.nar-unpacked as class loader org.apache.nifi.nar.NarClassLoader[./work/nar/extensions/nifi-mqtt-nar-2.6.0.nar-unpacked]
2025-10-16 10:27:23,988 INFO [main] org.apache.nifi.nar.NarClassLoaders Loaded NAR file: /opt/nifi/nifi-current/./work/nar/extensions/nifi-cdc-mysql-nar-2.6.0.nar-unpacked as class loader org.apache.nifi.nar.NarClassLoader[./work/nar/extensions/nifi-cdc-mysql-nar-2.6.0.nar-unpacked]
2025-10-16 10:27:23,988 INFO [main] org.apache.nifi.nar.NarClassLoaders Loaded NAR file: /opt/nifi/nifi-current/./work/nar/extensions/nifi-jslt-nar-2.6.0.nar-unpacked as class loader org.apache.nifi.nar.NarClassLoader[./work/nar/extensions/nifi-jslt-nar-2.6.0.nar-unpacked]
2025-10-16 10:27:23,989 INFO [main] org.apache.nifi.nar.NarClassLoaders Loaded NAR file: /opt/nifi/nifi-current/./work/nar/extensions/nifi-kafka-nar-2.6.0.nar-unpacked as class loader org.apache.nifi.nar.NarClassLoader[./work/nar/extensions/nifi-kafka-nar-2.6.0.nar-unpacked]
2025-10-16 10:27:23,989 INFO [main] org.apache.nifi.nar.NarClassLoaders Loaded NAR file: /opt/nifi/nifi-current/./work/nar/extensions/nifi-mongodb-nar-2.6.0.nar-unpacked as class loader org.apache.nifi.nar.NarClassLoader[./work/nar/extensions/nifi-mongodb-nar-2.6.0.nar-unpacked]
2025-10-16 10:27:23,989 INFO [main] org.apache.nifi.nar.NarClassLoaders Loaded NAR file: /opt/nifi/nifi-current/./work/nar/extensions/nifi-pgp-service-nar-2.6.0.nar-unpacked as class loader org.apache.nifi.nar.NarClassLoader[./work/nar/extensions/nifi-pgp-service-nar-2.6.0.nar-unpacked]
2025-10-16 10:27:23,990 INFO [main] org.apache.nifi.nar.NarClassLoaders Loaded NAR file: /opt/nifi/nifi-current/./work/nar/extensions/nifi-standard-content-viewer-nar-2.6.0.nar-unpacked as class loader org.apache.nifi.nar.NarClassLoader[./work/nar/extensions/nifi-standard-content-viewer-nar-2.6.0.nar-unpacked]
2025-10-16 10:27:23,991 INFO [main] org.apache.nifi.nar.NarClassLoaders Loaded NAR file: /opt/nifi/nifi-current/./work/nar/extensions/nifi-standard-nar-2.6.0.nar-unpacked as class loader org.apache.nifi.nar.NarClassLoader[./work/nar/extensions/nifi-standard-nar-2.6.0.nar-unpacked]
2025-10-16 10:27:23,998 INFO [main] org.apache.nifi.nar.NarClassLoaders Loaded NAR file: /opt/nifi/nifi-current/./work/nar/extensions/nifi-box-services-api-nar-2.6.0.nar-unpacked as class loader org.apache.nifi.nar.NarClassLoader[./work/nar/extensions/nifi-box-services-api-nar-2.6.0.nar-unpacked]
2025-10-16 10:27:23,998 INFO [main] org.apache.nifi.nar.NarClassLoaders Loaded NAR file: /opt/nifi/nifi-current/./work/nar/extensions/nifi-http-context-map-nar-2.6.0.nar-unpacked as class loader org.apache.nifi.nar.NarClassLoader[./work/nar/extensions/nifi-http-context-map-nar-2.6.0.nar-unpacked]
2025-10-16 10:27:23,998 INFO [main] org.apache.nifi.nar.NarClassLoaders Loaded NAR file: /opt/nifi/nifi-current/./work/nar/extensions/nifi-avro-nar-2.6.0.nar-unpacked as class loader org.apache.nifi.nar.NarClassLoader[./work/nar/extensions/nifi-avro-nar-2.6.0.nar-unpacked]
2025-10-16 10:27:23,999 INFO [main] org.apache.nifi.nar.NarClassLoaders Loaded NAR file: /opt/nifi/nifi-current/./work/nar/extensions/nifi-enrich-nar-2.6.0.nar-unpacked as class loader org.apache.nifi.nar.NarClassLoader[./work/nar/extensions/nifi-enrich-nar-2.6.0.nar-unpacked]
2025-10-16 10:27:23,999 INFO [main] org.apache.nifi.nar.NarClassLoaders Loaded NAR file: /opt/nifi/nifi-current/./work/nar/extensions/nifi-lookup-services-nar-2.6.0.nar-unpacked as class loader org.apache.nifi.nar.NarClassLoader[./work/nar/extensions/nifi-lookup-services-nar-2.6.0.nar-unpacked]
2025-10-16 10:27:24,000 INFO [main] org.apache.nifi.nar.NarClassLoaders Loaded NAR file: /opt/nifi/nifi-current/./work/nar/extensions/nifi-splunk-nar-2.6.0.nar-unpacked as class loader org.apache.nifi.nar.NarClassLoader[./work/nar/extensions/nifi-splunk-nar-2.6.0.nar-unpacked]
2025-10-16 10:27:24,001 INFO [main] org.apache.nifi.nar.NarClassLoaders Loaded NAR file: /opt/nifi/nifi-current/./work/nar/extensions/nifi-zendesk-services-nar-2.6.0.nar-unpacked as class loader org.apache.nifi.nar.NarClassLoader[./work/nar/extensions/nifi-zendesk-services-nar-2.6.0.nar-unpacked]
2025-10-16 10:27:24,001 INFO [main] org.apache.nifi.nar.NarClassLoaders Loaded NAR file: /opt/nifi/nifi-current/./work/nar/extensions/nifi-hashicorp-vault-nar-2.6.0.nar-unpacked as class loader org.apache.nifi.nar.NarClassLoader[./work/nar/extensions/nifi-hashicorp-vault-nar-2.6.0.nar-unpacked]
2025-10-16 10:27:24,002 INFO [main] org.apache.nifi.nar.NarClassLoaders Loaded NAR file: /opt/nifi/nifi-current/./work/nar/extensions/nifi-distributed-cache-services-nar-2.6.0.nar-unpacked as class loader org.apache.nifi.nar.NarClassLoader[./work/nar/extensions/nifi-distributed-cache-services-nar-2.6.0.nar-unpacked]
2025-10-16 10:27:24,003 INFO [main] org.apache.nifi.nar.NarClassLoaders Loaded NAR file: /opt/nifi/nifi-current/./work/nar/extensions/nifi-slack-nar-2.6.0.nar-unpacked as class loader org.apache.nifi.nar.NarClassLoader[./work/nar/extensions/nifi-slack-nar-2.6.0.nar-unpacked]
2025-10-16 10:27:24,023 INFO [main] org.apache.nifi.nar.NarClassLoaders Loaded NAR file: /opt/nifi/nifi-current/./work/nar/extensions/nifi-kafka-3-service-nar-2.6.0.nar-unpacked as class loader org.apache.nifi.nar.NarClassLoader[./work/nar/extensions/nifi-kafka-3-service-nar-2.6.0.nar-unpacked]
2025-10-16 10:27:24,024 INFO [main] org.apache.nifi.nar.NarClassLoaders Loaded NAR file: /opt/nifi/nifi-current/./work/nar/extensions/nifi-kerberos-user-service-nar-2.6.0.nar-unpacked as class loader org.apache.nifi.nar.NarClassLoader[./work/nar/extensions/nifi-kerberos-user-service-nar-2.6.0.nar-unpacked]
2025-10-16 10:27:24,025 INFO [main] org.apache.nifi.nar.NarClassLoaders Loaded NAR file: /opt/nifi/nifi-current/./work/nar/extensions/nifi-confluent-platform-nar-2.6.0.nar-unpacked as class loader org.apache.nifi.nar.NarClassLoader[./work/nar/extensions/nifi-confluent-platform-nar-2.6.0.nar-unpacked]
2025-10-16 10:27:24,026 INFO [main] org.apache.nifi.nar.NarClassLoaders Loaded NAR file: /opt/nifi/nifi-current/./work/nar/extensions/nifi-social-media-nar-2.6.0.nar-unpacked as class loader org.apache.nifi.nar.NarClassLoader[./work/nar/extensions/nifi-social-media-nar-2.6.0.nar-unpacked]
2025-10-16 10:27:24,027 INFO [main] org.apache.nifi.nar.NarClassLoaders Loaded NAR file: /opt/nifi/nifi-current/./work/nar/extensions/nifi-opentelemetry-nar-2.6.0.nar-unpacked as class loader org.apache.nifi.nar.NarClassLoader[./work/nar/extensions/nifi-opentelemetry-nar-2.6.0.nar-unpacked]
2025-10-16 10:27:24,028 INFO [main] org.apache.nifi.nar.NarClassLoaders Loaded NAR file: /opt/nifi/nifi-current/./work/nar/extensions/nifi-elasticsearch-client-service-api-nar-2.6.0.nar-unpacked as class loader org.apache.nifi.nar.NarClassLoader[./work/nar/extensions/nifi-elasticsearch-client-service-api-nar-2.6.0.nar-unpacked]
2025-10-16 10:27:24,028 INFO [main] org.apache.nifi.nar.NarClassLoaders Loaded NAR file: /opt/nifi/nifi-current/./work/nar/extensions/nifi-py4j-nar-2.6.0.nar-unpacked as class loader org.apache.nifi.nar.NarClassLoader[./work/nar/extensions/nifi-py4j-nar-2.6.0.nar-unpacked]
2025-10-16 10:27:24,028 INFO [main] org.apache.nifi.nar.NarClassLoaders Loaded NAR file: /opt/nifi/nifi-current/./work/nar/extensions/nifi-amqp-nar-2.6.0.nar-unpacked as class loader org.apache.nifi.nar.NarClassLoader[./work/nar/extensions/nifi-amqp-nar-2.6.0.nar-unpacked]
2025-10-16 10:27:24,029 INFO [main] org.apache.nifi.nar.NarClassLoaders Loaded NAR file: /opt/nifi/nifi-current/./work/nar/extensions/nifi-salesforce-nar-2.6.0.nar-unpacked as class loader org.apache.nifi.nar.NarClassLoader[./work/nar/extensions/nifi-salesforce-nar-2.6.0.nar-unpacked]
2025-10-16 10:27:24,030 INFO [main] org.apache.nifi.nar.NarClassLoaders Loaded NAR file: /opt/nifi/nifi-current/./work/nar/extensions/nifi-websocket-services-api-nar-2.6.0.nar-unpacked as class loader org.apache.nifi.nar.NarClassLoader[./work/nar/extensions/nifi-websocket-services-api-nar-2.6.0.nar-unpacked]
2025-10-16 10:27:24,030 INFO [main] org.apache.nifi.nar.NarClassLoaders Loaded NAR file: /opt/nifi/nifi-current/./work/nar/extensions/nifi-shopify-nar-2.6.0.nar-unpacked as class loader org.apache.nifi.nar.NarClassLoader[./work/nar/extensions/nifi-shopify-nar-2.6.0.nar-unpacked]
2025-10-16 10:27:24,030 INFO [main] org.apache.nifi.nar.NarClassLoaders Loaded NAR file: /opt/nifi/nifi-current/./work/nar/extensions/nifi-geohash-nar-2.6.0.nar-unpacked as class loader org.apache.nifi.nar.NarClassLoader[./work/nar/extensions/nifi-geohash-nar-2.6.0.nar-unpacked]
2025-10-16 10:27:24,031 INFO [main] org.apache.nifi.nar.NarClassLoaders Loaded NAR file: /opt/nifi/nifi-current/./work/nar/extensions/nifi-aws-service-api-nar-2.6.0.nar-unpacked as class loader org.apache.nifi.nar.NarClassLoader[./work/nar/extensions/nifi-aws-service-api-nar-2.6.0.nar-unpacked]
2025-10-16 10:27:24,032 INFO [main] org.apache.nifi.nar.NarClassLoaders Loaded NAR file: /opt/nifi/nifi-current/./work/nar/extensions/nifi-kafka-service-aws-nar-2.6.0.nar-unpacked as class loader org.apache.nifi.nar.NarClassLoader[./work/nar/extensions/nifi-kafka-service-aws-nar-2.6.0.nar-unpacked]
2025-10-16 10:27:24,034 INFO [main] org.apache.nifi.nar.NarClassLoaders Loaded NAR file: /opt/nifi/nifi-current/./work/nar/extensions/nifi-db-schema-registry-service-nar-2.6.0.nar-unpacked as class loader org.apache.nifi.nar.NarClassLoader[./work/nar/extensions/nifi-db-schema-registry-service-nar-2.6.0.nar-unpacked]
2025-10-16 10:27:24,034 INFO [main] org.apache.nifi.nar.NarClassLoaders Loaded NAR file: /opt/nifi/nifi-current/./work/nar/extensions/nifi-dropbox-services-api-nar-2.6.0.nar-unpacked as class loader org.apache.nifi.nar.NarClassLoader[./work/nar/extensions/nifi-dropbox-services-api-nar-2.6.0.nar-unpacked]
2025-10-16 10:27:24,034 INFO [main] org.apache.nifi.nar.NarClassLoaders Loaded NAR file: /opt/nifi/nifi-current/./work/nar/extensions/nifi-flow-registry-client-nar-2.6.0.nar-unpacked as class loader org.apache.nifi.nar.NarClassLoader[./work/nar/extensions/nifi-flow-registry-client-nar-2.6.0.nar-unpacked]
2025-10-16 10:27:24,036 INFO [main] org.apache.nifi.nar.NarClassLoaders Loaded NAR file: /opt/nifi/nifi-current/./work/nar/extensions/nifi-azure-services-api-nar-2.6.0.nar-unpacked as class loader org.apache.nifi.nar.NarClassLoader[./work/nar/extensions/nifi-azure-services-api-nar-2.6.0.nar-unpacked]
2025-10-16 10:27:24,039 INFO [main] org.apache.nifi.nar.NarClassLoaders Loaded NAR file: /opt/nifi/nifi-current/./work/nar/extensions/nifi-dropbox-services-nar-2.6.0.nar-unpacked as class loader org.apache.nifi.nar.NarClassLoader[./work/nar/extensions/nifi-dropbox-services-nar-2.6.0.nar-unpacked]
2025-10-16 10:27:24,039 INFO [main] org.apache.nifi.nar.NarClassLoaders Loaded NAR file: /opt/nifi/nifi-current/./work/nar/extensions/nifi-apicurio-nar-2.6.0.nar-unpacked as class loader org.apache.nifi.nar.NarClassLoader[./work/nar/extensions/nifi-apicurio-nar-2.6.0.nar-unpacked]
2025-10-16 10:27:24,039 INFO [main] org.apache.nifi.nar.NarClassLoaders Loaded NAR file: /opt/nifi/nifi-current/./work/nar/extensions/nifi-hubspot-nar-2.6.0.nar-unpacked as class loader org.apache.nifi.nar.NarClassLoader[./work/nar/extensions/nifi-hubspot-nar-2.6.0.nar-unpacked]
2025-10-16 10:27:24,040 INFO [main] org.apache.nifi.nar.NarClassLoaders Loaded NAR file: /opt/nifi/nifi-current/./work/nar/extensions/nifi-smb-client-api-nar-2.6.0.nar-unpacked as class loader org.apache.nifi.nar.NarClassLoader[./work/nar/extensions/nifi-smb-client-api-nar-2.6.0.nar-unpacked]
2025-10-16 10:27:24,040 INFO [main] org.apache.nifi.nar.NarClassLoaders Loaded NAR file: /opt/nifi/nifi-current/./work/nar/extensions/nifi-record-sink-service-nar-2.6.0.nar-unpacked as class loader org.apache.nifi.nar.NarClassLoader[./work/nar/extensions/nifi-record-sink-service-nar-2.6.0.nar-unpacked]
2025-10-16 10:27:24,040 INFO [main] org.apache.nifi.nar.NarClassLoaders Loaded NAR file: /opt/nifi/nifi-current/./work/nar/extensions/nifi-gitlab-nar-2.6.0.nar-unpacked as class loader org.apache.nifi.nar.NarClassLoader[./work/nar/extensions/nifi-gitlab-nar-2.6.0.nar-unpacked]
2025-10-16 10:27:24,041 INFO [main] org.apache.nifi.nar.NarClassLoaders Loaded NAR file: /opt/nifi/nifi-current/./work/nar/extensions/nifi-box-nar-2.6.0.nar-unpacked as class loader org.apache.nifi.nar.NarClassLoader[./work/nar/extensions/nifi-box-nar-2.6.0.nar-unpacked]
2025-10-16 10:27:24,042 INFO [main] org.apache.nifi.nar.NarClassLoaders Loaded NAR file: /opt/nifi/nifi-current/./work/nar/extensions/nifi-scripting-nar-2.6.0.nar-unpacked as class loader org.apache.nifi.nar.NarClassLoader[./work/nar/extensions/nifi-scripting-nar-2.6.0.nar-unpacked]
2025-10-16 10:27:24,044 INFO [main] org.apache.nifi.nar.NarClassLoaders Loaded NAR file: /opt/nifi/nifi-current/./work/nar/extensions/nifi-asana-processors-nar-2.6.0.nar-unpacked as class loader org.apache.nifi.nar.NarClassLoader[./work/nar/extensions/nifi-asana-processors-nar-2.6.0.nar-unpacked]
2025-10-16 10:27:24,045 INFO [main] org.apache.nifi.nar.NarClassLoaders Loaded NAR file: /opt/nifi/nifi-current/./work/nar/extensions/nifi-atlassian-nar-2.6.0.nar-unpacked as class loader org.apache.nifi.nar.NarClassLoader[./work/nar/extensions/nifi-atlassian-nar-2.6.0.nar-unpacked]
2025-10-16 10:27:24,045 INFO [main] org.apache.nifi.nar.NarClassLoaders Loaded NAR file: /opt/nifi/nifi-current/./work/nar/extensions/nifi-jms-processors-nar-2.6.0.nar-unpacked as class loader org.apache.nifi.nar.NarClassLoader[./work/nar/extensions/nifi-jms-processors-nar-2.6.0.nar-unpacked]
2025-10-16 10:27:24,047 INFO [main] org.apache.nifi.nar.NarClassLoaders Loaded NAR file: /opt/nifi/nifi-current/./work/nar/extensions/nifi-record-serialization-services-nar-2.6.0.nar-unpacked as class loader org.apache.nifi.nar.NarClassLoader[./work/nar/extensions/nifi-record-serialization-services-nar-2.6.0.nar-unpacked]
2025-10-16 10:27:24,048 INFO [main] org.apache.nifi.nar.NarClassLoaders Loaded NAR file: /opt/nifi/nifi-current/./work/nar/extensions/nifi-elasticsearch-client-service-nar-2.6.0.nar-unpacked as class loader org.apache.nifi.nar.NarClassLoader[./work/nar/extensions/nifi-elasticsearch-client-service-nar-2.6.0.nar-unpacked]
2025-10-16 10:27:24,048 INFO [main] org.apache.nifi.nar.NarClassLoaders Loaded NAR file: /opt/nifi/nifi-current/./work/nar/extensions/nifi-redis-service-api-nar-2.6.0.nar-unpacked as class loader org.apache.nifi.nar.NarClassLoader[./work/nar/extensions/nifi-redis-service-api-nar-2.6.0.nar-unpacked]
2025-10-16 10:27:24,050 INFO [main] org.apache.nifi.nar.NarClassLoaders Loaded NAR file: /opt/nifi/nifi-current/./work/nar/extensions/nifi-smb-smbj-client-nar-2.6.0.nar-unpacked as class loader org.apache.nifi.nar.NarClassLoader[./work/nar/extensions/nifi-smb-smbj-client-nar-2.6.0.nar-unpacked]
2025-10-16 10:27:24,050 INFO [main] org.apache.nifi.nar.NarClassLoaders Loaded NAR file: /opt/nifi/nifi-current/./work/nar/extensions/nifi-pgp-nar-2.6.0.nar-unpacked as class loader org.apache.nifi.nar.NarClassLoader[./work/nar/extensions/nifi-pgp-nar-2.6.0.nar-unpacked]
2025-10-16 10:27:24,050 INFO [main] org.apache.nifi.nar.NarClassLoaders Loaded NAR file: /opt/nifi/nifi-current/./work/nar/extensions/nifi-smb-nar-2.6.0.nar-unpacked as class loader org.apache.nifi.nar.NarClassLoader[./work/nar/extensions/nifi-smb-nar-2.6.0.nar-unpacked]
2025-10-16 10:27:24,051 INFO [main] org.apache.nifi.nar.NarClassLoaders Loaded NAR file: /opt/nifi/nifi-current/./work/nar/extensions/nifi-mongodb-services-nar-2.6.0.nar-unpacked as class loader org.apache.nifi.nar.NarClassLoader[./work/nar/extensions/nifi-mongodb-services-nar-2.6.0.nar-unpacked]
2025-10-16 10:27:24,051 INFO [main] org.apache.nifi.nar.NarClassLoaders Loaded NAR file: /opt/nifi/nifi-current/./work/nar/extensions/nifi-websocket-processors-nar-2.6.0.nar-unpacked as class loader org.apache.nifi.nar.NarClassLoader[./work/nar/extensions/nifi-websocket-processors-nar-2.6.0.nar-unpacked]
2025-10-16 10:27:24,051 INFO [main] org.apache.nifi.nar.NarClassLoaders Loaded NAR file: /opt/nifi/nifi-current/./work/nar/extensions/nifi-dropbox-processors-nar-2.6.0.nar-unpacked as class loader org.apache.nifi.nar.NarClassLoader[./work/nar/extensions/nifi-dropbox-processors-nar-2.6.0.nar-unpacked]
2025-10-16 10:27:24,052 INFO [main] org.apache.nifi.nar.NarClassLoaders Loaded NAR file: /opt/nifi/nifi-current/./work/nar/extensions/nifi-websocket-services-jetty-nar-2.6.0.nar-unpacked as class loader org.apache.nifi.nar.NarClassLoader[./work/nar/extensions/nifi-websocket-services-jetty-nar-2.6.0.nar-unpacked]
2025-10-16 10:27:24,053 INFO [main] org.apache.nifi.nar.NarClassLoaders Loaded NAR file: /opt/nifi/nifi-current/./work/nar/extensions/nifi-box-services-nar-2.6.0.nar-unpacked as class loader org.apache.nifi.nar.NarClassLoader[./work/nar/extensions/nifi-box-services-nar-2.6.0.nar-unpacked]
2025-10-16 10:27:24,053 INFO [main] org.apache.nifi.nar.NarClassLoaders Loaded NAR file: /opt/nifi/nifi-current/./work/nar/extensions/nifi-aws-nar-2.6.0.nar-unpacked as class loader org.apache.nifi.nar.NarClassLoader[./work/nar/extensions/nifi-aws-nar-2.6.0.nar-unpacked]
2025-10-16 10:27:24,059 INFO [main] org.apache.nifi.nar.NarClassLoaders Loaded NAR file: /opt/nifi/nifi-current/./work/nar/extensions/nifi-elasticsearch-restapi-nar-2.6.0.nar-unpacked as class loader org.apache.nifi.nar.NarClassLoader[./work/nar/extensions/nifi-elasticsearch-restapi-nar-2.6.0.nar-unpacked]
2025-10-16 10:27:24,060 INFO [main] org.apache.nifi.nar.NarClassLoaders Loaded NAR file: /opt/nifi/nifi-current/./work/nar/extensions/nifi-azure-nar-2.6.0.nar-unpacked as class loader org.apache.nifi.nar.NarClassLoader[./work/nar/extensions/nifi-azure-nar-2.6.0.nar-unpacked]
2025-10-16 10:27:24,066 INFO [main] org.apache.nifi.nar.NarClassLoaders Loaded NAR file: /opt/nifi/nifi-current/./work/nar/extensions/nifi-redis-nar-2.6.0.nar-unpacked as class loader org.apache.nifi.nar.NarClassLoader[./work/nar/extensions/nifi-redis-nar-2.6.0.nar-unpacked]
2025-10-16 10:27:24,067 INFO [main] org.apache.nifi.nar.NarClassLoaders Found NiFiServer implementation org.apache.nifi.web.server.JettyServer in org.apache.nifi:nifi-server-nar:2.6.0
2025-10-16 10:27:24,068 INFO [main] o.a.nifi.properties.NiFiPropertiesLoader Loading Application Properties [/opt/nifi/nifi-current/conf/nifi.properties]
2025-10-16 10:27:24,108 ERROR [main] org.apache.nifi.web.server.JettyServer Failed to start Server
java.lang.IllegalStateException: Invalid port configuration in nifi.properties: Both nifi.web.https.port and nifi.web.http.port specified
	at org.apache.nifi.web.server.connector.FrameworkServerConnectorFactory.getPort(FrameworkServerConnectorFactory.java:156)
	at org.apache.nifi.web.server.connector.FrameworkServerConnectorFactory.<init>(FrameworkServerConnectorFactory.java:68)
	at org.apache.nifi.web.server.StandardServerProvider.addConnectors(StandardServerProvider.java:96)
	at org.apache.nifi.web.server.StandardServerProvider.getServer(StandardServerProvider.java:69)
	at org.apache.nifi.web.server.JettyServer.init(JettyServer.java:215)
	at org.apache.nifi.web.server.JettyServer.initialize(JettyServer.java:988)
	at org.apache.nifi.runtime.Application.startServer(Application.java:126)
	at org.apache.nifi.runtime.Application.run(Application.java:78)
	at org.apache.nifi.runtime.Application.run(Application.java:60)
	at org.apache.nifi.NiFi.main(NiFi.java:42)
2025-10-16 10:28:24,742 INFO [main] org.apache.nifi.runtime.Application Starting NiFi 2.6.0 using Java 21.0.8+12-LTS with PID 46
2025-10-16 10:28:24,744 INFO [main] o.apache.nifi.runtime.PropertiesProvider Loading Application Properties [/opt/nifi/nifi-current/conf/nifi.properties]
2025-10-16 10:28:24,748 INFO [main] org.apache.nifi.nar.NarUnpacker Expanding 112 NAR files started
2025-10-16 10:28:25,252 INFO [main] org.apache.nifi.nar.NarUnpacker Expanded 112 NAR files in 0.504 seconds (504219084 ns)
2025-10-16 10:28:25,488 INFO [main] org.apache.nifi.nar.NarClassLoaders Loaded NAR file: /opt/nifi/nifi-current/./work/nar/extensions/nifi-jetty-nar-2.6.0.nar-unpacked as class loader org.apache.nifi.nar.NarClassLoader[./work/nar/extensions/nifi-jetty-nar-2.6.0.nar-unpacked]
2025-10-16 10:28:25,492 INFO [main] org.apache.nifi.nar.NarClassLoaders Loaded NAR file: /opt/nifi/nifi-current/./work/nar/framework/nifi-framework-nar-2.6.0.nar-unpacked as class loader org.apache.nifi.nar.NarClassLoader[./work/nar/framework/nifi-framework-nar-2.6.0.nar-unpacked]
2025-10-16 10:28:25,547 INFO [main] org.apache.nifi.nar.NarClassLoaders Loaded NAR file: /opt/nifi/nifi-current/./work/nar/extensions/nifi-provenance-repository-nar-2.6.0.nar-unpacked as class loader org.apache.nifi.nar.NarClassLoader[./work/nar/extensions/nifi-provenance-repository-nar-2.6.0.nar-unpacked]
2025-10-16 10:28:25,548 INFO [main] org.apache.nifi.nar.NarClassLoaders Loaded NAR file: /opt/nifi/nifi-current/./work/nar/extensions/nifi-hl7-nar-2.6.0.nar-unpacked as class loader org.apache.nifi.nar.NarClassLoader[./work/nar/extensions/nifi-hl7-nar-2.6.0.nar-unpacked]
2025-10-16 10:28:25,569 INFO [main] org.apache.nifi.nar.NarClassLoaders Loaded NAR file: /opt/nifi/nifi-current/./work/nar/extensions/nifi-compress-nar-2.6.0.nar-unpacked as class loader org.apache.nifi.nar.NarClassLoader[./work/nar/extensions/nifi-compress-nar-2.6.0.nar-unpacked]
2025-10-16 10:28:25,570 INFO [main] org.apache.nifi.nar.NarClassLoaders Loaded NAR file: /opt/nifi/nifi-current/./work/nar/extensions/nifi-update-attribute-nar-2.6.0.nar-unpacked as class loader org.apache.nifi.nar.NarClassLoader[./work/nar/extensions/nifi-update-attribute-nar-2.6.0.nar-unpacked]
2025-10-16 10:28:25,571 INFO [main] org.apache.nifi.nar.NarClassLoaders Loaded NAR file: /opt/nifi/nifi-current/./work/nar/extensions/nifi-ldap-iaa-providers-nar-2.6.0.nar-unpacked as class loader org.apache.nifi.nar.NarClassLoader[./work/nar/extensions/nifi-ldap-iaa-providers-nar-2.6.0.nar-unpacked]
2025-10-16 10:28:25,572 INFO [main] org.apache.nifi.nar.NarClassLoaders Loaded NAR file: /opt/nifi/nifi-current/./work/nar/extensions/nifi-single-user-iaa-providers-nar-2.6.0.nar-unpacked as class loader org.apache.nifi.nar.NarClassLoader[./work/nar/extensions/nifi-single-user-iaa-providers-nar-2.6.0.nar-unpacked]
2025-10-16 10:28:25,573 INFO [main] org.apache.nifi.nar.NarClassLoaders Loaded NAR file: /opt/nifi/nifi-current/./work/nar/extensions/nifi-framework-kubernetes-nar-2.6.0.nar-unpacked as class loader org.apache.nifi.nar.NarClassLoader[./work/nar/extensions/nifi-framework-kubernetes-nar-2.6.0.nar-unpacked]
2025-10-16 10:28:25,575 INFO [main] org.apache.nifi.nar.NarClassLoaders Loaded NAR file: /opt/nifi/nifi-current/./work/nar/extensions/nifi-server-nar-2.6.0.nar-unpacked as class loader org.apache.nifi.nar.NarClassLoader[./work/nar/extensions/nifi-server-nar-2.6.0.nar-unpacked]
2025-10-16 10:28:25,584 INFO [main] org.apache.nifi.nar.NarClassLoaders Loaded NAR file: /opt/nifi/nifi-current/./work/nar/extensions/nifi-standard-services-api-nar-2.6.0.nar-unpacked as class loader org.apache.nifi.nar.NarClassLoader[./work/nar/extensions/nifi-standard-services-api-nar-2.6.0.nar-unpacked]
2025-10-16 10:28:25,585 INFO [main] org.apache.nifi.nar.NarClassLoaders Loaded NAR file: /opt/nifi/nifi-current/./work/nar/extensions/nifi-email-nar-2.6.0.nar-unpacked as class loader org.apache.nifi.nar.NarClassLoader[./work/nar/extensions/nifi-email-nar-2.6.0.nar-unpacked]
2025-10-16 10:28:25,586 INFO [main] org.apache.nifi.nar.NarClassLoaders Loaded NAR file: /opt/nifi/nifi-current/./work/nar/extensions/nifi-dbcp-service-nar-2.6.0.nar-unpacked as class loader org.apache.nifi.nar.NarClassLoader[./work/nar/extensions/nifi-dbcp-service-nar-2.6.0.nar-unpacked]
2025-10-16 10:28:25,587 INFO [main] org.apache.nifi.nar.NarClassLoaders Loaded NAR file: /opt/nifi/nifi-current/./work/nar/extensions/nifi-kerberos-iaa-providers-nar-2.6.0.nar-unpacked as class loader org.apache.nifi.nar.NarClassLoader[./work/nar/extensions/nifi-kerberos-iaa-providers-nar-2.6.0.nar-unpacked]
2025-10-16 10:28:25,588 INFO [main] org.apache.nifi.nar.NarClassLoaders Loaded NAR file: /opt/nifi/nifi-current/./work/nar/extensions/nifi-evtx-nar-2.6.0.nar-unpacked as class loader org.apache.nifi.nar.NarClassLoader[./work/nar/extensions/nifi-evtx-nar-2.6.0.nar-unpacked]
2025-10-16 10:28:25,588 INFO [main] org.apache.nifi.nar.NarClassLoaders Loaded NAR file: /opt/nifi/nifi-current/./work/nar/extensions/nifi-stateful-analysis-nar-2.6.0.nar-unpacked as class loader org.apache.nifi.nar.NarClassLoader[./work/nar/extensions/nifi-stateful-analysis-nar-2.6.0.nar-unpacked]
2025-10-16 10:28:25,589 INFO [main] org.apache.nifi.nar.NarClassLoaders Loaded NAR file: /opt/nifi/nifi-current/./work/nar/extensions/nifi-file-resource-service-nar-2.6.0.nar-unpacked as class loader org.apache.nifi.nar.NarClassLoader[./work/nar/extensions/nifi-file-resource-service-nar-2.6.0.nar-unpacked]
2025-10-16 10:28:25,589 INFO [main] org.apache.nifi.nar.NarClassLoaders Loaded NAR file: /opt/nifi/nifi-current/./work/nar/extensions/nifi-standard-shared-nar-2.6.0.nar-unpacked as class loader org.apache.nifi.nar.NarClassLoader[./work/nar/extensions/nifi-standard-shared-nar-2.6.0.nar-unpacked]
2025-10-16 10:28:25,595 INFO [main] org.apache.nifi.nar.NarClassLoaders Loaded NAR file: /opt/nifi/nifi-current/./work/nar/extensions/nifi-gcp-services-api-nar-2.6.0.nar-unpacked as class loader org.apache.nifi.nar.NarClassLoader[./work/nar/extensions/nifi-gcp-services-api-nar-2.6.0.nar-unpacked]
2025-10-16 10:28:25,596 INFO [main] org.apache.nifi.nar.NarClassLoaders Loaded NAR file: /opt/nifi/nifi-current/./work/nar/extensions/nifi-database-dialect-service-nar-2.6.0.nar-unpacked as class loader org.apache.nifi.nar.NarClassLoader[./work/nar/extensions/nifi-database-dialect-service-nar-2.6.0.nar-unpacked]
2025-10-16 10:28:25,597 INFO [main] org.apache.nifi.nar.NarClassLoaders Loaded NAR file: /opt/nifi/nifi-current/./work/nar/extensions/nifi-poi-nar-2.6.0.nar-unpacked as class loader org.apache.nifi.nar.NarClassLoader[./work/nar/extensions/nifi-poi-nar-2.6.0.nar-unpacked]
2025-10-16 10:28:25,598 INFO [main] org.apache.nifi.nar.NarClassLoaders Loaded NAR file: /opt/nifi/nifi-current/./work/nar/extensions/nifi-key-service-nar-2.6.0.nar-unpacked as class loader org.apache.nifi.nar.NarClassLoader[./work/nar/extensions/nifi-key-service-nar-2.6.0.nar-unpacked]
2025-10-16 10:28:25,599 INFO [main] org.apache.nifi.nar.NarClassLoaders Loaded NAR file: /opt/nifi/nifi-current/./work/nar/extensions/nifi-asana-services-api-nar-2.6.0.nar-unpacked as class loader org.apache.nifi.nar.NarClassLoader[./work/nar/extensions/nifi-asana-services-api-nar-2.6.0.nar-unpacked]
2025-10-16 10:28:25,621 INFO [main] org.apache.nifi.nar.NarClassLoaders Loaded NAR file: /opt/nifi/nifi-current/./work/nar/extensions/nifi-snmp-nar-2.6.0.nar-unpacked as class loader org.apache.nifi.nar.NarClassLoader[./work/nar/extensions/nifi-snmp-nar-2.6.0.nar-unpacked]
2025-10-16 10:28:25,622 INFO [main] org.apache.nifi.nar.NarClassLoaders Loaded NAR file: /opt/nifi/nifi-current/./work/nar/extensions/nifi-framework-zookeeper-nar-2.6.0.nar-unpacked as class loader org.apache.nifi.nar.NarClassLoader[./work/nar/extensions/nifi-framework-zookeeper-nar-2.6.0.nar-unpacked]
2025-10-16 10:28:25,623 INFO [main] org.apache.nifi.nar.NarClassLoaders Loaded NAR file: /opt/nifi/nifi-current/./work/nar/extensions/nifi-ssl-context-service-nar-2.6.0.nar-unpacked as class loader org.apache.nifi.nar.NarClassLoader[./work/nar/extensions/nifi-ssl-context-service-nar-2.6.0.nar-unpacked]
2025-10-16 10:28:25,624 INFO [main] org.apache.nifi.nar.NarClassLoaders Loaded NAR file: /opt/nifi/nifi-current/./work/nar/extensions/nifi-web-client-provider-service-nar-2.6.0.nar-unpacked as class loader org.apache.nifi.nar.NarClassLoader[./work/nar/extensions/nifi-web-client-provider-service-nar-2.6.0.nar-unpacked]
2025-10-16 10:28:25,624 INFO [main] org.apache.nifi.nar.NarClassLoaders Loaded NAR file: /opt/nifi/nifi-current/./work/nar/extensions/nifi-network-processors-nar-2.6.0.nar-unpacked as class loader org.apache.nifi.nar.NarClassLoader[./work/nar/extensions/nifi-network-processors-nar-2.6.0.nar-unpacked]
2025-10-16 10:28:25,624 INFO [main] org.apache.nifi.nar.NarClassLoaders Loaded NAR file: /opt/nifi/nifi-current/./work/nar/extensions/nifi-kafka-service-api-nar-2.6.0.nar-unpacked as class loader org.apache.nifi.nar.NarClassLoader[./work/nar/extensions/nifi-kafka-service-api-nar-2.6.0.nar-unpacked]
2025-10-16 10:28:25,625 INFO [main] org.apache.nifi.nar.NarClassLoaders Loaded NAR file: /opt/nifi/nifi-current/./work/nar/extensions/nifi-windows-event-log-nar-2.6.0.nar-unpacked as class loader org.apache.nifi.nar.NarClassLoader[./work/nar/extensions/nifi-windows-event-log-nar-2.6.0.nar-unpacked]
2025-10-16 10:28:25,626 INFO [main] org.apache.nifi.nar.NarClassLoaders Loaded NAR file: /opt/nifi/nifi-current/./work/nar/extensions/nifi-gcp-nar-2.6.0.nar-unpacked as class loader org.apache.nifi.nar.NarClassLoader[./work/nar/extensions/nifi-gcp-nar-2.6.0.nar-unpacked]
2025-10-16 10:28:25,629 INFO [main] org.apache.nifi.nar.NarClassLoaders Loaded NAR file: /opt/nifi/nifi-current/./work/nar/extensions/nifi-hashicorp-vault-client-service-api-nar-2.6.0.nar-unpacked as class loader org.apache.nifi.nar.NarClassLoader[./work/nar/extensions/nifi-hashicorp-vault-client-service-api-nar-2.6.0.nar-unpacked]
2025-10-16 10:28:25,630 INFO [main] org.apache.nifi.nar.NarClassLoaders Loaded NAR file: /opt/nifi/nifi-current/./work/nar/extensions/nifi-registry-nar-2.6.0.nar-unpacked as class loader org.apache.nifi.nar.NarClassLoader[./work/nar/extensions/nifi-registry-nar-2.6.0.nar-unpacked]
2025-10-16 10:28:25,630 INFO [main] org.apache.nifi.nar.NarClassLoaders Loaded NAR file: /opt/nifi/nifi-current/./work/nar/extensions/nifi-protobuf-services-nar-2.6.0.nar-unpacked as class loader org.apache.nifi.nar.NarClassLoader[./work/nar/extensions/nifi-protobuf-services-nar-2.6.0.nar-unpacked]
2025-10-16 10:28:25,631 INFO [main] org.apache.nifi.nar.NarClassLoaders Loaded NAR file: /opt/nifi/nifi-current/./work/nar/extensions/nifi-asana-services-nar-2.6.0.nar-unpacked as class loader org.apache.nifi.nar.NarClassLoader[./work/nar/extensions/nifi-asana-services-nar-2.6.0.nar-unpacked]
2025-10-16 10:28:25,632 INFO [main] org.apache.nifi.nar.NarClassLoaders Loaded NAR file: /opt/nifi/nifi-current/./work/nar/extensions/nifi-site-to-site-reporting-nar-2.6.0.nar-unpacked as class loader org.apache.nifi.nar.NarClassLoader[./work/nar/extensions/nifi-site-to-site-reporting-nar-2.6.0.nar-unpacked]
2025-10-16 10:28:25,633 INFO [main] org.apache.nifi.nar.NarClassLoaders Loaded NAR file: /opt/nifi/nifi-current/./work/nar/extensions/nifi-zendesk-nar-2.6.0.nar-unpacked as class loader org.apache.nifi.nar.NarClassLoader[./work/nar/extensions/nifi-zendesk-nar-2.6.0.nar-unpacked]
2025-10-16 10:28:25,633 INFO [main] org.apache.nifi.nar.NarClassLoaders Loaded NAR file: /opt/nifi/nifi-current/./work/nar/extensions/nifi-cipher-nar-2.6.0.nar-unpacked as class loader org.apache.nifi.nar.NarClassLoader[./work/nar/extensions/nifi-cipher-nar-2.6.0.nar-unpacked]
2025-10-16 10:28:25,634 INFO [main] org.apache.nifi.nar.NarClassLoaders Loaded NAR file: /opt/nifi/nifi-current/./work/nar/extensions/nifi-jms-cf-service-nar-2.6.0.nar-unpacked as class loader org.apache.nifi.nar.NarClassLoader[./work/nar/extensions/nifi-jms-cf-service-nar-2.6.0.nar-unpacked]
2025-10-16 10:28:25,634 INFO [main] org.apache.nifi.nar.NarClassLoaders Loaded NAR file: /opt/nifi/nifi-current/./work/nar/extensions/nifi-jolt-nar-2.6.0.nar-unpacked as class loader org.apache.nifi.nar.NarClassLoader[./work/nar/extensions/nifi-jolt-nar-2.6.0.nar-unpacked]
2025-10-16 10:28:25,634 INFO [main] org.apache.nifi.nar.NarClassLoaders Loaded NAR file: /opt/nifi/nifi-current/./work/nar/extensions/nifi-hazelcast-services-api-nar-2.6.0.nar-unpacked as class loader org.apache.nifi.nar.NarClassLoader[./work/nar/extensions/nifi-hazelcast-services-api-nar-2.6.0.nar-unpacked]
2025-10-16 10:28:25,635 INFO [main] org.apache.nifi.nar.NarClassLoaders Loaded NAR file: /opt/nifi/nifi-current/./work/nar/extensions/nifi-pgp-service-api-nar-2.6.0.nar-unpacked as class loader org.apache.nifi.nar.NarClassLoader[./work/nar/extensions/nifi-pgp-service-api-nar-2.6.0.nar-unpacked]
2025-10-16 10:28:25,635 INFO [main] org.apache.nifi.nar.NarClassLoaders Loaded NAR file: /opt/nifi/nifi-current/./work/nar/extensions/nifi-proxy-configuration-nar-2.6.0.nar-unpacked as class loader org.apache.nifi.nar.NarClassLoader[./work/nar/extensions/nifi-proxy-configuration-nar-2.6.0.nar-unpacked]
2025-10-16 10:28:25,636 INFO [main] org.apache.nifi.nar.NarClassLoaders Loaded NAR file: /opt/nifi/nifi-current/./work/nar/extensions/nifi-airtable-nar-2.6.0.nar-unpacked as class loader org.apache.nifi.nar.NarClassLoader[./work/nar/extensions/nifi-airtable-nar-2.6.0.nar-unpacked]
2025-10-16 10:28:25,636 INFO [main] org.apache.nifi.nar.NarClassLoaders Loaded NAR file: /opt/nifi/nifi-current/./work/nar/extensions/nifi-github-nar-2.6.0.nar-unpacked as class loader org.apache.nifi.nar.NarClassLoader[./work/nar/extensions/nifi-github-nar-2.6.0.nar-unpacked]
2025-10-16 10:28:25,636 INFO [main] org.apache.nifi.nar.NarClassLoaders Loaded NAR file: /opt/nifi/nifi-current/./work/nar/extensions/nifi-oauth2-provider-nar-2.6.0.nar-unpacked as class loader org.apache.nifi.nar.NarClassLoader[./work/nar/extensions/nifi-oauth2-provider-nar-2.6.0.nar-unpacked]
2025-10-16 10:28:25,637 INFO [main] org.apache.nifi.nar.NarClassLoaders Loaded NAR file: /opt/nifi/nifi-current/./work/nar/extensions/nifi-workday-processors-nar-2.6.0.nar-unpacked as class loader org.apache.nifi.nar.NarClassLoader[./work/nar/extensions/nifi-workday-processors-nar-2.6.0.nar-unpacked]
2025-10-16 10:28:25,637 INFO [main] org.apache.nifi.nar.NarClassLoaders Loaded NAR file: /opt/nifi/nifi-current/./work/nar/extensions/nifi-mongodb-client-service-api-nar-2.6.0.nar-unpacked as class loader org.apache.nifi.nar.NarClassLoader[./work/nar/extensions/nifi-mongodb-client-service-api-nar-2.6.0.nar-unpacked]
2025-10-16 10:28:25,638 INFO [main] org.apache.nifi.nar.NarClassLoaders Loaded NAR file: /opt/nifi/nifi-current/./work/nar/extensions/nifi-groovyx-nar-2.6.0.nar-unpacked as class loader org.apache.nifi.nar.NarClassLoader[./work/nar/extensions/nifi-groovyx-nar-2.6.0.nar-unpacked]
2025-10-16 10:28:25,640 INFO [main] org.apache.nifi.nar.NarClassLoaders Loaded NAR file: /opt/nifi/nifi-current/./work/nar/extensions/nifi-hazelcast-services-nar-2.6.0.nar-unpacked as class loader org.apache.nifi.nar.NarClassLoader[./work/nar/extensions/nifi-hazelcast-services-nar-2.6.0.nar-unpacked]
2025-10-16 10:28:25,641 INFO [main] org.apache.nifi.nar.NarClassLoaders Loaded NAR file: /opt/nifi/nifi-current/./work/nar/extensions/nifi-mqtt-nar-2.6.0.nar-unpacked as class loader org.apache.nifi.nar.NarClassLoader[./work/nar/extensions/nifi-mqtt-nar-2.6.0.nar-unpacked]
2025-10-16 10:28:25,642 INFO [main] org.apache.nifi.nar.NarClassLoaders Loaded NAR file: /opt/nifi/nifi-current/./work/nar/extensions/nifi-cdc-mysql-nar-2.6.0.nar-unpacked as class loader org.apache.nifi.nar.NarClassLoader[./work/nar/extensions/nifi-cdc-mysql-nar-2.6.0.nar-unpacked]
2025-10-16 10:28:25,642 INFO [main] org.apache.nifi.nar.NarClassLoaders Loaded NAR file: /opt/nifi/nifi-current/./work/nar/extensions/nifi-jslt-nar-2.6.0.nar-unpacked as class loader org.apache.nifi.nar.NarClassLoader[./work/nar/extensions/nifi-jslt-nar-2.6.0.nar-unpacked]
2025-10-16 10:28:25,642 INFO [main] org.apache.nifi.nar.NarClassLoaders Loaded NAR file: /opt/nifi/nifi-current/./work/nar/extensions/nifi-kafka-nar-2.6.0.nar-unpacked as class loader org.apache.nifi.nar.NarClassLoader[./work/nar/extensions/nifi-kafka-nar-2.6.0.nar-unpacked]
2025-10-16 10:28:25,643 INFO [main] org.apache.nifi.nar.NarClassLoaders Loaded NAR file: /opt/nifi/nifi-current/./work/nar/extensions/nifi-mongodb-nar-2.6.0.nar-unpacked as class loader org.apache.nifi.nar.NarClassLoader[./work/nar/extensions/nifi-mongodb-nar-2.6.0.nar-unpacked]
2025-10-16 10:28:25,643 INFO [main] org.apache.nifi.nar.NarClassLoaders Loaded NAR file: /opt/nifi/nifi-current/./work/nar/extensions/nifi-pgp-service-nar-2.6.0.nar-unpacked as class loader org.apache.nifi.nar.NarClassLoader[./work/nar/extensions/nifi-pgp-service-nar-2.6.0.nar-unpacked]
2025-10-16 10:28:25,643 INFO [main] org.apache.nifi.nar.NarClassLoaders Loaded NAR file: /opt/nifi/nifi-current/./work/nar/extensions/nifi-standard-content-viewer-nar-2.6.0.nar-unpacked as class loader org.apache.nifi.nar.NarClassLoader[./work/nar/extensions/nifi-standard-content-viewer-nar-2.6.0.nar-unpacked]
2025-10-16 10:28:25,644 INFO [main] org.apache.nifi.nar.NarClassLoaders Loaded NAR file: /opt/nifi/nifi-current/./work/nar/extensions/nifi-standard-nar-2.6.0.nar-unpacked as class loader org.apache.nifi.nar.NarClassLoader[./work/nar/extensions/nifi-standard-nar-2.6.0.nar-unpacked]
2025-10-16 10:28:25,650 INFO [main] org.apache.nifi.nar.NarClassLoaders Loaded NAR file: /opt/nifi/nifi-current/./work/nar/extensions/nifi-box-services-api-nar-2.6.0.nar-unpacked as class loader org.apache.nifi.nar.NarClassLoader[./work/nar/extensions/nifi-box-services-api-nar-2.6.0.nar-unpacked]
2025-10-16 10:28:25,651 INFO [main] org.apache.nifi.nar.NarClassLoaders Loaded NAR file: /opt/nifi/nifi-current/./work/nar/extensions/nifi-http-context-map-nar-2.6.0.nar-unpacked as class loader org.apache.nifi.nar.NarClassLoader[./work/nar/extensions/nifi-http-context-map-nar-2.6.0.nar-unpacked]
2025-10-16 10:28:25,651 INFO [main] org.apache.nifi.nar.NarClassLoaders Loaded NAR file: /opt/nifi/nifi-current/./work/nar/extensions/nifi-avro-nar-2.6.0.nar-unpacked as class loader org.apache.nifi.nar.NarClassLoader[./work/nar/extensions/nifi-avro-nar-2.6.0.nar-unpacked]
2025-10-16 10:28:25,651 INFO [main] org.apache.nifi.nar.NarClassLoaders Loaded NAR file: /opt/nifi/nifi-current/./work/nar/extensions/nifi-enrich-nar-2.6.0.nar-unpacked as class loader org.apache.nifi.nar.NarClassLoader[./work/nar/extensions/nifi-enrich-nar-2.6.0.nar-unpacked]
2025-10-16 10:28:25,652 INFO [main] org.apache.nifi.nar.NarClassLoaders Loaded NAR file: /opt/nifi/nifi-current/./work/nar/extensions/nifi-lookup-services-nar-2.6.0.nar-unpacked as class loader org.apache.nifi.nar.NarClassLoader[./work/nar/extensions/nifi-lookup-services-nar-2.6.0.nar-unpacked]
2025-10-16 10:28:25,653 INFO [main] org.apache.nifi.nar.NarClassLoaders Loaded NAR file: /opt/nifi/nifi-current/./work/nar/extensions/nifi-splunk-nar-2.6.0.nar-unpacked as class loader org.apache.nifi.nar.NarClassLoader[./work/nar/extensions/nifi-splunk-nar-2.6.0.nar-unpacked]
2025-10-16 10:28:25,653 INFO [main] org.apache.nifi.nar.NarClassLoaders Loaded NAR file: /opt/nifi/nifi-current/./work/nar/extensions/nifi-zendesk-services-nar-2.6.0.nar-unpacked as class loader org.apache.nifi.nar.NarClassLoader[./work/nar/extensions/nifi-zendesk-services-nar-2.6.0.nar-unpacked]
2025-10-16 10:28:25,654 INFO [main] org.apache.nifi.nar.NarClassLoaders Loaded NAR file: /opt/nifi/nifi-current/./work/nar/extensions/nifi-hashicorp-vault-nar-2.6.0.nar-unpacked as class loader org.apache.nifi.nar.NarClassLoader[./work/nar/extensions/nifi-hashicorp-vault-nar-2.6.0.nar-unpacked]
2025-10-16 10:28:25,654 INFO [main] org.apache.nifi.nar.NarClassLoaders Loaded NAR file: /opt/nifi/nifi-current/./work/nar/extensions/nifi-distributed-cache-services-nar-2.6.0.nar-unpacked as class loader org.apache.nifi.nar.NarClassLoader[./work/nar/extensions/nifi-distributed-cache-services-nar-2.6.0.nar-unpacked]
2025-10-16 10:28:25,655 INFO [main] org.apache.nifi.nar.NarClassLoaders Loaded NAR file: /opt/nifi/nifi-current/./work/nar/extensions/nifi-slack-nar-2.6.0.nar-unpacked as class loader org.apache.nifi.nar.NarClassLoader[./work/nar/extensions/nifi-slack-nar-2.6.0.nar-unpacked]
2025-10-16 10:28:25,676 INFO [main] org.apache.nifi.nar.NarClassLoaders Loaded NAR file: /opt/nifi/nifi-current/./work/nar/extensions/nifi-kafka-3-service-nar-2.6.0.nar-unpacked as class loader org.apache.nifi.nar.NarClassLoader[./work/nar/extensions/nifi-kafka-3-service-nar-2.6.0.nar-unpacked]
2025-10-16 10:28:25,677 INFO [main] org.apache.nifi.nar.NarClassLoaders Loaded NAR file: /opt/nifi/nifi-current/./work/nar/extensions/nifi-kerberos-user-service-nar-2.6.0.nar-unpacked as class loader org.apache.nifi.nar.NarClassLoader[./work/nar/extensions/nifi-kerberos-user-service-nar-2.6.0.nar-unpacked]
2025-10-16 10:28:25,677 INFO [main] org.apache.nifi.nar.NarClassLoaders Loaded NAR file: /opt/nifi/nifi-current/./work/nar/extensions/nifi-confluent-platform-nar-2.6.0.nar-unpacked as class loader org.apache.nifi.nar.NarClassLoader[./work/nar/extensions/nifi-confluent-platform-nar-2.6.0.nar-unpacked]
2025-10-16 10:28:25,678 INFO [main] org.apache.nifi.nar.NarClassLoaders Loaded NAR file: /opt/nifi/nifi-current/./work/nar/extensions/nifi-social-media-nar-2.6.0.nar-unpacked as class loader org.apache.nifi.nar.NarClassLoader[./work/nar/extensions/nifi-social-media-nar-2.6.0.nar-unpacked]
2025-10-16 10:28:25,679 INFO [main] org.apache.nifi.nar.NarClassLoaders Loaded NAR file: /opt/nifi/nifi-current/./work/nar/extensions/nifi-opentelemetry-nar-2.6.0.nar-unpacked as class loader org.apache.nifi.nar.NarClassLoader[./work/nar/extensions/nifi-opentelemetry-nar-2.6.0.nar-unpacked]
2025-10-16 10:28:25,680 INFO [main] org.apache.nifi.nar.NarClassLoaders Loaded NAR file: /opt/nifi/nifi-current/./work/nar/extensions/nifi-elasticsearch-client-service-api-nar-2.6.0.nar-unpacked as class loader org.apache.nifi.nar.NarClassLoader[./work/nar/extensions/nifi-elasticsearch-client-service-api-nar-2.6.0.nar-unpacked]
2025-10-16 10:28:25,680 INFO [main] org.apache.nifi.nar.NarClassLoaders Loaded NAR file: /opt/nifi/nifi-current/./work/nar/extensions/nifi-py4j-nar-2.6.0.nar-unpacked as class loader org.apache.nifi.nar.NarClassLoader[./work/nar/extensions/nifi-py4j-nar-2.6.0.nar-unpacked]
2025-10-16 10:28:25,681 INFO [main] org.apache.nifi.nar.NarClassLoaders Loaded NAR file: /opt/nifi/nifi-current/./work/nar/extensions/nifi-amqp-nar-2.6.0.nar-unpacked as class loader org.apache.nifi.nar.NarClassLoader[./work/nar/extensions/nifi-amqp-nar-2.6.0.nar-unpacked]
2025-10-16 10:28:25,681 INFO [main] org.apache.nifi.nar.NarClassLoaders Loaded NAR file: /opt/nifi/nifi-current/./work/nar/extensions/nifi-salesforce-nar-2.6.0.nar-unpacked as class loader org.apache.nifi.nar.NarClassLoader[./work/nar/extensions/nifi-salesforce-nar-2.6.0.nar-unpacked]
2025-10-16 10:28:25,682 INFO [main] org.apache.nifi.nar.NarClassLoaders Loaded NAR file: /opt/nifi/nifi-current/./work/nar/extensions/nifi-websocket-services-api-nar-2.6.0.nar-unpacked as class loader org.apache.nifi.nar.NarClassLoader[./work/nar/extensions/nifi-websocket-services-api-nar-2.6.0.nar-unpacked]
2025-10-16 10:28:25,682 INFO [main] org.apache.nifi.nar.NarClassLoaders Loaded NAR file: /opt/nifi/nifi-current/./work/nar/extensions/nifi-shopify-nar-2.6.0.nar-unpacked as class loader org.apache.nifi.nar.NarClassLoader[./work/nar/extensions/nifi-shopify-nar-2.6.0.nar-unpacked]
2025-10-16 10:28:25,682 INFO [main] org.apache.nifi.nar.NarClassLoaders Loaded NAR file: /opt/nifi/nifi-current/./work/nar/extensions/nifi-geohash-nar-2.6.0.nar-unpacked as class loader org.apache.nifi.nar.NarClassLoader[./work/nar/extensions/nifi-geohash-nar-2.6.0.nar-unpacked]
2025-10-16 10:28:25,683 INFO [main] org.apache.nifi.nar.NarClassLoaders Loaded NAR file: /opt/nifi/nifi-current/./work/nar/extensions/nifi-aws-service-api-nar-2.6.0.nar-unpacked as class loader org.apache.nifi.nar.NarClassLoader[./work/nar/extensions/nifi-aws-service-api-nar-2.6.0.nar-unpacked]
2025-10-16 10:28:25,684 INFO [main] org.apache.nifi.nar.NarClassLoaders Loaded NAR file: /opt/nifi/nifi-current/./work/nar/extensions/nifi-kafka-service-aws-nar-2.6.0.nar-unpacked as class loader org.apache.nifi.nar.NarClassLoader[./work/nar/extensions/nifi-kafka-service-aws-nar-2.6.0.nar-unpacked]
2025-10-16 10:28:25,686 INFO [main] org.apache.nifi.nar.NarClassLoaders Loaded NAR file: /opt/nifi/nifi-current/./work/nar/extensions/nifi-db-schema-registry-service-nar-2.6.0.nar-unpacked as class loader org.apache.nifi.nar.NarClassLoader[./work/nar/extensions/nifi-db-schema-registry-service-nar-2.6.0.nar-unpacked]
2025-10-16 10:28:25,686 INFO [main] org.apache.nifi.nar.NarClassLoaders Loaded NAR file: /opt/nifi/nifi-current/./work/nar/extensions/nifi-dropbox-services-api-nar-2.6.0.nar-unpacked as class loader org.apache.nifi.nar.NarClassLoader[./work/nar/extensions/nifi-dropbox-services-api-nar-2.6.0.nar-unpacked]
2025-10-16 10:28:25,687 INFO [main] org.apache.nifi.nar.NarClassLoaders Loaded NAR file: /opt/nifi/nifi-current/./work/nar/extensions/nifi-flow-registry-client-nar-2.6.0.nar-unpacked as class loader org.apache.nifi.nar.NarClassLoader[./work/nar/extensions/nifi-flow-registry-client-nar-2.6.0.nar-unpacked]
2025-10-16 10:28:25,688 INFO [main] org.apache.nifi.nar.NarClassLoaders Loaded NAR file: /opt/nifi/nifi-current/./work/nar/extensions/nifi-azure-services-api-nar-2.6.0.nar-unpacked as class loader org.apache.nifi.nar.NarClassLoader[./work/nar/extensions/nifi-azure-services-api-nar-2.6.0.nar-unpacked]
2025-10-16 10:28:25,691 INFO [main] org.apache.nifi.nar.NarClassLoaders Loaded NAR file: /opt/nifi/nifi-current/./work/nar/extensions/nifi-dropbox-services-nar-2.6.0.nar-unpacked as class loader org.apache.nifi.nar.NarClassLoader[./work/nar/extensions/nifi-dropbox-services-nar-2.6.0.nar-unpacked]
2025-10-16 10:28:25,691 INFO [main] org.apache.nifi.nar.NarClassLoaders Loaded NAR file: /opt/nifi/nifi-current/./work/nar/extensions/nifi-apicurio-nar-2.6.0.nar-unpacked as class loader org.apache.nifi.nar.NarClassLoader[./work/nar/extensions/nifi-apicurio-nar-2.6.0.nar-unpacked]
2025-10-16 10:28:25,692 INFO [main] org.apache.nifi.nar.NarClassLoaders Loaded NAR file: /opt/nifi/nifi-current/./work/nar/extensions/nifi-hubspot-nar-2.6.0.nar-unpacked as class loader org.apache.nifi.nar.NarClassLoader[./work/nar/extensions/nifi-hubspot-nar-2.6.0.nar-unpacked]
2025-10-16 10:28:25,692 INFO [main] org.apache.nifi.nar.NarClassLoaders Loaded NAR file: /opt/nifi/nifi-current/./work/nar/extensions/nifi-smb-client-api-nar-2.6.0.nar-unpacked as class loader org.apache.nifi.nar.NarClassLoader[./work/nar/extensions/nifi-smb-client-api-nar-2.6.0.nar-unpacked]
2025-10-16 10:28:25,692 INFO [main] org.apache.nifi.nar.NarClassLoaders Loaded NAR file: /opt/nifi/nifi-current/./work/nar/extensions/nifi-record-sink-service-nar-2.6.0.nar-unpacked as class loader org.apache.nifi.nar.NarClassLoader[./work/nar/extensions/nifi-record-sink-service-nar-2.6.0.nar-unpacked]
2025-10-16 10:28:25,693 INFO [main] org.apache.nifi.nar.NarClassLoaders Loaded NAR file: /opt/nifi/nifi-current/./work/nar/extensions/nifi-gitlab-nar-2.6.0.nar-unpacked as class loader org.apache.nifi.nar.NarClassLoader[./work/nar/extensions/nifi-gitlab-nar-2.6.0.nar-unpacked]
2025-10-16 10:28:25,694 INFO [main] org.apache.nifi.nar.NarClassLoaders Loaded NAR file: /opt/nifi/nifi-current/./work/nar/extensions/nifi-box-nar-2.6.0.nar-unpacked as class loader org.apache.nifi.nar.NarClassLoader[./work/nar/extensions/nifi-box-nar-2.6.0.nar-unpacked]
2025-10-16 10:28:25,694 INFO [main] org.apache.nifi.nar.NarClassLoaders Loaded NAR file: /opt/nifi/nifi-current/./work/nar/extensions/nifi-scripting-nar-2.6.0.nar-unpacked as class loader org.apache.nifi.nar.NarClassLoader[./work/nar/extensions/nifi-scripting-nar-2.6.0.nar-unpacked]
2025-10-16 10:28:25,697 INFO [main] org.apache.nifi.nar.NarClassLoaders Loaded NAR file: /opt/nifi/nifi-current/./work/nar/extensions/nifi-asana-processors-nar-2.6.0.nar-unpacked as class loader org.apache.nifi.nar.NarClassLoader[./work/nar/extensions/nifi-asana-processors-nar-2.6.0.nar-unpacked]
2025-10-16 10:28:25,697 INFO [main] org.apache.nifi.nar.NarClassLoaders Loaded NAR file: /opt/nifi/nifi-current/./work/nar/extensions/nifi-atlassian-nar-2.6.0.nar-unpacked as class loader org.apache.nifi.nar.NarClassLoader[./work/nar/extensions/nifi-atlassian-nar-2.6.0.nar-unpacked]
2025-10-16 10:28:25,698 INFO [main] org.apache.nifi.nar.NarClassLoaders Loaded NAR file: /opt/nifi/nifi-current/./work/nar/extensions/nifi-jms-processors-nar-2.6.0.nar-unpacked as class loader org.apache.nifi.nar.NarClassLoader[./work/nar/extensions/nifi-jms-processors-nar-2.6.0.nar-unpacked]
2025-10-16 10:28:25,698 INFO [main] org.apache.nifi.nar.NarClassLoaders Loaded NAR file: /opt/nifi/nifi-current/./work/nar/extensions/nifi-record-serialization-services-nar-2.6.0.nar-unpacked as class loader org.apache.nifi.nar.NarClassLoader[./work/nar/extensions/nifi-record-serialization-services-nar-2.6.0.nar-unpacked]
2025-10-16 10:28:25,699 INFO [main] org.apache.nifi.nar.NarClassLoaders Loaded NAR file: /opt/nifi/nifi-current/./work/nar/extensions/nifi-elasticsearch-client-service-nar-2.6.0.nar-unpacked as class loader org.apache.nifi.nar.NarClassLoader[./work/nar/extensions/nifi-elasticsearch-client-service-nar-2.6.0.nar-unpacked]
2025-10-16 10:28:25,700 INFO [main] org.apache.nifi.nar.NarClassLoaders Loaded NAR file: /opt/nifi/nifi-current/./work/nar/extensions/nifi-redis-service-api-nar-2.6.0.nar-unpacked as class loader org.apache.nifi.nar.NarClassLoader[./work/nar/extensions/nifi-redis-service-api-nar-2.6.0.nar-unpacked]
2025-10-16 10:28:25,701 INFO [main] org.apache.nifi.nar.NarClassLoaders Loaded NAR file: /opt/nifi/nifi-current/./work/nar/extensions/nifi-smb-smbj-client-nar-2.6.0.nar-unpacked as class loader org.apache.nifi.nar.NarClassLoader[./work/nar/extensions/nifi-smb-smbj-client-nar-2.6.0.nar-unpacked]
2025-10-16 10:28:25,702 INFO [main] org.apache.nifi.nar.NarClassLoaders Loaded NAR file: /opt/nifi/nifi-current/./work/nar/extensions/nifi-pgp-nar-2.6.0.nar-unpacked as class loader org.apache.nifi.nar.NarClassLoader[./work/nar/extensions/nifi-pgp-nar-2.6.0.nar-unpacked]
2025-10-16 10:28:25,702 INFO [main] org.apache.nifi.nar.NarClassLoaders Loaded NAR file: /opt/nifi/nifi-current/./work/nar/extensions/nifi-smb-nar-2.6.0.nar-unpacked as class loader org.apache.nifi.nar.NarClassLoader[./work/nar/extensions/nifi-smb-nar-2.6.0.nar-unpacked]
2025-10-16 10:28:25,702 INFO [main] org.apache.nifi.nar.NarClassLoaders Loaded NAR file: /opt/nifi/nifi-current/./work/nar/extensions/nifi-mongodb-services-nar-2.6.0.nar-unpacked as class loader org.apache.nifi.nar.NarClassLoader[./work/nar/extensions/nifi-mongodb-services-nar-2.6.0.nar-unpacked]
2025-10-16 10:28:25,703 INFO [main] org.apache.nifi.nar.NarClassLoaders Loaded NAR file: /opt/nifi/nifi-current/./work/nar/extensions/nifi-websocket-processors-nar-2.6.0.nar-unpacked as class loader org.apache.nifi.nar.NarClassLoader[./work/nar/extensions/nifi-websocket-processors-nar-2.6.0.nar-unpacked]
2025-10-16 10:28:25,703 INFO [main] org.apache.nifi.nar.NarClassLoaders Loaded NAR file: /opt/nifi/nifi-current/./work/nar/extensions/nifi-dropbox-processors-nar-2.6.0.nar-unpacked as class loader org.apache.nifi.nar.NarClassLoader[./work/nar/extensions/nifi-dropbox-processors-nar-2.6.0.nar-unpacked]
2025-10-16 10:28:25,704 INFO [main] org.apache.nifi.nar.NarClassLoaders Loaded NAR file: /opt/nifi/nifi-current/./work/nar/extensions/nifi-websocket-services-jetty-nar-2.6.0.nar-unpacked as class loader org.apache.nifi.nar.NarClassLoader[./work/nar/extensions/nifi-websocket-services-jetty-nar-2.6.0.nar-unpacked]
2025-10-16 10:28:25,704 INFO [main] org.apache.nifi.nar.NarClassLoaders Loaded NAR file: /opt/nifi/nifi-current/./work/nar/extensions/nifi-box-services-nar-2.6.0.nar-unpacked as class loader org.apache.nifi.nar.NarClassLoader[./work/nar/extensions/nifi-box-services-nar-2.6.0.nar-unpacked]
2025-10-16 10:28:25,705 INFO [main] org.apache.nifi.nar.NarClassLoaders Loaded NAR file: /opt/nifi/nifi-current/./work/nar/extensions/nifi-aws-nar-2.6.0.nar-unpacked as class loader org.apache.nifi.nar.NarClassLoader[./work/nar/extensions/nifi-aws-nar-2.6.0.nar-unpacked]
2025-10-16 10:28:25,711 INFO [main] org.apache.nifi.nar.NarClassLoaders Loaded NAR file: /opt/nifi/nifi-current/./work/nar/extensions/nifi-elasticsearch-restapi-nar-2.6.0.nar-unpacked as class loader org.apache.nifi.nar.NarClassLoader[./work/nar/extensions/nifi-elasticsearch-restapi-nar-2.6.0.nar-unpacked]
2025-10-16 10:28:25,712 INFO [main] org.apache.nifi.nar.NarClassLoaders Loaded NAR file: /opt/nifi/nifi-current/./work/nar/extensions/nifi-azure-nar-2.6.0.nar-unpacked as class loader org.apache.nifi.nar.NarClassLoader[./work/nar/extensions/nifi-azure-nar-2.6.0.nar-unpacked]
2025-10-16 10:28:25,718 INFO [main] org.apache.nifi.nar.NarClassLoaders Loaded NAR file: /opt/nifi/nifi-current/./work/nar/extensions/nifi-redis-nar-2.6.0.nar-unpacked as class loader org.apache.nifi.nar.NarClassLoader[./work/nar/extensions/nifi-redis-nar-2.6.0.nar-unpacked]
2025-10-16 10:28:25,719 INFO [main] org.apache.nifi.nar.NarClassLoaders Found NiFiServer implementation org.apache.nifi.web.server.JettyServer in org.apache.nifi:nifi-server-nar:2.6.0
2025-10-16 10:28:25,720 INFO [main] o.a.nifi.properties.NiFiPropertiesLoader Loading Application Properties [/opt/nifi/nifi-current/conf/nifi.properties]
2025-10-16 10:28:25,766 ERROR [main] org.apache.nifi.web.server.JettyServer Failed to start Server
java.lang.IllegalStateException: Invalid port configuration in nifi.properties: Both nifi.web.https.port and nifi.web.http.port specified
	at org.apache.nifi.web.server.connector.FrameworkServerConnectorFactory.getPort(FrameworkServerConnectorFactory.java:156)
	at org.apache.nifi.web.server.connector.FrameworkServerConnectorFactory.<init>(FrameworkServerConnectorFactory.java:68)
	at org.apache.nifi.web.server.StandardServerProvider.addConnectors(StandardServerProvider.java:96)
	at org.apache.nifi.web.server.StandardServerProvider.getServer(StandardServerProvider.java:69)
	at org.apache.nifi.web.server.JettyServer.init(JettyServer.java:215)
	at org.apache.nifi.web.server.JettyServer.initialize(JettyServer.java:988)
	at org.apache.nifi.runtime.Application.startServer(Application.java:126)
	at org.apache.nifi.runtime.Application.run(Application.java:78)
	at org.apache.nifi.runtime.Application.run(Application.java:60)
	at org.apache.nifi.NiFi.main(NiFi.java:42)
2025-10-16 10:29:26,389 INFO [main] org.apache.nifi.runtime.Application Starting NiFi 2.6.0 using Java 21.0.8+12-LTS with PID 46
2025-10-16 10:29:26,391 INFO [main] o.apache.nifi.runtime.PropertiesProvider Loading Application Properties [/opt/nifi/nifi-current/conf/nifi.properties]
2025-10-16 10:29:26,396 INFO [main] org.apache.nifi.nar.NarUnpacker Expanding 112 NAR files started
2025-10-16 10:29:26,894 INFO [main] org.apache.nifi.nar.NarUnpacker Expanded 112 NAR files in 0.497 seconds (497997000 ns)
2025-10-16 10:29:27,134 INFO [main] org.apache.nifi.nar.NarClassLoaders Loaded NAR file: /opt/nifi/nifi-current/./work/nar/extensions/nifi-jetty-nar-2.6.0.nar-unpacked as class loader org.apache.nifi.nar.NarClassLoader[./work/nar/extensions/nifi-jetty-nar-2.6.0.nar-unpacked]
2025-10-16 10:29:27,137 INFO [main] org.apache.nifi.nar.NarClassLoaders Loaded NAR file: /opt/nifi/nifi-current/./work/nar/framework/nifi-framework-nar-2.6.0.nar-unpacked as class loader org.apache.nifi.nar.NarClassLoader[./work/nar/framework/nifi-framework-nar-2.6.0.nar-unpacked]
2025-10-16 10:29:27,187 INFO [main] org.apache.nifi.nar.NarClassLoaders Loaded NAR file: /opt/nifi/nifi-current/./work/nar/extensions/nifi-provenance-repository-nar-2.6.0.nar-unpacked as class loader org.apache.nifi.nar.NarClassLoader[./work/nar/extensions/nifi-provenance-repository-nar-2.6.0.nar-unpacked]
2025-10-16 10:29:27,188 INFO [main] org.apache.nifi.nar.NarClassLoaders Loaded NAR file: /opt/nifi/nifi-current/./work/nar/extensions/nifi-hl7-nar-2.6.0.nar-unpacked as class loader org.apache.nifi.nar.NarClassLoader[./work/nar/extensions/nifi-hl7-nar-2.6.0.nar-unpacked]
2025-10-16 10:29:27,200 INFO [main] org.apache.nifi.nar.NarClassLoaders Loaded NAR file: /opt/nifi/nifi-current/./work/nar/extensions/nifi-compress-nar-2.6.0.nar-unpacked as class loader org.apache.nifi.nar.NarClassLoader[./work/nar/extensions/nifi-compress-nar-2.6.0.nar-unpacked]
2025-10-16 10:29:27,201 INFO [main] org.apache.nifi.nar.NarClassLoaders Loaded NAR file: /opt/nifi/nifi-current/./work/nar/extensions/nifi-update-attribute-nar-2.6.0.nar-unpacked as class loader org.apache.nifi.nar.NarClassLoader[./work/nar/extensions/nifi-update-attribute-nar-2.6.0.nar-unpacked]
2025-10-16 10:29:27,202 INFO [main] org.apache.nifi.nar.NarClassLoaders Loaded NAR file: /opt/nifi/nifi-current/./work/nar/extensions/nifi-ldap-iaa-providers-nar-2.6.0.nar-unpacked as class loader org.apache.nifi.nar.NarClassLoader[./work/nar/extensions/nifi-ldap-iaa-providers-nar-2.6.0.nar-unpacked]
2025-10-16 10:29:27,204 INFO [main] org.apache.nifi.nar.NarClassLoaders Loaded NAR file: /opt/nifi/nifi-current/./work/nar/extensions/nifi-single-user-iaa-providers-nar-2.6.0.nar-unpacked as class loader org.apache.nifi.nar.NarClassLoader[./work/nar/extensions/nifi-single-user-iaa-providers-nar-2.6.0.nar-unpacked]
2025-10-16 10:29:27,204 INFO [main] org.apache.nifi.nar.NarClassLoaders Loaded NAR file: /opt/nifi/nifi-current/./work/nar/extensions/nifi-framework-kubernetes-nar-2.6.0.nar-unpacked as class loader org.apache.nifi.nar.NarClassLoader[./work/nar/extensions/nifi-framework-kubernetes-nar-2.6.0.nar-unpacked]
2025-10-16 10:29:27,206 INFO [main] org.apache.nifi.nar.NarClassLoaders Loaded NAR file: /opt/nifi/nifi-current/./work/nar/extensions/nifi-server-nar-2.6.0.nar-unpacked as class loader org.apache.nifi.nar.NarClassLoader[./work/nar/extensions/nifi-server-nar-2.6.0.nar-unpacked]
2025-10-16 10:29:27,215 INFO [main] org.apache.nifi.nar.NarClassLoaders Loaded NAR file: /opt/nifi/nifi-current/./work/nar/extensions/nifi-standard-services-api-nar-2.6.0.nar-unpacked as class loader org.apache.nifi.nar.NarClassLoader[./work/nar/extensions/nifi-standard-services-api-nar-2.6.0.nar-unpacked]
2025-10-16 10:29:27,216 INFO [main] org.apache.nifi.nar.NarClassLoaders Loaded NAR file: /opt/nifi/nifi-current/./work/nar/extensions/nifi-email-nar-2.6.0.nar-unpacked as class loader org.apache.nifi.nar.NarClassLoader[./work/nar/extensions/nifi-email-nar-2.6.0.nar-unpacked]
2025-10-16 10:29:27,217 INFO [main] org.apache.nifi.nar.NarClassLoaders Loaded NAR file: /opt/nifi/nifi-current/./work/nar/extensions/nifi-dbcp-service-nar-2.6.0.nar-unpacked as class loader org.apache.nifi.nar.NarClassLoader[./work/nar/extensions/nifi-dbcp-service-nar-2.6.0.nar-unpacked]
2025-10-16 10:29:27,218 INFO [main] org.apache.nifi.nar.NarClassLoaders Loaded NAR file: /opt/nifi/nifi-current/./work/nar/extensions/nifi-kerberos-iaa-providers-nar-2.6.0.nar-unpacked as class loader org.apache.nifi.nar.NarClassLoader[./work/nar/extensions/nifi-kerberos-iaa-providers-nar-2.6.0.nar-unpacked]
2025-10-16 10:29:27,219 INFO [main] org.apache.nifi.nar.NarClassLoaders Loaded NAR file: /opt/nifi/nifi-current/./work/nar/extensions/nifi-evtx-nar-2.6.0.nar-unpacked as class loader org.apache.nifi.nar.NarClassLoader[./work/nar/extensions/nifi-evtx-nar-2.6.0.nar-unpacked]
2025-10-16 10:29:27,220 INFO [main] org.apache.nifi.nar.NarClassLoaders Loaded NAR file: /opt/nifi/nifi-current/./work/nar/extensions/nifi-stateful-analysis-nar-2.6.0.nar-unpacked as class loader org.apache.nifi.nar.NarClassLoader[./work/nar/extensions/nifi-stateful-analysis-nar-2.6.0.nar-unpacked]
2025-10-16 10:29:27,220 INFO [main] org.apache.nifi.nar.NarClassLoaders Loaded NAR file: /opt/nifi/nifi-current/./work/nar/extensions/nifi-file-resource-service-nar-2.6.0.nar-unpacked as class loader org.apache.nifi.nar.NarClassLoader[./work/nar/extensions/nifi-file-resource-service-nar-2.6.0.nar-unpacked]
2025-10-16 10:29:27,221 INFO [main] org.apache.nifi.nar.NarClassLoaders Loaded NAR file: /opt/nifi/nifi-current/./work/nar/extensions/nifi-standard-shared-nar-2.6.0.nar-unpacked as class loader org.apache.nifi.nar.NarClassLoader[./work/nar/extensions/nifi-standard-shared-nar-2.6.0.nar-unpacked]
2025-10-16 10:29:27,227 INFO [main] org.apache.nifi.nar.NarClassLoaders Loaded NAR file: /opt/nifi/nifi-current/./work/nar/extensions/nifi-gcp-services-api-nar-2.6.0.nar-unpacked as class loader org.apache.nifi.nar.NarClassLoader[./work/nar/extensions/nifi-gcp-services-api-nar-2.6.0.nar-unpacked]
2025-10-16 10:29:27,228 INFO [main] org.apache.nifi.nar.NarClassLoaders Loaded NAR file: /opt/nifi/nifi-current/./work/nar/extensions/nifi-database-dialect-service-nar-2.6.0.nar-unpacked as class loader org.apache.nifi.nar.NarClassLoader[./work/nar/extensions/nifi-database-dialect-service-nar-2.6.0.nar-unpacked]
2025-10-16 10:29:27,228 INFO [main] org.apache.nifi.nar.NarClassLoaders Loaded NAR file: /opt/nifi/nifi-current/./work/nar/extensions/nifi-poi-nar-2.6.0.nar-unpacked as class loader org.apache.nifi.nar.NarClassLoader[./work/nar/extensions/nifi-poi-nar-2.6.0.nar-unpacked]
2025-10-16 10:29:27,230 INFO [main] org.apache.nifi.nar.NarClassLoaders Loaded NAR file: /opt/nifi/nifi-current/./work/nar/extensions/nifi-key-service-nar-2.6.0.nar-unpacked as class loader org.apache.nifi.nar.NarClassLoader[./work/nar/extensions/nifi-key-service-nar-2.6.0.nar-unpacked]
2025-10-16 10:29:27,230 INFO [main] org.apache.nifi.nar.NarClassLoaders Loaded NAR file: /opt/nifi/nifi-current/./work/nar/extensions/nifi-asana-services-api-nar-2.6.0.nar-unpacked as class loader org.apache.nifi.nar.NarClassLoader[./work/nar/extensions/nifi-asana-services-api-nar-2.6.0.nar-unpacked]
2025-10-16 10:29:27,248 INFO [main] org.apache.nifi.nar.NarClassLoaders Loaded NAR file: /opt/nifi/nifi-current/./work/nar/extensions/nifi-snmp-nar-2.6.0.nar-unpacked as class loader org.apache.nifi.nar.NarClassLoader[./work/nar/extensions/nifi-snmp-nar-2.6.0.nar-unpacked]
2025-10-16 10:29:27,249 INFO [main] org.apache.nifi.nar.NarClassLoaders Loaded NAR file: /opt/nifi/nifi-current/./work/nar/extensions/nifi-framework-zookeeper-nar-2.6.0.nar-unpacked as class loader org.apache.nifi.nar.NarClassLoader[./work/nar/extensions/nifi-framework-zookeeper-nar-2.6.0.nar-unpacked]
2025-10-16 10:29:27,251 INFO [main] org.apache.nifi.nar.NarClassLoaders Loaded NAR file: /opt/nifi/nifi-current/./work/nar/extensions/nifi-ssl-context-service-nar-2.6.0.nar-unpacked as class loader org.apache.nifi.nar.NarClassLoader[./work/nar/extensions/nifi-ssl-context-service-nar-2.6.0.nar-unpacked]
2025-10-16 10:29:27,251 INFO [main] org.apache.nifi.nar.NarClassLoaders Loaded NAR file: /opt/nifi/nifi-current/./work/nar/extensions/nifi-web-client-provider-service-nar-2.6.0.nar-unpacked as class loader org.apache.nifi.nar.NarClassLoader[./work/nar/extensions/nifi-web-client-provider-service-nar-2.6.0.nar-unpacked]
2025-10-16 10:29:27,251 INFO [main] org.apache.nifi.nar.NarClassLoaders Loaded NAR file: /opt/nifi/nifi-current/./work/nar/extensions/nifi-network-processors-nar-2.6.0.nar-unpacked as class loader org.apache.nifi.nar.NarClassLoader[./work/nar/extensions/nifi-network-processors-nar-2.6.0.nar-unpacked]
2025-10-16 10:29:27,252 INFO [main] org.apache.nifi.nar.NarClassLoaders Loaded NAR file: /opt/nifi/nifi-current/./work/nar/extensions/nifi-kafka-service-api-nar-2.6.0.nar-unpacked as class loader org.apache.nifi.nar.NarClassLoader[./work/nar/extensions/nifi-kafka-service-api-nar-2.6.0.nar-unpacked]
2025-10-16 10:29:27,252 INFO [main] org.apache.nifi.nar.NarClassLoaders Loaded NAR file: /opt/nifi/nifi-current/./work/nar/extensions/nifi-windows-event-log-nar-2.6.0.nar-unpacked as class loader org.apache.nifi.nar.NarClassLoader[./work/nar/extensions/nifi-windows-event-log-nar-2.6.0.nar-unpacked]
2025-10-16 10:29:27,253 INFO [main] org.apache.nifi.nar.NarClassLoaders Loaded NAR file: /opt/nifi/nifi-current/./work/nar/extensions/nifi-gcp-nar-2.6.0.nar-unpacked as class loader org.apache.nifi.nar.NarClassLoader[./work/nar/extensions/nifi-gcp-nar-2.6.0.nar-unpacked]
2025-10-16 10:29:27,256 INFO [main] org.apache.nifi.nar.NarClassLoaders Loaded NAR file: /opt/nifi/nifi-current/./work/nar/extensions/nifi-hashicorp-vault-client-service-api-nar-2.6.0.nar-unpacked as class loader org.apache.nifi.nar.NarClassLoader[./work/nar/extensions/nifi-hashicorp-vault-client-service-api-nar-2.6.0.nar-unpacked]
2025-10-16 10:29:27,257 INFO [main] org.apache.nifi.nar.NarClassLoaders Loaded NAR file: /opt/nifi/nifi-current/./work/nar/extensions/nifi-registry-nar-2.6.0.nar-unpacked as class loader org.apache.nifi.nar.NarClassLoader[./work/nar/extensions/nifi-registry-nar-2.6.0.nar-unpacked]
2025-10-16 10:29:27,258 INFO [main] org.apache.nifi.nar.NarClassLoaders Loaded NAR file: /opt/nifi/nifi-current/./work/nar/extensions/nifi-protobuf-services-nar-2.6.0.nar-unpacked as class loader org.apache.nifi.nar.NarClassLoader[./work/nar/extensions/nifi-protobuf-services-nar-2.6.0.nar-unpacked]
2025-10-16 10:29:27,258 INFO [main] org.apache.nifi.nar.NarClassLoaders Loaded NAR file: /opt/nifi/nifi-current/./work/nar/extensions/nifi-asana-services-nar-2.6.0.nar-unpacked as class loader org.apache.nifi.nar.NarClassLoader[./work/nar/extensions/nifi-asana-services-nar-2.6.0.nar-unpacked]
2025-10-16 10:29:27,259 INFO [main] org.apache.nifi.nar.NarClassLoaders Loaded NAR file: /opt/nifi/nifi-current/./work/nar/extensions/nifi-site-to-site-reporting-nar-2.6.0.nar-unpacked as class loader org.apache.nifi.nar.NarClassLoader[./work/nar/extensions/nifi-site-to-site-reporting-nar-2.6.0.nar-unpacked]
2025-10-16 10:29:27,260 INFO [main] org.apache.nifi.nar.NarClassLoaders Loaded NAR file: /opt/nifi/nifi-current/./work/nar/extensions/nifi-zendesk-nar-2.6.0.nar-unpacked as class loader org.apache.nifi.nar.NarClassLoader[./work/nar/extensions/nifi-zendesk-nar-2.6.0.nar-unpacked]
2025-10-16 10:29:27,260 INFO [main] org.apache.nifi.nar.NarClassLoaders Loaded NAR file: /opt/nifi/nifi-current/./work/nar/extensions/nifi-cipher-nar-2.6.0.nar-unpacked as class loader org.apache.nifi.nar.NarClassLoader[./work/nar/extensions/nifi-cipher-nar-2.6.0.nar-unpacked]
2025-10-16 10:29:27,261 INFO [main] org.apache.nifi.nar.NarClassLoaders Loaded NAR file: /opt/nifi/nifi-current/./work/nar/extensions/nifi-jms-cf-service-nar-2.6.0.nar-unpacked as class loader org.apache.nifi.nar.NarClassLoader[./work/nar/extensions/nifi-jms-cf-service-nar-2.6.0.nar-unpacked]
2025-10-16 10:29:27,261 INFO [main] org.apache.nifi.nar.NarClassLoaders Loaded NAR file: /opt/nifi/nifi-current/./work/nar/extensions/nifi-jolt-nar-2.6.0.nar-unpacked as class loader org.apache.nifi.nar.NarClassLoader[./work/nar/extensions/nifi-jolt-nar-2.6.0.nar-unpacked]
2025-10-16 10:29:27,262 INFO [main] org.apache.nifi.nar.NarClassLoaders Loaded NAR file: /opt/nifi/nifi-current/./work/nar/extensions/nifi-hazelcast-services-api-nar-2.6.0.nar-unpacked as class loader org.apache.nifi.nar.NarClassLoader[./work/nar/extensions/nifi-hazelcast-services-api-nar-2.6.0.nar-unpacked]
2025-10-16 10:29:27,262 INFO [main] org.apache.nifi.nar.NarClassLoaders Loaded NAR file: /opt/nifi/nifi-current/./work/nar/extensions/nifi-pgp-service-api-nar-2.6.0.nar-unpacked as class loader org.apache.nifi.nar.NarClassLoader[./work/nar/extensions/nifi-pgp-service-api-nar-2.6.0.nar-unpacked]
2025-10-16 10:29:27,262 INFO [main] org.apache.nifi.nar.NarClassLoaders Loaded NAR file: /opt/nifi/nifi-current/./work/nar/extensions/nifi-proxy-configuration-nar-2.6.0.nar-unpacked as class loader org.apache.nifi.nar.NarClassLoader[./work/nar/extensions/nifi-proxy-configuration-nar-2.6.0.nar-unpacked]
2025-10-16 10:29:27,263 INFO [main] org.apache.nifi.nar.NarClassLoaders Loaded NAR file: /opt/nifi/nifi-current/./work/nar/extensions/nifi-airtable-nar-2.6.0.nar-unpacked as class loader org.apache.nifi.nar.NarClassLoader[./work/nar/extensions/nifi-airtable-nar-2.6.0.nar-unpacked]
2025-10-16 10:29:27,263 INFO [main] org.apache.nifi.nar.NarClassLoaders Loaded NAR file: /opt/nifi/nifi-current/./work/nar/extensions/nifi-github-nar-2.6.0.nar-unpacked as class loader org.apache.nifi.nar.NarClassLoader[./work/nar/extensions/nifi-github-nar-2.6.0.nar-unpacked]
2025-10-16 10:29:27,264 INFO [main] org.apache.nifi.nar.NarClassLoaders Loaded NAR file: /opt/nifi/nifi-current/./work/nar/extensions/nifi-oauth2-provider-nar-2.6.0.nar-unpacked as class loader org.apache.nifi.nar.NarClassLoader[./work/nar/extensions/nifi-oauth2-provider-nar-2.6.0.nar-unpacked]
2025-10-16 10:29:27,264 INFO [main] org.apache.nifi.nar.NarClassLoaders Loaded NAR file: /opt/nifi/nifi-current/./work/nar/extensions/nifi-workday-processors-nar-2.6.0.nar-unpacked as class loader org.apache.nifi.nar.NarClassLoader[./work/nar/extensions/nifi-workday-processors-nar-2.6.0.nar-unpacked]
2025-10-16 10:29:27,264 INFO [main] org.apache.nifi.nar.NarClassLoaders Loaded NAR file: /opt/nifi/nifi-current/./work/nar/extensions/nifi-mongodb-client-service-api-nar-2.6.0.nar-unpacked as class loader org.apache.nifi.nar.NarClassLoader[./work/nar/extensions/nifi-mongodb-client-service-api-nar-2.6.0.nar-unpacked]
2025-10-16 10:29:27,265 INFO [main] org.apache.nifi.nar.NarClassLoaders Loaded NAR file: /opt/nifi/nifi-current/./work/nar/extensions/nifi-groovyx-nar-2.6.0.nar-unpacked as class loader org.apache.nifi.nar.NarClassLoader[./work/nar/extensions/nifi-groovyx-nar-2.6.0.nar-unpacked]
2025-10-16 10:29:27,267 INFO [main] org.apache.nifi.nar.NarClassLoaders Loaded NAR file: /opt/nifi/nifi-current/./work/nar/extensions/nifi-hazelcast-services-nar-2.6.0.nar-unpacked as class loader org.apache.nifi.nar.NarClassLoader[./work/nar/extensions/nifi-hazelcast-services-nar-2.6.0.nar-unpacked]
2025-10-16 10:29:27,268 INFO [main] org.apache.nifi.nar.NarClassLoaders Loaded NAR file: /opt/nifi/nifi-current/./work/nar/extensions/nifi-mqtt-nar-2.6.0.nar-unpacked as class loader org.apache.nifi.nar.NarClassLoader[./work/nar/extensions/nifi-mqtt-nar-2.6.0.nar-unpacked]
2025-10-16 10:29:27,269 INFO [main] org.apache.nifi.nar.NarClassLoaders Loaded NAR file: /opt/nifi/nifi-current/./work/nar/extensions/nifi-cdc-mysql-nar-2.6.0.nar-unpacked as class loader org.apache.nifi.nar.NarClassLoader[./work/nar/extensions/nifi-cdc-mysql-nar-2.6.0.nar-unpacked]
2025-10-16 10:29:27,269 INFO [main] org.apache.nifi.nar.NarClassLoaders Loaded NAR file: /opt/nifi/nifi-current/./work/nar/extensions/nifi-jslt-nar-2.6.0.nar-unpacked as class loader org.apache.nifi.nar.NarClassLoader[./work/nar/extensions/nifi-jslt-nar-2.6.0.nar-unpacked]
2025-10-16 10:29:27,269 INFO [main] org.apache.nifi.nar.NarClassLoaders Loaded NAR file: /opt/nifi/nifi-current/./work/nar/extensions/nifi-kafka-nar-2.6.0.nar-unpacked as class loader org.apache.nifi.nar.NarClassLoader[./work/nar/extensions/nifi-kafka-nar-2.6.0.nar-unpacked]
2025-10-16 10:29:27,270 INFO [main] org.apache.nifi.nar.NarClassLoaders Loaded NAR file: /opt/nifi/nifi-current/./work/nar/extensions/nifi-mongodb-nar-2.6.0.nar-unpacked as class loader org.apache.nifi.nar.NarClassLoader[./work/nar/extensions/nifi-mongodb-nar-2.6.0.nar-unpacked]
2025-10-16 10:29:27,270 INFO [main] org.apache.nifi.nar.NarClassLoaders Loaded NAR file: /opt/nifi/nifi-current/./work/nar/extensions/nifi-pgp-service-nar-2.6.0.nar-unpacked as class loader org.apache.nifi.nar.NarClassLoader[./work/nar/extensions/nifi-pgp-service-nar-2.6.0.nar-unpacked]
2025-10-16 10:29:27,270 INFO [main] org.apache.nifi.nar.NarClassLoaders Loaded NAR file: /opt/nifi/nifi-current/./work/nar/extensions/nifi-standard-content-viewer-nar-2.6.0.nar-unpacked as class loader org.apache.nifi.nar.NarClassLoader[./work/nar/extensions/nifi-standard-content-viewer-nar-2.6.0.nar-unpacked]
2025-10-16 10:29:27,271 INFO [main] org.apache.nifi.nar.NarClassLoaders Loaded NAR file: /opt/nifi/nifi-current/./work/nar/extensions/nifi-standard-nar-2.6.0.nar-unpacked as class loader org.apache.nifi.nar.NarClassLoader[./work/nar/extensions/nifi-standard-nar-2.6.0.nar-unpacked]
2025-10-16 10:29:27,277 INFO [main] org.apache.nifi.nar.NarClassLoaders Loaded NAR file: /opt/nifi/nifi-current/./work/nar/extensions/nifi-box-services-api-nar-2.6.0.nar-unpacked as class loader org.apache.nifi.nar.NarClassLoader[./work/nar/extensions/nifi-box-services-api-nar-2.6.0.nar-unpacked]
2025-10-16 10:29:27,278 INFO [main] org.apache.nifi.nar.NarClassLoaders Loaded NAR file: /opt/nifi/nifi-current/./work/nar/extensions/nifi-http-context-map-nar-2.6.0.nar-unpacked as class loader org.apache.nifi.nar.NarClassLoader[./work/nar/extensions/nifi-http-context-map-nar-2.6.0.nar-unpacked]
2025-10-16 10:29:27,278 INFO [main] org.apache.nifi.nar.NarClassLoaders Loaded NAR file: /opt/nifi/nifi-current/./work/nar/extensions/nifi-avro-nar-2.6.0.nar-unpacked as class loader org.apache.nifi.nar.NarClassLoader[./work/nar/extensions/nifi-avro-nar-2.6.0.nar-unpacked]
2025-10-16 10:29:27,278 INFO [main] org.apache.nifi.nar.NarClassLoaders Loaded NAR file: /opt/nifi/nifi-current/./work/nar/extensions/nifi-enrich-nar-2.6.0.nar-unpacked as class loader org.apache.nifi.nar.NarClassLoader[./work/nar/extensions/nifi-enrich-nar-2.6.0.nar-unpacked]
2025-10-16 10:29:27,279 INFO [main] org.apache.nifi.nar.NarClassLoaders Loaded NAR file: /opt/nifi/nifi-current/./work/nar/extensions/nifi-lookup-services-nar-2.6.0.nar-unpacked as class loader org.apache.nifi.nar.NarClassLoader[./work/nar/extensions/nifi-lookup-services-nar-2.6.0.nar-unpacked]
2025-10-16 10:29:27,280 INFO [main] org.apache.nifi.nar.NarClassLoaders Loaded NAR file: /opt/nifi/nifi-current/./work/nar/extensions/nifi-splunk-nar-2.6.0.nar-unpacked as class loader org.apache.nifi.nar.NarClassLoader[./work/nar/extensions/nifi-splunk-nar-2.6.0.nar-unpacked]
2025-10-16 10:29:27,280 INFO [main] org.apache.nifi.nar.NarClassLoaders Loaded NAR file: /opt/nifi/nifi-current/./work/nar/extensions/nifi-zendesk-services-nar-2.6.0.nar-unpacked as class loader org.apache.nifi.nar.NarClassLoader[./work/nar/extensions/nifi-zendesk-services-nar-2.6.0.nar-unpacked]
2025-10-16 10:29:27,280 INFO [main] org.apache.nifi.nar.NarClassLoaders Loaded NAR file: /opt/nifi/nifi-current/./work/nar/extensions/nifi-hashicorp-vault-nar-2.6.0.nar-unpacked as class loader org.apache.nifi.nar.NarClassLoader[./work/nar/extensions/nifi-hashicorp-vault-nar-2.6.0.nar-unpacked]
2025-10-16 10:29:27,281 INFO [main] org.apache.nifi.nar.NarClassLoaders Loaded NAR file: /opt/nifi/nifi-current/./work/nar/extensions/nifi-distributed-cache-services-nar-2.6.0.nar-unpacked as class loader org.apache.nifi.nar.NarClassLoader[./work/nar/extensions/nifi-distributed-cache-services-nar-2.6.0.nar-unpacked]
2025-10-16 10:29:27,282 INFO [main] org.apache.nifi.nar.NarClassLoaders Loaded NAR file: /opt/nifi/nifi-current/./work/nar/extensions/nifi-slack-nar-2.6.0.nar-unpacked as class loader org.apache.nifi.nar.NarClassLoader[./work/nar/extensions/nifi-slack-nar-2.6.0.nar-unpacked]
2025-10-16 10:29:27,302 INFO [main] org.apache.nifi.nar.NarClassLoaders Loaded NAR file: /opt/nifi/nifi-current/./work/nar/extensions/nifi-kafka-3-service-nar-2.6.0.nar-unpacked as class loader org.apache.nifi.nar.NarClassLoader[./work/nar/extensions/nifi-kafka-3-service-nar-2.6.0.nar-unpacked]
2025-10-16 10:29:27,303 INFO [main] org.apache.nifi.nar.NarClassLoaders Loaded NAR file: /opt/nifi/nifi-current/./work/nar/extensions/nifi-kerberos-user-service-nar-2.6.0.nar-unpacked as class loader org.apache.nifi.nar.NarClassLoader[./work/nar/extensions/nifi-kerberos-user-service-nar-2.6.0.nar-unpacked]
2025-10-16 10:29:27,304 INFO [main] org.apache.nifi.nar.NarClassLoaders Loaded NAR file: /opt/nifi/nifi-current/./work/nar/extensions/nifi-confluent-platform-nar-2.6.0.nar-unpacked as class loader org.apache.nifi.nar.NarClassLoader[./work/nar/extensions/nifi-confluent-platform-nar-2.6.0.nar-unpacked]
2025-10-16 10:29:27,305 INFO [main] org.apache.nifi.nar.NarClassLoaders Loaded NAR file: /opt/nifi/nifi-current/./work/nar/extensions/nifi-social-media-nar-2.6.0.nar-unpacked as class loader org.apache.nifi.nar.NarClassLoader[./work/nar/extensions/nifi-social-media-nar-2.6.0.nar-unpacked]
2025-10-16 10:29:27,306 INFO [main] org.apache.nifi.nar.NarClassLoaders Loaded NAR file: /opt/nifi/nifi-current/./work/nar/extensions/nifi-opentelemetry-nar-2.6.0.nar-unpacked as class loader org.apache.nifi.nar.NarClassLoader[./work/nar/extensions/nifi-opentelemetry-nar-2.6.0.nar-unpacked]
2025-10-16 10:29:27,306 INFO [main] org.apache.nifi.nar.NarClassLoaders Loaded NAR file: /opt/nifi/nifi-current/./work/nar/extensions/nifi-elasticsearch-client-service-api-nar-2.6.0.nar-unpacked as class loader org.apache.nifi.nar.NarClassLoader[./work/nar/extensions/nifi-elasticsearch-client-service-api-nar-2.6.0.nar-unpacked]
2025-10-16 10:29:27,307 INFO [main] org.apache.nifi.nar.NarClassLoaders Loaded NAR file: /opt/nifi/nifi-current/./work/nar/extensions/nifi-py4j-nar-2.6.0.nar-unpacked as class loader org.apache.nifi.nar.NarClassLoader[./work/nar/extensions/nifi-py4j-nar-2.6.0.nar-unpacked]
2025-10-16 10:29:27,307 INFO [main] org.apache.nifi.nar.NarClassLoaders Loaded NAR file: /opt/nifi/nifi-current/./work/nar/extensions/nifi-amqp-nar-2.6.0.nar-unpacked as class loader org.apache.nifi.nar.NarClassLoader[./work/nar/extensions/nifi-amqp-nar-2.6.0.nar-unpacked]
2025-10-16 10:29:27,308 INFO [main] org.apache.nifi.nar.NarClassLoaders Loaded NAR file: /opt/nifi/nifi-current/./work/nar/extensions/nifi-salesforce-nar-2.6.0.nar-unpacked as class loader org.apache.nifi.nar.NarClassLoader[./work/nar/extensions/nifi-salesforce-nar-2.6.0.nar-unpacked]
2025-10-16 10:29:27,308 INFO [main] org.apache.nifi.nar.NarClassLoaders Loaded NAR file: /opt/nifi/nifi-current/./work/nar/extensions/nifi-websocket-services-api-nar-2.6.0.nar-unpacked as class loader org.apache.nifi.nar.NarClassLoader[./work/nar/extensions/nifi-websocket-services-api-nar-2.6.0.nar-unpacked]
2025-10-16 10:29:27,309 INFO [main] org.apache.nifi.nar.NarClassLoaders Loaded NAR file: /opt/nifi/nifi-current/./work/nar/extensions/nifi-shopify-nar-2.6.0.nar-unpacked as class loader org.apache.nifi.nar.NarClassLoader[./work/nar/extensions/nifi-shopify-nar-2.6.0.nar-unpacked]
2025-10-16 10:29:27,309 INFO [main] org.apache.nifi.nar.NarClassLoaders Loaded NAR file: /opt/nifi/nifi-current/./work/nar/extensions/nifi-geohash-nar-2.6.0.nar-unpacked as class loader org.apache.nifi.nar.NarClassLoader[./work/nar/extensions/nifi-geohash-nar-2.6.0.nar-unpacked]
2025-10-16 10:29:27,309 INFO [main] org.apache.nifi.nar.NarClassLoaders Loaded NAR file: /opt/nifi/nifi-current/./work/nar/extensions/nifi-aws-service-api-nar-2.6.0.nar-unpacked as class loader org.apache.nifi.nar.NarClassLoader[./work/nar/extensions/nifi-aws-service-api-nar-2.6.0.nar-unpacked]
2025-10-16 10:29:27,311 INFO [main] org.apache.nifi.nar.NarClassLoaders Loaded NAR file: /opt/nifi/nifi-current/./work/nar/extensions/nifi-kafka-service-aws-nar-2.6.0.nar-unpacked as class loader org.apache.nifi.nar.NarClassLoader[./work/nar/extensions/nifi-kafka-service-aws-nar-2.6.0.nar-unpacked]
2025-10-16 10:29:27,312 INFO [main] org.apache.nifi.nar.NarClassLoaders Loaded NAR file: /opt/nifi/nifi-current/./work/nar/extensions/nifi-db-schema-registry-service-nar-2.6.0.nar-unpacked as class loader org.apache.nifi.nar.NarClassLoader[./work/nar/extensions/nifi-db-schema-registry-service-nar-2.6.0.nar-unpacked]
2025-10-16 10:29:27,313 INFO [main] org.apache.nifi.nar.NarClassLoaders Loaded NAR file: /opt/nifi/nifi-current/./work/nar/extensions/nifi-dropbox-services-api-nar-2.6.0.nar-unpacked as class loader org.apache.nifi.nar.NarClassLoader[./work/nar/extensions/nifi-dropbox-services-api-nar-2.6.0.nar-unpacked]
2025-10-16 10:29:27,313 INFO [main] org.apache.nifi.nar.NarClassLoaders Loaded NAR file: /opt/nifi/nifi-current/./work/nar/extensions/nifi-flow-registry-client-nar-2.6.0.nar-unpacked as class loader org.apache.nifi.nar.NarClassLoader[./work/nar/extensions/nifi-flow-registry-client-nar-2.6.0.nar-unpacked]
2025-10-16 10:29:27,314 INFO [main] org.apache.nifi.nar.NarClassLoaders Loaded NAR file: /opt/nifi/nifi-current/./work/nar/extensions/nifi-azure-services-api-nar-2.6.0.nar-unpacked as class loader org.apache.nifi.nar.NarClassLoader[./work/nar/extensions/nifi-azure-services-api-nar-2.6.0.nar-unpacked]
2025-10-16 10:29:27,318 INFO [main] org.apache.nifi.nar.NarClassLoaders Loaded NAR file: /opt/nifi/nifi-current/./work/nar/extensions/nifi-dropbox-services-nar-2.6.0.nar-unpacked as class loader org.apache.nifi.nar.NarClassLoader[./work/nar/extensions/nifi-dropbox-services-nar-2.6.0.nar-unpacked]
2025-10-16 10:29:27,318 INFO [main] org.apache.nifi.nar.NarClassLoaders Loaded NAR file: /opt/nifi/nifi-current/./work/nar/extensions/nifi-apicurio-nar-2.6.0.nar-unpacked as class loader org.apache.nifi.nar.NarClassLoader[./work/nar/extensions/nifi-apicurio-nar-2.6.0.nar-unpacked]
2025-10-16 10:29:27,318 INFO [main] org.apache.nifi.nar.NarClassLoaders Loaded NAR file: /opt/nifi/nifi-current/./work/nar/extensions/nifi-hubspot-nar-2.6.0.nar-unpacked as class loader org.apache.nifi.nar.NarClassLoader[./work/nar/extensions/nifi-hubspot-nar-2.6.0.nar-unpacked]
2025-10-16 10:29:27,318 INFO [main] org.apache.nifi.nar.NarClassLoaders Loaded NAR file: /opt/nifi/nifi-current/./work/nar/extensions/nifi-smb-client-api-nar-2.6.0.nar-unpacked as class loader org.apache.nifi.nar.NarClassLoader[./work/nar/extensions/nifi-smb-client-api-nar-2.6.0.nar-unpacked]
2025-10-16 10:29:27,319 INFO [main] org.apache.nifi.nar.NarClassLoaders Loaded NAR file: /opt/nifi/nifi-current/./work/nar/extensions/nifi-record-sink-service-nar-2.6.0.nar-unpacked as class loader org.apache.nifi.nar.NarClassLoader[./work/nar/extensions/nifi-record-sink-service-nar-2.6.0.nar-unpacked]
2025-10-16 10:29:27,319 INFO [main] org.apache.nifi.nar.NarClassLoaders Loaded NAR file: /opt/nifi/nifi-current/./work/nar/extensions/nifi-gitlab-nar-2.6.0.nar-unpacked as class loader org.apache.nifi.nar.NarClassLoader[./work/nar/extensions/nifi-gitlab-nar-2.6.0.nar-unpacked]
2025-10-16 10:29:27,320 INFO [main] org.apache.nifi.nar.NarClassLoaders Loaded NAR file: /opt/nifi/nifi-current/./work/nar/extensions/nifi-box-nar-2.6.0.nar-unpacked as class loader org.apache.nifi.nar.NarClassLoader[./work/nar/extensions/nifi-box-nar-2.6.0.nar-unpacked]
2025-10-16 10:29:27,321 INFO [main] org.apache.nifi.nar.NarClassLoaders Loaded NAR file: /opt/nifi/nifi-current/./work/nar/extensions/nifi-scripting-nar-2.6.0.nar-unpacked as class loader org.apache.nifi.nar.NarClassLoader[./work/nar/extensions/nifi-scripting-nar-2.6.0.nar-unpacked]
2025-10-16 10:29:27,323 INFO [main] org.apache.nifi.nar.NarClassLoaders Loaded NAR file: /opt/nifi/nifi-current/./work/nar/extensions/nifi-asana-processors-nar-2.6.0.nar-unpacked as class loader org.apache.nifi.nar.NarClassLoader[./work/nar/extensions/nifi-asana-processors-nar-2.6.0.nar-unpacked]
2025-10-16 10:29:27,323 INFO [main] org.apache.nifi.nar.NarClassLoaders Loaded NAR file: /opt/nifi/nifi-current/./work/nar/extensions/nifi-atlassian-nar-2.6.0.nar-unpacked as class loader org.apache.nifi.nar.NarClassLoader[./work/nar/extensions/nifi-atlassian-nar-2.6.0.nar-unpacked]
2025-10-16 10:29:27,324 INFO [main] org.apache.nifi.nar.NarClassLoaders Loaded NAR file: /opt/nifi/nifi-current/./work/nar/extensions/nifi-jms-processors-nar-2.6.0.nar-unpacked as class loader org.apache.nifi.nar.NarClassLoader[./work/nar/extensions/nifi-jms-processors-nar-2.6.0.nar-unpacked]
2025-10-16 10:29:27,325 INFO [main] org.apache.nifi.nar.NarClassLoaders Loaded NAR file: /opt/nifi/nifi-current/./work/nar/extensions/nifi-record-serialization-services-nar-2.6.0.nar-unpacked as class loader org.apache.nifi.nar.NarClassLoader[./work/nar/extensions/nifi-record-serialization-services-nar-2.6.0.nar-unpacked]
2025-10-16 10:29:27,326 INFO [main] org.apache.nifi.nar.NarClassLoaders Loaded NAR file: /opt/nifi/nifi-current/./work/nar/extensions/nifi-elasticsearch-client-service-nar-2.6.0.nar-unpacked as class loader org.apache.nifi.nar.NarClassLoader[./work/nar/extensions/nifi-elasticsearch-client-service-nar-2.6.0.nar-unpacked]
2025-10-16 10:29:27,327 INFO [main] org.apache.nifi.nar.NarClassLoaders Loaded NAR file: /opt/nifi/nifi-current/./work/nar/extensions/nifi-redis-service-api-nar-2.6.0.nar-unpacked as class loader org.apache.nifi.nar.NarClassLoader[./work/nar/extensions/nifi-redis-service-api-nar-2.6.0.nar-unpacked]
2025-10-16 10:29:27,328 INFO [main] org.apache.nifi.nar.NarClassLoaders Loaded NAR file: /opt/nifi/nifi-current/./work/nar/extensions/nifi-smb-smbj-client-nar-2.6.0.nar-unpacked as class loader org.apache.nifi.nar.NarClassLoader[./work/nar/extensions/nifi-smb-smbj-client-nar-2.6.0.nar-unpacked]
2025-10-16 10:29:27,329 INFO [main] org.apache.nifi.nar.NarClassLoaders Loaded NAR file: /opt/nifi/nifi-current/./work/nar/extensions/nifi-pgp-nar-2.6.0.nar-unpacked as class loader org.apache.nifi.nar.NarClassLoader[./work/nar/extensions/nifi-pgp-nar-2.6.0.nar-unpacked]
2025-10-16 10:29:27,329 INFO [main] org.apache.nifi.nar.NarClassLoaders Loaded NAR file: /opt/nifi/nifi-current/./work/nar/extensions/nifi-smb-nar-2.6.0.nar-unpacked as class loader org.apache.nifi.nar.NarClassLoader[./work/nar/extensions/nifi-smb-nar-2.6.0.nar-unpacked]
2025-10-16 10:29:27,329 INFO [main] org.apache.nifi.nar.NarClassLoaders Loaded NAR file: /opt/nifi/nifi-current/./work/nar/extensions/nifi-mongodb-services-nar-2.6.0.nar-unpacked as class loader org.apache.nifi.nar.NarClassLoader[./work/nar/extensions/nifi-mongodb-services-nar-2.6.0.nar-unpacked]
2025-10-16 10:29:27,329 INFO [main] org.apache.nifi.nar.NarClassLoaders Loaded NAR file: /opt/nifi/nifi-current/./work/nar/extensions/nifi-websocket-processors-nar-2.6.0.nar-unpacked as class loader org.apache.nifi.nar.NarClassLoader[./work/nar/extensions/nifi-websocket-processors-nar-2.6.0.nar-unpacked]
2025-10-16 10:29:27,330 INFO [main] org.apache.nifi.nar.NarClassLoaders Loaded NAR file: /opt/nifi/nifi-current/./work/nar/extensions/nifi-dropbox-processors-nar-2.6.0.nar-unpacked as class loader org.apache.nifi.nar.NarClassLoader[./work/nar/extensions/nifi-dropbox-processors-nar-2.6.0.nar-unpacked]
2025-10-16 10:29:27,330 INFO [main] org.apache.nifi.nar.NarClassLoaders Loaded NAR file: /opt/nifi/nifi-current/./work/nar/extensions/nifi-websocket-services-jetty-nar-2.6.0.nar-unpacked as class loader org.apache.nifi.nar.NarClassLoader[./work/nar/extensions/nifi-websocket-services-jetty-nar-2.6.0.nar-unpacked]
2025-10-16 10:29:27,331 INFO [main] org.apache.nifi.nar.NarClassLoaders Loaded NAR file: /opt/nifi/nifi-current/./work/nar/extensions/nifi-box-services-nar-2.6.0.nar-unpacked as class loader org.apache.nifi.nar.NarClassLoader[./work/nar/extensions/nifi-box-services-nar-2.6.0.nar-unpacked]
2025-10-16 10:29:27,332 INFO [main] org.apache.nifi.nar.NarClassLoaders Loaded NAR file: /opt/nifi/nifi-current/./work/nar/extensions/nifi-aws-nar-2.6.0.nar-unpacked as class loader org.apache.nifi.nar.NarClassLoader[./work/nar/extensions/nifi-aws-nar-2.6.0.nar-unpacked]
2025-10-16 10:29:27,338 INFO [main] org.apache.nifi.nar.NarClassLoaders Loaded NAR file: /opt/nifi/nifi-current/./work/nar/extensions/nifi-elasticsearch-restapi-nar-2.6.0.nar-unpacked as class loader org.apache.nifi.nar.NarClassLoader[./work/nar/extensions/nifi-elasticsearch-restapi-nar-2.6.0.nar-unpacked]
2025-10-16 10:29:27,339 INFO [main] org.apache.nifi.nar.NarClassLoaders Loaded NAR file: /opt/nifi/nifi-current/./work/nar/extensions/nifi-azure-nar-2.6.0.nar-unpacked as class loader org.apache.nifi.nar.NarClassLoader[./work/nar/extensions/nifi-azure-nar-2.6.0.nar-unpacked]
2025-10-16 10:29:27,345 INFO [main] org.apache.nifi.nar.NarClassLoaders Loaded NAR file: /opt/nifi/nifi-current/./work/nar/extensions/nifi-redis-nar-2.6.0.nar-unpacked as class loader org.apache.nifi.nar.NarClassLoader[./work/nar/extensions/nifi-redis-nar-2.6.0.nar-unpacked]
2025-10-16 10:29:27,345 INFO [main] org.apache.nifi.nar.NarClassLoaders Found NiFiServer implementation org.apache.nifi.web.server.JettyServer in org.apache.nifi:nifi-server-nar:2.6.0
2025-10-16 10:29:27,347 INFO [main] o.a.nifi.properties.NiFiPropertiesLoader Loading Application Properties [/opt/nifi/nifi-current/conf/nifi.properties]
2025-10-16 10:29:27,389 ERROR [main] org.apache.nifi.web.server.JettyServer Failed to start Server
java.lang.IllegalStateException: Invalid port configuration in nifi.properties: Both nifi.web.https.port and nifi.web.http.port specified
	at org.apache.nifi.web.server.connector.FrameworkServerConnectorFactory.getPort(FrameworkServerConnectorFactory.java:156)
	at org.apache.nifi.web.server.connector.FrameworkServerConnectorFactory.<init>(FrameworkServerConnectorFactory.java:68)
	at org.apache.nifi.web.server.StandardServerProvider.addConnectors(StandardServerProvider.java:96)
	at org.apache.nifi.web.server.StandardServerProvider.getServer(StandardServerProvider.java:69)
	at org.apache.nifi.web.server.JettyServer.init(JettyServer.java:215)
	at org.apache.nifi.web.server.JettyServer.initialize(JettyServer.java:988)
	at org.apache.nifi.runtime.Application.startServer(Application.java:126)
	at org.apache.nifi.runtime.Application.run(Application.java:78)
	at org.apache.nifi.runtime.Application.run(Application.java:60)
	at org.apache.nifi.NiFi.main(NiFi.java:42)
2025-10-16 10:30:28,058 INFO [main] org.apache.nifi.runtime.Application Starting NiFi 2.6.0 using Java 21.0.8+12-LTS with PID 46
2025-10-16 10:30:28,060 INFO [main] o.apache.nifi.runtime.PropertiesProvider Loading Application Properties [/opt/nifi/nifi-current/conf/nifi.properties]
2025-10-16 10:30:28,064 INFO [main] org.apache.nifi.nar.NarUnpacker Expanding 112 NAR files started
2025-10-16 10:30:28,568 INFO [main] org.apache.nifi.nar.NarUnpacker Expanded 112 NAR files in 0.503 seconds (503099542 ns)
2025-10-16 10:30:28,823 INFO [main] org.apache.nifi.nar.NarClassLoaders Loaded NAR file: /opt/nifi/nifi-current/./work/nar/extensions/nifi-jetty-nar-2.6.0.nar-unpacked as class loader org.apache.nifi.nar.NarClassLoader[./work/nar/extensions/nifi-jetty-nar-2.6.0.nar-unpacked]
2025-10-16 10:30:28,826 INFO [main] org.apache.nifi.nar.NarClassLoaders Loaded NAR file: /opt/nifi/nifi-current/./work/nar/framework/nifi-framework-nar-2.6.0.nar-unpacked as class loader org.apache.nifi.nar.NarClassLoader[./work/nar/framework/nifi-framework-nar-2.6.0.nar-unpacked]
2025-10-16 10:30:28,890 INFO [main] org.apache.nifi.nar.NarClassLoaders Loaded NAR file: /opt/nifi/nifi-current/./work/nar/extensions/nifi-provenance-repository-nar-2.6.0.nar-unpacked as class loader org.apache.nifi.nar.NarClassLoader[./work/nar/extensions/nifi-provenance-repository-nar-2.6.0.nar-unpacked]
2025-10-16 10:30:28,892 INFO [main] org.apache.nifi.nar.NarClassLoaders Loaded NAR file: /opt/nifi/nifi-current/./work/nar/extensions/nifi-hl7-nar-2.6.0.nar-unpacked as class loader org.apache.nifi.nar.NarClassLoader[./work/nar/extensions/nifi-hl7-nar-2.6.0.nar-unpacked]
2025-10-16 10:30:28,912 INFO [main] org.apache.nifi.nar.NarClassLoaders Loaded NAR file: /opt/nifi/nifi-current/./work/nar/extensions/nifi-compress-nar-2.6.0.nar-unpacked as class loader org.apache.nifi.nar.NarClassLoader[./work/nar/extensions/nifi-compress-nar-2.6.0.nar-unpacked]
2025-10-16 10:30:28,914 INFO [main] org.apache.nifi.nar.NarClassLoaders Loaded NAR file: /opt/nifi/nifi-current/./work/nar/extensions/nifi-update-attribute-nar-2.6.0.nar-unpacked as class loader org.apache.nifi.nar.NarClassLoader[./work/nar/extensions/nifi-update-attribute-nar-2.6.0.nar-unpacked]
2025-10-16 10:30:28,915 INFO [main] org.apache.nifi.nar.NarClassLoaders Loaded NAR file: /opt/nifi/nifi-current/./work/nar/extensions/nifi-ldap-iaa-providers-nar-2.6.0.nar-unpacked as class loader org.apache.nifi.nar.NarClassLoader[./work/nar/extensions/nifi-ldap-iaa-providers-nar-2.6.0.nar-unpacked]
2025-10-16 10:30:28,916 INFO [main] org.apache.nifi.nar.NarClassLoaders Loaded NAR file: /opt/nifi/nifi-current/./work/nar/extensions/nifi-single-user-iaa-providers-nar-2.6.0.nar-unpacked as class loader org.apache.nifi.nar.NarClassLoader[./work/nar/extensions/nifi-single-user-iaa-providers-nar-2.6.0.nar-unpacked]
2025-10-16 10:30:28,917 INFO [main] org.apache.nifi.nar.NarClassLoaders Loaded NAR file: /opt/nifi/nifi-current/./work/nar/extensions/nifi-framework-kubernetes-nar-2.6.0.nar-unpacked as class loader org.apache.nifi.nar.NarClassLoader[./work/nar/extensions/nifi-framework-kubernetes-nar-2.6.0.nar-unpacked]
2025-10-16 10:30:28,919 INFO [main] org.apache.nifi.nar.NarClassLoaders Loaded NAR file: /opt/nifi/nifi-current/./work/nar/extensions/nifi-server-nar-2.6.0.nar-unpacked as class loader org.apache.nifi.nar.NarClassLoader[./work/nar/extensions/nifi-server-nar-2.6.0.nar-unpacked]
2025-10-16 10:30:28,928 INFO [main] org.apache.nifi.nar.NarClassLoaders Loaded NAR file: /opt/nifi/nifi-current/./work/nar/extensions/nifi-standard-services-api-nar-2.6.0.nar-unpacked as class loader org.apache.nifi.nar.NarClassLoader[./work/nar/extensions/nifi-standard-services-api-nar-2.6.0.nar-unpacked]
2025-10-16 10:30:28,929 INFO [main] org.apache.nifi.nar.NarClassLoaders Loaded NAR file: /opt/nifi/nifi-current/./work/nar/extensions/nifi-email-nar-2.6.0.nar-unpacked as class loader org.apache.nifi.nar.NarClassLoader[./work/nar/extensions/nifi-email-nar-2.6.0.nar-unpacked]
2025-10-16 10:30:28,930 INFO [main] org.apache.nifi.nar.NarClassLoaders Loaded NAR file: /opt/nifi/nifi-current/./work/nar/extensions/nifi-dbcp-service-nar-2.6.0.nar-unpacked as class loader org.apache.nifi.nar.NarClassLoader[./work/nar/extensions/nifi-dbcp-service-nar-2.6.0.nar-unpacked]
2025-10-16 10:30:28,931 INFO [main] org.apache.nifi.nar.NarClassLoaders Loaded NAR file: /opt/nifi/nifi-current/./work/nar/extensions/nifi-kerberos-iaa-providers-nar-2.6.0.nar-unpacked as class loader org.apache.nifi.nar.NarClassLoader[./work/nar/extensions/nifi-kerberos-iaa-providers-nar-2.6.0.nar-unpacked]
2025-10-16 10:30:28,932 INFO [main] org.apache.nifi.nar.NarClassLoaders Loaded NAR file: /opt/nifi/nifi-current/./work/nar/extensions/nifi-evtx-nar-2.6.0.nar-unpacked as class loader org.apache.nifi.nar.NarClassLoader[./work/nar/extensions/nifi-evtx-nar-2.6.0.nar-unpacked]
2025-10-16 10:30:28,933 INFO [main] org.apache.nifi.nar.NarClassLoaders Loaded NAR file: /opt/nifi/nifi-current/./work/nar/extensions/nifi-stateful-analysis-nar-2.6.0.nar-unpacked as class loader org.apache.nifi.nar.NarClassLoader[./work/nar/extensions/nifi-stateful-analysis-nar-2.6.0.nar-unpacked]
2025-10-16 10:30:28,933 INFO [main] org.apache.nifi.nar.NarClassLoaders Loaded NAR file: /opt/nifi/nifi-current/./work/nar/extensions/nifi-file-resource-service-nar-2.6.0.nar-unpacked as class loader org.apache.nifi.nar.NarClassLoader[./work/nar/extensions/nifi-file-resource-service-nar-2.6.0.nar-unpacked]
2025-10-16 10:30:28,934 INFO [main] org.apache.nifi.nar.NarClassLoaders Loaded NAR file: /opt/nifi/nifi-current/./work/nar/extensions/nifi-standard-shared-nar-2.6.0.nar-unpacked as class loader org.apache.nifi.nar.NarClassLoader[./work/nar/extensions/nifi-standard-shared-nar-2.6.0.nar-unpacked]
2025-10-16 10:30:28,940 INFO [main] org.apache.nifi.nar.NarClassLoaders Loaded NAR file: /opt/nifi/nifi-current/./work/nar/extensions/nifi-gcp-services-api-nar-2.6.0.nar-unpacked as class loader org.apache.nifi.nar.NarClassLoader[./work/nar/extensions/nifi-gcp-services-api-nar-2.6.0.nar-unpacked]
2025-10-16 10:30:28,941 INFO [main] org.apache.nifi.nar.NarClassLoaders Loaded NAR file: /opt/nifi/nifi-current/./work/nar/extensions/nifi-database-dialect-service-nar-2.6.0.nar-unpacked as class loader org.apache.nifi.nar.NarClassLoader[./work/nar/extensions/nifi-database-dialect-service-nar-2.6.0.nar-unpacked]
2025-10-16 10:30:28,942 INFO [main] org.apache.nifi.nar.NarClassLoaders Loaded NAR file: /opt/nifi/nifi-current/./work/nar/extensions/nifi-poi-nar-2.6.0.nar-unpacked as class loader org.apache.nifi.nar.NarClassLoader[./work/nar/extensions/nifi-poi-nar-2.6.0.nar-unpacked]
2025-10-16 10:30:28,943 INFO [main] org.apache.nifi.nar.NarClassLoaders Loaded NAR file: /opt/nifi/nifi-current/./work/nar/extensions/nifi-key-service-nar-2.6.0.nar-unpacked as class loader org.apache.nifi.nar.NarClassLoader[./work/nar/extensions/nifi-key-service-nar-2.6.0.nar-unpacked]
2025-10-16 10:30:28,944 INFO [main] org.apache.nifi.nar.NarClassLoaders Loaded NAR file: /opt/nifi/nifi-current/./work/nar/extensions/nifi-asana-services-api-nar-2.6.0.nar-unpacked as class loader org.apache.nifi.nar.NarClassLoader[./work/nar/extensions/nifi-asana-services-api-nar-2.6.0.nar-unpacked]
2025-10-16 10:30:28,964 INFO [main] org.apache.nifi.nar.NarClassLoaders Loaded NAR file: /opt/nifi/nifi-current/./work/nar/extensions/nifi-snmp-nar-2.6.0.nar-unpacked as class loader org.apache.nifi.nar.NarClassLoader[./work/nar/extensions/nifi-snmp-nar-2.6.0.nar-unpacked]
2025-10-16 10:30:28,965 INFO [main] org.apache.nifi.nar.NarClassLoaders Loaded NAR file: /opt/nifi/nifi-current/./work/nar/extensions/nifi-framework-zookeeper-nar-2.6.0.nar-unpacked as class loader org.apache.nifi.nar.NarClassLoader[./work/nar/extensions/nifi-framework-zookeeper-nar-2.6.0.nar-unpacked]
2025-10-16 10:30:28,966 INFO [main] org.apache.nifi.nar.NarClassLoaders Loaded NAR file: /opt/nifi/nifi-current/./work/nar/extensions/nifi-ssl-context-service-nar-2.6.0.nar-unpacked as class loader org.apache.nifi.nar.NarClassLoader[./work/nar/extensions/nifi-ssl-context-service-nar-2.6.0.nar-unpacked]
2025-10-16 10:30:28,967 INFO [main] org.apache.nifi.nar.NarClassLoaders Loaded NAR file: /opt/nifi/nifi-current/./work/nar/extensions/nifi-web-client-provider-service-nar-2.6.0.nar-unpacked as class loader org.apache.nifi.nar.NarClassLoader[./work/nar/extensions/nifi-web-client-provider-service-nar-2.6.0.nar-unpacked]
2025-10-16 10:30:28,967 INFO [main] org.apache.nifi.nar.NarClassLoaders Loaded NAR file: /opt/nifi/nifi-current/./work/nar/extensions/nifi-network-processors-nar-2.6.0.nar-unpacked as class loader org.apache.nifi.nar.NarClassLoader[./work/nar/extensions/nifi-network-processors-nar-2.6.0.nar-unpacked]
2025-10-16 10:30:28,967 INFO [main] org.apache.nifi.nar.NarClassLoaders Loaded NAR file: /opt/nifi/nifi-current/./work/nar/extensions/nifi-kafka-service-api-nar-2.6.0.nar-unpacked as class loader org.apache.nifi.nar.NarClassLoader[./work/nar/extensions/nifi-kafka-service-api-nar-2.6.0.nar-unpacked]
2025-10-16 10:30:28,968 INFO [main] org.apache.nifi.nar.NarClassLoaders Loaded NAR file: /opt/nifi/nifi-current/./work/nar/extensions/nifi-windows-event-log-nar-2.6.0.nar-unpacked as class loader org.apache.nifi.nar.NarClassLoader[./work/nar/extensions/nifi-windows-event-log-nar-2.6.0.nar-unpacked]
2025-10-16 10:30:28,969 INFO [main] org.apache.nifi.nar.NarClassLoaders Loaded NAR file: /opt/nifi/nifi-current/./work/nar/extensions/nifi-gcp-nar-2.6.0.nar-unpacked as class loader org.apache.nifi.nar.NarClassLoader[./work/nar/extensions/nifi-gcp-nar-2.6.0.nar-unpacked]
2025-10-16 10:30:28,973 INFO [main] org.apache.nifi.nar.NarClassLoaders Loaded NAR file: /opt/nifi/nifi-current/./work/nar/extensions/nifi-hashicorp-vault-client-service-api-nar-2.6.0.nar-unpacked as class loader org.apache.nifi.nar.NarClassLoader[./work/nar/extensions/nifi-hashicorp-vault-client-service-api-nar-2.6.0.nar-unpacked]
2025-10-16 10:30:28,973 INFO [main] org.apache.nifi.nar.NarClassLoaders Loaded NAR file: /opt/nifi/nifi-current/./work/nar/extensions/nifi-registry-nar-2.6.0.nar-unpacked as class loader org.apache.nifi.nar.NarClassLoader[./work/nar/extensions/nifi-registry-nar-2.6.0.nar-unpacked]
2025-10-16 10:30:28,974 INFO [main] org.apache.nifi.nar.NarClassLoaders Loaded NAR file: /opt/nifi/nifi-current/./work/nar/extensions/nifi-protobuf-services-nar-2.6.0.nar-unpacked as class loader org.apache.nifi.nar.NarClassLoader[./work/nar/extensions/nifi-protobuf-services-nar-2.6.0.nar-unpacked]
2025-10-16 10:30:28,975 INFO [main] org.apache.nifi.nar.NarClassLoaders Loaded NAR file: /opt/nifi/nifi-current/./work/nar/extensions/nifi-asana-services-nar-2.6.0.nar-unpacked as class loader org.apache.nifi.nar.NarClassLoader[./work/nar/extensions/nifi-asana-services-nar-2.6.0.nar-unpacked]
2025-10-16 10:30:28,976 INFO [main] org.apache.nifi.nar.NarClassLoaders Loaded NAR file: /opt/nifi/nifi-current/./work/nar/extensions/nifi-site-to-site-reporting-nar-2.6.0.nar-unpacked as class loader org.apache.nifi.nar.NarClassLoader[./work/nar/extensions/nifi-site-to-site-reporting-nar-2.6.0.nar-unpacked]
2025-10-16 10:30:28,977 INFO [main] org.apache.nifi.nar.NarClassLoaders Loaded NAR file: /opt/nifi/nifi-current/./work/nar/extensions/nifi-zendesk-nar-2.6.0.nar-unpacked as class loader org.apache.nifi.nar.NarClassLoader[./work/nar/extensions/nifi-zendesk-nar-2.6.0.nar-unpacked]
2025-10-16 10:30:28,977 INFO [main] org.apache.nifi.nar.NarClassLoaders Loaded NAR file: /opt/nifi/nifi-current/./work/nar/extensions/nifi-cipher-nar-2.6.0.nar-unpacked as class loader org.apache.nifi.nar.NarClassLoader[./work/nar/extensions/nifi-cipher-nar-2.6.0.nar-unpacked]
2025-10-16 10:30:28,977 INFO [main] org.apache.nifi.nar.NarClassLoaders Loaded NAR file: /opt/nifi/nifi-current/./work/nar/extensions/nifi-jms-cf-service-nar-2.6.0.nar-unpacked as class loader org.apache.nifi.nar.NarClassLoader[./work/nar/extensions/nifi-jms-cf-service-nar-2.6.0.nar-unpacked]
2025-10-16 10:30:28,978 INFO [main] org.apache.nifi.nar.NarClassLoaders Loaded NAR file: /opt/nifi/nifi-current/./work/nar/extensions/nifi-jolt-nar-2.6.0.nar-unpacked as class loader org.apache.nifi.nar.NarClassLoader[./work/nar/extensions/nifi-jolt-nar-2.6.0.nar-unpacked]
2025-10-16 10:30:28,978 INFO [main] org.apache.nifi.nar.NarClassLoaders Loaded NAR file: /opt/nifi/nifi-current/./work/nar/extensions/nifi-hazelcast-services-api-nar-2.6.0.nar-unpacked as class loader org.apache.nifi.nar.NarClassLoader[./work/nar/extensions/nifi-hazelcast-services-api-nar-2.6.0.nar-unpacked]
2025-10-16 10:30:28,979 INFO [main] org.apache.nifi.nar.NarClassLoaders Loaded NAR file: /opt/nifi/nifi-current/./work/nar/extensions/nifi-pgp-service-api-nar-2.6.0.nar-unpacked as class loader org.apache.nifi.nar.NarClassLoader[./work/nar/extensions/nifi-pgp-service-api-nar-2.6.0.nar-unpacked]
2025-10-16 10:30:28,979 INFO [main] org.apache.nifi.nar.NarClassLoaders Loaded NAR file: /opt/nifi/nifi-current/./work/nar/extensions/nifi-proxy-configuration-nar-2.6.0.nar-unpacked as class loader org.apache.nifi.nar.NarClassLoader[./work/nar/extensions/nifi-proxy-configuration-nar-2.6.0.nar-unpacked]
2025-10-16 10:30:28,979 INFO [main] org.apache.nifi.nar.NarClassLoaders Loaded NAR file: /opt/nifi/nifi-current/./work/nar/extensions/nifi-airtable-nar-2.6.0.nar-unpacked as class loader org.apache.nifi.nar.NarClassLoader[./work/nar/extensions/nifi-airtable-nar-2.6.0.nar-unpacked]
2025-10-16 10:30:28,980 INFO [main] org.apache.nifi.nar.NarClassLoaders Loaded NAR file: /opt/nifi/nifi-current/./work/nar/extensions/nifi-github-nar-2.6.0.nar-unpacked as class loader org.apache.nifi.nar.NarClassLoader[./work/nar/extensions/nifi-github-nar-2.6.0.nar-unpacked]
2025-10-16 10:30:28,981 INFO [main] org.apache.nifi.nar.NarClassLoaders Loaded NAR file: /opt/nifi/nifi-current/./work/nar/extensions/nifi-oauth2-provider-nar-2.6.0.nar-unpacked as class loader org.apache.nifi.nar.NarClassLoader[./work/nar/extensions/nifi-oauth2-provider-nar-2.6.0.nar-unpacked]
2025-10-16 10:30:28,981 INFO [main] org.apache.nifi.nar.NarClassLoaders Loaded NAR file: /opt/nifi/nifi-current/./work/nar/extensions/nifi-workday-processors-nar-2.6.0.nar-unpacked as class loader org.apache.nifi.nar.NarClassLoader[./work/nar/extensions/nifi-workday-processors-nar-2.6.0.nar-unpacked]
2025-10-16 10:30:28,981 INFO [main] org.apache.nifi.nar.NarClassLoaders Loaded NAR file: /opt/nifi/nifi-current/./work/nar/extensions/nifi-mongodb-client-service-api-nar-2.6.0.nar-unpacked as class loader org.apache.nifi.nar.NarClassLoader[./work/nar/extensions/nifi-mongodb-client-service-api-nar-2.6.0.nar-unpacked]
2025-10-16 10:30:28,982 INFO [main] org.apache.nifi.nar.NarClassLoaders Loaded NAR file: /opt/nifi/nifi-current/./work/nar/extensions/nifi-groovyx-nar-2.6.0.nar-unpacked as class loader org.apache.nifi.nar.NarClassLoader[./work/nar/extensions/nifi-groovyx-nar-2.6.0.nar-unpacked]
2025-10-16 10:30:28,984 INFO [main] org.apache.nifi.nar.NarClassLoaders Loaded NAR file: /opt/nifi/nifi-current/./work/nar/extensions/nifi-hazelcast-services-nar-2.6.0.nar-unpacked as class loader org.apache.nifi.nar.NarClassLoader[./work/nar/extensions/nifi-hazelcast-services-nar-2.6.0.nar-unpacked]
2025-10-16 10:30:28,986 INFO [main] org.apache.nifi.nar.NarClassLoaders Loaded NAR file: /opt/nifi/nifi-current/./work/nar/extensions/nifi-mqtt-nar-2.6.0.nar-unpacked as class loader org.apache.nifi.nar.NarClassLoader[./work/nar/extensions/nifi-mqtt-nar-2.6.0.nar-unpacked]
2025-10-16 10:30:28,987 INFO [main] org.apache.nifi.nar.NarClassLoaders Loaded NAR file: /opt/nifi/nifi-current/./work/nar/extensions/nifi-cdc-mysql-nar-2.6.0.nar-unpacked as class loader org.apache.nifi.nar.NarClassLoader[./work/nar/extensions/nifi-cdc-mysql-nar-2.6.0.nar-unpacked]
2025-10-16 10:30:28,987 INFO [main] org.apache.nifi.nar.NarClassLoaders Loaded NAR file: /opt/nifi/nifi-current/./work/nar/extensions/nifi-jslt-nar-2.6.0.nar-unpacked as class loader org.apache.nifi.nar.NarClassLoader[./work/nar/extensions/nifi-jslt-nar-2.6.0.nar-unpacked]
2025-10-16 10:30:28,987 INFO [main] org.apache.nifi.nar.NarClassLoaders Loaded NAR file: /opt/nifi/nifi-current/./work/nar/extensions/nifi-kafka-nar-2.6.0.nar-unpacked as class loader org.apache.nifi.nar.NarClassLoader[./work/nar/extensions/nifi-kafka-nar-2.6.0.nar-unpacked]
2025-10-16 10:30:28,988 INFO [main] org.apache.nifi.nar.NarClassLoaders Loaded NAR file: /opt/nifi/nifi-current/./work/nar/extensions/nifi-mongodb-nar-2.6.0.nar-unpacked as class loader org.apache.nifi.nar.NarClassLoader[./work/nar/extensions/nifi-mongodb-nar-2.6.0.nar-unpacked]
2025-10-16 10:30:28,988 INFO [main] org.apache.nifi.nar.NarClassLoaders Loaded NAR file: /opt/nifi/nifi-current/./work/nar/extensions/nifi-pgp-service-nar-2.6.0.nar-unpacked as class loader org.apache.nifi.nar.NarClassLoader[./work/nar/extensions/nifi-pgp-service-nar-2.6.0.nar-unpacked]
2025-10-16 10:30:28,988 INFO [main] org.apache.nifi.nar.NarClassLoaders Loaded NAR file: /opt/nifi/nifi-current/./work/nar/extensions/nifi-standard-content-viewer-nar-2.6.0.nar-unpacked as class loader org.apache.nifi.nar.NarClassLoader[./work/nar/extensions/nifi-standard-content-viewer-nar-2.6.0.nar-unpacked]
2025-10-16 10:30:28,989 INFO [main] org.apache.nifi.nar.NarClassLoaders Loaded NAR file: /opt/nifi/nifi-current/./work/nar/extensions/nifi-standard-nar-2.6.0.nar-unpacked as class loader org.apache.nifi.nar.NarClassLoader[./work/nar/extensions/nifi-standard-nar-2.6.0.nar-unpacked]
2025-10-16 10:30:28,996 INFO [main] org.apache.nifi.nar.NarClassLoaders Loaded NAR file: /opt/nifi/nifi-current/./work/nar/extensions/nifi-box-services-api-nar-2.6.0.nar-unpacked as class loader org.apache.nifi.nar.NarClassLoader[./work/nar/extensions/nifi-box-services-api-nar-2.6.0.nar-unpacked]
2025-10-16 10:30:28,996 INFO [main] org.apache.nifi.nar.NarClassLoaders Loaded NAR file: /opt/nifi/nifi-current/./work/nar/extensions/nifi-http-context-map-nar-2.6.0.nar-unpacked as class loader org.apache.nifi.nar.NarClassLoader[./work/nar/extensions/nifi-http-context-map-nar-2.6.0.nar-unpacked]
2025-10-16 10:30:28,996 INFO [main] org.apache.nifi.nar.NarClassLoaders Loaded NAR file: /opt/nifi/nifi-current/./work/nar/extensions/nifi-avro-nar-2.6.0.nar-unpacked as class loader org.apache.nifi.nar.NarClassLoader[./work/nar/extensions/nifi-avro-nar-2.6.0.nar-unpacked]
2025-10-16 10:30:28,997 INFO [main] org.apache.nifi.nar.NarClassLoaders Loaded NAR file: /opt/nifi/nifi-current/./work/nar/extensions/nifi-enrich-nar-2.6.0.nar-unpacked as class loader org.apache.nifi.nar.NarClassLoader[./work/nar/extensions/nifi-enrich-nar-2.6.0.nar-unpacked]
2025-10-16 10:30:28,997 INFO [main] org.apache.nifi.nar.NarClassLoaders Loaded NAR file: /opt/nifi/nifi-current/./work/nar/extensions/nifi-lookup-services-nar-2.6.0.nar-unpacked as class loader org.apache.nifi.nar.NarClassLoader[./work/nar/extensions/nifi-lookup-services-nar-2.6.0.nar-unpacked]
2025-10-16 10:30:28,998 INFO [main] org.apache.nifi.nar.NarClassLoaders Loaded NAR file: /opt/nifi/nifi-current/./work/nar/extensions/nifi-splunk-nar-2.6.0.nar-unpacked as class loader org.apache.nifi.nar.NarClassLoader[./work/nar/extensions/nifi-splunk-nar-2.6.0.nar-unpacked]
2025-10-16 10:30:28,999 INFO [main] org.apache.nifi.nar.NarClassLoaders Loaded NAR file: /opt/nifi/nifi-current/./work/nar/extensions/nifi-zendesk-services-nar-2.6.0.nar-unpacked as class loader org.apache.nifi.nar.NarClassLoader[./work/nar/extensions/nifi-zendesk-services-nar-2.6.0.nar-unpacked]
2025-10-16 10:30:28,999 INFO [main] org.apache.nifi.nar.NarClassLoaders Loaded NAR file: /opt/nifi/nifi-current/./work/nar/extensions/nifi-hashicorp-vault-nar-2.6.0.nar-unpacked as class loader org.apache.nifi.nar.NarClassLoader[./work/nar/extensions/nifi-hashicorp-vault-nar-2.6.0.nar-unpacked]
2025-10-16 10:30:29,000 INFO [main] org.apache.nifi.nar.NarClassLoaders Loaded NAR file: /opt/nifi/nifi-current/./work/nar/extensions/nifi-distributed-cache-services-nar-2.6.0.nar-unpacked as class loader org.apache.nifi.nar.NarClassLoader[./work/nar/extensions/nifi-distributed-cache-services-nar-2.6.0.nar-unpacked]
2025-10-16 10:30:29,001 INFO [main] org.apache.nifi.nar.NarClassLoaders Loaded NAR file: /opt/nifi/nifi-current/./work/nar/extensions/nifi-slack-nar-2.6.0.nar-unpacked as class loader org.apache.nifi.nar.NarClassLoader[./work/nar/extensions/nifi-slack-nar-2.6.0.nar-unpacked]
2025-10-16 10:30:29,016 INFO [main] org.apache.nifi.nar.NarClassLoaders Loaded NAR file: /opt/nifi/nifi-current/./work/nar/extensions/nifi-kafka-3-service-nar-2.6.0.nar-unpacked as class loader org.apache.nifi.nar.NarClassLoader[./work/nar/extensions/nifi-kafka-3-service-nar-2.6.0.nar-unpacked]
2025-10-16 10:30:29,016 INFO [main] org.apache.nifi.nar.NarClassLoaders Loaded NAR file: /opt/nifi/nifi-current/./work/nar/extensions/nifi-kerberos-user-service-nar-2.6.0.nar-unpacked as class loader org.apache.nifi.nar.NarClassLoader[./work/nar/extensions/nifi-kerberos-user-service-nar-2.6.0.nar-unpacked]
2025-10-16 10:30:29,017 INFO [main] org.apache.nifi.nar.NarClassLoaders Loaded NAR file: /opt/nifi/nifi-current/./work/nar/extensions/nifi-confluent-platform-nar-2.6.0.nar-unpacked as class loader org.apache.nifi.nar.NarClassLoader[./work/nar/extensions/nifi-confluent-platform-nar-2.6.0.nar-unpacked]
2025-10-16 10:30:29,018 INFO [main] org.apache.nifi.nar.NarClassLoaders Loaded NAR file: /opt/nifi/nifi-current/./work/nar/extensions/nifi-social-media-nar-2.6.0.nar-unpacked as class loader org.apache.nifi.nar.NarClassLoader[./work/nar/extensions/nifi-social-media-nar-2.6.0.nar-unpacked]
2025-10-16 10:30:29,019 INFO [main] org.apache.nifi.nar.NarClassLoaders Loaded NAR file: /opt/nifi/nifi-current/./work/nar/extensions/nifi-opentelemetry-nar-2.6.0.nar-unpacked as class loader org.apache.nifi.nar.NarClassLoader[./work/nar/extensions/nifi-opentelemetry-nar-2.6.0.nar-unpacked]
2025-10-16 10:30:29,020 INFO [main] org.apache.nifi.nar.NarClassLoaders Loaded NAR file: /opt/nifi/nifi-current/./work/nar/extensions/nifi-elasticsearch-client-service-api-nar-2.6.0.nar-unpacked as class loader org.apache.nifi.nar.NarClassLoader[./work/nar/extensions/nifi-elasticsearch-client-service-api-nar-2.6.0.nar-unpacked]
2025-10-16 10:30:29,020 INFO [main] org.apache.nifi.nar.NarClassLoaders Loaded NAR file: /opt/nifi/nifi-current/./work/nar/extensions/nifi-py4j-nar-2.6.0.nar-unpacked as class loader org.apache.nifi.nar.NarClassLoader[./work/nar/extensions/nifi-py4j-nar-2.6.0.nar-unpacked]
2025-10-16 10:30:29,021 INFO [main] org.apache.nifi.nar.NarClassLoaders Loaded NAR file: /opt/nifi/nifi-current/./work/nar/extensions/nifi-amqp-nar-2.6.0.nar-unpacked as class loader org.apache.nifi.nar.NarClassLoader[./work/nar/extensions/nifi-amqp-nar-2.6.0.nar-unpacked]
2025-10-16 10:30:29,022 INFO [main] org.apache.nifi.nar.NarClassLoaders Loaded NAR file: /opt/nifi/nifi-current/./work/nar/extensions/nifi-salesforce-nar-2.6.0.nar-unpacked as class loader org.apache.nifi.nar.NarClassLoader[./work/nar/extensions/nifi-salesforce-nar-2.6.0.nar-unpacked]
2025-10-16 10:30:29,022 INFO [main] org.apache.nifi.nar.NarClassLoaders Loaded NAR file: /opt/nifi/nifi-current/./work/nar/extensions/nifi-websocket-services-api-nar-2.6.0.nar-unpacked as class loader org.apache.nifi.nar.NarClassLoader[./work/nar/extensions/nifi-websocket-services-api-nar-2.6.0.nar-unpacked]
2025-10-16 10:30:29,023 INFO [main] org.apache.nifi.nar.NarClassLoaders Loaded NAR file: /opt/nifi/nifi-current/./work/nar/extensions/nifi-shopify-nar-2.6.0.nar-unpacked as class loader org.apache.nifi.nar.NarClassLoader[./work/nar/extensions/nifi-shopify-nar-2.6.0.nar-unpacked]
2025-10-16 10:30:29,023 INFO [main] org.apache.nifi.nar.NarClassLoaders Loaded NAR file: /opt/nifi/nifi-current/./work/nar/extensions/nifi-geohash-nar-2.6.0.nar-unpacked as class loader org.apache.nifi.nar.NarClassLoader[./work/nar/extensions/nifi-geohash-nar-2.6.0.nar-unpacked]
2025-10-16 10:30:29,023 INFO [main] org.apache.nifi.nar.NarClassLoaders Loaded NAR file: /opt/nifi/nifi-current/./work/nar/extensions/nifi-aws-service-api-nar-2.6.0.nar-unpacked as class loader org.apache.nifi.nar.NarClassLoader[./work/nar/extensions/nifi-aws-service-api-nar-2.6.0.nar-unpacked]
2025-10-16 10:30:29,025 INFO [main] org.apache.nifi.nar.NarClassLoaders Loaded NAR file: /opt/nifi/nifi-current/./work/nar/extensions/nifi-kafka-service-aws-nar-2.6.0.nar-unpacked as class loader org.apache.nifi.nar.NarClassLoader[./work/nar/extensions/nifi-kafka-service-aws-nar-2.6.0.nar-unpacked]
2025-10-16 10:30:29,027 INFO [main] org.apache.nifi.nar.NarClassLoaders Loaded NAR file: /opt/nifi/nifi-current/./work/nar/extensions/nifi-db-schema-registry-service-nar-2.6.0.nar-unpacked as class loader org.apache.nifi.nar.NarClassLoader[./work/nar/extensions/nifi-db-schema-registry-service-nar-2.6.0.nar-unpacked]
2025-10-16 10:30:29,027 INFO [main] org.apache.nifi.nar.NarClassLoaders Loaded NAR file: /opt/nifi/nifi-current/./work/nar/extensions/nifi-dropbox-services-api-nar-2.6.0.nar-unpacked as class loader org.apache.nifi.nar.NarClassLoader[./work/nar/extensions/nifi-dropbox-services-api-nar-2.6.0.nar-unpacked]
2025-10-16 10:30:29,027 INFO [main] org.apache.nifi.nar.NarClassLoaders Loaded NAR file: /opt/nifi/nifi-current/./work/nar/extensions/nifi-flow-registry-client-nar-2.6.0.nar-unpacked as class loader org.apache.nifi.nar.NarClassLoader[./work/nar/extensions/nifi-flow-registry-client-nar-2.6.0.nar-unpacked]
2025-10-16 10:30:29,029 INFO [main] org.apache.nifi.nar.NarClassLoaders Loaded NAR file: /opt/nifi/nifi-current/./work/nar/extensions/nifi-azure-services-api-nar-2.6.0.nar-unpacked as class loader org.apache.nifi.nar.NarClassLoader[./work/nar/extensions/nifi-azure-services-api-nar-2.6.0.nar-unpacked]
2025-10-16 10:30:29,032 INFO [main] org.apache.nifi.nar.NarClassLoaders Loaded NAR file: /opt/nifi/nifi-current/./work/nar/extensions/nifi-dropbox-services-nar-2.6.0.nar-unpacked as class loader org.apache.nifi.nar.NarClassLoader[./work/nar/extensions/nifi-dropbox-services-nar-2.6.0.nar-unpacked]
2025-10-16 10:30:29,032 INFO [main] org.apache.nifi.nar.NarClassLoaders Loaded NAR file: /opt/nifi/nifi-current/./work/nar/extensions/nifi-apicurio-nar-2.6.0.nar-unpacked as class loader org.apache.nifi.nar.NarClassLoader[./work/nar/extensions/nifi-apicurio-nar-2.6.0.nar-unpacked]
2025-10-16 10:30:29,033 INFO [main] org.apache.nifi.nar.NarClassLoaders Loaded NAR file: /opt/nifi/nifi-current/./work/nar/extensions/nifi-hubspot-nar-2.6.0.nar-unpacked as class loader org.apache.nifi.nar.NarClassLoader[./work/nar/extensions/nifi-hubspot-nar-2.6.0.nar-unpacked]
2025-10-16 10:30:29,033 INFO [main] org.apache.nifi.nar.NarClassLoaders Loaded NAR file: /opt/nifi/nifi-current/./work/nar/extensions/nifi-smb-client-api-nar-2.6.0.nar-unpacked as class loader org.apache.nifi.nar.NarClassLoader[./work/nar/extensions/nifi-smb-client-api-nar-2.6.0.nar-unpacked]
2025-10-16 10:30:29,034 INFO [main] org.apache.nifi.nar.NarClassLoaders Loaded NAR file: /opt/nifi/nifi-current/./work/nar/extensions/nifi-record-sink-service-nar-2.6.0.nar-unpacked as class loader org.apache.nifi.nar.NarClassLoader[./work/nar/extensions/nifi-record-sink-service-nar-2.6.0.nar-unpacked]
2025-10-16 10:30:29,034 INFO [main] org.apache.nifi.nar.NarClassLoaders Loaded NAR file: /opt/nifi/nifi-current/./work/nar/extensions/nifi-gitlab-nar-2.6.0.nar-unpacked as class loader org.apache.nifi.nar.NarClassLoader[./work/nar/extensions/nifi-gitlab-nar-2.6.0.nar-unpacked]
2025-10-16 10:30:29,035 INFO [main] org.apache.nifi.nar.NarClassLoaders Loaded NAR file: /opt/nifi/nifi-current/./work/nar/extensions/nifi-box-nar-2.6.0.nar-unpacked as class loader org.apache.nifi.nar.NarClassLoader[./work/nar/extensions/nifi-box-nar-2.6.0.nar-unpacked]
2025-10-16 10:30:29,036 INFO [main] org.apache.nifi.nar.NarClassLoaders Loaded NAR file: /opt/nifi/nifi-current/./work/nar/extensions/nifi-scripting-nar-2.6.0.nar-unpacked as class loader org.apache.nifi.nar.NarClassLoader[./work/nar/extensions/nifi-scripting-nar-2.6.0.nar-unpacked]
2025-10-16 10:30:29,038 INFO [main] org.apache.nifi.nar.NarClassLoaders Loaded NAR file: /opt/nifi/nifi-current/./work/nar/extensions/nifi-asana-processors-nar-2.6.0.nar-unpacked as class loader org.apache.nifi.nar.NarClassLoader[./work/nar/extensions/nifi-asana-processors-nar-2.6.0.nar-unpacked]
2025-10-16 10:30:29,039 INFO [main] org.apache.nifi.nar.NarClassLoaders Loaded NAR file: /opt/nifi/nifi-current/./work/nar/extensions/nifi-atlassian-nar-2.6.0.nar-unpacked as class loader org.apache.nifi.nar.NarClassLoader[./work/nar/extensions/nifi-atlassian-nar-2.6.0.nar-unpacked]
2025-10-16 10:30:29,040 INFO [main] org.apache.nifi.nar.NarClassLoaders Loaded NAR file: /opt/nifi/nifi-current/./work/nar/extensions/nifi-jms-processors-nar-2.6.0.nar-unpacked as class loader org.apache.nifi.nar.NarClassLoader[./work/nar/extensions/nifi-jms-processors-nar-2.6.0.nar-unpacked]
2025-10-16 10:30:29,041 INFO [main] org.apache.nifi.nar.NarClassLoaders Loaded NAR file: /opt/nifi/nifi-current/./work/nar/extensions/nifi-record-serialization-services-nar-2.6.0.nar-unpacked as class loader org.apache.nifi.nar.NarClassLoader[./work/nar/extensions/nifi-record-serialization-services-nar-2.6.0.nar-unpacked]
2025-10-16 10:30:29,042 INFO [main] org.apache.nifi.nar.NarClassLoaders Loaded NAR file: /opt/nifi/nifi-current/./work/nar/extensions/nifi-elasticsearch-client-service-nar-2.6.0.nar-unpacked as class loader org.apache.nifi.nar.NarClassLoader[./work/nar/extensions/nifi-elasticsearch-client-service-nar-2.6.0.nar-unpacked]
2025-10-16 10:30:29,043 INFO [main] org.apache.nifi.nar.NarClassLoaders Loaded NAR file: /opt/nifi/nifi-current/./work/nar/extensions/nifi-redis-service-api-nar-2.6.0.nar-unpacked as class loader org.apache.nifi.nar.NarClassLoader[./work/nar/extensions/nifi-redis-service-api-nar-2.6.0.nar-unpacked]
2025-10-16 10:30:29,044 INFO [main] org.apache.nifi.nar.NarClassLoaders Loaded NAR file: /opt/nifi/nifi-current/./work/nar/extensions/nifi-smb-smbj-client-nar-2.6.0.nar-unpacked as class loader org.apache.nifi.nar.NarClassLoader[./work/nar/extensions/nifi-smb-smbj-client-nar-2.6.0.nar-unpacked]
2025-10-16 10:30:29,044 INFO [main] org.apache.nifi.nar.NarClassLoaders Loaded NAR file: /opt/nifi/nifi-current/./work/nar/extensions/nifi-pgp-nar-2.6.0.nar-unpacked as class loader org.apache.nifi.nar.NarClassLoader[./work/nar/extensions/nifi-pgp-nar-2.6.0.nar-unpacked]
2025-10-16 10:30:29,045 INFO [main] org.apache.nifi.nar.NarClassLoaders Loaded NAR file: /opt/nifi/nifi-current/./work/nar/extensions/nifi-smb-nar-2.6.0.nar-unpacked as class loader org.apache.nifi.nar.NarClassLoader[./work/nar/extensions/nifi-smb-nar-2.6.0.nar-unpacked]
2025-10-16 10:30:29,045 INFO [main] org.apache.nifi.nar.NarClassLoaders Loaded NAR file: /opt/nifi/nifi-current/./work/nar/extensions/nifi-mongodb-services-nar-2.6.0.nar-unpacked as class loader org.apache.nifi.nar.NarClassLoader[./work/nar/extensions/nifi-mongodb-services-nar-2.6.0.nar-unpacked]
2025-10-16 10:30:29,046 INFO [main] org.apache.nifi.nar.NarClassLoaders Loaded NAR file: /opt/nifi/nifi-current/./work/nar/extensions/nifi-websocket-processors-nar-2.6.0.nar-unpacked as class loader org.apache.nifi.nar.NarClassLoader[./work/nar/extensions/nifi-websocket-processors-nar-2.6.0.nar-unpacked]
2025-10-16 10:30:29,046 INFO [main] org.apache.nifi.nar.NarClassLoaders Loaded NAR file: /opt/nifi/nifi-current/./work/nar/extensions/nifi-dropbox-processors-nar-2.6.0.nar-unpacked as class loader org.apache.nifi.nar.NarClassLoader[./work/nar/extensions/nifi-dropbox-processors-nar-2.6.0.nar-unpacked]
2025-10-16 10:30:29,047 INFO [main] org.apache.nifi.nar.NarClassLoaders Loaded NAR file: /opt/nifi/nifi-current/./work/nar/extensions/nifi-websocket-services-jetty-nar-2.6.0.nar-unpacked as class loader org.apache.nifi.nar.NarClassLoader[./work/nar/extensions/nifi-websocket-services-jetty-nar-2.6.0.nar-unpacked]
2025-10-16 10:30:29,048 INFO [main] org.apache.nifi.nar.NarClassLoaders Loaded NAR file: /opt/nifi/nifi-current/./work/nar/extensions/nifi-box-services-nar-2.6.0.nar-unpacked as class loader org.apache.nifi.nar.NarClassLoader[./work/nar/extensions/nifi-box-services-nar-2.6.0.nar-unpacked]
2025-10-16 10:30:29,049 INFO [main] org.apache.nifi.nar.NarClassLoaders Loaded NAR file: /opt/nifi/nifi-current/./work/nar/extensions/nifi-aws-nar-2.6.0.nar-unpacked as class loader org.apache.nifi.nar.NarClassLoader[./work/nar/extensions/nifi-aws-nar-2.6.0.nar-unpacked]
2025-10-16 10:30:29,054 INFO [main] org.apache.nifi.nar.NarClassLoaders Loaded NAR file: /opt/nifi/nifi-current/./work/nar/extensions/nifi-elasticsearch-restapi-nar-2.6.0.nar-unpacked as class loader org.apache.nifi.nar.NarClassLoader[./work/nar/extensions/nifi-elasticsearch-restapi-nar-2.6.0.nar-unpacked]
2025-10-16 10:30:29,055 INFO [main] org.apache.nifi.nar.NarClassLoaders Loaded NAR file: /opt/nifi/nifi-current/./work/nar/extensions/nifi-azure-nar-2.6.0.nar-unpacked as class loader org.apache.nifi.nar.NarClassLoader[./work/nar/extensions/nifi-azure-nar-2.6.0.nar-unpacked]
2025-10-16 10:30:29,061 INFO [main] org.apache.nifi.nar.NarClassLoaders Loaded NAR file: /opt/nifi/nifi-current/./work/nar/extensions/nifi-redis-nar-2.6.0.nar-unpacked as class loader org.apache.nifi.nar.NarClassLoader[./work/nar/extensions/nifi-redis-nar-2.6.0.nar-unpacked]
2025-10-16 10:30:29,062 INFO [main] org.apache.nifi.nar.NarClassLoaders Found NiFiServer implementation org.apache.nifi.web.server.JettyServer in org.apache.nifi:nifi-server-nar:2.6.0
2025-10-16 10:30:29,063 INFO [main] o.a.nifi.properties.NiFiPropertiesLoader Loading Application Properties [/opt/nifi/nifi-current/conf/nifi.properties]
2025-10-16 10:30:29,106 ERROR [main] org.apache.nifi.web.server.JettyServer Failed to start Server
java.lang.IllegalStateException: Invalid port configuration in nifi.properties: Both nifi.web.https.port and nifi.web.http.port specified
	at org.apache.nifi.web.server.connector.FrameworkServerConnectorFactory.getPort(FrameworkServerConnectorFactory.java:156)
	at org.apache.nifi.web.server.connector.FrameworkServerConnectorFactory.<init>(FrameworkServerConnectorFactory.java:68)
	at org.apache.nifi.web.server.StandardServerProvider.addConnectors(StandardServerProvider.java:96)
	at org.apache.nifi.web.server.StandardServerProvider.getServer(StandardServerProvider.java:69)
	at org.apache.nifi.web.server.JettyServer.init(JettyServer.java:215)
	at org.apache.nifi.web.server.JettyServer.initialize(JettyServer.java:988)
	at org.apache.nifi.runtime.Application.startServer(Application.java:126)
	at org.apache.nifi.runtime.Application.run(Application.java:78)
	at org.apache.nifi.runtime.Application.run(Application.java:60)
	at org.apache.nifi.NiFi.main(NiFi.java:42)
2025-10-16 10:31:29,716 INFO [main] org.apache.nifi.runtime.Application Starting NiFi 2.6.0 using Java 21.0.8+12-LTS with PID 46
2025-10-16 10:31:29,718 INFO [main] o.apache.nifi.runtime.PropertiesProvider Loading Application Properties [/opt/nifi/nifi-current/conf/nifi.properties]
2025-10-16 10:31:29,722 INFO [main] org.apache.nifi.nar.NarUnpacker Expanding 112 NAR files started
2025-10-16 10:31:30,222 INFO [main] org.apache.nifi.nar.NarUnpacker Expanded 112 NAR files in 0.499 seconds (499565667 ns)
2025-10-16 10:31:30,456 INFO [main] org.apache.nifi.nar.NarClassLoaders Loaded NAR file: /opt/nifi/nifi-current/./work/nar/extensions/nifi-jetty-nar-2.6.0.nar-unpacked as class loader org.apache.nifi.nar.NarClassLoader[./work/nar/extensions/nifi-jetty-nar-2.6.0.nar-unpacked]
2025-10-16 10:31:30,459 INFO [main] org.apache.nifi.nar.NarClassLoaders Loaded NAR file: /opt/nifi/nifi-current/./work/nar/framework/nifi-framework-nar-2.6.0.nar-unpacked as class loader org.apache.nifi.nar.NarClassLoader[./work/nar/framework/nifi-framework-nar-2.6.0.nar-unpacked]
2025-10-16 10:31:30,517 INFO [main] org.apache.nifi.nar.NarClassLoaders Loaded NAR file: /opt/nifi/nifi-current/./work/nar/extensions/nifi-provenance-repository-nar-2.6.0.nar-unpacked as class loader org.apache.nifi.nar.NarClassLoader[./work/nar/extensions/nifi-provenance-repository-nar-2.6.0.nar-unpacked]
2025-10-16 10:31:30,519 INFO [main] org.apache.nifi.nar.NarClassLoaders Loaded NAR file: /opt/nifi/nifi-current/./work/nar/extensions/nifi-hl7-nar-2.6.0.nar-unpacked as class loader org.apache.nifi.nar.NarClassLoader[./work/nar/extensions/nifi-hl7-nar-2.6.0.nar-unpacked]
2025-10-16 10:31:30,535 INFO [main] org.apache.nifi.nar.NarClassLoaders Loaded NAR file: /opt/nifi/nifi-current/./work/nar/extensions/nifi-compress-nar-2.6.0.nar-unpacked as class loader org.apache.nifi.nar.NarClassLoader[./work/nar/extensions/nifi-compress-nar-2.6.0.nar-unpacked]
2025-10-16 10:31:30,541 INFO [main] org.apache.nifi.nar.NarClassLoaders Loaded NAR file: /opt/nifi/nifi-current/./work/nar/extensions/nifi-update-attribute-nar-2.6.0.nar-unpacked as class loader org.apache.nifi.nar.NarClassLoader[./work/nar/extensions/nifi-update-attribute-nar-2.6.0.nar-unpacked]
2025-10-16 10:31:30,545 INFO [main] org.apache.nifi.nar.NarClassLoaders Loaded NAR file: /opt/nifi/nifi-current/./work/nar/extensions/nifi-ldap-iaa-providers-nar-2.6.0.nar-unpacked as class loader org.apache.nifi.nar.NarClassLoader[./work/nar/extensions/nifi-ldap-iaa-providers-nar-2.6.0.nar-unpacked]
2025-10-16 10:31:30,550 INFO [main] org.apache.nifi.nar.NarClassLoaders Loaded NAR file: /opt/nifi/nifi-current/./work/nar/extensions/nifi-single-user-iaa-providers-nar-2.6.0.nar-unpacked as class loader org.apache.nifi.nar.NarClassLoader[./work/nar/extensions/nifi-single-user-iaa-providers-nar-2.6.0.nar-unpacked]
2025-10-16 10:31:30,556 INFO [main] org.apache.nifi.nar.NarClassLoaders Loaded NAR file: /opt/nifi/nifi-current/./work/nar/extensions/nifi-framework-kubernetes-nar-2.6.0.nar-unpacked as class loader org.apache.nifi.nar.NarClassLoader[./work/nar/extensions/nifi-framework-kubernetes-nar-2.6.0.nar-unpacked]
2025-10-16 10:31:30,565 INFO [main] org.apache.nifi.nar.NarClassLoaders Loaded NAR file: /opt/nifi/nifi-current/./work/nar/extensions/nifi-server-nar-2.6.0.nar-unpacked as class loader org.apache.nifi.nar.NarClassLoader[./work/nar/extensions/nifi-server-nar-2.6.0.nar-unpacked]
2025-10-16 10:31:30,661 INFO [main] org.apache.nifi.nar.NarClassLoaders Loaded NAR file: /opt/nifi/nifi-current/./work/nar/extensions/nifi-standard-services-api-nar-2.6.0.nar-unpacked as class loader org.apache.nifi.nar.NarClassLoader[./work/nar/extensions/nifi-standard-services-api-nar-2.6.0.nar-unpacked]
2025-10-16 10:31:30,663 INFO [main] org.apache.nifi.nar.NarClassLoaders Loaded NAR file: /opt/nifi/nifi-current/./work/nar/extensions/nifi-email-nar-2.6.0.nar-unpacked as class loader org.apache.nifi.nar.NarClassLoader[./work/nar/extensions/nifi-email-nar-2.6.0.nar-unpacked]
2025-10-16 10:31:30,664 INFO [main] org.apache.nifi.nar.NarClassLoaders Loaded NAR file: /opt/nifi/nifi-current/./work/nar/extensions/nifi-dbcp-service-nar-2.6.0.nar-unpacked as class loader org.apache.nifi.nar.NarClassLoader[./work/nar/extensions/nifi-dbcp-service-nar-2.6.0.nar-unpacked]
2025-10-16 10:31:30,666 INFO [main] org.apache.nifi.nar.NarClassLoaders Loaded NAR file: /opt/nifi/nifi-current/./work/nar/extensions/nifi-kerberos-iaa-providers-nar-2.6.0.nar-unpacked as class loader org.apache.nifi.nar.NarClassLoader[./work/nar/extensions/nifi-kerberos-iaa-providers-nar-2.6.0.nar-unpacked]
2025-10-16 10:31:30,668 INFO [main] org.apache.nifi.nar.NarClassLoaders Loaded NAR file: /opt/nifi/nifi-current/./work/nar/extensions/nifi-evtx-nar-2.6.0.nar-unpacked as class loader org.apache.nifi.nar.NarClassLoader[./work/nar/extensions/nifi-evtx-nar-2.6.0.nar-unpacked]
2025-10-16 10:31:30,669 INFO [main] org.apache.nifi.nar.NarClassLoaders Loaded NAR file: /opt/nifi/nifi-current/./work/nar/extensions/nifi-stateful-analysis-nar-2.6.0.nar-unpacked as class loader org.apache.nifi.nar.NarClassLoader[./work/nar/extensions/nifi-stateful-analysis-nar-2.6.0.nar-unpacked]
2025-10-16 10:31:30,670 INFO [main] org.apache.nifi.nar.NarClassLoaders Loaded NAR file: /opt/nifi/nifi-current/./work/nar/extensions/nifi-file-resource-service-nar-2.6.0.nar-unpacked as class loader org.apache.nifi.nar.NarClassLoader[./work/nar/extensions/nifi-file-resource-service-nar-2.6.0.nar-unpacked]
2025-10-16 10:31:30,671 INFO [main] org.apache.nifi.nar.NarClassLoaders Loaded NAR file: /opt/nifi/nifi-current/./work/nar/extensions/nifi-standard-shared-nar-2.6.0.nar-unpacked as class loader org.apache.nifi.nar.NarClassLoader[./work/nar/extensions/nifi-standard-shared-nar-2.6.0.nar-unpacked]
2025-10-16 10:31:30,679 INFO [main] org.apache.nifi.nar.NarClassLoaders Loaded NAR file: /opt/nifi/nifi-current/./work/nar/extensions/nifi-gcp-services-api-nar-2.6.0.nar-unpacked as class loader org.apache.nifi.nar.NarClassLoader[./work/nar/extensions/nifi-gcp-services-api-nar-2.6.0.nar-unpacked]
2025-10-16 10:31:30,680 INFO [main] org.apache.nifi.nar.NarClassLoaders Loaded NAR file: /opt/nifi/nifi-current/./work/nar/extensions/nifi-database-dialect-service-nar-2.6.0.nar-unpacked as class loader org.apache.nifi.nar.NarClassLoader[./work/nar/extensions/nifi-database-dialect-service-nar-2.6.0.nar-unpacked]
2025-10-16 10:31:30,681 INFO [main] org.apache.nifi.nar.NarClassLoaders Loaded NAR file: /opt/nifi/nifi-current/./work/nar/extensions/nifi-poi-nar-2.6.0.nar-unpacked as class loader org.apache.nifi.nar.NarClassLoader[./work/nar/extensions/nifi-poi-nar-2.6.0.nar-unpacked]
2025-10-16 10:31:30,683 INFO [main] org.apache.nifi.nar.NarClassLoaders Loaded NAR file: /opt/nifi/nifi-current/./work/nar/extensions/nifi-key-service-nar-2.6.0.nar-unpacked as class loader org.apache.nifi.nar.NarClassLoader[./work/nar/extensions/nifi-key-service-nar-2.6.0.nar-unpacked]
2025-10-16 10:31:30,683 INFO [main] org.apache.nifi.nar.NarClassLoaders Loaded NAR file: /opt/nifi/nifi-current/./work/nar/extensions/nifi-asana-services-api-nar-2.6.0.nar-unpacked as class loader org.apache.nifi.nar.NarClassLoader[./work/nar/extensions/nifi-asana-services-api-nar-2.6.0.nar-unpacked]
2025-10-16 10:31:30,694 INFO [main] org.apache.nifi.nar.NarClassLoaders Loaded NAR file: /opt/nifi/nifi-current/./work/nar/extensions/nifi-snmp-nar-2.6.0.nar-unpacked as class loader org.apache.nifi.nar.NarClassLoader[./work/nar/extensions/nifi-snmp-nar-2.6.0.nar-unpacked]
2025-10-16 10:31:30,696 INFO [main] org.apache.nifi.nar.NarClassLoaders Loaded NAR file: /opt/nifi/nifi-current/./work/nar/extensions/nifi-framework-zookeeper-nar-2.6.0.nar-unpacked as class loader org.apache.nifi.nar.NarClassLoader[./work/nar/extensions/nifi-framework-zookeeper-nar-2.6.0.nar-unpacked]
2025-10-16 10:31:30,698 INFO [main] org.apache.nifi.nar.NarClassLoaders Loaded NAR file: /opt/nifi/nifi-current/./work/nar/extensions/nifi-ssl-context-service-nar-2.6.0.nar-unpacked as class loader org.apache.nifi.nar.NarClassLoader[./work/nar/extensions/nifi-ssl-context-service-nar-2.6.0.nar-unpacked]
2025-10-16 10:31:30,699 INFO [main] org.apache.nifi.nar.NarClassLoaders Loaded NAR file: /opt/nifi/nifi-current/./work/nar/extensions/nifi-web-client-provider-service-nar-2.6.0.nar-unpacked as class loader org.apache.nifi.nar.NarClassLoader[./work/nar/extensions/nifi-web-client-provider-service-nar-2.6.0.nar-unpacked]
2025-10-16 10:31:30,699 INFO [main] org.apache.nifi.nar.NarClassLoaders Loaded NAR file: /opt/nifi/nifi-current/./work/nar/extensions/nifi-network-processors-nar-2.6.0.nar-unpacked as class loader org.apache.nifi.nar.NarClassLoader[./work/nar/extensions/nifi-network-processors-nar-2.6.0.nar-unpacked]
2025-10-16 10:31:30,699 INFO [main] org.apache.nifi.nar.NarClassLoaders Loaded NAR file: /opt/nifi/nifi-current/./work/nar/extensions/nifi-kafka-service-api-nar-2.6.0.nar-unpacked as class loader org.apache.nifi.nar.NarClassLoader[./work/nar/extensions/nifi-kafka-service-api-nar-2.6.0.nar-unpacked]
2025-10-16 10:31:30,700 INFO [main] org.apache.nifi.nar.NarClassLoaders Loaded NAR file: /opt/nifi/nifi-current/./work/nar/extensions/nifi-windows-event-log-nar-2.6.0.nar-unpacked as class loader org.apache.nifi.nar.NarClassLoader[./work/nar/extensions/nifi-windows-event-log-nar-2.6.0.nar-unpacked]
2025-10-16 10:31:30,701 INFO [main] org.apache.nifi.nar.NarClassLoaders Loaded NAR file: /opt/nifi/nifi-current/./work/nar/extensions/nifi-gcp-nar-2.6.0.nar-unpacked as class loader org.apache.nifi.nar.NarClassLoader[./work/nar/extensions/nifi-gcp-nar-2.6.0.nar-unpacked]
2025-10-16 10:31:30,704 INFO [main] org.apache.nifi.nar.NarClassLoaders Loaded NAR file: /opt/nifi/nifi-current/./work/nar/extensions/nifi-hashicorp-vault-client-service-api-nar-2.6.0.nar-unpacked as class loader org.apache.nifi.nar.NarClassLoader[./work/nar/extensions/nifi-hashicorp-vault-client-service-api-nar-2.6.0.nar-unpacked]
2025-10-16 10:31:30,705 INFO [main] org.apache.nifi.nar.NarClassLoaders Loaded NAR file: /opt/nifi/nifi-current/./work/nar/extensions/nifi-registry-nar-2.6.0.nar-unpacked as class loader org.apache.nifi.nar.NarClassLoader[./work/nar/extensions/nifi-registry-nar-2.6.0.nar-unpacked]
2025-10-16 10:31:30,705 INFO [main] org.apache.nifi.nar.NarClassLoaders Loaded NAR file: /opt/nifi/nifi-current/./work/nar/extensions/nifi-protobuf-services-nar-2.6.0.nar-unpacked as class loader org.apache.nifi.nar.NarClassLoader[./work/nar/extensions/nifi-protobuf-services-nar-2.6.0.nar-unpacked]
2025-10-16 10:31:30,706 INFO [main] org.apache.nifi.nar.NarClassLoaders Loaded NAR file: /opt/nifi/nifi-current/./work/nar/extensions/nifi-asana-services-nar-2.6.0.nar-unpacked as class loader org.apache.nifi.nar.NarClassLoader[./work/nar/extensions/nifi-asana-services-nar-2.6.0.nar-unpacked]
2025-10-16 10:31:30,707 INFO [main] org.apache.nifi.nar.NarClassLoaders Loaded NAR file: /opt/nifi/nifi-current/./work/nar/extensions/nifi-site-to-site-reporting-nar-2.6.0.nar-unpacked as class loader org.apache.nifi.nar.NarClassLoader[./work/nar/extensions/nifi-site-to-site-reporting-nar-2.6.0.nar-unpacked]
2025-10-16 10:31:30,708 INFO [main] org.apache.nifi.nar.NarClassLoaders Loaded NAR file: /opt/nifi/nifi-current/./work/nar/extensions/nifi-zendesk-nar-2.6.0.nar-unpacked as class loader org.apache.nifi.nar.NarClassLoader[./work/nar/extensions/nifi-zendesk-nar-2.6.0.nar-unpacked]
2025-10-16 10:31:30,708 INFO [main] org.apache.nifi.nar.NarClassLoaders Loaded NAR file: /opt/nifi/nifi-current/./work/nar/extensions/nifi-cipher-nar-2.6.0.nar-unpacked as class loader org.apache.nifi.nar.NarClassLoader[./work/nar/extensions/nifi-cipher-nar-2.6.0.nar-unpacked]
2025-10-16 10:31:30,709 INFO [main] org.apache.nifi.nar.NarClassLoaders Loaded NAR file: /opt/nifi/nifi-current/./work/nar/extensions/nifi-jms-cf-service-nar-2.6.0.nar-unpacked as class loader org.apache.nifi.nar.NarClassLoader[./work/nar/extensions/nifi-jms-cf-service-nar-2.6.0.nar-unpacked]
2025-10-16 10:31:30,709 INFO [main] org.apache.nifi.nar.NarClassLoaders Loaded NAR file: /opt/nifi/nifi-current/./work/nar/extensions/nifi-jolt-nar-2.6.0.nar-unpacked as class loader org.apache.nifi.nar.NarClassLoader[./work/nar/extensions/nifi-jolt-nar-2.6.0.nar-unpacked]
2025-10-16 10:31:30,709 INFO [main] org.apache.nifi.nar.NarClassLoaders Loaded NAR file: /opt/nifi/nifi-current/./work/nar/extensions/nifi-hazelcast-services-api-nar-2.6.0.nar-unpacked as class loader org.apache.nifi.nar.NarClassLoader[./work/nar/extensions/nifi-hazelcast-services-api-nar-2.6.0.nar-unpacked]
2025-10-16 10:31:30,710 INFO [main] org.apache.nifi.nar.NarClassLoaders Loaded NAR file: /opt/nifi/nifi-current/./work/nar/extensions/nifi-pgp-service-api-nar-2.6.0.nar-unpacked as class loader org.apache.nifi.nar.NarClassLoader[./work/nar/extensions/nifi-pgp-service-api-nar-2.6.0.nar-unpacked]
2025-10-16 10:31:30,710 INFO [main] org.apache.nifi.nar.NarClassLoaders Loaded NAR file: /opt/nifi/nifi-current/./work/nar/extensions/nifi-proxy-configuration-nar-2.6.0.nar-unpacked as class loader org.apache.nifi.nar.NarClassLoader[./work/nar/extensions/nifi-proxy-configuration-nar-2.6.0.nar-unpacked]
2025-10-16 10:31:30,710 INFO [main] org.apache.nifi.nar.NarClassLoaders Loaded NAR file: /opt/nifi/nifi-current/./work/nar/extensions/nifi-airtable-nar-2.6.0.nar-unpacked as class loader org.apache.nifi.nar.NarClassLoader[./work/nar/extensions/nifi-airtable-nar-2.6.0.nar-unpacked]
2025-10-16 10:31:30,711 INFO [main] org.apache.nifi.nar.NarClassLoaders Loaded NAR file: /opt/nifi/nifi-current/./work/nar/extensions/nifi-github-nar-2.6.0.nar-unpacked as class loader org.apache.nifi.nar.NarClassLoader[./work/nar/extensions/nifi-github-nar-2.6.0.nar-unpacked]
2025-10-16 10:31:30,711 INFO [main] org.apache.nifi.nar.NarClassLoaders Loaded NAR file: /opt/nifi/nifi-current/./work/nar/extensions/nifi-oauth2-provider-nar-2.6.0.nar-unpacked as class loader org.apache.nifi.nar.NarClassLoader[./work/nar/extensions/nifi-oauth2-provider-nar-2.6.0.nar-unpacked]
2025-10-16 10:31:30,712 INFO [main] org.apache.nifi.nar.NarClassLoaders Loaded NAR file: /opt/nifi/nifi-current/./work/nar/extensions/nifi-workday-processors-nar-2.6.0.nar-unpacked as class loader org.apache.nifi.nar.NarClassLoader[./work/nar/extensions/nifi-workday-processors-nar-2.6.0.nar-unpacked]
2025-10-16 10:31:30,712 INFO [main] org.apache.nifi.nar.NarClassLoaders Loaded NAR file: /opt/nifi/nifi-current/./work/nar/extensions/nifi-mongodb-client-service-api-nar-2.6.0.nar-unpacked as class loader org.apache.nifi.nar.NarClassLoader[./work/nar/extensions/nifi-mongodb-client-service-api-nar-2.6.0.nar-unpacked]
2025-10-16 10:31:30,713 INFO [main] org.apache.nifi.nar.NarClassLoaders Loaded NAR file: /opt/nifi/nifi-current/./work/nar/extensions/nifi-groovyx-nar-2.6.0.nar-unpacked as class loader org.apache.nifi.nar.NarClassLoader[./work/nar/extensions/nifi-groovyx-nar-2.6.0.nar-unpacked]
2025-10-16 10:31:30,715 INFO [main] org.apache.nifi.nar.NarClassLoaders Loaded NAR file: /opt/nifi/nifi-current/./work/nar/extensions/nifi-hazelcast-services-nar-2.6.0.nar-unpacked as class loader org.apache.nifi.nar.NarClassLoader[./work/nar/extensions/nifi-hazelcast-services-nar-2.6.0.nar-unpacked]
2025-10-16 10:31:30,716 INFO [main] org.apache.nifi.nar.NarClassLoaders Loaded NAR file: /opt/nifi/nifi-current/./work/nar/extensions/nifi-mqtt-nar-2.6.0.nar-unpacked as class loader org.apache.nifi.nar.NarClassLoader[./work/nar/extensions/nifi-mqtt-nar-2.6.0.nar-unpacked]
2025-10-16 10:31:30,717 INFO [main] org.apache.nifi.nar.NarClassLoaders Loaded NAR file: /opt/nifi/nifi-current/./work/nar/extensions/nifi-cdc-mysql-nar-2.6.0.nar-unpacked as class loader org.apache.nifi.nar.NarClassLoader[./work/nar/extensions/nifi-cdc-mysql-nar-2.6.0.nar-unpacked]
2025-10-16 10:31:30,717 INFO [main] org.apache.nifi.nar.NarClassLoaders Loaded NAR file: /opt/nifi/nifi-current/./work/nar/extensions/nifi-jslt-nar-2.6.0.nar-unpacked as class loader org.apache.nifi.nar.NarClassLoader[./work/nar/extensions/nifi-jslt-nar-2.6.0.nar-unpacked]
2025-10-16 10:31:30,717 INFO [main] org.apache.nifi.nar.NarClassLoaders Loaded NAR file: /opt/nifi/nifi-current/./work/nar/extensions/nifi-kafka-nar-2.6.0.nar-unpacked as class loader org.apache.nifi.nar.NarClassLoader[./work/nar/extensions/nifi-kafka-nar-2.6.0.nar-unpacked]
2025-10-16 10:31:30,718 INFO [main] org.apache.nifi.nar.NarClassLoaders Loaded NAR file: /opt/nifi/nifi-current/./work/nar/extensions/nifi-mongodb-nar-2.6.0.nar-unpacked as class loader org.apache.nifi.nar.NarClassLoader[./work/nar/extensions/nifi-mongodb-nar-2.6.0.nar-unpacked]
2025-10-16 10:31:30,718 INFO [main] org.apache.nifi.nar.NarClassLoaders Loaded NAR file: /opt/nifi/nifi-current/./work/nar/extensions/nifi-pgp-service-nar-2.6.0.nar-unpacked as class loader org.apache.nifi.nar.NarClassLoader[./work/nar/extensions/nifi-pgp-service-nar-2.6.0.nar-unpacked]
2025-10-16 10:31:30,718 INFO [main] org.apache.nifi.nar.NarClassLoaders Loaded NAR file: /opt/nifi/nifi-current/./work/nar/extensions/nifi-standard-content-viewer-nar-2.6.0.nar-unpacked as class loader org.apache.nifi.nar.NarClassLoader[./work/nar/extensions/nifi-standard-content-viewer-nar-2.6.0.nar-unpacked]
2025-10-16 10:31:30,719 INFO [main] org.apache.nifi.nar.NarClassLoaders Loaded NAR file: /opt/nifi/nifi-current/./work/nar/extensions/nifi-standard-nar-2.6.0.nar-unpacked as class loader org.apache.nifi.nar.NarClassLoader[./work/nar/extensions/nifi-standard-nar-2.6.0.nar-unpacked]
2025-10-16 10:31:30,725 INFO [main] org.apache.nifi.nar.NarClassLoaders Loaded NAR file: /opt/nifi/nifi-current/./work/nar/extensions/nifi-box-services-api-nar-2.6.0.nar-unpacked as class loader org.apache.nifi.nar.NarClassLoader[./work/nar/extensions/nifi-box-services-api-nar-2.6.0.nar-unpacked]
2025-10-16 10:31:30,726 INFO [main] org.apache.nifi.nar.NarClassLoaders Loaded NAR file: /opt/nifi/nifi-current/./work/nar/extensions/nifi-http-context-map-nar-2.6.0.nar-unpacked as class loader org.apache.nifi.nar.NarClassLoader[./work/nar/extensions/nifi-http-context-map-nar-2.6.0.nar-unpacked]
2025-10-16 10:31:30,726 INFO [main] org.apache.nifi.nar.NarClassLoaders Loaded NAR file: /opt/nifi/nifi-current/./work/nar/extensions/nifi-avro-nar-2.6.0.nar-unpacked as class loader org.apache.nifi.nar.NarClassLoader[./work/nar/extensions/nifi-avro-nar-2.6.0.nar-unpacked]
2025-10-16 10:31:30,726 INFO [main] org.apache.nifi.nar.NarClassLoaders Loaded NAR file: /opt/nifi/nifi-current/./work/nar/extensions/nifi-enrich-nar-2.6.0.nar-unpacked as class loader org.apache.nifi.nar.NarClassLoader[./work/nar/extensions/nifi-enrich-nar-2.6.0.nar-unpacked]
2025-10-16 10:31:30,727 INFO [main] org.apache.nifi.nar.NarClassLoaders Loaded NAR file: /opt/nifi/nifi-current/./work/nar/extensions/nifi-lookup-services-nar-2.6.0.nar-unpacked as class loader org.apache.nifi.nar.NarClassLoader[./work/nar/extensions/nifi-lookup-services-nar-2.6.0.nar-unpacked]
2025-10-16 10:31:30,728 INFO [main] org.apache.nifi.nar.NarClassLoaders Loaded NAR file: /opt/nifi/nifi-current/./work/nar/extensions/nifi-splunk-nar-2.6.0.nar-unpacked as class loader org.apache.nifi.nar.NarClassLoader[./work/nar/extensions/nifi-splunk-nar-2.6.0.nar-unpacked]
2025-10-16 10:31:30,728 INFO [main] org.apache.nifi.nar.NarClassLoaders Loaded NAR file: /opt/nifi/nifi-current/./work/nar/extensions/nifi-zendesk-services-nar-2.6.0.nar-unpacked as class loader org.apache.nifi.nar.NarClassLoader[./work/nar/extensions/nifi-zendesk-services-nar-2.6.0.nar-unpacked]
2025-10-16 10:31:30,728 INFO [main] org.apache.nifi.nar.NarClassLoaders Loaded NAR file: /opt/nifi/nifi-current/./work/nar/extensions/nifi-hashicorp-vault-nar-2.6.0.nar-unpacked as class loader org.apache.nifi.nar.NarClassLoader[./work/nar/extensions/nifi-hashicorp-vault-nar-2.6.0.nar-unpacked]
2025-10-16 10:31:30,729 INFO [main] org.apache.nifi.nar.NarClassLoaders Loaded NAR file: /opt/nifi/nifi-current/./work/nar/extensions/nifi-distributed-cache-services-nar-2.6.0.nar-unpacked as class loader org.apache.nifi.nar.NarClassLoader[./work/nar/extensions/nifi-distributed-cache-services-nar-2.6.0.nar-unpacked]
2025-10-16 10:31:30,730 INFO [main] org.apache.nifi.nar.NarClassLoaders Loaded NAR file: /opt/nifi/nifi-current/./work/nar/extensions/nifi-slack-nar-2.6.0.nar-unpacked as class loader org.apache.nifi.nar.NarClassLoader[./work/nar/extensions/nifi-slack-nar-2.6.0.nar-unpacked]
2025-10-16 10:31:30,744 INFO [main] org.apache.nifi.nar.NarClassLoaders Loaded NAR file: /opt/nifi/nifi-current/./work/nar/extensions/nifi-kafka-3-service-nar-2.6.0.nar-unpacked as class loader org.apache.nifi.nar.NarClassLoader[./work/nar/extensions/nifi-kafka-3-service-nar-2.6.0.nar-unpacked]
2025-10-16 10:31:30,744 INFO [main] org.apache.nifi.nar.NarClassLoaders Loaded NAR file: /opt/nifi/nifi-current/./work/nar/extensions/nifi-kerberos-user-service-nar-2.6.0.nar-unpacked as class loader org.apache.nifi.nar.NarClassLoader[./work/nar/extensions/nifi-kerberos-user-service-nar-2.6.0.nar-unpacked]
2025-10-16 10:31:30,745 INFO [main] org.apache.nifi.nar.NarClassLoaders Loaded NAR file: /opt/nifi/nifi-current/./work/nar/extensions/nifi-confluent-platform-nar-2.6.0.nar-unpacked as class loader org.apache.nifi.nar.NarClassLoader[./work/nar/extensions/nifi-confluent-platform-nar-2.6.0.nar-unpacked]
2025-10-16 10:31:30,746 INFO [main] org.apache.nifi.nar.NarClassLoaders Loaded NAR file: /opt/nifi/nifi-current/./work/nar/extensions/nifi-social-media-nar-2.6.0.nar-unpacked as class loader org.apache.nifi.nar.NarClassLoader[./work/nar/extensions/nifi-social-media-nar-2.6.0.nar-unpacked]
2025-10-16 10:31:30,747 INFO [main] org.apache.nifi.nar.NarClassLoaders Loaded NAR file: /opt/nifi/nifi-current/./work/nar/extensions/nifi-opentelemetry-nar-2.6.0.nar-unpacked as class loader org.apache.nifi.nar.NarClassLoader[./work/nar/extensions/nifi-opentelemetry-nar-2.6.0.nar-unpacked]
2025-10-16 10:31:30,748 INFO [main] org.apache.nifi.nar.NarClassLoaders Loaded NAR file: /opt/nifi/nifi-current/./work/nar/extensions/nifi-elasticsearch-client-service-api-nar-2.6.0.nar-unpacked as class loader org.apache.nifi.nar.NarClassLoader[./work/nar/extensions/nifi-elasticsearch-client-service-api-nar-2.6.0.nar-unpacked]
2025-10-16 10:31:30,748 INFO [main] org.apache.nifi.nar.NarClassLoaders Loaded NAR file: /opt/nifi/nifi-current/./work/nar/extensions/nifi-py4j-nar-2.6.0.nar-unpacked as class loader org.apache.nifi.nar.NarClassLoader[./work/nar/extensions/nifi-py4j-nar-2.6.0.nar-unpacked]
2025-10-16 10:31:30,748 INFO [main] org.apache.nifi.nar.NarClassLoaders Loaded NAR file: /opt/nifi/nifi-current/./work/nar/extensions/nifi-amqp-nar-2.6.0.nar-unpacked as class loader org.apache.nifi.nar.NarClassLoader[./work/nar/extensions/nifi-amqp-nar-2.6.0.nar-unpacked]
2025-10-16 10:31:30,749 INFO [main] org.apache.nifi.nar.NarClassLoaders Loaded NAR file: /opt/nifi/nifi-current/./work/nar/extensions/nifi-salesforce-nar-2.6.0.nar-unpacked as class loader org.apache.nifi.nar.NarClassLoader[./work/nar/extensions/nifi-salesforce-nar-2.6.0.nar-unpacked]
2025-10-16 10:31:30,750 INFO [main] org.apache.nifi.nar.NarClassLoaders Loaded NAR file: /opt/nifi/nifi-current/./work/nar/extensions/nifi-websocket-services-api-nar-2.6.0.nar-unpacked as class loader org.apache.nifi.nar.NarClassLoader[./work/nar/extensions/nifi-websocket-services-api-nar-2.6.0.nar-unpacked]
2025-10-16 10:31:30,750 INFO [main] org.apache.nifi.nar.NarClassLoaders Loaded NAR file: /opt/nifi/nifi-current/./work/nar/extensions/nifi-shopify-nar-2.6.0.nar-unpacked as class loader org.apache.nifi.nar.NarClassLoader[./work/nar/extensions/nifi-shopify-nar-2.6.0.nar-unpacked]
2025-10-16 10:31:30,750 INFO [main] org.apache.nifi.nar.NarClassLoaders Loaded NAR file: /opt/nifi/nifi-current/./work/nar/extensions/nifi-geohash-nar-2.6.0.nar-unpacked as class loader org.apache.nifi.nar.NarClassLoader[./work/nar/extensions/nifi-geohash-nar-2.6.0.nar-unpacked]
2025-10-16 10:31:30,750 INFO [main] org.apache.nifi.nar.NarClassLoaders Loaded NAR file: /opt/nifi/nifi-current/./work/nar/extensions/nifi-aws-service-api-nar-2.6.0.nar-unpacked as class loader org.apache.nifi.nar.NarClassLoader[./work/nar/extensions/nifi-aws-service-api-nar-2.6.0.nar-unpacked]
2025-10-16 10:31:30,752 INFO [main] org.apache.nifi.nar.NarClassLoaders Loaded NAR file: /opt/nifi/nifi-current/./work/nar/extensions/nifi-kafka-service-aws-nar-2.6.0.nar-unpacked as class loader org.apache.nifi.nar.NarClassLoader[./work/nar/extensions/nifi-kafka-service-aws-nar-2.6.0.nar-unpacked]
2025-10-16 10:31:30,754 INFO [main] org.apache.nifi.nar.NarClassLoaders Loaded NAR file: /opt/nifi/nifi-current/./work/nar/extensions/nifi-db-schema-registry-service-nar-2.6.0.nar-unpacked as class loader org.apache.nifi.nar.NarClassLoader[./work/nar/extensions/nifi-db-schema-registry-service-nar-2.6.0.nar-unpacked]
2025-10-16 10:31:30,754 INFO [main] org.apache.nifi.nar.NarClassLoaders Loaded NAR file: /opt/nifi/nifi-current/./work/nar/extensions/nifi-dropbox-services-api-nar-2.6.0.nar-unpacked as class loader org.apache.nifi.nar.NarClassLoader[./work/nar/extensions/nifi-dropbox-services-api-nar-2.6.0.nar-unpacked]
2025-10-16 10:31:30,754 INFO [main] org.apache.nifi.nar.NarClassLoaders Loaded NAR file: /opt/nifi/nifi-current/./work/nar/extensions/nifi-flow-registry-client-nar-2.6.0.nar-unpacked as class loader org.apache.nifi.nar.NarClassLoader[./work/nar/extensions/nifi-flow-registry-client-nar-2.6.0.nar-unpacked]
2025-10-16 10:31:30,756 INFO [main] org.apache.nifi.nar.NarClassLoaders Loaded NAR file: /opt/nifi/nifi-current/./work/nar/extensions/nifi-azure-services-api-nar-2.6.0.nar-unpacked as class loader org.apache.nifi.nar.NarClassLoader[./work/nar/extensions/nifi-azure-services-api-nar-2.6.0.nar-unpacked]
2025-10-16 10:31:30,759 INFO [main] org.apache.nifi.nar.NarClassLoaders Loaded NAR file: /opt/nifi/nifi-current/./work/nar/extensions/nifi-dropbox-services-nar-2.6.0.nar-unpacked as class loader org.apache.nifi.nar.NarClassLoader[./work/nar/extensions/nifi-dropbox-services-nar-2.6.0.nar-unpacked]
2025-10-16 10:31:30,759 INFO [main] org.apache.nifi.nar.NarClassLoaders Loaded NAR file: /opt/nifi/nifi-current/./work/nar/extensions/nifi-apicurio-nar-2.6.0.nar-unpacked as class loader org.apache.nifi.nar.NarClassLoader[./work/nar/extensions/nifi-apicurio-nar-2.6.0.nar-unpacked]
2025-10-16 10:31:30,759 INFO [main] org.apache.nifi.nar.NarClassLoaders Loaded NAR file: /opt/nifi/nifi-current/./work/nar/extensions/nifi-hubspot-nar-2.6.0.nar-unpacked as class loader org.apache.nifi.nar.NarClassLoader[./work/nar/extensions/nifi-hubspot-nar-2.6.0.nar-unpacked]
2025-10-16 10:31:30,760 INFO [main] org.apache.nifi.nar.NarClassLoaders Loaded NAR file: /opt/nifi/nifi-current/./work/nar/extensions/nifi-smb-client-api-nar-2.6.0.nar-unpacked as class loader org.apache.nifi.nar.NarClassLoader[./work/nar/extensions/nifi-smb-client-api-nar-2.6.0.nar-unpacked]
2025-10-16 10:31:30,760 INFO [main] org.apache.nifi.nar.NarClassLoaders Loaded NAR file: /opt/nifi/nifi-current/./work/nar/extensions/nifi-record-sink-service-nar-2.6.0.nar-unpacked as class loader org.apache.nifi.nar.NarClassLoader[./work/nar/extensions/nifi-record-sink-service-nar-2.6.0.nar-unpacked]
2025-10-16 10:31:30,760 INFO [main] org.apache.nifi.nar.NarClassLoaders Loaded NAR file: /opt/nifi/nifi-current/./work/nar/extensions/nifi-gitlab-nar-2.6.0.nar-unpacked as class loader org.apache.nifi.nar.NarClassLoader[./work/nar/extensions/nifi-gitlab-nar-2.6.0.nar-unpacked]
2025-10-16 10:31:30,761 INFO [main] org.apache.nifi.nar.NarClassLoaders Loaded NAR file: /opt/nifi/nifi-current/./work/nar/extensions/nifi-box-nar-2.6.0.nar-unpacked as class loader org.apache.nifi.nar.NarClassLoader[./work/nar/extensions/nifi-box-nar-2.6.0.nar-unpacked]
2025-10-16 10:31:30,762 INFO [main] org.apache.nifi.nar.NarClassLoaders Loaded NAR file: /opt/nifi/nifi-current/./work/nar/extensions/nifi-scripting-nar-2.6.0.nar-unpacked as class loader org.apache.nifi.nar.NarClassLoader[./work/nar/extensions/nifi-scripting-nar-2.6.0.nar-unpacked]
2025-10-16 10:31:30,764 INFO [main] org.apache.nifi.nar.NarClassLoaders Loaded NAR file: /opt/nifi/nifi-current/./work/nar/extensions/nifi-asana-processors-nar-2.6.0.nar-unpacked as class loader org.apache.nifi.nar.NarClassLoader[./work/nar/extensions/nifi-asana-processors-nar-2.6.0.nar-unpacked]
2025-10-16 10:31:30,765 INFO [main] org.apache.nifi.nar.NarClassLoaders Loaded NAR file: /opt/nifi/nifi-current/./work/nar/extensions/nifi-atlassian-nar-2.6.0.nar-unpacked as class loader org.apache.nifi.nar.NarClassLoader[./work/nar/extensions/nifi-atlassian-nar-2.6.0.nar-unpacked]
2025-10-16 10:31:30,765 INFO [main] org.apache.nifi.nar.NarClassLoaders Loaded NAR file: /opt/nifi/nifi-current/./work/nar/extensions/nifi-jms-processors-nar-2.6.0.nar-unpacked as class loader org.apache.nifi.nar.NarClassLoader[./work/nar/extensions/nifi-jms-processors-nar-2.6.0.nar-unpacked]
2025-10-16 10:31:30,766 INFO [main] org.apache.nifi.nar.NarClassLoaders Loaded NAR file: /opt/nifi/nifi-current/./work/nar/extensions/nifi-record-serialization-services-nar-2.6.0.nar-unpacked as class loader org.apache.nifi.nar.NarClassLoader[./work/nar/extensions/nifi-record-serialization-services-nar-2.6.0.nar-unpacked]
2025-10-16 10:31:30,767 INFO [main] org.apache.nifi.nar.NarClassLoaders Loaded NAR file: /opt/nifi/nifi-current/./work/nar/extensions/nifi-elasticsearch-client-service-nar-2.6.0.nar-unpacked as class loader org.apache.nifi.nar.NarClassLoader[./work/nar/extensions/nifi-elasticsearch-client-service-nar-2.6.0.nar-unpacked]
2025-10-16 10:31:30,768 INFO [main] org.apache.nifi.nar.NarClassLoaders Loaded NAR file: /opt/nifi/nifi-current/./work/nar/extensions/nifi-redis-service-api-nar-2.6.0.nar-unpacked as class loader org.apache.nifi.nar.NarClassLoader[./work/nar/extensions/nifi-redis-service-api-nar-2.6.0.nar-unpacked]
2025-10-16 10:31:30,769 INFO [main] org.apache.nifi.nar.NarClassLoaders Loaded NAR file: /opt/nifi/nifi-current/./work/nar/extensions/nifi-smb-smbj-client-nar-2.6.0.nar-unpacked as class loader org.apache.nifi.nar.NarClassLoader[./work/nar/extensions/nifi-smb-smbj-client-nar-2.6.0.nar-unpacked]
2025-10-16 10:31:30,770 INFO [main] org.apache.nifi.nar.NarClassLoaders Loaded NAR file: /opt/nifi/nifi-current/./work/nar/extensions/nifi-pgp-nar-2.6.0.nar-unpacked as class loader org.apache.nifi.nar.NarClassLoader[./work/nar/extensions/nifi-pgp-nar-2.6.0.nar-unpacked]
2025-10-16 10:31:30,770 INFO [main] org.apache.nifi.nar.NarClassLoaders Loaded NAR file: /opt/nifi/nifi-current/./work/nar/extensions/nifi-smb-nar-2.6.0.nar-unpacked as class loader org.apache.nifi.nar.NarClassLoader[./work/nar/extensions/nifi-smb-nar-2.6.0.nar-unpacked]
2025-10-16 10:31:30,770 INFO [main] org.apache.nifi.nar.NarClassLoaders Loaded NAR file: /opt/nifi/nifi-current/./work/nar/extensions/nifi-mongodb-services-nar-2.6.0.nar-unpacked as class loader org.apache.nifi.nar.NarClassLoader[./work/nar/extensions/nifi-mongodb-services-nar-2.6.0.nar-unpacked]
2025-10-16 10:31:30,771 INFO [main] org.apache.nifi.nar.NarClassLoaders Loaded NAR file: /opt/nifi/nifi-current/./work/nar/extensions/nifi-websocket-processors-nar-2.6.0.nar-unpacked as class loader org.apache.nifi.nar.NarClassLoader[./work/nar/extensions/nifi-websocket-processors-nar-2.6.0.nar-unpacked]
2025-10-16 10:31:30,771 INFO [main] org.apache.nifi.nar.NarClassLoaders Loaded NAR file: /opt/nifi/nifi-current/./work/nar/extensions/nifi-dropbox-processors-nar-2.6.0.nar-unpacked as class loader org.apache.nifi.nar.NarClassLoader[./work/nar/extensions/nifi-dropbox-processors-nar-2.6.0.nar-unpacked]
2025-10-16 10:31:30,772 INFO [main] org.apache.nifi.nar.NarClassLoaders Loaded NAR file: /opt/nifi/nifi-current/./work/nar/extensions/nifi-websocket-services-jetty-nar-2.6.0.nar-unpacked as class loader org.apache.nifi.nar.NarClassLoader[./work/nar/extensions/nifi-websocket-services-jetty-nar-2.6.0.nar-unpacked]
2025-10-16 10:31:30,772 INFO [main] org.apache.nifi.nar.NarClassLoaders Loaded NAR file: /opt/nifi/nifi-current/./work/nar/extensions/nifi-box-services-nar-2.6.0.nar-unpacked as class loader org.apache.nifi.nar.NarClassLoader[./work/nar/extensions/nifi-box-services-nar-2.6.0.nar-unpacked]
2025-10-16 10:31:30,773 INFO [main] org.apache.nifi.nar.NarClassLoaders Loaded NAR file: /opt/nifi/nifi-current/./work/nar/extensions/nifi-aws-nar-2.6.0.nar-unpacked as class loader org.apache.nifi.nar.NarClassLoader[./work/nar/extensions/nifi-aws-nar-2.6.0.nar-unpacked]
2025-10-16 10:31:30,779 INFO [main] org.apache.nifi.nar.NarClassLoaders Loaded NAR file: /opt/nifi/nifi-current/./work/nar/extensions/nifi-elasticsearch-restapi-nar-2.6.0.nar-unpacked as class loader org.apache.nifi.nar.NarClassLoader[./work/nar/extensions/nifi-elasticsearch-restapi-nar-2.6.0.nar-unpacked]
2025-10-16 10:31:30,780 INFO [main] org.apache.nifi.nar.NarClassLoaders Loaded NAR file: /opt/nifi/nifi-current/./work/nar/extensions/nifi-azure-nar-2.6.0.nar-unpacked as class loader org.apache.nifi.nar.NarClassLoader[./work/nar/extensions/nifi-azure-nar-2.6.0.nar-unpacked]
2025-10-16 10:31:30,786 INFO [main] org.apache.nifi.nar.NarClassLoaders Loaded NAR file: /opt/nifi/nifi-current/./work/nar/extensions/nifi-redis-nar-2.6.0.nar-unpacked as class loader org.apache.nifi.nar.NarClassLoader[./work/nar/extensions/nifi-redis-nar-2.6.0.nar-unpacked]
2025-10-16 10:31:30,787 INFO [main] org.apache.nifi.nar.NarClassLoaders Found NiFiServer implementation org.apache.nifi.web.server.JettyServer in org.apache.nifi:nifi-server-nar:2.6.0
2025-10-16 10:31:30,788 INFO [main] o.a.nifi.properties.NiFiPropertiesLoader Loading Application Properties [/opt/nifi/nifi-current/conf/nifi.properties]
2025-10-16 10:31:30,830 ERROR [main] org.apache.nifi.web.server.JettyServer Failed to start Server
java.lang.IllegalStateException: Invalid port configuration in nifi.properties: Both nifi.web.https.port and nifi.web.http.port specified
	at org.apache.nifi.web.server.connector.FrameworkServerConnectorFactory.getPort(FrameworkServerConnectorFactory.java:156)
	at org.apache.nifi.web.server.connector.FrameworkServerConnectorFactory.<init>(FrameworkServerConnectorFactory.java:68)
	at org.apache.nifi.web.server.StandardServerProvider.addConnectors(StandardServerProvider.java:96)
	at org.apache.nifi.web.server.StandardServerProvider.getServer(StandardServerProvider.java:69)
	at org.apache.nifi.web.server.JettyServer.init(JettyServer.java:215)
	at org.apache.nifi.web.server.JettyServer.initialize(JettyServer.java:988)
	at org.apache.nifi.runtime.Application.startServer(Application.java:126)
	at org.apache.nifi.runtime.Application.run(Application.java:78)
	at org.apache.nifi.runtime.Application.run(Application.java:60)
	at org.apache.nifi.NiFi.main(NiFi.java:42)
2025-10-16 10:32:31,409 INFO [main] org.apache.nifi.runtime.Application Starting NiFi 2.6.0 using Java 21.0.8+12-LTS with PID 46
2025-10-16 10:32:31,411 INFO [main] o.apache.nifi.runtime.PropertiesProvider Loading Application Properties [/opt/nifi/nifi-current/conf/nifi.properties]
2025-10-16 10:32:31,415 INFO [main] org.apache.nifi.nar.NarUnpacker Expanding 112 NAR files started
2025-10-16 10:32:31,912 INFO [main] org.apache.nifi.nar.NarUnpacker Expanded 112 NAR files in 0.496 seconds (496326792 ns)
2025-10-16 10:32:32,248 INFO [main] org.apache.nifi.nar.NarClassLoaders Loaded NAR file: /opt/nifi/nifi-current/./work/nar/extensions/nifi-jetty-nar-2.6.0.nar-unpacked as class loader org.apache.nifi.nar.NarClassLoader[./work/nar/extensions/nifi-jetty-nar-2.6.0.nar-unpacked]
2025-10-16 10:32:32,252 INFO [main] org.apache.nifi.nar.NarClassLoaders Loaded NAR file: /opt/nifi/nifi-current/./work/nar/framework/nifi-framework-nar-2.6.0.nar-unpacked as class loader org.apache.nifi.nar.NarClassLoader[./work/nar/framework/nifi-framework-nar-2.6.0.nar-unpacked]
2025-10-16 10:32:32,306 INFO [main] org.apache.nifi.nar.NarClassLoaders Loaded NAR file: /opt/nifi/nifi-current/./work/nar/extensions/nifi-provenance-repository-nar-2.6.0.nar-unpacked as class loader org.apache.nifi.nar.NarClassLoader[./work/nar/extensions/nifi-provenance-repository-nar-2.6.0.nar-unpacked]
2025-10-16 10:32:32,307 INFO [main] org.apache.nifi.nar.NarClassLoaders Loaded NAR file: /opt/nifi/nifi-current/./work/nar/extensions/nifi-hl7-nar-2.6.0.nar-unpacked as class loader org.apache.nifi.nar.NarClassLoader[./work/nar/extensions/nifi-hl7-nar-2.6.0.nar-unpacked]
2025-10-16 10:32:32,320 INFO [main] org.apache.nifi.nar.NarClassLoaders Loaded NAR file: /opt/nifi/nifi-current/./work/nar/extensions/nifi-compress-nar-2.6.0.nar-unpacked as class loader org.apache.nifi.nar.NarClassLoader[./work/nar/extensions/nifi-compress-nar-2.6.0.nar-unpacked]
2025-10-16 10:32:32,322 INFO [main] org.apache.nifi.nar.NarClassLoaders Loaded NAR file: /opt/nifi/nifi-current/./work/nar/extensions/nifi-update-attribute-nar-2.6.0.nar-unpacked as class loader org.apache.nifi.nar.NarClassLoader[./work/nar/extensions/nifi-update-attribute-nar-2.6.0.nar-unpacked]
2025-10-16 10:32:32,323 INFO [main] org.apache.nifi.nar.NarClassLoaders Loaded NAR file: /opt/nifi/nifi-current/./work/nar/extensions/nifi-ldap-iaa-providers-nar-2.6.0.nar-unpacked as class loader org.apache.nifi.nar.NarClassLoader[./work/nar/extensions/nifi-ldap-iaa-providers-nar-2.6.0.nar-unpacked]
2025-10-16 10:32:32,324 INFO [main] org.apache.nifi.nar.NarClassLoaders Loaded NAR file: /opt/nifi/nifi-current/./work/nar/extensions/nifi-single-user-iaa-providers-nar-2.6.0.nar-unpacked as class loader org.apache.nifi.nar.NarClassLoader[./work/nar/extensions/nifi-single-user-iaa-providers-nar-2.6.0.nar-unpacked]
2025-10-16 10:32:32,325 INFO [main] org.apache.nifi.nar.NarClassLoaders Loaded NAR file: /opt/nifi/nifi-current/./work/nar/extensions/nifi-framework-kubernetes-nar-2.6.0.nar-unpacked as class loader org.apache.nifi.nar.NarClassLoader[./work/nar/extensions/nifi-framework-kubernetes-nar-2.6.0.nar-unpacked]
2025-10-16 10:32:32,326 INFO [main] org.apache.nifi.nar.NarClassLoaders Loaded NAR file: /opt/nifi/nifi-current/./work/nar/extensions/nifi-server-nar-2.6.0.nar-unpacked as class loader org.apache.nifi.nar.NarClassLoader[./work/nar/extensions/nifi-server-nar-2.6.0.nar-unpacked]
2025-10-16 10:32:32,336 INFO [main] org.apache.nifi.nar.NarClassLoaders Loaded NAR file: /opt/nifi/nifi-current/./work/nar/extensions/nifi-standard-services-api-nar-2.6.0.nar-unpacked as class loader org.apache.nifi.nar.NarClassLoader[./work/nar/extensions/nifi-standard-services-api-nar-2.6.0.nar-unpacked]
2025-10-16 10:32:32,337 INFO [main] org.apache.nifi.nar.NarClassLoaders Loaded NAR file: /opt/nifi/nifi-current/./work/nar/extensions/nifi-email-nar-2.6.0.nar-unpacked as class loader org.apache.nifi.nar.NarClassLoader[./work/nar/extensions/nifi-email-nar-2.6.0.nar-unpacked]
2025-10-16 10:32:32,338 INFO [main] org.apache.nifi.nar.NarClassLoaders Loaded NAR file: /opt/nifi/nifi-current/./work/nar/extensions/nifi-dbcp-service-nar-2.6.0.nar-unpacked as class loader org.apache.nifi.nar.NarClassLoader[./work/nar/extensions/nifi-dbcp-service-nar-2.6.0.nar-unpacked]
2025-10-16 10:32:32,339 INFO [main] org.apache.nifi.nar.NarClassLoaders Loaded NAR file: /opt/nifi/nifi-current/./work/nar/extensions/nifi-kerberos-iaa-providers-nar-2.6.0.nar-unpacked as class loader org.apache.nifi.nar.NarClassLoader[./work/nar/extensions/nifi-kerberos-iaa-providers-nar-2.6.0.nar-unpacked]
2025-10-16 10:32:32,340 INFO [main] org.apache.nifi.nar.NarClassLoaders Loaded NAR file: /opt/nifi/nifi-current/./work/nar/extensions/nifi-evtx-nar-2.6.0.nar-unpacked as class loader org.apache.nifi.nar.NarClassLoader[./work/nar/extensions/nifi-evtx-nar-2.6.0.nar-unpacked]
2025-10-16 10:32:32,341 INFO [main] org.apache.nifi.nar.NarClassLoaders Loaded NAR file: /opt/nifi/nifi-current/./work/nar/extensions/nifi-stateful-analysis-nar-2.6.0.nar-unpacked as class loader org.apache.nifi.nar.NarClassLoader[./work/nar/extensions/nifi-stateful-analysis-nar-2.6.0.nar-unpacked]
2025-10-16 10:32:32,341 INFO [main] org.apache.nifi.nar.NarClassLoaders Loaded NAR file: /opt/nifi/nifi-current/./work/nar/extensions/nifi-file-resource-service-nar-2.6.0.nar-unpacked as class loader org.apache.nifi.nar.NarClassLoader[./work/nar/extensions/nifi-file-resource-service-nar-2.6.0.nar-unpacked]
2025-10-16 10:32:32,342 INFO [main] org.apache.nifi.nar.NarClassLoaders Loaded NAR file: /opt/nifi/nifi-current/./work/nar/extensions/nifi-standard-shared-nar-2.6.0.nar-unpacked as class loader org.apache.nifi.nar.NarClassLoader[./work/nar/extensions/nifi-standard-shared-nar-2.6.0.nar-unpacked]
2025-10-16 10:32:32,348 INFO [main] org.apache.nifi.nar.NarClassLoaders Loaded NAR file: /opt/nifi/nifi-current/./work/nar/extensions/nifi-gcp-services-api-nar-2.6.0.nar-unpacked as class loader org.apache.nifi.nar.NarClassLoader[./work/nar/extensions/nifi-gcp-services-api-nar-2.6.0.nar-unpacked]
2025-10-16 10:32:32,349 INFO [main] org.apache.nifi.nar.NarClassLoaders Loaded NAR file: /opt/nifi/nifi-current/./work/nar/extensions/nifi-database-dialect-service-nar-2.6.0.nar-unpacked as class loader org.apache.nifi.nar.NarClassLoader[./work/nar/extensions/nifi-database-dialect-service-nar-2.6.0.nar-unpacked]
2025-10-16 10:32:32,350 INFO [main] org.apache.nifi.nar.NarClassLoaders Loaded NAR file: /opt/nifi/nifi-current/./work/nar/extensions/nifi-poi-nar-2.6.0.nar-unpacked as class loader org.apache.nifi.nar.NarClassLoader[./work/nar/extensions/nifi-poi-nar-2.6.0.nar-unpacked]
2025-10-16 10:32:32,351 INFO [main] org.apache.nifi.nar.NarClassLoaders Loaded NAR file: /opt/nifi/nifi-current/./work/nar/extensions/nifi-key-service-nar-2.6.0.nar-unpacked as class loader org.apache.nifi.nar.NarClassLoader[./work/nar/extensions/nifi-key-service-nar-2.6.0.nar-unpacked]
2025-10-16 10:32:32,352 INFO [main] org.apache.nifi.nar.NarClassLoaders Loaded NAR file: /opt/nifi/nifi-current/./work/nar/extensions/nifi-asana-services-api-nar-2.6.0.nar-unpacked as class loader org.apache.nifi.nar.NarClassLoader[./work/nar/extensions/nifi-asana-services-api-nar-2.6.0.nar-unpacked]
2025-10-16 10:32:32,364 INFO [main] org.apache.nifi.nar.NarClassLoaders Loaded NAR file: /opt/nifi/nifi-current/./work/nar/extensions/nifi-snmp-nar-2.6.0.nar-unpacked as class loader org.apache.nifi.nar.NarClassLoader[./work/nar/extensions/nifi-snmp-nar-2.6.0.nar-unpacked]
2025-10-16 10:32:32,365 INFO [main] org.apache.nifi.nar.NarClassLoaders Loaded NAR file: /opt/nifi/nifi-current/./work/nar/extensions/nifi-framework-zookeeper-nar-2.6.0.nar-unpacked as class loader org.apache.nifi.nar.NarClassLoader[./work/nar/extensions/nifi-framework-zookeeper-nar-2.6.0.nar-unpacked]
2025-10-16 10:32:32,367 INFO [main] org.apache.nifi.nar.NarClassLoaders Loaded NAR file: /opt/nifi/nifi-current/./work/nar/extensions/nifi-ssl-context-service-nar-2.6.0.nar-unpacked as class loader org.apache.nifi.nar.NarClassLoader[./work/nar/extensions/nifi-ssl-context-service-nar-2.6.0.nar-unpacked]
2025-10-16 10:32:32,367 INFO [main] org.apache.nifi.nar.NarClassLoaders Loaded NAR file: /opt/nifi/nifi-current/./work/nar/extensions/nifi-web-client-provider-service-nar-2.6.0.nar-unpacked as class loader org.apache.nifi.nar.NarClassLoader[./work/nar/extensions/nifi-web-client-provider-service-nar-2.6.0.nar-unpacked]
2025-10-16 10:32:32,367 INFO [main] org.apache.nifi.nar.NarClassLoaders Loaded NAR file: /opt/nifi/nifi-current/./work/nar/extensions/nifi-network-processors-nar-2.6.0.nar-unpacked as class loader org.apache.nifi.nar.NarClassLoader[./work/nar/extensions/nifi-network-processors-nar-2.6.0.nar-unpacked]
2025-10-16 10:32:32,367 INFO [main] org.apache.nifi.nar.NarClassLoaders Loaded NAR file: /opt/nifi/nifi-current/./work/nar/extensions/nifi-kafka-service-api-nar-2.6.0.nar-unpacked as class loader org.apache.nifi.nar.NarClassLoader[./work/nar/extensions/nifi-kafka-service-api-nar-2.6.0.nar-unpacked]
2025-10-16 10:32:32,368 INFO [main] org.apache.nifi.nar.NarClassLoaders Loaded NAR file: /opt/nifi/nifi-current/./work/nar/extensions/nifi-windows-event-log-nar-2.6.0.nar-unpacked as class loader org.apache.nifi.nar.NarClassLoader[./work/nar/extensions/nifi-windows-event-log-nar-2.6.0.nar-unpacked]
2025-10-16 10:32:32,369 INFO [main] org.apache.nifi.nar.NarClassLoaders Loaded NAR file: /opt/nifi/nifi-current/./work/nar/extensions/nifi-gcp-nar-2.6.0.nar-unpacked as class loader org.apache.nifi.nar.NarClassLoader[./work/nar/extensions/nifi-gcp-nar-2.6.0.nar-unpacked]
2025-10-16 10:32:32,373 INFO [main] org.apache.nifi.nar.NarClassLoaders Loaded NAR file: /opt/nifi/nifi-current/./work/nar/extensions/nifi-hashicorp-vault-client-service-api-nar-2.6.0.nar-unpacked as class loader org.apache.nifi.nar.NarClassLoader[./work/nar/extensions/nifi-hashicorp-vault-client-service-api-nar-2.6.0.nar-unpacked]
2025-10-16 10:32:32,373 INFO [main] org.apache.nifi.nar.NarClassLoaders Loaded NAR file: /opt/nifi/nifi-current/./work/nar/extensions/nifi-registry-nar-2.6.0.nar-unpacked as class loader org.apache.nifi.nar.NarClassLoader[./work/nar/extensions/nifi-registry-nar-2.6.0.nar-unpacked]
2025-10-16 10:32:32,374 INFO [main] org.apache.nifi.nar.NarClassLoaders Loaded NAR file: /opt/nifi/nifi-current/./work/nar/extensions/nifi-protobuf-services-nar-2.6.0.nar-unpacked as class loader org.apache.nifi.nar.NarClassLoader[./work/nar/extensions/nifi-protobuf-services-nar-2.6.0.nar-unpacked]
2025-10-16 10:32:32,375 INFO [main] org.apache.nifi.nar.NarClassLoaders Loaded NAR file: /opt/nifi/nifi-current/./work/nar/extensions/nifi-asana-services-nar-2.6.0.nar-unpacked as class loader org.apache.nifi.nar.NarClassLoader[./work/nar/extensions/nifi-asana-services-nar-2.6.0.nar-unpacked]
2025-10-16 10:32:32,375 INFO [main] org.apache.nifi.nar.NarClassLoaders Loaded NAR file: /opt/nifi/nifi-current/./work/nar/extensions/nifi-site-to-site-reporting-nar-2.6.0.nar-unpacked as class loader org.apache.nifi.nar.NarClassLoader[./work/nar/extensions/nifi-site-to-site-reporting-nar-2.6.0.nar-unpacked]
2025-10-16 10:32:32,376 INFO [main] org.apache.nifi.nar.NarClassLoaders Loaded NAR file: /opt/nifi/nifi-current/./work/nar/extensions/nifi-zendesk-nar-2.6.0.nar-unpacked as class loader org.apache.nifi.nar.NarClassLoader[./work/nar/extensions/nifi-zendesk-nar-2.6.0.nar-unpacked]
2025-10-16 10:32:32,376 INFO [main] org.apache.nifi.nar.NarClassLoaders Loaded NAR file: /opt/nifi/nifi-current/./work/nar/extensions/nifi-cipher-nar-2.6.0.nar-unpacked as class loader org.apache.nifi.nar.NarClassLoader[./work/nar/extensions/nifi-cipher-nar-2.6.0.nar-unpacked]
2025-10-16 10:32:32,377 INFO [main] org.apache.nifi.nar.NarClassLoaders Loaded NAR file: /opt/nifi/nifi-current/./work/nar/extensions/nifi-jms-cf-service-nar-2.6.0.nar-unpacked as class loader org.apache.nifi.nar.NarClassLoader[./work/nar/extensions/nifi-jms-cf-service-nar-2.6.0.nar-unpacked]
2025-10-16 10:32:32,377 INFO [main] org.apache.nifi.nar.NarClassLoaders Loaded NAR file: /opt/nifi/nifi-current/./work/nar/extensions/nifi-jolt-nar-2.6.0.nar-unpacked as class loader org.apache.nifi.nar.NarClassLoader[./work/nar/extensions/nifi-jolt-nar-2.6.0.nar-unpacked]
2025-10-16 10:32:32,378 INFO [main] org.apache.nifi.nar.NarClassLoaders Loaded NAR file: /opt/nifi/nifi-current/./work/nar/extensions/nifi-hazelcast-services-api-nar-2.6.0.nar-unpacked as class loader org.apache.nifi.nar.NarClassLoader[./work/nar/extensions/nifi-hazelcast-services-api-nar-2.6.0.nar-unpacked]
2025-10-16 10:32:32,378 INFO [main] org.apache.nifi.nar.NarClassLoaders Loaded NAR file: /opt/nifi/nifi-current/./work/nar/extensions/nifi-pgp-service-api-nar-2.6.0.nar-unpacked as class loader org.apache.nifi.nar.NarClassLoader[./work/nar/extensions/nifi-pgp-service-api-nar-2.6.0.nar-unpacked]
2025-10-16 10:32:32,379 INFO [main] org.apache.nifi.nar.NarClassLoaders Loaded NAR file: /opt/nifi/nifi-current/./work/nar/extensions/nifi-proxy-configuration-nar-2.6.0.nar-unpacked as class loader org.apache.nifi.nar.NarClassLoader[./work/nar/extensions/nifi-proxy-configuration-nar-2.6.0.nar-unpacked]
2025-10-16 10:32:32,379 INFO [main] org.apache.nifi.nar.NarClassLoaders Loaded NAR file: /opt/nifi/nifi-current/./work/nar/extensions/nifi-airtable-nar-2.6.0.nar-unpacked as class loader org.apache.nifi.nar.NarClassLoader[./work/nar/extensions/nifi-airtable-nar-2.6.0.nar-unpacked]
2025-10-16 10:32:32,379 INFO [main] org.apache.nifi.nar.NarClassLoaders Loaded NAR file: /opt/nifi/nifi-current/./work/nar/extensions/nifi-github-nar-2.6.0.nar-unpacked as class loader org.apache.nifi.nar.NarClassLoader[./work/nar/extensions/nifi-github-nar-2.6.0.nar-unpacked]
2025-10-16 10:32:32,380 INFO [main] org.apache.nifi.nar.NarClassLoaders Loaded NAR file: /opt/nifi/nifi-current/./work/nar/extensions/nifi-oauth2-provider-nar-2.6.0.nar-unpacked as class loader org.apache.nifi.nar.NarClassLoader[./work/nar/extensions/nifi-oauth2-provider-nar-2.6.0.nar-unpacked]
2025-10-16 10:32:32,380 INFO [main] org.apache.nifi.nar.NarClassLoaders Loaded NAR file: /opt/nifi/nifi-current/./work/nar/extensions/nifi-workday-processors-nar-2.6.0.nar-unpacked as class loader org.apache.nifi.nar.NarClassLoader[./work/nar/extensions/nifi-workday-processors-nar-2.6.0.nar-unpacked]
2025-10-16 10:32:32,381 INFO [main] org.apache.nifi.nar.NarClassLoaders Loaded NAR file: /opt/nifi/nifi-current/./work/nar/extensions/nifi-mongodb-client-service-api-nar-2.6.0.nar-unpacked as class loader org.apache.nifi.nar.NarClassLoader[./work/nar/extensions/nifi-mongodb-client-service-api-nar-2.6.0.nar-unpacked]
2025-10-16 10:32:32,381 INFO [main] org.apache.nifi.nar.NarClassLoaders Loaded NAR file: /opt/nifi/nifi-current/./work/nar/extensions/nifi-groovyx-nar-2.6.0.nar-unpacked as class loader org.apache.nifi.nar.NarClassLoader[./work/nar/extensions/nifi-groovyx-nar-2.6.0.nar-unpacked]
2025-10-16 10:32:32,384 INFO [main] org.apache.nifi.nar.NarClassLoaders Loaded NAR file: /opt/nifi/nifi-current/./work/nar/extensions/nifi-hazelcast-services-nar-2.6.0.nar-unpacked as class loader org.apache.nifi.nar.NarClassLoader[./work/nar/extensions/nifi-hazelcast-services-nar-2.6.0.nar-unpacked]
2025-10-16 10:32:32,385 INFO [main] org.apache.nifi.nar.NarClassLoaders Loaded NAR file: /opt/nifi/nifi-current/./work/nar/extensions/nifi-mqtt-nar-2.6.0.nar-unpacked as class loader org.apache.nifi.nar.NarClassLoader[./work/nar/extensions/nifi-mqtt-nar-2.6.0.nar-unpacked]
2025-10-16 10:32:32,386 INFO [main] org.apache.nifi.nar.NarClassLoaders Loaded NAR file: /opt/nifi/nifi-current/./work/nar/extensions/nifi-cdc-mysql-nar-2.6.0.nar-unpacked as class loader org.apache.nifi.nar.NarClassLoader[./work/nar/extensions/nifi-cdc-mysql-nar-2.6.0.nar-unpacked]
2025-10-16 10:32:32,386 INFO [main] org.apache.nifi.nar.NarClassLoaders Loaded NAR file: /opt/nifi/nifi-current/./work/nar/extensions/nifi-jslt-nar-2.6.0.nar-unpacked as class loader org.apache.nifi.nar.NarClassLoader[./work/nar/extensions/nifi-jslt-nar-2.6.0.nar-unpacked]
2025-10-16 10:32:32,386 INFO [main] org.apache.nifi.nar.NarClassLoaders Loaded NAR file: /opt/nifi/nifi-current/./work/nar/extensions/nifi-kafka-nar-2.6.0.nar-unpacked as class loader org.apache.nifi.nar.NarClassLoader[./work/nar/extensions/nifi-kafka-nar-2.6.0.nar-unpacked]
2025-10-16 10:32:32,387 INFO [main] org.apache.nifi.nar.NarClassLoaders Loaded NAR file: /opt/nifi/nifi-current/./work/nar/extensions/nifi-mongodb-nar-2.6.0.nar-unpacked as class loader org.apache.nifi.nar.NarClassLoader[./work/nar/extensions/nifi-mongodb-nar-2.6.0.nar-unpacked]
2025-10-16 10:32:32,387 INFO [main] org.apache.nifi.nar.NarClassLoaders Loaded NAR file: /opt/nifi/nifi-current/./work/nar/extensions/nifi-pgp-service-nar-2.6.0.nar-unpacked as class loader org.apache.nifi.nar.NarClassLoader[./work/nar/extensions/nifi-pgp-service-nar-2.6.0.nar-unpacked]
2025-10-16 10:32:32,387 INFO [main] org.apache.nifi.nar.NarClassLoaders Loaded NAR file: /opt/nifi/nifi-current/./work/nar/extensions/nifi-standard-content-viewer-nar-2.6.0.nar-unpacked as class loader org.apache.nifi.nar.NarClassLoader[./work/nar/extensions/nifi-standard-content-viewer-nar-2.6.0.nar-unpacked]
2025-10-16 10:32:32,388 INFO [main] org.apache.nifi.nar.NarClassLoaders Loaded NAR file: /opt/nifi/nifi-current/./work/nar/extensions/nifi-standard-nar-2.6.0.nar-unpacked as class loader org.apache.nifi.nar.NarClassLoader[./work/nar/extensions/nifi-standard-nar-2.6.0.nar-unpacked]
2025-10-16 10:32:32,394 INFO [main] org.apache.nifi.nar.NarClassLoaders Loaded NAR file: /opt/nifi/nifi-current/./work/nar/extensions/nifi-box-services-api-nar-2.6.0.nar-unpacked as class loader org.apache.nifi.nar.NarClassLoader[./work/nar/extensions/nifi-box-services-api-nar-2.6.0.nar-unpacked]
2025-10-16 10:32:32,395 INFO [main] org.apache.nifi.nar.NarClassLoaders Loaded NAR file: /opt/nifi/nifi-current/./work/nar/extensions/nifi-http-context-map-nar-2.6.0.nar-unpacked as class loader org.apache.nifi.nar.NarClassLoader[./work/nar/extensions/nifi-http-context-map-nar-2.6.0.nar-unpacked]
2025-10-16 10:32:32,395 INFO [main] org.apache.nifi.nar.NarClassLoaders Loaded NAR file: /opt/nifi/nifi-current/./work/nar/extensions/nifi-avro-nar-2.6.0.nar-unpacked as class loader org.apache.nifi.nar.NarClassLoader[./work/nar/extensions/nifi-avro-nar-2.6.0.nar-unpacked]
2025-10-16 10:32:32,395 INFO [main] org.apache.nifi.nar.NarClassLoaders Loaded NAR file: /opt/nifi/nifi-current/./work/nar/extensions/nifi-enrich-nar-2.6.0.nar-unpacked as class loader org.apache.nifi.nar.NarClassLoader[./work/nar/extensions/nifi-enrich-nar-2.6.0.nar-unpacked]
2025-10-16 10:32:32,396 INFO [main] org.apache.nifi.nar.NarClassLoaders Loaded NAR file: /opt/nifi/nifi-current/./work/nar/extensions/nifi-lookup-services-nar-2.6.0.nar-unpacked as class loader org.apache.nifi.nar.NarClassLoader[./work/nar/extensions/nifi-lookup-services-nar-2.6.0.nar-unpacked]
2025-10-16 10:32:32,397 INFO [main] org.apache.nifi.nar.NarClassLoaders Loaded NAR file: /opt/nifi/nifi-current/./work/nar/extensions/nifi-splunk-nar-2.6.0.nar-unpacked as class loader org.apache.nifi.nar.NarClassLoader[./work/nar/extensions/nifi-splunk-nar-2.6.0.nar-unpacked]
2025-10-16 10:32:32,397 INFO [main] org.apache.nifi.nar.NarClassLoaders Loaded NAR file: /opt/nifi/nifi-current/./work/nar/extensions/nifi-zendesk-services-nar-2.6.0.nar-unpacked as class loader org.apache.nifi.nar.NarClassLoader[./work/nar/extensions/nifi-zendesk-services-nar-2.6.0.nar-unpacked]
2025-10-16 10:32:32,398 INFO [main] org.apache.nifi.nar.NarClassLoaders Loaded NAR file: /opt/nifi/nifi-current/./work/nar/extensions/nifi-hashicorp-vault-nar-2.6.0.nar-unpacked as class loader org.apache.nifi.nar.NarClassLoader[./work/nar/extensions/nifi-hashicorp-vault-nar-2.6.0.nar-unpacked]
2025-10-16 10:32:32,399 INFO [main] org.apache.nifi.nar.NarClassLoaders Loaded NAR file: /opt/nifi/nifi-current/./work/nar/extensions/nifi-distributed-cache-services-nar-2.6.0.nar-unpacked as class loader org.apache.nifi.nar.NarClassLoader[./work/nar/extensions/nifi-distributed-cache-services-nar-2.6.0.nar-unpacked]
2025-10-16 10:32:32,399 INFO [main] org.apache.nifi.nar.NarClassLoaders Loaded NAR file: /opt/nifi/nifi-current/./work/nar/extensions/nifi-slack-nar-2.6.0.nar-unpacked as class loader org.apache.nifi.nar.NarClassLoader[./work/nar/extensions/nifi-slack-nar-2.6.0.nar-unpacked]
2025-10-16 10:32:32,415 INFO [main] org.apache.nifi.nar.NarClassLoaders Loaded NAR file: /opt/nifi/nifi-current/./work/nar/extensions/nifi-kafka-3-service-nar-2.6.0.nar-unpacked as class loader org.apache.nifi.nar.NarClassLoader[./work/nar/extensions/nifi-kafka-3-service-nar-2.6.0.nar-unpacked]
2025-10-16 10:32:32,416 INFO [main] org.apache.nifi.nar.NarClassLoaders Loaded NAR file: /opt/nifi/nifi-current/./work/nar/extensions/nifi-kerberos-user-service-nar-2.6.0.nar-unpacked as class loader org.apache.nifi.nar.NarClassLoader[./work/nar/extensions/nifi-kerberos-user-service-nar-2.6.0.nar-unpacked]
2025-10-16 10:32:32,417 INFO [main] org.apache.nifi.nar.NarClassLoaders Loaded NAR file: /opt/nifi/nifi-current/./work/nar/extensions/nifi-confluent-platform-nar-2.6.0.nar-unpacked as class loader org.apache.nifi.nar.NarClassLoader[./work/nar/extensions/nifi-confluent-platform-nar-2.6.0.nar-unpacked]
2025-10-16 10:32:32,418 INFO [main] org.apache.nifi.nar.NarClassLoaders Loaded NAR file: /opt/nifi/nifi-current/./work/nar/extensions/nifi-social-media-nar-2.6.0.nar-unpacked as class loader org.apache.nifi.nar.NarClassLoader[./work/nar/extensions/nifi-social-media-nar-2.6.0.nar-unpacked]
2025-10-16 10:32:32,419 INFO [main] org.apache.nifi.nar.NarClassLoaders Loaded NAR file: /opt/nifi/nifi-current/./work/nar/extensions/nifi-opentelemetry-nar-2.6.0.nar-unpacked as class loader org.apache.nifi.nar.NarClassLoader[./work/nar/extensions/nifi-opentelemetry-nar-2.6.0.nar-unpacked]
2025-10-16 10:32:32,420 INFO [main] org.apache.nifi.nar.NarClassLoaders Loaded NAR file: /opt/nifi/nifi-current/./work/nar/extensions/nifi-elasticsearch-client-service-api-nar-2.6.0.nar-unpacked as class loader org.apache.nifi.nar.NarClassLoader[./work/nar/extensions/nifi-elasticsearch-client-service-api-nar-2.6.0.nar-unpacked]
2025-10-16 10:32:32,420 INFO [main] org.apache.nifi.nar.NarClassLoaders Loaded NAR file: /opt/nifi/nifi-current/./work/nar/extensions/nifi-py4j-nar-2.6.0.nar-unpacked as class loader org.apache.nifi.nar.NarClassLoader[./work/nar/extensions/nifi-py4j-nar-2.6.0.nar-unpacked]
2025-10-16 10:32:32,420 INFO [main] org.apache.nifi.nar.NarClassLoaders Loaded NAR file: /opt/nifi/nifi-current/./work/nar/extensions/nifi-amqp-nar-2.6.0.nar-unpacked as class loader org.apache.nifi.nar.NarClassLoader[./work/nar/extensions/nifi-amqp-nar-2.6.0.nar-unpacked]
2025-10-16 10:32:32,421 INFO [main] org.apache.nifi.nar.NarClassLoaders Loaded NAR file: /opt/nifi/nifi-current/./work/nar/extensions/nifi-salesforce-nar-2.6.0.nar-unpacked as class loader org.apache.nifi.nar.NarClassLoader[./work/nar/extensions/nifi-salesforce-nar-2.6.0.nar-unpacked]
2025-10-16 10:32:32,422 INFO [main] org.apache.nifi.nar.NarClassLoaders Loaded NAR file: /opt/nifi/nifi-current/./work/nar/extensions/nifi-websocket-services-api-nar-2.6.0.nar-unpacked as class loader org.apache.nifi.nar.NarClassLoader[./work/nar/extensions/nifi-websocket-services-api-nar-2.6.0.nar-unpacked]
2025-10-16 10:32:32,422 INFO [main] org.apache.nifi.nar.NarClassLoaders Loaded NAR file: /opt/nifi/nifi-current/./work/nar/extensions/nifi-shopify-nar-2.6.0.nar-unpacked as class loader org.apache.nifi.nar.NarClassLoader[./work/nar/extensions/nifi-shopify-nar-2.6.0.nar-unpacked]
2025-10-16 10:32:32,422 INFO [main] org.apache.nifi.nar.NarClassLoaders Loaded NAR file: /opt/nifi/nifi-current/./work/nar/extensions/nifi-geohash-nar-2.6.0.nar-unpacked as class loader org.apache.nifi.nar.NarClassLoader[./work/nar/extensions/nifi-geohash-nar-2.6.0.nar-unpacked]
2025-10-16 10:32:32,423 INFO [main] org.apache.nifi.nar.NarClassLoaders Loaded NAR file: /opt/nifi/nifi-current/./work/nar/extensions/nifi-aws-service-api-nar-2.6.0.nar-unpacked as class loader org.apache.nifi.nar.NarClassLoader[./work/nar/extensions/nifi-aws-service-api-nar-2.6.0.nar-unpacked]
2025-10-16 10:32:32,424 INFO [main] org.apache.nifi.nar.NarClassLoaders Loaded NAR file: /opt/nifi/nifi-current/./work/nar/extensions/nifi-kafka-service-aws-nar-2.6.0.nar-unpacked as class loader org.apache.nifi.nar.NarClassLoader[./work/nar/extensions/nifi-kafka-service-aws-nar-2.6.0.nar-unpacked]
2025-10-16 10:32:32,426 INFO [main] org.apache.nifi.nar.NarClassLoaders Loaded NAR file: /opt/nifi/nifi-current/./work/nar/extensions/nifi-db-schema-registry-service-nar-2.6.0.nar-unpacked as class loader org.apache.nifi.nar.NarClassLoader[./work/nar/extensions/nifi-db-schema-registry-service-nar-2.6.0.nar-unpacked]
2025-10-16 10:32:32,427 INFO [main] org.apache.nifi.nar.NarClassLoaders Loaded NAR file: /opt/nifi/nifi-current/./work/nar/extensions/nifi-dropbox-services-api-nar-2.6.0.nar-unpacked as class loader org.apache.nifi.nar.NarClassLoader[./work/nar/extensions/nifi-dropbox-services-api-nar-2.6.0.nar-unpacked]
2025-10-16 10:32:32,427 INFO [main] org.apache.nifi.nar.NarClassLoaders Loaded NAR file: /opt/nifi/nifi-current/./work/nar/extensions/nifi-flow-registry-client-nar-2.6.0.nar-unpacked as class loader org.apache.nifi.nar.NarClassLoader[./work/nar/extensions/nifi-flow-registry-client-nar-2.6.0.nar-unpacked]
2025-10-16 10:32:32,428 INFO [main] org.apache.nifi.nar.NarClassLoaders Loaded NAR file: /opt/nifi/nifi-current/./work/nar/extensions/nifi-azure-services-api-nar-2.6.0.nar-unpacked as class loader org.apache.nifi.nar.NarClassLoader[./work/nar/extensions/nifi-azure-services-api-nar-2.6.0.nar-unpacked]
2025-10-16 10:32:32,432 INFO [main] org.apache.nifi.nar.NarClassLoaders Loaded NAR file: /opt/nifi/nifi-current/./work/nar/extensions/nifi-dropbox-services-nar-2.6.0.nar-unpacked as class loader org.apache.nifi.nar.NarClassLoader[./work/nar/extensions/nifi-dropbox-services-nar-2.6.0.nar-unpacked]
2025-10-16 10:32:32,432 INFO [main] org.apache.nifi.nar.NarClassLoaders Loaded NAR file: /opt/nifi/nifi-current/./work/nar/extensions/nifi-apicurio-nar-2.6.0.nar-unpacked as class loader org.apache.nifi.nar.NarClassLoader[./work/nar/extensions/nifi-apicurio-nar-2.6.0.nar-unpacked]
2025-10-16 10:32:32,432 INFO [main] org.apache.nifi.nar.NarClassLoaders Loaded NAR file: /opt/nifi/nifi-current/./work/nar/extensions/nifi-hubspot-nar-2.6.0.nar-unpacked as class loader org.apache.nifi.nar.NarClassLoader[./work/nar/extensions/nifi-hubspot-nar-2.6.0.nar-unpacked]
2025-10-16 10:32:32,432 INFO [main] org.apache.nifi.nar.NarClassLoaders Loaded NAR file: /opt/nifi/nifi-current/./work/nar/extensions/nifi-smb-client-api-nar-2.6.0.nar-unpacked as class loader org.apache.nifi.nar.NarClassLoader[./work/nar/extensions/nifi-smb-client-api-nar-2.6.0.nar-unpacked]
2025-10-16 10:32:32,433 INFO [main] org.apache.nifi.nar.NarClassLoaders Loaded NAR file: /opt/nifi/nifi-current/./work/nar/extensions/nifi-record-sink-service-nar-2.6.0.nar-unpacked as class loader org.apache.nifi.nar.NarClassLoader[./work/nar/extensions/nifi-record-sink-service-nar-2.6.0.nar-unpacked]
2025-10-16 10:32:32,433 INFO [main] org.apache.nifi.nar.NarClassLoaders Loaded NAR file: /opt/nifi/nifi-current/./work/nar/extensions/nifi-gitlab-nar-2.6.0.nar-unpacked as class loader org.apache.nifi.nar.NarClassLoader[./work/nar/extensions/nifi-gitlab-nar-2.6.0.nar-unpacked]
2025-10-16 10:32:32,434 INFO [main] org.apache.nifi.nar.NarClassLoaders Loaded NAR file: /opt/nifi/nifi-current/./work/nar/extensions/nifi-box-nar-2.6.0.nar-unpacked as class loader org.apache.nifi.nar.NarClassLoader[./work/nar/extensions/nifi-box-nar-2.6.0.nar-unpacked]
2025-10-16 10:32:32,435 INFO [main] org.apache.nifi.nar.NarClassLoaders Loaded NAR file: /opt/nifi/nifi-current/./work/nar/extensions/nifi-scripting-nar-2.6.0.nar-unpacked as class loader org.apache.nifi.nar.NarClassLoader[./work/nar/extensions/nifi-scripting-nar-2.6.0.nar-unpacked]
2025-10-16 10:32:32,437 INFO [main] org.apache.nifi.nar.NarClassLoaders Loaded NAR file: /opt/nifi/nifi-current/./work/nar/extensions/nifi-asana-processors-nar-2.6.0.nar-unpacked as class loader org.apache.nifi.nar.NarClassLoader[./work/nar/extensions/nifi-asana-processors-nar-2.6.0.nar-unpacked]
2025-10-16 10:32:32,438 INFO [main] org.apache.nifi.nar.NarClassLoaders Loaded NAR file: /opt/nifi/nifi-current/./work/nar/extensions/nifi-atlassian-nar-2.6.0.nar-unpacked as class loader org.apache.nifi.nar.NarClassLoader[./work/nar/extensions/nifi-atlassian-nar-2.6.0.nar-unpacked]
2025-10-16 10:32:32,438 INFO [main] org.apache.nifi.nar.NarClassLoaders Loaded NAR file: /opt/nifi/nifi-current/./work/nar/extensions/nifi-jms-processors-nar-2.6.0.nar-unpacked as class loader org.apache.nifi.nar.NarClassLoader[./work/nar/extensions/nifi-jms-processors-nar-2.6.0.nar-unpacked]
2025-10-16 10:32:32,439 INFO [main] org.apache.nifi.nar.NarClassLoaders Loaded NAR file: /opt/nifi/nifi-current/./work/nar/extensions/nifi-record-serialization-services-nar-2.6.0.nar-unpacked as class loader org.apache.nifi.nar.NarClassLoader[./work/nar/extensions/nifi-record-serialization-services-nar-2.6.0.nar-unpacked]
2025-10-16 10:32:32,440 INFO [main] org.apache.nifi.nar.NarClassLoaders Loaded NAR file: /opt/nifi/nifi-current/./work/nar/extensions/nifi-elasticsearch-client-service-nar-2.6.0.nar-unpacked as class loader org.apache.nifi.nar.NarClassLoader[./work/nar/extensions/nifi-elasticsearch-client-service-nar-2.6.0.nar-unpacked]
2025-10-16 10:32:32,441 INFO [main] org.apache.nifi.nar.NarClassLoaders Loaded NAR file: /opt/nifi/nifi-current/./work/nar/extensions/nifi-redis-service-api-nar-2.6.0.nar-unpacked as class loader org.apache.nifi.nar.NarClassLoader[./work/nar/extensions/nifi-redis-service-api-nar-2.6.0.nar-unpacked]
2025-10-16 10:32:32,442 INFO [main] org.apache.nifi.nar.NarClassLoaders Loaded NAR file: /opt/nifi/nifi-current/./work/nar/extensions/nifi-smb-smbj-client-nar-2.6.0.nar-unpacked as class loader org.apache.nifi.nar.NarClassLoader[./work/nar/extensions/nifi-smb-smbj-client-nar-2.6.0.nar-unpacked]
2025-10-16 10:32:32,443 INFO [main] org.apache.nifi.nar.NarClassLoaders Loaded NAR file: /opt/nifi/nifi-current/./work/nar/extensions/nifi-pgp-nar-2.6.0.nar-unpacked as class loader org.apache.nifi.nar.NarClassLoader[./work/nar/extensions/nifi-pgp-nar-2.6.0.nar-unpacked]
2025-10-16 10:32:32,443 INFO [main] org.apache.nifi.nar.NarClassLoaders Loaded NAR file: /opt/nifi/nifi-current/./work/nar/extensions/nifi-smb-nar-2.6.0.nar-unpacked as class loader org.apache.nifi.nar.NarClassLoader[./work/nar/extensions/nifi-smb-nar-2.6.0.nar-unpacked]
2025-10-16 10:32:32,443 INFO [main] org.apache.nifi.nar.NarClassLoaders Loaded NAR file: /opt/nifi/nifi-current/./work/nar/extensions/nifi-mongodb-services-nar-2.6.0.nar-unpacked as class loader org.apache.nifi.nar.NarClassLoader[./work/nar/extensions/nifi-mongodb-services-nar-2.6.0.nar-unpacked]
2025-10-16 10:32:32,444 INFO [main] org.apache.nifi.nar.NarClassLoaders Loaded NAR file: /opt/nifi/nifi-current/./work/nar/extensions/nifi-websocket-processors-nar-2.6.0.nar-unpacked as class loader org.apache.nifi.nar.NarClassLoader[./work/nar/extensions/nifi-websocket-processors-nar-2.6.0.nar-unpacked]
2025-10-16 10:32:32,444 INFO [main] org.apache.nifi.nar.NarClassLoaders Loaded NAR file: /opt/nifi/nifi-current/./work/nar/extensions/nifi-dropbox-processors-nar-2.6.0.nar-unpacked as class loader org.apache.nifi.nar.NarClassLoader[./work/nar/extensions/nifi-dropbox-processors-nar-2.6.0.nar-unpacked]
2025-10-16 10:32:32,445 INFO [main] org.apache.nifi.nar.NarClassLoaders Loaded NAR file: /opt/nifi/nifi-current/./work/nar/extensions/nifi-websocket-services-jetty-nar-2.6.0.nar-unpacked as class loader org.apache.nifi.nar.NarClassLoader[./work/nar/extensions/nifi-websocket-services-jetty-nar-2.6.0.nar-unpacked]
2025-10-16 10:32:32,445 INFO [main] org.apache.nifi.nar.NarClassLoaders Loaded NAR file: /opt/nifi/nifi-current/./work/nar/extensions/nifi-box-services-nar-2.6.0.nar-unpacked as class loader org.apache.nifi.nar.NarClassLoader[./work/nar/extensions/nifi-box-services-nar-2.6.0.nar-unpacked]
2025-10-16 10:32:32,446 INFO [main] org.apache.nifi.nar.NarClassLoaders Loaded NAR file: /opt/nifi/nifi-current/./work/nar/extensions/nifi-aws-nar-2.6.0.nar-unpacked as class loader org.apache.nifi.nar.NarClassLoader[./work/nar/extensions/nifi-aws-nar-2.6.0.nar-unpacked]
2025-10-16 10:32:32,453 INFO [main] org.apache.nifi.nar.NarClassLoaders Loaded NAR file: /opt/nifi/nifi-current/./work/nar/extensions/nifi-elasticsearch-restapi-nar-2.6.0.nar-unpacked as class loader org.apache.nifi.nar.NarClassLoader[./work/nar/extensions/nifi-elasticsearch-restapi-nar-2.6.0.nar-unpacked]
2025-10-16 10:32:32,454 INFO [main] org.apache.nifi.nar.NarClassLoaders Loaded NAR file: /opt/nifi/nifi-current/./work/nar/extensions/nifi-azure-nar-2.6.0.nar-unpacked as class loader org.apache.nifi.nar.NarClassLoader[./work/nar/extensions/nifi-azure-nar-2.6.0.nar-unpacked]
2025-10-16 10:32:32,460 INFO [main] org.apache.nifi.nar.NarClassLoaders Loaded NAR file: /opt/nifi/nifi-current/./work/nar/extensions/nifi-redis-nar-2.6.0.nar-unpacked as class loader org.apache.nifi.nar.NarClassLoader[./work/nar/extensions/nifi-redis-nar-2.6.0.nar-unpacked]
2025-10-16 10:32:32,461 INFO [main] org.apache.nifi.nar.NarClassLoaders Found NiFiServer implementation org.apache.nifi.web.server.JettyServer in org.apache.nifi:nifi-server-nar:2.6.0
2025-10-16 10:32:32,462 INFO [main] o.a.nifi.properties.NiFiPropertiesLoader Loading Application Properties [/opt/nifi/nifi-current/conf/nifi.properties]
2025-10-16 10:32:32,505 ERROR [main] org.apache.nifi.web.server.JettyServer Failed to start Server
java.lang.IllegalStateException: Invalid port configuration in nifi.properties: Both nifi.web.https.port and nifi.web.http.port specified
	at org.apache.nifi.web.server.connector.FrameworkServerConnectorFactory.getPort(FrameworkServerConnectorFactory.java:156)
	at org.apache.nifi.web.server.connector.FrameworkServerConnectorFactory.<init>(FrameworkServerConnectorFactory.java:68)
	at org.apache.nifi.web.server.StandardServerProvider.addConnectors(StandardServerProvider.java:96)
	at org.apache.nifi.web.server.StandardServerProvider.getServer(StandardServerProvider.java:69)
	at org.apache.nifi.web.server.JettyServer.init(JettyServer.java:215)
	at org.apache.nifi.web.server.JettyServer.initialize(JettyServer.java:988)
	at org.apache.nifi.runtime.Application.startServer(Application.java:126)
	at org.apache.nifi.runtime.Application.run(Application.java:78)
	at org.apache.nifi.runtime.Application.run(Application.java:60)
	at org.apache.nifi.NiFi.main(NiFi.java:42)
2025-10-16 10:33:33,116 INFO [main] org.apache.nifi.runtime.Application Starting NiFi 2.6.0 using Java 21.0.8+12-LTS with PID 46
2025-10-16 10:33:33,119 INFO [main] o.apache.nifi.runtime.PropertiesProvider Loading Application Properties [/opt/nifi/nifi-current/conf/nifi.properties]
2025-10-16 10:33:33,123 INFO [main] org.apache.nifi.nar.NarUnpacker Expanding 112 NAR files started
2025-10-16 10:33:33,613 INFO [main] org.apache.nifi.nar.NarUnpacker Expanded 112 NAR files in 0.489 seconds (489545959 ns)
2025-10-16 10:33:33,861 INFO [main] org.apache.nifi.nar.NarClassLoaders Loaded NAR file: /opt/nifi/nifi-current/./work/nar/extensions/nifi-jetty-nar-2.6.0.nar-unpacked as class loader org.apache.nifi.nar.NarClassLoader[./work/nar/extensions/nifi-jetty-nar-2.6.0.nar-unpacked]
2025-10-16 10:33:33,864 INFO [main] org.apache.nifi.nar.NarClassLoaders Loaded NAR file: /opt/nifi/nifi-current/./work/nar/framework/nifi-framework-nar-2.6.0.nar-unpacked as class loader org.apache.nifi.nar.NarClassLoader[./work/nar/framework/nifi-framework-nar-2.6.0.nar-unpacked]
2025-10-16 10:33:33,924 INFO [main] org.apache.nifi.nar.NarClassLoaders Loaded NAR file: /opt/nifi/nifi-current/./work/nar/extensions/nifi-provenance-repository-nar-2.6.0.nar-unpacked as class loader org.apache.nifi.nar.NarClassLoader[./work/nar/extensions/nifi-provenance-repository-nar-2.6.0.nar-unpacked]
2025-10-16 10:33:33,926 INFO [main] org.apache.nifi.nar.NarClassLoaders Loaded NAR file: /opt/nifi/nifi-current/./work/nar/extensions/nifi-hl7-nar-2.6.0.nar-unpacked as class loader org.apache.nifi.nar.NarClassLoader[./work/nar/extensions/nifi-hl7-nar-2.6.0.nar-unpacked]
2025-10-16 10:33:33,941 INFO [main] org.apache.nifi.nar.NarClassLoaders Loaded NAR file: /opt/nifi/nifi-current/./work/nar/extensions/nifi-compress-nar-2.6.0.nar-unpacked as class loader org.apache.nifi.nar.NarClassLoader[./work/nar/extensions/nifi-compress-nar-2.6.0.nar-unpacked]
2025-10-16 10:33:33,942 INFO [main] org.apache.nifi.nar.NarClassLoaders Loaded NAR file: /opt/nifi/nifi-current/./work/nar/extensions/nifi-update-attribute-nar-2.6.0.nar-unpacked as class loader org.apache.nifi.nar.NarClassLoader[./work/nar/extensions/nifi-update-attribute-nar-2.6.0.nar-unpacked]
2025-10-16 10:33:33,943 INFO [main] org.apache.nifi.nar.NarClassLoaders Loaded NAR file: /opt/nifi/nifi-current/./work/nar/extensions/nifi-ldap-iaa-providers-nar-2.6.0.nar-unpacked as class loader org.apache.nifi.nar.NarClassLoader[./work/nar/extensions/nifi-ldap-iaa-providers-nar-2.6.0.nar-unpacked]
2025-10-16 10:33:33,944 INFO [main] org.apache.nifi.nar.NarClassLoaders Loaded NAR file: /opt/nifi/nifi-current/./work/nar/extensions/nifi-single-user-iaa-providers-nar-2.6.0.nar-unpacked as class loader org.apache.nifi.nar.NarClassLoader[./work/nar/extensions/nifi-single-user-iaa-providers-nar-2.6.0.nar-unpacked]
2025-10-16 10:33:33,945 INFO [main] org.apache.nifi.nar.NarClassLoaders Loaded NAR file: /opt/nifi/nifi-current/./work/nar/extensions/nifi-framework-kubernetes-nar-2.6.0.nar-unpacked as class loader org.apache.nifi.nar.NarClassLoader[./work/nar/extensions/nifi-framework-kubernetes-nar-2.6.0.nar-unpacked]
2025-10-16 10:33:33,947 INFO [main] org.apache.nifi.nar.NarClassLoaders Loaded NAR file: /opt/nifi/nifi-current/./work/nar/extensions/nifi-server-nar-2.6.0.nar-unpacked as class loader org.apache.nifi.nar.NarClassLoader[./work/nar/extensions/nifi-server-nar-2.6.0.nar-unpacked]
2025-10-16 10:33:33,957 INFO [main] org.apache.nifi.nar.NarClassLoaders Loaded NAR file: /opt/nifi/nifi-current/./work/nar/extensions/nifi-standard-services-api-nar-2.6.0.nar-unpacked as class loader org.apache.nifi.nar.NarClassLoader[./work/nar/extensions/nifi-standard-services-api-nar-2.6.0.nar-unpacked]
2025-10-16 10:33:33,958 INFO [main] org.apache.nifi.nar.NarClassLoaders Loaded NAR file: /opt/nifi/nifi-current/./work/nar/extensions/nifi-email-nar-2.6.0.nar-unpacked as class loader org.apache.nifi.nar.NarClassLoader[./work/nar/extensions/nifi-email-nar-2.6.0.nar-unpacked]
2025-10-16 10:33:33,959 INFO [main] org.apache.nifi.nar.NarClassLoaders Loaded NAR file: /opt/nifi/nifi-current/./work/nar/extensions/nifi-dbcp-service-nar-2.6.0.nar-unpacked as class loader org.apache.nifi.nar.NarClassLoader[./work/nar/extensions/nifi-dbcp-service-nar-2.6.0.nar-unpacked]
2025-10-16 10:33:33,960 INFO [main] org.apache.nifi.nar.NarClassLoaders Loaded NAR file: /opt/nifi/nifi-current/./work/nar/extensions/nifi-kerberos-iaa-providers-nar-2.6.0.nar-unpacked as class loader org.apache.nifi.nar.NarClassLoader[./work/nar/extensions/nifi-kerberos-iaa-providers-nar-2.6.0.nar-unpacked]
2025-10-16 10:33:33,961 INFO [main] org.apache.nifi.nar.NarClassLoaders Loaded NAR file: /opt/nifi/nifi-current/./work/nar/extensions/nifi-evtx-nar-2.6.0.nar-unpacked as class loader org.apache.nifi.nar.NarClassLoader[./work/nar/extensions/nifi-evtx-nar-2.6.0.nar-unpacked]
2025-10-16 10:33:33,961 INFO [main] org.apache.nifi.nar.NarClassLoaders Loaded NAR file: /opt/nifi/nifi-current/./work/nar/extensions/nifi-stateful-analysis-nar-2.6.0.nar-unpacked as class loader org.apache.nifi.nar.NarClassLoader[./work/nar/extensions/nifi-stateful-analysis-nar-2.6.0.nar-unpacked]
2025-10-16 10:33:33,962 INFO [main] org.apache.nifi.nar.NarClassLoaders Loaded NAR file: /opt/nifi/nifi-current/./work/nar/extensions/nifi-file-resource-service-nar-2.6.0.nar-unpacked as class loader org.apache.nifi.nar.NarClassLoader[./work/nar/extensions/nifi-file-resource-service-nar-2.6.0.nar-unpacked]
2025-10-16 10:33:33,962 INFO [main] org.apache.nifi.nar.NarClassLoaders Loaded NAR file: /opt/nifi/nifi-current/./work/nar/extensions/nifi-standard-shared-nar-2.6.0.nar-unpacked as class loader org.apache.nifi.nar.NarClassLoader[./work/nar/extensions/nifi-standard-shared-nar-2.6.0.nar-unpacked]
2025-10-16 10:33:33,968 INFO [main] org.apache.nifi.nar.NarClassLoaders Loaded NAR file: /opt/nifi/nifi-current/./work/nar/extensions/nifi-gcp-services-api-nar-2.6.0.nar-unpacked as class loader org.apache.nifi.nar.NarClassLoader[./work/nar/extensions/nifi-gcp-services-api-nar-2.6.0.nar-unpacked]
2025-10-16 10:33:33,969 INFO [main] org.apache.nifi.nar.NarClassLoaders Loaded NAR file: /opt/nifi/nifi-current/./work/nar/extensions/nifi-database-dialect-service-nar-2.6.0.nar-unpacked as class loader org.apache.nifi.nar.NarClassLoader[./work/nar/extensions/nifi-database-dialect-service-nar-2.6.0.nar-unpacked]
2025-10-16 10:33:33,970 INFO [main] org.apache.nifi.nar.NarClassLoaders Loaded NAR file: /opt/nifi/nifi-current/./work/nar/extensions/nifi-poi-nar-2.6.0.nar-unpacked as class loader org.apache.nifi.nar.NarClassLoader[./work/nar/extensions/nifi-poi-nar-2.6.0.nar-unpacked]
2025-10-16 10:33:33,971 INFO [main] org.apache.nifi.nar.NarClassLoaders Loaded NAR file: /opt/nifi/nifi-current/./work/nar/extensions/nifi-key-service-nar-2.6.0.nar-unpacked as class loader org.apache.nifi.nar.NarClassLoader[./work/nar/extensions/nifi-key-service-nar-2.6.0.nar-unpacked]
2025-10-16 10:33:33,972 INFO [main] org.apache.nifi.nar.NarClassLoaders Loaded NAR file: /opt/nifi/nifi-current/./work/nar/extensions/nifi-asana-services-api-nar-2.6.0.nar-unpacked as class loader org.apache.nifi.nar.NarClassLoader[./work/nar/extensions/nifi-asana-services-api-nar-2.6.0.nar-unpacked]
2025-10-16 10:33:33,993 INFO [main] org.apache.nifi.nar.NarClassLoaders Loaded NAR file: /opt/nifi/nifi-current/./work/nar/extensions/nifi-snmp-nar-2.6.0.nar-unpacked as class loader org.apache.nifi.nar.NarClassLoader[./work/nar/extensions/nifi-snmp-nar-2.6.0.nar-unpacked]
2025-10-16 10:33:33,993 INFO [main] org.apache.nifi.nar.NarClassLoaders Loaded NAR file: /opt/nifi/nifi-current/./work/nar/extensions/nifi-framework-zookeeper-nar-2.6.0.nar-unpacked as class loader org.apache.nifi.nar.NarClassLoader[./work/nar/extensions/nifi-framework-zookeeper-nar-2.6.0.nar-unpacked]
2025-10-16 10:33:33,995 INFO [main] org.apache.nifi.nar.NarClassLoaders Loaded NAR file: /opt/nifi/nifi-current/./work/nar/extensions/nifi-ssl-context-service-nar-2.6.0.nar-unpacked as class loader org.apache.nifi.nar.NarClassLoader[./work/nar/extensions/nifi-ssl-context-service-nar-2.6.0.nar-unpacked]
2025-10-16 10:33:33,995 INFO [main] org.apache.nifi.nar.NarClassLoaders Loaded NAR file: /opt/nifi/nifi-current/./work/nar/extensions/nifi-web-client-provider-service-nar-2.6.0.nar-unpacked as class loader org.apache.nifi.nar.NarClassLoader[./work/nar/extensions/nifi-web-client-provider-service-nar-2.6.0.nar-unpacked]
2025-10-16 10:33:33,996 INFO [main] org.apache.nifi.nar.NarClassLoaders Loaded NAR file: /opt/nifi/nifi-current/./work/nar/extensions/nifi-network-processors-nar-2.6.0.nar-unpacked as class loader org.apache.nifi.nar.NarClassLoader[./work/nar/extensions/nifi-network-processors-nar-2.6.0.nar-unpacked]
2025-10-16 10:33:33,996 INFO [main] org.apache.nifi.nar.NarClassLoaders Loaded NAR file: /opt/nifi/nifi-current/./work/nar/extensions/nifi-kafka-service-api-nar-2.6.0.nar-unpacked as class loader org.apache.nifi.nar.NarClassLoader[./work/nar/extensions/nifi-kafka-service-api-nar-2.6.0.nar-unpacked]
2025-10-16 10:33:33,996 INFO [main] org.apache.nifi.nar.NarClassLoaders Loaded NAR file: /opt/nifi/nifi-current/./work/nar/extensions/nifi-windows-event-log-nar-2.6.0.nar-unpacked as class loader org.apache.nifi.nar.NarClassLoader[./work/nar/extensions/nifi-windows-event-log-nar-2.6.0.nar-unpacked]
2025-10-16 10:33:33,998 INFO [main] org.apache.nifi.nar.NarClassLoaders Loaded NAR file: /opt/nifi/nifi-current/./work/nar/extensions/nifi-gcp-nar-2.6.0.nar-unpacked as class loader org.apache.nifi.nar.NarClassLoader[./work/nar/extensions/nifi-gcp-nar-2.6.0.nar-unpacked]
2025-10-16 10:33:34,001 INFO [main] org.apache.nifi.nar.NarClassLoaders Loaded NAR file: /opt/nifi/nifi-current/./work/nar/extensions/nifi-hashicorp-vault-client-service-api-nar-2.6.0.nar-unpacked as class loader org.apache.nifi.nar.NarClassLoader[./work/nar/extensions/nifi-hashicorp-vault-client-service-api-nar-2.6.0.nar-unpacked]
2025-10-16 10:33:34,001 INFO [main] org.apache.nifi.nar.NarClassLoaders Loaded NAR file: /opt/nifi/nifi-current/./work/nar/extensions/nifi-registry-nar-2.6.0.nar-unpacked as class loader org.apache.nifi.nar.NarClassLoader[./work/nar/extensions/nifi-registry-nar-2.6.0.nar-unpacked]
2025-10-16 10:33:34,002 INFO [main] org.apache.nifi.nar.NarClassLoaders Loaded NAR file: /opt/nifi/nifi-current/./work/nar/extensions/nifi-protobuf-services-nar-2.6.0.nar-unpacked as class loader org.apache.nifi.nar.NarClassLoader[./work/nar/extensions/nifi-protobuf-services-nar-2.6.0.nar-unpacked]
2025-10-16 10:33:34,003 INFO [main] org.apache.nifi.nar.NarClassLoaders Loaded NAR file: /opt/nifi/nifi-current/./work/nar/extensions/nifi-asana-services-nar-2.6.0.nar-unpacked as class loader org.apache.nifi.nar.NarClassLoader[./work/nar/extensions/nifi-asana-services-nar-2.6.0.nar-unpacked]
2025-10-16 10:33:34,004 INFO [main] org.apache.nifi.nar.NarClassLoaders Loaded NAR file: /opt/nifi/nifi-current/./work/nar/extensions/nifi-site-to-site-reporting-nar-2.6.0.nar-unpacked as class loader org.apache.nifi.nar.NarClassLoader[./work/nar/extensions/nifi-site-to-site-reporting-nar-2.6.0.nar-unpacked]
2025-10-16 10:33:34,005 INFO [main] org.apache.nifi.nar.NarClassLoaders Loaded NAR file: /opt/nifi/nifi-current/./work/nar/extensions/nifi-zendesk-nar-2.6.0.nar-unpacked as class loader org.apache.nifi.nar.NarClassLoader[./work/nar/extensions/nifi-zendesk-nar-2.6.0.nar-unpacked]
2025-10-16 10:33:34,005 INFO [main] org.apache.nifi.nar.NarClassLoaders Loaded NAR file: /opt/nifi/nifi-current/./work/nar/extensions/nifi-cipher-nar-2.6.0.nar-unpacked as class loader org.apache.nifi.nar.NarClassLoader[./work/nar/extensions/nifi-cipher-nar-2.6.0.nar-unpacked]
2025-10-16 10:33:34,005 INFO [main] org.apache.nifi.nar.NarClassLoaders Loaded NAR file: /opt/nifi/nifi-current/./work/nar/extensions/nifi-jms-cf-service-nar-2.6.0.nar-unpacked as class loader org.apache.nifi.nar.NarClassLoader[./work/nar/extensions/nifi-jms-cf-service-nar-2.6.0.nar-unpacked]
2025-10-16 10:33:34,006 INFO [main] org.apache.nifi.nar.NarClassLoaders Loaded NAR file: /opt/nifi/nifi-current/./work/nar/extensions/nifi-jolt-nar-2.6.0.nar-unpacked as class loader org.apache.nifi.nar.NarClassLoader[./work/nar/extensions/nifi-jolt-nar-2.6.0.nar-unpacked]
2025-10-16 10:33:34,006 INFO [main] org.apache.nifi.nar.NarClassLoaders Loaded NAR file: /opt/nifi/nifi-current/./work/nar/extensions/nifi-hazelcast-services-api-nar-2.6.0.nar-unpacked as class loader org.apache.nifi.nar.NarClassLoader[./work/nar/extensions/nifi-hazelcast-services-api-nar-2.6.0.nar-unpacked]
2025-10-16 10:33:34,006 INFO [main] org.apache.nifi.nar.NarClassLoaders Loaded NAR file: /opt/nifi/nifi-current/./work/nar/extensions/nifi-pgp-service-api-nar-2.6.0.nar-unpacked as class loader org.apache.nifi.nar.NarClassLoader[./work/nar/extensions/nifi-pgp-service-api-nar-2.6.0.nar-unpacked]
2025-10-16 10:33:34,007 INFO [main] org.apache.nifi.nar.NarClassLoaders Loaded NAR file: /opt/nifi/nifi-current/./work/nar/extensions/nifi-proxy-configuration-nar-2.6.0.nar-unpacked as class loader org.apache.nifi.nar.NarClassLoader[./work/nar/extensions/nifi-proxy-configuration-nar-2.6.0.nar-unpacked]
2025-10-16 10:33:34,007 INFO [main] org.apache.nifi.nar.NarClassLoaders Loaded NAR file: /opt/nifi/nifi-current/./work/nar/extensions/nifi-airtable-nar-2.6.0.nar-unpacked as class loader org.apache.nifi.nar.NarClassLoader[./work/nar/extensions/nifi-airtable-nar-2.6.0.nar-unpacked]
2025-10-16 10:33:34,008 INFO [main] org.apache.nifi.nar.NarClassLoaders Loaded NAR file: /opt/nifi/nifi-current/./work/nar/extensions/nifi-github-nar-2.6.0.nar-unpacked as class loader org.apache.nifi.nar.NarClassLoader[./work/nar/extensions/nifi-github-nar-2.6.0.nar-unpacked]
2025-10-16 10:33:34,008 INFO [main] org.apache.nifi.nar.NarClassLoaders Loaded NAR file: /opt/nifi/nifi-current/./work/nar/extensions/nifi-oauth2-provider-nar-2.6.0.nar-unpacked as class loader org.apache.nifi.nar.NarClassLoader[./work/nar/extensions/nifi-oauth2-provider-nar-2.6.0.nar-unpacked]
2025-10-16 10:33:34,009 INFO [main] org.apache.nifi.nar.NarClassLoaders Loaded NAR file: /opt/nifi/nifi-current/./work/nar/extensions/nifi-workday-processors-nar-2.6.0.nar-unpacked as class loader org.apache.nifi.nar.NarClassLoader[./work/nar/extensions/nifi-workday-processors-nar-2.6.0.nar-unpacked]
2025-10-16 10:33:34,009 INFO [main] org.apache.nifi.nar.NarClassLoaders Loaded NAR file: /opt/nifi/nifi-current/./work/nar/extensions/nifi-mongodb-client-service-api-nar-2.6.0.nar-unpacked as class loader org.apache.nifi.nar.NarClassLoader[./work/nar/extensions/nifi-mongodb-client-service-api-nar-2.6.0.nar-unpacked]
2025-10-16 10:33:34,010 INFO [main] org.apache.nifi.nar.NarClassLoaders Loaded NAR file: /opt/nifi/nifi-current/./work/nar/extensions/nifi-groovyx-nar-2.6.0.nar-unpacked as class loader org.apache.nifi.nar.NarClassLoader[./work/nar/extensions/nifi-groovyx-nar-2.6.0.nar-unpacked]
2025-10-16 10:33:34,012 INFO [main] org.apache.nifi.nar.NarClassLoaders Loaded NAR file: /opt/nifi/nifi-current/./work/nar/extensions/nifi-hazelcast-services-nar-2.6.0.nar-unpacked as class loader org.apache.nifi.nar.NarClassLoader[./work/nar/extensions/nifi-hazelcast-services-nar-2.6.0.nar-unpacked]
2025-10-16 10:33:34,013 INFO [main] org.apache.nifi.nar.NarClassLoaders Loaded NAR file: /opt/nifi/nifi-current/./work/nar/extensions/nifi-mqtt-nar-2.6.0.nar-unpacked as class loader org.apache.nifi.nar.NarClassLoader[./work/nar/extensions/nifi-mqtt-nar-2.6.0.nar-unpacked]
2025-10-16 10:33:34,014 INFO [main] org.apache.nifi.nar.NarClassLoaders Loaded NAR file: /opt/nifi/nifi-current/./work/nar/extensions/nifi-cdc-mysql-nar-2.6.0.nar-unpacked as class loader org.apache.nifi.nar.NarClassLoader[./work/nar/extensions/nifi-cdc-mysql-nar-2.6.0.nar-unpacked]
2025-10-16 10:33:34,014 INFO [main] org.apache.nifi.nar.NarClassLoaders Loaded NAR file: /opt/nifi/nifi-current/./work/nar/extensions/nifi-jslt-nar-2.6.0.nar-unpacked as class loader org.apache.nifi.nar.NarClassLoader[./work/nar/extensions/nifi-jslt-nar-2.6.0.nar-unpacked]
2025-10-16 10:33:34,015 INFO [main] org.apache.nifi.nar.NarClassLoaders Loaded NAR file: /opt/nifi/nifi-current/./work/nar/extensions/nifi-kafka-nar-2.6.0.nar-unpacked as class loader org.apache.nifi.nar.NarClassLoader[./work/nar/extensions/nifi-kafka-nar-2.6.0.nar-unpacked]
2025-10-16 10:33:34,015 INFO [main] org.apache.nifi.nar.NarClassLoaders Loaded NAR file: /opt/nifi/nifi-current/./work/nar/extensions/nifi-mongodb-nar-2.6.0.nar-unpacked as class loader org.apache.nifi.nar.NarClassLoader[./work/nar/extensions/nifi-mongodb-nar-2.6.0.nar-unpacked]
2025-10-16 10:33:34,015 INFO [main] org.apache.nifi.nar.NarClassLoaders Loaded NAR file: /opt/nifi/nifi-current/./work/nar/extensions/nifi-pgp-service-nar-2.6.0.nar-unpacked as class loader org.apache.nifi.nar.NarClassLoader[./work/nar/extensions/nifi-pgp-service-nar-2.6.0.nar-unpacked]
2025-10-16 10:33:34,015 INFO [main] org.apache.nifi.nar.NarClassLoaders Loaded NAR file: /opt/nifi/nifi-current/./work/nar/extensions/nifi-standard-content-viewer-nar-2.6.0.nar-unpacked as class loader org.apache.nifi.nar.NarClassLoader[./work/nar/extensions/nifi-standard-content-viewer-nar-2.6.0.nar-unpacked]
2025-10-16 10:33:34,016 INFO [main] org.apache.nifi.nar.NarClassLoaders Loaded NAR file: /opt/nifi/nifi-current/./work/nar/extensions/nifi-standard-nar-2.6.0.nar-unpacked as class loader org.apache.nifi.nar.NarClassLoader[./work/nar/extensions/nifi-standard-nar-2.6.0.nar-unpacked]
2025-10-16 10:33:34,023 INFO [main] org.apache.nifi.nar.NarClassLoaders Loaded NAR file: /opt/nifi/nifi-current/./work/nar/extensions/nifi-box-services-api-nar-2.6.0.nar-unpacked as class loader org.apache.nifi.nar.NarClassLoader[./work/nar/extensions/nifi-box-services-api-nar-2.6.0.nar-unpacked]
2025-10-16 10:33:34,023 INFO [main] org.apache.nifi.nar.NarClassLoaders Loaded NAR file: /opt/nifi/nifi-current/./work/nar/extensions/nifi-http-context-map-nar-2.6.0.nar-unpacked as class loader org.apache.nifi.nar.NarClassLoader[./work/nar/extensions/nifi-http-context-map-nar-2.6.0.nar-unpacked]
2025-10-16 10:33:34,023 INFO [main] org.apache.nifi.nar.NarClassLoaders Loaded NAR file: /opt/nifi/nifi-current/./work/nar/extensions/nifi-avro-nar-2.6.0.nar-unpacked as class loader org.apache.nifi.nar.NarClassLoader[./work/nar/extensions/nifi-avro-nar-2.6.0.nar-unpacked]
2025-10-16 10:33:34,024 INFO [main] org.apache.nifi.nar.NarClassLoaders Loaded NAR file: /opt/nifi/nifi-current/./work/nar/extensions/nifi-enrich-nar-2.6.0.nar-unpacked as class loader org.apache.nifi.nar.NarClassLoader[./work/nar/extensions/nifi-enrich-nar-2.6.0.nar-unpacked]
2025-10-16 10:33:34,024 INFO [main] org.apache.nifi.nar.NarClassLoaders Loaded NAR file: /opt/nifi/nifi-current/./work/nar/extensions/nifi-lookup-services-nar-2.6.0.nar-unpacked as class loader org.apache.nifi.nar.NarClassLoader[./work/nar/extensions/nifi-lookup-services-nar-2.6.0.nar-unpacked]
2025-10-16 10:33:34,025 INFO [main] org.apache.nifi.nar.NarClassLoaders Loaded NAR file: /opt/nifi/nifi-current/./work/nar/extensions/nifi-splunk-nar-2.6.0.nar-unpacked as class loader org.apache.nifi.nar.NarClassLoader[./work/nar/extensions/nifi-splunk-nar-2.6.0.nar-unpacked]
2025-10-16 10:33:34,025 INFO [main] org.apache.nifi.nar.NarClassLoaders Loaded NAR file: /opt/nifi/nifi-current/./work/nar/extensions/nifi-zendesk-services-nar-2.6.0.nar-unpacked as class loader org.apache.nifi.nar.NarClassLoader[./work/nar/extensions/nifi-zendesk-services-nar-2.6.0.nar-unpacked]
2025-10-16 10:33:34,026 INFO [main] org.apache.nifi.nar.NarClassLoaders Loaded NAR file: /opt/nifi/nifi-current/./work/nar/extensions/nifi-hashicorp-vault-nar-2.6.0.nar-unpacked as class loader org.apache.nifi.nar.NarClassLoader[./work/nar/extensions/nifi-hashicorp-vault-nar-2.6.0.nar-unpacked]
2025-10-16 10:33:34,027 INFO [main] org.apache.nifi.nar.NarClassLoaders Loaded NAR file: /opt/nifi/nifi-current/./work/nar/extensions/nifi-distributed-cache-services-nar-2.6.0.nar-unpacked as class loader org.apache.nifi.nar.NarClassLoader[./work/nar/extensions/nifi-distributed-cache-services-nar-2.6.0.nar-unpacked]
2025-10-16 10:33:34,028 INFO [main] org.apache.nifi.nar.NarClassLoaders Loaded NAR file: /opt/nifi/nifi-current/./work/nar/extensions/nifi-slack-nar-2.6.0.nar-unpacked as class loader org.apache.nifi.nar.NarClassLoader[./work/nar/extensions/nifi-slack-nar-2.6.0.nar-unpacked]
2025-10-16 10:33:34,044 INFO [main] org.apache.nifi.nar.NarClassLoaders Loaded NAR file: /opt/nifi/nifi-current/./work/nar/extensions/nifi-kafka-3-service-nar-2.6.0.nar-unpacked as class loader org.apache.nifi.nar.NarClassLoader[./work/nar/extensions/nifi-kafka-3-service-nar-2.6.0.nar-unpacked]
2025-10-16 10:33:34,045 INFO [main] org.apache.nifi.nar.NarClassLoaders Loaded NAR file: /opt/nifi/nifi-current/./work/nar/extensions/nifi-kerberos-user-service-nar-2.6.0.nar-unpacked as class loader org.apache.nifi.nar.NarClassLoader[./work/nar/extensions/nifi-kerberos-user-service-nar-2.6.0.nar-unpacked]
2025-10-16 10:33:34,046 INFO [main] org.apache.nifi.nar.NarClassLoaders Loaded NAR file: /opt/nifi/nifi-current/./work/nar/extensions/nifi-confluent-platform-nar-2.6.0.nar-unpacked as class loader org.apache.nifi.nar.NarClassLoader[./work/nar/extensions/nifi-confluent-platform-nar-2.6.0.nar-unpacked]
2025-10-16 10:33:34,047 INFO [main] org.apache.nifi.nar.NarClassLoaders Loaded NAR file: /opt/nifi/nifi-current/./work/nar/extensions/nifi-social-media-nar-2.6.0.nar-unpacked as class loader org.apache.nifi.nar.NarClassLoader[./work/nar/extensions/nifi-social-media-nar-2.6.0.nar-unpacked]
2025-10-16 10:33:34,048 INFO [main] org.apache.nifi.nar.NarClassLoaders Loaded NAR file: /opt/nifi/nifi-current/./work/nar/extensions/nifi-opentelemetry-nar-2.6.0.nar-unpacked as class loader org.apache.nifi.nar.NarClassLoader[./work/nar/extensions/nifi-opentelemetry-nar-2.6.0.nar-unpacked]
2025-10-16 10:33:34,049 INFO [main] org.apache.nifi.nar.NarClassLoaders Loaded NAR file: /opt/nifi/nifi-current/./work/nar/extensions/nifi-elasticsearch-client-service-api-nar-2.6.0.nar-unpacked as class loader org.apache.nifi.nar.NarClassLoader[./work/nar/extensions/nifi-elasticsearch-client-service-api-nar-2.6.0.nar-unpacked]
2025-10-16 10:33:34,049 INFO [main] org.apache.nifi.nar.NarClassLoaders Loaded NAR file: /opt/nifi/nifi-current/./work/nar/extensions/nifi-py4j-nar-2.6.0.nar-unpacked as class loader org.apache.nifi.nar.NarClassLoader[./work/nar/extensions/nifi-py4j-nar-2.6.0.nar-unpacked]
2025-10-16 10:33:34,049 INFO [main] org.apache.nifi.nar.NarClassLoaders Loaded NAR file: /opt/nifi/nifi-current/./work/nar/extensions/nifi-amqp-nar-2.6.0.nar-unpacked as class loader org.apache.nifi.nar.NarClassLoader[./work/nar/extensions/nifi-amqp-nar-2.6.0.nar-unpacked]
2025-10-16 10:33:34,050 INFO [main] org.apache.nifi.nar.NarClassLoaders Loaded NAR file: /opt/nifi/nifi-current/./work/nar/extensions/nifi-salesforce-nar-2.6.0.nar-unpacked as class loader org.apache.nifi.nar.NarClassLoader[./work/nar/extensions/nifi-salesforce-nar-2.6.0.nar-unpacked]
2025-10-16 10:33:34,051 INFO [main] org.apache.nifi.nar.NarClassLoaders Loaded NAR file: /opt/nifi/nifi-current/./work/nar/extensions/nifi-websocket-services-api-nar-2.6.0.nar-unpacked as class loader org.apache.nifi.nar.NarClassLoader[./work/nar/extensions/nifi-websocket-services-api-nar-2.6.0.nar-unpacked]
2025-10-16 10:33:34,051 INFO [main] org.apache.nifi.nar.NarClassLoaders Loaded NAR file: /opt/nifi/nifi-current/./work/nar/extensions/nifi-shopify-nar-2.6.0.nar-unpacked as class loader org.apache.nifi.nar.NarClassLoader[./work/nar/extensions/nifi-shopify-nar-2.6.0.nar-unpacked]
2025-10-16 10:33:34,051 INFO [main] org.apache.nifi.nar.NarClassLoaders Loaded NAR file: /opt/nifi/nifi-current/./work/nar/extensions/nifi-geohash-nar-2.6.0.nar-unpacked as class loader org.apache.nifi.nar.NarClassLoader[./work/nar/extensions/nifi-geohash-nar-2.6.0.nar-unpacked]
2025-10-16 10:33:34,052 INFO [main] org.apache.nifi.nar.NarClassLoaders Loaded NAR file: /opt/nifi/nifi-current/./work/nar/extensions/nifi-aws-service-api-nar-2.6.0.nar-unpacked as class loader org.apache.nifi.nar.NarClassLoader[./work/nar/extensions/nifi-aws-service-api-nar-2.6.0.nar-unpacked]
2025-10-16 10:33:34,053 INFO [main] org.apache.nifi.nar.NarClassLoaders Loaded NAR file: /opt/nifi/nifi-current/./work/nar/extensions/nifi-kafka-service-aws-nar-2.6.0.nar-unpacked as class loader org.apache.nifi.nar.NarClassLoader[./work/nar/extensions/nifi-kafka-service-aws-nar-2.6.0.nar-unpacked]
2025-10-16 10:33:34,055 INFO [main] org.apache.nifi.nar.NarClassLoaders Loaded NAR file: /opt/nifi/nifi-current/./work/nar/extensions/nifi-db-schema-registry-service-nar-2.6.0.nar-unpacked as class loader org.apache.nifi.nar.NarClassLoader[./work/nar/extensions/nifi-db-schema-registry-service-nar-2.6.0.nar-unpacked]
2025-10-16 10:33:34,055 INFO [main] org.apache.nifi.nar.NarClassLoaders Loaded NAR file: /opt/nifi/nifi-current/./work/nar/extensions/nifi-dropbox-services-api-nar-2.6.0.nar-unpacked as class loader org.apache.nifi.nar.NarClassLoader[./work/nar/extensions/nifi-dropbox-services-api-nar-2.6.0.nar-unpacked]
2025-10-16 10:33:34,056 INFO [main] org.apache.nifi.nar.NarClassLoaders Loaded NAR file: /opt/nifi/nifi-current/./work/nar/extensions/nifi-flow-registry-client-nar-2.6.0.nar-unpacked as class loader org.apache.nifi.nar.NarClassLoader[./work/nar/extensions/nifi-flow-registry-client-nar-2.6.0.nar-unpacked]
2025-10-16 10:33:34,057 INFO [main] org.apache.nifi.nar.NarClassLoaders Loaded NAR file: /opt/nifi/nifi-current/./work/nar/extensions/nifi-azure-services-api-nar-2.6.0.nar-unpacked as class loader org.apache.nifi.nar.NarClassLoader[./work/nar/extensions/nifi-azure-services-api-nar-2.6.0.nar-unpacked]
2025-10-16 10:33:34,060 INFO [main] org.apache.nifi.nar.NarClassLoaders Loaded NAR file: /opt/nifi/nifi-current/./work/nar/extensions/nifi-dropbox-services-nar-2.6.0.nar-unpacked as class loader org.apache.nifi.nar.NarClassLoader[./work/nar/extensions/nifi-dropbox-services-nar-2.6.0.nar-unpacked]
2025-10-16 10:33:34,061 INFO [main] org.apache.nifi.nar.NarClassLoaders Loaded NAR file: /opt/nifi/nifi-current/./work/nar/extensions/nifi-apicurio-nar-2.6.0.nar-unpacked as class loader org.apache.nifi.nar.NarClassLoader[./work/nar/extensions/nifi-apicurio-nar-2.6.0.nar-unpacked]
2025-10-16 10:33:34,061 INFO [main] org.apache.nifi.nar.NarClassLoaders Loaded NAR file: /opt/nifi/nifi-current/./work/nar/extensions/nifi-hubspot-nar-2.6.0.nar-unpacked as class loader org.apache.nifi.nar.NarClassLoader[./work/nar/extensions/nifi-hubspot-nar-2.6.0.nar-unpacked]
2025-10-16 10:33:34,061 INFO [main] org.apache.nifi.nar.NarClassLoaders Loaded NAR file: /opt/nifi/nifi-current/./work/nar/extensions/nifi-smb-client-api-nar-2.6.0.nar-unpacked as class loader org.apache.nifi.nar.NarClassLoader[./work/nar/extensions/nifi-smb-client-api-nar-2.6.0.nar-unpacked]
2025-10-16 10:33:34,062 INFO [main] org.apache.nifi.nar.NarClassLoaders Loaded NAR file: /opt/nifi/nifi-current/./work/nar/extensions/nifi-record-sink-service-nar-2.6.0.nar-unpacked as class loader org.apache.nifi.nar.NarClassLoader[./work/nar/extensions/nifi-record-sink-service-nar-2.6.0.nar-unpacked]
2025-10-16 10:33:34,062 INFO [main] org.apache.nifi.nar.NarClassLoaders Loaded NAR file: /opt/nifi/nifi-current/./work/nar/extensions/nifi-gitlab-nar-2.6.0.nar-unpacked as class loader org.apache.nifi.nar.NarClassLoader[./work/nar/extensions/nifi-gitlab-nar-2.6.0.nar-unpacked]
2025-10-16 10:33:34,063 INFO [main] org.apache.nifi.nar.NarClassLoaders Loaded NAR file: /opt/nifi/nifi-current/./work/nar/extensions/nifi-box-nar-2.6.0.nar-unpacked as class loader org.apache.nifi.nar.NarClassLoader[./work/nar/extensions/nifi-box-nar-2.6.0.nar-unpacked]
2025-10-16 10:33:34,064 INFO [main] org.apache.nifi.nar.NarClassLoaders Loaded NAR file: /opt/nifi/nifi-current/./work/nar/extensions/nifi-scripting-nar-2.6.0.nar-unpacked as class loader org.apache.nifi.nar.NarClassLoader[./work/nar/extensions/nifi-scripting-nar-2.6.0.nar-unpacked]
2025-10-16 10:33:34,066 INFO [main] org.apache.nifi.nar.NarClassLoaders Loaded NAR file: /opt/nifi/nifi-current/./work/nar/extensions/nifi-asana-processors-nar-2.6.0.nar-unpacked as class loader org.apache.nifi.nar.NarClassLoader[./work/nar/extensions/nifi-asana-processors-nar-2.6.0.nar-unpacked]
2025-10-16 10:33:34,067 INFO [main] org.apache.nifi.nar.NarClassLoaders Loaded NAR file: /opt/nifi/nifi-current/./work/nar/extensions/nifi-atlassian-nar-2.6.0.nar-unpacked as class loader org.apache.nifi.nar.NarClassLoader[./work/nar/extensions/nifi-atlassian-nar-2.6.0.nar-unpacked]
2025-10-16 10:33:34,067 INFO [main] org.apache.nifi.nar.NarClassLoaders Loaded NAR file: /opt/nifi/nifi-current/./work/nar/extensions/nifi-jms-processors-nar-2.6.0.nar-unpacked as class loader org.apache.nifi.nar.NarClassLoader[./work/nar/extensions/nifi-jms-processors-nar-2.6.0.nar-unpacked]
2025-10-16 10:33:34,068 INFO [main] org.apache.nifi.nar.NarClassLoaders Loaded NAR file: /opt/nifi/nifi-current/./work/nar/extensions/nifi-record-serialization-services-nar-2.6.0.nar-unpacked as class loader org.apache.nifi.nar.NarClassLoader[./work/nar/extensions/nifi-record-serialization-services-nar-2.6.0.nar-unpacked]
2025-10-16 10:33:34,069 INFO [main] org.apache.nifi.nar.NarClassLoaders Loaded NAR file: /opt/nifi/nifi-current/./work/nar/extensions/nifi-elasticsearch-client-service-nar-2.6.0.nar-unpacked as class loader org.apache.nifi.nar.NarClassLoader[./work/nar/extensions/nifi-elasticsearch-client-service-nar-2.6.0.nar-unpacked]
2025-10-16 10:33:34,070 INFO [main] org.apache.nifi.nar.NarClassLoaders Loaded NAR file: /opt/nifi/nifi-current/./work/nar/extensions/nifi-redis-service-api-nar-2.6.0.nar-unpacked as class loader org.apache.nifi.nar.NarClassLoader[./work/nar/extensions/nifi-redis-service-api-nar-2.6.0.nar-unpacked]
2025-10-16 10:33:34,071 INFO [main] org.apache.nifi.nar.NarClassLoaders Loaded NAR file: /opt/nifi/nifi-current/./work/nar/extensions/nifi-smb-smbj-client-nar-2.6.0.nar-unpacked as class loader org.apache.nifi.nar.NarClassLoader[./work/nar/extensions/nifi-smb-smbj-client-nar-2.6.0.nar-unpacked]
2025-10-16 10:33:34,072 INFO [main] org.apache.nifi.nar.NarClassLoaders Loaded NAR file: /opt/nifi/nifi-current/./work/nar/extensions/nifi-pgp-nar-2.6.0.nar-unpacked as class loader org.apache.nifi.nar.NarClassLoader[./work/nar/extensions/nifi-pgp-nar-2.6.0.nar-unpacked]
2025-10-16 10:33:34,072 INFO [main] org.apache.nifi.nar.NarClassLoaders Loaded NAR file: /opt/nifi/nifi-current/./work/nar/extensions/nifi-smb-nar-2.6.0.nar-unpacked as class loader org.apache.nifi.nar.NarClassLoader[./work/nar/extensions/nifi-smb-nar-2.6.0.nar-unpacked]
2025-10-16 10:33:34,073 INFO [main] org.apache.nifi.nar.NarClassLoaders Loaded NAR file: /opt/nifi/nifi-current/./work/nar/extensions/nifi-mongodb-services-nar-2.6.0.nar-unpacked as class loader org.apache.nifi.nar.NarClassLoader[./work/nar/extensions/nifi-mongodb-services-nar-2.6.0.nar-unpacked]
2025-10-16 10:33:34,073 INFO [main] org.apache.nifi.nar.NarClassLoaders Loaded NAR file: /opt/nifi/nifi-current/./work/nar/extensions/nifi-websocket-processors-nar-2.6.0.nar-unpacked as class loader org.apache.nifi.nar.NarClassLoader[./work/nar/extensions/nifi-websocket-processors-nar-2.6.0.nar-unpacked]
2025-10-16 10:33:34,073 INFO [main] org.apache.nifi.nar.NarClassLoaders Loaded NAR file: /opt/nifi/nifi-current/./work/nar/extensions/nifi-dropbox-processors-nar-2.6.0.nar-unpacked as class loader org.apache.nifi.nar.NarClassLoader[./work/nar/extensions/nifi-dropbox-processors-nar-2.6.0.nar-unpacked]
2025-10-16 10:33:34,074 INFO [main] org.apache.nifi.nar.NarClassLoaders Loaded NAR file: /opt/nifi/nifi-current/./work/nar/extensions/nifi-websocket-services-jetty-nar-2.6.0.nar-unpacked as class loader org.apache.nifi.nar.NarClassLoader[./work/nar/extensions/nifi-websocket-services-jetty-nar-2.6.0.nar-unpacked]
2025-10-16 10:33:34,075 INFO [main] org.apache.nifi.nar.NarClassLoaders Loaded NAR file: /opt/nifi/nifi-current/./work/nar/extensions/nifi-box-services-nar-2.6.0.nar-unpacked as class loader org.apache.nifi.nar.NarClassLoader[./work/nar/extensions/nifi-box-services-nar-2.6.0.nar-unpacked]
2025-10-16 10:33:34,076 INFO [main] org.apache.nifi.nar.NarClassLoaders Loaded NAR file: /opt/nifi/nifi-current/./work/nar/extensions/nifi-aws-nar-2.6.0.nar-unpacked as class loader org.apache.nifi.nar.NarClassLoader[./work/nar/extensions/nifi-aws-nar-2.6.0.nar-unpacked]
2025-10-16 10:33:34,081 INFO [main] org.apache.nifi.nar.NarClassLoaders Loaded NAR file: /opt/nifi/nifi-current/./work/nar/extensions/nifi-elasticsearch-restapi-nar-2.6.0.nar-unpacked as class loader org.apache.nifi.nar.NarClassLoader[./work/nar/extensions/nifi-elasticsearch-restapi-nar-2.6.0.nar-unpacked]
2025-10-16 10:33:34,082 INFO [main] org.apache.nifi.nar.NarClassLoaders Loaded NAR file: /opt/nifi/nifi-current/./work/nar/extensions/nifi-azure-nar-2.6.0.nar-unpacked as class loader org.apache.nifi.nar.NarClassLoader[./work/nar/extensions/nifi-azure-nar-2.6.0.nar-unpacked]
2025-10-16 10:33:34,088 INFO [main] org.apache.nifi.nar.NarClassLoaders Loaded NAR file: /opt/nifi/nifi-current/./work/nar/extensions/nifi-redis-nar-2.6.0.nar-unpacked as class loader org.apache.nifi.nar.NarClassLoader[./work/nar/extensions/nifi-redis-nar-2.6.0.nar-unpacked]
2025-10-16 10:33:34,088 INFO [main] org.apache.nifi.nar.NarClassLoaders Found NiFiServer implementation org.apache.nifi.web.server.JettyServer in org.apache.nifi:nifi-server-nar:2.6.0
2025-10-16 10:33:34,089 INFO [main] o.a.nifi.properties.NiFiPropertiesLoader Loading Application Properties [/opt/nifi/nifi-current/conf/nifi.properties]
2025-10-16 10:33:34,130 ERROR [main] org.apache.nifi.web.server.JettyServer Failed to start Server
java.lang.IllegalStateException: Invalid port configuration in nifi.properties: Both nifi.web.https.port and nifi.web.http.port specified
	at org.apache.nifi.web.server.connector.FrameworkServerConnectorFactory.getPort(FrameworkServerConnectorFactory.java:156)
	at org.apache.nifi.web.server.connector.FrameworkServerConnectorFactory.<init>(FrameworkServerConnectorFactory.java:68)
	at org.apache.nifi.web.server.StandardServerProvider.addConnectors(StandardServerProvider.java:96)
	at org.apache.nifi.web.server.StandardServerProvider.getServer(StandardServerProvider.java:69)
	at org.apache.nifi.web.server.JettyServer.init(JettyServer.java:215)
	at org.apache.nifi.web.server.JettyServer.initialize(JettyServer.java:988)
	at org.apache.nifi.runtime.Application.startServer(Application.java:126)
	at org.apache.nifi.runtime.Application.run(Application.java:78)
	at org.apache.nifi.runtime.Application.run(Application.java:60)
	at org.apache.nifi.NiFi.main(NiFi.java:42)
2025-10-16 10:34:34,786 INFO [main] org.apache.nifi.runtime.Application Starting NiFi 2.6.0 using Java 21.0.8+12-LTS with PID 46
2025-10-16 10:34:34,788 INFO [main] o.apache.nifi.runtime.PropertiesProvider Loading Application Properties [/opt/nifi/nifi-current/conf/nifi.properties]
2025-10-16 10:34:34,794 INFO [main] org.apache.nifi.nar.NarUnpacker Expanding 112 NAR files started
2025-10-16 10:34:35,309 INFO [main] org.apache.nifi.nar.NarUnpacker Expanded 112 NAR files in 0.515 seconds (515249250 ns)
2025-10-16 10:34:35,528 INFO [main] org.apache.nifi.nar.NarClassLoaders Loaded NAR file: /opt/nifi/nifi-current/./work/nar/extensions/nifi-jetty-nar-2.6.0.nar-unpacked as class loader org.apache.nifi.nar.NarClassLoader[./work/nar/extensions/nifi-jetty-nar-2.6.0.nar-unpacked]
2025-10-16 10:34:35,532 INFO [main] org.apache.nifi.nar.NarClassLoaders Loaded NAR file: /opt/nifi/nifi-current/./work/nar/framework/nifi-framework-nar-2.6.0.nar-unpacked as class loader org.apache.nifi.nar.NarClassLoader[./work/nar/framework/nifi-framework-nar-2.6.0.nar-unpacked]
2025-10-16 10:34:35,577 INFO [main] org.apache.nifi.nar.NarClassLoaders Loaded NAR file: /opt/nifi/nifi-current/./work/nar/extensions/nifi-provenance-repository-nar-2.6.0.nar-unpacked as class loader org.apache.nifi.nar.NarClassLoader[./work/nar/extensions/nifi-provenance-repository-nar-2.6.0.nar-unpacked]
2025-10-16 10:34:35,578 INFO [main] org.apache.nifi.nar.NarClassLoaders Loaded NAR file: /opt/nifi/nifi-current/./work/nar/extensions/nifi-hl7-nar-2.6.0.nar-unpacked as class loader org.apache.nifi.nar.NarClassLoader[./work/nar/extensions/nifi-hl7-nar-2.6.0.nar-unpacked]
2025-10-16 10:34:35,590 INFO [main] org.apache.nifi.nar.NarClassLoaders Loaded NAR file: /opt/nifi/nifi-current/./work/nar/extensions/nifi-compress-nar-2.6.0.nar-unpacked as class loader org.apache.nifi.nar.NarClassLoader[./work/nar/extensions/nifi-compress-nar-2.6.0.nar-unpacked]
2025-10-16 10:34:35,591 INFO [main] org.apache.nifi.nar.NarClassLoaders Loaded NAR file: /opt/nifi/nifi-current/./work/nar/extensions/nifi-update-attribute-nar-2.6.0.nar-unpacked as class loader org.apache.nifi.nar.NarClassLoader[./work/nar/extensions/nifi-update-attribute-nar-2.6.0.nar-unpacked]
2025-10-16 10:34:35,592 INFO [main] org.apache.nifi.nar.NarClassLoaders Loaded NAR file: /opt/nifi/nifi-current/./work/nar/extensions/nifi-ldap-iaa-providers-nar-2.6.0.nar-unpacked as class loader org.apache.nifi.nar.NarClassLoader[./work/nar/extensions/nifi-ldap-iaa-providers-nar-2.6.0.nar-unpacked]
2025-10-16 10:34:35,593 INFO [main] org.apache.nifi.nar.NarClassLoaders Loaded NAR file: /opt/nifi/nifi-current/./work/nar/extensions/nifi-single-user-iaa-providers-nar-2.6.0.nar-unpacked as class loader org.apache.nifi.nar.NarClassLoader[./work/nar/extensions/nifi-single-user-iaa-providers-nar-2.6.0.nar-unpacked]
2025-10-16 10:34:35,593 INFO [main] org.apache.nifi.nar.NarClassLoaders Loaded NAR file: /opt/nifi/nifi-current/./work/nar/extensions/nifi-framework-kubernetes-nar-2.6.0.nar-unpacked as class loader org.apache.nifi.nar.NarClassLoader[./work/nar/extensions/nifi-framework-kubernetes-nar-2.6.0.nar-unpacked]
2025-10-16 10:34:35,597 INFO [main] org.apache.nifi.nar.NarClassLoaders Loaded NAR file: /opt/nifi/nifi-current/./work/nar/extensions/nifi-server-nar-2.6.0.nar-unpacked as class loader org.apache.nifi.nar.NarClassLoader[./work/nar/extensions/nifi-server-nar-2.6.0.nar-unpacked]
2025-10-16 10:34:35,605 INFO [main] org.apache.nifi.nar.NarClassLoaders Loaded NAR file: /opt/nifi/nifi-current/./work/nar/extensions/nifi-standard-services-api-nar-2.6.0.nar-unpacked as class loader org.apache.nifi.nar.NarClassLoader[./work/nar/extensions/nifi-standard-services-api-nar-2.6.0.nar-unpacked]
2025-10-16 10:34:35,606 INFO [main] org.apache.nifi.nar.NarClassLoaders Loaded NAR file: /opt/nifi/nifi-current/./work/nar/extensions/nifi-email-nar-2.6.0.nar-unpacked as class loader org.apache.nifi.nar.NarClassLoader[./work/nar/extensions/nifi-email-nar-2.6.0.nar-unpacked]
2025-10-16 10:34:35,607 INFO [main] org.apache.nifi.nar.NarClassLoaders Loaded NAR file: /opt/nifi/nifi-current/./work/nar/extensions/nifi-dbcp-service-nar-2.6.0.nar-unpacked as class loader org.apache.nifi.nar.NarClassLoader[./work/nar/extensions/nifi-dbcp-service-nar-2.6.0.nar-unpacked]
2025-10-16 10:34:35,608 INFO [main] org.apache.nifi.nar.NarClassLoaders Loaded NAR file: /opt/nifi/nifi-current/./work/nar/extensions/nifi-kerberos-iaa-providers-nar-2.6.0.nar-unpacked as class loader org.apache.nifi.nar.NarClassLoader[./work/nar/extensions/nifi-kerberos-iaa-providers-nar-2.6.0.nar-unpacked]
2025-10-16 10:34:35,608 INFO [main] org.apache.nifi.nar.NarClassLoaders Loaded NAR file: /opt/nifi/nifi-current/./work/nar/extensions/nifi-evtx-nar-2.6.0.nar-unpacked as class loader org.apache.nifi.nar.NarClassLoader[./work/nar/extensions/nifi-evtx-nar-2.6.0.nar-unpacked]
2025-10-16 10:34:35,609 INFO [main] org.apache.nifi.nar.NarClassLoaders Loaded NAR file: /opt/nifi/nifi-current/./work/nar/extensions/nifi-stateful-analysis-nar-2.6.0.nar-unpacked as class loader org.apache.nifi.nar.NarClassLoader[./work/nar/extensions/nifi-stateful-analysis-nar-2.6.0.nar-unpacked]
2025-10-16 10:34:35,609 INFO [main] org.apache.nifi.nar.NarClassLoaders Loaded NAR file: /opt/nifi/nifi-current/./work/nar/extensions/nifi-file-resource-service-nar-2.6.0.nar-unpacked as class loader org.apache.nifi.nar.NarClassLoader[./work/nar/extensions/nifi-file-resource-service-nar-2.6.0.nar-unpacked]
2025-10-16 10:34:35,610 INFO [main] org.apache.nifi.nar.NarClassLoaders Loaded NAR file: /opt/nifi/nifi-current/./work/nar/extensions/nifi-standard-shared-nar-2.6.0.nar-unpacked as class loader org.apache.nifi.nar.NarClassLoader[./work/nar/extensions/nifi-standard-shared-nar-2.6.0.nar-unpacked]
2025-10-16 10:34:35,616 INFO [main] org.apache.nifi.nar.NarClassLoaders Loaded NAR file: /opt/nifi/nifi-current/./work/nar/extensions/nifi-gcp-services-api-nar-2.6.0.nar-unpacked as class loader org.apache.nifi.nar.NarClassLoader[./work/nar/extensions/nifi-gcp-services-api-nar-2.6.0.nar-unpacked]
2025-10-16 10:34:35,617 INFO [main] org.apache.nifi.nar.NarClassLoaders Loaded NAR file: /opt/nifi/nifi-current/./work/nar/extensions/nifi-database-dialect-service-nar-2.6.0.nar-unpacked as class loader org.apache.nifi.nar.NarClassLoader[./work/nar/extensions/nifi-database-dialect-service-nar-2.6.0.nar-unpacked]
2025-10-16 10:34:35,617 INFO [main] org.apache.nifi.nar.NarClassLoaders Loaded NAR file: /opt/nifi/nifi-current/./work/nar/extensions/nifi-poi-nar-2.6.0.nar-unpacked as class loader org.apache.nifi.nar.NarClassLoader[./work/nar/extensions/nifi-poi-nar-2.6.0.nar-unpacked]
2025-10-16 10:34:35,619 INFO [main] org.apache.nifi.nar.NarClassLoaders Loaded NAR file: /opt/nifi/nifi-current/./work/nar/extensions/nifi-key-service-nar-2.6.0.nar-unpacked as class loader org.apache.nifi.nar.NarClassLoader[./work/nar/extensions/nifi-key-service-nar-2.6.0.nar-unpacked]
2025-10-16 10:34:35,619 INFO [main] org.apache.nifi.nar.NarClassLoaders Loaded NAR file: /opt/nifi/nifi-current/./work/nar/extensions/nifi-asana-services-api-nar-2.6.0.nar-unpacked as class loader org.apache.nifi.nar.NarClassLoader[./work/nar/extensions/nifi-asana-services-api-nar-2.6.0.nar-unpacked]
2025-10-16 10:34:35,632 INFO [main] org.apache.nifi.nar.NarClassLoaders Loaded NAR file: /opt/nifi/nifi-current/./work/nar/extensions/nifi-snmp-nar-2.6.0.nar-unpacked as class loader org.apache.nifi.nar.NarClassLoader[./work/nar/extensions/nifi-snmp-nar-2.6.0.nar-unpacked]
2025-10-16 10:34:35,633 INFO [main] org.apache.nifi.nar.NarClassLoaders Loaded NAR file: /opt/nifi/nifi-current/./work/nar/extensions/nifi-framework-zookeeper-nar-2.6.0.nar-unpacked as class loader org.apache.nifi.nar.NarClassLoader[./work/nar/extensions/nifi-framework-zookeeper-nar-2.6.0.nar-unpacked]
2025-10-16 10:34:35,634 INFO [main] org.apache.nifi.nar.NarClassLoaders Loaded NAR file: /opt/nifi/nifi-current/./work/nar/extensions/nifi-ssl-context-service-nar-2.6.0.nar-unpacked as class loader org.apache.nifi.nar.NarClassLoader[./work/nar/extensions/nifi-ssl-context-service-nar-2.6.0.nar-unpacked]
2025-10-16 10:34:35,634 INFO [main] org.apache.nifi.nar.NarClassLoaders Loaded NAR file: /opt/nifi/nifi-current/./work/nar/extensions/nifi-web-client-provider-service-nar-2.6.0.nar-unpacked as class loader org.apache.nifi.nar.NarClassLoader[./work/nar/extensions/nifi-web-client-provider-service-nar-2.6.0.nar-unpacked]
2025-10-16 10:34:35,635 INFO [main] org.apache.nifi.nar.NarClassLoaders Loaded NAR file: /opt/nifi/nifi-current/./work/nar/extensions/nifi-network-processors-nar-2.6.0.nar-unpacked as class loader org.apache.nifi.nar.NarClassLoader[./work/nar/extensions/nifi-network-processors-nar-2.6.0.nar-unpacked]
2025-10-16 10:34:35,635 INFO [main] org.apache.nifi.nar.NarClassLoaders Loaded NAR file: /opt/nifi/nifi-current/./work/nar/extensions/nifi-kafka-service-api-nar-2.6.0.nar-unpacked as class loader org.apache.nifi.nar.NarClassLoader[./work/nar/extensions/nifi-kafka-service-api-nar-2.6.0.nar-unpacked]
2025-10-16 10:34:35,635 INFO [main] org.apache.nifi.nar.NarClassLoaders Loaded NAR file: /opt/nifi/nifi-current/./work/nar/extensions/nifi-windows-event-log-nar-2.6.0.nar-unpacked as class loader org.apache.nifi.nar.NarClassLoader[./work/nar/extensions/nifi-windows-event-log-nar-2.6.0.nar-unpacked]
2025-10-16 10:34:35,636 INFO [main] org.apache.nifi.nar.NarClassLoaders Loaded NAR file: /opt/nifi/nifi-current/./work/nar/extensions/nifi-gcp-nar-2.6.0.nar-unpacked as class loader org.apache.nifi.nar.NarClassLoader[./work/nar/extensions/nifi-gcp-nar-2.6.0.nar-unpacked]
2025-10-16 10:34:35,640 INFO [main] org.apache.nifi.nar.NarClassLoaders Loaded NAR file: /opt/nifi/nifi-current/./work/nar/extensions/nifi-hashicorp-vault-client-service-api-nar-2.6.0.nar-unpacked as class loader org.apache.nifi.nar.NarClassLoader[./work/nar/extensions/nifi-hashicorp-vault-client-service-api-nar-2.6.0.nar-unpacked]
2025-10-16 10:34:35,640 INFO [main] org.apache.nifi.nar.NarClassLoaders Loaded NAR file: /opt/nifi/nifi-current/./work/nar/extensions/nifi-registry-nar-2.6.0.nar-unpacked as class loader org.apache.nifi.nar.NarClassLoader[./work/nar/extensions/nifi-registry-nar-2.6.0.nar-unpacked]
2025-10-16 10:34:35,641 INFO [main] org.apache.nifi.nar.NarClassLoaders Loaded NAR file: /opt/nifi/nifi-current/./work/nar/extensions/nifi-protobuf-services-nar-2.6.0.nar-unpacked as class loader org.apache.nifi.nar.NarClassLoader[./work/nar/extensions/nifi-protobuf-services-nar-2.6.0.nar-unpacked]
2025-10-16 10:34:35,643 INFO [main] org.apache.nifi.nar.NarClassLoaders Loaded NAR file: /opt/nifi/nifi-current/./work/nar/extensions/nifi-asana-services-nar-2.6.0.nar-unpacked as class loader org.apache.nifi.nar.NarClassLoader[./work/nar/extensions/nifi-asana-services-nar-2.6.0.nar-unpacked]
2025-10-16 10:34:35,643 INFO [main] org.apache.nifi.nar.NarClassLoaders Loaded NAR file: /opt/nifi/nifi-current/./work/nar/extensions/nifi-site-to-site-reporting-nar-2.6.0.nar-unpacked as class loader org.apache.nifi.nar.NarClassLoader[./work/nar/extensions/nifi-site-to-site-reporting-nar-2.6.0.nar-unpacked]
2025-10-16 10:34:35,644 INFO [main] org.apache.nifi.nar.NarClassLoaders Loaded NAR file: /opt/nifi/nifi-current/./work/nar/extensions/nifi-zendesk-nar-2.6.0.nar-unpacked as class loader org.apache.nifi.nar.NarClassLoader[./work/nar/extensions/nifi-zendesk-nar-2.6.0.nar-unpacked]
2025-10-16 10:34:35,645 INFO [main] org.apache.nifi.nar.NarClassLoaders Loaded NAR file: /opt/nifi/nifi-current/./work/nar/extensions/nifi-cipher-nar-2.6.0.nar-unpacked as class loader org.apache.nifi.nar.NarClassLoader[./work/nar/extensions/nifi-cipher-nar-2.6.0.nar-unpacked]
2025-10-16 10:34:35,645 INFO [main] org.apache.nifi.nar.NarClassLoaders Loaded NAR file: /opt/nifi/nifi-current/./work/nar/extensions/nifi-jms-cf-service-nar-2.6.0.nar-unpacked as class loader org.apache.nifi.nar.NarClassLoader[./work/nar/extensions/nifi-jms-cf-service-nar-2.6.0.nar-unpacked]
2025-10-16 10:34:35,645 INFO [main] org.apache.nifi.nar.NarClassLoaders Loaded NAR file: /opt/nifi/nifi-current/./work/nar/extensions/nifi-jolt-nar-2.6.0.nar-unpacked as class loader org.apache.nifi.nar.NarClassLoader[./work/nar/extensions/nifi-jolt-nar-2.6.0.nar-unpacked]
2025-10-16 10:34:35,646 INFO [main] org.apache.nifi.nar.NarClassLoaders Loaded NAR file: /opt/nifi/nifi-current/./work/nar/extensions/nifi-hazelcast-services-api-nar-2.6.0.nar-unpacked as class loader org.apache.nifi.nar.NarClassLoader[./work/nar/extensions/nifi-hazelcast-services-api-nar-2.6.0.nar-unpacked]
2025-10-16 10:34:35,646 INFO [main] org.apache.nifi.nar.NarClassLoaders Loaded NAR file: /opt/nifi/nifi-current/./work/nar/extensions/nifi-pgp-service-api-nar-2.6.0.nar-unpacked as class loader org.apache.nifi.nar.NarClassLoader[./work/nar/extensions/nifi-pgp-service-api-nar-2.6.0.nar-unpacked]
2025-10-16 10:34:35,647 INFO [main] org.apache.nifi.nar.NarClassLoaders Loaded NAR file: /opt/nifi/nifi-current/./work/nar/extensions/nifi-proxy-configuration-nar-2.6.0.nar-unpacked as class loader org.apache.nifi.nar.NarClassLoader[./work/nar/extensions/nifi-proxy-configuration-nar-2.6.0.nar-unpacked]
2025-10-16 10:34:35,647 INFO [main] org.apache.nifi.nar.NarClassLoaders Loaded NAR file: /opt/nifi/nifi-current/./work/nar/extensions/nifi-airtable-nar-2.6.0.nar-unpacked as class loader org.apache.nifi.nar.NarClassLoader[./work/nar/extensions/nifi-airtable-nar-2.6.0.nar-unpacked]
2025-10-16 10:34:35,647 INFO [main] org.apache.nifi.nar.NarClassLoaders Loaded NAR file: /opt/nifi/nifi-current/./work/nar/extensions/nifi-github-nar-2.6.0.nar-unpacked as class loader org.apache.nifi.nar.NarClassLoader[./work/nar/extensions/nifi-github-nar-2.6.0.nar-unpacked]
2025-10-16 10:34:35,648 INFO [main] org.apache.nifi.nar.NarClassLoaders Loaded NAR file: /opt/nifi/nifi-current/./work/nar/extensions/nifi-oauth2-provider-nar-2.6.0.nar-unpacked as class loader org.apache.nifi.nar.NarClassLoader[./work/nar/extensions/nifi-oauth2-provider-nar-2.6.0.nar-unpacked]
2025-10-16 10:34:35,648 INFO [main] org.apache.nifi.nar.NarClassLoaders Loaded NAR file: /opt/nifi/nifi-current/./work/nar/extensions/nifi-workday-processors-nar-2.6.0.nar-unpacked as class loader org.apache.nifi.nar.NarClassLoader[./work/nar/extensions/nifi-workday-processors-nar-2.6.0.nar-unpacked]
2025-10-16 10:34:35,648 INFO [main] org.apache.nifi.nar.NarClassLoaders Loaded NAR file: /opt/nifi/nifi-current/./work/nar/extensions/nifi-mongodb-client-service-api-nar-2.6.0.nar-unpacked as class loader org.apache.nifi.nar.NarClassLoader[./work/nar/extensions/nifi-mongodb-client-service-api-nar-2.6.0.nar-unpacked]
2025-10-16 10:34:35,649 INFO [main] org.apache.nifi.nar.NarClassLoaders Loaded NAR file: /opt/nifi/nifi-current/./work/nar/extensions/nifi-groovyx-nar-2.6.0.nar-unpacked as class loader org.apache.nifi.nar.NarClassLoader[./work/nar/extensions/nifi-groovyx-nar-2.6.0.nar-unpacked]
2025-10-16 10:34:35,654 INFO [main] org.apache.nifi.nar.NarClassLoaders Loaded NAR file: /opt/nifi/nifi-current/./work/nar/extensions/nifi-hazelcast-services-nar-2.6.0.nar-unpacked as class loader org.apache.nifi.nar.NarClassLoader[./work/nar/extensions/nifi-hazelcast-services-nar-2.6.0.nar-unpacked]
2025-10-16 10:34:35,656 INFO [main] org.apache.nifi.nar.NarClassLoaders Loaded NAR file: /opt/nifi/nifi-current/./work/nar/extensions/nifi-mqtt-nar-2.6.0.nar-unpacked as class loader org.apache.nifi.nar.NarClassLoader[./work/nar/extensions/nifi-mqtt-nar-2.6.0.nar-unpacked]
2025-10-16 10:34:35,656 INFO [main] org.apache.nifi.nar.NarClassLoaders Loaded NAR file: /opt/nifi/nifi-current/./work/nar/extensions/nifi-cdc-mysql-nar-2.6.0.nar-unpacked as class loader org.apache.nifi.nar.NarClassLoader[./work/nar/extensions/nifi-cdc-mysql-nar-2.6.0.nar-unpacked]
2025-10-16 10:34:35,657 INFO [main] org.apache.nifi.nar.NarClassLoaders Loaded NAR file: /opt/nifi/nifi-current/./work/nar/extensions/nifi-jslt-nar-2.6.0.nar-unpacked as class loader org.apache.nifi.nar.NarClassLoader[./work/nar/extensions/nifi-jslt-nar-2.6.0.nar-unpacked]
2025-10-16 10:34:35,657 INFO [main] org.apache.nifi.nar.NarClassLoaders Loaded NAR file: /opt/nifi/nifi-current/./work/nar/extensions/nifi-kafka-nar-2.6.0.nar-unpacked as class loader org.apache.nifi.nar.NarClassLoader[./work/nar/extensions/nifi-kafka-nar-2.6.0.nar-unpacked]
2025-10-16 10:34:35,657 INFO [main] org.apache.nifi.nar.NarClassLoaders Loaded NAR file: /opt/nifi/nifi-current/./work/nar/extensions/nifi-mongodb-nar-2.6.0.nar-unpacked as class loader org.apache.nifi.nar.NarClassLoader[./work/nar/extensions/nifi-mongodb-nar-2.6.0.nar-unpacked]
2025-10-16 10:34:35,657 INFO [main] org.apache.nifi.nar.NarClassLoaders Loaded NAR file: /opt/nifi/nifi-current/./work/nar/extensions/nifi-pgp-service-nar-2.6.0.nar-unpacked as class loader org.apache.nifi.nar.NarClassLoader[./work/nar/extensions/nifi-pgp-service-nar-2.6.0.nar-unpacked]
2025-10-16 10:34:35,658 INFO [main] org.apache.nifi.nar.NarClassLoaders Loaded NAR file: /opt/nifi/nifi-current/./work/nar/extensions/nifi-standard-content-viewer-nar-2.6.0.nar-unpacked as class loader org.apache.nifi.nar.NarClassLoader[./work/nar/extensions/nifi-standard-content-viewer-nar-2.6.0.nar-unpacked]
2025-10-16 10:34:35,659 INFO [main] org.apache.nifi.nar.NarClassLoaders Loaded NAR file: /opt/nifi/nifi-current/./work/nar/extensions/nifi-standard-nar-2.6.0.nar-unpacked as class loader org.apache.nifi.nar.NarClassLoader[./work/nar/extensions/nifi-standard-nar-2.6.0.nar-unpacked]
2025-10-16 10:34:35,665 INFO [main] org.apache.nifi.nar.NarClassLoaders Loaded NAR file: /opt/nifi/nifi-current/./work/nar/extensions/nifi-box-services-api-nar-2.6.0.nar-unpacked as class loader org.apache.nifi.nar.NarClassLoader[./work/nar/extensions/nifi-box-services-api-nar-2.6.0.nar-unpacked]
2025-10-16 10:34:35,665 INFO [main] org.apache.nifi.nar.NarClassLoaders Loaded NAR file: /opt/nifi/nifi-current/./work/nar/extensions/nifi-http-context-map-nar-2.6.0.nar-unpacked as class loader org.apache.nifi.nar.NarClassLoader[./work/nar/extensions/nifi-http-context-map-nar-2.6.0.nar-unpacked]
2025-10-16 10:34:35,665 INFO [main] org.apache.nifi.nar.NarClassLoaders Loaded NAR file: /opt/nifi/nifi-current/./work/nar/extensions/nifi-avro-nar-2.6.0.nar-unpacked as class loader org.apache.nifi.nar.NarClassLoader[./work/nar/extensions/nifi-avro-nar-2.6.0.nar-unpacked]
2025-10-16 10:34:35,666 INFO [main] org.apache.nifi.nar.NarClassLoaders Loaded NAR file: /opt/nifi/nifi-current/./work/nar/extensions/nifi-enrich-nar-2.6.0.nar-unpacked as class loader org.apache.nifi.nar.NarClassLoader[./work/nar/extensions/nifi-enrich-nar-2.6.0.nar-unpacked]
2025-10-16 10:34:35,666 INFO [main] org.apache.nifi.nar.NarClassLoaders Loaded NAR file: /opt/nifi/nifi-current/./work/nar/extensions/nifi-lookup-services-nar-2.6.0.nar-unpacked as class loader org.apache.nifi.nar.NarClassLoader[./work/nar/extensions/nifi-lookup-services-nar-2.6.0.nar-unpacked]
2025-10-16 10:34:35,667 INFO [main] org.apache.nifi.nar.NarClassLoaders Loaded NAR file: /opt/nifi/nifi-current/./work/nar/extensions/nifi-splunk-nar-2.6.0.nar-unpacked as class loader org.apache.nifi.nar.NarClassLoader[./work/nar/extensions/nifi-splunk-nar-2.6.0.nar-unpacked]
2025-10-16 10:34:35,668 INFO [main] org.apache.nifi.nar.NarClassLoaders Loaded NAR file: /opt/nifi/nifi-current/./work/nar/extensions/nifi-zendesk-services-nar-2.6.0.nar-unpacked as class loader org.apache.nifi.nar.NarClassLoader[./work/nar/extensions/nifi-zendesk-services-nar-2.6.0.nar-unpacked]
2025-10-16 10:34:35,668 INFO [main] org.apache.nifi.nar.NarClassLoaders Loaded NAR file: /opt/nifi/nifi-current/./work/nar/extensions/nifi-hashicorp-vault-nar-2.6.0.nar-unpacked as class loader org.apache.nifi.nar.NarClassLoader[./work/nar/extensions/nifi-hashicorp-vault-nar-2.6.0.nar-unpacked]
2025-10-16 10:34:35,669 INFO [main] org.apache.nifi.nar.NarClassLoaders Loaded NAR file: /opt/nifi/nifi-current/./work/nar/extensions/nifi-distributed-cache-services-nar-2.6.0.nar-unpacked as class loader org.apache.nifi.nar.NarClassLoader[./work/nar/extensions/nifi-distributed-cache-services-nar-2.6.0.nar-unpacked]
2025-10-16 10:34:35,670 INFO [main] org.apache.nifi.nar.NarClassLoaders Loaded NAR file: /opt/nifi/nifi-current/./work/nar/extensions/nifi-slack-nar-2.6.0.nar-unpacked as class loader org.apache.nifi.nar.NarClassLoader[./work/nar/extensions/nifi-slack-nar-2.6.0.nar-unpacked]
2025-10-16 10:34:35,690 INFO [main] org.apache.nifi.nar.NarClassLoaders Loaded NAR file: /opt/nifi/nifi-current/./work/nar/extensions/nifi-kafka-3-service-nar-2.6.0.nar-unpacked as class loader org.apache.nifi.nar.NarClassLoader[./work/nar/extensions/nifi-kafka-3-service-nar-2.6.0.nar-unpacked]
2025-10-16 10:34:35,691 INFO [main] org.apache.nifi.nar.NarClassLoaders Loaded NAR file: /opt/nifi/nifi-current/./work/nar/extensions/nifi-kerberos-user-service-nar-2.6.0.nar-unpacked as class loader org.apache.nifi.nar.NarClassLoader[./work/nar/extensions/nifi-kerberos-user-service-nar-2.6.0.nar-unpacked]
2025-10-16 10:34:35,691 INFO [main] org.apache.nifi.nar.NarClassLoaders Loaded NAR file: /opt/nifi/nifi-current/./work/nar/extensions/nifi-confluent-platform-nar-2.6.0.nar-unpacked as class loader org.apache.nifi.nar.NarClassLoader[./work/nar/extensions/nifi-confluent-platform-nar-2.6.0.nar-unpacked]
2025-10-16 10:34:35,692 INFO [main] org.apache.nifi.nar.NarClassLoaders Loaded NAR file: /opt/nifi/nifi-current/./work/nar/extensions/nifi-social-media-nar-2.6.0.nar-unpacked as class loader org.apache.nifi.nar.NarClassLoader[./work/nar/extensions/nifi-social-media-nar-2.6.0.nar-unpacked]
2025-10-16 10:34:35,693 INFO [main] org.apache.nifi.nar.NarClassLoaders Loaded NAR file: /opt/nifi/nifi-current/./work/nar/extensions/nifi-opentelemetry-nar-2.6.0.nar-unpacked as class loader org.apache.nifi.nar.NarClassLoader[./work/nar/extensions/nifi-opentelemetry-nar-2.6.0.nar-unpacked]
2025-10-16 10:34:35,694 INFO [main] org.apache.nifi.nar.NarClassLoaders Loaded NAR file: /opt/nifi/nifi-current/./work/nar/extensions/nifi-elasticsearch-client-service-api-nar-2.6.0.nar-unpacked as class loader org.apache.nifi.nar.NarClassLoader[./work/nar/extensions/nifi-elasticsearch-client-service-api-nar-2.6.0.nar-unpacked]
2025-10-16 10:34:35,694 INFO [main] org.apache.nifi.nar.NarClassLoaders Loaded NAR file: /opt/nifi/nifi-current/./work/nar/extensions/nifi-py4j-nar-2.6.0.nar-unpacked as class loader org.apache.nifi.nar.NarClassLoader[./work/nar/extensions/nifi-py4j-nar-2.6.0.nar-unpacked]
2025-10-16 10:34:35,695 INFO [main] org.apache.nifi.nar.NarClassLoaders Loaded NAR file: /opt/nifi/nifi-current/./work/nar/extensions/nifi-amqp-nar-2.6.0.nar-unpacked as class loader org.apache.nifi.nar.NarClassLoader[./work/nar/extensions/nifi-amqp-nar-2.6.0.nar-unpacked]
2025-10-16 10:34:35,696 INFO [main] org.apache.nifi.nar.NarClassLoaders Loaded NAR file: /opt/nifi/nifi-current/./work/nar/extensions/nifi-salesforce-nar-2.6.0.nar-unpacked as class loader org.apache.nifi.nar.NarClassLoader[./work/nar/extensions/nifi-salesforce-nar-2.6.0.nar-unpacked]
2025-10-16 10:34:35,697 INFO [main] org.apache.nifi.nar.NarClassLoaders Loaded NAR file: /opt/nifi/nifi-current/./work/nar/extensions/nifi-websocket-services-api-nar-2.6.0.nar-unpacked as class loader org.apache.nifi.nar.NarClassLoader[./work/nar/extensions/nifi-websocket-services-api-nar-2.6.0.nar-unpacked]
2025-10-16 10:34:35,697 INFO [main] org.apache.nifi.nar.NarClassLoaders Loaded NAR file: /opt/nifi/nifi-current/./work/nar/extensions/nifi-shopify-nar-2.6.0.nar-unpacked as class loader org.apache.nifi.nar.NarClassLoader[./work/nar/extensions/nifi-shopify-nar-2.6.0.nar-unpacked]
2025-10-16 10:34:35,697 INFO [main] org.apache.nifi.nar.NarClassLoaders Loaded NAR file: /opt/nifi/nifi-current/./work/nar/extensions/nifi-geohash-nar-2.6.0.nar-unpacked as class loader org.apache.nifi.nar.NarClassLoader[./work/nar/extensions/nifi-geohash-nar-2.6.0.nar-unpacked]
2025-10-16 10:34:35,697 INFO [main] org.apache.nifi.nar.NarClassLoaders Loaded NAR file: /opt/nifi/nifi-current/./work/nar/extensions/nifi-aws-service-api-nar-2.6.0.nar-unpacked as class loader org.apache.nifi.nar.NarClassLoader[./work/nar/extensions/nifi-aws-service-api-nar-2.6.0.nar-unpacked]
2025-10-16 10:34:35,699 INFO [main] org.apache.nifi.nar.NarClassLoaders Loaded NAR file: /opt/nifi/nifi-current/./work/nar/extensions/nifi-kafka-service-aws-nar-2.6.0.nar-unpacked as class loader org.apache.nifi.nar.NarClassLoader[./work/nar/extensions/nifi-kafka-service-aws-nar-2.6.0.nar-unpacked]
2025-10-16 10:34:35,700 INFO [main] org.apache.nifi.nar.NarClassLoaders Loaded NAR file: /opt/nifi/nifi-current/./work/nar/extensions/nifi-db-schema-registry-service-nar-2.6.0.nar-unpacked as class loader org.apache.nifi.nar.NarClassLoader[./work/nar/extensions/nifi-db-schema-registry-service-nar-2.6.0.nar-unpacked]
2025-10-16 10:34:35,701 INFO [main] org.apache.nifi.nar.NarClassLoaders Loaded NAR file: /opt/nifi/nifi-current/./work/nar/extensions/nifi-dropbox-services-api-nar-2.6.0.nar-unpacked as class loader org.apache.nifi.nar.NarClassLoader[./work/nar/extensions/nifi-dropbox-services-api-nar-2.6.0.nar-unpacked]
2025-10-16 10:34:35,701 INFO [main] org.apache.nifi.nar.NarClassLoaders Loaded NAR file: /opt/nifi/nifi-current/./work/nar/extensions/nifi-flow-registry-client-nar-2.6.0.nar-unpacked as class loader org.apache.nifi.nar.NarClassLoader[./work/nar/extensions/nifi-flow-registry-client-nar-2.6.0.nar-unpacked]
2025-10-16 10:34:35,702 INFO [main] org.apache.nifi.nar.NarClassLoaders Loaded NAR file: /opt/nifi/nifi-current/./work/nar/extensions/nifi-azure-services-api-nar-2.6.0.nar-unpacked as class loader org.apache.nifi.nar.NarClassLoader[./work/nar/extensions/nifi-azure-services-api-nar-2.6.0.nar-unpacked]
2025-10-16 10:34:35,705 INFO [main] org.apache.nifi.nar.NarClassLoaders Loaded NAR file: /opt/nifi/nifi-current/./work/nar/extensions/nifi-dropbox-services-nar-2.6.0.nar-unpacked as class loader org.apache.nifi.nar.NarClassLoader[./work/nar/extensions/nifi-dropbox-services-nar-2.6.0.nar-unpacked]
2025-10-16 10:34:35,706 INFO [main] org.apache.nifi.nar.NarClassLoaders Loaded NAR file: /opt/nifi/nifi-current/./work/nar/extensions/nifi-apicurio-nar-2.6.0.nar-unpacked as class loader org.apache.nifi.nar.NarClassLoader[./work/nar/extensions/nifi-apicurio-nar-2.6.0.nar-unpacked]
2025-10-16 10:34:35,706 INFO [main] org.apache.nifi.nar.NarClassLoaders Loaded NAR file: /opt/nifi/nifi-current/./work/nar/extensions/nifi-hubspot-nar-2.6.0.nar-unpacked as class loader org.apache.nifi.nar.NarClassLoader[./work/nar/extensions/nifi-hubspot-nar-2.6.0.nar-unpacked]
2025-10-16 10:34:35,706 INFO [main] org.apache.nifi.nar.NarClassLoaders Loaded NAR file: /opt/nifi/nifi-current/./work/nar/extensions/nifi-smb-client-api-nar-2.6.0.nar-unpacked as class loader org.apache.nifi.nar.NarClassLoader[./work/nar/extensions/nifi-smb-client-api-nar-2.6.0.nar-unpacked]
2025-10-16 10:34:35,707 INFO [main] org.apache.nifi.nar.NarClassLoaders Loaded NAR file: /opt/nifi/nifi-current/./work/nar/extensions/nifi-record-sink-service-nar-2.6.0.nar-unpacked as class loader org.apache.nifi.nar.NarClassLoader[./work/nar/extensions/nifi-record-sink-service-nar-2.6.0.nar-unpacked]
2025-10-16 10:34:35,707 INFO [main] org.apache.nifi.nar.NarClassLoaders Loaded NAR file: /opt/nifi/nifi-current/./work/nar/extensions/nifi-gitlab-nar-2.6.0.nar-unpacked as class loader org.apache.nifi.nar.NarClassLoader[./work/nar/extensions/nifi-gitlab-nar-2.6.0.nar-unpacked]
2025-10-16 10:34:35,708 INFO [main] org.apache.nifi.nar.NarClassLoaders Loaded NAR file: /opt/nifi/nifi-current/./work/nar/extensions/nifi-box-nar-2.6.0.nar-unpacked as class loader org.apache.nifi.nar.NarClassLoader[./work/nar/extensions/nifi-box-nar-2.6.0.nar-unpacked]
2025-10-16 10:34:35,709 INFO [main] org.apache.nifi.nar.NarClassLoaders Loaded NAR file: /opt/nifi/nifi-current/./work/nar/extensions/nifi-scripting-nar-2.6.0.nar-unpacked as class loader org.apache.nifi.nar.NarClassLoader[./work/nar/extensions/nifi-scripting-nar-2.6.0.nar-unpacked]
2025-10-16 10:34:35,712 INFO [main] org.apache.nifi.nar.NarClassLoaders Loaded NAR file: /opt/nifi/nifi-current/./work/nar/extensions/nifi-asana-processors-nar-2.6.0.nar-unpacked as class loader org.apache.nifi.nar.NarClassLoader[./work/nar/extensions/nifi-asana-processors-nar-2.6.0.nar-unpacked]
2025-10-16 10:34:35,712 INFO [main] org.apache.nifi.nar.NarClassLoaders Loaded NAR file: /opt/nifi/nifi-current/./work/nar/extensions/nifi-atlassian-nar-2.6.0.nar-unpacked as class loader org.apache.nifi.nar.NarClassLoader[./work/nar/extensions/nifi-atlassian-nar-2.6.0.nar-unpacked]
2025-10-16 10:34:35,712 INFO [main] org.apache.nifi.nar.NarClassLoaders Loaded NAR file: /opt/nifi/nifi-current/./work/nar/extensions/nifi-jms-processors-nar-2.6.0.nar-unpacked as class loader org.apache.nifi.nar.NarClassLoader[./work/nar/extensions/nifi-jms-processors-nar-2.6.0.nar-unpacked]
2025-10-16 10:34:35,713 INFO [main] org.apache.nifi.nar.NarClassLoaders Loaded NAR file: /opt/nifi/nifi-current/./work/nar/extensions/nifi-record-serialization-services-nar-2.6.0.nar-unpacked as class loader org.apache.nifi.nar.NarClassLoader[./work/nar/extensions/nifi-record-serialization-services-nar-2.6.0.nar-unpacked]
2025-10-16 10:34:35,715 INFO [main] org.apache.nifi.nar.NarClassLoaders Loaded NAR file: /opt/nifi/nifi-current/./work/nar/extensions/nifi-elasticsearch-client-service-nar-2.6.0.nar-unpacked as class loader org.apache.nifi.nar.NarClassLoader[./work/nar/extensions/nifi-elasticsearch-client-service-nar-2.6.0.nar-unpacked]
2025-10-16 10:34:35,716 INFO [main] org.apache.nifi.nar.NarClassLoaders Loaded NAR file: /opt/nifi/nifi-current/./work/nar/extensions/nifi-redis-service-api-nar-2.6.0.nar-unpacked as class loader org.apache.nifi.nar.NarClassLoader[./work/nar/extensions/nifi-redis-service-api-nar-2.6.0.nar-unpacked]
2025-10-16 10:34:35,719 INFO [main] org.apache.nifi.nar.NarClassLoaders Loaded NAR file: /opt/nifi/nifi-current/./work/nar/extensions/nifi-smb-smbj-client-nar-2.6.0.nar-unpacked as class loader org.apache.nifi.nar.NarClassLoader[./work/nar/extensions/nifi-smb-smbj-client-nar-2.6.0.nar-unpacked]
2025-10-16 10:34:35,720 INFO [main] org.apache.nifi.nar.NarClassLoaders Loaded NAR file: /opt/nifi/nifi-current/./work/nar/extensions/nifi-pgp-nar-2.6.0.nar-unpacked as class loader org.apache.nifi.nar.NarClassLoader[./work/nar/extensions/nifi-pgp-nar-2.6.0.nar-unpacked]
2025-10-16 10:34:35,720 INFO [main] org.apache.nifi.nar.NarClassLoaders Loaded NAR file: /opt/nifi/nifi-current/./work/nar/extensions/nifi-smb-nar-2.6.0.nar-unpacked as class loader org.apache.nifi.nar.NarClassLoader[./work/nar/extensions/nifi-smb-nar-2.6.0.nar-unpacked]
2025-10-16 10:34:35,721 INFO [main] org.apache.nifi.nar.NarClassLoaders Loaded NAR file: /opt/nifi/nifi-current/./work/nar/extensions/nifi-mongodb-services-nar-2.6.0.nar-unpacked as class loader org.apache.nifi.nar.NarClassLoader[./work/nar/extensions/nifi-mongodb-services-nar-2.6.0.nar-unpacked]
2025-10-16 10:34:35,721 INFO [main] org.apache.nifi.nar.NarClassLoaders Loaded NAR file: /opt/nifi/nifi-current/./work/nar/extensions/nifi-websocket-processors-nar-2.6.0.nar-unpacked as class loader org.apache.nifi.nar.NarClassLoader[./work/nar/extensions/nifi-websocket-processors-nar-2.6.0.nar-unpacked]
2025-10-16 10:34:35,722 INFO [main] org.apache.nifi.nar.NarClassLoaders Loaded NAR file: /opt/nifi/nifi-current/./work/nar/extensions/nifi-dropbox-processors-nar-2.6.0.nar-unpacked as class loader org.apache.nifi.nar.NarClassLoader[./work/nar/extensions/nifi-dropbox-processors-nar-2.6.0.nar-unpacked]
2025-10-16 10:34:35,722 INFO [main] org.apache.nifi.nar.NarClassLoaders Loaded NAR file: /opt/nifi/nifi-current/./work/nar/extensions/nifi-websocket-services-jetty-nar-2.6.0.nar-unpacked as class loader org.apache.nifi.nar.NarClassLoader[./work/nar/extensions/nifi-websocket-services-jetty-nar-2.6.0.nar-unpacked]
2025-10-16 10:34:35,723 INFO [main] org.apache.nifi.nar.NarClassLoaders Loaded NAR file: /opt/nifi/nifi-current/./work/nar/extensions/nifi-box-services-nar-2.6.0.nar-unpacked as class loader org.apache.nifi.nar.NarClassLoader[./work/nar/extensions/nifi-box-services-nar-2.6.0.nar-unpacked]
2025-10-16 10:34:35,724 INFO [main] org.apache.nifi.nar.NarClassLoaders Loaded NAR file: /opt/nifi/nifi-current/./work/nar/extensions/nifi-aws-nar-2.6.0.nar-unpacked as class loader org.apache.nifi.nar.NarClassLoader[./work/nar/extensions/nifi-aws-nar-2.6.0.nar-unpacked]
2025-10-16 10:34:35,730 INFO [main] org.apache.nifi.nar.NarClassLoaders Loaded NAR file: /opt/nifi/nifi-current/./work/nar/extensions/nifi-elasticsearch-restapi-nar-2.6.0.nar-unpacked as class loader org.apache.nifi.nar.NarClassLoader[./work/nar/extensions/nifi-elasticsearch-restapi-nar-2.6.0.nar-unpacked]
2025-10-16 10:34:35,732 INFO [main] org.apache.nifi.nar.NarClassLoaders Loaded NAR file: /opt/nifi/nifi-current/./work/nar/extensions/nifi-azure-nar-2.6.0.nar-unpacked as class loader org.apache.nifi.nar.NarClassLoader[./work/nar/extensions/nifi-azure-nar-2.6.0.nar-unpacked]
2025-10-16 10:34:35,737 INFO [main] org.apache.nifi.nar.NarClassLoaders Loaded NAR file: /opt/nifi/nifi-current/./work/nar/extensions/nifi-redis-nar-2.6.0.nar-unpacked as class loader org.apache.nifi.nar.NarClassLoader[./work/nar/extensions/nifi-redis-nar-2.6.0.nar-unpacked]
2025-10-16 10:34:35,738 INFO [main] org.apache.nifi.nar.NarClassLoaders Found NiFiServer implementation org.apache.nifi.web.server.JettyServer in org.apache.nifi:nifi-server-nar:2.6.0
2025-10-16 10:34:35,740 INFO [main] o.a.nifi.properties.NiFiPropertiesLoader Loading Application Properties [/opt/nifi/nifi-current/conf/nifi.properties]
2025-10-16 10:34:35,783 ERROR [main] org.apache.nifi.web.server.JettyServer Failed to start Server
java.lang.IllegalStateException: Invalid port configuration in nifi.properties: Both nifi.web.https.port and nifi.web.http.port specified
	at org.apache.nifi.web.server.connector.FrameworkServerConnectorFactory.getPort(FrameworkServerConnectorFactory.java:156)
	at org.apache.nifi.web.server.connector.FrameworkServerConnectorFactory.<init>(FrameworkServerConnectorFactory.java:68)
	at org.apache.nifi.web.server.StandardServerProvider.addConnectors(StandardServerProvider.java:96)
	at org.apache.nifi.web.server.StandardServerProvider.getServer(StandardServerProvider.java:69)
	at org.apache.nifi.web.server.JettyServer.init(JettyServer.java:215)
	at org.apache.nifi.web.server.JettyServer.initialize(JettyServer.java:988)
	at org.apache.nifi.runtime.Application.startServer(Application.java:126)
	at org.apache.nifi.runtime.Application.run(Application.java:78)
	at org.apache.nifi.runtime.Application.run(Application.java:60)
	at org.apache.nifi.NiFi.main(NiFi.java:42)
2025-10-16 10:35:36,413 INFO [main] org.apache.nifi.runtime.Application Starting NiFi 2.6.0 using Java 21.0.8+12-LTS with PID 46
2025-10-16 10:35:36,415 INFO [main] o.apache.nifi.runtime.PropertiesProvider Loading Application Properties [/opt/nifi/nifi-current/conf/nifi.properties]
2025-10-16 10:35:36,420 INFO [main] org.apache.nifi.nar.NarUnpacker Expanding 112 NAR files started
2025-10-16 10:35:36,913 INFO [main] org.apache.nifi.nar.NarUnpacker Expanded 112 NAR files in 0.493 seconds (493841709 ns)
2025-10-16 10:35:37,150 INFO [main] org.apache.nifi.nar.NarClassLoaders Loaded NAR file: /opt/nifi/nifi-current/./work/nar/extensions/nifi-jetty-nar-2.6.0.nar-unpacked as class loader org.apache.nifi.nar.NarClassLoader[./work/nar/extensions/nifi-jetty-nar-2.6.0.nar-unpacked]
2025-10-16 10:35:37,153 INFO [main] org.apache.nifi.nar.NarClassLoaders Loaded NAR file: /opt/nifi/nifi-current/./work/nar/framework/nifi-framework-nar-2.6.0.nar-unpacked as class loader org.apache.nifi.nar.NarClassLoader[./work/nar/framework/nifi-framework-nar-2.6.0.nar-unpacked]
2025-10-16 10:35:37,212 INFO [main] org.apache.nifi.nar.NarClassLoaders Loaded NAR file: /opt/nifi/nifi-current/./work/nar/extensions/nifi-provenance-repository-nar-2.6.0.nar-unpacked as class loader org.apache.nifi.nar.NarClassLoader[./work/nar/extensions/nifi-provenance-repository-nar-2.6.0.nar-unpacked]
2025-10-16 10:35:37,213 INFO [main] org.apache.nifi.nar.NarClassLoaders Loaded NAR file: /opt/nifi/nifi-current/./work/nar/extensions/nifi-hl7-nar-2.6.0.nar-unpacked as class loader org.apache.nifi.nar.NarClassLoader[./work/nar/extensions/nifi-hl7-nar-2.6.0.nar-unpacked]
2025-10-16 10:35:37,226 INFO [main] org.apache.nifi.nar.NarClassLoaders Loaded NAR file: /opt/nifi/nifi-current/./work/nar/extensions/nifi-compress-nar-2.6.0.nar-unpacked as class loader org.apache.nifi.nar.NarClassLoader[./work/nar/extensions/nifi-compress-nar-2.6.0.nar-unpacked]
2025-10-16 10:35:37,227 INFO [main] org.apache.nifi.nar.NarClassLoaders Loaded NAR file: /opt/nifi/nifi-current/./work/nar/extensions/nifi-update-attribute-nar-2.6.0.nar-unpacked as class loader org.apache.nifi.nar.NarClassLoader[./work/nar/extensions/nifi-update-attribute-nar-2.6.0.nar-unpacked]
2025-10-16 10:35:37,228 INFO [main] org.apache.nifi.nar.NarClassLoaders Loaded NAR file: /opt/nifi/nifi-current/./work/nar/extensions/nifi-ldap-iaa-providers-nar-2.6.0.nar-unpacked as class loader org.apache.nifi.nar.NarClassLoader[./work/nar/extensions/nifi-ldap-iaa-providers-nar-2.6.0.nar-unpacked]
2025-10-16 10:35:37,229 INFO [main] org.apache.nifi.nar.NarClassLoaders Loaded NAR file: /opt/nifi/nifi-current/./work/nar/extensions/nifi-single-user-iaa-providers-nar-2.6.0.nar-unpacked as class loader org.apache.nifi.nar.NarClassLoader[./work/nar/extensions/nifi-single-user-iaa-providers-nar-2.6.0.nar-unpacked]
2025-10-16 10:35:37,230 INFO [main] org.apache.nifi.nar.NarClassLoaders Loaded NAR file: /opt/nifi/nifi-current/./work/nar/extensions/nifi-framework-kubernetes-nar-2.6.0.nar-unpacked as class loader org.apache.nifi.nar.NarClassLoader[./work/nar/extensions/nifi-framework-kubernetes-nar-2.6.0.nar-unpacked]
2025-10-16 10:35:37,232 INFO [main] org.apache.nifi.nar.NarClassLoaders Loaded NAR file: /opt/nifi/nifi-current/./work/nar/extensions/nifi-server-nar-2.6.0.nar-unpacked as class loader org.apache.nifi.nar.NarClassLoader[./work/nar/extensions/nifi-server-nar-2.6.0.nar-unpacked]
2025-10-16 10:35:37,240 INFO [main] org.apache.nifi.nar.NarClassLoaders Loaded NAR file: /opt/nifi/nifi-current/./work/nar/extensions/nifi-standard-services-api-nar-2.6.0.nar-unpacked as class loader org.apache.nifi.nar.NarClassLoader[./work/nar/extensions/nifi-standard-services-api-nar-2.6.0.nar-unpacked]
2025-10-16 10:35:37,241 INFO [main] org.apache.nifi.nar.NarClassLoaders Loaded NAR file: /opt/nifi/nifi-current/./work/nar/extensions/nifi-email-nar-2.6.0.nar-unpacked as class loader org.apache.nifi.nar.NarClassLoader[./work/nar/extensions/nifi-email-nar-2.6.0.nar-unpacked]
2025-10-16 10:35:37,242 INFO [main] org.apache.nifi.nar.NarClassLoaders Loaded NAR file: /opt/nifi/nifi-current/./work/nar/extensions/nifi-dbcp-service-nar-2.6.0.nar-unpacked as class loader org.apache.nifi.nar.NarClassLoader[./work/nar/extensions/nifi-dbcp-service-nar-2.6.0.nar-unpacked]
2025-10-16 10:35:37,243 INFO [main] org.apache.nifi.nar.NarClassLoaders Loaded NAR file: /opt/nifi/nifi-current/./work/nar/extensions/nifi-kerberos-iaa-providers-nar-2.6.0.nar-unpacked as class loader org.apache.nifi.nar.NarClassLoader[./work/nar/extensions/nifi-kerberos-iaa-providers-nar-2.6.0.nar-unpacked]
2025-10-16 10:35:37,244 INFO [main] org.apache.nifi.nar.NarClassLoaders Loaded NAR file: /opt/nifi/nifi-current/./work/nar/extensions/nifi-evtx-nar-2.6.0.nar-unpacked as class loader org.apache.nifi.nar.NarClassLoader[./work/nar/extensions/nifi-evtx-nar-2.6.0.nar-unpacked]
2025-10-16 10:35:37,245 INFO [main] org.apache.nifi.nar.NarClassLoaders Loaded NAR file: /opt/nifi/nifi-current/./work/nar/extensions/nifi-stateful-analysis-nar-2.6.0.nar-unpacked as class loader org.apache.nifi.nar.NarClassLoader[./work/nar/extensions/nifi-stateful-analysis-nar-2.6.0.nar-unpacked]
2025-10-16 10:35:37,245 INFO [main] org.apache.nifi.nar.NarClassLoaders Loaded NAR file: /opt/nifi/nifi-current/./work/nar/extensions/nifi-file-resource-service-nar-2.6.0.nar-unpacked as class loader org.apache.nifi.nar.NarClassLoader[./work/nar/extensions/nifi-file-resource-service-nar-2.6.0.nar-unpacked]
2025-10-16 10:35:37,246 INFO [main] org.apache.nifi.nar.NarClassLoaders Loaded NAR file: /opt/nifi/nifi-current/./work/nar/extensions/nifi-standard-shared-nar-2.6.0.nar-unpacked as class loader org.apache.nifi.nar.NarClassLoader[./work/nar/extensions/nifi-standard-shared-nar-2.6.0.nar-unpacked]
2025-10-16 10:35:37,251 INFO [main] org.apache.nifi.nar.NarClassLoaders Loaded NAR file: /opt/nifi/nifi-current/./work/nar/extensions/nifi-gcp-services-api-nar-2.6.0.nar-unpacked as class loader org.apache.nifi.nar.NarClassLoader[./work/nar/extensions/nifi-gcp-services-api-nar-2.6.0.nar-unpacked]
2025-10-16 10:35:37,252 INFO [main] org.apache.nifi.nar.NarClassLoaders Loaded NAR file: /opt/nifi/nifi-current/./work/nar/extensions/nifi-database-dialect-service-nar-2.6.0.nar-unpacked as class loader org.apache.nifi.nar.NarClassLoader[./work/nar/extensions/nifi-database-dialect-service-nar-2.6.0.nar-unpacked]
2025-10-16 10:35:37,253 INFO [main] org.apache.nifi.nar.NarClassLoaders Loaded NAR file: /opt/nifi/nifi-current/./work/nar/extensions/nifi-poi-nar-2.6.0.nar-unpacked as class loader org.apache.nifi.nar.NarClassLoader[./work/nar/extensions/nifi-poi-nar-2.6.0.nar-unpacked]
2025-10-16 10:35:37,254 INFO [main] org.apache.nifi.nar.NarClassLoaders Loaded NAR file: /opt/nifi/nifi-current/./work/nar/extensions/nifi-key-service-nar-2.6.0.nar-unpacked as class loader org.apache.nifi.nar.NarClassLoader[./work/nar/extensions/nifi-key-service-nar-2.6.0.nar-unpacked]
2025-10-16 10:35:37,255 INFO [main] org.apache.nifi.nar.NarClassLoaders Loaded NAR file: /opt/nifi/nifi-current/./work/nar/extensions/nifi-asana-services-api-nar-2.6.0.nar-unpacked as class loader org.apache.nifi.nar.NarClassLoader[./work/nar/extensions/nifi-asana-services-api-nar-2.6.0.nar-unpacked]
2025-10-16 10:35:37,275 INFO [main] org.apache.nifi.nar.NarClassLoaders Loaded NAR file: /opt/nifi/nifi-current/./work/nar/extensions/nifi-snmp-nar-2.6.0.nar-unpacked as class loader org.apache.nifi.nar.NarClassLoader[./work/nar/extensions/nifi-snmp-nar-2.6.0.nar-unpacked]
2025-10-16 10:35:37,276 INFO [main] org.apache.nifi.nar.NarClassLoaders Loaded NAR file: /opt/nifi/nifi-current/./work/nar/extensions/nifi-framework-zookeeper-nar-2.6.0.nar-unpacked as class loader org.apache.nifi.nar.NarClassLoader[./work/nar/extensions/nifi-framework-zookeeper-nar-2.6.0.nar-unpacked]
2025-10-16 10:35:37,277 INFO [main] org.apache.nifi.nar.NarClassLoaders Loaded NAR file: /opt/nifi/nifi-current/./work/nar/extensions/nifi-ssl-context-service-nar-2.6.0.nar-unpacked as class loader org.apache.nifi.nar.NarClassLoader[./work/nar/extensions/nifi-ssl-context-service-nar-2.6.0.nar-unpacked]
2025-10-16 10:35:37,277 INFO [main] org.apache.nifi.nar.NarClassLoaders Loaded NAR file: /opt/nifi/nifi-current/./work/nar/extensions/nifi-web-client-provider-service-nar-2.6.0.nar-unpacked as class loader org.apache.nifi.nar.NarClassLoader[./work/nar/extensions/nifi-web-client-provider-service-nar-2.6.0.nar-unpacked]
2025-10-16 10:35:37,278 INFO [main] org.apache.nifi.nar.NarClassLoaders Loaded NAR file: /opt/nifi/nifi-current/./work/nar/extensions/nifi-network-processors-nar-2.6.0.nar-unpacked as class loader org.apache.nifi.nar.NarClassLoader[./work/nar/extensions/nifi-network-processors-nar-2.6.0.nar-unpacked]
2025-10-16 10:35:37,278 INFO [main] org.apache.nifi.nar.NarClassLoaders Loaded NAR file: /opt/nifi/nifi-current/./work/nar/extensions/nifi-kafka-service-api-nar-2.6.0.nar-unpacked as class loader org.apache.nifi.nar.NarClassLoader[./work/nar/extensions/nifi-kafka-service-api-nar-2.6.0.nar-unpacked]
2025-10-16 10:35:37,278 INFO [main] org.apache.nifi.nar.NarClassLoaders Loaded NAR file: /opt/nifi/nifi-current/./work/nar/extensions/nifi-windows-event-log-nar-2.6.0.nar-unpacked as class loader org.apache.nifi.nar.NarClassLoader[./work/nar/extensions/nifi-windows-event-log-nar-2.6.0.nar-unpacked]
2025-10-16 10:35:37,280 INFO [main] org.apache.nifi.nar.NarClassLoaders Loaded NAR file: /opt/nifi/nifi-current/./work/nar/extensions/nifi-gcp-nar-2.6.0.nar-unpacked as class loader org.apache.nifi.nar.NarClassLoader[./work/nar/extensions/nifi-gcp-nar-2.6.0.nar-unpacked]
2025-10-16 10:35:37,283 INFO [main] org.apache.nifi.nar.NarClassLoaders Loaded NAR file: /opt/nifi/nifi-current/./work/nar/extensions/nifi-hashicorp-vault-client-service-api-nar-2.6.0.nar-unpacked as class loader org.apache.nifi.nar.NarClassLoader[./work/nar/extensions/nifi-hashicorp-vault-client-service-api-nar-2.6.0.nar-unpacked]
2025-10-16 10:35:37,283 INFO [main] org.apache.nifi.nar.NarClassLoaders Loaded NAR file: /opt/nifi/nifi-current/./work/nar/extensions/nifi-registry-nar-2.6.0.nar-unpacked as class loader org.apache.nifi.nar.NarClassLoader[./work/nar/extensions/nifi-registry-nar-2.6.0.nar-unpacked]
2025-10-16 10:35:37,284 INFO [main] org.apache.nifi.nar.NarClassLoaders Loaded NAR file: /opt/nifi/nifi-current/./work/nar/extensions/nifi-protobuf-services-nar-2.6.0.nar-unpacked as class loader org.apache.nifi.nar.NarClassLoader[./work/nar/extensions/nifi-protobuf-services-nar-2.6.0.nar-unpacked]
2025-10-16 10:35:37,285 INFO [main] org.apache.nifi.nar.NarClassLoaders Loaded NAR file: /opt/nifi/nifi-current/./work/nar/extensions/nifi-asana-services-nar-2.6.0.nar-unpacked as class loader org.apache.nifi.nar.NarClassLoader[./work/nar/extensions/nifi-asana-services-nar-2.6.0.nar-unpacked]
2025-10-16 10:35:37,285 INFO [main] org.apache.nifi.nar.NarClassLoaders Loaded NAR file: /opt/nifi/nifi-current/./work/nar/extensions/nifi-site-to-site-reporting-nar-2.6.0.nar-unpacked as class loader org.apache.nifi.nar.NarClassLoader[./work/nar/extensions/nifi-site-to-site-reporting-nar-2.6.0.nar-unpacked]
2025-10-16 10:35:37,286 INFO [main] org.apache.nifi.nar.NarClassLoaders Loaded NAR file: /opt/nifi/nifi-current/./work/nar/extensions/nifi-zendesk-nar-2.6.0.nar-unpacked as class loader org.apache.nifi.nar.NarClassLoader[./work/nar/extensions/nifi-zendesk-nar-2.6.0.nar-unpacked]
2025-10-16 10:35:37,287 INFO [main] org.apache.nifi.nar.NarClassLoaders Loaded NAR file: /opt/nifi/nifi-current/./work/nar/extensions/nifi-cipher-nar-2.6.0.nar-unpacked as class loader org.apache.nifi.nar.NarClassLoader[./work/nar/extensions/nifi-cipher-nar-2.6.0.nar-unpacked]
2025-10-16 10:35:37,287 INFO [main] org.apache.nifi.nar.NarClassLoaders Loaded NAR file: /opt/nifi/nifi-current/./work/nar/extensions/nifi-jms-cf-service-nar-2.6.0.nar-unpacked as class loader org.apache.nifi.nar.NarClassLoader[./work/nar/extensions/nifi-jms-cf-service-nar-2.6.0.nar-unpacked]
2025-10-16 10:35:37,287 INFO [main] org.apache.nifi.nar.NarClassLoaders Loaded NAR file: /opt/nifi/nifi-current/./work/nar/extensions/nifi-jolt-nar-2.6.0.nar-unpacked as class loader org.apache.nifi.nar.NarClassLoader[./work/nar/extensions/nifi-jolt-nar-2.6.0.nar-unpacked]
2025-10-16 10:35:37,288 INFO [main] org.apache.nifi.nar.NarClassLoaders Loaded NAR file: /opt/nifi/nifi-current/./work/nar/extensions/nifi-hazelcast-services-api-nar-2.6.0.nar-unpacked as class loader org.apache.nifi.nar.NarClassLoader[./work/nar/extensions/nifi-hazelcast-services-api-nar-2.6.0.nar-unpacked]
2025-10-16 10:35:37,288 INFO [main] org.apache.nifi.nar.NarClassLoaders Loaded NAR file: /opt/nifi/nifi-current/./work/nar/extensions/nifi-pgp-service-api-nar-2.6.0.nar-unpacked as class loader org.apache.nifi.nar.NarClassLoader[./work/nar/extensions/nifi-pgp-service-api-nar-2.6.0.nar-unpacked]
2025-10-16 10:35:37,289 INFO [main] org.apache.nifi.nar.NarClassLoaders Loaded NAR file: /opt/nifi/nifi-current/./work/nar/extensions/nifi-proxy-configuration-nar-2.6.0.nar-unpacked as class loader org.apache.nifi.nar.NarClassLoader[./work/nar/extensions/nifi-proxy-configuration-nar-2.6.0.nar-unpacked]
2025-10-16 10:35:37,289 INFO [main] org.apache.nifi.nar.NarClassLoaders Loaded NAR file: /opt/nifi/nifi-current/./work/nar/extensions/nifi-airtable-nar-2.6.0.nar-unpacked as class loader org.apache.nifi.nar.NarClassLoader[./work/nar/extensions/nifi-airtable-nar-2.6.0.nar-unpacked]
2025-10-16 10:35:37,289 INFO [main] org.apache.nifi.nar.NarClassLoaders Loaded NAR file: /opt/nifi/nifi-current/./work/nar/extensions/nifi-github-nar-2.6.0.nar-unpacked as class loader org.apache.nifi.nar.NarClassLoader[./work/nar/extensions/nifi-github-nar-2.6.0.nar-unpacked]
2025-10-16 10:35:37,290 INFO [main] org.apache.nifi.nar.NarClassLoaders Loaded NAR file: /opt/nifi/nifi-current/./work/nar/extensions/nifi-oauth2-provider-nar-2.6.0.nar-unpacked as class loader org.apache.nifi.nar.NarClassLoader[./work/nar/extensions/nifi-oauth2-provider-nar-2.6.0.nar-unpacked]
2025-10-16 10:35:37,290 INFO [main] org.apache.nifi.nar.NarClassLoaders Loaded NAR file: /opt/nifi/nifi-current/./work/nar/extensions/nifi-workday-processors-nar-2.6.0.nar-unpacked as class loader org.apache.nifi.nar.NarClassLoader[./work/nar/extensions/nifi-workday-processors-nar-2.6.0.nar-unpacked]
2025-10-16 10:35:37,291 INFO [main] org.apache.nifi.nar.NarClassLoaders Loaded NAR file: /opt/nifi/nifi-current/./work/nar/extensions/nifi-mongodb-client-service-api-nar-2.6.0.nar-unpacked as class loader org.apache.nifi.nar.NarClassLoader[./work/nar/extensions/nifi-mongodb-client-service-api-nar-2.6.0.nar-unpacked]
2025-10-16 10:35:37,291 INFO [main] org.apache.nifi.nar.NarClassLoaders Loaded NAR file: /opt/nifi/nifi-current/./work/nar/extensions/nifi-groovyx-nar-2.6.0.nar-unpacked as class loader org.apache.nifi.nar.NarClassLoader[./work/nar/extensions/nifi-groovyx-nar-2.6.0.nar-unpacked]
2025-10-16 10:35:37,293 INFO [main] org.apache.nifi.nar.NarClassLoaders Loaded NAR file: /opt/nifi/nifi-current/./work/nar/extensions/nifi-hazelcast-services-nar-2.6.0.nar-unpacked as class loader org.apache.nifi.nar.NarClassLoader[./work/nar/extensions/nifi-hazelcast-services-nar-2.6.0.nar-unpacked]
2025-10-16 10:35:37,295 INFO [main] org.apache.nifi.nar.NarClassLoaders Loaded NAR file: /opt/nifi/nifi-current/./work/nar/extensions/nifi-mqtt-nar-2.6.0.nar-unpacked as class loader org.apache.nifi.nar.NarClassLoader[./work/nar/extensions/nifi-mqtt-nar-2.6.0.nar-unpacked]
2025-10-16 10:35:37,295 INFO [main] org.apache.nifi.nar.NarClassLoaders Loaded NAR file: /opt/nifi/nifi-current/./work/nar/extensions/nifi-cdc-mysql-nar-2.6.0.nar-unpacked as class loader org.apache.nifi.nar.NarClassLoader[./work/nar/extensions/nifi-cdc-mysql-nar-2.6.0.nar-unpacked]
2025-10-16 10:35:37,296 INFO [main] org.apache.nifi.nar.NarClassLoaders Loaded NAR file: /opt/nifi/nifi-current/./work/nar/extensions/nifi-jslt-nar-2.6.0.nar-unpacked as class loader org.apache.nifi.nar.NarClassLoader[./work/nar/extensions/nifi-jslt-nar-2.6.0.nar-unpacked]
2025-10-16 10:35:37,296 INFO [main] org.apache.nifi.nar.NarClassLoaders Loaded NAR file: /opt/nifi/nifi-current/./work/nar/extensions/nifi-kafka-nar-2.6.0.nar-unpacked as class loader org.apache.nifi.nar.NarClassLoader[./work/nar/extensions/nifi-kafka-nar-2.6.0.nar-unpacked]
2025-10-16 10:35:37,296 INFO [main] org.apache.nifi.nar.NarClassLoaders Loaded NAR file: /opt/nifi/nifi-current/./work/nar/extensions/nifi-mongodb-nar-2.6.0.nar-unpacked as class loader org.apache.nifi.nar.NarClassLoader[./work/nar/extensions/nifi-mongodb-nar-2.6.0.nar-unpacked]
2025-10-16 10:35:37,296 INFO [main] org.apache.nifi.nar.NarClassLoaders Loaded NAR file: /opt/nifi/nifi-current/./work/nar/extensions/nifi-pgp-service-nar-2.6.0.nar-unpacked as class loader org.apache.nifi.nar.NarClassLoader[./work/nar/extensions/nifi-pgp-service-nar-2.6.0.nar-unpacked]
2025-10-16 10:35:37,297 INFO [main] org.apache.nifi.nar.NarClassLoaders Loaded NAR file: /opt/nifi/nifi-current/./work/nar/extensions/nifi-standard-content-viewer-nar-2.6.0.nar-unpacked as class loader org.apache.nifi.nar.NarClassLoader[./work/nar/extensions/nifi-standard-content-viewer-nar-2.6.0.nar-unpacked]
2025-10-16 10:35:37,298 INFO [main] org.apache.nifi.nar.NarClassLoaders Loaded NAR file: /opt/nifi/nifi-current/./work/nar/extensions/nifi-standard-nar-2.6.0.nar-unpacked as class loader org.apache.nifi.nar.NarClassLoader[./work/nar/extensions/nifi-standard-nar-2.6.0.nar-unpacked]
2025-10-16 10:35:37,304 INFO [main] org.apache.nifi.nar.NarClassLoaders Loaded NAR file: /opt/nifi/nifi-current/./work/nar/extensions/nifi-box-services-api-nar-2.6.0.nar-unpacked as class loader org.apache.nifi.nar.NarClassLoader[./work/nar/extensions/nifi-box-services-api-nar-2.6.0.nar-unpacked]
2025-10-16 10:35:37,304 INFO [main] org.apache.nifi.nar.NarClassLoaders Loaded NAR file: /opt/nifi/nifi-current/./work/nar/extensions/nifi-http-context-map-nar-2.6.0.nar-unpacked as class loader org.apache.nifi.nar.NarClassLoader[./work/nar/extensions/nifi-http-context-map-nar-2.6.0.nar-unpacked]
2025-10-16 10:35:37,304 INFO [main] org.apache.nifi.nar.NarClassLoaders Loaded NAR file: /opt/nifi/nifi-current/./work/nar/extensions/nifi-avro-nar-2.6.0.nar-unpacked as class loader org.apache.nifi.nar.NarClassLoader[./work/nar/extensions/nifi-avro-nar-2.6.0.nar-unpacked]
2025-10-16 10:35:37,305 INFO [main] org.apache.nifi.nar.NarClassLoaders Loaded NAR file: /opt/nifi/nifi-current/./work/nar/extensions/nifi-enrich-nar-2.6.0.nar-unpacked as class loader org.apache.nifi.nar.NarClassLoader[./work/nar/extensions/nifi-enrich-nar-2.6.0.nar-unpacked]
2025-10-16 10:35:37,305 INFO [main] org.apache.nifi.nar.NarClassLoaders Loaded NAR file: /opt/nifi/nifi-current/./work/nar/extensions/nifi-lookup-services-nar-2.6.0.nar-unpacked as class loader org.apache.nifi.nar.NarClassLoader[./work/nar/extensions/nifi-lookup-services-nar-2.6.0.nar-unpacked]
2025-10-16 10:35:37,306 INFO [main] org.apache.nifi.nar.NarClassLoaders Loaded NAR file: /opt/nifi/nifi-current/./work/nar/extensions/nifi-splunk-nar-2.6.0.nar-unpacked as class loader org.apache.nifi.nar.NarClassLoader[./work/nar/extensions/nifi-splunk-nar-2.6.0.nar-unpacked]
2025-10-16 10:35:37,306 INFO [main] org.apache.nifi.nar.NarClassLoaders Loaded NAR file: /opt/nifi/nifi-current/./work/nar/extensions/nifi-zendesk-services-nar-2.6.0.nar-unpacked as class loader org.apache.nifi.nar.NarClassLoader[./work/nar/extensions/nifi-zendesk-services-nar-2.6.0.nar-unpacked]
2025-10-16 10:35:37,307 INFO [main] org.apache.nifi.nar.NarClassLoaders Loaded NAR file: /opt/nifi/nifi-current/./work/nar/extensions/nifi-hashicorp-vault-nar-2.6.0.nar-unpacked as class loader org.apache.nifi.nar.NarClassLoader[./work/nar/extensions/nifi-hashicorp-vault-nar-2.6.0.nar-unpacked]
2025-10-16 10:35:37,308 INFO [main] org.apache.nifi.nar.NarClassLoaders Loaded NAR file: /opt/nifi/nifi-current/./work/nar/extensions/nifi-distributed-cache-services-nar-2.6.0.nar-unpacked as class loader org.apache.nifi.nar.NarClassLoader[./work/nar/extensions/nifi-distributed-cache-services-nar-2.6.0.nar-unpacked]
2025-10-16 10:35:37,308 INFO [main] org.apache.nifi.nar.NarClassLoaders Loaded NAR file: /opt/nifi/nifi-current/./work/nar/extensions/nifi-slack-nar-2.6.0.nar-unpacked as class loader org.apache.nifi.nar.NarClassLoader[./work/nar/extensions/nifi-slack-nar-2.6.0.nar-unpacked]
2025-10-16 10:35:37,331 INFO [main] org.apache.nifi.nar.NarClassLoaders Loaded NAR file: /opt/nifi/nifi-current/./work/nar/extensions/nifi-kafka-3-service-nar-2.6.0.nar-unpacked as class loader org.apache.nifi.nar.NarClassLoader[./work/nar/extensions/nifi-kafka-3-service-nar-2.6.0.nar-unpacked]
2025-10-16 10:35:37,331 INFO [main] org.apache.nifi.nar.NarClassLoaders Loaded NAR file: /opt/nifi/nifi-current/./work/nar/extensions/nifi-kerberos-user-service-nar-2.6.0.nar-unpacked as class loader org.apache.nifi.nar.NarClassLoader[./work/nar/extensions/nifi-kerberos-user-service-nar-2.6.0.nar-unpacked]
2025-10-16 10:35:37,332 INFO [main] org.apache.nifi.nar.NarClassLoaders Loaded NAR file: /opt/nifi/nifi-current/./work/nar/extensions/nifi-confluent-platform-nar-2.6.0.nar-unpacked as class loader org.apache.nifi.nar.NarClassLoader[./work/nar/extensions/nifi-confluent-platform-nar-2.6.0.nar-unpacked]
2025-10-16 10:35:37,333 INFO [main] org.apache.nifi.nar.NarClassLoaders Loaded NAR file: /opt/nifi/nifi-current/./work/nar/extensions/nifi-social-media-nar-2.6.0.nar-unpacked as class loader org.apache.nifi.nar.NarClassLoader[./work/nar/extensions/nifi-social-media-nar-2.6.0.nar-unpacked]
2025-10-16 10:35:37,334 INFO [main] org.apache.nifi.nar.NarClassLoaders Loaded NAR file: /opt/nifi/nifi-current/./work/nar/extensions/nifi-opentelemetry-nar-2.6.0.nar-unpacked as class loader org.apache.nifi.nar.NarClassLoader[./work/nar/extensions/nifi-opentelemetry-nar-2.6.0.nar-unpacked]
2025-10-16 10:35:37,335 INFO [main] org.apache.nifi.nar.NarClassLoaders Loaded NAR file: /opt/nifi/nifi-current/./work/nar/extensions/nifi-elasticsearch-client-service-api-nar-2.6.0.nar-unpacked as class loader org.apache.nifi.nar.NarClassLoader[./work/nar/extensions/nifi-elasticsearch-client-service-api-nar-2.6.0.nar-unpacked]
2025-10-16 10:35:37,335 INFO [main] org.apache.nifi.nar.NarClassLoaders Loaded NAR file: /opt/nifi/nifi-current/./work/nar/extensions/nifi-py4j-nar-2.6.0.nar-unpacked as class loader org.apache.nifi.nar.NarClassLoader[./work/nar/extensions/nifi-py4j-nar-2.6.0.nar-unpacked]
2025-10-16 10:35:37,335 INFO [main] org.apache.nifi.nar.NarClassLoaders Loaded NAR file: /opt/nifi/nifi-current/./work/nar/extensions/nifi-amqp-nar-2.6.0.nar-unpacked as class loader org.apache.nifi.nar.NarClassLoader[./work/nar/extensions/nifi-amqp-nar-2.6.0.nar-unpacked]
2025-10-16 10:35:37,336 INFO [main] org.apache.nifi.nar.NarClassLoaders Loaded NAR file: /opt/nifi/nifi-current/./work/nar/extensions/nifi-salesforce-nar-2.6.0.nar-unpacked as class loader org.apache.nifi.nar.NarClassLoader[./work/nar/extensions/nifi-salesforce-nar-2.6.0.nar-unpacked]
2025-10-16 10:35:37,337 INFO [main] org.apache.nifi.nar.NarClassLoaders Loaded NAR file: /opt/nifi/nifi-current/./work/nar/extensions/nifi-websocket-services-api-nar-2.6.0.nar-unpacked as class loader org.apache.nifi.nar.NarClassLoader[./work/nar/extensions/nifi-websocket-services-api-nar-2.6.0.nar-unpacked]
2025-10-16 10:35:37,337 INFO [main] org.apache.nifi.nar.NarClassLoaders Loaded NAR file: /opt/nifi/nifi-current/./work/nar/extensions/nifi-shopify-nar-2.6.0.nar-unpacked as class loader org.apache.nifi.nar.NarClassLoader[./work/nar/extensions/nifi-shopify-nar-2.6.0.nar-unpacked]
2025-10-16 10:35:37,337 INFO [main] org.apache.nifi.nar.NarClassLoaders Loaded NAR file: /opt/nifi/nifi-current/./work/nar/extensions/nifi-geohash-nar-2.6.0.nar-unpacked as class loader org.apache.nifi.nar.NarClassLoader[./work/nar/extensions/nifi-geohash-nar-2.6.0.nar-unpacked]
2025-10-16 10:35:37,338 INFO [main] org.apache.nifi.nar.NarClassLoaders Loaded NAR file: /opt/nifi/nifi-current/./work/nar/extensions/nifi-aws-service-api-nar-2.6.0.nar-unpacked as class loader org.apache.nifi.nar.NarClassLoader[./work/nar/extensions/nifi-aws-service-api-nar-2.6.0.nar-unpacked]
2025-10-16 10:35:37,339 INFO [main] org.apache.nifi.nar.NarClassLoaders Loaded NAR file: /opt/nifi/nifi-current/./work/nar/extensions/nifi-kafka-service-aws-nar-2.6.0.nar-unpacked as class loader org.apache.nifi.nar.NarClassLoader[./work/nar/extensions/nifi-kafka-service-aws-nar-2.6.0.nar-unpacked]
2025-10-16 10:35:37,341 INFO [main] org.apache.nifi.nar.NarClassLoaders Loaded NAR file: /opt/nifi/nifi-current/./work/nar/extensions/nifi-db-schema-registry-service-nar-2.6.0.nar-unpacked as class loader org.apache.nifi.nar.NarClassLoader[./work/nar/extensions/nifi-db-schema-registry-service-nar-2.6.0.nar-unpacked]
2025-10-16 10:35:37,341 INFO [main] org.apache.nifi.nar.NarClassLoaders Loaded NAR file: /opt/nifi/nifi-current/./work/nar/extensions/nifi-dropbox-services-api-nar-2.6.0.nar-unpacked as class loader org.apache.nifi.nar.NarClassLoader[./work/nar/extensions/nifi-dropbox-services-api-nar-2.6.0.nar-unpacked]
2025-10-16 10:35:37,341 INFO [main] org.apache.nifi.nar.NarClassLoaders Loaded NAR file: /opt/nifi/nifi-current/./work/nar/extensions/nifi-flow-registry-client-nar-2.6.0.nar-unpacked as class loader org.apache.nifi.nar.NarClassLoader[./work/nar/extensions/nifi-flow-registry-client-nar-2.6.0.nar-unpacked]
2025-10-16 10:35:37,343 INFO [main] org.apache.nifi.nar.NarClassLoaders Loaded NAR file: /opt/nifi/nifi-current/./work/nar/extensions/nifi-azure-services-api-nar-2.6.0.nar-unpacked as class loader org.apache.nifi.nar.NarClassLoader[./work/nar/extensions/nifi-azure-services-api-nar-2.6.0.nar-unpacked]
2025-10-16 10:35:37,346 INFO [main] org.apache.nifi.nar.NarClassLoaders Loaded NAR file: /opt/nifi/nifi-current/./work/nar/extensions/nifi-dropbox-services-nar-2.6.0.nar-unpacked as class loader org.apache.nifi.nar.NarClassLoader[./work/nar/extensions/nifi-dropbox-services-nar-2.6.0.nar-unpacked]
2025-10-16 10:35:37,346 INFO [main] org.apache.nifi.nar.NarClassLoaders Loaded NAR file: /opt/nifi/nifi-current/./work/nar/extensions/nifi-apicurio-nar-2.6.0.nar-unpacked as class loader org.apache.nifi.nar.NarClassLoader[./work/nar/extensions/nifi-apicurio-nar-2.6.0.nar-unpacked]
2025-10-16 10:35:37,346 INFO [main] org.apache.nifi.nar.NarClassLoaders Loaded NAR file: /opt/nifi/nifi-current/./work/nar/extensions/nifi-hubspot-nar-2.6.0.nar-unpacked as class loader org.apache.nifi.nar.NarClassLoader[./work/nar/extensions/nifi-hubspot-nar-2.6.0.nar-unpacked]
2025-10-16 10:35:37,347 INFO [main] org.apache.nifi.nar.NarClassLoaders Loaded NAR file: /opt/nifi/nifi-current/./work/nar/extensions/nifi-smb-client-api-nar-2.6.0.nar-unpacked as class loader org.apache.nifi.nar.NarClassLoader[./work/nar/extensions/nifi-smb-client-api-nar-2.6.0.nar-unpacked]
2025-10-16 10:35:37,347 INFO [main] org.apache.nifi.nar.NarClassLoaders Loaded NAR file: /opt/nifi/nifi-current/./work/nar/extensions/nifi-record-sink-service-nar-2.6.0.nar-unpacked as class loader org.apache.nifi.nar.NarClassLoader[./work/nar/extensions/nifi-record-sink-service-nar-2.6.0.nar-unpacked]
2025-10-16 10:35:37,348 INFO [main] org.apache.nifi.nar.NarClassLoaders Loaded NAR file: /opt/nifi/nifi-current/./work/nar/extensions/nifi-gitlab-nar-2.6.0.nar-unpacked as class loader org.apache.nifi.nar.NarClassLoader[./work/nar/extensions/nifi-gitlab-nar-2.6.0.nar-unpacked]
2025-10-16 10:35:37,349 INFO [main] org.apache.nifi.nar.NarClassLoaders Loaded NAR file: /opt/nifi/nifi-current/./work/nar/extensions/nifi-box-nar-2.6.0.nar-unpacked as class loader org.apache.nifi.nar.NarClassLoader[./work/nar/extensions/nifi-box-nar-2.6.0.nar-unpacked]
2025-10-16 10:35:37,349 INFO [main] org.apache.nifi.nar.NarClassLoaders Loaded NAR file: /opt/nifi/nifi-current/./work/nar/extensions/nifi-scripting-nar-2.6.0.nar-unpacked as class loader org.apache.nifi.nar.NarClassLoader[./work/nar/extensions/nifi-scripting-nar-2.6.0.nar-unpacked]
2025-10-16 10:35:37,351 INFO [main] org.apache.nifi.nar.NarClassLoaders Loaded NAR file: /opt/nifi/nifi-current/./work/nar/extensions/nifi-asana-processors-nar-2.6.0.nar-unpacked as class loader org.apache.nifi.nar.NarClassLoader[./work/nar/extensions/nifi-asana-processors-nar-2.6.0.nar-unpacked]
2025-10-16 10:35:37,352 INFO [main] org.apache.nifi.nar.NarClassLoaders Loaded NAR file: /opt/nifi/nifi-current/./work/nar/extensions/nifi-atlassian-nar-2.6.0.nar-unpacked as class loader org.apache.nifi.nar.NarClassLoader[./work/nar/extensions/nifi-atlassian-nar-2.6.0.nar-unpacked]
2025-10-16 10:35:37,352 INFO [main] org.apache.nifi.nar.NarClassLoaders Loaded NAR file: /opt/nifi/nifi-current/./work/nar/extensions/nifi-jms-processors-nar-2.6.0.nar-unpacked as class loader org.apache.nifi.nar.NarClassLoader[./work/nar/extensions/nifi-jms-processors-nar-2.6.0.nar-unpacked]
2025-10-16 10:35:37,354 INFO [main] org.apache.nifi.nar.NarClassLoaders Loaded NAR file: /opt/nifi/nifi-current/./work/nar/extensions/nifi-record-serialization-services-nar-2.6.0.nar-unpacked as class loader org.apache.nifi.nar.NarClassLoader[./work/nar/extensions/nifi-record-serialization-services-nar-2.6.0.nar-unpacked]
2025-10-16 10:35:37,355 INFO [main] org.apache.nifi.nar.NarClassLoaders Loaded NAR file: /opt/nifi/nifi-current/./work/nar/extensions/nifi-elasticsearch-client-service-nar-2.6.0.nar-unpacked as class loader org.apache.nifi.nar.NarClassLoader[./work/nar/extensions/nifi-elasticsearch-client-service-nar-2.6.0.nar-unpacked]
2025-10-16 10:35:37,356 INFO [main] org.apache.nifi.nar.NarClassLoaders Loaded NAR file: /opt/nifi/nifi-current/./work/nar/extensions/nifi-redis-service-api-nar-2.6.0.nar-unpacked as class loader org.apache.nifi.nar.NarClassLoader[./work/nar/extensions/nifi-redis-service-api-nar-2.6.0.nar-unpacked]
2025-10-16 10:35:37,357 INFO [main] org.apache.nifi.nar.NarClassLoaders Loaded NAR file: /opt/nifi/nifi-current/./work/nar/extensions/nifi-smb-smbj-client-nar-2.6.0.nar-unpacked as class loader org.apache.nifi.nar.NarClassLoader[./work/nar/extensions/nifi-smb-smbj-client-nar-2.6.0.nar-unpacked]
2025-10-16 10:35:37,357 INFO [main] org.apache.nifi.nar.NarClassLoaders Loaded NAR file: /opt/nifi/nifi-current/./work/nar/extensions/nifi-pgp-nar-2.6.0.nar-unpacked as class loader org.apache.nifi.nar.NarClassLoader[./work/nar/extensions/nifi-pgp-nar-2.6.0.nar-unpacked]
2025-10-16 10:35:37,357 INFO [main] org.apache.nifi.nar.NarClassLoaders Loaded NAR file: /opt/nifi/nifi-current/./work/nar/extensions/nifi-smb-nar-2.6.0.nar-unpacked as class loader org.apache.nifi.nar.NarClassLoader[./work/nar/extensions/nifi-smb-nar-2.6.0.nar-unpacked]
2025-10-16 10:35:37,357 INFO [main] org.apache.nifi.nar.NarClassLoaders Loaded NAR file: /opt/nifi/nifi-current/./work/nar/extensions/nifi-mongodb-services-nar-2.6.0.nar-unpacked as class loader org.apache.nifi.nar.NarClassLoader[./work/nar/extensions/nifi-mongodb-services-nar-2.6.0.nar-unpacked]
2025-10-16 10:35:37,358 INFO [main] org.apache.nifi.nar.NarClassLoaders Loaded NAR file: /opt/nifi/nifi-current/./work/nar/extensions/nifi-websocket-processors-nar-2.6.0.nar-unpacked as class loader org.apache.nifi.nar.NarClassLoader[./work/nar/extensions/nifi-websocket-processors-nar-2.6.0.nar-unpacked]
2025-10-16 10:35:37,358 INFO [main] org.apache.nifi.nar.NarClassLoaders Loaded NAR file: /opt/nifi/nifi-current/./work/nar/extensions/nifi-dropbox-processors-nar-2.6.0.nar-unpacked as class loader org.apache.nifi.nar.NarClassLoader[./work/nar/extensions/nifi-dropbox-processors-nar-2.6.0.nar-unpacked]
2025-10-16 10:35:37,359 INFO [main] org.apache.nifi.nar.NarClassLoaders Loaded NAR file: /opt/nifi/nifi-current/./work/nar/extensions/nifi-websocket-services-jetty-nar-2.6.0.nar-unpacked as class loader org.apache.nifi.nar.NarClassLoader[./work/nar/extensions/nifi-websocket-services-jetty-nar-2.6.0.nar-unpacked]
2025-10-16 10:35:37,359 INFO [main] org.apache.nifi.nar.NarClassLoaders Loaded NAR file: /opt/nifi/nifi-current/./work/nar/extensions/nifi-box-services-nar-2.6.0.nar-unpacked as class loader org.apache.nifi.nar.NarClassLoader[./work/nar/extensions/nifi-box-services-nar-2.6.0.nar-unpacked]
2025-10-16 10:35:37,360 INFO [main] org.apache.nifi.nar.NarClassLoaders Loaded NAR file: /opt/nifi/nifi-current/./work/nar/extensions/nifi-aws-nar-2.6.0.nar-unpacked as class loader org.apache.nifi.nar.NarClassLoader[./work/nar/extensions/nifi-aws-nar-2.6.0.nar-unpacked]
2025-10-16 10:35:37,366 INFO [main] org.apache.nifi.nar.NarClassLoaders Loaded NAR file: /opt/nifi/nifi-current/./work/nar/extensions/nifi-elasticsearch-restapi-nar-2.6.0.nar-unpacked as class loader org.apache.nifi.nar.NarClassLoader[./work/nar/extensions/nifi-elasticsearch-restapi-nar-2.6.0.nar-unpacked]
2025-10-16 10:35:37,367 INFO [main] org.apache.nifi.nar.NarClassLoaders Loaded NAR file: /opt/nifi/nifi-current/./work/nar/extensions/nifi-azure-nar-2.6.0.nar-unpacked as class loader org.apache.nifi.nar.NarClassLoader[./work/nar/extensions/nifi-azure-nar-2.6.0.nar-unpacked]
2025-10-16 10:35:37,373 INFO [main] org.apache.nifi.nar.NarClassLoaders Loaded NAR file: /opt/nifi/nifi-current/./work/nar/extensions/nifi-redis-nar-2.6.0.nar-unpacked as class loader org.apache.nifi.nar.NarClassLoader[./work/nar/extensions/nifi-redis-nar-2.6.0.nar-unpacked]
2025-10-16 10:35:37,373 INFO [main] org.apache.nifi.nar.NarClassLoaders Found NiFiServer implementation org.apache.nifi.web.server.JettyServer in org.apache.nifi:nifi-server-nar:2.6.0
2025-10-16 10:35:37,375 INFO [main] o.a.nifi.properties.NiFiPropertiesLoader Loading Application Properties [/opt/nifi/nifi-current/conf/nifi.properties]
2025-10-16 10:35:37,416 ERROR [main] org.apache.nifi.web.server.JettyServer Failed to start Server
java.lang.IllegalStateException: Invalid port configuration in nifi.properties: Both nifi.web.https.port and nifi.web.http.port specified
	at org.apache.nifi.web.server.connector.FrameworkServerConnectorFactory.getPort(FrameworkServerConnectorFactory.java:156)
	at org.apache.nifi.web.server.connector.FrameworkServerConnectorFactory.<init>(FrameworkServerConnectorFactory.java:68)
	at org.apache.nifi.web.server.StandardServerProvider.addConnectors(StandardServerProvider.java:96)
	at org.apache.nifi.web.server.StandardServerProvider.getServer(StandardServerProvider.java:69)
	at org.apache.nifi.web.server.JettyServer.init(JettyServer.java:215)
	at org.apache.nifi.web.server.JettyServer.initialize(JettyServer.java:988)
	at org.apache.nifi.runtime.Application.startServer(Application.java:126)
	at org.apache.nifi.runtime.Application.run(Application.java:78)
	at org.apache.nifi.runtime.Application.run(Application.java:60)
	at org.apache.nifi.NiFi.main(NiFi.java:42)
2025-10-16 10:36:38,062 INFO [main] org.apache.nifi.runtime.Application Starting NiFi 2.6.0 using Java 21.0.8+12-LTS with PID 46
2025-10-16 10:36:38,065 INFO [main] o.apache.nifi.runtime.PropertiesProvider Loading Application Properties [/opt/nifi/nifi-current/conf/nifi.properties]
2025-10-16 10:36:38,070 INFO [main] org.apache.nifi.nar.NarUnpacker Expanding 112 NAR files started
2025-10-16 10:36:38,574 INFO [main] org.apache.nifi.nar.NarUnpacker Expanded 112 NAR files in 0.503 seconds (503893167 ns)
2025-10-16 10:36:38,832 INFO [main] org.apache.nifi.nar.NarClassLoaders Loaded NAR file: /opt/nifi/nifi-current/./work/nar/extensions/nifi-jetty-nar-2.6.0.nar-unpacked as class loader org.apache.nifi.nar.NarClassLoader[./work/nar/extensions/nifi-jetty-nar-2.6.0.nar-unpacked]
2025-10-16 10:36:38,835 INFO [main] org.apache.nifi.nar.NarClassLoaders Loaded NAR file: /opt/nifi/nifi-current/./work/nar/framework/nifi-framework-nar-2.6.0.nar-unpacked as class loader org.apache.nifi.nar.NarClassLoader[./work/nar/framework/nifi-framework-nar-2.6.0.nar-unpacked]
2025-10-16 10:36:38,902 INFO [main] org.apache.nifi.nar.NarClassLoaders Loaded NAR file: /opt/nifi/nifi-current/./work/nar/extensions/nifi-provenance-repository-nar-2.6.0.nar-unpacked as class loader org.apache.nifi.nar.NarClassLoader[./work/nar/extensions/nifi-provenance-repository-nar-2.6.0.nar-unpacked]
2025-10-16 10:36:38,903 INFO [main] org.apache.nifi.nar.NarClassLoaders Loaded NAR file: /opt/nifi/nifi-current/./work/nar/extensions/nifi-hl7-nar-2.6.0.nar-unpacked as class loader org.apache.nifi.nar.NarClassLoader[./work/nar/extensions/nifi-hl7-nar-2.6.0.nar-unpacked]
2025-10-16 10:36:38,919 INFO [main] org.apache.nifi.nar.NarClassLoaders Loaded NAR file: /opt/nifi/nifi-current/./work/nar/extensions/nifi-compress-nar-2.6.0.nar-unpacked as class loader org.apache.nifi.nar.NarClassLoader[./work/nar/extensions/nifi-compress-nar-2.6.0.nar-unpacked]
2025-10-16 10:36:38,920 INFO [main] org.apache.nifi.nar.NarClassLoaders Loaded NAR file: /opt/nifi/nifi-current/./work/nar/extensions/nifi-update-attribute-nar-2.6.0.nar-unpacked as class loader org.apache.nifi.nar.NarClassLoader[./work/nar/extensions/nifi-update-attribute-nar-2.6.0.nar-unpacked]
2025-10-16 10:36:38,921 INFO [main] org.apache.nifi.nar.NarClassLoaders Loaded NAR file: /opt/nifi/nifi-current/./work/nar/extensions/nifi-ldap-iaa-providers-nar-2.6.0.nar-unpacked as class loader org.apache.nifi.nar.NarClassLoader[./work/nar/extensions/nifi-ldap-iaa-providers-nar-2.6.0.nar-unpacked]
2025-10-16 10:36:38,922 INFO [main] org.apache.nifi.nar.NarClassLoaders Loaded NAR file: /opt/nifi/nifi-current/./work/nar/extensions/nifi-single-user-iaa-providers-nar-2.6.0.nar-unpacked as class loader org.apache.nifi.nar.NarClassLoader[./work/nar/extensions/nifi-single-user-iaa-providers-nar-2.6.0.nar-unpacked]
2025-10-16 10:36:38,923 INFO [main] org.apache.nifi.nar.NarClassLoaders Loaded NAR file: /opt/nifi/nifi-current/./work/nar/extensions/nifi-framework-kubernetes-nar-2.6.0.nar-unpacked as class loader org.apache.nifi.nar.NarClassLoader[./work/nar/extensions/nifi-framework-kubernetes-nar-2.6.0.nar-unpacked]
2025-10-16 10:36:38,925 INFO [main] org.apache.nifi.nar.NarClassLoaders Loaded NAR file: /opt/nifi/nifi-current/./work/nar/extensions/nifi-server-nar-2.6.0.nar-unpacked as class loader org.apache.nifi.nar.NarClassLoader[./work/nar/extensions/nifi-server-nar-2.6.0.nar-unpacked]
2025-10-16 10:36:38,934 INFO [main] org.apache.nifi.nar.NarClassLoaders Loaded NAR file: /opt/nifi/nifi-current/./work/nar/extensions/nifi-standard-services-api-nar-2.6.0.nar-unpacked as class loader org.apache.nifi.nar.NarClassLoader[./work/nar/extensions/nifi-standard-services-api-nar-2.6.0.nar-unpacked]
2025-10-16 10:36:38,935 INFO [main] org.apache.nifi.nar.NarClassLoaders Loaded NAR file: /opt/nifi/nifi-current/./work/nar/extensions/nifi-email-nar-2.6.0.nar-unpacked as class loader org.apache.nifi.nar.NarClassLoader[./work/nar/extensions/nifi-email-nar-2.6.0.nar-unpacked]
2025-10-16 10:36:38,936 INFO [main] org.apache.nifi.nar.NarClassLoaders Loaded NAR file: /opt/nifi/nifi-current/./work/nar/extensions/nifi-dbcp-service-nar-2.6.0.nar-unpacked as class loader org.apache.nifi.nar.NarClassLoader[./work/nar/extensions/nifi-dbcp-service-nar-2.6.0.nar-unpacked]
2025-10-16 10:36:38,937 INFO [main] org.apache.nifi.nar.NarClassLoaders Loaded NAR file: /opt/nifi/nifi-current/./work/nar/extensions/nifi-kerberos-iaa-providers-nar-2.6.0.nar-unpacked as class loader org.apache.nifi.nar.NarClassLoader[./work/nar/extensions/nifi-kerberos-iaa-providers-nar-2.6.0.nar-unpacked]
2025-10-16 10:36:38,938 INFO [main] org.apache.nifi.nar.NarClassLoaders Loaded NAR file: /opt/nifi/nifi-current/./work/nar/extensions/nifi-evtx-nar-2.6.0.nar-unpacked as class loader org.apache.nifi.nar.NarClassLoader[./work/nar/extensions/nifi-evtx-nar-2.6.0.nar-unpacked]
2025-10-16 10:36:38,938 INFO [main] org.apache.nifi.nar.NarClassLoaders Loaded NAR file: /opt/nifi/nifi-current/./work/nar/extensions/nifi-stateful-analysis-nar-2.6.0.nar-unpacked as class loader org.apache.nifi.nar.NarClassLoader[./work/nar/extensions/nifi-stateful-analysis-nar-2.6.0.nar-unpacked]
2025-10-16 10:36:38,939 INFO [main] org.apache.nifi.nar.NarClassLoaders Loaded NAR file: /opt/nifi/nifi-current/./work/nar/extensions/nifi-file-resource-service-nar-2.6.0.nar-unpacked as class loader org.apache.nifi.nar.NarClassLoader[./work/nar/extensions/nifi-file-resource-service-nar-2.6.0.nar-unpacked]
2025-10-16 10:36:38,939 INFO [main] org.apache.nifi.nar.NarClassLoaders Loaded NAR file: /opt/nifi/nifi-current/./work/nar/extensions/nifi-standard-shared-nar-2.6.0.nar-unpacked as class loader org.apache.nifi.nar.NarClassLoader[./work/nar/extensions/nifi-standard-shared-nar-2.6.0.nar-unpacked]
2025-10-16 10:36:38,946 INFO [main] org.apache.nifi.nar.NarClassLoaders Loaded NAR file: /opt/nifi/nifi-current/./work/nar/extensions/nifi-gcp-services-api-nar-2.6.0.nar-unpacked as class loader org.apache.nifi.nar.NarClassLoader[./work/nar/extensions/nifi-gcp-services-api-nar-2.6.0.nar-unpacked]
2025-10-16 10:36:38,947 INFO [main] org.apache.nifi.nar.NarClassLoaders Loaded NAR file: /opt/nifi/nifi-current/./work/nar/extensions/nifi-database-dialect-service-nar-2.6.0.nar-unpacked as class loader org.apache.nifi.nar.NarClassLoader[./work/nar/extensions/nifi-database-dialect-service-nar-2.6.0.nar-unpacked]
2025-10-16 10:36:38,948 INFO [main] org.apache.nifi.nar.NarClassLoaders Loaded NAR file: /opt/nifi/nifi-current/./work/nar/extensions/nifi-poi-nar-2.6.0.nar-unpacked as class loader org.apache.nifi.nar.NarClassLoader[./work/nar/extensions/nifi-poi-nar-2.6.0.nar-unpacked]
2025-10-16 10:36:38,949 INFO [main] org.apache.nifi.nar.NarClassLoaders Loaded NAR file: /opt/nifi/nifi-current/./work/nar/extensions/nifi-key-service-nar-2.6.0.nar-unpacked as class loader org.apache.nifi.nar.NarClassLoader[./work/nar/extensions/nifi-key-service-nar-2.6.0.nar-unpacked]
2025-10-16 10:36:38,950 INFO [main] org.apache.nifi.nar.NarClassLoaders Loaded NAR file: /opt/nifi/nifi-current/./work/nar/extensions/nifi-asana-services-api-nar-2.6.0.nar-unpacked as class loader org.apache.nifi.nar.NarClassLoader[./work/nar/extensions/nifi-asana-services-api-nar-2.6.0.nar-unpacked]
2025-10-16 10:36:38,972 INFO [main] org.apache.nifi.nar.NarClassLoaders Loaded NAR file: /opt/nifi/nifi-current/./work/nar/extensions/nifi-snmp-nar-2.6.0.nar-unpacked as class loader org.apache.nifi.nar.NarClassLoader[./work/nar/extensions/nifi-snmp-nar-2.6.0.nar-unpacked]
2025-10-16 10:36:38,973 INFO [main] org.apache.nifi.nar.NarClassLoaders Loaded NAR file: /opt/nifi/nifi-current/./work/nar/extensions/nifi-framework-zookeeper-nar-2.6.0.nar-unpacked as class loader org.apache.nifi.nar.NarClassLoader[./work/nar/extensions/nifi-framework-zookeeper-nar-2.6.0.nar-unpacked]
2025-10-16 10:36:38,974 INFO [main] org.apache.nifi.nar.NarClassLoaders Loaded NAR file: /opt/nifi/nifi-current/./work/nar/extensions/nifi-ssl-context-service-nar-2.6.0.nar-unpacked as class loader org.apache.nifi.nar.NarClassLoader[./work/nar/extensions/nifi-ssl-context-service-nar-2.6.0.nar-unpacked]
2025-10-16 10:36:38,975 INFO [main] org.apache.nifi.nar.NarClassLoaders Loaded NAR file: /opt/nifi/nifi-current/./work/nar/extensions/nifi-web-client-provider-service-nar-2.6.0.nar-unpacked as class loader org.apache.nifi.nar.NarClassLoader[./work/nar/extensions/nifi-web-client-provider-service-nar-2.6.0.nar-unpacked]
2025-10-16 10:36:38,975 INFO [main] org.apache.nifi.nar.NarClassLoaders Loaded NAR file: /opt/nifi/nifi-current/./work/nar/extensions/nifi-network-processors-nar-2.6.0.nar-unpacked as class loader org.apache.nifi.nar.NarClassLoader[./work/nar/extensions/nifi-network-processors-nar-2.6.0.nar-unpacked]
2025-10-16 10:36:38,975 INFO [main] org.apache.nifi.nar.NarClassLoaders Loaded NAR file: /opt/nifi/nifi-current/./work/nar/extensions/nifi-kafka-service-api-nar-2.6.0.nar-unpacked as class loader org.apache.nifi.nar.NarClassLoader[./work/nar/extensions/nifi-kafka-service-api-nar-2.6.0.nar-unpacked]
2025-10-16 10:36:38,976 INFO [main] org.apache.nifi.nar.NarClassLoaders Loaded NAR file: /opt/nifi/nifi-current/./work/nar/extensions/nifi-windows-event-log-nar-2.6.0.nar-unpacked as class loader org.apache.nifi.nar.NarClassLoader[./work/nar/extensions/nifi-windows-event-log-nar-2.6.0.nar-unpacked]
2025-10-16 10:36:38,977 INFO [main] org.apache.nifi.nar.NarClassLoaders Loaded NAR file: /opt/nifi/nifi-current/./work/nar/extensions/nifi-gcp-nar-2.6.0.nar-unpacked as class loader org.apache.nifi.nar.NarClassLoader[./work/nar/extensions/nifi-gcp-nar-2.6.0.nar-unpacked]
2025-10-16 10:36:38,981 INFO [main] org.apache.nifi.nar.NarClassLoaders Loaded NAR file: /opt/nifi/nifi-current/./work/nar/extensions/nifi-hashicorp-vault-client-service-api-nar-2.6.0.nar-unpacked as class loader org.apache.nifi.nar.NarClassLoader[./work/nar/extensions/nifi-hashicorp-vault-client-service-api-nar-2.6.0.nar-unpacked]
2025-10-16 10:36:38,982 INFO [main] org.apache.nifi.nar.NarClassLoaders Loaded NAR file: /opt/nifi/nifi-current/./work/nar/extensions/nifi-registry-nar-2.6.0.nar-unpacked as class loader org.apache.nifi.nar.NarClassLoader[./work/nar/extensions/nifi-registry-nar-2.6.0.nar-unpacked]
2025-10-16 10:36:38,983 INFO [main] org.apache.nifi.nar.NarClassLoaders Loaded NAR file: /opt/nifi/nifi-current/./work/nar/extensions/nifi-protobuf-services-nar-2.6.0.nar-unpacked as class loader org.apache.nifi.nar.NarClassLoader[./work/nar/extensions/nifi-protobuf-services-nar-2.6.0.nar-unpacked]
2025-10-16 10:36:38,984 INFO [main] org.apache.nifi.nar.NarClassLoaders Loaded NAR file: /opt/nifi/nifi-current/./work/nar/extensions/nifi-asana-services-nar-2.6.0.nar-unpacked as class loader org.apache.nifi.nar.NarClassLoader[./work/nar/extensions/nifi-asana-services-nar-2.6.0.nar-unpacked]
2025-10-16 10:36:38,984 INFO [main] org.apache.nifi.nar.NarClassLoaders Loaded NAR file: /opt/nifi/nifi-current/./work/nar/extensions/nifi-site-to-site-reporting-nar-2.6.0.nar-unpacked as class loader org.apache.nifi.nar.NarClassLoader[./work/nar/extensions/nifi-site-to-site-reporting-nar-2.6.0.nar-unpacked]
2025-10-16 10:36:38,985 INFO [main] org.apache.nifi.nar.NarClassLoaders Loaded NAR file: /opt/nifi/nifi-current/./work/nar/extensions/nifi-zendesk-nar-2.6.0.nar-unpacked as class loader org.apache.nifi.nar.NarClassLoader[./work/nar/extensions/nifi-zendesk-nar-2.6.0.nar-unpacked]
2025-10-16 10:36:38,985 INFO [main] org.apache.nifi.nar.NarClassLoaders Loaded NAR file: /opt/nifi/nifi-current/./work/nar/extensions/nifi-cipher-nar-2.6.0.nar-unpacked as class loader org.apache.nifi.nar.NarClassLoader[./work/nar/extensions/nifi-cipher-nar-2.6.0.nar-unpacked]
2025-10-16 10:36:38,986 INFO [main] org.apache.nifi.nar.NarClassLoaders Loaded NAR file: /opt/nifi/nifi-current/./work/nar/extensions/nifi-jms-cf-service-nar-2.6.0.nar-unpacked as class loader org.apache.nifi.nar.NarClassLoader[./work/nar/extensions/nifi-jms-cf-service-nar-2.6.0.nar-unpacked]
2025-10-16 10:36:38,986 INFO [main] org.apache.nifi.nar.NarClassLoaders Loaded NAR file: /opt/nifi/nifi-current/./work/nar/extensions/nifi-jolt-nar-2.6.0.nar-unpacked as class loader org.apache.nifi.nar.NarClassLoader[./work/nar/extensions/nifi-jolt-nar-2.6.0.nar-unpacked]
2025-10-16 10:36:38,987 INFO [main] org.apache.nifi.nar.NarClassLoaders Loaded NAR file: /opt/nifi/nifi-current/./work/nar/extensions/nifi-hazelcast-services-api-nar-2.6.0.nar-unpacked as class loader org.apache.nifi.nar.NarClassLoader[./work/nar/extensions/nifi-hazelcast-services-api-nar-2.6.0.nar-unpacked]
2025-10-16 10:36:38,987 INFO [main] org.apache.nifi.nar.NarClassLoaders Loaded NAR file: /opt/nifi/nifi-current/./work/nar/extensions/nifi-pgp-service-api-nar-2.6.0.nar-unpacked as class loader org.apache.nifi.nar.NarClassLoader[./work/nar/extensions/nifi-pgp-service-api-nar-2.6.0.nar-unpacked]
2025-10-16 10:36:38,987 INFO [main] org.apache.nifi.nar.NarClassLoaders Loaded NAR file: /opt/nifi/nifi-current/./work/nar/extensions/nifi-proxy-configuration-nar-2.6.0.nar-unpacked as class loader org.apache.nifi.nar.NarClassLoader[./work/nar/extensions/nifi-proxy-configuration-nar-2.6.0.nar-unpacked]
2025-10-16 10:36:38,988 INFO [main] org.apache.nifi.nar.NarClassLoaders Loaded NAR file: /opt/nifi/nifi-current/./work/nar/extensions/nifi-airtable-nar-2.6.0.nar-unpacked as class loader org.apache.nifi.nar.NarClassLoader[./work/nar/extensions/nifi-airtable-nar-2.6.0.nar-unpacked]
2025-10-16 10:36:38,988 INFO [main] org.apache.nifi.nar.NarClassLoaders Loaded NAR file: /opt/nifi/nifi-current/./work/nar/extensions/nifi-github-nar-2.6.0.nar-unpacked as class loader org.apache.nifi.nar.NarClassLoader[./work/nar/extensions/nifi-github-nar-2.6.0.nar-unpacked]
2025-10-16 10:36:38,989 INFO [main] org.apache.nifi.nar.NarClassLoaders Loaded NAR file: /opt/nifi/nifi-current/./work/nar/extensions/nifi-oauth2-provider-nar-2.6.0.nar-unpacked as class loader org.apache.nifi.nar.NarClassLoader[./work/nar/extensions/nifi-oauth2-provider-nar-2.6.0.nar-unpacked]
2025-10-16 10:36:38,989 INFO [main] org.apache.nifi.nar.NarClassLoaders Loaded NAR file: /opt/nifi/nifi-current/./work/nar/extensions/nifi-workday-processors-nar-2.6.0.nar-unpacked as class loader org.apache.nifi.nar.NarClassLoader[./work/nar/extensions/nifi-workday-processors-nar-2.6.0.nar-unpacked]
2025-10-16 10:36:38,989 INFO [main] org.apache.nifi.nar.NarClassLoaders Loaded NAR file: /opt/nifi/nifi-current/./work/nar/extensions/nifi-mongodb-client-service-api-nar-2.6.0.nar-unpacked as class loader org.apache.nifi.nar.NarClassLoader[./work/nar/extensions/nifi-mongodb-client-service-api-nar-2.6.0.nar-unpacked]
2025-10-16 10:36:38,990 INFO [main] org.apache.nifi.nar.NarClassLoaders Loaded NAR file: /opt/nifi/nifi-current/./work/nar/extensions/nifi-groovyx-nar-2.6.0.nar-unpacked as class loader org.apache.nifi.nar.NarClassLoader[./work/nar/extensions/nifi-groovyx-nar-2.6.0.nar-unpacked]
2025-10-16 10:36:38,992 INFO [main] org.apache.nifi.nar.NarClassLoaders Loaded NAR file: /opt/nifi/nifi-current/./work/nar/extensions/nifi-hazelcast-services-nar-2.6.0.nar-unpacked as class loader org.apache.nifi.nar.NarClassLoader[./work/nar/extensions/nifi-hazelcast-services-nar-2.6.0.nar-unpacked]
2025-10-16 10:36:38,993 INFO [main] org.apache.nifi.nar.NarClassLoaders Loaded NAR file: /opt/nifi/nifi-current/./work/nar/extensions/nifi-mqtt-nar-2.6.0.nar-unpacked as class loader org.apache.nifi.nar.NarClassLoader[./work/nar/extensions/nifi-mqtt-nar-2.6.0.nar-unpacked]
2025-10-16 10:36:38,994 INFO [main] org.apache.nifi.nar.NarClassLoaders Loaded NAR file: /opt/nifi/nifi-current/./work/nar/extensions/nifi-cdc-mysql-nar-2.6.0.nar-unpacked as class loader org.apache.nifi.nar.NarClassLoader[./work/nar/extensions/nifi-cdc-mysql-nar-2.6.0.nar-unpacked]
2025-10-16 10:36:38,995 INFO [main] org.apache.nifi.nar.NarClassLoaders Loaded NAR file: /opt/nifi/nifi-current/./work/nar/extensions/nifi-jslt-nar-2.6.0.nar-unpacked as class loader org.apache.nifi.nar.NarClassLoader[./work/nar/extensions/nifi-jslt-nar-2.6.0.nar-unpacked]
2025-10-16 10:36:38,995 INFO [main] org.apache.nifi.nar.NarClassLoaders Loaded NAR file: /opt/nifi/nifi-current/./work/nar/extensions/nifi-kafka-nar-2.6.0.nar-unpacked as class loader org.apache.nifi.nar.NarClassLoader[./work/nar/extensions/nifi-kafka-nar-2.6.0.nar-unpacked]
2025-10-16 10:36:38,995 INFO [main] org.apache.nifi.nar.NarClassLoaders Loaded NAR file: /opt/nifi/nifi-current/./work/nar/extensions/nifi-mongodb-nar-2.6.0.nar-unpacked as class loader org.apache.nifi.nar.NarClassLoader[./work/nar/extensions/nifi-mongodb-nar-2.6.0.nar-unpacked]
2025-10-16 10:36:38,996 INFO [main] org.apache.nifi.nar.NarClassLoaders Loaded NAR file: /opt/nifi/nifi-current/./work/nar/extensions/nifi-pgp-service-nar-2.6.0.nar-unpacked as class loader org.apache.nifi.nar.NarClassLoader[./work/nar/extensions/nifi-pgp-service-nar-2.6.0.nar-unpacked]
2025-10-16 10:36:38,996 INFO [main] org.apache.nifi.nar.NarClassLoaders Loaded NAR file: /opt/nifi/nifi-current/./work/nar/extensions/nifi-standard-content-viewer-nar-2.6.0.nar-unpacked as class loader org.apache.nifi.nar.NarClassLoader[./work/nar/extensions/nifi-standard-content-viewer-nar-2.6.0.nar-unpacked]
2025-10-16 10:36:38,997 INFO [main] org.apache.nifi.nar.NarClassLoaders Loaded NAR file: /opt/nifi/nifi-current/./work/nar/extensions/nifi-standard-nar-2.6.0.nar-unpacked as class loader org.apache.nifi.nar.NarClassLoader[./work/nar/extensions/nifi-standard-nar-2.6.0.nar-unpacked]
2025-10-16 10:36:39,003 INFO [main] org.apache.nifi.nar.NarClassLoaders Loaded NAR file: /opt/nifi/nifi-current/./work/nar/extensions/nifi-box-services-api-nar-2.6.0.nar-unpacked as class loader org.apache.nifi.nar.NarClassLoader[./work/nar/extensions/nifi-box-services-api-nar-2.6.0.nar-unpacked]
2025-10-16 10:36:39,004 INFO [main] org.apache.nifi.nar.NarClassLoaders Loaded NAR file: /opt/nifi/nifi-current/./work/nar/extensions/nifi-http-context-map-nar-2.6.0.nar-unpacked as class loader org.apache.nifi.nar.NarClassLoader[./work/nar/extensions/nifi-http-context-map-nar-2.6.0.nar-unpacked]
2025-10-16 10:36:39,004 INFO [main] org.apache.nifi.nar.NarClassLoaders Loaded NAR file: /opt/nifi/nifi-current/./work/nar/extensions/nifi-avro-nar-2.6.0.nar-unpacked as class loader org.apache.nifi.nar.NarClassLoader[./work/nar/extensions/nifi-avro-nar-2.6.0.nar-unpacked]
2025-10-16 10:36:39,004 INFO [main] org.apache.nifi.nar.NarClassLoaders Loaded NAR file: /opt/nifi/nifi-current/./work/nar/extensions/nifi-enrich-nar-2.6.0.nar-unpacked as class loader org.apache.nifi.nar.NarClassLoader[./work/nar/extensions/nifi-enrich-nar-2.6.0.nar-unpacked]
2025-10-16 10:36:39,005 INFO [main] org.apache.nifi.nar.NarClassLoaders Loaded NAR file: /opt/nifi/nifi-current/./work/nar/extensions/nifi-lookup-services-nar-2.6.0.nar-unpacked as class loader org.apache.nifi.nar.NarClassLoader[./work/nar/extensions/nifi-lookup-services-nar-2.6.0.nar-unpacked]
2025-10-16 10:36:39,006 INFO [main] org.apache.nifi.nar.NarClassLoaders Loaded NAR file: /opt/nifi/nifi-current/./work/nar/extensions/nifi-splunk-nar-2.6.0.nar-unpacked as class loader org.apache.nifi.nar.NarClassLoader[./work/nar/extensions/nifi-splunk-nar-2.6.0.nar-unpacked]
2025-10-16 10:36:39,006 INFO [main] org.apache.nifi.nar.NarClassLoaders Loaded NAR file: /opt/nifi/nifi-current/./work/nar/extensions/nifi-zendesk-services-nar-2.6.0.nar-unpacked as class loader org.apache.nifi.nar.NarClassLoader[./work/nar/extensions/nifi-zendesk-services-nar-2.6.0.nar-unpacked]
2025-10-16 10:36:39,006 INFO [main] org.apache.nifi.nar.NarClassLoaders Loaded NAR file: /opt/nifi/nifi-current/./work/nar/extensions/nifi-hashicorp-vault-nar-2.6.0.nar-unpacked as class loader org.apache.nifi.nar.NarClassLoader[./work/nar/extensions/nifi-hashicorp-vault-nar-2.6.0.nar-unpacked]
2025-10-16 10:36:39,007 INFO [main] org.apache.nifi.nar.NarClassLoaders Loaded NAR file: /opt/nifi/nifi-current/./work/nar/extensions/nifi-distributed-cache-services-nar-2.6.0.nar-unpacked as class loader org.apache.nifi.nar.NarClassLoader[./work/nar/extensions/nifi-distributed-cache-services-nar-2.6.0.nar-unpacked]
2025-10-16 10:36:39,008 INFO [main] org.apache.nifi.nar.NarClassLoaders Loaded NAR file: /opt/nifi/nifi-current/./work/nar/extensions/nifi-slack-nar-2.6.0.nar-unpacked as class loader org.apache.nifi.nar.NarClassLoader[./work/nar/extensions/nifi-slack-nar-2.6.0.nar-unpacked]
2025-10-16 10:36:39,027 INFO [main] org.apache.nifi.nar.NarClassLoaders Loaded NAR file: /opt/nifi/nifi-current/./work/nar/extensions/nifi-kafka-3-service-nar-2.6.0.nar-unpacked as class loader org.apache.nifi.nar.NarClassLoader[./work/nar/extensions/nifi-kafka-3-service-nar-2.6.0.nar-unpacked]
2025-10-16 10:36:39,028 INFO [main] org.apache.nifi.nar.NarClassLoaders Loaded NAR file: /opt/nifi/nifi-current/./work/nar/extensions/nifi-kerberos-user-service-nar-2.6.0.nar-unpacked as class loader org.apache.nifi.nar.NarClassLoader[./work/nar/extensions/nifi-kerberos-user-service-nar-2.6.0.nar-unpacked]
2025-10-16 10:36:39,029 INFO [main] org.apache.nifi.nar.NarClassLoaders Loaded NAR file: /opt/nifi/nifi-current/./work/nar/extensions/nifi-confluent-platform-nar-2.6.0.nar-unpacked as class loader org.apache.nifi.nar.NarClassLoader[./work/nar/extensions/nifi-confluent-platform-nar-2.6.0.nar-unpacked]
2025-10-16 10:36:39,030 INFO [main] org.apache.nifi.nar.NarClassLoaders Loaded NAR file: /opt/nifi/nifi-current/./work/nar/extensions/nifi-social-media-nar-2.6.0.nar-unpacked as class loader org.apache.nifi.nar.NarClassLoader[./work/nar/extensions/nifi-social-media-nar-2.6.0.nar-unpacked]
2025-10-16 10:36:39,031 INFO [main] org.apache.nifi.nar.NarClassLoaders Loaded NAR file: /opt/nifi/nifi-current/./work/nar/extensions/nifi-opentelemetry-nar-2.6.0.nar-unpacked as class loader org.apache.nifi.nar.NarClassLoader[./work/nar/extensions/nifi-opentelemetry-nar-2.6.0.nar-unpacked]
2025-10-16 10:36:39,031 INFO [main] org.apache.nifi.nar.NarClassLoaders Loaded NAR file: /opt/nifi/nifi-current/./work/nar/extensions/nifi-elasticsearch-client-service-api-nar-2.6.0.nar-unpacked as class loader org.apache.nifi.nar.NarClassLoader[./work/nar/extensions/nifi-elasticsearch-client-service-api-nar-2.6.0.nar-unpacked]
2025-10-16 10:36:39,032 INFO [main] org.apache.nifi.nar.NarClassLoaders Loaded NAR file: /opt/nifi/nifi-current/./work/nar/extensions/nifi-py4j-nar-2.6.0.nar-unpacked as class loader org.apache.nifi.nar.NarClassLoader[./work/nar/extensions/nifi-py4j-nar-2.6.0.nar-unpacked]
2025-10-16 10:36:39,032 INFO [main] org.apache.nifi.nar.NarClassLoaders Loaded NAR file: /opt/nifi/nifi-current/./work/nar/extensions/nifi-amqp-nar-2.6.0.nar-unpacked as class loader org.apache.nifi.nar.NarClassLoader[./work/nar/extensions/nifi-amqp-nar-2.6.0.nar-unpacked]
2025-10-16 10:36:39,033 INFO [main] org.apache.nifi.nar.NarClassLoaders Loaded NAR file: /opt/nifi/nifi-current/./work/nar/extensions/nifi-salesforce-nar-2.6.0.nar-unpacked as class loader org.apache.nifi.nar.NarClassLoader[./work/nar/extensions/nifi-salesforce-nar-2.6.0.nar-unpacked]
2025-10-16 10:36:39,033 INFO [main] org.apache.nifi.nar.NarClassLoaders Loaded NAR file: /opt/nifi/nifi-current/./work/nar/extensions/nifi-websocket-services-api-nar-2.6.0.nar-unpacked as class loader org.apache.nifi.nar.NarClassLoader[./work/nar/extensions/nifi-websocket-services-api-nar-2.6.0.nar-unpacked]
2025-10-16 10:36:39,034 INFO [main] org.apache.nifi.nar.NarClassLoaders Loaded NAR file: /opt/nifi/nifi-current/./work/nar/extensions/nifi-shopify-nar-2.6.0.nar-unpacked as class loader org.apache.nifi.nar.NarClassLoader[./work/nar/extensions/nifi-shopify-nar-2.6.0.nar-unpacked]
2025-10-16 10:36:39,034 INFO [main] org.apache.nifi.nar.NarClassLoaders Loaded NAR file: /opt/nifi/nifi-current/./work/nar/extensions/nifi-geohash-nar-2.6.0.nar-unpacked as class loader org.apache.nifi.nar.NarClassLoader[./work/nar/extensions/nifi-geohash-nar-2.6.0.nar-unpacked]
2025-10-16 10:36:39,034 INFO [main] org.apache.nifi.nar.NarClassLoaders Loaded NAR file: /opt/nifi/nifi-current/./work/nar/extensions/nifi-aws-service-api-nar-2.6.0.nar-unpacked as class loader org.apache.nifi.nar.NarClassLoader[./work/nar/extensions/nifi-aws-service-api-nar-2.6.0.nar-unpacked]
2025-10-16 10:36:39,036 INFO [main] org.apache.nifi.nar.NarClassLoaders Loaded NAR file: /opt/nifi/nifi-current/./work/nar/extensions/nifi-kafka-service-aws-nar-2.6.0.nar-unpacked as class loader org.apache.nifi.nar.NarClassLoader[./work/nar/extensions/nifi-kafka-service-aws-nar-2.6.0.nar-unpacked]
2025-10-16 10:36:39,038 INFO [main] org.apache.nifi.nar.NarClassLoaders Loaded NAR file: /opt/nifi/nifi-current/./work/nar/extensions/nifi-db-schema-registry-service-nar-2.6.0.nar-unpacked as class loader org.apache.nifi.nar.NarClassLoader[./work/nar/extensions/nifi-db-schema-registry-service-nar-2.6.0.nar-unpacked]
2025-10-16 10:36:39,038 INFO [main] org.apache.nifi.nar.NarClassLoaders Loaded NAR file: /opt/nifi/nifi-current/./work/nar/extensions/nifi-dropbox-services-api-nar-2.6.0.nar-unpacked as class loader org.apache.nifi.nar.NarClassLoader[./work/nar/extensions/nifi-dropbox-services-api-nar-2.6.0.nar-unpacked]
2025-10-16 10:36:39,038 INFO [main] org.apache.nifi.nar.NarClassLoaders Loaded NAR file: /opt/nifi/nifi-current/./work/nar/extensions/nifi-flow-registry-client-nar-2.6.0.nar-unpacked as class loader org.apache.nifi.nar.NarClassLoader[./work/nar/extensions/nifi-flow-registry-client-nar-2.6.0.nar-unpacked]
2025-10-16 10:36:39,039 INFO [main] org.apache.nifi.nar.NarClassLoaders Loaded NAR file: /opt/nifi/nifi-current/./work/nar/extensions/nifi-azure-services-api-nar-2.6.0.nar-unpacked as class loader org.apache.nifi.nar.NarClassLoader[./work/nar/extensions/nifi-azure-services-api-nar-2.6.0.nar-unpacked]
2025-10-16 10:36:39,043 INFO [main] org.apache.nifi.nar.NarClassLoaders Loaded NAR file: /opt/nifi/nifi-current/./work/nar/extensions/nifi-dropbox-services-nar-2.6.0.nar-unpacked as class loader org.apache.nifi.nar.NarClassLoader[./work/nar/extensions/nifi-dropbox-services-nar-2.6.0.nar-unpacked]
2025-10-16 10:36:39,043 INFO [main] org.apache.nifi.nar.NarClassLoaders Loaded NAR file: /opt/nifi/nifi-current/./work/nar/extensions/nifi-apicurio-nar-2.6.0.nar-unpacked as class loader org.apache.nifi.nar.NarClassLoader[./work/nar/extensions/nifi-apicurio-nar-2.6.0.nar-unpacked]
2025-10-16 10:36:39,043 INFO [main] org.apache.nifi.nar.NarClassLoaders Loaded NAR file: /opt/nifi/nifi-current/./work/nar/extensions/nifi-hubspot-nar-2.6.0.nar-unpacked as class loader org.apache.nifi.nar.NarClassLoader[./work/nar/extensions/nifi-hubspot-nar-2.6.0.nar-unpacked]
2025-10-16 10:36:39,044 INFO [main] org.apache.nifi.nar.NarClassLoaders Loaded NAR file: /opt/nifi/nifi-current/./work/nar/extensions/nifi-smb-client-api-nar-2.6.0.nar-unpacked as class loader org.apache.nifi.nar.NarClassLoader[./work/nar/extensions/nifi-smb-client-api-nar-2.6.0.nar-unpacked]
2025-10-16 10:36:39,044 INFO [main] org.apache.nifi.nar.NarClassLoaders Loaded NAR file: /opt/nifi/nifi-current/./work/nar/extensions/nifi-record-sink-service-nar-2.6.0.nar-unpacked as class loader org.apache.nifi.nar.NarClassLoader[./work/nar/extensions/nifi-record-sink-service-nar-2.6.0.nar-unpacked]
2025-10-16 10:36:39,044 INFO [main] org.apache.nifi.nar.NarClassLoaders Loaded NAR file: /opt/nifi/nifi-current/./work/nar/extensions/nifi-gitlab-nar-2.6.0.nar-unpacked as class loader org.apache.nifi.nar.NarClassLoader[./work/nar/extensions/nifi-gitlab-nar-2.6.0.nar-unpacked]
2025-10-16 10:36:39,045 INFO [main] org.apache.nifi.nar.NarClassLoaders Loaded NAR file: /opt/nifi/nifi-current/./work/nar/extensions/nifi-box-nar-2.6.0.nar-unpacked as class loader org.apache.nifi.nar.NarClassLoader[./work/nar/extensions/nifi-box-nar-2.6.0.nar-unpacked]
2025-10-16 10:36:39,046 INFO [main] org.apache.nifi.nar.NarClassLoaders Loaded NAR file: /opt/nifi/nifi-current/./work/nar/extensions/nifi-scripting-nar-2.6.0.nar-unpacked as class loader org.apache.nifi.nar.NarClassLoader[./work/nar/extensions/nifi-scripting-nar-2.6.0.nar-unpacked]
2025-10-16 10:36:39,048 INFO [main] org.apache.nifi.nar.NarClassLoaders Loaded NAR file: /opt/nifi/nifi-current/./work/nar/extensions/nifi-asana-processors-nar-2.6.0.nar-unpacked as class loader org.apache.nifi.nar.NarClassLoader[./work/nar/extensions/nifi-asana-processors-nar-2.6.0.nar-unpacked]
2025-10-16 10:36:39,049 INFO [main] org.apache.nifi.nar.NarClassLoaders Loaded NAR file: /opt/nifi/nifi-current/./work/nar/extensions/nifi-atlassian-nar-2.6.0.nar-unpacked as class loader org.apache.nifi.nar.NarClassLoader[./work/nar/extensions/nifi-atlassian-nar-2.6.0.nar-unpacked]
2025-10-16 10:36:39,049 INFO [main] org.apache.nifi.nar.NarClassLoaders Loaded NAR file: /opt/nifi/nifi-current/./work/nar/extensions/nifi-jms-processors-nar-2.6.0.nar-unpacked as class loader org.apache.nifi.nar.NarClassLoader[./work/nar/extensions/nifi-jms-processors-nar-2.6.0.nar-unpacked]
2025-10-16 10:36:39,050 INFO [main] org.apache.nifi.nar.NarClassLoaders Loaded NAR file: /opt/nifi/nifi-current/./work/nar/extensions/nifi-record-serialization-services-nar-2.6.0.nar-unpacked as class loader org.apache.nifi.nar.NarClassLoader[./work/nar/extensions/nifi-record-serialization-services-nar-2.6.0.nar-unpacked]
2025-10-16 10:36:39,051 INFO [main] org.apache.nifi.nar.NarClassLoaders Loaded NAR file: /opt/nifi/nifi-current/./work/nar/extensions/nifi-elasticsearch-client-service-nar-2.6.0.nar-unpacked as class loader org.apache.nifi.nar.NarClassLoader[./work/nar/extensions/nifi-elasticsearch-client-service-nar-2.6.0.nar-unpacked]
2025-10-16 10:36:39,053 INFO [main] org.apache.nifi.nar.NarClassLoaders Loaded NAR file: /opt/nifi/nifi-current/./work/nar/extensions/nifi-redis-service-api-nar-2.6.0.nar-unpacked as class loader org.apache.nifi.nar.NarClassLoader[./work/nar/extensions/nifi-redis-service-api-nar-2.6.0.nar-unpacked]
2025-10-16 10:36:39,054 INFO [main] org.apache.nifi.nar.NarClassLoaders Loaded NAR file: /opt/nifi/nifi-current/./work/nar/extensions/nifi-smb-smbj-client-nar-2.6.0.nar-unpacked as class loader org.apache.nifi.nar.NarClassLoader[./work/nar/extensions/nifi-smb-smbj-client-nar-2.6.0.nar-unpacked]
2025-10-16 10:36:39,054 INFO [main] org.apache.nifi.nar.NarClassLoaders Loaded NAR file: /opt/nifi/nifi-current/./work/nar/extensions/nifi-pgp-nar-2.6.0.nar-unpacked as class loader org.apache.nifi.nar.NarClassLoader[./work/nar/extensions/nifi-pgp-nar-2.6.0.nar-unpacked]
2025-10-16 10:36:39,054 INFO [main] org.apache.nifi.nar.NarClassLoaders Loaded NAR file: /opt/nifi/nifi-current/./work/nar/extensions/nifi-smb-nar-2.6.0.nar-unpacked as class loader org.apache.nifi.nar.NarClassLoader[./work/nar/extensions/nifi-smb-nar-2.6.0.nar-unpacked]
2025-10-16 10:36:39,055 INFO [main] org.apache.nifi.nar.NarClassLoaders Loaded NAR file: /opt/nifi/nifi-current/./work/nar/extensions/nifi-mongodb-services-nar-2.6.0.nar-unpacked as class loader org.apache.nifi.nar.NarClassLoader[./work/nar/extensions/nifi-mongodb-services-nar-2.6.0.nar-unpacked]
2025-10-16 10:36:39,055 INFO [main] org.apache.nifi.nar.NarClassLoaders Loaded NAR file: /opt/nifi/nifi-current/./work/nar/extensions/nifi-websocket-processors-nar-2.6.0.nar-unpacked as class loader org.apache.nifi.nar.NarClassLoader[./work/nar/extensions/nifi-websocket-processors-nar-2.6.0.nar-unpacked]
2025-10-16 10:36:39,055 INFO [main] org.apache.nifi.nar.NarClassLoaders Loaded NAR file: /opt/nifi/nifi-current/./work/nar/extensions/nifi-dropbox-processors-nar-2.6.0.nar-unpacked as class loader org.apache.nifi.nar.NarClassLoader[./work/nar/extensions/nifi-dropbox-processors-nar-2.6.0.nar-unpacked]
2025-10-16 10:36:39,056 INFO [main] org.apache.nifi.nar.NarClassLoaders Loaded NAR file: /opt/nifi/nifi-current/./work/nar/extensions/nifi-websocket-services-jetty-nar-2.6.0.nar-unpacked as class loader org.apache.nifi.nar.NarClassLoader[./work/nar/extensions/nifi-websocket-services-jetty-nar-2.6.0.nar-unpacked]
2025-10-16 10:36:39,057 INFO [main] org.apache.nifi.nar.NarClassLoaders Loaded NAR file: /opt/nifi/nifi-current/./work/nar/extensions/nifi-box-services-nar-2.6.0.nar-unpacked as class loader org.apache.nifi.nar.NarClassLoader[./work/nar/extensions/nifi-box-services-nar-2.6.0.nar-unpacked]
2025-10-16 10:36:39,058 INFO [main] org.apache.nifi.nar.NarClassLoaders Loaded NAR file: /opt/nifi/nifi-current/./work/nar/extensions/nifi-aws-nar-2.6.0.nar-unpacked as class loader org.apache.nifi.nar.NarClassLoader[./work/nar/extensions/nifi-aws-nar-2.6.0.nar-unpacked]
2025-10-16 10:36:39,064 INFO [main] org.apache.nifi.nar.NarClassLoaders Loaded NAR file: /opt/nifi/nifi-current/./work/nar/extensions/nifi-elasticsearch-restapi-nar-2.6.0.nar-unpacked as class loader org.apache.nifi.nar.NarClassLoader[./work/nar/extensions/nifi-elasticsearch-restapi-nar-2.6.0.nar-unpacked]
2025-10-16 10:36:39,065 INFO [main] org.apache.nifi.nar.NarClassLoaders Loaded NAR file: /opt/nifi/nifi-current/./work/nar/extensions/nifi-azure-nar-2.6.0.nar-unpacked as class loader org.apache.nifi.nar.NarClassLoader[./work/nar/extensions/nifi-azure-nar-2.6.0.nar-unpacked]
2025-10-16 10:36:39,071 INFO [main] org.apache.nifi.nar.NarClassLoaders Loaded NAR file: /opt/nifi/nifi-current/./work/nar/extensions/nifi-redis-nar-2.6.0.nar-unpacked as class loader org.apache.nifi.nar.NarClassLoader[./work/nar/extensions/nifi-redis-nar-2.6.0.nar-unpacked]
2025-10-16 10:36:39,071 INFO [main] org.apache.nifi.nar.NarClassLoaders Found NiFiServer implementation org.apache.nifi.web.server.JettyServer in org.apache.nifi:nifi-server-nar:2.6.0
2025-10-16 10:36:39,073 INFO [main] o.a.nifi.properties.NiFiPropertiesLoader Loading Application Properties [/opt/nifi/nifi-current/conf/nifi.properties]
2025-10-16 10:36:39,118 ERROR [main] org.apache.nifi.web.server.JettyServer Failed to start Server
java.lang.IllegalStateException: Invalid port configuration in nifi.properties: Both nifi.web.https.port and nifi.web.http.port specified
	at org.apache.nifi.web.server.connector.FrameworkServerConnectorFactory.getPort(FrameworkServerConnectorFactory.java:156)
	at org.apache.nifi.web.server.connector.FrameworkServerConnectorFactory.<init>(FrameworkServerConnectorFactory.java:68)
	at org.apache.nifi.web.server.StandardServerProvider.addConnectors(StandardServerProvider.java:96)
	at org.apache.nifi.web.server.StandardServerProvider.getServer(StandardServerProvider.java:69)
	at org.apache.nifi.web.server.JettyServer.init(JettyServer.java:215)
	at org.apache.nifi.web.server.JettyServer.initialize(JettyServer.java:988)
	at org.apache.nifi.runtime.Application.startServer(Application.java:126)
	at org.apache.nifi.runtime.Application.run(Application.java:78)
	at org.apache.nifi.runtime.Application.run(Application.java:60)
	at org.apache.nifi.NiFi.main(NiFi.java:42)
2025-10-16 10:37:39,742 INFO [main] org.apache.nifi.runtime.Application Starting NiFi 2.6.0 using Java 21.0.8+12-LTS with PID 46
2025-10-16 10:37:39,744 INFO [main] o.apache.nifi.runtime.PropertiesProvider Loading Application Properties [/opt/nifi/nifi-current/conf/nifi.properties]
2025-10-16 10:37:39,748 INFO [main] org.apache.nifi.nar.NarUnpacker Expanding 112 NAR files started
2025-10-16 10:37:40,250 INFO [main] org.apache.nifi.nar.NarUnpacker Expanded 112 NAR files in 0.501 seconds (501477292 ns)
2025-10-16 10:37:40,457 INFO [main] org.apache.nifi.nar.NarClassLoaders Loaded NAR file: /opt/nifi/nifi-current/./work/nar/extensions/nifi-jetty-nar-2.6.0.nar-unpacked as class loader org.apache.nifi.nar.NarClassLoader[./work/nar/extensions/nifi-jetty-nar-2.6.0.nar-unpacked]
2025-10-16 10:37:40,460 INFO [main] org.apache.nifi.nar.NarClassLoaders Loaded NAR file: /opt/nifi/nifi-current/./work/nar/framework/nifi-framework-nar-2.6.0.nar-unpacked as class loader org.apache.nifi.nar.NarClassLoader[./work/nar/framework/nifi-framework-nar-2.6.0.nar-unpacked]
2025-10-16 10:37:40,497 INFO [main] org.apache.nifi.nar.NarClassLoaders Loaded NAR file: /opt/nifi/nifi-current/./work/nar/extensions/nifi-provenance-repository-nar-2.6.0.nar-unpacked as class loader org.apache.nifi.nar.NarClassLoader[./work/nar/extensions/nifi-provenance-repository-nar-2.6.0.nar-unpacked]
2025-10-16 10:37:40,498 INFO [main] org.apache.nifi.nar.NarClassLoaders Loaded NAR file: /opt/nifi/nifi-current/./work/nar/extensions/nifi-hl7-nar-2.6.0.nar-unpacked as class loader org.apache.nifi.nar.NarClassLoader[./work/nar/extensions/nifi-hl7-nar-2.6.0.nar-unpacked]
2025-10-16 10:37:40,510 INFO [main] org.apache.nifi.nar.NarClassLoaders Loaded NAR file: /opt/nifi/nifi-current/./work/nar/extensions/nifi-compress-nar-2.6.0.nar-unpacked as class loader org.apache.nifi.nar.NarClassLoader[./work/nar/extensions/nifi-compress-nar-2.6.0.nar-unpacked]
2025-10-16 10:37:40,511 INFO [main] org.apache.nifi.nar.NarClassLoaders Loaded NAR file: /opt/nifi/nifi-current/./work/nar/extensions/nifi-update-attribute-nar-2.6.0.nar-unpacked as class loader org.apache.nifi.nar.NarClassLoader[./work/nar/extensions/nifi-update-attribute-nar-2.6.0.nar-unpacked]
2025-10-16 10:37:40,512 INFO [main] org.apache.nifi.nar.NarClassLoaders Loaded NAR file: /opt/nifi/nifi-current/./work/nar/extensions/nifi-ldap-iaa-providers-nar-2.6.0.nar-unpacked as class loader org.apache.nifi.nar.NarClassLoader[./work/nar/extensions/nifi-ldap-iaa-providers-nar-2.6.0.nar-unpacked]
2025-10-16 10:37:40,513 INFO [main] org.apache.nifi.nar.NarClassLoaders Loaded NAR file: /opt/nifi/nifi-current/./work/nar/extensions/nifi-single-user-iaa-providers-nar-2.6.0.nar-unpacked as class loader org.apache.nifi.nar.NarClassLoader[./work/nar/extensions/nifi-single-user-iaa-providers-nar-2.6.0.nar-unpacked]
2025-10-16 10:37:40,514 INFO [main] org.apache.nifi.nar.NarClassLoaders Loaded NAR file: /opt/nifi/nifi-current/./work/nar/extensions/nifi-framework-kubernetes-nar-2.6.0.nar-unpacked as class loader org.apache.nifi.nar.NarClassLoader[./work/nar/extensions/nifi-framework-kubernetes-nar-2.6.0.nar-unpacked]
2025-10-16 10:37:40,516 INFO [main] org.apache.nifi.nar.NarClassLoaders Loaded NAR file: /opt/nifi/nifi-current/./work/nar/extensions/nifi-server-nar-2.6.0.nar-unpacked as class loader org.apache.nifi.nar.NarClassLoader[./work/nar/extensions/nifi-server-nar-2.6.0.nar-unpacked]
2025-10-16 10:37:40,524 INFO [main] org.apache.nifi.nar.NarClassLoaders Loaded NAR file: /opt/nifi/nifi-current/./work/nar/extensions/nifi-standard-services-api-nar-2.6.0.nar-unpacked as class loader org.apache.nifi.nar.NarClassLoader[./work/nar/extensions/nifi-standard-services-api-nar-2.6.0.nar-unpacked]
2025-10-16 10:37:40,525 INFO [main] org.apache.nifi.nar.NarClassLoaders Loaded NAR file: /opt/nifi/nifi-current/./work/nar/extensions/nifi-email-nar-2.6.0.nar-unpacked as class loader org.apache.nifi.nar.NarClassLoader[./work/nar/extensions/nifi-email-nar-2.6.0.nar-unpacked]
2025-10-16 10:37:40,526 INFO [main] org.apache.nifi.nar.NarClassLoaders Loaded NAR file: /opt/nifi/nifi-current/./work/nar/extensions/nifi-dbcp-service-nar-2.6.0.nar-unpacked as class loader org.apache.nifi.nar.NarClassLoader[./work/nar/extensions/nifi-dbcp-service-nar-2.6.0.nar-unpacked]
2025-10-16 10:37:40,526 INFO [main] org.apache.nifi.nar.NarClassLoaders Loaded NAR file: /opt/nifi/nifi-current/./work/nar/extensions/nifi-kerberos-iaa-providers-nar-2.6.0.nar-unpacked as class loader org.apache.nifi.nar.NarClassLoader[./work/nar/extensions/nifi-kerberos-iaa-providers-nar-2.6.0.nar-unpacked]
2025-10-16 10:37:40,527 INFO [main] org.apache.nifi.nar.NarClassLoaders Loaded NAR file: /opt/nifi/nifi-current/./work/nar/extensions/nifi-evtx-nar-2.6.0.nar-unpacked as class loader org.apache.nifi.nar.NarClassLoader[./work/nar/extensions/nifi-evtx-nar-2.6.0.nar-unpacked]
2025-10-16 10:37:40,528 INFO [main] org.apache.nifi.nar.NarClassLoaders Loaded NAR file: /opt/nifi/nifi-current/./work/nar/extensions/nifi-stateful-analysis-nar-2.6.0.nar-unpacked as class loader org.apache.nifi.nar.NarClassLoader[./work/nar/extensions/nifi-stateful-analysis-nar-2.6.0.nar-unpacked]
2025-10-16 10:37:40,529 INFO [main] org.apache.nifi.nar.NarClassLoaders Loaded NAR file: /opt/nifi/nifi-current/./work/nar/extensions/nifi-file-resource-service-nar-2.6.0.nar-unpacked as class loader org.apache.nifi.nar.NarClassLoader[./work/nar/extensions/nifi-file-resource-service-nar-2.6.0.nar-unpacked]
2025-10-16 10:37:40,529 INFO [main] org.apache.nifi.nar.NarClassLoaders Loaded NAR file: /opt/nifi/nifi-current/./work/nar/extensions/nifi-standard-shared-nar-2.6.0.nar-unpacked as class loader org.apache.nifi.nar.NarClassLoader[./work/nar/extensions/nifi-standard-shared-nar-2.6.0.nar-unpacked]
2025-10-16 10:37:40,535 INFO [main] org.apache.nifi.nar.NarClassLoaders Loaded NAR file: /opt/nifi/nifi-current/./work/nar/extensions/nifi-gcp-services-api-nar-2.6.0.nar-unpacked as class loader org.apache.nifi.nar.NarClassLoader[./work/nar/extensions/nifi-gcp-services-api-nar-2.6.0.nar-unpacked]
2025-10-16 10:37:40,537 INFO [main] org.apache.nifi.nar.NarClassLoaders Loaded NAR file: /opt/nifi/nifi-current/./work/nar/extensions/nifi-database-dialect-service-nar-2.6.0.nar-unpacked as class loader org.apache.nifi.nar.NarClassLoader[./work/nar/extensions/nifi-database-dialect-service-nar-2.6.0.nar-unpacked]
2025-10-16 10:37:40,538 INFO [main] org.apache.nifi.nar.NarClassLoaders Loaded NAR file: /opt/nifi/nifi-current/./work/nar/extensions/nifi-poi-nar-2.6.0.nar-unpacked as class loader org.apache.nifi.nar.NarClassLoader[./work/nar/extensions/nifi-poi-nar-2.6.0.nar-unpacked]
2025-10-16 10:37:40,539 INFO [main] org.apache.nifi.nar.NarClassLoaders Loaded NAR file: /opt/nifi/nifi-current/./work/nar/extensions/nifi-key-service-nar-2.6.0.nar-unpacked as class loader org.apache.nifi.nar.NarClassLoader[./work/nar/extensions/nifi-key-service-nar-2.6.0.nar-unpacked]
2025-10-16 10:37:40,540 INFO [main] org.apache.nifi.nar.NarClassLoaders Loaded NAR file: /opt/nifi/nifi-current/./work/nar/extensions/nifi-asana-services-api-nar-2.6.0.nar-unpacked as class loader org.apache.nifi.nar.NarClassLoader[./work/nar/extensions/nifi-asana-services-api-nar-2.6.0.nar-unpacked]
2025-10-16 10:37:40,556 INFO [main] org.apache.nifi.nar.NarClassLoaders Loaded NAR file: /opt/nifi/nifi-current/./work/nar/extensions/nifi-snmp-nar-2.6.0.nar-unpacked as class loader org.apache.nifi.nar.NarClassLoader[./work/nar/extensions/nifi-snmp-nar-2.6.0.nar-unpacked]
2025-10-16 10:37:40,557 INFO [main] org.apache.nifi.nar.NarClassLoaders Loaded NAR file: /opt/nifi/nifi-current/./work/nar/extensions/nifi-framework-zookeeper-nar-2.6.0.nar-unpacked as class loader org.apache.nifi.nar.NarClassLoader[./work/nar/extensions/nifi-framework-zookeeper-nar-2.6.0.nar-unpacked]
2025-10-16 10:37:40,558 INFO [main] org.apache.nifi.nar.NarClassLoaders Loaded NAR file: /opt/nifi/nifi-current/./work/nar/extensions/nifi-ssl-context-service-nar-2.6.0.nar-unpacked as class loader org.apache.nifi.nar.NarClassLoader[./work/nar/extensions/nifi-ssl-context-service-nar-2.6.0.nar-unpacked]
2025-10-16 10:37:40,559 INFO [main] org.apache.nifi.nar.NarClassLoaders Loaded NAR file: /opt/nifi/nifi-current/./work/nar/extensions/nifi-web-client-provider-service-nar-2.6.0.nar-unpacked as class loader org.apache.nifi.nar.NarClassLoader[./work/nar/extensions/nifi-web-client-provider-service-nar-2.6.0.nar-unpacked]
2025-10-16 10:37:40,559 INFO [main] org.apache.nifi.nar.NarClassLoaders Loaded NAR file: /opt/nifi/nifi-current/./work/nar/extensions/nifi-network-processors-nar-2.6.0.nar-unpacked as class loader org.apache.nifi.nar.NarClassLoader[./work/nar/extensions/nifi-network-processors-nar-2.6.0.nar-unpacked]
2025-10-16 10:37:40,560 INFO [main] org.apache.nifi.nar.NarClassLoaders Loaded NAR file: /opt/nifi/nifi-current/./work/nar/extensions/nifi-kafka-service-api-nar-2.6.0.nar-unpacked as class loader org.apache.nifi.nar.NarClassLoader[./work/nar/extensions/nifi-kafka-service-api-nar-2.6.0.nar-unpacked]
2025-10-16 10:37:40,560 INFO [main] org.apache.nifi.nar.NarClassLoaders Loaded NAR file: /opt/nifi/nifi-current/./work/nar/extensions/nifi-windows-event-log-nar-2.6.0.nar-unpacked as class loader org.apache.nifi.nar.NarClassLoader[./work/nar/extensions/nifi-windows-event-log-nar-2.6.0.nar-unpacked]
2025-10-16 10:37:40,561 INFO [main] org.apache.nifi.nar.NarClassLoaders Loaded NAR file: /opt/nifi/nifi-current/./work/nar/extensions/nifi-gcp-nar-2.6.0.nar-unpacked as class loader org.apache.nifi.nar.NarClassLoader[./work/nar/extensions/nifi-gcp-nar-2.6.0.nar-unpacked]
2025-10-16 10:37:40,564 INFO [main] org.apache.nifi.nar.NarClassLoaders Loaded NAR file: /opt/nifi/nifi-current/./work/nar/extensions/nifi-hashicorp-vault-client-service-api-nar-2.6.0.nar-unpacked as class loader org.apache.nifi.nar.NarClassLoader[./work/nar/extensions/nifi-hashicorp-vault-client-service-api-nar-2.6.0.nar-unpacked]
2025-10-16 10:37:40,565 INFO [main] org.apache.nifi.nar.NarClassLoaders Loaded NAR file: /opt/nifi/nifi-current/./work/nar/extensions/nifi-registry-nar-2.6.0.nar-unpacked as class loader org.apache.nifi.nar.NarClassLoader[./work/nar/extensions/nifi-registry-nar-2.6.0.nar-unpacked]
2025-10-16 10:37:40,565 INFO [main] org.apache.nifi.nar.NarClassLoaders Loaded NAR file: /opt/nifi/nifi-current/./work/nar/extensions/nifi-protobuf-services-nar-2.6.0.nar-unpacked as class loader org.apache.nifi.nar.NarClassLoader[./work/nar/extensions/nifi-protobuf-services-nar-2.6.0.nar-unpacked]
2025-10-16 10:37:40,568 INFO [main] org.apache.nifi.nar.NarClassLoaders Loaded NAR file: /opt/nifi/nifi-current/./work/nar/extensions/nifi-asana-services-nar-2.6.0.nar-unpacked as class loader org.apache.nifi.nar.NarClassLoader[./work/nar/extensions/nifi-asana-services-nar-2.6.0.nar-unpacked]
2025-10-16 10:37:40,568 INFO [main] org.apache.nifi.nar.NarClassLoaders Loaded NAR file: /opt/nifi/nifi-current/./work/nar/extensions/nifi-site-to-site-reporting-nar-2.6.0.nar-unpacked as class loader org.apache.nifi.nar.NarClassLoader[./work/nar/extensions/nifi-site-to-site-reporting-nar-2.6.0.nar-unpacked]
2025-10-16 10:37:40,569 INFO [main] org.apache.nifi.nar.NarClassLoaders Loaded NAR file: /opt/nifi/nifi-current/./work/nar/extensions/nifi-zendesk-nar-2.6.0.nar-unpacked as class loader org.apache.nifi.nar.NarClassLoader[./work/nar/extensions/nifi-zendesk-nar-2.6.0.nar-unpacked]
2025-10-16 10:37:40,569 INFO [main] org.apache.nifi.nar.NarClassLoaders Loaded NAR file: /opt/nifi/nifi-current/./work/nar/extensions/nifi-cipher-nar-2.6.0.nar-unpacked as class loader org.apache.nifi.nar.NarClassLoader[./work/nar/extensions/nifi-cipher-nar-2.6.0.nar-unpacked]
2025-10-16 10:37:40,570 INFO [main] org.apache.nifi.nar.NarClassLoaders Loaded NAR file: /opt/nifi/nifi-current/./work/nar/extensions/nifi-jms-cf-service-nar-2.6.0.nar-unpacked as class loader org.apache.nifi.nar.NarClassLoader[./work/nar/extensions/nifi-jms-cf-service-nar-2.6.0.nar-unpacked]
2025-10-16 10:37:40,570 INFO [main] org.apache.nifi.nar.NarClassLoaders Loaded NAR file: /opt/nifi/nifi-current/./work/nar/extensions/nifi-jolt-nar-2.6.0.nar-unpacked as class loader org.apache.nifi.nar.NarClassLoader[./work/nar/extensions/nifi-jolt-nar-2.6.0.nar-unpacked]
2025-10-16 10:37:40,571 INFO [main] org.apache.nifi.nar.NarClassLoaders Loaded NAR file: /opt/nifi/nifi-current/./work/nar/extensions/nifi-hazelcast-services-api-nar-2.6.0.nar-unpacked as class loader org.apache.nifi.nar.NarClassLoader[./work/nar/extensions/nifi-hazelcast-services-api-nar-2.6.0.nar-unpacked]
2025-10-16 10:37:40,571 INFO [main] org.apache.nifi.nar.NarClassLoaders Loaded NAR file: /opt/nifi/nifi-current/./work/nar/extensions/nifi-pgp-service-api-nar-2.6.0.nar-unpacked as class loader org.apache.nifi.nar.NarClassLoader[./work/nar/extensions/nifi-pgp-service-api-nar-2.6.0.nar-unpacked]
2025-10-16 10:37:40,572 INFO [main] org.apache.nifi.nar.NarClassLoaders Loaded NAR file: /opt/nifi/nifi-current/./work/nar/extensions/nifi-proxy-configuration-nar-2.6.0.nar-unpacked as class loader org.apache.nifi.nar.NarClassLoader[./work/nar/extensions/nifi-proxy-configuration-nar-2.6.0.nar-unpacked]
2025-10-16 10:37:40,572 INFO [main] org.apache.nifi.nar.NarClassLoaders Loaded NAR file: /opt/nifi/nifi-current/./work/nar/extensions/nifi-airtable-nar-2.6.0.nar-unpacked as class loader org.apache.nifi.nar.NarClassLoader[./work/nar/extensions/nifi-airtable-nar-2.6.0.nar-unpacked]
2025-10-16 10:37:40,572 INFO [main] org.apache.nifi.nar.NarClassLoaders Loaded NAR file: /opt/nifi/nifi-current/./work/nar/extensions/nifi-github-nar-2.6.0.nar-unpacked as class loader org.apache.nifi.nar.NarClassLoader[./work/nar/extensions/nifi-github-nar-2.6.0.nar-unpacked]
2025-10-16 10:37:40,573 INFO [main] org.apache.nifi.nar.NarClassLoaders Loaded NAR file: /opt/nifi/nifi-current/./work/nar/extensions/nifi-oauth2-provider-nar-2.6.0.nar-unpacked as class loader org.apache.nifi.nar.NarClassLoader[./work/nar/extensions/nifi-oauth2-provider-nar-2.6.0.nar-unpacked]
2025-10-16 10:37:40,573 INFO [main] org.apache.nifi.nar.NarClassLoaders Loaded NAR file: /opt/nifi/nifi-current/./work/nar/extensions/nifi-workday-processors-nar-2.6.0.nar-unpacked as class loader org.apache.nifi.nar.NarClassLoader[./work/nar/extensions/nifi-workday-processors-nar-2.6.0.nar-unpacked]
2025-10-16 10:37:40,573 INFO [main] org.apache.nifi.nar.NarClassLoaders Loaded NAR file: /opt/nifi/nifi-current/./work/nar/extensions/nifi-mongodb-client-service-api-nar-2.6.0.nar-unpacked as class loader org.apache.nifi.nar.NarClassLoader[./work/nar/extensions/nifi-mongodb-client-service-api-nar-2.6.0.nar-unpacked]
2025-10-16 10:37:40,574 INFO [main] org.apache.nifi.nar.NarClassLoaders Loaded NAR file: /opt/nifi/nifi-current/./work/nar/extensions/nifi-groovyx-nar-2.6.0.nar-unpacked as class loader org.apache.nifi.nar.NarClassLoader[./work/nar/extensions/nifi-groovyx-nar-2.6.0.nar-unpacked]
2025-10-16 10:37:40,576 INFO [main] org.apache.nifi.nar.NarClassLoaders Loaded NAR file: /opt/nifi/nifi-current/./work/nar/extensions/nifi-hazelcast-services-nar-2.6.0.nar-unpacked as class loader org.apache.nifi.nar.NarClassLoader[./work/nar/extensions/nifi-hazelcast-services-nar-2.6.0.nar-unpacked]
2025-10-16 10:37:40,577 INFO [main] org.apache.nifi.nar.NarClassLoaders Loaded NAR file: /opt/nifi/nifi-current/./work/nar/extensions/nifi-mqtt-nar-2.6.0.nar-unpacked as class loader org.apache.nifi.nar.NarClassLoader[./work/nar/extensions/nifi-mqtt-nar-2.6.0.nar-unpacked]
2025-10-16 10:37:40,578 INFO [main] org.apache.nifi.nar.NarClassLoaders Loaded NAR file: /opt/nifi/nifi-current/./work/nar/extensions/nifi-cdc-mysql-nar-2.6.0.nar-unpacked as class loader org.apache.nifi.nar.NarClassLoader[./work/nar/extensions/nifi-cdc-mysql-nar-2.6.0.nar-unpacked]
2025-10-16 10:37:40,579 INFO [main] org.apache.nifi.nar.NarClassLoaders Loaded NAR file: /opt/nifi/nifi-current/./work/nar/extensions/nifi-jslt-nar-2.6.0.nar-unpacked as class loader org.apache.nifi.nar.NarClassLoader[./work/nar/extensions/nifi-jslt-nar-2.6.0.nar-unpacked]
2025-10-16 10:37:40,579 INFO [main] org.apache.nifi.nar.NarClassLoaders Loaded NAR file: /opt/nifi/nifi-current/./work/nar/extensions/nifi-kafka-nar-2.6.0.nar-unpacked as class loader org.apache.nifi.nar.NarClassLoader[./work/nar/extensions/nifi-kafka-nar-2.6.0.nar-unpacked]
2025-10-16 10:37:40,579 INFO [main] org.apache.nifi.nar.NarClassLoaders Loaded NAR file: /opt/nifi/nifi-current/./work/nar/extensions/nifi-mongodb-nar-2.6.0.nar-unpacked as class loader org.apache.nifi.nar.NarClassLoader[./work/nar/extensions/nifi-mongodb-nar-2.6.0.nar-unpacked]
2025-10-16 10:37:40,579 INFO [main] org.apache.nifi.nar.NarClassLoaders Loaded NAR file: /opt/nifi/nifi-current/./work/nar/extensions/nifi-pgp-service-nar-2.6.0.nar-unpacked as class loader org.apache.nifi.nar.NarClassLoader[./work/nar/extensions/nifi-pgp-service-nar-2.6.0.nar-unpacked]
2025-10-16 10:37:40,580 INFO [main] org.apache.nifi.nar.NarClassLoaders Loaded NAR file: /opt/nifi/nifi-current/./work/nar/extensions/nifi-standard-content-viewer-nar-2.6.0.nar-unpacked as class loader org.apache.nifi.nar.NarClassLoader[./work/nar/extensions/nifi-standard-content-viewer-nar-2.6.0.nar-unpacked]
2025-10-16 10:37:40,580 INFO [main] org.apache.nifi.nar.NarClassLoaders Loaded NAR file: /opt/nifi/nifi-current/./work/nar/extensions/nifi-standard-nar-2.6.0.nar-unpacked as class loader org.apache.nifi.nar.NarClassLoader[./work/nar/extensions/nifi-standard-nar-2.6.0.nar-unpacked]
2025-10-16 10:37:40,586 INFO [main] org.apache.nifi.nar.NarClassLoaders Loaded NAR file: /opt/nifi/nifi-current/./work/nar/extensions/nifi-box-services-api-nar-2.6.0.nar-unpacked as class loader org.apache.nifi.nar.NarClassLoader[./work/nar/extensions/nifi-box-services-api-nar-2.6.0.nar-unpacked]
2025-10-16 10:37:40,587 INFO [main] org.apache.nifi.nar.NarClassLoaders Loaded NAR file: /opt/nifi/nifi-current/./work/nar/extensions/nifi-http-context-map-nar-2.6.0.nar-unpacked as class loader org.apache.nifi.nar.NarClassLoader[./work/nar/extensions/nifi-http-context-map-nar-2.6.0.nar-unpacked]
2025-10-16 10:37:40,587 INFO [main] org.apache.nifi.nar.NarClassLoaders Loaded NAR file: /opt/nifi/nifi-current/./work/nar/extensions/nifi-avro-nar-2.6.0.nar-unpacked as class loader org.apache.nifi.nar.NarClassLoader[./work/nar/extensions/nifi-avro-nar-2.6.0.nar-unpacked]
2025-10-16 10:37:40,587 INFO [main] org.apache.nifi.nar.NarClassLoaders Loaded NAR file: /opt/nifi/nifi-current/./work/nar/extensions/nifi-enrich-nar-2.6.0.nar-unpacked as class loader org.apache.nifi.nar.NarClassLoader[./work/nar/extensions/nifi-enrich-nar-2.6.0.nar-unpacked]
2025-10-16 10:37:40,588 INFO [main] org.apache.nifi.nar.NarClassLoaders Loaded NAR file: /opt/nifi/nifi-current/./work/nar/extensions/nifi-lookup-services-nar-2.6.0.nar-unpacked as class loader org.apache.nifi.nar.NarClassLoader[./work/nar/extensions/nifi-lookup-services-nar-2.6.0.nar-unpacked]
2025-10-16 10:37:40,588 INFO [main] org.apache.nifi.nar.NarClassLoaders Loaded NAR file: /opt/nifi/nifi-current/./work/nar/extensions/nifi-splunk-nar-2.6.0.nar-unpacked as class loader org.apache.nifi.nar.NarClassLoader[./work/nar/extensions/nifi-splunk-nar-2.6.0.nar-unpacked]
2025-10-16 10:37:40,589 INFO [main] org.apache.nifi.nar.NarClassLoaders Loaded NAR file: /opt/nifi/nifi-current/./work/nar/extensions/nifi-zendesk-services-nar-2.6.0.nar-unpacked as class loader org.apache.nifi.nar.NarClassLoader[./work/nar/extensions/nifi-zendesk-services-nar-2.6.0.nar-unpacked]
2025-10-16 10:37:40,590 INFO [main] org.apache.nifi.nar.NarClassLoaders Loaded NAR file: /opt/nifi/nifi-current/./work/nar/extensions/nifi-hashicorp-vault-nar-2.6.0.nar-unpacked as class loader org.apache.nifi.nar.NarClassLoader[./work/nar/extensions/nifi-hashicorp-vault-nar-2.6.0.nar-unpacked]
2025-10-16 10:37:40,591 INFO [main] org.apache.nifi.nar.NarClassLoaders Loaded NAR file: /opt/nifi/nifi-current/./work/nar/extensions/nifi-distributed-cache-services-nar-2.6.0.nar-unpacked as class loader org.apache.nifi.nar.NarClassLoader[./work/nar/extensions/nifi-distributed-cache-services-nar-2.6.0.nar-unpacked]
2025-10-16 10:37:40,591 INFO [main] org.apache.nifi.nar.NarClassLoaders Loaded NAR file: /opt/nifi/nifi-current/./work/nar/extensions/nifi-slack-nar-2.6.0.nar-unpacked as class loader org.apache.nifi.nar.NarClassLoader[./work/nar/extensions/nifi-slack-nar-2.6.0.nar-unpacked]
2025-10-16 10:37:40,609 INFO [main] org.apache.nifi.nar.NarClassLoaders Loaded NAR file: /opt/nifi/nifi-current/./work/nar/extensions/nifi-kafka-3-service-nar-2.6.0.nar-unpacked as class loader org.apache.nifi.nar.NarClassLoader[./work/nar/extensions/nifi-kafka-3-service-nar-2.6.0.nar-unpacked]
2025-10-16 10:37:40,610 INFO [main] org.apache.nifi.nar.NarClassLoaders Loaded NAR file: /opt/nifi/nifi-current/./work/nar/extensions/nifi-kerberos-user-service-nar-2.6.0.nar-unpacked as class loader org.apache.nifi.nar.NarClassLoader[./work/nar/extensions/nifi-kerberos-user-service-nar-2.6.0.nar-unpacked]
2025-10-16 10:37:40,610 INFO [main] org.apache.nifi.nar.NarClassLoaders Loaded NAR file: /opt/nifi/nifi-current/./work/nar/extensions/nifi-confluent-platform-nar-2.6.0.nar-unpacked as class loader org.apache.nifi.nar.NarClassLoader[./work/nar/extensions/nifi-confluent-platform-nar-2.6.0.nar-unpacked]
2025-10-16 10:37:40,611 INFO [main] org.apache.nifi.nar.NarClassLoaders Loaded NAR file: /opt/nifi/nifi-current/./work/nar/extensions/nifi-social-media-nar-2.6.0.nar-unpacked as class loader org.apache.nifi.nar.NarClassLoader[./work/nar/extensions/nifi-social-media-nar-2.6.0.nar-unpacked]
2025-10-16 10:37:40,612 INFO [main] org.apache.nifi.nar.NarClassLoaders Loaded NAR file: /opt/nifi/nifi-current/./work/nar/extensions/nifi-opentelemetry-nar-2.6.0.nar-unpacked as class loader org.apache.nifi.nar.NarClassLoader[./work/nar/extensions/nifi-opentelemetry-nar-2.6.0.nar-unpacked]
2025-10-16 10:37:40,613 INFO [main] org.apache.nifi.nar.NarClassLoaders Loaded NAR file: /opt/nifi/nifi-current/./work/nar/extensions/nifi-elasticsearch-client-service-api-nar-2.6.0.nar-unpacked as class loader org.apache.nifi.nar.NarClassLoader[./work/nar/extensions/nifi-elasticsearch-client-service-api-nar-2.6.0.nar-unpacked]
2025-10-16 10:37:40,614 INFO [main] org.apache.nifi.nar.NarClassLoaders Loaded NAR file: /opt/nifi/nifi-current/./work/nar/extensions/nifi-py4j-nar-2.6.0.nar-unpacked as class loader org.apache.nifi.nar.NarClassLoader[./work/nar/extensions/nifi-py4j-nar-2.6.0.nar-unpacked]
2025-10-16 10:37:40,614 INFO [main] org.apache.nifi.nar.NarClassLoaders Loaded NAR file: /opt/nifi/nifi-current/./work/nar/extensions/nifi-amqp-nar-2.6.0.nar-unpacked as class loader org.apache.nifi.nar.NarClassLoader[./work/nar/extensions/nifi-amqp-nar-2.6.0.nar-unpacked]
2025-10-16 10:37:40,615 INFO [main] org.apache.nifi.nar.NarClassLoaders Loaded NAR file: /opt/nifi/nifi-current/./work/nar/extensions/nifi-salesforce-nar-2.6.0.nar-unpacked as class loader org.apache.nifi.nar.NarClassLoader[./work/nar/extensions/nifi-salesforce-nar-2.6.0.nar-unpacked]
2025-10-16 10:37:40,616 INFO [main] org.apache.nifi.nar.NarClassLoaders Loaded NAR file: /opt/nifi/nifi-current/./work/nar/extensions/nifi-websocket-services-api-nar-2.6.0.nar-unpacked as class loader org.apache.nifi.nar.NarClassLoader[./work/nar/extensions/nifi-websocket-services-api-nar-2.6.0.nar-unpacked]
2025-10-16 10:37:40,616 INFO [main] org.apache.nifi.nar.NarClassLoaders Loaded NAR file: /opt/nifi/nifi-current/./work/nar/extensions/nifi-shopify-nar-2.6.0.nar-unpacked as class loader org.apache.nifi.nar.NarClassLoader[./work/nar/extensions/nifi-shopify-nar-2.6.0.nar-unpacked]
2025-10-16 10:37:40,616 INFO [main] org.apache.nifi.nar.NarClassLoaders Loaded NAR file: /opt/nifi/nifi-current/./work/nar/extensions/nifi-geohash-nar-2.6.0.nar-unpacked as class loader org.apache.nifi.nar.NarClassLoader[./work/nar/extensions/nifi-geohash-nar-2.6.0.nar-unpacked]
2025-10-16 10:37:40,617 INFO [main] org.apache.nifi.nar.NarClassLoaders Loaded NAR file: /opt/nifi/nifi-current/./work/nar/extensions/nifi-aws-service-api-nar-2.6.0.nar-unpacked as class loader org.apache.nifi.nar.NarClassLoader[./work/nar/extensions/nifi-aws-service-api-nar-2.6.0.nar-unpacked]
2025-10-16 10:37:40,618 INFO [main] org.apache.nifi.nar.NarClassLoaders Loaded NAR file: /opt/nifi/nifi-current/./work/nar/extensions/nifi-kafka-service-aws-nar-2.6.0.nar-unpacked as class loader org.apache.nifi.nar.NarClassLoader[./work/nar/extensions/nifi-kafka-service-aws-nar-2.6.0.nar-unpacked]
2025-10-16 10:37:40,620 INFO [main] org.apache.nifi.nar.NarClassLoaders Loaded NAR file: /opt/nifi/nifi-current/./work/nar/extensions/nifi-db-schema-registry-service-nar-2.6.0.nar-unpacked as class loader org.apache.nifi.nar.NarClassLoader[./work/nar/extensions/nifi-db-schema-registry-service-nar-2.6.0.nar-unpacked]
2025-10-16 10:37:40,621 INFO [main] org.apache.nifi.nar.NarClassLoaders Loaded NAR file: /opt/nifi/nifi-current/./work/nar/extensions/nifi-dropbox-services-api-nar-2.6.0.nar-unpacked as class loader org.apache.nifi.nar.NarClassLoader[./work/nar/extensions/nifi-dropbox-services-api-nar-2.6.0.nar-unpacked]
2025-10-16 10:37:40,621 INFO [main] org.apache.nifi.nar.NarClassLoaders Loaded NAR file: /opt/nifi/nifi-current/./work/nar/extensions/nifi-flow-registry-client-nar-2.6.0.nar-unpacked as class loader org.apache.nifi.nar.NarClassLoader[./work/nar/extensions/nifi-flow-registry-client-nar-2.6.0.nar-unpacked]
2025-10-16 10:37:40,622 INFO [main] org.apache.nifi.nar.NarClassLoaders Loaded NAR file: /opt/nifi/nifi-current/./work/nar/extensions/nifi-azure-services-api-nar-2.6.0.nar-unpacked as class loader org.apache.nifi.nar.NarClassLoader[./work/nar/extensions/nifi-azure-services-api-nar-2.6.0.nar-unpacked]
2025-10-16 10:37:40,626 INFO [main] org.apache.nifi.nar.NarClassLoaders Loaded NAR file: /opt/nifi/nifi-current/./work/nar/extensions/nifi-dropbox-services-nar-2.6.0.nar-unpacked as class loader org.apache.nifi.nar.NarClassLoader[./work/nar/extensions/nifi-dropbox-services-nar-2.6.0.nar-unpacked]
2025-10-16 10:37:40,626 INFO [main] org.apache.nifi.nar.NarClassLoaders Loaded NAR file: /opt/nifi/nifi-current/./work/nar/extensions/nifi-apicurio-nar-2.6.0.nar-unpacked as class loader org.apache.nifi.nar.NarClassLoader[./work/nar/extensions/nifi-apicurio-nar-2.6.0.nar-unpacked]
2025-10-16 10:37:40,627 INFO [main] org.apache.nifi.nar.NarClassLoaders Loaded NAR file: /opt/nifi/nifi-current/./work/nar/extensions/nifi-hubspot-nar-2.6.0.nar-unpacked as class loader org.apache.nifi.nar.NarClassLoader[./work/nar/extensions/nifi-hubspot-nar-2.6.0.nar-unpacked]
2025-10-16 10:37:40,627 INFO [main] org.apache.nifi.nar.NarClassLoaders Loaded NAR file: /opt/nifi/nifi-current/./work/nar/extensions/nifi-smb-client-api-nar-2.6.0.nar-unpacked as class loader org.apache.nifi.nar.NarClassLoader[./work/nar/extensions/nifi-smb-client-api-nar-2.6.0.nar-unpacked]
2025-10-16 10:37:40,628 INFO [main] org.apache.nifi.nar.NarClassLoaders Loaded NAR file: /opt/nifi/nifi-current/./work/nar/extensions/nifi-record-sink-service-nar-2.6.0.nar-unpacked as class loader org.apache.nifi.nar.NarClassLoader[./work/nar/extensions/nifi-record-sink-service-nar-2.6.0.nar-unpacked]
2025-10-16 10:37:40,628 INFO [main] org.apache.nifi.nar.NarClassLoaders Loaded NAR file: /opt/nifi/nifi-current/./work/nar/extensions/nifi-gitlab-nar-2.6.0.nar-unpacked as class loader org.apache.nifi.nar.NarClassLoader[./work/nar/extensions/nifi-gitlab-nar-2.6.0.nar-unpacked]
2025-10-16 10:37:40,629 INFO [main] org.apache.nifi.nar.NarClassLoaders Loaded NAR file: /opt/nifi/nifi-current/./work/nar/extensions/nifi-box-nar-2.6.0.nar-unpacked as class loader org.apache.nifi.nar.NarClassLoader[./work/nar/extensions/nifi-box-nar-2.6.0.nar-unpacked]
2025-10-16 10:37:40,630 INFO [main] org.apache.nifi.nar.NarClassLoaders Loaded NAR file: /opt/nifi/nifi-current/./work/nar/extensions/nifi-scripting-nar-2.6.0.nar-unpacked as class loader org.apache.nifi.nar.NarClassLoader[./work/nar/extensions/nifi-scripting-nar-2.6.0.nar-unpacked]
2025-10-16 10:37:40,633 INFO [main] org.apache.nifi.nar.NarClassLoaders Loaded NAR file: /opt/nifi/nifi-current/./work/nar/extensions/nifi-asana-processors-nar-2.6.0.nar-unpacked as class loader org.apache.nifi.nar.NarClassLoader[./work/nar/extensions/nifi-asana-processors-nar-2.6.0.nar-unpacked]
2025-10-16 10:37:40,633 INFO [main] org.apache.nifi.nar.NarClassLoaders Loaded NAR file: /opt/nifi/nifi-current/./work/nar/extensions/nifi-atlassian-nar-2.6.0.nar-unpacked as class loader org.apache.nifi.nar.NarClassLoader[./work/nar/extensions/nifi-atlassian-nar-2.6.0.nar-unpacked]
2025-10-16 10:37:40,634 INFO [main] org.apache.nifi.nar.NarClassLoaders Loaded NAR file: /opt/nifi/nifi-current/./work/nar/extensions/nifi-jms-processors-nar-2.6.0.nar-unpacked as class loader org.apache.nifi.nar.NarClassLoader[./work/nar/extensions/nifi-jms-processors-nar-2.6.0.nar-unpacked]
2025-10-16 10:37:40,635 INFO [main] org.apache.nifi.nar.NarClassLoaders Loaded NAR file: /opt/nifi/nifi-current/./work/nar/extensions/nifi-record-serialization-services-nar-2.6.0.nar-unpacked as class loader org.apache.nifi.nar.NarClassLoader[./work/nar/extensions/nifi-record-serialization-services-nar-2.6.0.nar-unpacked]
2025-10-16 10:37:40,637 INFO [main] org.apache.nifi.nar.NarClassLoaders Loaded NAR file: /opt/nifi/nifi-current/./work/nar/extensions/nifi-elasticsearch-client-service-nar-2.6.0.nar-unpacked as class loader org.apache.nifi.nar.NarClassLoader[./work/nar/extensions/nifi-elasticsearch-client-service-nar-2.6.0.nar-unpacked]
2025-10-16 10:37:40,638 INFO [main] org.apache.nifi.nar.NarClassLoaders Loaded NAR file: /opt/nifi/nifi-current/./work/nar/extensions/nifi-redis-service-api-nar-2.6.0.nar-unpacked as class loader org.apache.nifi.nar.NarClassLoader[./work/nar/extensions/nifi-redis-service-api-nar-2.6.0.nar-unpacked]
2025-10-16 10:37:40,641 INFO [main] org.apache.nifi.nar.NarClassLoaders Loaded NAR file: /opt/nifi/nifi-current/./work/nar/extensions/nifi-smb-smbj-client-nar-2.6.0.nar-unpacked as class loader org.apache.nifi.nar.NarClassLoader[./work/nar/extensions/nifi-smb-smbj-client-nar-2.6.0.nar-unpacked]
2025-10-16 10:37:40,642 INFO [main] org.apache.nifi.nar.NarClassLoaders Loaded NAR file: /opt/nifi/nifi-current/./work/nar/extensions/nifi-pgp-nar-2.6.0.nar-unpacked as class loader org.apache.nifi.nar.NarClassLoader[./work/nar/extensions/nifi-pgp-nar-2.6.0.nar-unpacked]
2025-10-16 10:37:40,642 INFO [main] org.apache.nifi.nar.NarClassLoaders Loaded NAR file: /opt/nifi/nifi-current/./work/nar/extensions/nifi-smb-nar-2.6.0.nar-unpacked as class loader org.apache.nifi.nar.NarClassLoader[./work/nar/extensions/nifi-smb-nar-2.6.0.nar-unpacked]
2025-10-16 10:37:40,643 INFO [main] org.apache.nifi.nar.NarClassLoaders Loaded NAR file: /opt/nifi/nifi-current/./work/nar/extensions/nifi-mongodb-services-nar-2.6.0.nar-unpacked as class loader org.apache.nifi.nar.NarClassLoader[./work/nar/extensions/nifi-mongodb-services-nar-2.6.0.nar-unpacked]
2025-10-16 10:37:40,644 INFO [main] org.apache.nifi.nar.NarClassLoaders Loaded NAR file: /opt/nifi/nifi-current/./work/nar/extensions/nifi-websocket-processors-nar-2.6.0.nar-unpacked as class loader org.apache.nifi.nar.NarClassLoader[./work/nar/extensions/nifi-websocket-processors-nar-2.6.0.nar-unpacked]
2025-10-16 10:37:40,644 INFO [main] org.apache.nifi.nar.NarClassLoaders Loaded NAR file: /opt/nifi/nifi-current/./work/nar/extensions/nifi-dropbox-processors-nar-2.6.0.nar-unpacked as class loader org.apache.nifi.nar.NarClassLoader[./work/nar/extensions/nifi-dropbox-processors-nar-2.6.0.nar-unpacked]
2025-10-16 10:37:40,645 INFO [main] org.apache.nifi.nar.NarClassLoaders Loaded NAR file: /opt/nifi/nifi-current/./work/nar/extensions/nifi-websocket-services-jetty-nar-2.6.0.nar-unpacked as class loader org.apache.nifi.nar.NarClassLoader[./work/nar/extensions/nifi-websocket-services-jetty-nar-2.6.0.nar-unpacked]
2025-10-16 10:37:40,646 INFO [main] org.apache.nifi.nar.NarClassLoaders Loaded NAR file: /opt/nifi/nifi-current/./work/nar/extensions/nifi-box-services-nar-2.6.0.nar-unpacked as class loader org.apache.nifi.nar.NarClassLoader[./work/nar/extensions/nifi-box-services-nar-2.6.0.nar-unpacked]
2025-10-16 10:37:40,647 INFO [main] org.apache.nifi.nar.NarClassLoaders Loaded NAR file: /opt/nifi/nifi-current/./work/nar/extensions/nifi-aws-nar-2.6.0.nar-unpacked as class loader org.apache.nifi.nar.NarClassLoader[./work/nar/extensions/nifi-aws-nar-2.6.0.nar-unpacked]
2025-10-16 10:37:40,655 INFO [main] org.apache.nifi.nar.NarClassLoaders Loaded NAR file: /opt/nifi/nifi-current/./work/nar/extensions/nifi-elasticsearch-restapi-nar-2.6.0.nar-unpacked as class loader org.apache.nifi.nar.NarClassLoader[./work/nar/extensions/nifi-elasticsearch-restapi-nar-2.6.0.nar-unpacked]
2025-10-16 10:37:40,655 INFO [main] org.apache.nifi.nar.NarClassLoaders Loaded NAR file: /opt/nifi/nifi-current/./work/nar/extensions/nifi-azure-nar-2.6.0.nar-unpacked as class loader org.apache.nifi.nar.NarClassLoader[./work/nar/extensions/nifi-azure-nar-2.6.0.nar-unpacked]
2025-10-16 10:37:40,664 INFO [main] org.apache.nifi.nar.NarClassLoaders Loaded NAR file: /opt/nifi/nifi-current/./work/nar/extensions/nifi-redis-nar-2.6.0.nar-unpacked as class loader org.apache.nifi.nar.NarClassLoader[./work/nar/extensions/nifi-redis-nar-2.6.0.nar-unpacked]
2025-10-16 10:37:40,664 INFO [main] org.apache.nifi.nar.NarClassLoaders Found NiFiServer implementation org.apache.nifi.web.server.JettyServer in org.apache.nifi:nifi-server-nar:2.6.0
2025-10-16 10:37:40,667 INFO [main] o.a.nifi.properties.NiFiPropertiesLoader Loading Application Properties [/opt/nifi/nifi-current/conf/nifi.properties]
2025-10-16 10:37:40,836 ERROR [main] org.apache.nifi.web.server.JettyServer Failed to start Server
java.lang.IllegalStateException: Invalid port configuration in nifi.properties: Both nifi.web.https.port and nifi.web.http.port specified
	at org.apache.nifi.web.server.connector.FrameworkServerConnectorFactory.getPort(FrameworkServerConnectorFactory.java:156)
	at org.apache.nifi.web.server.connector.FrameworkServerConnectorFactory.<init>(FrameworkServerConnectorFactory.java:68)
	at org.apache.nifi.web.server.StandardServerProvider.addConnectors(StandardServerProvider.java:96)
	at org.apache.nifi.web.server.StandardServerProvider.getServer(StandardServerProvider.java:69)
	at org.apache.nifi.web.server.JettyServer.init(JettyServer.java:215)
	at org.apache.nifi.web.server.JettyServer.initialize(JettyServer.java:988)
	at org.apache.nifi.runtime.Application.startServer(Application.java:126)
	at org.apache.nifi.runtime.Application.run(Application.java:78)
	at org.apache.nifi.runtime.Application.run(Application.java:60)
	at org.apache.nifi.NiFi.main(NiFi.java:42)
2025-10-16 10:38:39,085 INFO [main] org.apache.nifi.runtime.Application Starting NiFi 2.6.0 using Java 21.0.8+12-LTS with PID 46
2025-10-16 10:38:39,087 INFO [main] o.apache.nifi.runtime.PropertiesProvider Loading Application Properties [/opt/nifi/nifi-current/conf/nifi.properties]
2025-10-16 10:38:39,094 INFO [main] org.apache.nifi.nar.NarUnpacker Expanding 112 NAR files started
2025-10-16 10:38:41,861 INFO [main] org.apache.nifi.nar.NarUnpacker Expanded 112 NAR files in 2.767 seconds (2767015460 ns)
2025-10-16 10:38:42,122 INFO [main] org.apache.nifi.nar.NarClassLoaders Loaded NAR file: /opt/nifi/nifi-current/./work/nar/extensions/nifi-jetty-nar-2.6.0.nar-unpacked as class loader org.apache.nifi.nar.NarClassLoader[./work/nar/extensions/nifi-jetty-nar-2.6.0.nar-unpacked]
2025-10-16 10:38:42,125 INFO [main] org.apache.nifi.nar.NarClassLoaders Loaded NAR file: /opt/nifi/nifi-current/./work/nar/framework/nifi-framework-nar-2.6.0.nar-unpacked as class loader org.apache.nifi.nar.NarClassLoader[./work/nar/framework/nifi-framework-nar-2.6.0.nar-unpacked]
2025-10-16 10:38:42,183 INFO [main] org.apache.nifi.nar.NarClassLoaders Loaded NAR file: /opt/nifi/nifi-current/./work/nar/extensions/nifi-provenance-repository-nar-2.6.0.nar-unpacked as class loader org.apache.nifi.nar.NarClassLoader[./work/nar/extensions/nifi-provenance-repository-nar-2.6.0.nar-unpacked]
2025-10-16 10:38:42,184 INFO [main] org.apache.nifi.nar.NarClassLoaders Loaded NAR file: /opt/nifi/nifi-current/./work/nar/extensions/nifi-hl7-nar-2.6.0.nar-unpacked as class loader org.apache.nifi.nar.NarClassLoader[./work/nar/extensions/nifi-hl7-nar-2.6.0.nar-unpacked]
2025-10-16 10:38:42,197 INFO [main] org.apache.nifi.nar.NarClassLoaders Loaded NAR file: /opt/nifi/nifi-current/./work/nar/extensions/nifi-compress-nar-2.6.0.nar-unpacked as class loader org.apache.nifi.nar.NarClassLoader[./work/nar/extensions/nifi-compress-nar-2.6.0.nar-unpacked]
2025-10-16 10:38:42,198 INFO [main] org.apache.nifi.nar.NarClassLoaders Loaded NAR file: /opt/nifi/nifi-current/./work/nar/extensions/nifi-update-attribute-nar-2.6.0.nar-unpacked as class loader org.apache.nifi.nar.NarClassLoader[./work/nar/extensions/nifi-update-attribute-nar-2.6.0.nar-unpacked]
2025-10-16 10:38:42,199 INFO [main] org.apache.nifi.nar.NarClassLoaders Loaded NAR file: /opt/nifi/nifi-current/./work/nar/extensions/nifi-ldap-iaa-providers-nar-2.6.0.nar-unpacked as class loader org.apache.nifi.nar.NarClassLoader[./work/nar/extensions/nifi-ldap-iaa-providers-nar-2.6.0.nar-unpacked]
2025-10-16 10:38:42,200 INFO [main] org.apache.nifi.nar.NarClassLoaders Loaded NAR file: /opt/nifi/nifi-current/./work/nar/extensions/nifi-single-user-iaa-providers-nar-2.6.0.nar-unpacked as class loader org.apache.nifi.nar.NarClassLoader[./work/nar/extensions/nifi-single-user-iaa-providers-nar-2.6.0.nar-unpacked]
2025-10-16 10:38:42,201 INFO [main] org.apache.nifi.nar.NarClassLoaders Loaded NAR file: /opt/nifi/nifi-current/./work/nar/extensions/nifi-framework-kubernetes-nar-2.6.0.nar-unpacked as class loader org.apache.nifi.nar.NarClassLoader[./work/nar/extensions/nifi-framework-kubernetes-nar-2.6.0.nar-unpacked]
2025-10-16 10:38:42,202 INFO [main] org.apache.nifi.nar.NarClassLoaders Loaded NAR file: /opt/nifi/nifi-current/./work/nar/extensions/nifi-server-nar-2.6.0.nar-unpacked as class loader org.apache.nifi.nar.NarClassLoader[./work/nar/extensions/nifi-server-nar-2.6.0.nar-unpacked]
2025-10-16 10:38:42,212 INFO [main] org.apache.nifi.nar.NarClassLoaders Loaded NAR file: /opt/nifi/nifi-current/./work/nar/extensions/nifi-standard-services-api-nar-2.6.0.nar-unpacked as class loader org.apache.nifi.nar.NarClassLoader[./work/nar/extensions/nifi-standard-services-api-nar-2.6.0.nar-unpacked]
2025-10-16 10:38:42,213 INFO [main] org.apache.nifi.nar.NarClassLoaders Loaded NAR file: /opt/nifi/nifi-current/./work/nar/extensions/nifi-email-nar-2.6.0.nar-unpacked as class loader org.apache.nifi.nar.NarClassLoader[./work/nar/extensions/nifi-email-nar-2.6.0.nar-unpacked]
2025-10-16 10:38:42,214 INFO [main] org.apache.nifi.nar.NarClassLoaders Loaded NAR file: /opt/nifi/nifi-current/./work/nar/extensions/nifi-dbcp-service-nar-2.6.0.nar-unpacked as class loader org.apache.nifi.nar.NarClassLoader[./work/nar/extensions/nifi-dbcp-service-nar-2.6.0.nar-unpacked]
2025-10-16 10:38:42,214 INFO [main] org.apache.nifi.nar.NarClassLoaders Loaded NAR file: /opt/nifi/nifi-current/./work/nar/extensions/nifi-kerberos-iaa-providers-nar-2.6.0.nar-unpacked as class loader org.apache.nifi.nar.NarClassLoader[./work/nar/extensions/nifi-kerberos-iaa-providers-nar-2.6.0.nar-unpacked]
2025-10-16 10:38:42,215 INFO [main] org.apache.nifi.nar.NarClassLoaders Loaded NAR file: /opt/nifi/nifi-current/./work/nar/extensions/nifi-evtx-nar-2.6.0.nar-unpacked as class loader org.apache.nifi.nar.NarClassLoader[./work/nar/extensions/nifi-evtx-nar-2.6.0.nar-unpacked]
2025-10-16 10:38:42,216 INFO [main] org.apache.nifi.nar.NarClassLoaders Loaded NAR file: /opt/nifi/nifi-current/./work/nar/extensions/nifi-stateful-analysis-nar-2.6.0.nar-unpacked as class loader org.apache.nifi.nar.NarClassLoader[./work/nar/extensions/nifi-stateful-analysis-nar-2.6.0.nar-unpacked]
2025-10-16 10:38:42,216 INFO [main] org.apache.nifi.nar.NarClassLoaders Loaded NAR file: /opt/nifi/nifi-current/./work/nar/extensions/nifi-file-resource-service-nar-2.6.0.nar-unpacked as class loader org.apache.nifi.nar.NarClassLoader[./work/nar/extensions/nifi-file-resource-service-nar-2.6.0.nar-unpacked]
2025-10-16 10:38:42,217 INFO [main] org.apache.nifi.nar.NarClassLoaders Loaded NAR file: /opt/nifi/nifi-current/./work/nar/extensions/nifi-standard-shared-nar-2.6.0.nar-unpacked as class loader org.apache.nifi.nar.NarClassLoader[./work/nar/extensions/nifi-standard-shared-nar-2.6.0.nar-unpacked]
2025-10-16 10:38:42,222 INFO [main] org.apache.nifi.nar.NarClassLoaders Loaded NAR file: /opt/nifi/nifi-current/./work/nar/extensions/nifi-gcp-services-api-nar-2.6.0.nar-unpacked as class loader org.apache.nifi.nar.NarClassLoader[./work/nar/extensions/nifi-gcp-services-api-nar-2.6.0.nar-unpacked]
2025-10-16 10:38:42,223 INFO [main] org.apache.nifi.nar.NarClassLoaders Loaded NAR file: /opt/nifi/nifi-current/./work/nar/extensions/nifi-database-dialect-service-nar-2.6.0.nar-unpacked as class loader org.apache.nifi.nar.NarClassLoader[./work/nar/extensions/nifi-database-dialect-service-nar-2.6.0.nar-unpacked]
2025-10-16 10:38:42,223 INFO [main] org.apache.nifi.nar.NarClassLoaders Loaded NAR file: /opt/nifi/nifi-current/./work/nar/extensions/nifi-poi-nar-2.6.0.nar-unpacked as class loader org.apache.nifi.nar.NarClassLoader[./work/nar/extensions/nifi-poi-nar-2.6.0.nar-unpacked]
2025-10-16 10:38:42,224 INFO [main] org.apache.nifi.nar.NarClassLoaders Loaded NAR file: /opt/nifi/nifi-current/./work/nar/extensions/nifi-key-service-nar-2.6.0.nar-unpacked as class loader org.apache.nifi.nar.NarClassLoader[./work/nar/extensions/nifi-key-service-nar-2.6.0.nar-unpacked]
2025-10-16 10:38:42,224 INFO [main] org.apache.nifi.nar.NarClassLoaders Loaded NAR file: /opt/nifi/nifi-current/./work/nar/extensions/nifi-asana-services-api-nar-2.6.0.nar-unpacked as class loader org.apache.nifi.nar.NarClassLoader[./work/nar/extensions/nifi-asana-services-api-nar-2.6.0.nar-unpacked]
2025-10-16 10:38:42,246 INFO [main] org.apache.nifi.nar.NarClassLoaders Loaded NAR file: /opt/nifi/nifi-current/./work/nar/extensions/nifi-snmp-nar-2.6.0.nar-unpacked as class loader org.apache.nifi.nar.NarClassLoader[./work/nar/extensions/nifi-snmp-nar-2.6.0.nar-unpacked]
2025-10-16 10:38:42,246 INFO [main] org.apache.nifi.nar.NarClassLoaders Loaded NAR file: /opt/nifi/nifi-current/./work/nar/extensions/nifi-framework-zookeeper-nar-2.6.0.nar-unpacked as class loader org.apache.nifi.nar.NarClassLoader[./work/nar/extensions/nifi-framework-zookeeper-nar-2.6.0.nar-unpacked]
2025-10-16 10:38:42,251 INFO [main] org.apache.nifi.nar.NarClassLoaders Loaded NAR file: /opt/nifi/nifi-current/./work/nar/extensions/nifi-ssl-context-service-nar-2.6.0.nar-unpacked as class loader org.apache.nifi.nar.NarClassLoader[./work/nar/extensions/nifi-ssl-context-service-nar-2.6.0.nar-unpacked]
2025-10-16 10:38:42,252 INFO [main] org.apache.nifi.nar.NarClassLoaders Loaded NAR file: /opt/nifi/nifi-current/./work/nar/extensions/nifi-web-client-provider-service-nar-2.6.0.nar-unpacked as class loader org.apache.nifi.nar.NarClassLoader[./work/nar/extensions/nifi-web-client-provider-service-nar-2.6.0.nar-unpacked]
2025-10-16 10:38:42,252 INFO [main] org.apache.nifi.nar.NarClassLoaders Loaded NAR file: /opt/nifi/nifi-current/./work/nar/extensions/nifi-network-processors-nar-2.6.0.nar-unpacked as class loader org.apache.nifi.nar.NarClassLoader[./work/nar/extensions/nifi-network-processors-nar-2.6.0.nar-unpacked]
2025-10-16 10:38:42,253 INFO [main] org.apache.nifi.nar.NarClassLoaders Loaded NAR file: /opt/nifi/nifi-current/./work/nar/extensions/nifi-kafka-service-api-nar-2.6.0.nar-unpacked as class loader org.apache.nifi.nar.NarClassLoader[./work/nar/extensions/nifi-kafka-service-api-nar-2.6.0.nar-unpacked]
2025-10-16 10:38:42,253 INFO [main] org.apache.nifi.nar.NarClassLoaders Loaded NAR file: /opt/nifi/nifi-current/./work/nar/extensions/nifi-windows-event-log-nar-2.6.0.nar-unpacked as class loader org.apache.nifi.nar.NarClassLoader[./work/nar/extensions/nifi-windows-event-log-nar-2.6.0.nar-unpacked]
2025-10-16 10:38:42,254 INFO [main] org.apache.nifi.nar.NarClassLoaders Loaded NAR file: /opt/nifi/nifi-current/./work/nar/extensions/nifi-gcp-nar-2.6.0.nar-unpacked as class loader org.apache.nifi.nar.NarClassLoader[./work/nar/extensions/nifi-gcp-nar-2.6.0.nar-unpacked]
2025-10-16 10:38:42,257 INFO [main] org.apache.nifi.nar.NarClassLoaders Loaded NAR file: /opt/nifi/nifi-current/./work/nar/extensions/nifi-hashicorp-vault-client-service-api-nar-2.6.0.nar-unpacked as class loader org.apache.nifi.nar.NarClassLoader[./work/nar/extensions/nifi-hashicorp-vault-client-service-api-nar-2.6.0.nar-unpacked]
2025-10-16 10:38:42,258 INFO [main] org.apache.nifi.nar.NarClassLoaders Loaded NAR file: /opt/nifi/nifi-current/./work/nar/extensions/nifi-registry-nar-2.6.0.nar-unpacked as class loader org.apache.nifi.nar.NarClassLoader[./work/nar/extensions/nifi-registry-nar-2.6.0.nar-unpacked]
2025-10-16 10:38:42,258 INFO [main] org.apache.nifi.nar.NarClassLoaders Loaded NAR file: /opt/nifi/nifi-current/./work/nar/extensions/nifi-protobuf-services-nar-2.6.0.nar-unpacked as class loader org.apache.nifi.nar.NarClassLoader[./work/nar/extensions/nifi-protobuf-services-nar-2.6.0.nar-unpacked]
2025-10-16 10:38:42,259 INFO [main] org.apache.nifi.nar.NarClassLoaders Loaded NAR file: /opt/nifi/nifi-current/./work/nar/extensions/nifi-asana-services-nar-2.6.0.nar-unpacked as class loader org.apache.nifi.nar.NarClassLoader[./work/nar/extensions/nifi-asana-services-nar-2.6.0.nar-unpacked]
2025-10-16 10:38:42,260 INFO [main] org.apache.nifi.nar.NarClassLoaders Loaded NAR file: /opt/nifi/nifi-current/./work/nar/extensions/nifi-site-to-site-reporting-nar-2.6.0.nar-unpacked as class loader org.apache.nifi.nar.NarClassLoader[./work/nar/extensions/nifi-site-to-site-reporting-nar-2.6.0.nar-unpacked]
2025-10-16 10:38:42,260 INFO [main] org.apache.nifi.nar.NarClassLoaders Loaded NAR file: /opt/nifi/nifi-current/./work/nar/extensions/nifi-zendesk-nar-2.6.0.nar-unpacked as class loader org.apache.nifi.nar.NarClassLoader[./work/nar/extensions/nifi-zendesk-nar-2.6.0.nar-unpacked]
2025-10-16 10:38:42,261 INFO [main] org.apache.nifi.nar.NarClassLoaders Loaded NAR file: /opt/nifi/nifi-current/./work/nar/extensions/nifi-cipher-nar-2.6.0.nar-unpacked as class loader org.apache.nifi.nar.NarClassLoader[./work/nar/extensions/nifi-cipher-nar-2.6.0.nar-unpacked]
2025-10-16 10:38:42,261 INFO [main] org.apache.nifi.nar.NarClassLoaders Loaded NAR file: /opt/nifi/nifi-current/./work/nar/extensions/nifi-jms-cf-service-nar-2.6.0.nar-unpacked as class loader org.apache.nifi.nar.NarClassLoader[./work/nar/extensions/nifi-jms-cf-service-nar-2.6.0.nar-unpacked]
2025-10-16 10:38:42,261 INFO [main] org.apache.nifi.nar.NarClassLoaders Loaded NAR file: /opt/nifi/nifi-current/./work/nar/extensions/nifi-jolt-nar-2.6.0.nar-unpacked as class loader org.apache.nifi.nar.NarClassLoader[./work/nar/extensions/nifi-jolt-nar-2.6.0.nar-unpacked]
2025-10-16 10:38:42,261 INFO [main] org.apache.nifi.nar.NarClassLoaders Loaded NAR file: /opt/nifi/nifi-current/./work/nar/extensions/nifi-hazelcast-services-api-nar-2.6.0.nar-unpacked as class loader org.apache.nifi.nar.NarClassLoader[./work/nar/extensions/nifi-hazelcast-services-api-nar-2.6.0.nar-unpacked]
2025-10-16 10:38:42,262 INFO [main] org.apache.nifi.nar.NarClassLoaders Loaded NAR file: /opt/nifi/nifi-current/./work/nar/extensions/nifi-pgp-service-api-nar-2.6.0.nar-unpacked as class loader org.apache.nifi.nar.NarClassLoader[./work/nar/extensions/nifi-pgp-service-api-nar-2.6.0.nar-unpacked]
2025-10-16 10:38:42,262 INFO [main] org.apache.nifi.nar.NarClassLoaders Loaded NAR file: /opt/nifi/nifi-current/./work/nar/extensions/nifi-proxy-configuration-nar-2.6.0.nar-unpacked as class loader org.apache.nifi.nar.NarClassLoader[./work/nar/extensions/nifi-proxy-configuration-nar-2.6.0.nar-unpacked]
2025-10-16 10:38:42,262 INFO [main] org.apache.nifi.nar.NarClassLoaders Loaded NAR file: /opt/nifi/nifi-current/./work/nar/extensions/nifi-airtable-nar-2.6.0.nar-unpacked as class loader org.apache.nifi.nar.NarClassLoader[./work/nar/extensions/nifi-airtable-nar-2.6.0.nar-unpacked]
2025-10-16 10:38:42,263 INFO [main] org.apache.nifi.nar.NarClassLoaders Loaded NAR file: /opt/nifi/nifi-current/./work/nar/extensions/nifi-github-nar-2.6.0.nar-unpacked as class loader org.apache.nifi.nar.NarClassLoader[./work/nar/extensions/nifi-github-nar-2.6.0.nar-unpacked]
2025-10-16 10:38:42,263 INFO [main] org.apache.nifi.nar.NarClassLoaders Loaded NAR file: /opt/nifi/nifi-current/./work/nar/extensions/nifi-oauth2-provider-nar-2.6.0.nar-unpacked as class loader org.apache.nifi.nar.NarClassLoader[./work/nar/extensions/nifi-oauth2-provider-nar-2.6.0.nar-unpacked]
2025-10-16 10:38:42,263 INFO [main] org.apache.nifi.nar.NarClassLoaders Loaded NAR file: /opt/nifi/nifi-current/./work/nar/extensions/nifi-workday-processors-nar-2.6.0.nar-unpacked as class loader org.apache.nifi.nar.NarClassLoader[./work/nar/extensions/nifi-workday-processors-nar-2.6.0.nar-unpacked]
2025-10-16 10:38:42,264 INFO [main] org.apache.nifi.nar.NarClassLoaders Loaded NAR file: /opt/nifi/nifi-current/./work/nar/extensions/nifi-mongodb-client-service-api-nar-2.6.0.nar-unpacked as class loader org.apache.nifi.nar.NarClassLoader[./work/nar/extensions/nifi-mongodb-client-service-api-nar-2.6.0.nar-unpacked]
2025-10-16 10:38:42,264 INFO [main] org.apache.nifi.nar.NarClassLoaders Loaded NAR file: /opt/nifi/nifi-current/./work/nar/extensions/nifi-groovyx-nar-2.6.0.nar-unpacked as class loader org.apache.nifi.nar.NarClassLoader[./work/nar/extensions/nifi-groovyx-nar-2.6.0.nar-unpacked]
2025-10-16 10:38:42,266 INFO [main] org.apache.nifi.nar.NarClassLoaders Loaded NAR file: /opt/nifi/nifi-current/./work/nar/extensions/nifi-hazelcast-services-nar-2.6.0.nar-unpacked as class loader org.apache.nifi.nar.NarClassLoader[./work/nar/extensions/nifi-hazelcast-services-nar-2.6.0.nar-unpacked]
2025-10-16 10:38:42,267 INFO [main] org.apache.nifi.nar.NarClassLoaders Loaded NAR file: /opt/nifi/nifi-current/./work/nar/extensions/nifi-mqtt-nar-2.6.0.nar-unpacked as class loader org.apache.nifi.nar.NarClassLoader[./work/nar/extensions/nifi-mqtt-nar-2.6.0.nar-unpacked]
2025-10-16 10:38:42,268 INFO [main] org.apache.nifi.nar.NarClassLoaders Loaded NAR file: /opt/nifi/nifi-current/./work/nar/extensions/nifi-cdc-mysql-nar-2.6.0.nar-unpacked as class loader org.apache.nifi.nar.NarClassLoader[./work/nar/extensions/nifi-cdc-mysql-nar-2.6.0.nar-unpacked]
2025-10-16 10:38:42,268 INFO [main] org.apache.nifi.nar.NarClassLoaders Loaded NAR file: /opt/nifi/nifi-current/./work/nar/extensions/nifi-jslt-nar-2.6.0.nar-unpacked as class loader org.apache.nifi.nar.NarClassLoader[./work/nar/extensions/nifi-jslt-nar-2.6.0.nar-unpacked]
2025-10-16 10:38:42,269 INFO [main] org.apache.nifi.nar.NarClassLoaders Loaded NAR file: /opt/nifi/nifi-current/./work/nar/extensions/nifi-kafka-nar-2.6.0.nar-unpacked as class loader org.apache.nifi.nar.NarClassLoader[./work/nar/extensions/nifi-kafka-nar-2.6.0.nar-unpacked]
2025-10-16 10:38:42,269 INFO [main] org.apache.nifi.nar.NarClassLoaders Loaded NAR file: /opt/nifi/nifi-current/./work/nar/extensions/nifi-mongodb-nar-2.6.0.nar-unpacked as class loader org.apache.nifi.nar.NarClassLoader[./work/nar/extensions/nifi-mongodb-nar-2.6.0.nar-unpacked]
2025-10-16 10:38:42,269 INFO [main] org.apache.nifi.nar.NarClassLoaders Loaded NAR file: /opt/nifi/nifi-current/./work/nar/extensions/nifi-pgp-service-nar-2.6.0.nar-unpacked as class loader org.apache.nifi.nar.NarClassLoader[./work/nar/extensions/nifi-pgp-service-nar-2.6.0.nar-unpacked]
2025-10-16 10:38:42,269 INFO [main] org.apache.nifi.nar.NarClassLoaders Loaded NAR file: /opt/nifi/nifi-current/./work/nar/extensions/nifi-standard-content-viewer-nar-2.6.0.nar-unpacked as class loader org.apache.nifi.nar.NarClassLoader[./work/nar/extensions/nifi-standard-content-viewer-nar-2.6.0.nar-unpacked]
2025-10-16 10:38:42,270 INFO [main] org.apache.nifi.nar.NarClassLoaders Loaded NAR file: /opt/nifi/nifi-current/./work/nar/extensions/nifi-standard-nar-2.6.0.nar-unpacked as class loader org.apache.nifi.nar.NarClassLoader[./work/nar/extensions/nifi-standard-nar-2.6.0.nar-unpacked]
2025-10-16 10:38:42,288 INFO [main] org.apache.nifi.nar.NarClassLoaders Loaded NAR file: /opt/nifi/nifi-current/./work/nar/extensions/nifi-box-services-api-nar-2.6.0.nar-unpacked as class loader org.apache.nifi.nar.NarClassLoader[./work/nar/extensions/nifi-box-services-api-nar-2.6.0.nar-unpacked]
2025-10-16 10:38:42,288 INFO [main] org.apache.nifi.nar.NarClassLoaders Loaded NAR file: /opt/nifi/nifi-current/./work/nar/extensions/nifi-http-context-map-nar-2.6.0.nar-unpacked as class loader org.apache.nifi.nar.NarClassLoader[./work/nar/extensions/nifi-http-context-map-nar-2.6.0.nar-unpacked]
2025-10-16 10:38:42,288 INFO [main] org.apache.nifi.nar.NarClassLoaders Loaded NAR file: /opt/nifi/nifi-current/./work/nar/extensions/nifi-avro-nar-2.6.0.nar-unpacked as class loader org.apache.nifi.nar.NarClassLoader[./work/nar/extensions/nifi-avro-nar-2.6.0.nar-unpacked]
2025-10-16 10:38:42,289 INFO [main] org.apache.nifi.nar.NarClassLoaders Loaded NAR file: /opt/nifi/nifi-current/./work/nar/extensions/nifi-enrich-nar-2.6.0.nar-unpacked as class loader org.apache.nifi.nar.NarClassLoader[./work/nar/extensions/nifi-enrich-nar-2.6.0.nar-unpacked]
2025-10-16 10:38:42,289 INFO [main] org.apache.nifi.nar.NarClassLoaders Loaded NAR file: /opt/nifi/nifi-current/./work/nar/extensions/nifi-lookup-services-nar-2.6.0.nar-unpacked as class loader org.apache.nifi.nar.NarClassLoader[./work/nar/extensions/nifi-lookup-services-nar-2.6.0.nar-unpacked]
2025-10-16 10:38:42,290 INFO [main] org.apache.nifi.nar.NarClassLoaders Loaded NAR file: /opt/nifi/nifi-current/./work/nar/extensions/nifi-splunk-nar-2.6.0.nar-unpacked as class loader org.apache.nifi.nar.NarClassLoader[./work/nar/extensions/nifi-splunk-nar-2.6.0.nar-unpacked]
2025-10-16 10:38:42,291 INFO [main] org.apache.nifi.nar.NarClassLoaders Loaded NAR file: /opt/nifi/nifi-current/./work/nar/extensions/nifi-zendesk-services-nar-2.6.0.nar-unpacked as class loader org.apache.nifi.nar.NarClassLoader[./work/nar/extensions/nifi-zendesk-services-nar-2.6.0.nar-unpacked]
2025-10-16 10:38:42,291 INFO [main] org.apache.nifi.nar.NarClassLoaders Loaded NAR file: /opt/nifi/nifi-current/./work/nar/extensions/nifi-hashicorp-vault-nar-2.6.0.nar-unpacked as class loader org.apache.nifi.nar.NarClassLoader[./work/nar/extensions/nifi-hashicorp-vault-nar-2.6.0.nar-unpacked]
2025-10-16 10:38:42,292 INFO [main] org.apache.nifi.nar.NarClassLoaders Loaded NAR file: /opt/nifi/nifi-current/./work/nar/extensions/nifi-distributed-cache-services-nar-2.6.0.nar-unpacked as class loader org.apache.nifi.nar.NarClassLoader[./work/nar/extensions/nifi-distributed-cache-services-nar-2.6.0.nar-unpacked]
2025-10-16 10:38:42,294 INFO [main] org.apache.nifi.nar.NarClassLoaders Loaded NAR file: /opt/nifi/nifi-current/./work/nar/extensions/nifi-slack-nar-2.6.0.nar-unpacked as class loader org.apache.nifi.nar.NarClassLoader[./work/nar/extensions/nifi-slack-nar-2.6.0.nar-unpacked]
2025-10-16 10:38:42,304 INFO [main] org.apache.nifi.nar.NarClassLoaders Loaded NAR file: /opt/nifi/nifi-current/./work/nar/extensions/nifi-kafka-3-service-nar-2.6.0.nar-unpacked as class loader org.apache.nifi.nar.NarClassLoader[./work/nar/extensions/nifi-kafka-3-service-nar-2.6.0.nar-unpacked]
2025-10-16 10:38:42,305 INFO [main] org.apache.nifi.nar.NarClassLoaders Loaded NAR file: /opt/nifi/nifi-current/./work/nar/extensions/nifi-kerberos-user-service-nar-2.6.0.nar-unpacked as class loader org.apache.nifi.nar.NarClassLoader[./work/nar/extensions/nifi-kerberos-user-service-nar-2.6.0.nar-unpacked]
2025-10-16 10:38:42,306 INFO [main] org.apache.nifi.nar.NarClassLoaders Loaded NAR file: /opt/nifi/nifi-current/./work/nar/extensions/nifi-confluent-platform-nar-2.6.0.nar-unpacked as class loader org.apache.nifi.nar.NarClassLoader[./work/nar/extensions/nifi-confluent-platform-nar-2.6.0.nar-unpacked]
2025-10-16 10:38:42,307 INFO [main] org.apache.nifi.nar.NarClassLoaders Loaded NAR file: /opt/nifi/nifi-current/./work/nar/extensions/nifi-social-media-nar-2.6.0.nar-unpacked as class loader org.apache.nifi.nar.NarClassLoader[./work/nar/extensions/nifi-social-media-nar-2.6.0.nar-unpacked]
2025-10-16 10:38:42,307 INFO [main] org.apache.nifi.nar.NarClassLoaders Loaded NAR file: /opt/nifi/nifi-current/./work/nar/extensions/nifi-opentelemetry-nar-2.6.0.nar-unpacked as class loader org.apache.nifi.nar.NarClassLoader[./work/nar/extensions/nifi-opentelemetry-nar-2.6.0.nar-unpacked]
2025-10-16 10:38:42,308 INFO [main] org.apache.nifi.nar.NarClassLoaders Loaded NAR file: /opt/nifi/nifi-current/./work/nar/extensions/nifi-elasticsearch-client-service-api-nar-2.6.0.nar-unpacked as class loader org.apache.nifi.nar.NarClassLoader[./work/nar/extensions/nifi-elasticsearch-client-service-api-nar-2.6.0.nar-unpacked]
2025-10-16 10:38:42,308 INFO [main] org.apache.nifi.nar.NarClassLoaders Loaded NAR file: /opt/nifi/nifi-current/./work/nar/extensions/nifi-py4j-nar-2.6.0.nar-unpacked as class loader org.apache.nifi.nar.NarClassLoader[./work/nar/extensions/nifi-py4j-nar-2.6.0.nar-unpacked]
2025-10-16 10:38:42,309 INFO [main] org.apache.nifi.nar.NarClassLoaders Loaded NAR file: /opt/nifi/nifi-current/./work/nar/extensions/nifi-amqp-nar-2.6.0.nar-unpacked as class loader org.apache.nifi.nar.NarClassLoader[./work/nar/extensions/nifi-amqp-nar-2.6.0.nar-unpacked]
2025-10-16 10:38:42,309 INFO [main] org.apache.nifi.nar.NarClassLoaders Loaded NAR file: /opt/nifi/nifi-current/./work/nar/extensions/nifi-salesforce-nar-2.6.0.nar-unpacked as class loader org.apache.nifi.nar.NarClassLoader[./work/nar/extensions/nifi-salesforce-nar-2.6.0.nar-unpacked]
2025-10-16 10:38:42,310 INFO [main] org.apache.nifi.nar.NarClassLoaders Loaded NAR file: /opt/nifi/nifi-current/./work/nar/extensions/nifi-websocket-services-api-nar-2.6.0.nar-unpacked as class loader org.apache.nifi.nar.NarClassLoader[./work/nar/extensions/nifi-websocket-services-api-nar-2.6.0.nar-unpacked]
2025-10-16 10:38:42,310 INFO [main] org.apache.nifi.nar.NarClassLoaders Loaded NAR file: /opt/nifi/nifi-current/./work/nar/extensions/nifi-shopify-nar-2.6.0.nar-unpacked as class loader org.apache.nifi.nar.NarClassLoader[./work/nar/extensions/nifi-shopify-nar-2.6.0.nar-unpacked]
2025-10-16 10:38:42,310 INFO [main] org.apache.nifi.nar.NarClassLoaders Loaded NAR file: /opt/nifi/nifi-current/./work/nar/extensions/nifi-geohash-nar-2.6.0.nar-unpacked as class loader org.apache.nifi.nar.NarClassLoader[./work/nar/extensions/nifi-geohash-nar-2.6.0.nar-unpacked]
2025-10-16 10:38:42,311 INFO [main] org.apache.nifi.nar.NarClassLoaders Loaded NAR file: /opt/nifi/nifi-current/./work/nar/extensions/nifi-aws-service-api-nar-2.6.0.nar-unpacked as class loader org.apache.nifi.nar.NarClassLoader[./work/nar/extensions/nifi-aws-service-api-nar-2.6.0.nar-unpacked]
2025-10-16 10:38:42,312 INFO [main] org.apache.nifi.nar.NarClassLoaders Loaded NAR file: /opt/nifi/nifi-current/./work/nar/extensions/nifi-kafka-service-aws-nar-2.6.0.nar-unpacked as class loader org.apache.nifi.nar.NarClassLoader[./work/nar/extensions/nifi-kafka-service-aws-nar-2.6.0.nar-unpacked]
2025-10-16 10:38:42,314 INFO [main] org.apache.nifi.nar.NarClassLoaders Loaded NAR file: /opt/nifi/nifi-current/./work/nar/extensions/nifi-db-schema-registry-service-nar-2.6.0.nar-unpacked as class loader org.apache.nifi.nar.NarClassLoader[./work/nar/extensions/nifi-db-schema-registry-service-nar-2.6.0.nar-unpacked]
2025-10-16 10:38:42,314 INFO [main] org.apache.nifi.nar.NarClassLoaders Loaded NAR file: /opt/nifi/nifi-current/./work/nar/extensions/nifi-dropbox-services-api-nar-2.6.0.nar-unpacked as class loader org.apache.nifi.nar.NarClassLoader[./work/nar/extensions/nifi-dropbox-services-api-nar-2.6.0.nar-unpacked]
2025-10-16 10:38:42,314 INFO [main] org.apache.nifi.nar.NarClassLoaders Loaded NAR file: /opt/nifi/nifi-current/./work/nar/extensions/nifi-flow-registry-client-nar-2.6.0.nar-unpacked as class loader org.apache.nifi.nar.NarClassLoader[./work/nar/extensions/nifi-flow-registry-client-nar-2.6.0.nar-unpacked]
2025-10-16 10:38:42,315 INFO [main] org.apache.nifi.nar.NarClassLoaders Loaded NAR file: /opt/nifi/nifi-current/./work/nar/extensions/nifi-azure-services-api-nar-2.6.0.nar-unpacked as class loader org.apache.nifi.nar.NarClassLoader[./work/nar/extensions/nifi-azure-services-api-nar-2.6.0.nar-unpacked]
2025-10-16 10:38:42,318 INFO [main] org.apache.nifi.nar.NarClassLoaders Loaded NAR file: /opt/nifi/nifi-current/./work/nar/extensions/nifi-dropbox-services-nar-2.6.0.nar-unpacked as class loader org.apache.nifi.nar.NarClassLoader[./work/nar/extensions/nifi-dropbox-services-nar-2.6.0.nar-unpacked]
2025-10-16 10:38:42,319 INFO [main] org.apache.nifi.nar.NarClassLoaders Loaded NAR file: /opt/nifi/nifi-current/./work/nar/extensions/nifi-apicurio-nar-2.6.0.nar-unpacked as class loader org.apache.nifi.nar.NarClassLoader[./work/nar/extensions/nifi-apicurio-nar-2.6.0.nar-unpacked]
2025-10-16 10:38:42,319 INFO [main] org.apache.nifi.nar.NarClassLoaders Loaded NAR file: /opt/nifi/nifi-current/./work/nar/extensions/nifi-hubspot-nar-2.6.0.nar-unpacked as class loader org.apache.nifi.nar.NarClassLoader[./work/nar/extensions/nifi-hubspot-nar-2.6.0.nar-unpacked]
2025-10-16 10:38:42,319 INFO [main] org.apache.nifi.nar.NarClassLoaders Loaded NAR file: /opt/nifi/nifi-current/./work/nar/extensions/nifi-smb-client-api-nar-2.6.0.nar-unpacked as class loader org.apache.nifi.nar.NarClassLoader[./work/nar/extensions/nifi-smb-client-api-nar-2.6.0.nar-unpacked]
2025-10-16 10:38:42,319 INFO [main] org.apache.nifi.nar.NarClassLoaders Loaded NAR file: /opt/nifi/nifi-current/./work/nar/extensions/nifi-record-sink-service-nar-2.6.0.nar-unpacked as class loader org.apache.nifi.nar.NarClassLoader[./work/nar/extensions/nifi-record-sink-service-nar-2.6.0.nar-unpacked]
2025-10-16 10:38:42,320 INFO [main] org.apache.nifi.nar.NarClassLoaders Loaded NAR file: /opt/nifi/nifi-current/./work/nar/extensions/nifi-gitlab-nar-2.6.0.nar-unpacked as class loader org.apache.nifi.nar.NarClassLoader[./work/nar/extensions/nifi-gitlab-nar-2.6.0.nar-unpacked]
2025-10-16 10:38:42,321 INFO [main] org.apache.nifi.nar.NarClassLoaders Loaded NAR file: /opt/nifi/nifi-current/./work/nar/extensions/nifi-box-nar-2.6.0.nar-unpacked as class loader org.apache.nifi.nar.NarClassLoader[./work/nar/extensions/nifi-box-nar-2.6.0.nar-unpacked]
2025-10-16 10:38:42,321 INFO [main] org.apache.nifi.nar.NarClassLoaders Loaded NAR file: /opt/nifi/nifi-current/./work/nar/extensions/nifi-scripting-nar-2.6.0.nar-unpacked as class loader org.apache.nifi.nar.NarClassLoader[./work/nar/extensions/nifi-scripting-nar-2.6.0.nar-unpacked]
2025-10-16 10:38:42,323 INFO [main] org.apache.nifi.nar.NarClassLoaders Loaded NAR file: /opt/nifi/nifi-current/./work/nar/extensions/nifi-asana-processors-nar-2.6.0.nar-unpacked as class loader org.apache.nifi.nar.NarClassLoader[./work/nar/extensions/nifi-asana-processors-nar-2.6.0.nar-unpacked]
2025-10-16 10:38:42,323 INFO [main] org.apache.nifi.nar.NarClassLoaders Loaded NAR file: /opt/nifi/nifi-current/./work/nar/extensions/nifi-atlassian-nar-2.6.0.nar-unpacked as class loader org.apache.nifi.nar.NarClassLoader[./work/nar/extensions/nifi-atlassian-nar-2.6.0.nar-unpacked]
2025-10-16 10:38:42,324 INFO [main] org.apache.nifi.nar.NarClassLoaders Loaded NAR file: /opt/nifi/nifi-current/./work/nar/extensions/nifi-jms-processors-nar-2.6.0.nar-unpacked as class loader org.apache.nifi.nar.NarClassLoader[./work/nar/extensions/nifi-jms-processors-nar-2.6.0.nar-unpacked]
2025-10-16 10:38:42,324 INFO [main] org.apache.nifi.nar.NarClassLoaders Loaded NAR file: /opt/nifi/nifi-current/./work/nar/extensions/nifi-record-serialization-services-nar-2.6.0.nar-unpacked as class loader org.apache.nifi.nar.NarClassLoader[./work/nar/extensions/nifi-record-serialization-services-nar-2.6.0.nar-unpacked]
2025-10-16 10:38:42,325 INFO [main] org.apache.nifi.nar.NarClassLoaders Loaded NAR file: /opt/nifi/nifi-current/./work/nar/extensions/nifi-elasticsearch-client-service-nar-2.6.0.nar-unpacked as class loader org.apache.nifi.nar.NarClassLoader[./work/nar/extensions/nifi-elasticsearch-client-service-nar-2.6.0.nar-unpacked]
2025-10-16 10:38:42,326 INFO [main] org.apache.nifi.nar.NarClassLoaders Loaded NAR file: /opt/nifi/nifi-current/./work/nar/extensions/nifi-redis-service-api-nar-2.6.0.nar-unpacked as class loader org.apache.nifi.nar.NarClassLoader[./work/nar/extensions/nifi-redis-service-api-nar-2.6.0.nar-unpacked]
2025-10-16 10:38:42,327 INFO [main] org.apache.nifi.nar.NarClassLoaders Loaded NAR file: /opt/nifi/nifi-current/./work/nar/extensions/nifi-smb-smbj-client-nar-2.6.0.nar-unpacked as class loader org.apache.nifi.nar.NarClassLoader[./work/nar/extensions/nifi-smb-smbj-client-nar-2.6.0.nar-unpacked]
2025-10-16 10:38:42,327 INFO [main] org.apache.nifi.nar.NarClassLoaders Loaded NAR file: /opt/nifi/nifi-current/./work/nar/extensions/nifi-pgp-nar-2.6.0.nar-unpacked as class loader org.apache.nifi.nar.NarClassLoader[./work/nar/extensions/nifi-pgp-nar-2.6.0.nar-unpacked]
2025-10-16 10:38:42,327 INFO [main] org.apache.nifi.nar.NarClassLoaders Loaded NAR file: /opt/nifi/nifi-current/./work/nar/extensions/nifi-smb-nar-2.6.0.nar-unpacked as class loader org.apache.nifi.nar.NarClassLoader[./work/nar/extensions/nifi-smb-nar-2.6.0.nar-unpacked]
2025-10-16 10:38:42,328 INFO [main] org.apache.nifi.nar.NarClassLoaders Loaded NAR file: /opt/nifi/nifi-current/./work/nar/extensions/nifi-mongodb-services-nar-2.6.0.nar-unpacked as class loader org.apache.nifi.nar.NarClassLoader[./work/nar/extensions/nifi-mongodb-services-nar-2.6.0.nar-unpacked]
2025-10-16 10:38:42,328 INFO [main] org.apache.nifi.nar.NarClassLoaders Loaded NAR file: /opt/nifi/nifi-current/./work/nar/extensions/nifi-websocket-processors-nar-2.6.0.nar-unpacked as class loader org.apache.nifi.nar.NarClassLoader[./work/nar/extensions/nifi-websocket-processors-nar-2.6.0.nar-unpacked]
2025-10-16 10:38:42,328 INFO [main] org.apache.nifi.nar.NarClassLoaders Loaded NAR file: /opt/nifi/nifi-current/./work/nar/extensions/nifi-dropbox-processors-nar-2.6.0.nar-unpacked as class loader org.apache.nifi.nar.NarClassLoader[./work/nar/extensions/nifi-dropbox-processors-nar-2.6.0.nar-unpacked]
2025-10-16 10:38:42,329 INFO [main] org.apache.nifi.nar.NarClassLoaders Loaded NAR file: /opt/nifi/nifi-current/./work/nar/extensions/nifi-websocket-services-jetty-nar-2.6.0.nar-unpacked as class loader org.apache.nifi.nar.NarClassLoader[./work/nar/extensions/nifi-websocket-services-jetty-nar-2.6.0.nar-unpacked]
2025-10-16 10:38:42,329 INFO [main] org.apache.nifi.nar.NarClassLoaders Loaded NAR file: /opt/nifi/nifi-current/./work/nar/extensions/nifi-box-services-nar-2.6.0.nar-unpacked as class loader org.apache.nifi.nar.NarClassLoader[./work/nar/extensions/nifi-box-services-nar-2.6.0.nar-unpacked]
2025-10-16 10:38:42,330 INFO [main] org.apache.nifi.nar.NarClassLoaders Loaded NAR file: /opt/nifi/nifi-current/./work/nar/extensions/nifi-aws-nar-2.6.0.nar-unpacked as class loader org.apache.nifi.nar.NarClassLoader[./work/nar/extensions/nifi-aws-nar-2.6.0.nar-unpacked]
2025-10-16 10:38:42,336 INFO [main] org.apache.nifi.nar.NarClassLoaders Loaded NAR file: /opt/nifi/nifi-current/./work/nar/extensions/nifi-elasticsearch-restapi-nar-2.6.0.nar-unpacked as class loader org.apache.nifi.nar.NarClassLoader[./work/nar/extensions/nifi-elasticsearch-restapi-nar-2.6.0.nar-unpacked]
2025-10-16 10:38:42,336 INFO [main] org.apache.nifi.nar.NarClassLoaders Loaded NAR file: /opt/nifi/nifi-current/./work/nar/extensions/nifi-azure-nar-2.6.0.nar-unpacked as class loader org.apache.nifi.nar.NarClassLoader[./work/nar/extensions/nifi-azure-nar-2.6.0.nar-unpacked]
2025-10-16 10:38:42,342 INFO [main] org.apache.nifi.nar.NarClassLoaders Loaded NAR file: /opt/nifi/nifi-current/./work/nar/extensions/nifi-redis-nar-2.6.0.nar-unpacked as class loader org.apache.nifi.nar.NarClassLoader[./work/nar/extensions/nifi-redis-nar-2.6.0.nar-unpacked]
2025-10-16 10:38:42,342 INFO [main] org.apache.nifi.nar.NarClassLoaders Found NiFiServer implementation org.apache.nifi.web.server.JettyServer in org.apache.nifi:nifi-server-nar:2.6.0
2025-10-16 10:38:42,344 INFO [main] o.a.nifi.properties.NiFiPropertiesLoader Loading Application Properties [/opt/nifi/nifi-current/conf/nifi.properties]
2025-10-16 10:38:42,405 INFO [main] o.a.n.f.ssl.FrameworkKeyManagerBuilder Key Manager loaded from Key Store [./conf/keystore.p12]
2025-10-16 10:38:42,416 INFO [main] o.a.n.f.ssl.FrameworkTrustManagerBuilder Trust Manager loaded from Trust Store [./conf/truststore.p12]
2025-10-16 10:38:42,592 INFO [main] org.apache.nifi.web.server.JettyServer Loading WAR [/opt/nifi/nifi-current/./work/nar/extensions/nifi-standard-content-viewer-nar-2.6.0.nar-unpacked/NAR-INF/bundled-dependencies/nifi-standard-content-viewer-2.6.0.war] Context Path [/nifi-standard-content-viewer-2.6.0]
2025-10-16 10:38:42,593 INFO [main] org.apache.nifi.web.server.JettyServer Loading WAR [/opt/nifi/nifi-current/./work/nar/extensions/nifi-jolt-nar-2.6.0.nar-unpacked/NAR-INF/bundled-dependencies/nifi-jolt-transform-json-ui-2.6.0.war] Context Path [/nifi-jolt-transform-json-ui-2.6.0]
2025-10-16 10:38:42,593 INFO [main] org.apache.nifi.web.server.JettyServer Loading UI extension [ProcessorConfiguration, /nifi-jolt-transform-json-ui-2.6.0] for org.apache.nifi.processors.jolt.JoltTransformJSON:org.apache.nifi:nifi-jolt-nar:2.6.0
2025-10-16 10:38:42,594 INFO [main] org.apache.nifi.web.server.JettyServer Loading WAR [/opt/nifi/nifi-current/./work/nar/extensions/nifi-update-attribute-nar-2.6.0.nar-unpacked/NAR-INF/bundled-dependencies/nifi-update-attribute-ui-2.6.0.war] Context Path [/nifi-update-attribute-ui-2.6.0]
2025-10-16 10:38:42,594 INFO [main] org.apache.nifi.web.server.JettyServer Loading UI extension [ProcessorConfiguration, /nifi-update-attribute-ui-2.6.0] for org.apache.nifi.processors.attributes.UpdateAttribute:org.apache.nifi:nifi-update-attribute-nar:2.6.0
2025-10-16 10:38:42,596 INFO [main] org.apache.nifi.web.server.JettyServer Loading WAR [/opt/nifi/nifi-current/./work/nar/extensions/nifi-server-nar-2.6.0.nar-unpacked/NAR-INF/bundled-dependencies/nifi-ui-2.6.0.war] Context Path [/nifi]
2025-10-16 10:38:42,596 INFO [main] org.apache.nifi.web.server.JettyServer Loading WAR [/opt/nifi/nifi-current/./work/nar/extensions/nifi-server-nar-2.6.0.nar-unpacked/NAR-INF/bundled-dependencies/nifi-web-api-2.6.0.war] Context Path [/nifi-api]
2025-10-16 10:38:42,599 INFO [main] org.apache.nifi.web.server.JettyServer Loading Docs [/opt/nifi/nifi-current/docs] Context Path [/nifi-api]
2025-10-16 10:38:42,609 INFO [main] o.a.n.n.StandardExtensionDiscoveringManager Loaded extensions for org.apache.nifi:nifi-jetty-nar:2.6.0 in 0 millis
2025-10-16 10:38:42,611 INFO [main] o.a.n.n.StandardExtensionDiscoveringManager Loaded extensions for org.apache.nifi:nifi-framework-nar:2.6.0 in 2 millis
2025-10-16 10:38:42,612 INFO [main] o.a.n.n.StandardExtensionDiscoveringManager Loaded extensions for org.apache.nifi:nifi-provenance-repository-nar:2.6.0 in 1 millis
2025-10-16 10:38:42,612 INFO [main] o.a.n.n.StandardExtensionDiscoveringManager Loaded extensions for org.apache.nifi:nifi-hl7-nar:2.6.0 in 0 millis
2025-10-16 10:38:42,613 INFO [main] o.a.n.n.StandardExtensionDiscoveringManager Loaded extensions for org.apache.nifi:nifi-compress-nar:2.6.0 in 0 millis
2025-10-16 10:38:42,614 INFO [main] o.a.n.n.StandardExtensionDiscoveringManager Loaded extensions for org.apache.nifi:nifi-update-attribute-nar:2.6.0 in 1 millis
2025-10-16 10:38:42,614 INFO [main] o.a.n.n.StandardExtensionDiscoveringManager Loaded extensions for org.apache.nifi:nifi-ldap-iaa-providers-nar:2.6.0 in 0 millis
2025-10-16 10:38:42,615 INFO [main] o.a.n.n.StandardExtensionDiscoveringManager Loaded extensions for org.apache.nifi:nifi-single-user-iaa-providers-nar:2.6.0 in 0 millis
2025-10-16 10:38:42,617 INFO [main] o.a.n.n.StandardExtensionDiscoveringManager Loaded extensions for org.apache.nifi:nifi-framework-kubernetes-nar:2.6.0 in 2 millis
2025-10-16 10:38:42,618 INFO [main] o.a.n.n.StandardExtensionDiscoveringManager Loaded extensions for org.apache.nifi:nifi-server-nar:2.6.0 in 1 millis
2025-10-16 10:38:42,618 INFO [main] o.a.n.n.StandardExtensionDiscoveringManager Loaded extensions for org.apache.nifi:nifi-standard-services-api-nar:2.6.0 in 0 millis
2025-10-16 10:38:42,619 INFO [main] o.a.n.n.StandardExtensionDiscoveringManager Loaded extensions for org.apache.nifi:nifi-email-nar:2.6.0 in 1 millis
2025-10-16 10:38:42,620 INFO [main] o.a.n.n.StandardExtensionDiscoveringManager Loaded extensions for org.apache.nifi:nifi-dbcp-service-nar:2.6.0 in 1 millis
2025-10-16 10:38:42,621 INFO [main] o.a.n.n.StandardExtensionDiscoveringManager Loaded extensions for org.apache.nifi:nifi-kerberos-iaa-providers-nar:2.6.0 in 1 millis
2025-10-16 10:38:42,621 INFO [main] o.a.n.n.StandardExtensionDiscoveringManager Loaded extensions for org.apache.nifi:nifi-evtx-nar:2.6.0 in 0 millis
2025-10-16 10:38:42,622 INFO [main] o.a.n.n.StandardExtensionDiscoveringManager Loaded extensions for org.apache.nifi:nifi-stateful-analysis-nar:2.6.0 in 1 millis
2025-10-16 10:38:42,623 INFO [main] o.a.n.n.StandardExtensionDiscoveringManager Loaded extensions for org.apache.nifi:nifi-file-resource-service-nar:2.6.0 in 1 millis
2025-10-16 10:38:42,624 INFO [main] o.a.n.n.StandardExtensionDiscoveringManager Loaded extensions for org.apache.nifi:nifi-standard-shared-nar:2.6.0 in 0 millis
2025-10-16 10:38:42,624 INFO [main] o.a.n.n.StandardExtensionDiscoveringManager Loaded extensions for org.apache.nifi:nifi-gcp-services-api-nar:2.6.0 in 0 millis
2025-10-16 10:38:42,625 INFO [main] o.a.n.n.StandardExtensionDiscoveringManager Loaded extensions for org.apache.nifi:nifi-database-dialect-service-nar:2.6.0 in 0 millis
2025-10-16 10:38:42,626 INFO [main] o.a.n.n.StandardExtensionDiscoveringManager Loaded extensions for org.apache.nifi:nifi-poi-nar:2.6.0 in 1 millis
2025-10-16 10:38:42,627 INFO [main] o.a.n.n.StandardExtensionDiscoveringManager Loaded extensions for org.apache.nifi:nifi-key-service-nar:2.6.0 in 0 millis
2025-10-16 10:38:42,628 INFO [main] o.a.n.n.StandardExtensionDiscoveringManager Loaded extensions for org.apache.nifi:nifi-asana-services-api-nar:2.6.0 in 1 millis
2025-10-16 10:38:42,629 INFO [main] o.a.n.n.StandardExtensionDiscoveringManager Loaded extensions for org.apache.nifi:nifi-snmp-nar:2.6.0 in 1 millis
2025-10-16 10:38:42,630 INFO [main] o.a.n.n.StandardExtensionDiscoveringManager Loaded extensions for org.apache.nifi:nifi-framework-zookeeper-nar:2.6.0 in 1 millis
2025-10-16 10:38:42,631 INFO [main] o.a.n.n.StandardExtensionDiscoveringManager Loaded extensions for org.apache.nifi:nifi-ssl-context-service-nar:2.6.0 in 0 millis
2025-10-16 10:38:42,632 INFO [main] o.a.n.n.StandardExtensionDiscoveringManager Loaded extensions for org.apache.nifi:nifi-web-client-provider-service-nar:2.6.0 in 1 millis
2025-10-16 10:38:42,633 INFO [main] o.a.n.n.StandardExtensionDiscoveringManager Loaded extensions for org.apache.nifi:nifi-network-processors-nar:2.6.0 in 1 millis
2025-10-16 10:38:42,634 INFO [main] o.a.n.n.StandardExtensionDiscoveringManager Loaded extensions for org.apache.nifi:nifi-kafka-service-api-nar:2.6.0 in 1 millis
2025-10-16 10:38:42,635 INFO [main] o.a.n.n.StandardExtensionDiscoveringManager Loaded extensions for org.apache.nifi:nifi-windows-event-log-nar:2.6.0 in 1 millis
2025-10-16 10:38:42,636 INFO [main] o.a.n.n.StandardExtensionDiscoveringManager Loaded extensions for org.apache.nifi:nifi-gcp-nar:2.6.0 in 1 millis
2025-10-16 10:38:42,637 INFO [main] o.a.n.n.StandardExtensionDiscoveringManager Loaded extensions for org.apache.nifi:nifi-hashicorp-vault-client-service-api-nar:2.6.0 in 1 millis
2025-10-16 10:38:42,638 INFO [main] o.a.n.n.StandardExtensionDiscoveringManager Loaded extensions for org.apache.nifi:nifi-registry-nar:2.6.0 in 1 millis
2025-10-16 10:38:42,639 INFO [main] o.a.n.n.StandardExtensionDiscoveringManager Loaded extensions for org.apache.nifi:nifi-protobuf-services-nar:2.6.0 in 1 millis
2025-10-16 10:38:42,640 INFO [main] o.a.n.n.StandardExtensionDiscoveringManager Loaded extensions for org.apache.nifi:nifi-asana-services-nar:2.6.0 in 1 millis
2025-10-16 10:38:42,641 INFO [main] o.a.n.n.StandardExtensionDiscoveringManager Loaded extensions for org.apache.nifi:nifi-site-to-site-reporting-nar:2.6.0 in 1 millis
2025-10-16 10:38:42,642 INFO [main] o.a.n.n.StandardExtensionDiscoveringManager Loaded extensions for org.apache.nifi:nifi-zendesk-nar:2.6.0 in 1 millis
2025-10-16 10:38:42,643 INFO [main] o.a.n.n.StandardExtensionDiscoveringManager Loaded extensions for org.apache.nifi:nifi-cipher-nar:2.6.0 in 1 millis
2025-10-16 10:38:42,644 INFO [main] o.a.n.n.StandardExtensionDiscoveringManager Loaded extensions for org.apache.nifi:nifi-jms-cf-service-nar:2.6.0 in 1 millis
2025-10-16 10:38:42,645 INFO [main] o.a.n.n.StandardExtensionDiscoveringManager Loaded extensions for org.apache.nifi:nifi-jolt-nar:2.6.0 in 1 millis
2025-10-16 10:38:42,646 INFO [main] o.a.n.n.StandardExtensionDiscoveringManager Loaded extensions for org.apache.nifi:nifi-hazelcast-services-api-nar:2.6.0 in 1 millis
2025-10-16 10:38:42,647 INFO [main] o.a.n.n.StandardExtensionDiscoveringManager Loaded extensions for org.apache.nifi:nifi-pgp-service-api-nar:2.6.0 in 1 millis
2025-10-16 10:38:42,648 INFO [main] o.a.n.n.StandardExtensionDiscoveringManager Loaded extensions for org.apache.nifi:nifi-proxy-configuration-nar:2.6.0 in 1 millis
2025-10-16 10:38:42,649 INFO [main] o.a.n.n.StandardExtensionDiscoveringManager Loaded extensions for org.apache.nifi:nifi-airtable-nar:2.6.0 in 1 millis
2025-10-16 10:38:42,650 INFO [main] o.a.n.n.StandardExtensionDiscoveringManager Loaded extensions for org.apache.nifi:nifi-github-nar:2.6.0 in 1 millis
2025-10-16 10:38:42,651 INFO [main] o.a.n.n.StandardExtensionDiscoveringManager Loaded extensions for org.apache.nifi:nifi-oauth2-provider-nar:2.6.0 in 1 millis
2025-10-16 10:38:42,651 INFO [main] o.a.n.n.StandardExtensionDiscoveringManager Loaded extensions for org.apache.nifi:nifi-workday-processors-nar:2.6.0 in 0 millis
2025-10-16 10:38:42,652 INFO [main] o.a.n.n.StandardExtensionDiscoveringManager Loaded extensions for org.apache.nifi:nifi-mongodb-client-service-api-nar:2.6.0 in 1 millis
2025-10-16 10:38:42,653 INFO [main] o.a.n.n.StandardExtensionDiscoveringManager Loaded extensions for org.apache.nifi:nifi-groovyx-nar:2.6.0 in 1 millis
2025-10-16 10:38:42,654 INFO [main] o.a.n.n.StandardExtensionDiscoveringManager Loaded extensions for org.apache.nifi:nifi-hazelcast-services-nar:2.6.0 in 1 millis
2025-10-16 10:38:42,655 INFO [main] o.a.n.n.StandardExtensionDiscoveringManager Loaded extensions for org.apache.nifi:nifi-mqtt-nar:2.6.0 in 1 millis
2025-10-16 10:38:42,656 INFO [main] o.a.n.n.StandardExtensionDiscoveringManager Loaded extensions for org.apache.nifi:nifi-cdc-mysql-nar:2.6.0 in 1 millis
2025-10-16 10:38:42,657 INFO [main] o.a.n.n.StandardExtensionDiscoveringManager Loaded extensions for org.apache.nifi:nifi-jslt-nar:2.6.0 in 1 millis
2025-10-16 10:38:42,658 INFO [main] o.a.n.n.StandardExtensionDiscoveringManager Loaded extensions for org.apache.nifi:nifi-kafka-nar:2.6.0 in 1 millis
2025-10-16 10:38:42,659 INFO [main] o.a.n.n.StandardExtensionDiscoveringManager Loaded extensions for org.apache.nifi:nifi-mongodb-nar:2.6.0 in 1 millis
2025-10-16 10:38:42,660 INFO [main] o.a.n.n.StandardExtensionDiscoveringManager Loaded extensions for org.apache.nifi:nifi-pgp-service-nar:2.6.0 in 1 millis
2025-10-16 10:38:42,661 INFO [main] o.a.n.n.StandardExtensionDiscoveringManager Loaded extensions for org.apache.nifi:nifi-standard-content-viewer-nar:2.6.0 in 1 millis
2025-10-16 10:38:42,662 INFO [main] o.a.n.n.StandardExtensionDiscoveringManager Loaded extensions for org.apache.nifi:nifi-standard-nar:2.6.0 in 1 millis
2025-10-16 10:38:42,663 INFO [main] o.a.n.n.StandardExtensionDiscoveringManager Loaded extensions for org.apache.nifi:nifi-box-services-api-nar:2.6.0 in 1 millis
2025-10-16 10:38:42,663 INFO [main] o.a.n.n.StandardExtensionDiscoveringManager Loaded extensions for org.apache.nifi:nifi-http-context-map-nar:2.6.0 in 0 millis
2025-10-16 10:38:42,664 INFO [main] o.a.n.n.StandardExtensionDiscoveringManager Loaded extensions for org.apache.nifi:nifi-avro-nar:2.6.0 in 0 millis
2025-10-16 10:38:42,665 INFO [main] o.a.n.n.StandardExtensionDiscoveringManager Loaded extensions for org.apache.nifi:nifi-enrich-nar:2.6.0 in 1 millis
2025-10-16 10:38:42,666 INFO [main] o.a.n.n.StandardExtensionDiscoveringManager Loaded extensions for org.apache.nifi:nifi-lookup-services-nar:2.6.0 in 1 millis
2025-10-16 10:38:42,667 INFO [main] o.a.n.n.StandardExtensionDiscoveringManager Loaded extensions for org.apache.nifi:nifi-splunk-nar:2.6.0 in 1 millis
2025-10-16 10:38:42,668 INFO [main] o.a.n.n.StandardExtensionDiscoveringManager Loaded extensions for org.apache.nifi:nifi-zendesk-services-nar:2.6.0 in 1 millis
2025-10-16 10:38:42,669 INFO [main] o.a.n.n.StandardExtensionDiscoveringManager Loaded extensions for org.apache.nifi:nifi-hashicorp-vault-nar:2.6.0 in 1 millis
2025-10-16 10:38:42,669 INFO [main] o.a.n.n.StandardExtensionDiscoveringManager Loaded extensions for org.apache.nifi:nifi-distributed-cache-services-nar:2.6.0 in 0 millis
2025-10-16 10:38:42,670 INFO [main] o.a.n.n.StandardExtensionDiscoveringManager Loaded extensions for org.apache.nifi:nifi-slack-nar:2.6.0 in 0 millis
2025-10-16 10:38:42,671 INFO [main] o.a.n.n.StandardExtensionDiscoveringManager Loaded extensions for org.apache.nifi:nifi-kafka-3-service-nar:2.6.0 in 1 millis
2025-10-16 10:38:42,672 INFO [main] o.a.n.n.StandardExtensionDiscoveringManager Loaded extensions for org.apache.nifi:nifi-kerberos-user-service-nar:2.6.0 in 1 millis
2025-10-16 10:38:42,673 INFO [main] o.a.n.n.StandardExtensionDiscoveringManager Loaded extensions for org.apache.nifi:nifi-confluent-platform-nar:2.6.0 in 1 millis
2025-10-16 10:38:42,674 INFO [main] o.a.n.n.StandardExtensionDiscoveringManager Loaded extensions for org.apache.nifi:nifi-social-media-nar:2.6.0 in 1 millis
2025-10-16 10:38:42,675 INFO [main] o.a.n.n.StandardExtensionDiscoveringManager Loaded extensions for org.apache.nifi:nifi-opentelemetry-nar:2.6.0 in 1 millis
2025-10-16 10:38:42,675 INFO [main] o.a.n.n.StandardExtensionDiscoveringManager Loaded extensions for org.apache.nifi:nifi-elasticsearch-client-service-api-nar:2.6.0 in 0 millis
2025-10-16 10:38:42,676 INFO [main] o.a.n.n.StandardExtensionDiscoveringManager Loaded extensions for org.apache.nifi:nifi-py4j-nar:2.6.0 in 1 millis
2025-10-16 10:38:42,677 INFO [main] o.a.n.n.StandardExtensionDiscoveringManager Loaded extensions for org.apache.nifi:nifi-amqp-nar:2.6.0 in 1 millis
2025-10-16 10:38:42,677 INFO [main] o.a.n.n.StandardExtensionDiscoveringManager Loaded extensions for org.apache.nifi:nifi-salesforce-nar:2.6.0 in 0 millis
2025-10-16 10:38:42,678 INFO [main] o.a.n.n.StandardExtensionDiscoveringManager Loaded extensions for org.apache.nifi:nifi-websocket-services-api-nar:2.6.0 in 1 millis
2025-10-16 10:38:42,679 INFO [main] o.a.n.n.StandardExtensionDiscoveringManager Loaded extensions for org.apache.nifi:nifi-shopify-nar:2.6.0 in 1 millis
2025-10-16 10:38:42,679 INFO [main] o.a.n.n.StandardExtensionDiscoveringManager Loaded extensions for org.apache.nifi:nifi-geohash-nar:2.6.0 in 0 millis
2025-10-16 10:38:42,680 INFO [main] o.a.n.n.StandardExtensionDiscoveringManager Loaded extensions for org.apache.nifi:nifi-aws-service-api-nar:2.6.0 in 0 millis
2025-10-16 10:38:42,681 INFO [main] o.a.n.n.StandardExtensionDiscoveringManager Loaded extensions for org.apache.nifi:nifi-kafka-service-aws-nar:2.6.0 in 1 millis
2025-10-16 10:38:42,682 INFO [main] o.a.n.n.StandardExtensionDiscoveringManager Loaded extensions for org.apache.nifi:nifi-db-schema-registry-service-nar:2.6.0 in 1 millis
2025-10-16 10:38:42,682 INFO [main] o.a.n.n.StandardExtensionDiscoveringManager Loaded extensions for org.apache.nifi:nifi-dropbox-services-api-nar:2.6.0 in 0 millis
2025-10-16 10:38:42,683 INFO [main] o.a.n.n.StandardExtensionDiscoveringManager Loaded extensions for org.apache.nifi:nifi-flow-registry-client-nar:2.6.0 in 0 millis
2025-10-16 10:38:42,684 INFO [main] o.a.n.n.StandardExtensionDiscoveringManager Loaded extensions for org.apache.nifi:nifi-azure-services-api-nar:2.6.0 in 1 millis
2025-10-16 10:38:42,685 INFO [main] o.a.n.n.StandardExtensionDiscoveringManager Loaded extensions for org.apache.nifi:nifi-dropbox-services-nar:2.6.0 in 1 millis
2025-10-16 10:38:42,686 INFO [main] o.a.n.n.StandardExtensionDiscoveringManager Loaded extensions for org.apache.nifi:nifi-apicurio-nar:2.6.0 in 1 millis
2025-10-16 10:38:42,687 INFO [main] o.a.n.n.StandardExtensionDiscoveringManager Loaded extensions for org.apache.nifi:nifi-hubspot-nar:2.6.0 in 1 millis
2025-10-16 10:38:42,687 INFO [main] o.a.n.n.StandardExtensionDiscoveringManager Loaded extensions for org.apache.nifi:nifi-smb-client-api-nar:2.6.0 in 0 millis
2025-10-16 10:38:42,688 INFO [main] o.a.n.n.StandardExtensionDiscoveringManager Loaded extensions for org.apache.nifi:nifi-record-sink-service-nar:2.6.0 in 0 millis
2025-10-16 10:38:42,689 INFO [main] o.a.n.n.StandardExtensionDiscoveringManager Loaded extensions for org.apache.nifi:nifi-gitlab-nar:2.6.0 in 1 millis
2025-10-16 10:38:42,690 INFO [main] o.a.n.n.StandardExtensionDiscoveringManager Loaded extensions for org.apache.nifi:nifi-box-nar:2.6.0 in 1 millis
2025-10-16 10:38:42,691 INFO [main] o.a.n.n.StandardExtensionDiscoveringManager Loaded extensions for org.apache.nifi:nifi-scripting-nar:2.6.0 in 1 millis
2025-10-16 10:38:42,692 INFO [main] o.a.n.n.StandardExtensionDiscoveringManager Loaded extensions for org.apache.nifi:nifi-asana-processors-nar:2.6.0 in 1 millis
2025-10-16 10:38:42,693 INFO [main] o.a.n.n.StandardExtensionDiscoveringManager Loaded extensions for org.apache.nifi:nifi-atlassian-nar:2.6.0 in 1 millis
2025-10-16 10:38:42,694 INFO [main] o.a.n.n.StandardExtensionDiscoveringManager Loaded extensions for org.apache.nifi:nifi-jms-processors-nar:2.6.0 in 1 millis
2025-10-16 10:38:42,695 INFO [main] o.a.n.n.StandardExtensionDiscoveringManager Loaded extensions for org.apache.nifi:nifi-record-serialization-services-nar:2.6.0 in 1 millis
2025-10-16 10:38:42,696 INFO [main] o.a.n.n.StandardExtensionDiscoveringManager Loaded extensions for org.apache.nifi:nifi-elasticsearch-client-service-nar:2.6.0 in 1 millis
2025-10-16 10:38:42,697 INFO [main] o.a.n.n.StandardExtensionDiscoveringManager Loaded extensions for org.apache.nifi:nifi-redis-service-api-nar:2.6.0 in 1 millis
2025-10-16 10:38:42,698 INFO [main] o.a.n.n.StandardExtensionDiscoveringManager Loaded extensions for org.apache.nifi:nifi-smb-smbj-client-nar:2.6.0 in 1 millis
2025-10-16 10:38:42,699 INFO [main] o.a.n.n.StandardExtensionDiscoveringManager Loaded extensions for org.apache.nifi:nifi-pgp-nar:2.6.0 in 1 millis
2025-10-16 10:38:42,700 INFO [main] o.a.n.n.StandardExtensionDiscoveringManager Loaded extensions for org.apache.nifi:nifi-smb-nar:2.6.0 in 1 millis
2025-10-16 10:38:42,701 INFO [main] o.a.n.n.StandardExtensionDiscoveringManager Loaded extensions for org.apache.nifi:nifi-mongodb-services-nar:2.6.0 in 1 millis
2025-10-16 10:38:42,702 INFO [main] o.a.n.n.StandardExtensionDiscoveringManager Loaded extensions for org.apache.nifi:nifi-websocket-processors-nar:2.6.0 in 1 millis
2025-10-16 10:38:42,703 INFO [main] o.a.n.n.StandardExtensionDiscoveringManager Loaded extensions for org.apache.nifi:nifi-dropbox-processors-nar:2.6.0 in 1 millis
2025-10-16 10:38:42,703 INFO [main] o.a.n.n.StandardExtensionDiscoveringManager Loaded extensions for org.apache.nifi:nifi-websocket-services-jetty-nar:2.6.0 in 0 millis
2025-10-16 10:38:42,704 INFO [main] o.a.n.n.StandardExtensionDiscoveringManager Loaded extensions for org.apache.nifi:nifi-box-services-nar:2.6.0 in 0 millis
2025-10-16 10:38:42,706 INFO [main] o.a.n.n.StandardExtensionDiscoveringManager Loaded extensions for org.apache.nifi:nifi-aws-nar:2.6.0 in 2 millis
2025-10-16 10:38:42,707 INFO [main] o.a.n.n.StandardExtensionDiscoveringManager Loaded extensions for org.apache.nifi:nifi-elasticsearch-restapi-nar:2.6.0 in 1 millis
2025-10-16 10:38:42,708 INFO [main] o.a.n.n.StandardExtensionDiscoveringManager Loaded extensions for org.apache.nifi:nifi-azure-nar:2.6.0 in 1 millis
2025-10-16 10:38:42,709 INFO [main] o.a.n.n.StandardExtensionDiscoveringManager Loaded extensions for org.apache.nifi:nifi-redis-nar:2.6.0 in 1 millis
2025-10-16 10:38:42,710 INFO [main] o.a.n.n.StandardExtensionDiscoveringManager Extension Type Mapping to Bundle:
	=== ExternalResourceProvider Type ===
	org.apache.nifi.registry.extension.NiFiRegistryExternalResourceProvider
		org.apache.nifi:nifi-framework-nar:2.6.0 || ./work/nar/framework/nifi-framework-nar-2.6.0.nar-unpacked
	=== End ExternalResourceProvider types ===
	=== UserGroupProvider Type ===
	org.apache.nifi.authorization.FileUserGroupProvider
		org.apache.nifi:nifi-framework-nar:2.6.0 || ./work/nar/framework/nifi-framework-nar-2.6.0.nar-unpacked
	org.apache.nifi.authorization.azure.AzureGraphUserGroupProvider
		org.apache.nifi:nifi-azure-nar:2.6.0 || ./work/nar/extensions/nifi-azure-nar-2.6.0.nar-unpacked
	org.apache.nifi.ldap.tenants.LdapUserGroupProvider
		org.apache.nifi:nifi-ldap-iaa-providers-nar:2.6.0 || ./work/nar/extensions/nifi-ldap-iaa-providers-nar-2.6.0.nar-unpacked
	org.apache.nifi.authorization.CompositeUserGroupProvider
		org.apache.nifi:nifi-framework-nar:2.6.0 || ./work/nar/framework/nifi-framework-nar-2.6.0.nar-unpacked
	org.apache.nifi.authorization.CompositeConfigurableUserGroupProvider
		org.apache.nifi:nifi-framework-nar:2.6.0 || ./work/nar/framework/nifi-framework-nar-2.6.0.nar-unpacked
	=== End UserGroupProvider types ===
	=== StatusHistoryRepository Type ===
	org.apache.nifi.controller.status.history.VolatileComponentStatusRepository
		org.apache.nifi:nifi-framework-nar:2.6.0 || ./work/nar/framework/nifi-framework-nar-2.6.0.nar-unpacked
	=== End StatusHistoryRepository types ===
	=== LoginIdentityProvider Type ===
	org.apache.nifi.kerberos.KerberosProvider
		org.apache.nifi:nifi-kerberos-iaa-providers-nar:2.6.0 || ./work/nar/extensions/nifi-kerberos-iaa-providers-nar-2.6.0.nar-unpacked
	org.apache.nifi.authentication.single.user.SingleUserLoginIdentityProvider
		org.apache.nifi:nifi-single-user-iaa-providers-nar:2.6.0 || ./work/nar/extensions/nifi-single-user-iaa-providers-nar-2.6.0.nar-unpacked
	org.apache.nifi.ldap.LdapProvider
		org.apache.nifi:nifi-ldap-iaa-providers-nar:2.6.0 || ./work/nar/extensions/nifi-ldap-iaa-providers-nar-2.6.0.nar-unpacked
	=== End LoginIdentityProvider types ===
	=== ProvenanceRepository Type ===
	org.apache.nifi.provenance.NoOpProvenanceRepository
		org.apache.nifi:nifi-provenance-repository-nar:2.6.0 || ./work/nar/extensions/nifi-provenance-repository-nar-2.6.0.nar-unpacked
	org.apache.nifi.provenance.WriteAheadProvenanceRepository
		org.apache.nifi:nifi-provenance-repository-nar:2.6.0 || ./work/nar/extensions/nifi-provenance-repository-nar-2.6.0.nar-unpacked
	org.apache.nifi.provenance.VolatileProvenanceRepository
		org.apache.nifi:nifi-provenance-repository-nar:2.6.0 || ./work/nar/extensions/nifi-provenance-repository-nar-2.6.0.nar-unpacked
	=== End ProvenanceRepository types ===
	=== StateProvider Type ===
	org.apache.nifi.redis.state.RedisStateProvider
		org.apache.nifi:nifi-redis-nar:2.6.0 || ./work/nar/extensions/nifi-redis-nar-2.6.0.nar-unpacked
	org.apache.nifi.controller.state.providers.local.WriteAheadLocalStateProvider
		org.apache.nifi:nifi-framework-nar:2.6.0 || ./work/nar/framework/nifi-framework-nar-2.6.0.nar-unpacked
	org.apache.nifi.kubernetes.state.provider.KubernetesConfigMapStateProvider
		org.apache.nifi:nifi-framework-kubernetes-nar:2.6.0 || ./work/nar/extensions/nifi-framework-kubernetes-nar-2.6.0.nar-unpacked
	org.apache.nifi.controller.state.providers.zookeeper.ZooKeeperStateProvider
		org.apache.nifi:nifi-framework-zookeeper-nar:2.6.0 || ./work/nar/extensions/nifi-framework-zookeeper-nar-2.6.0.nar-unpacked
	org.apache.nifi.controller.state.providers.zookeeper.server.ZooKeeperStateProviderServer
		org.apache.nifi:nifi-framework-zookeeper-nar:2.6.0 || ./work/nar/extensions/nifi-framework-zookeeper-nar-2.6.0.nar-unpacked
	=== End StateProvider types ===
	=== FlowActionReporter Type ===
	=== End FlowActionReporter types ===
	=== Processor Type ===
	org.apache.nifi.processors.standard.ExecuteProcess
		org.apache.nifi:nifi-standard-nar:2.6.0 || ./work/nar/extensions/nifi-standard-nar-2.6.0.nar-unpacked
	org.apache.nifi.processors.standard.AttributesToCSV
		org.apache.nifi:nifi-standard-nar:2.6.0 || ./work/nar/extensions/nifi-standard-nar-2.6.0.nar-unpacked
	org.apache.nifi.processors.standard.SplitRecord
		org.apache.nifi:nifi-standard-nar:2.6.0 || ./work/nar/extensions/nifi-standard-nar-2.6.0.nar-unpacked
	org.apache.nifi.processors.salesforce.QuerySalesforceObject
		org.apache.nifi:nifi-salesforce-nar:2.6.0 || ./work/nar/extensions/nifi-salesforce-nar-2.6.0.nar-unpacked
	org.apache.nifi.processors.standard.CountText
		org.apache.nifi:nifi-standard-nar:2.6.0 || ./work/nar/extensions/nifi-standard-nar-2.6.0.nar-unpacked
	org.apache.nifi.processors.azure.storage.queue.PutAzureQueueStorage_v12
		org.apache.nifi:nifi-azure-nar:2.6.0 || ./work/nar/extensions/nifi-azure-nar-2.6.0.nar-unpacked
	org.apache.nifi.processors.gcp.drive.PutGoogleDrive
		org.apache.nifi:nifi-gcp-nar:2.6.0 || ./work/nar/extensions/nifi-gcp-nar-2.6.0.nar-unpacked
	org.apache.nifi.processors.standard.ValidateCsv
		org.apache.nifi:nifi-standard-nar:2.6.0 || ./work/nar/extensions/nifi-standard-nar-2.6.0.nar-unpacked
	org.apache.nifi.processors.azure.storage.queue.GetAzureQueueStorage_v12
		org.apache.nifi:nifi-azure-nar:2.6.0 || ./work/nar/extensions/nifi-azure-nar-2.6.0.nar-unpacked
	org.apache.nifi.processors.azure.storage.DeleteAzureBlobStorage_v12
		org.apache.nifi:nifi-azure-nar:2.6.0 || ./work/nar/extensions/nifi-azure-nar-2.6.0.nar-unpacked
	org.apache.nifi.amqp.processors.PublishAMQP
		org.apache.nifi:nifi-amqp-nar:2.6.0 || ./work/nar/extensions/nifi-amqp-nar-2.6.0.nar-unpacked
	org.apache.nifi.processors.standard.CryptographicHashContent
		org.apache.nifi:nifi-standard-nar:2.6.0 || ./work/nar/extensions/nifi-standard-nar-2.6.0.nar-unpacked
	org.apache.nifi.processors.email.ExtractEmailHeaders
		org.apache.nifi:nifi-email-nar:2.6.0 || ./work/nar/extensions/nifi-email-nar-2.6.0.nar-unpacked
	org.apache.nifi.processors.dropbox.PutDropbox
		org.apache.nifi:nifi-dropbox-processors-nar:2.6.0 || ./work/nar/extensions/nifi-dropbox-processors-nar-2.6.0.nar-unpacked
	org.apache.nifi.processors.standard.ListFile
		org.apache.nifi:nifi-standard-nar:2.6.0 || ./work/nar/extensions/nifi-standard-nar-2.6.0.nar-unpacked
	org.apache.nifi.processors.standard.ModifyBytes
		org.apache.nifi:nifi-standard-nar:2.6.0 || ./work/nar/extensions/nifi-standard-nar-2.6.0.nar-unpacked
	org.apache.nifi.processors.pgp.EncryptContentPGP
		org.apache.nifi:nifi-pgp-nar:2.6.0 || ./work/nar/extensions/nifi-pgp-nar-2.6.0.nar-unpacked
	org.apache.nifi.processors.hl7.RouteHL7
		org.apache.nifi:nifi-hl7-nar:2.6.0 || ./work/nar/extensions/nifi-hl7-nar-2.6.0.nar-unpacked
	org.apache.nifi.processors.aws.sns.PutSNS
		org.apache.nifi:nifi-aws-nar:2.6.0 || ./work/nar/extensions/nifi-aws-nar-2.6.0.nar-unpacked
	org.apache.nifi.processors.standard.ListSFTP
		org.apache.nifi:nifi-standard-nar:2.6.0 || ./work/nar/extensions/nifi-standard-nar-2.6.0.nar-unpacked
	org.apache.nifi.processors.gcp.storage.PutGCSObject
		org.apache.nifi:nifi-gcp-nar:2.6.0 || ./work/nar/extensions/nifi-gcp-nar-2.6.0.nar-unpacked
	org.apache.nifi.processors.azure.storage.PutAzureDataLakeStorage
		org.apache.nifi:nifi-azure-nar:2.6.0 || ./work/nar/extensions/nifi-azure-nar-2.6.0.nar-unpacked
	org.apache.nifi.processors.elasticsearch.PutElasticsearchRecord
		org.apache.nifi:nifi-elasticsearch-restapi-nar:2.6.0 || ./work/nar/extensions/nifi-elasticsearch-restapi-nar-2.6.0.nar-unpacked
	org.apache.nifi.processors.standard.ScanContent
		org.apache.nifi:nifi-standard-nar:2.6.0 || ./work/nar/extensions/nifi-standard-nar-2.6.0.nar-unpacked
	org.apache.nifi.processors.mongodb.GetMongoRecord
		org.apache.nifi:nifi-mongodb-nar:2.6.0 || ./work/nar/extensions/nifi-mongodb-nar-2.6.0.nar-unpacked
	org.apache.nifi.processors.standard.EvaluateXQuery
		org.apache.nifi:nifi-standard-nar:2.6.0 || ./work/nar/extensions/nifi-standard-nar-2.6.0.nar-unpacked
	org.apache.nifi.processors.standard.RouteText
		org.apache.nifi:nifi-standard-nar:2.6.0 || ./work/nar/extensions/nifi-standard-nar-2.6.0.nar-unpacked
	org.apache.nifi.processors.websocket.ListenWebSocket
		org.apache.nifi:nifi-websocket-processors-nar:2.6.0 || ./work/nar/extensions/nifi-websocket-processors-nar-2.6.0.nar-unpacked
	org.apache.nifi.processors.GeoEnrichIP
		org.apache.nifi:nifi-enrich-nar:2.6.0 || ./work/nar/extensions/nifi-enrich-nar-2.6.0.nar-unpacked
	org.apache.nifi.processors.opentelemetry.ListenOTLP
		org.apache.nifi:nifi-opentelemetry-nar:2.6.0 || ./work/nar/extensions/nifi-opentelemetry-nar-2.6.0.nar-unpacked
	org.apache.nifi.processors.standard.MonitorActivity
		org.apache.nifi:nifi-standard-nar:2.6.0 || ./work/nar/extensions/nifi-standard-nar-2.6.0.nar-unpacked
	org.apache.nifi.processors.salesforce.PutSalesforceObject
		org.apache.nifi:nifi-salesforce-nar:2.6.0 || ./work/nar/extensions/nifi-salesforce-nar-2.6.0.nar-unpacked
	org.apache.nifi.processors.standard.ExtractRecordSchema
		org.apache.nifi:nifi-standard-nar:2.6.0 || ./work/nar/extensions/nifi-standard-nar-2.6.0.nar-unpacked
	org.apache.nifi.processors.standard.GenerateTableFetch
		org.apache.nifi:nifi-standard-nar:2.6.0 || ./work/nar/extensions/nifi-standard-nar-2.6.0.nar-unpacked
	org.apache.nifi.processors.standard.HandleHttpResponse
		org.apache.nifi:nifi-standard-nar:2.6.0 || ./work/nar/extensions/nifi-standard-nar-2.6.0.nar-unpacked
	org.apache.nifi.processors.box.ConsumeBoxEnterpriseEvents
		org.apache.nifi:nifi-box-nar:2.6.0 || ./work/nar/extensions/nifi-box-nar-2.6.0.nar-unpacked
	org.apache.nifi.snmp.processors.SendTrapSNMP
		org.apache.nifi:nifi-snmp-nar:2.6.0 || ./work/nar/extensions/nifi-snmp-nar-2.6.0.nar-unpacked
	org.apache.nifi.processors.standard.ListenFTP
		org.apache.nifi:nifi-standard-nar:2.6.0 || ./work/nar/extensions/nifi-standard-nar-2.6.0.nar-unpacked
	org.apache.nifi.processors.aws.s3.GetS3ObjectMetadata
		org.apache.nifi:nifi-aws-nar:2.6.0 || ./work/nar/extensions/nifi-aws-nar-2.6.0.nar-unpacked
	org.apache.nifi.processors.standard.ListenSyslog
		org.apache.nifi:nifi-standard-nar:2.6.0 || ./work/nar/extensions/nifi-standard-nar-2.6.0.nar-unpacked
	org.apache.nifi.processors.standard.ConvertRecord
		org.apache.nifi:nifi-standard-nar:2.6.0 || ./work/nar/extensions/nifi-standard-nar-2.6.0.nar-unpacked
	org.apache.nifi.processors.avro.SplitAvro
		org.apache.nifi:nifi-avro-nar:2.6.0 || ./work/nar/extensions/nifi-avro-nar-2.6.0.nar-unpacked
	org.apache.nifi.processors.airtable.QueryAirtableTable
		org.apache.nifi:nifi-airtable-nar:2.6.0 || ./work/nar/extensions/nifi-airtable-nar-2.6.0.nar-unpacked
	org.apache.nifi.processors.box.ListBoxFile
		org.apache.nifi:nifi-box-nar:2.6.0 || ./work/nar/extensions/nifi-box-nar-2.6.0.nar-unpacked
	org.apache.nifi.processors.jslt.JSLTTransformJSON
		org.apache.nifi:nifi-jslt-nar:2.6.0 || ./work/nar/extensions/nifi-jslt-nar-2.6.0.nar-unpacked
	org.apache.nifi.snmp.processors.SetSNMP
		org.apache.nifi:nifi-snmp-nar:2.6.0 || ./work/nar/extensions/nifi-snmp-nar-2.6.0.nar-unpacked
	org.apache.nifi.processors.standard.InvokeHTTP
		org.apache.nifi:nifi-standard-nar:2.6.0 || ./work/nar/extensions/nifi-standard-nar-2.6.0.nar-unpacked
	org.apache.nifi.processors.aws.s3.TagS3Object
		org.apache.nifi:nifi-aws-nar:2.6.0 || ./work/nar/extensions/nifi-aws-nar-2.6.0.nar-unpacked
	org.apache.nifi.processors.standard.TailFile
		org.apache.nifi:nifi-standard-nar:2.6.0 || ./work/nar/extensions/nifi-standard-nar-2.6.0.nar-unpacked
	org.apache.nifi.processors.gcp.bigquery.PutBigQuery
		org.apache.nifi:nifi-gcp-nar:2.6.0 || ./work/nar/extensions/nifi-gcp-nar-2.6.0.nar-unpacked
	org.apache.nifi.processors.standard.PutTCP
		org.apache.nifi:nifi-standard-nar:2.6.0 || ./work/nar/extensions/nifi-standard-nar-2.6.0.nar-unpacked
	org.apache.nifi.processors.standard.CalculateRecordStats
		org.apache.nifi:nifi-standard-nar:2.6.0 || ./work/nar/extensions/nifi-standard-nar-2.6.0.nar-unpacked
	org.apache.nifi.processors.dropbox.FetchDropbox
		org.apache.nifi:nifi-dropbox-processors-nar:2.6.0 || ./work/nar/extensions/nifi-dropbox-processors-nar-2.6.0.nar-unpacked
	org.apache.nifi.processors.standard.FetchSFTP
		org.apache.nifi:nifi-standard-nar:2.6.0 || ./work/nar/extensions/nifi-standard-nar-2.6.0.nar-unpacked
	org.apache.nifi.processors.standard.DeleteSFTP
		org.apache.nifi:nifi-standard-nar:2.6.0 || ./work/nar/extensions/nifi-standard-nar-2.6.0.nar-unpacked
	org.apache.nifi.processors.azure.storage.CopyAzureBlobStorage_v12
		org.apache.nifi:nifi-azure-nar:2.6.0 || ./work/nar/extensions/nifi-azure-nar-2.6.0.nar-unpacked
	org.apache.nifi.processors.slack.ConsumeSlack
		org.apache.nifi:nifi-slack-nar:2.6.0 || ./work/nar/extensions/nifi-slack-nar-2.6.0.nar-unpacked
	org.apache.nifi.processors.standard.ScanAttribute
		org.apache.nifi:nifi-standard-nar:2.6.0 || ./work/nar/extensions/nifi-standard-nar-2.6.0.nar-unpacked
	org.apache.nifi.processors.standard.HandleHttpRequest
		org.apache.nifi:nifi-standard-nar:2.6.0 || ./work/nar/extensions/nifi-standard-nar-2.6.0.nar-unpacked
	org.apache.nifi.processors.box.FetchBoxFileInfo
		org.apache.nifi:nifi-box-nar:2.6.0 || ./work/nar/extensions/nifi-box-nar-2.6.0.nar-unpacked
	org.apache.nifi.snmp.processors.GetSNMP
		org.apache.nifi:nifi-snmp-nar:2.6.0 || ./work/nar/extensions/nifi-snmp-nar-2.6.0.nar-unpacked
	org.apache.nifi.processors.standard.ExtractGrok
		org.apache.nifi:nifi-standard-nar:2.6.0 || ./work/nar/extensions/nifi-standard-nar-2.6.0.nar-unpacked
	org.apache.nifi.processors.standard.LookupRecord
		org.apache.nifi:nifi-standard-nar:2.6.0 || ./work/nar/extensions/nifi-standard-nar-2.6.0.nar-unpacked
	org.apache.nifi.processors.pgp.VerifyContentPGP
		org.apache.nifi:nifi-pgp-nar:2.6.0 || ./work/nar/extensions/nifi-pgp-nar-2.6.0.nar-unpacked
	org.apache.nifi.processors.aws.ml.translate.StartAwsTranslateJob
		org.apache.nifi:nifi-aws-nar:2.6.0 || ./work/nar/extensions/nifi-aws-nar-2.6.0.nar-unpacked
	org.apache.nifi.processors.azure.data.explorer.PutAzureDataExplorer
		org.apache.nifi:nifi-azure-nar:2.6.0 || ./work/nar/extensions/nifi-azure-nar-2.6.0.nar-unpacked
	org.apache.nifi.processors.aws.ml.transcribe.GetAwsTranscribeJobStatus
		org.apache.nifi:nifi-aws-nar:2.6.0 || ./work/nar/extensions/nifi-aws-nar-2.6.0.nar-unpacked
	org.apache.nifi.processors.mongodb.RunMongoAggregation
		org.apache.nifi:nifi-mongodb-nar:2.6.0 || ./work/nar/extensions/nifi-mongodb-nar-2.6.0.nar-unpacked
	org.apache.nifi.processors.shopify.GetShopify
		org.apache.nifi:nifi-shopify-nar:2.6.0 || ./work/nar/extensions/nifi-shopify-nar-2.6.0.nar-unpacked
	org.apache.nifi.processors.standard.ForkEnrichment
		org.apache.nifi:nifi-standard-nar:2.6.0 || ./work/nar/extensions/nifi-standard-nar-2.6.0.nar-unpacked
	org.apache.nifi.processors.aws.sqs.DeleteSQS
		org.apache.nifi:nifi-aws-nar:2.6.0 || ./work/nar/extensions/nifi-aws-nar-2.6.0.nar-unpacked
	org.apache.nifi.processors.standard.RetryFlowFile
		org.apache.nifi:nifi-standard-nar:2.6.0 || ./work/nar/extensions/nifi-standard-nar-2.6.0.nar-unpacked
	org.apache.nifi.processors.standard.SampleRecord
		org.apache.nifi:nifi-standard-nar:2.6.0 || ./work/nar/extensions/nifi-standard-nar-2.6.0.nar-unpacked
	org.apache.nifi.processors.standard.ValidateXml
		org.apache.nifi:nifi-standard-nar:2.6.0 || ./work/nar/extensions/nifi-standard-nar-2.6.0.nar-unpacked
	org.apache.nifi.processors.gcp.storage.FetchGCSObject
		org.apache.nifi:nifi-gcp-nar:2.6.0 || ./work/nar/extensions/nifi-gcp-nar-2.6.0.nar-unpacked
	org.apache.nifi.processors.standard.ListenUDP
		org.apache.nifi:nifi-standard-nar:2.6.0 || ./work/nar/extensions/nifi-standard-nar-2.6.0.nar-unpacked
	org.apache.nifi.processors.box.ExtractStructuredBoxFileMetadata
		org.apache.nifi:nifi-box-nar:2.6.0 || ./work/nar/extensions/nifi-box-nar-2.6.0.nar-unpacked
	org.apache.nifi.processors.mongodb.PutMongoBulkOperations
		org.apache.nifi:nifi-mongodb-nar:2.6.0 || ./work/nar/extensions/nifi-mongodb-nar-2.6.0.nar-unpacked
	org.apache.nifi.processors.websocket.PutWebSocket
		org.apache.nifi:nifi-websocket-processors-nar:2.6.0 || ./work/nar/extensions/nifi-websocket-processors-nar-2.6.0.nar-unpacked
	org.apache.nifi.processors.elasticsearch.SearchElasticsearch
		org.apache.nifi:nifi-elasticsearch-restapi-nar:2.6.0 || ./work/nar/extensions/nifi-elasticsearch-restapi-nar-2.6.0.nar-unpacked
	org.apache.nifi.processors.geohash.GeohashRecord
		org.apache.nifi:nifi-geohash-nar:2.6.0 || ./work/nar/extensions/nifi-geohash-nar-2.6.0.nar-unpacked
	org.apache.nifi.processors.standard.RenameRecordField
		org.apache.nifi:nifi-standard-nar:2.6.0 || ./work/nar/extensions/nifi-standard-nar-2.6.0.nar-unpacked
	org.apache.nifi.processors.standard.PutSQL
		org.apache.nifi:nifi-standard-nar:2.6.0 || ./work/nar/extensions/nifi-standard-nar-2.6.0.nar-unpacked
	org.apache.nifi.processors.standard.DeleteFile
		org.apache.nifi:nifi-standard-nar:2.6.0 || ./work/nar/extensions/nifi-standard-nar-2.6.0.nar-unpacked
	org.apache.nifi.processors.azure.storage.ListAzureBlobStorage_v12
		org.apache.nifi:nifi-azure-nar:2.6.0 || ./work/nar/extensions/nifi-azure-nar-2.6.0.nar-unpacked
	org.apache.nifi.processors.standard.ListenHTTP
		org.apache.nifi:nifi-standard-nar:2.6.0 || ./work/nar/extensions/nifi-standard-nar-2.6.0.nar-unpacked
	org.apache.nifi.processors.standard.GenerateFlowFile
		org.apache.nifi:nifi-standard-nar:2.6.0 || ./work/nar/extensions/nifi-standard-nar-2.6.0.nar-unpacked
	org.apache.nifi.processors.standard.EvaluateJsonPath
		org.apache.nifi:nifi-standard-nar:2.6.0 || ./work/nar/extensions/nifi-standard-nar-2.6.0.nar-unpacked
	org.apache.nifi.processors.standard.ExecuteSQL
		org.apache.nifi:nifi-standard-nar:2.6.0 || ./work/nar/extensions/nifi-standard-nar-2.6.0.nar-unpacked
	org.apache.nifi.processors.standard.ControlRate
		org.apache.nifi:nifi-standard-nar:2.6.0 || ./work/nar/extensions/nifi-standard-nar-2.6.0.nar-unpacked
	org.apache.nifi.processors.gcp.storage.DeleteGCSObject
		org.apache.nifi:nifi-gcp-nar:2.6.0 || ./work/nar/extensions/nifi-gcp-nar-2.6.0.nar-unpacked
	org.apache.nifi.processors.aws.s3.GetS3ObjectTags
		org.apache.nifi:nifi-aws-nar:2.6.0 || ./work/nar/extensions/nifi-aws-nar-2.6.0.nar-unpacked
	org.apache.nifi.processors.standard.PutFile
		org.apache.nifi:nifi-standard-nar:2.6.0 || ./work/nar/extensions/nifi-standard-nar-2.6.0.nar-unpacked
	org.apache.nifi.processors.standard.PutRecord
		org.apache.nifi:nifi-standard-nar:2.6.0 || ./work/nar/extensions/nifi-standard-nar-2.6.0.nar-unpacked
	org.apache.nifi.processors.standard.ConvertCharacterSet
		org.apache.nifi:nifi-standard-nar:2.6.0 || ./work/nar/extensions/nifi-standard-nar-2.6.0.nar-unpacked
	org.apache.nifi.processors.ISPEnrichIP
		org.apache.nifi:nifi-enrich-nar:2.6.0 || ./work/nar/extensions/nifi-enrich-nar-2.6.0.nar-unpacked
	org.apache.nifi.processors.standard.UnpackContent
		org.apache.nifi:nifi-standard-nar:2.6.0 || ./work/nar/extensions/nifi-standard-nar-2.6.0.nar-unpacked
	org.apache.nifi.processors.aws.sqs.GetSQS
		org.apache.nifi:nifi-aws-nar:2.6.0 || ./work/nar/extensions/nifi-aws-nar-2.6.0.nar-unpacked
	org.apache.nifi.processors.mongodb.GetMongo
		org.apache.nifi:nifi-mongodb-nar:2.6.0 || ./work/nar/extensions/nifi-mongodb-nar-2.6.0.nar-unpacked
	org.apache.nifi.processors.elasticsearch.PaginatedJsonQueryElasticsearch
		org.apache.nifi:nifi-elasticsearch-restapi-nar:2.6.0 || ./work/nar/extensions/nifi-elasticsearch-restapi-nar-2.6.0.nar-unpacked
	org.apache.nifi.processors.hl7.ExtractHL7Attributes
		org.apache.nifi:nifi-hl7-nar:2.6.0 || ./work/nar/extensions/nifi-hl7-nar-2.6.0.nar-unpacked
	org.apache.nifi.processors.evtx.ParseEvtx
		org.apache.nifi:nifi-evtx-nar:2.6.0 || ./work/nar/extensions/nifi-evtx-nar-2.6.0.nar-unpacked
	org.apache.nifi.processors.splunk.GetSplunk
		org.apache.nifi:nifi-splunk-nar:2.6.0 || ./work/nar/extensions/nifi-splunk-nar-2.6.0.nar-unpacked
	org.apache.nifi.redis.processor.PutRedisHashRecord
		org.apache.nifi:nifi-redis-nar:2.6.0 || ./work/nar/extensions/nifi-redis-nar-2.6.0.nar-unpacked
	org.apache.nifi.processors.azure.storage.DeleteAzureDataLakeStorage
		org.apache.nifi:nifi-azure-nar:2.6.0 || ./work/nar/extensions/nifi-azure-nar-2.6.0.nar-unpacked
	org.apache.nifi.processors.compress.ModifyCompression
		org.apache.nifi:nifi-compress-nar:2.6.0 || ./work/nar/extensions/nifi-compress-nar-2.6.0.nar-unpacked
	org.apache.nifi.processors.elasticsearch.UpdateByQueryElasticsearch
		org.apache.nifi:nifi-elasticsearch-restapi-nar:2.6.0 || ./work/nar/extensions/nifi-elasticsearch-restapi-nar-2.6.0.nar-unpacked
	org.apache.nifi.processors.standard.PackageFlowFile
		org.apache.nifi:nifi-standard-nar:2.6.0 || ./work/nar/extensions/nifi-standard-nar-2.6.0.nar-unpacked
	org.apache.nifi.processors.standard.Notify
		org.apache.nifi:nifi-standard-nar:2.6.0 || ./work/nar/extensions/nifi-standard-nar-2.6.0.nar-unpacked
	org.apache.nifi.processors.standard.ExecuteSQLRecord
		org.apache.nifi:nifi-standard-nar:2.6.0 || ./work/nar/extensions/nifi-standard-nar-2.6.0.nar-unpacked
	org.apache.nifi.processors.elasticsearch.ConsumeElasticsearch
		org.apache.nifi:nifi-elasticsearch-restapi-nar:2.6.0 || ./work/nar/extensions/nifi-elasticsearch-restapi-nar-2.6.0.nar-unpacked
	org.apache.nifi.processors.mongodb.gridfs.DeleteGridFS
		org.apache.nifi:nifi-mongodb-nar:2.6.0 || ./work/nar/extensions/nifi-mongodb-nar-2.6.0.nar-unpacked
	org.apache.nifi.processors.standard.ParseSyslog5424
		org.apache.nifi:nifi-standard-nar:2.6.0 || ./work/nar/extensions/nifi-standard-nar-2.6.0.nar-unpacked
	org.apache.nifi.processors.script.ScriptedFilterRecord
		org.apache.nifi:nifi-scripting-nar:2.6.0 || ./work/nar/extensions/nifi-scripting-nar-2.6.0.nar-unpacked
	org.apache.nifi.processors.standard.SegmentContent
		org.apache.nifi:nifi-standard-nar:2.6.0 || ./work/nar/extensions/nifi-standard-nar-2.6.0.nar-unpacked
	org.apache.nifi.processors.email.ExtractEmailAttachments
		org.apache.nifi:nifi-email-nar:2.6.0 || ./work/nar/extensions/nifi-email-nar-2.6.0.nar-unpacked
	org.apache.nifi.processors.standard.DistributeLoad
		org.apache.nifi:nifi-standard-nar:2.6.0 || ./work/nar/extensions/nifi-standard-nar-2.6.0.nar-unpacked
	org.apache.nifi.processors.box.ListBoxFileInfo
		org.apache.nifi:nifi-box-nar:2.6.0 || ./work/nar/extensions/nifi-box-nar-2.6.0.nar-unpacked
	org.apache.nifi.processors.aws.kinesis.stream.ConsumeKinesisStream
		org.apache.nifi:nifi-aws-nar:2.6.0 || ./work/nar/extensions/nifi-aws-nar-2.6.0.nar-unpacked
	org.apache.nifi.processors.aws.kinesis.stream.PutKinesisStream
		org.apache.nifi:nifi-aws-nar:2.6.0 || ./work/nar/extensions/nifi-aws-nar-2.6.0.nar-unpacked
	org.apache.nifi.processors.groovyx.ExecuteGroovyScript
		org.apache.nifi:nifi-groovyx-nar:2.6.0 || ./work/nar/extensions/nifi-groovyx-nar-2.6.0.nar-unpacked
	org.apache.nifi.processors.standard.RemoveRecordField
		org.apache.nifi:nifi-standard-nar:2.6.0 || ./work/nar/extensions/nifi-standard-nar-2.6.0.nar-unpacked
	org.apache.nifi.processors.aws.s3.FetchS3Object
		org.apache.nifi:nifi-aws-nar:2.6.0 || ./work/nar/extensions/nifi-aws-nar-2.6.0.nar-unpacked
	org.apache.nifi.processors.azure.storage.MoveAzureDataLakeStorage
		org.apache.nifi:nifi-azure-nar:2.6.0 || ./work/nar/extensions/nifi-azure-nar-2.6.0.nar-unpacked
	org.apache.nifi.processors.standard.FetchFile
		org.apache.nifi:nifi-standard-nar:2.6.0 || ./work/nar/extensions/nifi-standard-nar-2.6.0.nar-unpacked
	org.apache.nifi.processors.azure.data.explorer.QueryAzureDataExplorer
		org.apache.nifi:nifi-azure-nar:2.6.0 || ./work/nar/extensions/nifi-azure-nar-2.6.0.nar-unpacked
	org.apache.nifi.processors.jolt.JoltTransformRecord
		org.apache.nifi:nifi-jolt-nar:2.6.0 || ./work/nar/extensions/nifi-jolt-nar-2.6.0.nar-unpacked
	org.apache.nifi.processors.standard.PartitionRecord
		org.apache.nifi:nifi-standard-nar:2.6.0 || ./work/nar/extensions/nifi-standard-nar-2.6.0.nar-unpacked
	org.apache.nifi.processors.aws.ml.polly.GetAwsPollyJobStatus
		org.apache.nifi:nifi-aws-nar:2.6.0 || ./work/nar/extensions/nifi-aws-nar-2.6.0.nar-unpacked
	org.apache.nifi.processors.standard.PutSFTP
		org.apache.nifi:nifi-standard-nar:2.6.0 || ./work/nar/extensions/nifi-standard-nar-2.6.0.nar-unpacked
	org.apache.nifi.processors.script.ExecuteScript
		org.apache.nifi:nifi-scripting-nar:2.6.0 || ./work/nar/extensions/nifi-scripting-nar-2.6.0.nar-unpacked
	org.apache.nifi.processors.aws.ml.translate.GetAwsTranslateJobStatus
		org.apache.nifi:nifi-aws-nar:2.6.0 || ./work/nar/extensions/nifi-aws-nar-2.6.0.nar-unpacked
	org.apache.nifi.processors.standard.GetFTP
		org.apache.nifi:nifi-standard-nar:2.6.0 || ./work/nar/extensions/nifi-standard-nar-2.6.0.nar-unpacked
	org.apache.nifi.processors.mqtt.ConsumeMQTT
		org.apache.nifi:nifi-mqtt-nar:2.6.0 || ./work/nar/extensions/nifi-mqtt-nar-2.6.0.nar-unpacked
	org.apache.nifi.processors.standard.ListFTP
		org.apache.nifi:nifi-standard-nar:2.6.0 || ./work/nar/extensions/nifi-standard-nar-2.6.0.nar-unpacked
	org.apache.nifi.processors.box.GetBoxFileCollaborators
		org.apache.nifi:nifi-box-nar:2.6.0 || ./work/nar/extensions/nifi-box-nar-2.6.0.nar-unpacked
	org.apache.nifi.processors.aws.s3.CopyS3Object
		org.apache.nifi:nifi-aws-nar:2.6.0 || ./work/nar/extensions/nifi-aws-nar-2.6.0.nar-unpacked
	org.apache.nifi.processors.box.GetBoxGroupMembers
		org.apache.nifi:nifi-box-nar:2.6.0 || ./work/nar/extensions/nifi-box-nar-2.6.0.nar-unpacked
	org.apache.nifi.processors.standard.Wait
		org.apache.nifi:nifi-standard-nar:2.6.0 || ./work/nar/extensions/nifi-standard-nar-2.6.0.nar-unpacked
	org.apache.nifi.processors.standard.QueryDatabaseTable
		org.apache.nifi:nifi-standard-nar:2.6.0 || ./work/nar/extensions/nifi-standard-nar-2.6.0.nar-unpacked
	org.apache.nifi.processors.gcp.vision.StartGcpVisionAnnotateImagesOperation
		org.apache.nifi:nifi-gcp-nar:2.6.0 || ./work/nar/extensions/nifi-gcp-nar-2.6.0.nar-unpacked
	org.apache.nifi.processors.aws.dynamodb.PutDynamoDB
		org.apache.nifi:nifi-aws-nar:2.6.0 || ./work/nar/extensions/nifi-aws-nar-2.6.0.nar-unpacked
	org.apache.nifi.processors.box.ConsumeBoxEvents
		org.apache.nifi:nifi-box-nar:2.6.0 || ./work/nar/extensions/nifi-box-nar-2.6.0.nar-unpacked
	org.apache.nifi.processors.azure.eventhub.PutAzureEventHub
		org.apache.nifi:nifi-azure-nar:2.6.0 || ./work/nar/extensions/nifi-azure-nar-2.6.0.nar-unpacked
	org.apache.nifi.processors.standard.GenerateRecord
		org.apache.nifi:nifi-standard-nar:2.6.0 || ./work/nar/extensions/nifi-standard-nar-2.6.0.nar-unpacked
	org.apache.nifi.processors.pgp.DecryptContentPGP
		org.apache.nifi:nifi-pgp-nar:2.6.0 || ./work/nar/extensions/nifi-pgp-nar-2.6.0.nar-unpacked
	org.apache.nifi.snmp.processors.ListenTrapSNMP
		org.apache.nifi:nifi-snmp-nar:2.6.0 || ./work/nar/extensions/nifi-snmp-nar-2.6.0.nar-unpacked
	org.apache.nifi.processors.aws.s3.DeleteS3Object
		org.apache.nifi:nifi-aws-nar:2.6.0 || ./work/nar/extensions/nifi-aws-nar-2.6.0.nar-unpacked
	org.apache.nifi.processors.standard.PutEmail
		org.apache.nifi:nifi-standard-nar:2.6.0 || ./work/nar/extensions/nifi-standard-nar-2.6.0.nar-unpacked
	org.apache.nifi.processors.standard.MergeRecord
		org.apache.nifi:nifi-standard-nar:2.6.0 || ./work/nar/extensions/nifi-standard-nar-2.6.0.nar-unpacked
	org.apache.nifi.processors.box.ListBoxFileMetadataTemplates
		org.apache.nifi:nifi-box-nar:2.6.0 || ./work/nar/extensions/nifi-box-nar-2.6.0.nar-unpacked
	org.apache.nifi.processors.box.FetchBoxFileMetadataInstance
		org.apache.nifi:nifi-box-nar:2.6.0 || ./work/nar/extensions/nifi-box-nar-2.6.0.nar-unpacked
	org.apache.nifi.processors.email.ConsumePOP3
		org.apache.nifi:nifi-email-nar:2.6.0 || ./work/nar/extensions/nifi-email-nar-2.6.0.nar-unpacked
	org.apache.nifi.processors.avro.ExtractAvroMetadata
		org.apache.nifi:nifi-avro-nar:2.6.0 || ./work/nar/extensions/nifi-avro-nar-2.6.0.nar-unpacked
	org.apache.nifi.amqp.processors.ConsumeAMQP
		org.apache.nifi:nifi-amqp-nar:2.6.0 || ./work/nar/extensions/nifi-amqp-nar-2.6.0.nar-unpacked
	org.apache.nifi.processors.aws.s3.ListS3
		org.apache.nifi:nifi-aws-nar:2.6.0 || ./work/nar/extensions/nifi-aws-nar-2.6.0.nar-unpacked
	org.apache.nifi.processors.jolt.JoltTransformJSON
		org.apache.nifi:nifi-jolt-nar:2.6.0 || ./work/nar/extensions/nifi-jolt-nar-2.6.0.nar-unpacked
	org.apache.nifi.processors.gcp.storage.ListGCSBucket
		org.apache.nifi:nifi-gcp-nar:2.6.0 || ./work/nar/extensions/nifi-gcp-nar-2.6.0.nar-unpacked
	org.apache.nifi.processors.standard.PutUDP
		org.apache.nifi:nifi-standard-nar:2.6.0 || ./work/nar/extensions/nifi-standard-nar-2.6.0.nar-unpacked
	org.apache.nifi.processors.windows.event.log.ConsumeWindowsEventLog
		org.apache.nifi:nifi-windows-event-log-nar:2.6.0 || ./work/nar/extensions/nifi-windows-event-log-nar-2.6.0.nar-unpacked
	org.apache.nifi.processors.gcp.vision.GetGcpVisionAnnotateFilesOperationStatus
		org.apache.nifi:nifi-gcp-nar:2.6.0 || ./work/nar/extensions/nifi-gcp-nar-2.6.0.nar-unpacked
	org.apache.nifi.processors.aws.ml.textract.StartAwsTextractJob
		org.apache.nifi:nifi-aws-nar:2.6.0 || ./work/nar/extensions/nifi-aws-nar-2.6.0.nar-unpacked
	org.apache.nifi.processors.aws.ml.transcribe.StartAwsTranscribeJob
		org.apache.nifi:nifi-aws-nar:2.6.0 || ./work/nar/extensions/nifi-aws-nar-2.6.0.nar-unpacked
	org.apache.nifi.processors.standard.DebugFlow
		org.apache.nifi:nifi-standard-nar:2.6.0 || ./work/nar/extensions/nifi-standard-nar-2.6.0.nar-unpacked
	org.apache.nifi.processors.aws.dynamodb.DeleteDynamoDB
		org.apache.nifi:nifi-aws-nar:2.6.0 || ./work/nar/extensions/nifi-aws-nar-2.6.0.nar-unpacked
	org.apache.nifi.processors.standard.ExecuteStreamCommand
		org.apache.nifi:nifi-standard-nar:2.6.0 || ./work/nar/extensions/nifi-standard-nar-2.6.0.nar-unpacked
	org.apache.nifi.processors.aws.ml.polly.StartAwsPollyJob
		org.apache.nifi:nifi-aws-nar:2.6.0 || ./work/nar/extensions/nifi-aws-nar-2.6.0.nar-unpacked
	org.apache.nifi.processors.azure.storage.FetchAzureBlobStorage_v12
		org.apache.nifi:nifi-azure-nar:2.6.0 || ./work/nar/extensions/nifi-azure-nar-2.6.0.nar-unpacked
	org.apache.nifi.processors.box.DeleteBoxFileMetadataInstance
		org.apache.nifi:nifi-box-nar:2.6.0 || ./work/nar/extensions/nifi-box-nar-2.6.0.nar-unpacked
	org.apache.nifi.processors.gcp.drive.ListGoogleDrive
		org.apache.nifi:nifi-gcp-nar:2.6.0 || ./work/nar/extensions/nifi-gcp-nar-2.6.0.nar-unpacked
	org.apache.nifi.processors.script.InvokeScriptedProcessor
		org.apache.nifi:nifi-scripting-nar:2.6.0 || ./work/nar/extensions/nifi-scripting-nar-2.6.0.nar-unpacked
	org.apache.nifi.processors.azure.storage.ListAzureDataLakeStorage
		org.apache.nifi:nifi-azure-nar:2.6.0 || ./work/nar/extensions/nifi-azure-nar-2.6.0.nar-unpacked
	org.apache.nifi.processors.smb.ListSmb
		org.apache.nifi:nifi-smb-nar:2.6.0 || ./work/nar/extensions/nifi-smb-nar-2.6.0.nar-unpacked
	org.apache.nifi.processors.standard.FlattenJson
		org.apache.nifi:nifi-standard-nar:2.6.0 || ./work/nar/extensions/nifi-standard-nar-2.6.0.nar-unpacked
	org.apache.nifi.processors.mqtt.PublishMQTT
		org.apache.nifi:nifi-mqtt-nar:2.6.0 || ./work/nar/extensions/nifi-mqtt-nar-2.6.0.nar-unpacked
	org.apache.nifi.processors.standard.DeduplicateRecord
		org.apache.nifi:nifi-standard-nar:2.6.0 || ./work/nar/extensions/nifi-standard-nar-2.6.0.nar-unpacked
	org.apache.nifi.processors.gcp.pubsub.ConsumeGCPubSub
		org.apache.nifi:nifi-gcp-nar:2.6.0 || ./work/nar/extensions/nifi-gcp-nar-2.6.0.nar-unpacked
	org.apache.nifi.processors.standard.MergeContent
		org.apache.nifi:nifi-standard-nar:2.6.0 || ./work/nar/extensions/nifi-standard-nar-2.6.0.nar-unpacked
	org.apache.nifi.processors.mongodb.PutMongo
		org.apache.nifi:nifi-mongodb-nar:2.6.0 || ./work/nar/extensions/nifi-mongodb-nar-2.6.0.nar-unpacked
	org.apache.nifi.processors.standard.ForkRecord
		org.apache.nifi:nifi-standard-nar:2.6.0 || ./work/nar/extensions/nifi-standard-nar-2.6.0.nar-unpacked
	org.apache.nifi.processors.smb.FetchSmb
		org.apache.nifi:nifi-smb-nar:2.6.0 || ./work/nar/extensions/nifi-smb-nar-2.6.0.nar-unpacked
	org.apache.nifi.processors.standard.ListenTCP
		org.apache.nifi:nifi-standard-nar:2.6.0 || ./work/nar/extensions/nifi-standard-nar-2.6.0.nar-unpacked
	org.apache.nifi.processors.aws.sqs.PutSQS
		org.apache.nifi:nifi-aws-nar:2.6.0 || ./work/nar/extensions/nifi-aws-nar-2.6.0.nar-unpacked
	org.apache.nifi.processors.standard.ReplaceTextWithMapping
		org.apache.nifi:nifi-standard-nar:2.6.0 || ./work/nar/extensions/nifi-standard-nar-2.6.0.nar-unpacked
	org.apache.nifi.processors.splunk.PutSplunk
		org.apache.nifi:nifi-splunk-nar:2.6.0 || ./work/nar/extensions/nifi-splunk-nar-2.6.0.nar-unpacked
	org.apache.nifi.processors.splunk.PutSplunkHTTP
		org.apache.nifi:nifi-splunk-nar:2.6.0 || ./work/nar/extensions/nifi-splunk-nar-2.6.0.nar-unpacked
	org.apache.nifi.processors.gcp.vision.StartGcpVisionAnnotateFilesOperation
		org.apache.nifi:nifi-gcp-nar:2.6.0 || ./work/nar/extensions/nifi-gcp-nar-2.6.0.nar-unpacked
	org.apache.nifi.processors.slack.PublishSlack
		org.apache.nifi:nifi-slack-nar:2.6.0 || ./work/nar/extensions/nifi-slack-nar-2.6.0.nar-unpacked
	org.apache.nifi.processors.aws.dynamodb.PutDynamoDBRecord
		org.apache.nifi:nifi-aws-nar:2.6.0 || ./work/nar/extensions/nifi-aws-nar-2.6.0.nar-unpacked
	org.apache.nifi.processors.gcp.pubsub.PublishGCPubSub
		org.apache.nifi:nifi-gcp-nar:2.6.0 || ./work/nar/extensions/nifi-gcp-nar-2.6.0.nar-unpacked
	org.apache.nifi.processors.standard.DetectDuplicate
		org.apache.nifi:nifi-standard-nar:2.6.0 || ./work/nar/extensions/nifi-standard-nar-2.6.0.nar-unpacked
	org.apache.nifi.processors.box.FetchBoxFileRepresentation
		org.apache.nifi:nifi-box-nar:2.6.0 || ./work/nar/extensions/nifi-box-nar-2.6.0.nar-unpacked
	org.apache.nifi.processors.standard.CompressContent
		org.apache.nifi:nifi-standard-nar:2.6.0 || ./work/nar/extensions/nifi-standard-nar-2.6.0.nar-unpacked
	org.apache.nifi.processors.excel.SplitExcel
		org.apache.nifi:nifi-poi-nar:2.6.0 || ./work/nar/extensions/nifi-poi-nar-2.6.0.nar-unpacked
	org.apache.nifi.processors.standard.DuplicateFlowFile
		org.apache.nifi:nifi-standard-nar:2.6.0 || ./work/nar/extensions/nifi-standard-nar-2.6.0.nar-unpacked
	org.apache.nifi.processors.asana.GetAsanaObject
		org.apache.nifi:nifi-asana-processors-nar:2.6.0 || ./work/nar/extensions/nifi-asana-processors-nar-2.6.0.nar-unpacked
	org.apache.nifi.processors.standard.ValidateRecord
		org.apache.nifi:nifi-standard-nar:2.6.0 || ./work/nar/extensions/nifi-standard-nar-2.6.0.nar-unpacked
	org.apache.nifi.processors.standard.ValidateJson
		org.apache.nifi:nifi-standard-nar:2.6.0 || ./work/nar/extensions/nifi-standard-nar-2.6.0.nar-unpacked
	org.apache.nifi.processors.elasticsearch.JsonQueryElasticsearch
		org.apache.nifi:nifi-elasticsearch-restapi-nar:2.6.0 || ./work/nar/extensions/nifi-elasticsearch-restapi-nar-2.6.0.nar-unpacked
	org.apache.nifi.processors.azure.storage.PutAzureBlobStorage_v12
		org.apache.nifi:nifi-azure-nar:2.6.0 || ./work/nar/extensions/nifi-azure-nar-2.6.0.nar-unpacked
	org.apache.nifi.processors.azure.eventhub.ConsumeAzureEventHub
		org.apache.nifi:nifi-azure-nar:2.6.0 || ./work/nar/extensions/nifi-azure-nar-2.6.0.nar-unpacked
	org.apache.nifi.processors.standard.PutSyslog
		org.apache.nifi:nifi-standard-nar:2.6.0 || ./work/nar/extensions/nifi-standard-nar-2.6.0.nar-unpacked
	org.apache.nifi.processors.pgp.SignContentPGP
		org.apache.nifi:nifi-pgp-nar:2.6.0 || ./work/nar/extensions/nifi-pgp-nar-2.6.0.nar-unpacked
	org.apache.nifi.processors.script.ScriptedValidateRecord
		org.apache.nifi:nifi-scripting-nar:2.6.0 || ./work/nar/extensions/nifi-scripting-nar-2.6.0.nar-unpacked
	org.apache.nifi.processors.standard.ListenUDPRecord
		org.apache.nifi:nifi-standard-nar:2.6.0 || ./work/nar/extensions/nifi-standard-nar-2.6.0.nar-unpacked
	org.apache.nifi.processors.standard.SplitText
		org.apache.nifi:nifi-standard-nar:2.6.0 || ./work/nar/extensions/nifi-standard-nar-2.6.0.nar-unpacked
	org.apache.nifi.jms.processors.ConsumeJMS
		org.apache.nifi:nifi-jms-processors-nar:2.6.0 || ./work/nar/extensions/nifi-jms-processors-nar-2.6.0.nar-unpacked
	org.apache.nifi.processors.mongodb.gridfs.FetchGridFS
		org.apache.nifi:nifi-mongodb-nar:2.6.0 || ./work/nar/extensions/nifi-mongodb-nar-2.6.0.nar-unpacked
	org.apache.nifi.processors.standard.GetSFTP
		org.apache.nifi:nifi-standard-nar:2.6.0 || ./work/nar/extensions/nifi-standard-nar-2.6.0.nar-unpacked
	org.apache.nifi.processors.GeoEnrichIPRecord
		org.apache.nifi:nifi-enrich-nar:2.6.0 || ./work/nar/extensions/nifi-enrich-nar-2.6.0.nar-unpacked
	org.apache.nifi.processors.script.ScriptedPartitionRecord
		org.apache.nifi:nifi-scripting-nar:2.6.0 || ./work/nar/extensions/nifi-scripting-nar-2.6.0.nar-unpacked
	org.apache.nifi.kafka.processors.PublishKafka
		org.apache.nifi:nifi-kafka-nar:2.6.0 || ./work/nar/extensions/nifi-kafka-nar-2.6.0.nar-unpacked
	org.apache.nifi.jms.processors.PublishJMS
		org.apache.nifi:nifi-jms-processors-nar:2.6.0 || ./work/nar/extensions/nifi-jms-processors-nar-2.6.0.nar-unpacked
	org.apache.nifi.processors.slack.ListenSlack
		org.apache.nifi:nifi-slack-nar:2.6.0 || ./work/nar/extensions/nifi-slack-nar-2.6.0.nar-unpacked
	org.apache.nifi.processors.network.ParseNetflowv5
		org.apache.nifi:nifi-network-processors-nar:2.6.0 || ./work/nar/extensions/nifi-network-processors-nar-2.6.0.nar-unpacked
	org.apache.nifi.processors.standard.GetFileResource
		org.apache.nifi:nifi-standard-nar:2.6.0 || ./work/nar/extensions/nifi-standard-nar-2.6.0.nar-unpacked
	org.apache.nifi.processors.standard.IdentifyMimeType
		org.apache.nifi:nifi-standard-nar:2.6.0 || ./work/nar/extensions/nifi-standard-nar-2.6.0.nar-unpacked
	org.apache.nifi.cdc.mysql.processors.CaptureChangeMySQL
		org.apache.nifi:nifi-cdc-mysql-nar:2.6.0 || ./work/nar/extensions/nifi-cdc-mysql-nar-2.6.0.nar-unpacked
	org.apache.nifi.processors.elasticsearch.DeleteByQueryElasticsearch
		org.apache.nifi:nifi-elasticsearch-restapi-nar:2.6.0 || ./work/nar/extensions/nifi-elasticsearch-restapi-nar-2.6.0.nar-unpacked
	org.apache.nifi.processors.standard.QueryRecord
		org.apache.nifi:nifi-standard-nar:2.6.0 || ./work/nar/extensions/nifi-standard-nar-2.6.0.nar-unpacked
	org.apache.nifi.processors.standard.LookupAttribute
		org.apache.nifi:nifi-standard-nar:2.6.0 || ./work/nar/extensions/nifi-standard-nar-2.6.0.nar-unpacked
	org.apache.nifi.processors.standard.FilterAttribute
		org.apache.nifi:nifi-standard-nar:2.6.0 || ./work/nar/extensions/nifi-standard-nar-2.6.0.nar-unpacked
	org.apache.nifi.processors.standard.EnforceOrder
		org.apache.nifi:nifi-standard-nar:2.6.0 || ./work/nar/extensions/nifi-standard-nar-2.6.0.nar-unpacked
	org.apache.nifi.processors.smb.PutSmbFile
		org.apache.nifi:nifi-smb-nar:2.6.0 || ./work/nar/extensions/nifi-smb-nar-2.6.0.nar-unpacked
	org.apache.nifi.processors.gcp.drive.FetchGoogleDrive
		org.apache.nifi:nifi-gcp-nar:2.6.0 || ./work/nar/extensions/nifi-gcp-nar-2.6.0.nar-unpacked
	org.apache.nifi.processors.standard.LogMessage
		org.apache.nifi:nifi-standard-nar:2.6.0 || ./work/nar/extensions/nifi-standard-nar-2.6.0.nar-unpacked
	org.apache.nifi.processors.standard.JoinEnrichment
		org.apache.nifi:nifi-standard-nar:2.6.0 || ./work/nar/extensions/nifi-standard-nar-2.6.0.nar-unpacked
	org.apache.nifi.processors.workday.GetWorkdayReport
		org.apache.nifi:nifi-workday-processors-nar:2.6.0 || ./work/nar/extensions/nifi-workday-processors-nar-2.6.0.nar-unpacked
	org.apache.nifi.processors.standard.SplitXml
		org.apache.nifi:nifi-standard-nar:2.6.0 || ./work/nar/extensions/nifi-standard-nar-2.6.0.nar-unpacked
	org.apache.nifi.processors.standard.EvaluateXPath
		org.apache.nifi:nifi-standard-nar:2.6.0 || ./work/nar/extensions/nifi-standard-nar-2.6.0.nar-unpacked
	org.apache.nifi.processors.cipher.VerifyContentMAC
		org.apache.nifi:nifi-cipher-nar:2.6.0 || ./work/nar/extensions/nifi-cipher-nar-2.6.0.nar-unpacked
	org.apache.nifi.processors.mongodb.gridfs.PutGridFS
		org.apache.nifi:nifi-mongodb-nar:2.6.0 || ./work/nar/extensions/nifi-mongodb-nar-2.6.0.nar-unpacked
	org.apache.nifi.processors.standard.FetchFTP
		org.apache.nifi:nifi-standard-nar:2.6.0 || ./work/nar/extensions/nifi-standard-nar-2.6.0.nar-unpacked
	org.apache.nifi.processors.standard.UpdateCounter
		org.apache.nifi:nifi-standard-nar:2.6.0 || ./work/nar/extensions/nifi-standard-nar-2.6.0.nar-unpacked
	org.apache.nifi.processors.splunk.QuerySplunkIndexingStatus
		org.apache.nifi:nifi-splunk-nar:2.6.0 || ./work/nar/extensions/nifi-splunk-nar-2.6.0.nar-unpacked
	org.apache.nifi.processors.elasticsearch.PutElasticsearchJson
		org.apache.nifi:nifi-elasticsearch-restapi-nar:2.6.0 || ./work/nar/extensions/nifi-elasticsearch-restapi-nar-2.6.0.nar-unpacked
	org.apache.nifi.processors.box.ListBoxFileMetadataInstances
		org.apache.nifi:nifi-box-nar:2.6.0 || ./work/nar/extensions/nifi-box-nar-2.6.0.nar-unpacked
	org.apache.nifi.processors.box.CreateBoxMetadataTemplate
		org.apache.nifi:nifi-box-nar:2.6.0 || ./work/nar/extensions/nifi-box-nar-2.6.0.nar-unpacked
	org.apache.nifi.processors.azure.storage.FetchAzureDataLakeStorage
		org.apache.nifi:nifi-azure-nar:2.6.0 || ./work/nar/extensions/nifi-azure-nar-2.6.0.nar-unpacked
	org.apache.nifi.processors.standard.ExtractText
		org.apache.nifi:nifi-standard-nar:2.6.0 || ./work/nar/extensions/nifi-standard-nar-2.6.0.nar-unpacked
	org.apache.nifi.processors.email.ConsumeIMAP
		org.apache.nifi:nifi-email-nar:2.6.0 || ./work/nar/extensions/nifi-email-nar-2.6.0.nar-unpacked
	org.apache.nifi.processors.standard.GetFile
		org.apache.nifi:nifi-standard-nar:2.6.0 || ./work/nar/extensions/nifi-standard-nar-2.6.0.nar-unpacked
	org.apache.nifi.processors.attributes.UpdateAttribute
		org.apache.nifi:nifi-update-attribute-nar:2.6.0 || ./work/nar/extensions/nifi-update-attribute-nar-2.6.0.nar-unpacked
	org.apache.nifi.processors.standard.AttributesToJSON
		org.apache.nifi:nifi-standard-nar:2.6.0 || ./work/nar/extensions/nifi-standard-nar-2.6.0.nar-unpacked
	org.apache.nifi.processors.standard.SplitContent
		org.apache.nifi:nifi-standard-nar:2.6.0 || ./work/nar/extensions/nifi-standard-nar-2.6.0.nar-unpacked
	org.apache.nifi.processors.box.FetchBoxFile
		org.apache.nifi:nifi-box-nar:2.6.0 || ./work/nar/extensions/nifi-box-nar-2.6.0.nar-unpacked
	org.apache.nifi.processors.box.CreateBoxFileMetadataInstance
		org.apache.nifi:nifi-box-nar:2.6.0 || ./work/nar/extensions/nifi-box-nar-2.6.0.nar-unpacked
	org.apache.nifi.processors.mongodb.DeleteMongo
		org.apache.nifi:nifi-mongodb-nar:2.6.0 || ./work/nar/extensions/nifi-mongodb-nar-2.6.0.nar-unpacked
	org.apache.nifi.processors.standard.TransformXml
		org.apache.nifi:nifi-standard-nar:2.6.0 || ./work/nar/extensions/nifi-standard-nar-2.6.0.nar-unpacked
	org.apache.nifi.processors.standard.QueryDatabaseTableRecord
		org.apache.nifi:nifi-standard-nar:2.6.0 || ./work/nar/extensions/nifi-standard-nar-2.6.0.nar-unpacked
	org.apache.nifi.processors.azure.eventhub.GetAzureEventHub
		org.apache.nifi:nifi-azure-nar:2.6.0 || ./work/nar/extensions/nifi-azure-nar-2.6.0.nar-unpacked
	org.apache.nifi.processors.mongodb.PutMongoRecord
		org.apache.nifi:nifi-mongodb-nar:2.6.0 || ./work/nar/extensions/nifi-mongodb-nar-2.6.0.nar-unpacked
	org.apache.nifi.processors.standard.FetchDistributedMapCache
		org.apache.nifi:nifi-standard-nar:2.6.0 || ./work/nar/extensions/nifi-standard-nar-2.6.0.nar-unpacked
	org.apache.nifi.processors.aws.dynamodb.GetDynamoDB
		org.apache.nifi:nifi-aws-nar:2.6.0 || ./work/nar/extensions/nifi-aws-nar-2.6.0.nar-unpacked
	org.apache.nifi.processors.twitter.ConsumeTwitter
		org.apache.nifi:nifi-social-media-nar:2.6.0 || ./work/nar/extensions/nifi-social-media-nar-2.6.0.nar-unpacked
	org.apache.nifi.processors.smb.GetSmbFile
		org.apache.nifi:nifi-smb-nar:2.6.0 || ./work/nar/extensions/nifi-smb-nar-2.6.0.nar-unpacked
	org.apache.nifi.processors.box.UpdateBoxFileMetadataInstance
		org.apache.nifi:nifi-box-nar:2.6.0 || ./work/nar/extensions/nifi-box-nar-2.6.0.nar-unpacked
	org.apache.nifi.processors.zendesk.PutZendeskTicket
		org.apache.nifi:nifi-zendesk-nar:2.6.0 || ./work/nar/extensions/nifi-zendesk-nar-2.6.0.nar-unpacked
	org.apache.nifi.processors.standard.EncodeContent
		org.apache.nifi:nifi-standard-nar:2.6.0 || ./work/nar/extensions/nifi-standard-nar-2.6.0.nar-unpacked
	org.apache.nifi.processors.standard.ParseSyslog
		org.apache.nifi:nifi-standard-nar:2.6.0 || ./work/nar/extensions/nifi-standard-nar-2.6.0.nar-unpacked
	org.apache.nifi.processors.gcp.vision.GetGcpVisionAnnotateImagesOperationStatus
		org.apache.nifi:nifi-gcp-nar:2.6.0 || ./work/nar/extensions/nifi-gcp-nar-2.6.0.nar-unpacked
	org.apache.nifi.processors.aws.cloudwatch.PutCloudWatchMetric
		org.apache.nifi:nifi-aws-nar:2.6.0 || ./work/nar/extensions/nifi-aws-nar-2.6.0.nar-unpacked
	org.apache.nifi.processors.aws.kinesis.firehose.PutKinesisFirehose
		org.apache.nifi:nifi-aws-nar:2.6.0 || ./work/nar/extensions/nifi-aws-nar-2.6.0.nar-unpacked
	org.apache.nifi.processors.aws.ml.textract.GetAwsTextractJobStatus
		org.apache.nifi:nifi-aws-nar:2.6.0 || ./work/nar/extensions/nifi-aws-nar-2.6.0.nar-unpacked
	org.apache.nifi.processors.cipher.DecryptContentAge
		org.apache.nifi:nifi-cipher-nar:2.6.0 || ./work/nar/extensions/nifi-cipher-nar-2.6.0.nar-unpacked
	org.apache.nifi.processors.standard.SplitJson
		org.apache.nifi:nifi-standard-nar:2.6.0 || ./work/nar/extensions/nifi-standard-nar-2.6.0.nar-unpacked
	org.apache.nifi.kafka.processors.ConsumeKafka
		org.apache.nifi:nifi-kafka-nar:2.6.0 || ./work/nar/extensions/nifi-kafka-nar-2.6.0.nar-unpacked
	org.apache.nifi.processors.script.ScriptedTransformRecord
		org.apache.nifi:nifi-scripting-nar:2.6.0 || ./work/nar/extensions/nifi-scripting-nar-2.6.0.nar-unpacked
	org.apache.nifi.processors.cipher.EncryptContentAge
		org.apache.nifi:nifi-cipher-nar:2.6.0 || ./work/nar/extensions/nifi-cipher-nar-2.6.0.nar-unpacked
	org.apache.nifi.processors.aws.lambda.PutLambda
		org.apache.nifi:nifi-aws-nar:2.6.0 || ./work/nar/extensions/nifi-aws-nar-2.6.0.nar-unpacked
	org.apache.nifi.processors.standard.RouteOnContent
		org.apache.nifi:nifi-standard-nar:2.6.0 || ./work/nar/extensions/nifi-standard-nar-2.6.0.nar-unpacked
	org.apache.nifi.processors.websocket.ConnectWebSocket
		org.apache.nifi:nifi-websocket-processors-nar:2.6.0 || ./work/nar/extensions/nifi-websocket-processors-nar-2.6.0.nar-unpacked
	org.apache.nifi.processors.standard.UpdateDatabaseTable
		org.apache.nifi:nifi-standard-nar:2.6.0 || ./work/nar/extensions/nifi-standard-nar-2.6.0.nar-unpacked
	org.apache.nifi.processors.box.PutBoxFile
		org.apache.nifi:nifi-box-nar:2.6.0 || ./work/nar/extensions/nifi-box-nar-2.6.0.nar-unpacked
	org.apache.nifi.processors.azure.cosmos.document.PutAzureCosmosDBRecord
		org.apache.nifi:nifi-azure-nar:2.6.0 || ./work/nar/extensions/nifi-azure-nar-2.6.0.nar-unpacked
	org.apache.nifi.processors.standard.PutDatabaseRecord
		org.apache.nifi:nifi-standard-nar:2.6.0 || ./work/nar/extensions/nifi-standard-nar-2.6.0.nar-unpacked
	org.apache.nifi.processors.standard.ReplaceText
		org.apache.nifi:nifi-standard-nar:2.6.0 || ./work/nar/extensions/nifi-standard-nar-2.6.0.nar-unpacked
	org.apache.nifi.processors.aws.s3.PutS3Object
		org.apache.nifi:nifi-aws-nar:2.6.0 || ./work/nar/extensions/nifi-aws-nar-2.6.0.nar-unpacked
	org.apache.nifi.processors.zendesk.GetZendesk
		org.apache.nifi:nifi-zendesk-nar:2.6.0 || ./work/nar/extensions/nifi-zendesk-nar-2.6.0.nar-unpacked
	org.apache.nifi.processors.stateful.analysis.AttributeRollingWindow
		org.apache.nifi:nifi-stateful-analysis-nar:2.6.0 || ./work/nar/extensions/nifi-stateful-analysis-nar-2.6.0.nar-unpacked
	org.apache.nifi.processors.standard.PutFTP
		org.apache.nifi:nifi-standard-nar:2.6.0 || ./work/nar/extensions/nifi-standard-nar-2.6.0.nar-unpacked
	org.apache.nifi.processors.hubspot.GetHubSpot
		org.apache.nifi:nifi-hubspot-nar:2.6.0 || ./work/nar/extensions/nifi-hubspot-nar-2.6.0.nar-unpacked
	org.apache.nifi.processors.standard.PutDistributedMapCache
		org.apache.nifi:nifi-standard-nar:2.6.0 || ./work/nar/extensions/nifi-standard-nar-2.6.0.nar-unpacked
	org.apache.nifi.processors.dropbox.ListDropbox
		org.apache.nifi:nifi-dropbox-processors-nar:2.6.0 || ./work/nar/extensions/nifi-dropbox-processors-nar-2.6.0.nar-unpacked
	org.apache.nifi.processors.standard.UpdateRecord
		org.apache.nifi:nifi-standard-nar:2.6.0 || ./work/nar/extensions/nifi-standard-nar-2.6.0.nar-unpacked
	org.apache.nifi.processors.standard.LogAttribute
		org.apache.nifi:nifi-standard-nar:2.6.0 || ./work/nar/extensions/nifi-standard-nar-2.6.0.nar-unpacked
	org.apache.nifi.processors.standard.RouteOnAttribute
		org.apache.nifi:nifi-standard-nar:2.6.0 || ./work/nar/extensions/nifi-standard-nar-2.6.0.nar-unpacked
	org.apache.nifi.processors.standard.ListDatabaseTables
		org.apache.nifi:nifi-standard-nar:2.6.0 || ./work/nar/extensions/nifi-standard-nar-2.6.0.nar-unpacked
	org.apache.nifi.processors.elasticsearch.GetElasticsearch
		org.apache.nifi:nifi-elasticsearch-restapi-nar:2.6.0 || ./work/nar/extensions/nifi-elasticsearch-restapi-nar-2.6.0.nar-unpacked
	org.apache.nifi.processors.network.pcap.SplitPCAP
		org.apache.nifi:nifi-network-processors-nar:2.6.0 || ./work/nar/extensions/nifi-network-processors-nar-2.6.0.nar-unpacked
	=== End Processor types ===
	=== Authorizer Type ===
	org.apache.nifi.authorization.StandardManagedAuthorizer
		org.apache.nifi:nifi-framework-nar:2.6.0 || ./work/nar/framework/nifi-framework-nar-2.6.0.nar-unpacked
	org.apache.nifi.authorization.single.user.SingleUserAuthorizer
		org.apache.nifi:nifi-single-user-iaa-providers-nar:2.6.0 || ./work/nar/extensions/nifi-single-user-iaa-providers-nar-2.6.0.nar-unpacked
	=== End Authorizer types ===
	=== FlowRegistryClient Type ===
	org.apache.nifi.registry.flow.NifiRegistryFlowRegistryClient
		org.apache.nifi:nifi-flow-registry-client-nar:2.6.0 || ./work/nar/extensions/nifi-flow-registry-client-nar-2.6.0.nar-unpacked
	org.apache.nifi.gitlab.GitLabFlowRegistryClient
		org.apache.nifi:nifi-gitlab-nar:2.6.0 || ./work/nar/extensions/nifi-gitlab-nar-2.6.0.nar-unpacked
	org.apache.nifi.azure.devops.AzureDevOpsFlowRegistryClient
		org.apache.nifi:nifi-azure-nar:2.6.0 || ./work/nar/extensions/nifi-azure-nar-2.6.0.nar-unpacked
	org.apache.nifi.atlassian.bitbucket.BitbucketFlowRegistryClient
		org.apache.nifi:nifi-atlassian-nar:2.6.0 || ./work/nar/extensions/nifi-atlassian-nar-2.6.0.nar-unpacked
	org.apache.nifi.github.GitHubFlowRegistryClient
		org.apache.nifi:nifi-github-nar:2.6.0 || ./work/nar/extensions/nifi-github-nar-2.6.0.nar-unpacked
	=== End FlowRegistryClient types ===
	=== PythonBridge Type ===
	org.apache.nifi.py4j.StandardPythonBridge
		org.apache.nifi:nifi-py4j-nar:2.6.0 || ./work/nar/extensions/nifi-py4j-nar-2.6.0.nar-unpacked
	=== End PythonBridge types ===
	=== LeaderElectionManager Type ===
	org.apache.nifi.kubernetes.leader.election.KubernetesLeaderElectionManager
		org.apache.nifi:nifi-framework-kubernetes-nar:2.6.0 || ./work/nar/extensions/nifi-framework-kubernetes-nar-2.6.0.nar-unpacked
	org.apache.nifi.framework.cluster.leader.zookeeper.CuratorLeaderElectionManager
		org.apache.nifi:nifi-framework-zookeeper-nar:2.6.0 || ./work/nar/extensions/nifi-framework-zookeeper-nar-2.6.0.nar-unpacked
	=== End LeaderElectionManager types ===
	=== FlowAnalysisRule Type ===
	org.apache.nifi.flowanalysis.rules.RestrictFlowFileExpiration
		org.apache.nifi:nifi-standard-nar:2.6.0 || ./work/nar/extensions/nifi-standard-nar-2.6.0.nar-unpacked
	org.apache.nifi.flowanalysis.rules.RestrictBackpressureSettings
		org.apache.nifi:nifi-standard-nar:2.6.0 || ./work/nar/extensions/nifi-standard-nar-2.6.0.nar-unpacked
	org.apache.nifi.flowanalysis.rules.DisallowComponentType
		org.apache.nifi:nifi-standard-nar:2.6.0 || ./work/nar/extensions/nifi-standard-nar-2.6.0.nar-unpacked
	org.apache.nifi.flowanalysis.rules.RequireServerSSLContextService
		org.apache.nifi:nifi-standard-nar:2.6.0 || ./work/nar/extensions/nifi-standard-nar-2.6.0.nar-unpacked
	=== End FlowAnalysisRule types ===
	=== ContentRepository Type ===
	org.apache.nifi.controller.repository.FileSystemRepository
		org.apache.nifi:nifi-framework-nar:2.6.0 || ./work/nar/framework/nifi-framework-nar-2.6.0.nar-unpacked
	=== End ContentRepository types ===
	=== AccessPolicyProvider Type ===
	org.apache.nifi.authorization.FileAccessPolicyProvider
		org.apache.nifi:nifi-framework-nar:2.6.0 || ./work/nar/framework/nifi-framework-nar-2.6.0.nar-unpacked
	=== End AccessPolicyProvider types ===
	=== AssetManager Type ===
	org.apache.nifi.asset.StandardAssetManager
		org.apache.nifi:nifi-framework-nar:2.6.0 || ./work/nar/framework/nifi-framework-nar-2.6.0.nar-unpacked
	=== End AssetManager types ===
	=== FlowFileRepository Type ===
	org.apache.nifi.controller.repository.WriteAheadFlowFileRepository
		org.apache.nifi:nifi-framework-nar:2.6.0 || ./work/nar/framework/nifi-framework-nar-2.6.0.nar-unpacked
	org.apache.nifi.controller.repository.VolatileFlowFileRepository
		org.apache.nifi:nifi-framework-nar:2.6.0 || ./work/nar/framework/nifi-framework-nar-2.6.0.nar-unpacked
	=== End FlowFileRepository types ===
	=== ReportingTask Type ===
	org.apache.nifi.reporting.SiteToSiteProvenanceReportingTask
		org.apache.nifi:nifi-site-to-site-reporting-nar:2.6.0 || ./work/nar/extensions/nifi-site-to-site-reporting-nar-2.6.0.nar-unpacked
	org.apache.nifi.reporting.SiteToSiteStatusReportingTask
		org.apache.nifi:nifi-site-to-site-reporting-nar:2.6.0 || ./work/nar/extensions/nifi-site-to-site-reporting-nar-2.6.0.nar-unpacked
	org.apache.nifi.reporting.script.ScriptedReportingTask
		org.apache.nifi:nifi-scripting-nar:2.6.0 || ./work/nar/extensions/nifi-scripting-nar-2.6.0.nar-unpacked
	org.apache.nifi.reporting.SiteToSiteBulletinReportingTask
		org.apache.nifi:nifi-site-to-site-reporting-nar:2.6.0 || ./work/nar/extensions/nifi-site-to-site-reporting-nar-2.6.0.nar-unpacked
	org.apache.nifi.controller.MonitorDiskUsage
		org.apache.nifi:nifi-standard-nar:2.6.0 || ./work/nar/extensions/nifi-standard-nar-2.6.0.nar-unpacked
	org.apache.nifi.controller.MonitorMemory
		org.apache.nifi:nifi-standard-nar:2.6.0 || ./work/nar/extensions/nifi-standard-nar-2.6.0.nar-unpacked
	org.apache.nifi.reporting.azure.loganalytics.AzureLogAnalyticsProvenanceReportingTask
		org.apache.nifi:nifi-azure-nar:2.6.0 || ./work/nar/extensions/nifi-azure-nar-2.6.0.nar-unpacked
	org.apache.nifi.reporting.azure.loganalytics.AzureLogAnalyticsReportingTask
		org.apache.nifi:nifi-azure-nar:2.6.0 || ./work/nar/extensions/nifi-azure-nar-2.6.0.nar-unpacked
	org.apache.nifi.controller.ControllerStatusReportingTask
		org.apache.nifi:nifi-standard-nar:2.6.0 || ./work/nar/extensions/nifi-standard-nar-2.6.0.nar-unpacked
	org.apache.nifi.reporting.SiteToSiteMetricsReportingTask
		org.apache.nifi:nifi-site-to-site-reporting-nar:2.6.0 || ./work/nar/extensions/nifi-site-to-site-reporting-nar-2.6.0.nar-unpacked
	=== End ReportingTask types ===
	=== ParameterProvider Type ===
	org.apache.nifi.vault.hashicorp.HashiCorpVaultParameterProvider
		org.apache.nifi:nifi-hashicorp-vault-nar:2.6.0 || ./work/nar/extensions/nifi-hashicorp-vault-nar-2.6.0.nar-unpacked
	org.apache.nifi.parameter.azure.AzureKeyVaultSecretsParameterProvider
		org.apache.nifi:nifi-azure-nar:2.6.0 || ./work/nar/extensions/nifi-azure-nar-2.6.0.nar-unpacked
	org.apache.nifi.parameter.aws.AwsSecretsManagerParameterProvider
		org.apache.nifi:nifi-aws-nar:2.6.0 || ./work/nar/extensions/nifi-aws-nar-2.6.0.nar-unpacked
	org.apache.nifi.parameter.KubernetesSecretParameterProvider
		org.apache.nifi:nifi-standard-nar:2.6.0 || ./work/nar/extensions/nifi-standard-nar-2.6.0.nar-unpacked
	org.apache.nifi.parameter.OnePasswordParameterProvider
		org.apache.nifi:nifi-standard-nar:2.6.0 || ./work/nar/extensions/nifi-standard-nar-2.6.0.nar-unpacked
	org.apache.nifi.parameter.gcp.GcpSecretManagerParameterProvider
		org.apache.nifi:nifi-gcp-nar:2.6.0 || ./work/nar/extensions/nifi-gcp-nar-2.6.0.nar-unpacked
	org.apache.nifi.parameter.DatabaseParameterProvider
		org.apache.nifi:nifi-standard-nar:2.6.0 || ./work/nar/extensions/nifi-standard-nar-2.6.0.nar-unpacked
	org.apache.nifi.parameter.EnvironmentVariableParameterProvider
		org.apache.nifi:nifi-standard-nar:2.6.0 || ./work/nar/extensions/nifi-standard-nar-2.6.0.nar-unpacked
	=== End ParameterProvider types ===
	=== ControllerService Type ===
	org.apache.nifi.json.JsonRecordSetWriter
		org.apache.nifi:nifi-record-serialization-services-nar:2.6.0 || ./work/nar/extensions/nifi-record-serialization-services-nar-2.6.0.nar-unpacked
	org.apache.nifi.processors.aws.s3.encryption.StandardS3EncryptionService
		org.apache.nifi:nifi-aws-nar:2.6.0 || ./work/nar/extensions/nifi-aws-nar-2.6.0.nar-unpacked
	org.apache.nifi.dbcp.DBCPConnectionPoolLookup
		org.apache.nifi:nifi-dbcp-service-nar:2.6.0 || ./work/nar/extensions/nifi-dbcp-service-nar-2.6.0.nar-unpacked
	org.apache.nifi.services.azure.data.explorer.StandardKustoIngestService
		org.apache.nifi:nifi-azure-nar:2.6.0 || ./work/nar/extensions/nifi-azure-nar-2.6.0.nar-unpacked
	org.apache.nifi.services.azure.storage.AzureBlobStorageFileResourceService
		org.apache.nifi:nifi-azure-nar:2.6.0 || ./work/nar/extensions/nifi-azure-nar-2.6.0.nar-unpacked
	org.apache.nifi.box.controllerservices.DeveloperBoxClientService
		org.apache.nifi:nifi-box-services-nar:2.6.0 || ./work/nar/extensions/nifi-box-services-nar-2.6.0.nar-unpacked
	org.apache.nifi.mongodb.MongoDBLookupService
		org.apache.nifi:nifi-mongodb-services-nar:2.6.0 || ./work/nar/extensions/nifi-mongodb-services-nar-2.6.0.nar-unpacked
	org.apache.nifi.confluent.schemaregistry.ConfluentEncodedSchemaReferenceWriter
		org.apache.nifi:nifi-confluent-platform-nar:2.6.0 || ./work/nar/extensions/nifi-confluent-platform-nar-2.6.0.nar-unpacked
	org.apache.nifi.vault.hashicorp.StandardHashiCorpVaultClientService
		org.apache.nifi:nifi-hashicorp-vault-nar:2.6.0 || ./work/nar/extensions/nifi-hashicorp-vault-nar-2.6.0.nar-unpacked
	org.apache.nifi.services.azure.storage.AzureStorageCredentialsControllerService_v12
		org.apache.nifi:nifi-azure-nar:2.6.0 || ./work/nar/extensions/nifi-azure-nar-2.6.0.nar-unpacked
	org.apache.nifi.syslog.SyslogReader
		org.apache.nifi:nifi-record-serialization-services-nar:2.6.0 || ./work/nar/extensions/nifi-record-serialization-services-nar-2.6.0.nar-unpacked
	org.apache.nifi.lookup.db.SimpleDatabaseLookupService
		org.apache.nifi:nifi-lookup-services-nar:2.6.0 || ./work/nar/extensions/nifi-lookup-services-nar-2.6.0.nar-unpacked
	org.apache.nifi.redis.service.RedisDistributedMapCacheClientService
		org.apache.nifi:nifi-redis-nar:2.6.0 || ./work/nar/extensions/nifi-redis-nar-2.6.0.nar-unpacked
	org.apache.nifi.record.sink.db.DatabaseRecordSink
		org.apache.nifi:nifi-dbcp-service-nar:2.6.0 || ./work/nar/extensions/nifi-dbcp-service-nar-2.6.0.nar-unpacked
	org.apache.nifi.kafka.service.Kafka3ConnectionService
		org.apache.nifi:nifi-kafka-3-service-nar:2.6.0 || ./work/nar/extensions/nifi-kafka-3-service-nar-2.6.0.nar-unpacked
	org.apache.nifi.yaml.YamlTreeReader
		org.apache.nifi:nifi-record-serialization-services-nar:2.6.0 || ./work/nar/extensions/nifi-record-serialization-services-nar-2.6.0.nar-unpacked
	org.apache.nifi.lookup.script.SimpleScriptedLookupService
		org.apache.nifi:nifi-scripting-nar:2.6.0 || ./work/nar/extensions/nifi-scripting-nar-2.6.0.nar-unpacked
	org.apache.nifi.jms.cf.JndiJmsConnectionFactoryProvider
		org.apache.nifi:nifi-jms-processors-nar:2.6.0 || ./work/nar/extensions/nifi-jms-processors-nar-2.6.0.nar-unpacked
	org.apache.nifi.proxy.StandardProxyConfigurationService
		org.apache.nifi:nifi-proxy-configuration-nar:2.6.0 || ./work/nar/extensions/nifi-proxy-configuration-nar-2.6.0.nar-unpacked
	org.apache.nifi.ssl.PEMEncodedSSLContextProvider
		org.apache.nifi:nifi-ssl-context-service-nar:2.6.0 || ./work/nar/extensions/nifi-ssl-context-service-nar-2.6.0.nar-unpacked
	org.apache.nifi.lookup.DistributedMapCacheLookupService
		org.apache.nifi:nifi-lookup-services-nar:2.6.0 || ./work/nar/extensions/nifi-lookup-services-nar-2.6.0.nar-unpacked
	org.apache.nifi.csv.CSVRecordSetWriter
		org.apache.nifi:nifi-record-serialization-services-nar:2.6.0 || ./work/nar/extensions/nifi-record-serialization-services-nar-2.6.0.nar-unpacked
	org.apache.nifi.services.azure.eventhub.AzureEventHubRecordSink
		org.apache.nifi:nifi-azure-nar:2.6.0 || ./work/nar/extensions/nifi-azure-nar-2.6.0.nar-unpacked
	org.apache.nifi.mongodb.MongoDBControllerService
		org.apache.nifi:nifi-mongodb-services-nar:2.6.0 || ./work/nar/extensions/nifi-mongodb-services-nar-2.6.0.nar-unpacked
	org.apache.nifi.lookup.SimpleCsvFileLookupService
		org.apache.nifi:nifi-lookup-services-nar:2.6.0 || ./work/nar/extensions/nifi-lookup-services-nar-2.6.0.nar-unpacked
	org.apache.nifi.services.slack.SlackRecordSink
		org.apache.nifi:nifi-slack-nar:2.6.0 || ./work/nar/extensions/nifi-slack-nar-2.6.0.nar-unpacked
	org.apache.nifi.schema.inference.VolatileSchemaCache
		org.apache.nifi:nifi-record-serialization-services-nar:2.6.0 || ./work/nar/extensions/nifi-record-serialization-services-nar-2.6.0.nar-unpacked
	org.apache.nifi.websocket.jetty.JettyWebSocketServer
		org.apache.nifi:nifi-websocket-services-jetty-nar:2.6.0 || ./work/nar/extensions/nifi-websocket-services-jetty-nar-2.6.0.nar-unpacked
	org.apache.nifi.elasticsearch.ElasticSearchClientServiceImpl
		org.apache.nifi:nifi-elasticsearch-client-service-nar:2.6.0 || ./work/nar/extensions/nifi-elasticsearch-client-service-nar-2.6.0.nar-unpacked
	org.apache.nifi.websocket.jetty.JettyWebSocketClient
		org.apache.nifi:nifi-websocket-services-jetty-nar:2.6.0 || ./work/nar/extensions/nifi-websocket-services-jetty-nar-2.6.0.nar-unpacked
	org.apache.nifi.record.sink.lookup.RecordSinkServiceLookup
		org.apache.nifi:nifi-record-sink-service-nar:2.6.0 || ./work/nar/extensions/nifi-record-sink-service-nar-2.6.0.nar-unpacked
	org.apache.nifi.elasticsearch.ElasticSearchLookupService
		org.apache.nifi:nifi-elasticsearch-client-service-nar:2.6.0 || ./work/nar/extensions/nifi-elasticsearch-client-service-nar-2.6.0.nar-unpacked
	org.apache.nifi.services.smb.SmbjClientProviderService
		org.apache.nifi:nifi-smb-smbj-client-nar:2.6.0 || ./work/nar/extensions/nifi-smb-smbj-client-nar-2.6.0.nar-unpacked
	org.apache.nifi.services.azure.storage.AzureStorageCredentialsControllerServiceLookup_v12
		org.apache.nifi:nifi-azure-nar:2.6.0 || ./work/nar/extensions/nifi-azure-nar-2.6.0.nar-unpacked
	org.apache.nifi.pgp.service.standard.StandardPGPPrivateKeyService
		org.apache.nifi:nifi-pgp-service-nar:2.6.0 || ./work/nar/extensions/nifi-pgp-service-nar-2.6.0.nar-unpacked
	org.apache.nifi.ssl.StandardRestrictedSSLContextService
		org.apache.nifi:nifi-ssl-context-service-nar:2.6.0 || ./work/nar/extensions/nifi-ssl-context-service-nar-2.6.0.nar-unpacked
	org.apache.nifi.fileresource.service.StandardFileResourceService
		org.apache.nifi:nifi-file-resource-service-nar:2.6.0 || ./work/nar/extensions/nifi-file-resource-service-nar-2.6.0.nar-unpacked
	org.apache.nifi.services.azure.storage.ADLSCredentialsControllerServiceLookup
		org.apache.nifi:nifi-azure-nar:2.6.0 || ./work/nar/extensions/nifi-azure-nar-2.6.0.nar-unpacked
	org.apache.nifi.kerberos.KerberosPasswordUserService
		org.apache.nifi:nifi-kerberos-user-service-nar:2.6.0 || ./work/nar/extensions/nifi-kerberos-user-service-nar-2.6.0.nar-unpacked
	org.apache.nifi.apicurio.schemaregistry.ApicurioSchemaRegistry
		org.apache.nifi:nifi-apicurio-nar:2.6.0 || ./work/nar/extensions/nifi-apicurio-nar-2.6.0.nar-unpacked
	org.apache.nifi.lookup.XMLFileLookupService
		org.apache.nifi:nifi-lookup-services-nar:2.6.0 || ./work/nar/extensions/nifi-lookup-services-nar-2.6.0.nar-unpacked
	org.apache.nifi.reporting.sink.SiteToSiteReportingRecordSink
		org.apache.nifi:nifi-site-to-site-reporting-nar:2.6.0 || ./work/nar/extensions/nifi-site-to-site-reporting-nar-2.6.0.nar-unpacked
	org.apache.nifi.lookup.maxmind.IPLookupService
		org.apache.nifi:nifi-lookup-services-nar:2.6.0 || ./work/nar/extensions/nifi-lookup-services-nar-2.6.0.nar-unpacked
	org.apache.nifi.services.zendesk.ZendeskRecordSink
		org.apache.nifi:nifi-zendesk-services-nar:2.6.0 || ./work/nar/extensions/nifi-zendesk-services-nar-2.6.0.nar-unpacked
	org.apache.nifi.distributed.cache.client.SetCacheClientService
		org.apache.nifi:nifi-distributed-cache-services-nar:2.6.0 || ./work/nar/extensions/nifi-distributed-cache-services-nar-2.6.0.nar-unpacked
	org.apache.nifi.elasticsearch.ElasticSearchStringLookupService
		org.apache.nifi:nifi-elasticsearch-client-service-nar:2.6.0 || ./work/nar/extensions/nifi-elasticsearch-client-service-nar-2.6.0.nar-unpacked
	org.apache.nifi.hazelcast.services.cachemanager.EmbeddedHazelcastCacheManager
		org.apache.nifi:nifi-hazelcast-services-nar:2.6.0 || ./work/nar/extensions/nifi-hazelcast-services-nar-2.6.0.nar-unpacked
	org.apache.nifi.aws.schemaregistry.AmazonGlueEncodedSchemaReferenceReader
		org.apache.nifi:nifi-aws-nar:2.6.0 || ./work/nar/extensions/nifi-aws-nar-2.6.0.nar-unpacked
	org.apache.nifi.record.sink.LoggingRecordSink
		org.apache.nifi:nifi-record-sink-service-nar:2.6.0 || ./work/nar/extensions/nifi-record-sink-service-nar-2.6.0.nar-unpacked
	org.apache.nifi.record.sink.event.UDPEventRecordSink
		org.apache.nifi:nifi-record-sink-service-nar:2.6.0 || ./work/nar/extensions/nifi-record-sink-service-nar-2.6.0.nar-unpacked
	org.apache.nifi.db.schemaregistry.DatabaseTableSchemaRegistry
		org.apache.nifi:nifi-db-schema-registry-service-nar:2.6.0 || ./work/nar/extensions/nifi-db-schema-registry-service-nar-2.6.0.nar-unpacked
	org.apache.nifi.record.sink.HttpRecordSink
		org.apache.nifi:nifi-record-sink-service-nar:2.6.0 || ./work/nar/extensions/nifi-record-sink-service-nar-2.6.0.nar-unpacked
	org.apache.nifi.cef.CEFReader
		org.apache.nifi:nifi-record-serialization-services-nar:2.6.0 || ./work/nar/extensions/nifi-record-serialization-services-nar-2.6.0.nar-unpacked
	org.apache.nifi.lookup.RecordSetWriterLookup
		org.apache.nifi:nifi-record-serialization-services-nar:2.6.0 || ./work/nar/extensions/nifi-record-serialization-services-nar-2.6.0.nar-unpacked
	org.apache.nifi.syslog.Syslog5424Reader
		org.apache.nifi:nifi-record-serialization-services-nar:2.6.0 || ./work/nar/extensions/nifi-record-serialization-services-nar-2.6.0.nar-unpacked
	org.apache.nifi.record.script.ScriptedRecordSetWriter
		org.apache.nifi:nifi-scripting-nar:2.6.0 || ./work/nar/extensions/nifi-scripting-nar-2.6.0.nar-unpacked
	org.apache.nifi.distributed.cache.server.SetCacheServer
		org.apache.nifi:nifi-distributed-cache-services-nar:2.6.0 || ./work/nar/extensions/nifi-distributed-cache-services-nar-2.6.0.nar-unpacked
	org.apache.nifi.schemaregistry.services.AvroSchemaRegistry
		org.apache.nifi:nifi-registry-nar:2.6.0 || ./work/nar/extensions/nifi-registry-nar-2.6.0.nar-unpacked
	org.apache.nifi.services.azure.storage.ADLSCredentialsControllerService
		org.apache.nifi:nifi-azure-nar:2.6.0 || ./work/nar/extensions/nifi-azure-nar-2.6.0.nar-unpacked
	org.apache.nifi.ssl.StandardSSLContextService
		org.apache.nifi:nifi-ssl-context-service-nar:2.6.0 || ./work/nar/extensions/nifi-ssl-context-service-nar-2.6.0.nar-unpacked
	org.apache.nifi.services.azure.StandardAzureCredentialsControllerService
		org.apache.nifi:nifi-azure-nar:2.6.0 || ./work/nar/extensions/nifi-azure-nar-2.6.0.nar-unpacked
	org.apache.nifi.database.dialect.service.StandardDatabaseDialectService
		org.apache.nifi:nifi-database-dialect-service-nar:2.6.0 || ./work/nar/extensions/nifi-database-dialect-service-nar-2.6.0.nar-unpacked
	org.apache.nifi.excel.ExcelReader
		org.apache.nifi:nifi-poi-nar:2.6.0 || ./work/nar/extensions/nifi-poi-nar-2.6.0.nar-unpacked
	org.apache.nifi.key.service.StandardPrivateKeyService
		org.apache.nifi:nifi-key-service-nar:2.6.0 || ./work/nar/extensions/nifi-key-service-nar-2.6.0.nar-unpacked
	org.apache.nifi.dbcp.HikariCPConnectionPool
		org.apache.nifi:nifi-dbcp-service-nar:2.6.0 || ./work/nar/extensions/nifi-dbcp-service-nar-2.6.0.nar-unpacked
	org.apache.nifi.kerberos.KerberosTicketCacheUserService
		org.apache.nifi:nifi-kerberos-user-service-nar:2.6.0 || ./work/nar/extensions/nifi-kerberos-user-service-nar-2.6.0.nar-unpacked
	org.apache.nifi.aws.schemaregistry.AmazonGlueSchemaRegistry
		org.apache.nifi:nifi-aws-nar:2.6.0 || ./work/nar/extensions/nifi-aws-nar-2.6.0.nar-unpacked
	org.apache.nifi.hazelcast.services.cacheclient.HazelcastMapCacheClient
		org.apache.nifi:nifi-hazelcast-services-nar:2.6.0 || ./work/nar/extensions/nifi-hazelcast-services-nar-2.6.0.nar-unpacked
	org.apache.nifi.dbcp.DBCPConnectionPool
		org.apache.nifi:nifi-dbcp-service-nar:2.6.0 || ./work/nar/extensions/nifi-dbcp-service-nar-2.6.0.nar-unpacked
	org.apache.nifi.processors.aws.credentials.provider.service.AWSCredentialsProviderControllerService
		org.apache.nifi:nifi-aws-nar:2.6.0 || ./work/nar/extensions/nifi-aws-nar-2.6.0.nar-unpacked
	org.apache.nifi.avro.AvroReader
		org.apache.nifi:nifi-record-serialization-services-nar:2.6.0 || ./work/nar/extensions/nifi-record-serialization-services-nar-2.6.0.nar-unpacked
	org.apache.nifi.oauth2.StandardOauth2AccessTokenProvider
		org.apache.nifi:nifi-oauth2-provider-nar:2.6.0 || ./work/nar/extensions/nifi-oauth2-provider-nar-2.6.0.nar-unpacked
	org.apache.nifi.redis.service.RedisConnectionPoolService
		org.apache.nifi:nifi-redis-nar:2.6.0 || ./work/nar/extensions/nifi-redis-nar-2.6.0.nar-unpacked
	org.apache.nifi.services.azure.data.explorer.StandardKustoQueryService
		org.apache.nifi:nifi-azure-nar:2.6.0 || ./work/nar/extensions/nifi-azure-nar-2.6.0.nar-unpacked
	org.apache.nifi.json.JsonPathReader
		org.apache.nifi:nifi-record-serialization-services-nar:2.6.0 || ./work/nar/extensions/nifi-record-serialization-services-nar-2.6.0.nar-unpacked
	org.apache.nifi.processors.aws.s3.service.S3FileResourceService
		org.apache.nifi:nifi-aws-nar:2.6.0 || ./work/nar/extensions/nifi-aws-nar-2.6.0.nar-unpacked
	org.apache.nifi.lookup.db.DatabaseRecordLookupService
		org.apache.nifi:nifi-lookup-services-nar:2.6.0 || ./work/nar/extensions/nifi-lookup-services-nar-2.6.0.nar-unpacked
	org.apache.nifi.services.protobuf.StandardProtobufReader
		org.apache.nifi:nifi-protobuf-services-nar:2.6.0 || ./work/nar/extensions/nifi-protobuf-services-nar-2.6.0.nar-unpacked
	org.apache.nifi.grok.GrokReader
		org.apache.nifi:nifi-record-serialization-services-nar:2.6.0 || ./work/nar/extensions/nifi-record-serialization-services-nar-2.6.0.nar-unpacked
	org.apache.nifi.services.dropbox.StandardDropboxCredentialService
		org.apache.nifi:nifi-dropbox-services-nar:2.6.0 || ./work/nar/extensions/nifi-dropbox-services-nar-2.6.0.nar-unpacked
	org.apache.nifi.text.FreeFormTextRecordSetWriter
		org.apache.nifi:nifi-record-serialization-services-nar:2.6.0 || ./work/nar/extensions/nifi-record-serialization-services-nar-2.6.0.nar-unpacked
	org.apache.nifi.xml.XMLRecordSetWriter
		org.apache.nifi:nifi-record-serialization-services-nar:2.6.0 || ./work/nar/extensions/nifi-record-serialization-services-nar-2.6.0.nar-unpacked
	org.apache.nifi.processors.gcp.storage.GCSFileResourceService
		org.apache.nifi:nifi-gcp-nar:2.6.0 || ./work/nar/extensions/nifi-gcp-nar-2.6.0.nar-unpacked
	org.apache.nifi.kafka.service.aws.AmazonMSKConnectionService
		org.apache.nifi:nifi-kafka-service-aws-nar:2.6.0 || ./work/nar/extensions/nifi-kafka-service-aws-nar-2.6.0.nar-unpacked
	org.apache.nifi.services.azure.cosmos.document.AzureCosmosDBClientService
		org.apache.nifi:nifi-azure-nar:2.6.0 || ./work/nar/extensions/nifi-azure-nar-2.6.0.nar-unpacked
	org.apache.nifi.http.StandardHttpContextMap
		org.apache.nifi:nifi-http-context-map-nar:2.6.0 || ./work/nar/extensions/nifi-http-context-map-nar-2.6.0.nar-unpacked
	org.apache.nifi.distributed.cache.client.MapCacheClientService
		org.apache.nifi:nifi-distributed-cache-services-nar:2.6.0 || ./work/nar/extensions/nifi-distributed-cache-services-nar-2.6.0.nar-unpacked
	org.apache.nifi.kerberos.KerberosKeytabUserService
		org.apache.nifi:nifi-kerberos-user-service-nar:2.6.0 || ./work/nar/extensions/nifi-kerberos-user-service-nar-2.6.0.nar-unpacked
	org.apache.nifi.services.azure.storage.AzureDataLakeStorageFileResourceService
		org.apache.nifi:nifi-azure-nar:2.6.0 || ./work/nar/extensions/nifi-azure-nar-2.6.0.nar-unpacked
	org.apache.nifi.services.protobuf.ProtobufReader
		org.apache.nifi:nifi-protobuf-services-nar:2.6.0 || ./work/nar/extensions/nifi-protobuf-services-nar-2.6.0.nar-unpacked
	org.apache.nifi.lookup.SimpleKeyValueLookupService
		org.apache.nifi:nifi-lookup-services-nar:2.6.0 || ./work/nar/extensions/nifi-lookup-services-nar-2.6.0.nar-unpacked
	org.apache.nifi.csv.CSVReader
		org.apache.nifi:nifi-record-serialization-services-nar:2.6.0 || ./work/nar/extensions/nifi-record-serialization-services-nar-2.6.0.nar-unpacked
	org.apache.nifi.lookup.RestLookupService
		org.apache.nifi:nifi-lookup-services-nar:2.6.0 || ./work/nar/extensions/nifi-lookup-services-nar-2.6.0.nar-unpacked
	org.apache.nifi.processors.gcp.credentials.service.GCPCredentialsControllerService
		org.apache.nifi:nifi-gcp-nar:2.6.0 || ./work/nar/extensions/nifi-gcp-nar-2.6.0.nar-unpacked
	org.apache.nifi.avro.AvroRecordSetWriter
		org.apache.nifi:nifi-record-serialization-services-nar:2.6.0 || ./work/nar/extensions/nifi-record-serialization-services-nar-2.6.0.nar-unpacked
	org.apache.nifi.confluent.schemaregistry.ConfluentProtobufMessageNameResolver
		org.apache.nifi:nifi-confluent-platform-nar:2.6.0 || ./work/nar/extensions/nifi-confluent-platform-nar-2.6.0.nar-unpacked
	org.apache.nifi.record.sink.EmailRecordSink
		org.apache.nifi:nifi-record-sink-service-nar:2.6.0 || ./work/nar/extensions/nifi-record-sink-service-nar-2.6.0.nar-unpacked
	org.apache.nifi.windowsevent.WindowsEventLogReader
		org.apache.nifi:nifi-record-serialization-services-nar:2.6.0 || ./work/nar/extensions/nifi-record-serialization-services-nar-2.6.0.nar-unpacked
	org.apache.nifi.hazelcast.services.cachemanager.ExternalHazelcastCacheManager
		org.apache.nifi:nifi-hazelcast-services-nar:2.6.0 || ./work/nar/extensions/nifi-hazelcast-services-nar-2.6.0.nar-unpacked
	org.apache.nifi.distributed.cache.server.map.MapCacheServer
		org.apache.nifi:nifi-distributed-cache-services-nar:2.6.0 || ./work/nar/extensions/nifi-distributed-cache-services-nar-2.6.0.nar-unpacked
	org.apache.nifi.xml.XMLReader
		org.apache.nifi:nifi-record-serialization-services-nar:2.6.0 || ./work/nar/extensions/nifi-record-serialization-services-nar-2.6.0.nar-unpacked
	org.apache.nifi.schemaregistry.services.StandardJsonSchemaRegistry
		org.apache.nifi:nifi-registry-nar:2.6.0 || ./work/nar/extensions/nifi-registry-nar-2.6.0.nar-unpacked
	org.apache.nifi.record.script.ScriptedReader
		org.apache.nifi:nifi-scripting-nar:2.6.0 || ./work/nar/extensions/nifi-scripting-nar-2.6.0.nar-unpacked
	org.apache.nifi.redis.service.SimpleRedisDistributedMapCacheClientService
		org.apache.nifi:nifi-redis-nar:2.6.0 || ./work/nar/extensions/nifi-redis-nar-2.6.0.nar-unpacked
	org.apache.nifi.lookup.CSVRecordLookupService
		org.apache.nifi:nifi-lookup-services-nar:2.6.0 || ./work/nar/extensions/nifi-lookup-services-nar-2.6.0.nar-unpacked
	org.apache.nifi.pgp.service.standard.StandardPGPPublicKeyService
		org.apache.nifi:nifi-pgp-service-nar:2.6.0 || ./work/nar/extensions/nifi-pgp-service-nar-2.6.0.nar-unpacked
	org.apache.nifi.lookup.script.ScriptedLookupService
		org.apache.nifi:nifi-scripting-nar:2.6.0 || ./work/nar/extensions/nifi-scripting-nar-2.6.0.nar-unpacked
	org.apache.nifi.controller.asana.StandardAsanaClientProviderService
		org.apache.nifi:nifi-asana-services-nar:2.6.0 || ./work/nar/extensions/nifi-asana-services-nar-2.6.0.nar-unpacked
	org.apache.nifi.confluent.schemaregistry.ConfluentSchemaRegistry
		org.apache.nifi:nifi-confluent-platform-nar:2.6.0 || ./work/nar/extensions/nifi-confluent-platform-nar-2.6.0.nar-unpacked
	org.apache.nifi.jms.cf.JMSConnectionFactoryProvider
		org.apache.nifi:nifi-jms-processors-nar:2.6.0 || ./work/nar/extensions/nifi-jms-processors-nar-2.6.0.nar-unpacked
	org.apache.nifi.confluent.schemaregistry.ConfluentEncodedSchemaReferenceReader
		org.apache.nifi:nifi-confluent-platform-nar:2.6.0 || ./work/nar/extensions/nifi-confluent-platform-nar-2.6.0.nar-unpacked
	org.apache.nifi.web.client.provider.service.StandardWebClientServiceProvider
		org.apache.nifi:nifi-web-client-provider-service-nar:2.6.0 || ./work/nar/extensions/nifi-web-client-provider-service-nar-2.6.0.nar-unpacked
	org.apache.nifi.lookup.PropertiesFileLookupService
		org.apache.nifi:nifi-lookup-services-nar:2.6.0 || ./work/nar/extensions/nifi-lookup-services-nar-2.6.0.nar-unpacked
	org.apache.nifi.box.controllerservices.JsonConfigBasedBoxClientService
		org.apache.nifi:nifi-box-services-nar:2.6.0 || ./work/nar/extensions/nifi-box-services-nar-2.6.0.nar-unpacked
	org.apache.nifi.json.JsonTreeReader
		org.apache.nifi:nifi-record-serialization-services-nar:2.6.0 || ./work/nar/extensions/nifi-record-serialization-services-nar-2.6.0.nar-unpacked
	org.apache.nifi.record.sink.script.ScriptedRecordSink
		org.apache.nifi:nifi-scripting-nar:2.6.0 || ./work/nar/extensions/nifi-scripting-nar-2.6.0.nar-unpacked
	org.apache.nifi.lookup.ReaderLookup
		org.apache.nifi:nifi-record-serialization-services-nar:2.6.0 || ./work/nar/extensions/nifi-record-serialization-services-nar-2.6.0.nar-unpacked
	org.apache.nifi.oauth2.JWTBearerOAuth2AccessTokenProvider
		org.apache.nifi:nifi-oauth2-provider-nar:2.6.0 || ./work/nar/extensions/nifi-oauth2-provider-nar-2.6.0.nar-unpacked
	=== End ControllerService types ===
	=== StatusAnalyticsModel Type ===
	org.apache.nifi.controller.status.analytics.models.OrdinaryLeastSquares
		org.apache.nifi:nifi-framework-nar:2.6.0 || ./work/nar/framework/nifi-framework-nar-2.6.0.nar-unpacked
	org.apache.nifi.controller.status.analytics.models.SimpleRegression
		org.apache.nifi:nifi-framework-nar:2.6.0 || ./work/nar/framework/nifi-framework-nar-2.6.0.nar-unpacked
	=== End StatusAnalyticsModel types ===
	=== FlowFilePrioritizer Type ===
	org.apache.nifi.prioritizer.NewestFlowFileFirstPrioritizer
		org.apache.nifi:nifi-framework-nar:2.6.0 || ./work/nar/framework/nifi-framework-nar-2.6.0.nar-unpacked
	org.apache.nifi.prioritizer.FirstInFirstOutPrioritizer
		org.apache.nifi:nifi-framework-nar:2.6.0 || ./work/nar/framework/nifi-framework-nar-2.6.0.nar-unpacked
	org.apache.nifi.prioritizer.PriorityAttributePrioritizer
		org.apache.nifi:nifi-framework-nar:2.6.0 || ./work/nar/framework/nifi-framework-nar-2.6.0.nar-unpacked
	org.apache.nifi.prioritizer.OldestFlowFileFirstPrioritizer
		org.apache.nifi:nifi-framework-nar:2.6.0 || ./work/nar/framework/nifi-framework-nar-2.6.0.nar-unpacked
	=== End FlowFilePrioritizer types ===
	=== NarPersistenceProvider Type ===
	org.apache.nifi.nar.StandardNarPersistenceProvider
		org.apache.nifi:nifi-framework-nar:2.6.0 || ./work/nar/framework/nifi-framework-nar-2.6.0.nar-unpacked
	=== End NarPersistenceProvider types ===
	=== FlowFileSwapManager Type ===
	org.apache.nifi.controller.FileSystemSwapManager
		org.apache.nifi:nifi-framework-nar:2.6.0 || ./work/nar/framework/nifi-framework-nar-2.6.0.nar-unpacked
	=== End FlowFileSwapManager types ===
2025-10-16 10:38:42,712 INFO [main] o.a.n.f.r.CompositeExternalResourceProviderService Starting External Resource Provider Service ...
2025-10-16 10:38:42,712 INFO [main] o.a.n.f.r.CompositeExternalResourceProviderService External Resource Provider Service is started successfully
2025-10-16 10:38:42,713 INFO [main] org.apache.nifi.nar.NarAutoLoader Found 0 initial NARs from directory nar_extensions
2025-10-16 10:38:42,717 INFO [main] org.apache.nifi.nar.NarAutoLoader Starting NAR Auto-Loader Thread for directory /opt/nifi/nifi-current/nar_extensions ...
2025-10-16 10:38:42,718 INFO [main] org.eclipse.jetty.server.Server jetty-12.0.27; built: 2025-09-10T23:47:49.595Z; git: 3569a3e83ad136ee44e26b370b74c1c5e9f33e61; jvm 21.0.8+12-LTS
2025-10-16 10:38:43,041 INFO [main] o.e.j.session.DefaultSessionIdManager Session workerName=node0
2025-10-16 10:38:43,043 INFO [main] o.e.jetty.server.handler.ContextHandler Started oeje10w.WebAppContext@25d0b918{/nifi-standard-content-viewer-2.6.0,/nifi-standard-content-viewer-2.6.0,b=file:///opt/nifi/nifi-current/work/jetty/nifi-standard-content-viewer-2.6.0.war/webapp/,a=AVAILABLE,h=oeje10s.SessionHandler@218f2f51{STARTED}}{./work/nar/extensions/nifi-standard-content-viewer-nar-2.6.0.nar-unpacked/NAR-INF/bundled-dependencies/nifi-standard-content-viewer-2.6.0.war}
2025-10-16 10:38:43,046 INFO [main] o.a.n.w.c.v.StandardServletContextListener Standard Content Viewer Initialized
2025-10-16 10:38:43,062 INFO [main] o.e.j.ee10.servlet.ServletContextHandler Started oeje10w.WebAppContext@25d0b918{/nifi-standard-content-viewer-2.6.0,/nifi-standard-content-viewer-2.6.0,b=file:///opt/nifi/nifi-current/work/jetty/nifi-standard-content-viewer-2.6.0.war/webapp/,a=AVAILABLE,h=oeje10s.SessionHandler@218f2f51{STARTED}}{./work/nar/extensions/nifi-standard-content-viewer-nar-2.6.0.nar-unpacked/NAR-INF/bundled-dependencies/nifi-standard-content-viewer-2.6.0.war}
2025-10-16 10:38:43,315 INFO [main] o.e.jetty.server.handler.ContextHandler Started oeje10w.WebAppContext@280d6a20{/nifi-jolt-transform-json-ui-2.6.0,/nifi-jolt-transform-json-ui-2.6.0,b=file:///opt/nifi/nifi-current/work/jetty/nifi-jolt-transform-json-ui-2.6.0.war/webapp/,a=AVAILABLE,h=oeje10s.SessionHandler@6b0ba697{STARTED}}{./work/nar/extensions/nifi-jolt-nar-2.6.0.nar-unpacked/NAR-INF/bundled-dependencies/nifi-jolt-transform-json-ui-2.6.0.war}
2025-10-16 10:38:43,317 INFO [main] o.e.j.ee10.servlet.ServletContextHandler Started oeje10w.WebAppContext@280d6a20{/nifi-jolt-transform-json-ui-2.6.0,/nifi-jolt-transform-json-ui-2.6.0,b=file:///opt/nifi/nifi-current/work/jetty/nifi-jolt-transform-json-ui-2.6.0.war/webapp/,a=AVAILABLE,h=oeje10s.SessionHandler@6b0ba697{STARTED}}{./work/nar/extensions/nifi-jolt-nar-2.6.0.nar-unpacked/NAR-INF/bundled-dependencies/nifi-jolt-transform-json-ui-2.6.0.war}
2025-10-16 10:38:43,528 INFO [main] o.e.jetty.server.handler.ContextHandler Started oeje10w.WebAppContext@4b00d59{/nifi-update-attribute-ui-2.6.0,/nifi-update-attribute-ui-2.6.0,b=file:///opt/nifi/nifi-current/work/jetty/nifi-update-attribute-ui-2.6.0.war/webapp/,a=AVAILABLE,h=oeje10s.SessionHandler@1d1c63af{STARTED}}{./work/nar/extensions/nifi-update-attribute-nar-2.6.0.nar-unpacked/NAR-INF/bundled-dependencies/nifi-update-attribute-ui-2.6.0.war}
2025-10-16 10:38:43,529 INFO [main] o.e.j.ee10.servlet.ServletContextHandler Started oeje10w.WebAppContext@4b00d59{/nifi-update-attribute-ui-2.6.0,/nifi-update-attribute-ui-2.6.0,b=file:///opt/nifi/nifi-current/work/jetty/nifi-update-attribute-ui-2.6.0.war/webapp/,a=AVAILABLE,h=oeje10s.SessionHandler@1d1c63af{STARTED}}{./work/nar/extensions/nifi-update-attribute-nar-2.6.0.nar-unpacked/NAR-INF/bundled-dependencies/nifi-update-attribute-ui-2.6.0.war}
2025-10-16 10:38:43,647 INFO [main] o.e.j.s.handler.ContextHandler._nifi_api No Spring WebApplicationInitializer types detected on classpath
2025-10-16 10:38:43,667 INFO [main] o.e.jetty.server.handler.ContextHandler Started oeje10w.WebAppContext@b842275{nifi-api,/nifi-api,b=file:///opt/nifi/nifi-current/work/jetty/nifi-web-api-2.6.0.war/webapp/,a=AVAILABLE,h=oeje10s.SessionHandler@4fef5792{STARTED}}{./work/nar/extensions/nifi-server-nar-2.6.0.nar-unpacked/NAR-INF/bundled-dependencies/nifi-web-api-2.6.0.war}
2025-10-16 10:38:43,667 INFO [main] o.e.j.s.handler.ContextHandler._nifi_api Initializing Spring root WebApplicationContext
2025-10-16 10:38:44,174 INFO [main] o.a.nifi.properties.NiFiPropertiesLoader Loading Application Properties [/opt/nifi/nifi-current/conf/nifi.properties]
2025-10-16 10:38:44,538 INFO [main] o.a.n.wali.SequentialAccessWriteAheadLog Recovering records from Write-Ahead Log at ./state/local
2025-10-16 10:38:44,539 INFO [main] org.apache.nifi.wali.HashMapSnapshot org.apache.nifi.wali.HashMapSnapshot@5ad13be4 restored 2 Records and 0 Swap Files from Snapshot, ending with Transaction ID 1
2025-10-16 10:38:44,539 INFO [main] o.a.n.wali.SequentialAccessWriteAheadLog Successfully recovered 2 records and 0 swap files from Snapshot at ./state/local/checkpoint with Max Transaction ID of 1 in 0 milliseconds. Now recovering records from 1 journal files
2025-10-16 10:38:44,541 INFO [main] o.a.nifi.wali.LengthDelimitedJournal Recovering records from journal ./state/local/journals/2.journal
2025-10-16 10:38:44,541 INFO [main] o.a.nifi.wali.LengthDelimitedJournal Successfully recovered 0 updates from journal ./state/local/journals/2.journal
2025-10-16 10:38:44,541 INFO [main] o.a.n.wali.SequentialAccessWriteAheadLog Successfully recovered 2 records in 2 milliseconds. Now checkpointing to ensure that Write-Ahead Log is in a consistent state
2025-10-16 10:38:44,543 INFO [main] o.a.n.wali.SequentialAccessWriteAheadLog Checkpointed Write-Ahead Log with 2 Records and 0 Swap Files in 2 milliseconds (Stop-the-world time = 1 milliseconds), max Transaction ID 1
2025-10-16 10:38:44,780 INFO [main] jetbrains.exodus.env.EnvironmentImpl Exodus environment created: ./database_repository
2025-10-16 10:38:44,824 INFO [main] o.a.n.a.service.EntityStoreAuditService Environment configured with directory [./database_repository]
2025-10-16 10:38:44,914 WARN [main] org.apache.nifi.util.FlowParser Flow Configuration does not exist or was empty
2025-10-16 10:38:45,323 INFO [main] o.a.n.c.r.WriteAheadFlowFileRepository Initialized FlowFile Repository
2025-10-16 10:38:45,324 INFO [main] o.apache.nifi.controller.FlowController Creating Provenance Repository [org.apache.nifi.provenance.WriteAheadProvenanceRepository]
2025-10-16 10:38:45,339 INFO [main] o.a.n.p.store.WriteAheadStorePartition After recovering ./provenance_repository, next Event ID to be generated will be 0
2025-10-16 10:38:45,340 INFO [main] o.a.n.p.index.lucene.LuceneEventIndex Will avoid re-indexing Provenance Events because the newest index is defunct, so it will be re-indexed in the background
2025-10-16 10:38:45,341 INFO [main] o.apache.nifi.controller.FlowController Creating Content Repository [org.apache.nifi.controller.repository.FileSystemRepository]
2025-10-16 10:38:45,343 INFO [main] o.a.n.c.repository.FileSystemRepository Maximum Threshold for Container default set to 29412863508 bytes; if volume exceeds this size, archived data will be deleted until it no longer exceeds this size
2025-10-16 10:38:45,343 INFO [main] o.a.n.c.repository.FileSystemRepository Initializing FileSystemRepository with 'Always Sync' set to false
2025-10-16 10:38:45,849 INFO [main] org.apache.nifi.py4j.PythonProcess Launching Python Process python3 /opt/nifi/nifi-current/./python/framework/Controller.py with working directory ./work/python/controller to communicate with Java on Port 40389
2025-10-16 10:38:45,966 INFO [python-log-128] org.apache.nifi.py4j.Controller Listening for requests from Java side using Python Port 40343, communicating with Java on port 40389
2025-10-16 10:38:46,024 INFO [main] org.apache.nifi.py4j.PythonProcess Successfully started and pinged Python Server. Python Process = Process[pid=128, exitValue="not exited"]
2025-10-16 10:38:46,321 INFO [main] o.a.n.n.NarPersistenceProviderFactoryBean Creating NAR Persistence Provider [org.apache.nifi.nar.StandardNarPersistenceProvider]
2025-10-16 10:38:46,322 INFO [main] o.a.n.nar.StandardNarPersistenceProvider Loaded persistence info for 0 NARs
2025-10-16 10:38:46,322 INFO [main] o.a.n.nar.StandardNarPersistenceProvider Initialization completed with storage location [/opt/nifi/nifi-current/./nar_repository]
2025-10-16 10:38:46,328 INFO [main] org.apache.nifi.nar.StandardNarManager Loading stored NAR files [0]
2025-10-16 10:38:46,597 INFO [main] o.a.n.a.s.u.SingleUserLoginIdentityProvider 

Generated Username [bbfc77f9-ae62-4681-95c4-cd68e5ddb2e9]
Generated Password [o8BGwquoDicCcRThBhztasONHjYex2gV]

2025-10-16 10:38:46,597 INFO [main] o.a.n.a.s.u.SingleUserLoginIdentityProvider Run the following command to change credentials: nifi.sh set-single-user-credentials USERNAME PASSWORD
2025-10-16 10:38:46,864 INFO [main] o.a.n.a.s.u.SingleUserLoginIdentityProvider Updating Login Identity Providers Configuration [./conf/login-identity-providers.xml]
2025-10-16 10:38:47,546 INFO [main] o.s.s.c.a.a.c.InitializeAuthenticationProviderBeanManagerConfigurer$InitializeAuthenticationProviderManagerConfigurer Found 5 AuthenticationProvider beans, with names [anonymousAuthenticationProvider, jwtAuthenticationProvider, oidcAuthorizationCodeAuthenticationProvider, openSamlAuthenticationProvider, x509AuthenticationProvider]. Global Authentication Manager will not be configured with AuthenticationProviders. Consider publishing a single AuthenticationProvider bean, or wiring your Providers directly using the DSL.
2025-10-16 10:38:47,812 INFO [main] o.a.n.w.c.ApplicationStartupContextListener Starting Flow Controller...
2025-10-16 10:38:47,816 INFO [main] o.a.n.c.s.VersionedFlowSynchronizer Synchronizing FlowController with proposed flow: Controller Already Synchronized = false
2025-10-16 10:38:47,821 INFO [main] o.a.n.c.s.VersionedFlowSynchronizer Successfully synchronized dataflow with the proposed flow in 5 millis
2025-10-16 10:38:47,821 INFO [main] o.apache.nifi.controller.FlowController Successfully synchronized controller with proposed flow. Flow contains the following number of components: {Processors=0, Controller Services=0, Reporting Tasks=0, Flow Analysis Rules=0, Process Groups=0, Remote Process Groups=0, Parameter Providers=0, Flow Registry Clients=0, Local Input Ports=0, Local Output Ports=0, Public Input Ports=0, Public Output Ports=0}
2025-10-16 10:38:47,857 INFO [main] o.a.n.wali.SequentialAccessWriteAheadLog Recovering records from Write-Ahead Log at ./flowfile_repository
2025-10-16 10:38:47,861 INFO [main] org.apache.nifi.wali.HashMapSnapshot org.apache.nifi.wali.HashMapSnapshot@4e02800b restored 0 Records and 0 Swap Files from Snapshot, ending with Transaction ID -1
2025-10-16 10:38:47,861 INFO [main] o.a.n.wali.SequentialAccessWriteAheadLog Successfully recovered 0 records and 0 swap files from Snapshot at ./flowfile_repository/checkpoint with Max Transaction ID of -1 in 3 milliseconds. Now recovering records from 1 journal files
2025-10-16 10:38:47,861 INFO [main] o.a.nifi.wali.LengthDelimitedJournal Recovering records from journal ./flowfile_repository/journals/0.journal
2025-10-16 10:38:47,862 INFO [main] o.a.nifi.wali.LengthDelimitedJournal Successfully recovered 0 updates from journal ./flowfile_repository/journals/0.journal
2025-10-16 10:38:47,862 INFO [main] o.a.n.wali.SequentialAccessWriteAheadLog Successfully recovered 0 records in 4 milliseconds. Now checkpointing to ensure that Write-Ahead Log is in a consistent state
2025-10-16 10:38:47,864 INFO [main] o.a.n.wali.SequentialAccessWriteAheadLog Checkpointed Write-Ahead Log with 0 Records and 0 Swap Files in 2 milliseconds (Stop-the-world time = 1 milliseconds), max Transaction ID -1
2025-10-16 10:38:47,864 INFO [main] o.a.n.c.r.WriteAheadFlowFileRepository Successfully restored 0 FlowFiles and 0 Swap Files
2025-10-16 10:38:48,056 INFO [main] o.apache.nifi.controller.FlowController Scheduled Flow Registry synchronization every 30 min
2025-10-16 10:38:48,059 INFO [main] o.apache.nifi.controller.FlowController Performed initial validation of all components in 0 milliseconds
2025-10-16 10:38:48,059 INFO [main] o.apache.nifi.controller.FlowController Starting 0 Stateless Process Groups
2025-10-16 10:38:48,059 INFO [main] o.apache.nifi.controller.FlowController Starting 0 processors/ports/funnels
2025-10-16 10:38:48,059 INFO [main] o.apache.nifi.controller.FlowController Started 0 Remote Group Ports transmitting
2025-10-16 10:38:48,059 INFO [main] o.a.n.w.c.ApplicationStartupContextListener Flow Controller started successfully.
2025-10-16 10:38:48,547 INFO [main] o.e.j.ee10.servlet.ServletContextHandler Started oeje10w.WebAppContext@b842275{nifi-api,/nifi-api,b=file:///opt/nifi/nifi-current/work/jetty/nifi-web-api-2.6.0.war/webapp/,a=AVAILABLE,h=oeje10s.SessionHandler@4fef5792{STARTED}}{./work/nar/extensions/nifi-server-nar-2.6.0.nar-unpacked/NAR-INF/bundled-dependencies/nifi-web-api-2.6.0.war}
2025-10-16 10:38:48,691 INFO [main] o.e.j.s.handler.ContextHandler._nifi No Spring WebApplicationInitializer types detected on classpath
2025-10-16 10:38:48,706 INFO [main] o.e.jetty.server.handler.ContextHandler Started oeje10w.WebAppContext@45adac0e{/nifi,/nifi,b=file:///opt/nifi/nifi-current/work/jetty/nifi-ui-2.6.0.war/webapp/,a=AVAILABLE,h=oeje10s.SessionHandler@3cfc0190{STARTED}}{./work/nar/extensions/nifi-server-nar-2.6.0.nar-unpacked/NAR-INF/bundled-dependencies/nifi-ui-2.6.0.war}
2025-10-16 10:38:48,707 INFO [main] o.e.j.ee10.servlet.ServletContextHandler Started oeje10w.WebAppContext@45adac0e{/nifi,/nifi,b=file:///opt/nifi/nifi-current/work/jetty/nifi-ui-2.6.0.war/webapp/,a=AVAILABLE,h=oeje10s.SessionHandler@3cfc0190{STARTED}}{./work/nar/extensions/nifi-server-nar-2.6.0.nar-unpacked/NAR-INF/bundled-dependencies/nifi-ui-2.6.0.war}
2025-10-16 10:38:48,713 INFO [main] o.eclipse.jetty.server.AbstractConnector Started ServerConnector@58817895{SSL, (ssl, alpn, h2, http/1.1)}{7193b0e792ca:8443}
2025-10-16 10:38:48,714 INFO [main] org.eclipse.jetty.server.Server Started oejs.Server@4cc7e3ad{STARTING}[12.0.27,sto=0] @9828ms
2025-10-16 10:38:48,715 INFO [main] org.apache.nifi.web.server.JettyServer Started Server on https://7193b0e792ca:8443/nifi
2025-10-16 10:38:48,720 INFO [main] o.a.n.runtime.StandardManagementServer Started Management Server on http://127.0.0.1:52020
2025-10-16 10:38:48,720 INFO [main] org.apache.nifi.runtime.Application Started Application in 9.634 seconds (9634398963 ns)
2025-10-16 10:39:07,866 INFO [Checkpoint FlowFile Repository] o.a.n.c.r.WriteAheadFlowFileRepository Initiating checkpoint of FlowFile Repository
2025-10-16 10:39:07,867 INFO [Checkpoint FlowFile Repository] o.a.n.c.r.WriteAheadFlowFileRepository Successfully checkpointed FlowFile Repository with 0 records in 0 milliseconds
2025-10-16 10:39:27,869 INFO [Checkpoint FlowFile Repository] o.a.n.c.r.WriteAheadFlowFileRepository Initiating checkpoint of FlowFile Repository
2025-10-16 10:39:27,870 INFO [Checkpoint FlowFile Repository] o.a.n.c.r.WriteAheadFlowFileRepository Successfully checkpointed FlowFile Repository with 0 records in 0 milliseconds
2025-10-16 10:39:46,006 INFO [Cleanup Archive for default] o.a.n.c.repository.FileSystemRepository Successfully deleted 0 files (0 bytes) from archive
2025-10-16 10:39:46,007 INFO [Cleanup Archive for default] o.a.n.c.repository.FileSystemRepository Archive cleanup completed for container default; will now allow writing to this container. Bytes used = 177.74 GB, bytes free = 50.53 GB, capacity = 228.27 GB
2025-10-16 10:39:47,872 INFO [Checkpoint FlowFile Repository] o.a.n.c.r.WriteAheadFlowFileRepository Initiating checkpoint of FlowFile Repository
2025-10-16 10:39:47,872 INFO [Checkpoint FlowFile Repository] o.a.n.c.r.WriteAheadFlowFileRepository Successfully checkpointed FlowFile Repository with 0 records in 0 milliseconds
2025-10-16 10:40:07,874 INFO [Checkpoint FlowFile Repository] o.a.n.c.r.WriteAheadFlowFileRepository Initiating checkpoint of FlowFile Repository
2025-10-16 10:40:07,874 INFO [Checkpoint FlowFile Repository] o.a.n.c.r.WriteAheadFlowFileRepository Successfully checkpointed FlowFile Repository with 0 records in 0 milliseconds
2025-10-16 10:40:27,875 INFO [Checkpoint FlowFile Repository] o.a.n.c.r.WriteAheadFlowFileRepository Initiating checkpoint of FlowFile Repository
2025-10-16 10:40:27,876 INFO [Checkpoint FlowFile Repository] o.a.n.c.r.WriteAheadFlowFileRepository Successfully checkpointed FlowFile Repository with 0 records in 0 milliseconds
2025-10-16 10:40:44,564 INFO [Write-Ahead Local State Provider Maintenance] o.a.n.wali.SequentialAccessWriteAheadLog Checkpointed Write-Ahead Log with 2 Records and 0 Swap Files in 12 milliseconds (Stop-the-world time = 7 milliseconds), max Transaction ID 5
2025-10-16 10:40:46,132 INFO [Cleanup Archive for default] o.a.n.c.repository.FileSystemRepository Successfully deleted 0 files (0 bytes) from archive
2025-10-16 10:40:46,133 INFO [Cleanup Archive for default] o.a.n.c.repository.FileSystemRepository Archive cleanup completed for container default; will now allow writing to this container. Bytes used = 177.74 GB, bytes free = 50.53 GB, capacity = 228.27 GB
2025-10-16 10:40:47,878 INFO [Checkpoint FlowFile Repository] o.a.n.c.r.WriteAheadFlowFileRepository Initiating checkpoint of FlowFile Repository
2025-10-16 10:40:47,879 INFO [Checkpoint FlowFile Repository] o.a.n.c.r.WriteAheadFlowFileRepository Successfully checkpointed FlowFile Repository with 0 records in 0 milliseconds
2025-10-16 10:41:07,882 INFO [Checkpoint FlowFile Repository] o.a.n.c.r.WriteAheadFlowFileRepository Initiating checkpoint of FlowFile Repository
2025-10-16 10:41:07,882 INFO [Checkpoint FlowFile Repository] o.a.n.c.r.WriteAheadFlowFileRepository Successfully checkpointed FlowFile Repository with 0 records in 0 milliseconds
