2025-10-16 10:44:36,845 INFO [main] org.apache.nifi.runtime.Application Starting NiFi 2.6.0 using Java 21.0.8+12-LTS with PID 46
2025-10-16 10:44:36,848 INFO [main] o.apache.nifi.runtime.PropertiesProvider Loading Application Properties [/opt/nifi/nifi-current/conf/nifi.properties]
2025-10-16 10:44:36,856 INFO [main] org.apache.nifi.nar.NarUnpacker Expanding 112 NAR files started
2025-10-16 10:44:39,723 INFO [main] org.apache.nifi.nar.NarUnpacker Expanded 112 NAR files in 2.865 seconds (2865934626 ns)
2025-10-16 10:44:39,972 INFO [main] org.apache.nifi.nar.NarClassLoaders Loaded NAR file: /opt/nifi/nifi-current/./work/nar/extensions/nifi-jetty-nar-2.6.0.nar-unpacked as class loader org.apache.nifi.nar.NarClassLoader[./work/nar/extensions/nifi-jetty-nar-2.6.0.nar-unpacked]
2025-10-16 10:44:39,975 INFO [main] org.apache.nifi.nar.NarClassLoaders Loaded NAR file: /opt/nifi/nifi-current/./work/nar/framework/nifi-framework-nar-2.6.0.nar-unpacked as class loader org.apache.nifi.nar.NarClassLoader[./work/nar/framework/nifi-framework-nar-2.6.0.nar-unpacked]
2025-10-16 10:44:40,031 INFO [main] org.apache.nifi.nar.NarClassLoaders Loaded NAR file: /opt/nifi/nifi-current/./work/nar/extensions/nifi-provenance-repository-nar-2.6.0.nar-unpacked as class loader org.apache.nifi.nar.NarClassLoader[./work/nar/extensions/nifi-provenance-repository-nar-2.6.0.nar-unpacked]
2025-10-16 10:44:40,032 INFO [main] org.apache.nifi.nar.NarClassLoaders Loaded NAR file: /opt/nifi/nifi-current/./work/nar/extensions/nifi-hl7-nar-2.6.0.nar-unpacked as class loader org.apache.nifi.nar.NarClassLoader[./work/nar/extensions/nifi-hl7-nar-2.6.0.nar-unpacked]
2025-10-16 10:44:40,046 INFO [main] org.apache.nifi.nar.NarClassLoaders Loaded NAR file: /opt/nifi/nifi-current/./work/nar/extensions/nifi-compress-nar-2.6.0.nar-unpacked as class loader org.apache.nifi.nar.NarClassLoader[./work/nar/extensions/nifi-compress-nar-2.6.0.nar-unpacked]
2025-10-16 10:44:40,047 INFO [main] org.apache.nifi.nar.NarClassLoaders Loaded NAR file: /opt/nifi/nifi-current/./work/nar/extensions/nifi-update-attribute-nar-2.6.0.nar-unpacked as class loader org.apache.nifi.nar.NarClassLoader[./work/nar/extensions/nifi-update-attribute-nar-2.6.0.nar-unpacked]
2025-10-16 10:44:40,048 INFO [main] org.apache.nifi.nar.NarClassLoaders Loaded NAR file: /opt/nifi/nifi-current/./work/nar/extensions/nifi-ldap-iaa-providers-nar-2.6.0.nar-unpacked as class loader org.apache.nifi.nar.NarClassLoader[./work/nar/extensions/nifi-ldap-iaa-providers-nar-2.6.0.nar-unpacked]
2025-10-16 10:44:40,049 INFO [main] org.apache.nifi.nar.NarClassLoaders Loaded NAR file: /opt/nifi/nifi-current/./work/nar/extensions/nifi-single-user-iaa-providers-nar-2.6.0.nar-unpacked as class loader org.apache.nifi.nar.NarClassLoader[./work/nar/extensions/nifi-single-user-iaa-providers-nar-2.6.0.nar-unpacked]
2025-10-16 10:44:40,050 INFO [main] org.apache.nifi.nar.NarClassLoaders Loaded NAR file: /opt/nifi/nifi-current/./work/nar/extensions/nifi-framework-kubernetes-nar-2.6.0.nar-unpacked as class loader org.apache.nifi.nar.NarClassLoader[./work/nar/extensions/nifi-framework-kubernetes-nar-2.6.0.nar-unpacked]
2025-10-16 10:44:40,052 INFO [main] org.apache.nifi.nar.NarClassLoaders Loaded NAR file: /opt/nifi/nifi-current/./work/nar/extensions/nifi-server-nar-2.6.0.nar-unpacked as class loader org.apache.nifi.nar.NarClassLoader[./work/nar/extensions/nifi-server-nar-2.6.0.nar-unpacked]
2025-10-16 10:44:40,061 INFO [main] org.apache.nifi.nar.NarClassLoaders Loaded NAR file: /opt/nifi/nifi-current/./work/nar/extensions/nifi-standard-services-api-nar-2.6.0.nar-unpacked as class loader org.apache.nifi.nar.NarClassLoader[./work/nar/extensions/nifi-standard-services-api-nar-2.6.0.nar-unpacked]
2025-10-16 10:44:40,062 INFO [main] org.apache.nifi.nar.NarClassLoaders Loaded NAR file: /opt/nifi/nifi-current/./work/nar/extensions/nifi-email-nar-2.6.0.nar-unpacked as class loader org.apache.nifi.nar.NarClassLoader[./work/nar/extensions/nifi-email-nar-2.6.0.nar-unpacked]
2025-10-16 10:44:40,063 INFO [main] org.apache.nifi.nar.NarClassLoaders Loaded NAR file: /opt/nifi/nifi-current/./work/nar/extensions/nifi-dbcp-service-nar-2.6.0.nar-unpacked as class loader org.apache.nifi.nar.NarClassLoader[./work/nar/extensions/nifi-dbcp-service-nar-2.6.0.nar-unpacked]
2025-10-16 10:44:40,064 INFO [main] org.apache.nifi.nar.NarClassLoaders Loaded NAR file: /opt/nifi/nifi-current/./work/nar/extensions/nifi-kerberos-iaa-providers-nar-2.6.0.nar-unpacked as class loader org.apache.nifi.nar.NarClassLoader[./work/nar/extensions/nifi-kerberos-iaa-providers-nar-2.6.0.nar-unpacked]
2025-10-16 10:44:40,064 INFO [main] org.apache.nifi.nar.NarClassLoaders Loaded NAR file: /opt/nifi/nifi-current/./work/nar/extensions/nifi-evtx-nar-2.6.0.nar-unpacked as class loader org.apache.nifi.nar.NarClassLoader[./work/nar/extensions/nifi-evtx-nar-2.6.0.nar-unpacked]
2025-10-16 10:44:40,065 INFO [main] org.apache.nifi.nar.NarClassLoaders Loaded NAR file: /opt/nifi/nifi-current/./work/nar/extensions/nifi-stateful-analysis-nar-2.6.0.nar-unpacked as class loader org.apache.nifi.nar.NarClassLoader[./work/nar/extensions/nifi-stateful-analysis-nar-2.6.0.nar-unpacked]
2025-10-16 10:44:40,065 INFO [main] org.apache.nifi.nar.NarClassLoaders Loaded NAR file: /opt/nifi/nifi-current/./work/nar/extensions/nifi-file-resource-service-nar-2.6.0.nar-unpacked as class loader org.apache.nifi.nar.NarClassLoader[./work/nar/extensions/nifi-file-resource-service-nar-2.6.0.nar-unpacked]
2025-10-16 10:44:40,066 INFO [main] org.apache.nifi.nar.NarClassLoaders Loaded NAR file: /opt/nifi/nifi-current/./work/nar/extensions/nifi-standard-shared-nar-2.6.0.nar-unpacked as class loader org.apache.nifi.nar.NarClassLoader[./work/nar/extensions/nifi-standard-shared-nar-2.6.0.nar-unpacked]
2025-10-16 10:44:40,071 INFO [main] org.apache.nifi.nar.NarClassLoaders Loaded NAR file: /opt/nifi/nifi-current/./work/nar/extensions/nifi-gcp-services-api-nar-2.6.0.nar-unpacked as class loader org.apache.nifi.nar.NarClassLoader[./work/nar/extensions/nifi-gcp-services-api-nar-2.6.0.nar-unpacked]
2025-10-16 10:44:40,072 INFO [main] org.apache.nifi.nar.NarClassLoaders Loaded NAR file: /opt/nifi/nifi-current/./work/nar/extensions/nifi-database-dialect-service-nar-2.6.0.nar-unpacked as class loader org.apache.nifi.nar.NarClassLoader[./work/nar/extensions/nifi-database-dialect-service-nar-2.6.0.nar-unpacked]
2025-10-16 10:44:40,073 INFO [main] org.apache.nifi.nar.NarClassLoaders Loaded NAR file: /opt/nifi/nifi-current/./work/nar/extensions/nifi-poi-nar-2.6.0.nar-unpacked as class loader org.apache.nifi.nar.NarClassLoader[./work/nar/extensions/nifi-poi-nar-2.6.0.nar-unpacked]
2025-10-16 10:44:40,074 INFO [main] org.apache.nifi.nar.NarClassLoaders Loaded NAR file: /opt/nifi/nifi-current/./work/nar/extensions/nifi-key-service-nar-2.6.0.nar-unpacked as class loader org.apache.nifi.nar.NarClassLoader[./work/nar/extensions/nifi-key-service-nar-2.6.0.nar-unpacked]
2025-10-16 10:44:40,075 INFO [main] org.apache.nifi.nar.NarClassLoaders Loaded NAR file: /opt/nifi/nifi-current/./work/nar/extensions/nifi-asana-services-api-nar-2.6.0.nar-unpacked as class loader org.apache.nifi.nar.NarClassLoader[./work/nar/extensions/nifi-asana-services-api-nar-2.6.0.nar-unpacked]
2025-10-16 10:44:40,103 INFO [main] org.apache.nifi.nar.NarClassLoaders Loaded NAR file: /opt/nifi/nifi-current/./work/nar/extensions/nifi-snmp-nar-2.6.0.nar-unpacked as class loader org.apache.nifi.nar.NarClassLoader[./work/nar/extensions/nifi-snmp-nar-2.6.0.nar-unpacked]
2025-10-16 10:44:40,104 INFO [main] org.apache.nifi.nar.NarClassLoaders Loaded NAR file: /opt/nifi/nifi-current/./work/nar/extensions/nifi-framework-zookeeper-nar-2.6.0.nar-unpacked as class loader org.apache.nifi.nar.NarClassLoader[./work/nar/extensions/nifi-framework-zookeeper-nar-2.6.0.nar-unpacked]
2025-10-16 10:44:40,106 INFO [main] org.apache.nifi.nar.NarClassLoaders Loaded NAR file: /opt/nifi/nifi-current/./work/nar/extensions/nifi-ssl-context-service-nar-2.6.0.nar-unpacked as class loader org.apache.nifi.nar.NarClassLoader[./work/nar/extensions/nifi-ssl-context-service-nar-2.6.0.nar-unpacked]
2025-10-16 10:44:40,107 INFO [main] org.apache.nifi.nar.NarClassLoaders Loaded NAR file: /opt/nifi/nifi-current/./work/nar/extensions/nifi-web-client-provider-service-nar-2.6.0.nar-unpacked as class loader org.apache.nifi.nar.NarClassLoader[./work/nar/extensions/nifi-web-client-provider-service-nar-2.6.0.nar-unpacked]
2025-10-16 10:44:40,107 INFO [main] org.apache.nifi.nar.NarClassLoaders Loaded NAR file: /opt/nifi/nifi-current/./work/nar/extensions/nifi-network-processors-nar-2.6.0.nar-unpacked as class loader org.apache.nifi.nar.NarClassLoader[./work/nar/extensions/nifi-network-processors-nar-2.6.0.nar-unpacked]
2025-10-16 10:44:40,107 INFO [main] org.apache.nifi.nar.NarClassLoaders Loaded NAR file: /opt/nifi/nifi-current/./work/nar/extensions/nifi-kafka-service-api-nar-2.6.0.nar-unpacked as class loader org.apache.nifi.nar.NarClassLoader[./work/nar/extensions/nifi-kafka-service-api-nar-2.6.0.nar-unpacked]
2025-10-16 10:44:40,107 INFO [main] org.apache.nifi.nar.NarClassLoaders Loaded NAR file: /opt/nifi/nifi-current/./work/nar/extensions/nifi-windows-event-log-nar-2.6.0.nar-unpacked as class loader org.apache.nifi.nar.NarClassLoader[./work/nar/extensions/nifi-windows-event-log-nar-2.6.0.nar-unpacked]
2025-10-16 10:44:40,108 INFO [main] org.apache.nifi.nar.NarClassLoaders Loaded NAR file: /opt/nifi/nifi-current/./work/nar/extensions/nifi-gcp-nar-2.6.0.nar-unpacked as class loader org.apache.nifi.nar.NarClassLoader[./work/nar/extensions/nifi-gcp-nar-2.6.0.nar-unpacked]
2025-10-16 10:44:40,112 INFO [main] org.apache.nifi.nar.NarClassLoaders Loaded NAR file: /opt/nifi/nifi-current/./work/nar/extensions/nifi-hashicorp-vault-client-service-api-nar-2.6.0.nar-unpacked as class loader org.apache.nifi.nar.NarClassLoader[./work/nar/extensions/nifi-hashicorp-vault-client-service-api-nar-2.6.0.nar-unpacked]
2025-10-16 10:44:40,112 INFO [main] org.apache.nifi.nar.NarClassLoaders Loaded NAR file: /opt/nifi/nifi-current/./work/nar/extensions/nifi-registry-nar-2.6.0.nar-unpacked as class loader org.apache.nifi.nar.NarClassLoader[./work/nar/extensions/nifi-registry-nar-2.6.0.nar-unpacked]
2025-10-16 10:44:40,113 INFO [main] org.apache.nifi.nar.NarClassLoaders Loaded NAR file: /opt/nifi/nifi-current/./work/nar/extensions/nifi-protobuf-services-nar-2.6.0.nar-unpacked as class loader org.apache.nifi.nar.NarClassLoader[./work/nar/extensions/nifi-protobuf-services-nar-2.6.0.nar-unpacked]
2025-10-16 10:44:40,114 INFO [main] org.apache.nifi.nar.NarClassLoaders Loaded NAR file: /opt/nifi/nifi-current/./work/nar/extensions/nifi-asana-services-nar-2.6.0.nar-unpacked as class loader org.apache.nifi.nar.NarClassLoader[./work/nar/extensions/nifi-asana-services-nar-2.6.0.nar-unpacked]
2025-10-16 10:44:40,114 INFO [main] org.apache.nifi.nar.NarClassLoaders Loaded NAR file: /opt/nifi/nifi-current/./work/nar/extensions/nifi-site-to-site-reporting-nar-2.6.0.nar-unpacked as class loader org.apache.nifi.nar.NarClassLoader[./work/nar/extensions/nifi-site-to-site-reporting-nar-2.6.0.nar-unpacked]
2025-10-16 10:44:40,115 INFO [main] org.apache.nifi.nar.NarClassLoaders Loaded NAR file: /opt/nifi/nifi-current/./work/nar/extensions/nifi-zendesk-nar-2.6.0.nar-unpacked as class loader org.apache.nifi.nar.NarClassLoader[./work/nar/extensions/nifi-zendesk-nar-2.6.0.nar-unpacked]
2025-10-16 10:44:40,115 INFO [main] org.apache.nifi.nar.NarClassLoaders Loaded NAR file: /opt/nifi/nifi-current/./work/nar/extensions/nifi-cipher-nar-2.6.0.nar-unpacked as class loader org.apache.nifi.nar.NarClassLoader[./work/nar/extensions/nifi-cipher-nar-2.6.0.nar-unpacked]
2025-10-16 10:44:40,116 INFO [main] org.apache.nifi.nar.NarClassLoaders Loaded NAR file: /opt/nifi/nifi-current/./work/nar/extensions/nifi-jms-cf-service-nar-2.6.0.nar-unpacked as class loader org.apache.nifi.nar.NarClassLoader[./work/nar/extensions/nifi-jms-cf-service-nar-2.6.0.nar-unpacked]
2025-10-16 10:44:40,116 INFO [main] org.apache.nifi.nar.NarClassLoaders Loaded NAR file: /opt/nifi/nifi-current/./work/nar/extensions/nifi-jolt-nar-2.6.0.nar-unpacked as class loader org.apache.nifi.nar.NarClassLoader[./work/nar/extensions/nifi-jolt-nar-2.6.0.nar-unpacked]
2025-10-16 10:44:40,116 INFO [main] org.apache.nifi.nar.NarClassLoaders Loaded NAR file: /opt/nifi/nifi-current/./work/nar/extensions/nifi-hazelcast-services-api-nar-2.6.0.nar-unpacked as class loader org.apache.nifi.nar.NarClassLoader[./work/nar/extensions/nifi-hazelcast-services-api-nar-2.6.0.nar-unpacked]
2025-10-16 10:44:40,116 INFO [main] org.apache.nifi.nar.NarClassLoaders Loaded NAR file: /opt/nifi/nifi-current/./work/nar/extensions/nifi-pgp-service-api-nar-2.6.0.nar-unpacked as class loader org.apache.nifi.nar.NarClassLoader[./work/nar/extensions/nifi-pgp-service-api-nar-2.6.0.nar-unpacked]
2025-10-16 10:44:40,117 INFO [main] org.apache.nifi.nar.NarClassLoaders Loaded NAR file: /opt/nifi/nifi-current/./work/nar/extensions/nifi-proxy-configuration-nar-2.6.0.nar-unpacked as class loader org.apache.nifi.nar.NarClassLoader[./work/nar/extensions/nifi-proxy-configuration-nar-2.6.0.nar-unpacked]
2025-10-16 10:44:40,117 INFO [main] org.apache.nifi.nar.NarClassLoaders Loaded NAR file: /opt/nifi/nifi-current/./work/nar/extensions/nifi-airtable-nar-2.6.0.nar-unpacked as class loader org.apache.nifi.nar.NarClassLoader[./work/nar/extensions/nifi-airtable-nar-2.6.0.nar-unpacked]
2025-10-16 10:44:40,118 INFO [main] org.apache.nifi.nar.NarClassLoaders Loaded NAR file: /opt/nifi/nifi-current/./work/nar/extensions/nifi-github-nar-2.6.0.nar-unpacked as class loader org.apache.nifi.nar.NarClassLoader[./work/nar/extensions/nifi-github-nar-2.6.0.nar-unpacked]
2025-10-16 10:44:40,118 INFO [main] org.apache.nifi.nar.NarClassLoaders Loaded NAR file: /opt/nifi/nifi-current/./work/nar/extensions/nifi-oauth2-provider-nar-2.6.0.nar-unpacked as class loader org.apache.nifi.nar.NarClassLoader[./work/nar/extensions/nifi-oauth2-provider-nar-2.6.0.nar-unpacked]
2025-10-16 10:44:40,118 INFO [main] org.apache.nifi.nar.NarClassLoaders Loaded NAR file: /opt/nifi/nifi-current/./work/nar/extensions/nifi-workday-processors-nar-2.6.0.nar-unpacked as class loader org.apache.nifi.nar.NarClassLoader[./work/nar/extensions/nifi-workday-processors-nar-2.6.0.nar-unpacked]
2025-10-16 10:44:40,118 INFO [main] org.apache.nifi.nar.NarClassLoaders Loaded NAR file: /opt/nifi/nifi-current/./work/nar/extensions/nifi-mongodb-client-service-api-nar-2.6.0.nar-unpacked as class loader org.apache.nifi.nar.NarClassLoader[./work/nar/extensions/nifi-mongodb-client-service-api-nar-2.6.0.nar-unpacked]
2025-10-16 10:44:40,119 INFO [main] org.apache.nifi.nar.NarClassLoaders Loaded NAR file: /opt/nifi/nifi-current/./work/nar/extensions/nifi-groovyx-nar-2.6.0.nar-unpacked as class loader org.apache.nifi.nar.NarClassLoader[./work/nar/extensions/nifi-groovyx-nar-2.6.0.nar-unpacked]
2025-10-16 10:44:40,121 INFO [main] org.apache.nifi.nar.NarClassLoaders Loaded NAR file: /opt/nifi/nifi-current/./work/nar/extensions/nifi-hazelcast-services-nar-2.6.0.nar-unpacked as class loader org.apache.nifi.nar.NarClassLoader[./work/nar/extensions/nifi-hazelcast-services-nar-2.6.0.nar-unpacked]
2025-10-16 10:44:40,122 INFO [main] org.apache.nifi.nar.NarClassLoaders Loaded NAR file: /opt/nifi/nifi-current/./work/nar/extensions/nifi-mqtt-nar-2.6.0.nar-unpacked as class loader org.apache.nifi.nar.NarClassLoader[./work/nar/extensions/nifi-mqtt-nar-2.6.0.nar-unpacked]
2025-10-16 10:44:40,123 INFO [main] org.apache.nifi.nar.NarClassLoaders Loaded NAR file: /opt/nifi/nifi-current/./work/nar/extensions/nifi-cdc-mysql-nar-2.6.0.nar-unpacked as class loader org.apache.nifi.nar.NarClassLoader[./work/nar/extensions/nifi-cdc-mysql-nar-2.6.0.nar-unpacked]
2025-10-16 10:44:40,123 INFO [main] org.apache.nifi.nar.NarClassLoaders Loaded NAR file: /opt/nifi/nifi-current/./work/nar/extensions/nifi-jslt-nar-2.6.0.nar-unpacked as class loader org.apache.nifi.nar.NarClassLoader[./work/nar/extensions/nifi-jslt-nar-2.6.0.nar-unpacked]
2025-10-16 10:44:40,123 INFO [main] org.apache.nifi.nar.NarClassLoaders Loaded NAR file: /opt/nifi/nifi-current/./work/nar/extensions/nifi-kafka-nar-2.6.0.nar-unpacked as class loader org.apache.nifi.nar.NarClassLoader[./work/nar/extensions/nifi-kafka-nar-2.6.0.nar-unpacked]
2025-10-16 10:44:40,124 INFO [main] org.apache.nifi.nar.NarClassLoaders Loaded NAR file: /opt/nifi/nifi-current/./work/nar/extensions/nifi-mongodb-nar-2.6.0.nar-unpacked as class loader org.apache.nifi.nar.NarClassLoader[./work/nar/extensions/nifi-mongodb-nar-2.6.0.nar-unpacked]
2025-10-16 10:44:40,124 INFO [main] org.apache.nifi.nar.NarClassLoaders Loaded NAR file: /opt/nifi/nifi-current/./work/nar/extensions/nifi-pgp-service-nar-2.6.0.nar-unpacked as class loader org.apache.nifi.nar.NarClassLoader[./work/nar/extensions/nifi-pgp-service-nar-2.6.0.nar-unpacked]
2025-10-16 10:44:40,124 INFO [main] org.apache.nifi.nar.NarClassLoaders Loaded NAR file: /opt/nifi/nifi-current/./work/nar/extensions/nifi-standard-content-viewer-nar-2.6.0.nar-unpacked as class loader org.apache.nifi.nar.NarClassLoader[./work/nar/extensions/nifi-standard-content-viewer-nar-2.6.0.nar-unpacked]
2025-10-16 10:44:40,125 INFO [main] org.apache.nifi.nar.NarClassLoaders Loaded NAR file: /opt/nifi/nifi-current/./work/nar/extensions/nifi-standard-nar-2.6.0.nar-unpacked as class loader org.apache.nifi.nar.NarClassLoader[./work/nar/extensions/nifi-standard-nar-2.6.0.nar-unpacked]
2025-10-16 10:44:40,131 INFO [main] org.apache.nifi.nar.NarClassLoaders Loaded NAR file: /opt/nifi/nifi-current/./work/nar/extensions/nifi-box-services-api-nar-2.6.0.nar-unpacked as class loader org.apache.nifi.nar.NarClassLoader[./work/nar/extensions/nifi-box-services-api-nar-2.6.0.nar-unpacked]
2025-10-16 10:44:40,131 INFO [main] org.apache.nifi.nar.NarClassLoaders Loaded NAR file: /opt/nifi/nifi-current/./work/nar/extensions/nifi-http-context-map-nar-2.6.0.nar-unpacked as class loader org.apache.nifi.nar.NarClassLoader[./work/nar/extensions/nifi-http-context-map-nar-2.6.0.nar-unpacked]
2025-10-16 10:44:40,132 INFO [main] org.apache.nifi.nar.NarClassLoaders Loaded NAR file: /opt/nifi/nifi-current/./work/nar/extensions/nifi-avro-nar-2.6.0.nar-unpacked as class loader org.apache.nifi.nar.NarClassLoader[./work/nar/extensions/nifi-avro-nar-2.6.0.nar-unpacked]
2025-10-16 10:44:40,132 INFO [main] org.apache.nifi.nar.NarClassLoaders Loaded NAR file: /opt/nifi/nifi-current/./work/nar/extensions/nifi-enrich-nar-2.6.0.nar-unpacked as class loader org.apache.nifi.nar.NarClassLoader[./work/nar/extensions/nifi-enrich-nar-2.6.0.nar-unpacked]
2025-10-16 10:44:40,133 INFO [main] org.apache.nifi.nar.NarClassLoaders Loaded NAR file: /opt/nifi/nifi-current/./work/nar/extensions/nifi-lookup-services-nar-2.6.0.nar-unpacked as class loader org.apache.nifi.nar.NarClassLoader[./work/nar/extensions/nifi-lookup-services-nar-2.6.0.nar-unpacked]
2025-10-16 10:44:40,133 INFO [main] org.apache.nifi.nar.NarClassLoaders Loaded NAR file: /opt/nifi/nifi-current/./work/nar/extensions/nifi-splunk-nar-2.6.0.nar-unpacked as class loader org.apache.nifi.nar.NarClassLoader[./work/nar/extensions/nifi-splunk-nar-2.6.0.nar-unpacked]
2025-10-16 10:44:40,134 INFO [main] org.apache.nifi.nar.NarClassLoaders Loaded NAR file: /opt/nifi/nifi-current/./work/nar/extensions/nifi-zendesk-services-nar-2.6.0.nar-unpacked as class loader org.apache.nifi.nar.NarClassLoader[./work/nar/extensions/nifi-zendesk-services-nar-2.6.0.nar-unpacked]
2025-10-16 10:44:40,134 INFO [main] org.apache.nifi.nar.NarClassLoaders Loaded NAR file: /opt/nifi/nifi-current/./work/nar/extensions/nifi-hashicorp-vault-nar-2.6.0.nar-unpacked as class loader org.apache.nifi.nar.NarClassLoader[./work/nar/extensions/nifi-hashicorp-vault-nar-2.6.0.nar-unpacked]
2025-10-16 10:44:40,135 INFO [main] org.apache.nifi.nar.NarClassLoaders Loaded NAR file: /opt/nifi/nifi-current/./work/nar/extensions/nifi-distributed-cache-services-nar-2.6.0.nar-unpacked as class loader org.apache.nifi.nar.NarClassLoader[./work/nar/extensions/nifi-distributed-cache-services-nar-2.6.0.nar-unpacked]
2025-10-16 10:44:40,136 INFO [main] org.apache.nifi.nar.NarClassLoaders Loaded NAR file: /opt/nifi/nifi-current/./work/nar/extensions/nifi-slack-nar-2.6.0.nar-unpacked as class loader org.apache.nifi.nar.NarClassLoader[./work/nar/extensions/nifi-slack-nar-2.6.0.nar-unpacked]
2025-10-16 10:44:40,159 INFO [main] org.apache.nifi.nar.NarClassLoaders Loaded NAR file: /opt/nifi/nifi-current/./work/nar/extensions/nifi-kafka-3-service-nar-2.6.0.nar-unpacked as class loader org.apache.nifi.nar.NarClassLoader[./work/nar/extensions/nifi-kafka-3-service-nar-2.6.0.nar-unpacked]
2025-10-16 10:44:40,159 INFO [main] org.apache.nifi.nar.NarClassLoaders Loaded NAR file: /opt/nifi/nifi-current/./work/nar/extensions/nifi-kerberos-user-service-nar-2.6.0.nar-unpacked as class loader org.apache.nifi.nar.NarClassLoader[./work/nar/extensions/nifi-kerberos-user-service-nar-2.6.0.nar-unpacked]
2025-10-16 10:44:40,160 INFO [main] org.apache.nifi.nar.NarClassLoaders Loaded NAR file: /opt/nifi/nifi-current/./work/nar/extensions/nifi-confluent-platform-nar-2.6.0.nar-unpacked as class loader org.apache.nifi.nar.NarClassLoader[./work/nar/extensions/nifi-confluent-platform-nar-2.6.0.nar-unpacked]
2025-10-16 10:44:40,161 INFO [main] org.apache.nifi.nar.NarClassLoaders Loaded NAR file: /opt/nifi/nifi-current/./work/nar/extensions/nifi-social-media-nar-2.6.0.nar-unpacked as class loader org.apache.nifi.nar.NarClassLoader[./work/nar/extensions/nifi-social-media-nar-2.6.0.nar-unpacked]
2025-10-16 10:44:40,162 INFO [main] org.apache.nifi.nar.NarClassLoaders Loaded NAR file: /opt/nifi/nifi-current/./work/nar/extensions/nifi-opentelemetry-nar-2.6.0.nar-unpacked as class loader org.apache.nifi.nar.NarClassLoader[./work/nar/extensions/nifi-opentelemetry-nar-2.6.0.nar-unpacked]
2025-10-16 10:44:40,162 INFO [main] org.apache.nifi.nar.NarClassLoaders Loaded NAR file: /opt/nifi/nifi-current/./work/nar/extensions/nifi-elasticsearch-client-service-api-nar-2.6.0.nar-unpacked as class loader org.apache.nifi.nar.NarClassLoader[./work/nar/extensions/nifi-elasticsearch-client-service-api-nar-2.6.0.nar-unpacked]
2025-10-16 10:44:40,163 INFO [main] org.apache.nifi.nar.NarClassLoaders Loaded NAR file: /opt/nifi/nifi-current/./work/nar/extensions/nifi-py4j-nar-2.6.0.nar-unpacked as class loader org.apache.nifi.nar.NarClassLoader[./work/nar/extensions/nifi-py4j-nar-2.6.0.nar-unpacked]
2025-10-16 10:44:40,163 INFO [main] org.apache.nifi.nar.NarClassLoaders Loaded NAR file: /opt/nifi/nifi-current/./work/nar/extensions/nifi-amqp-nar-2.6.0.nar-unpacked as class loader org.apache.nifi.nar.NarClassLoader[./work/nar/extensions/nifi-amqp-nar-2.6.0.nar-unpacked]
2025-10-16 10:44:40,164 INFO [main] org.apache.nifi.nar.NarClassLoaders Loaded NAR file: /opt/nifi/nifi-current/./work/nar/extensions/nifi-salesforce-nar-2.6.0.nar-unpacked as class loader org.apache.nifi.nar.NarClassLoader[./work/nar/extensions/nifi-salesforce-nar-2.6.0.nar-unpacked]
2025-10-16 10:44:40,164 INFO [main] org.apache.nifi.nar.NarClassLoaders Loaded NAR file: /opt/nifi/nifi-current/./work/nar/extensions/nifi-websocket-services-api-nar-2.6.0.nar-unpacked as class loader org.apache.nifi.nar.NarClassLoader[./work/nar/extensions/nifi-websocket-services-api-nar-2.6.0.nar-unpacked]
2025-10-16 10:44:40,164 INFO [main] org.apache.nifi.nar.NarClassLoaders Loaded NAR file: /opt/nifi/nifi-current/./work/nar/extensions/nifi-shopify-nar-2.6.0.nar-unpacked as class loader org.apache.nifi.nar.NarClassLoader[./work/nar/extensions/nifi-shopify-nar-2.6.0.nar-unpacked]
2025-10-16 10:44:40,165 INFO [main] org.apache.nifi.nar.NarClassLoaders Loaded NAR file: /opt/nifi/nifi-current/./work/nar/extensions/nifi-geohash-nar-2.6.0.nar-unpacked as class loader org.apache.nifi.nar.NarClassLoader[./work/nar/extensions/nifi-geohash-nar-2.6.0.nar-unpacked]
2025-10-16 10:44:40,165 INFO [main] org.apache.nifi.nar.NarClassLoaders Loaded NAR file: /opt/nifi/nifi-current/./work/nar/extensions/nifi-aws-service-api-nar-2.6.0.nar-unpacked as class loader org.apache.nifi.nar.NarClassLoader[./work/nar/extensions/nifi-aws-service-api-nar-2.6.0.nar-unpacked]
2025-10-16 10:44:40,166 INFO [main] org.apache.nifi.nar.NarClassLoaders Loaded NAR file: /opt/nifi/nifi-current/./work/nar/extensions/nifi-kafka-service-aws-nar-2.6.0.nar-unpacked as class loader org.apache.nifi.nar.NarClassLoader[./work/nar/extensions/nifi-kafka-service-aws-nar-2.6.0.nar-unpacked]
2025-10-16 10:44:40,168 INFO [main] org.apache.nifi.nar.NarClassLoaders Loaded NAR file: /opt/nifi/nifi-current/./work/nar/extensions/nifi-db-schema-registry-service-nar-2.6.0.nar-unpacked as class loader org.apache.nifi.nar.NarClassLoader[./work/nar/extensions/nifi-db-schema-registry-service-nar-2.6.0.nar-unpacked]
2025-10-16 10:44:40,168 INFO [main] org.apache.nifi.nar.NarClassLoaders Loaded NAR file: /opt/nifi/nifi-current/./work/nar/extensions/nifi-dropbox-services-api-nar-2.6.0.nar-unpacked as class loader org.apache.nifi.nar.NarClassLoader[./work/nar/extensions/nifi-dropbox-services-api-nar-2.6.0.nar-unpacked]
2025-10-16 10:44:40,169 INFO [main] org.apache.nifi.nar.NarClassLoaders Loaded NAR file: /opt/nifi/nifi-current/./work/nar/extensions/nifi-flow-registry-client-nar-2.6.0.nar-unpacked as class loader org.apache.nifi.nar.NarClassLoader[./work/nar/extensions/nifi-flow-registry-client-nar-2.6.0.nar-unpacked]
2025-10-16 10:44:40,170 INFO [main] org.apache.nifi.nar.NarClassLoaders Loaded NAR file: /opt/nifi/nifi-current/./work/nar/extensions/nifi-azure-services-api-nar-2.6.0.nar-unpacked as class loader org.apache.nifi.nar.NarClassLoader[./work/nar/extensions/nifi-azure-services-api-nar-2.6.0.nar-unpacked]
2025-10-16 10:44:40,173 INFO [main] org.apache.nifi.nar.NarClassLoaders Loaded NAR file: /opt/nifi/nifi-current/./work/nar/extensions/nifi-dropbox-services-nar-2.6.0.nar-unpacked as class loader org.apache.nifi.nar.NarClassLoader[./work/nar/extensions/nifi-dropbox-services-nar-2.6.0.nar-unpacked]
2025-10-16 10:44:40,173 INFO [main] org.apache.nifi.nar.NarClassLoaders Loaded NAR file: /opt/nifi/nifi-current/./work/nar/extensions/nifi-apicurio-nar-2.6.0.nar-unpacked as class loader org.apache.nifi.nar.NarClassLoader[./work/nar/extensions/nifi-apicurio-nar-2.6.0.nar-unpacked]
2025-10-16 10:44:40,174 INFO [main] org.apache.nifi.nar.NarClassLoaders Loaded NAR file: /opt/nifi/nifi-current/./work/nar/extensions/nifi-hubspot-nar-2.6.0.nar-unpacked as class loader org.apache.nifi.nar.NarClassLoader[./work/nar/extensions/nifi-hubspot-nar-2.6.0.nar-unpacked]
2025-10-16 10:44:40,174 INFO [main] org.apache.nifi.nar.NarClassLoaders Loaded NAR file: /opt/nifi/nifi-current/./work/nar/extensions/nifi-smb-client-api-nar-2.6.0.nar-unpacked as class loader org.apache.nifi.nar.NarClassLoader[./work/nar/extensions/nifi-smb-client-api-nar-2.6.0.nar-unpacked]
2025-10-16 10:44:40,174 INFO [main] org.apache.nifi.nar.NarClassLoaders Loaded NAR file: /opt/nifi/nifi-current/./work/nar/extensions/nifi-record-sink-service-nar-2.6.0.nar-unpacked as class loader org.apache.nifi.nar.NarClassLoader[./work/nar/extensions/nifi-record-sink-service-nar-2.6.0.nar-unpacked]
2025-10-16 10:44:40,175 INFO [main] org.apache.nifi.nar.NarClassLoaders Loaded NAR file: /opt/nifi/nifi-current/./work/nar/extensions/nifi-gitlab-nar-2.6.0.nar-unpacked as class loader org.apache.nifi.nar.NarClassLoader[./work/nar/extensions/nifi-gitlab-nar-2.6.0.nar-unpacked]
2025-10-16 10:44:40,176 INFO [main] org.apache.nifi.nar.NarClassLoaders Loaded NAR file: /opt/nifi/nifi-current/./work/nar/extensions/nifi-box-nar-2.6.0.nar-unpacked as class loader org.apache.nifi.nar.NarClassLoader[./work/nar/extensions/nifi-box-nar-2.6.0.nar-unpacked]
2025-10-16 10:44:40,176 INFO [main] org.apache.nifi.nar.NarClassLoaders Loaded NAR file: /opt/nifi/nifi-current/./work/nar/extensions/nifi-scripting-nar-2.6.0.nar-unpacked as class loader org.apache.nifi.nar.NarClassLoader[./work/nar/extensions/nifi-scripting-nar-2.6.0.nar-unpacked]
2025-10-16 10:44:40,179 INFO [main] org.apache.nifi.nar.NarClassLoaders Loaded NAR file: /opt/nifi/nifi-current/./work/nar/extensions/nifi-asana-processors-nar-2.6.0.nar-unpacked as class loader org.apache.nifi.nar.NarClassLoader[./work/nar/extensions/nifi-asana-processors-nar-2.6.0.nar-unpacked]
2025-10-16 10:44:40,179 INFO [main] org.apache.nifi.nar.NarClassLoaders Loaded NAR file: /opt/nifi/nifi-current/./work/nar/extensions/nifi-atlassian-nar-2.6.0.nar-unpacked as class loader org.apache.nifi.nar.NarClassLoader[./work/nar/extensions/nifi-atlassian-nar-2.6.0.nar-unpacked]
2025-10-16 10:44:40,179 INFO [main] org.apache.nifi.nar.NarClassLoaders Loaded NAR file: /opt/nifi/nifi-current/./work/nar/extensions/nifi-jms-processors-nar-2.6.0.nar-unpacked as class loader org.apache.nifi.nar.NarClassLoader[./work/nar/extensions/nifi-jms-processors-nar-2.6.0.nar-unpacked]
2025-10-16 10:44:40,180 INFO [main] org.apache.nifi.nar.NarClassLoaders Loaded NAR file: /opt/nifi/nifi-current/./work/nar/extensions/nifi-record-serialization-services-nar-2.6.0.nar-unpacked as class loader org.apache.nifi.nar.NarClassLoader[./work/nar/extensions/nifi-record-serialization-services-nar-2.6.0.nar-unpacked]
2025-10-16 10:44:40,181 INFO [main] org.apache.nifi.nar.NarClassLoaders Loaded NAR file: /opt/nifi/nifi-current/./work/nar/extensions/nifi-elasticsearch-client-service-nar-2.6.0.nar-unpacked as class loader org.apache.nifi.nar.NarClassLoader[./work/nar/extensions/nifi-elasticsearch-client-service-nar-2.6.0.nar-unpacked]
2025-10-16 10:44:40,182 INFO [main] org.apache.nifi.nar.NarClassLoaders Loaded NAR file: /opt/nifi/nifi-current/./work/nar/extensions/nifi-redis-service-api-nar-2.6.0.nar-unpacked as class loader org.apache.nifi.nar.NarClassLoader[./work/nar/extensions/nifi-redis-service-api-nar-2.6.0.nar-unpacked]
2025-10-16 10:44:40,183 INFO [main] org.apache.nifi.nar.NarClassLoaders Loaded NAR file: /opt/nifi/nifi-current/./work/nar/extensions/nifi-smb-smbj-client-nar-2.6.0.nar-unpacked as class loader org.apache.nifi.nar.NarClassLoader[./work/nar/extensions/nifi-smb-smbj-client-nar-2.6.0.nar-unpacked]
2025-10-16 10:44:40,183 INFO [main] org.apache.nifi.nar.NarClassLoaders Loaded NAR file: /opt/nifi/nifi-current/./work/nar/extensions/nifi-pgp-nar-2.6.0.nar-unpacked as class loader org.apache.nifi.nar.NarClassLoader[./work/nar/extensions/nifi-pgp-nar-2.6.0.nar-unpacked]
2025-10-16 10:44:40,184 INFO [main] org.apache.nifi.nar.NarClassLoaders Loaded NAR file: /opt/nifi/nifi-current/./work/nar/extensions/nifi-smb-nar-2.6.0.nar-unpacked as class loader org.apache.nifi.nar.NarClassLoader[./work/nar/extensions/nifi-smb-nar-2.6.0.nar-unpacked]
2025-10-16 10:44:40,184 INFO [main] org.apache.nifi.nar.NarClassLoaders Loaded NAR file: /opt/nifi/nifi-current/./work/nar/extensions/nifi-mongodb-services-nar-2.6.0.nar-unpacked as class loader org.apache.nifi.nar.NarClassLoader[./work/nar/extensions/nifi-mongodb-services-nar-2.6.0.nar-unpacked]
2025-10-16 10:44:40,184 INFO [main] org.apache.nifi.nar.NarClassLoaders Loaded NAR file: /opt/nifi/nifi-current/./work/nar/extensions/nifi-websocket-processors-nar-2.6.0.nar-unpacked as class loader org.apache.nifi.nar.NarClassLoader[./work/nar/extensions/nifi-websocket-processors-nar-2.6.0.nar-unpacked]
2025-10-16 10:44:40,185 INFO [main] org.apache.nifi.nar.NarClassLoaders Loaded NAR file: /opt/nifi/nifi-current/./work/nar/extensions/nifi-dropbox-processors-nar-2.6.0.nar-unpacked as class loader org.apache.nifi.nar.NarClassLoader[./work/nar/extensions/nifi-dropbox-processors-nar-2.6.0.nar-unpacked]
2025-10-16 10:44:40,185 INFO [main] org.apache.nifi.nar.NarClassLoaders Loaded NAR file: /opt/nifi/nifi-current/./work/nar/extensions/nifi-websocket-services-jetty-nar-2.6.0.nar-unpacked as class loader org.apache.nifi.nar.NarClassLoader[./work/nar/extensions/nifi-websocket-services-jetty-nar-2.6.0.nar-unpacked]
2025-10-16 10:44:40,186 INFO [main] org.apache.nifi.nar.NarClassLoaders Loaded NAR file: /opt/nifi/nifi-current/./work/nar/extensions/nifi-box-services-nar-2.6.0.nar-unpacked as class loader org.apache.nifi.nar.NarClassLoader[./work/nar/extensions/nifi-box-services-nar-2.6.0.nar-unpacked]
2025-10-16 10:44:40,187 INFO [main] org.apache.nifi.nar.NarClassLoaders Loaded NAR file: /opt/nifi/nifi-current/./work/nar/extensions/nifi-aws-nar-2.6.0.nar-unpacked as class loader org.apache.nifi.nar.NarClassLoader[./work/nar/extensions/nifi-aws-nar-2.6.0.nar-unpacked]
2025-10-16 10:44:40,198 INFO [main] org.apache.nifi.nar.NarClassLoaders Loaded NAR file: /opt/nifi/nifi-current/./work/nar/extensions/nifi-elasticsearch-restapi-nar-2.6.0.nar-unpacked as class loader org.apache.nifi.nar.NarClassLoader[./work/nar/extensions/nifi-elasticsearch-restapi-nar-2.6.0.nar-unpacked]
2025-10-16 10:44:40,199 INFO [main] org.apache.nifi.nar.NarClassLoaders Loaded NAR file: /opt/nifi/nifi-current/./work/nar/extensions/nifi-azure-nar-2.6.0.nar-unpacked as class loader org.apache.nifi.nar.NarClassLoader[./work/nar/extensions/nifi-azure-nar-2.6.0.nar-unpacked]
2025-10-16 10:44:40,206 INFO [main] org.apache.nifi.nar.NarClassLoaders Loaded NAR file: /opt/nifi/nifi-current/./work/nar/extensions/nifi-redis-nar-2.6.0.nar-unpacked as class loader org.apache.nifi.nar.NarClassLoader[./work/nar/extensions/nifi-redis-nar-2.6.0.nar-unpacked]
2025-10-16 10:44:40,206 INFO [main] org.apache.nifi.nar.NarClassLoaders Found NiFiServer implementation org.apache.nifi.web.server.JettyServer in org.apache.nifi:nifi-server-nar:2.6.0
2025-10-16 10:44:40,208 INFO [main] o.a.nifi.properties.NiFiPropertiesLoader Loading Application Properties [/opt/nifi/nifi-current/conf/nifi.properties]
2025-10-16 10:44:40,286 INFO [main] o.a.n.f.ssl.FrameworkKeyManagerBuilder Key Manager loaded from Key Store [./conf/keystore.p12]
2025-10-16 10:44:40,299 INFO [main] o.a.n.f.ssl.FrameworkTrustManagerBuilder Trust Manager loaded from Trust Store [./conf/truststore.p12]
2025-10-16 10:44:40,510 INFO [main] org.apache.nifi.web.server.JettyServer Loading WAR [/opt/nifi/nifi-current/./work/nar/extensions/nifi-standard-content-viewer-nar-2.6.0.nar-unpacked/NAR-INF/bundled-dependencies/nifi-standard-content-viewer-2.6.0.war] Context Path [/nifi-standard-content-viewer-2.6.0]
2025-10-16 10:44:40,512 INFO [main] org.apache.nifi.web.server.JettyServer Loading WAR [/opt/nifi/nifi-current/./work/nar/extensions/nifi-jolt-nar-2.6.0.nar-unpacked/NAR-INF/bundled-dependencies/nifi-jolt-transform-json-ui-2.6.0.war] Context Path [/nifi-jolt-transform-json-ui-2.6.0]
2025-10-16 10:44:40,512 INFO [main] org.apache.nifi.web.server.JettyServer Loading UI extension [ProcessorConfiguration, /nifi-jolt-transform-json-ui-2.6.0] for org.apache.nifi.processors.jolt.JoltTransformJSON:org.apache.nifi:nifi-jolt-nar:2.6.0
2025-10-16 10:44:40,513 INFO [main] org.apache.nifi.web.server.JettyServer Loading WAR [/opt/nifi/nifi-current/./work/nar/extensions/nifi-update-attribute-nar-2.6.0.nar-unpacked/NAR-INF/bundled-dependencies/nifi-update-attribute-ui-2.6.0.war] Context Path [/nifi-update-attribute-ui-2.6.0]
2025-10-16 10:44:40,513 INFO [main] org.apache.nifi.web.server.JettyServer Loading UI extension [ProcessorConfiguration, /nifi-update-attribute-ui-2.6.0] for org.apache.nifi.processors.attributes.UpdateAttribute:org.apache.nifi:nifi-update-attribute-nar:2.6.0
2025-10-16 10:44:40,515 INFO [main] org.apache.nifi.web.server.JettyServer Loading WAR [/opt/nifi/nifi-current/./work/nar/extensions/nifi-server-nar-2.6.0.nar-unpacked/NAR-INF/bundled-dependencies/nifi-ui-2.6.0.war] Context Path [/nifi]
2025-10-16 10:44:40,515 INFO [main] org.apache.nifi.web.server.JettyServer Loading WAR [/opt/nifi/nifi-current/./work/nar/extensions/nifi-server-nar-2.6.0.nar-unpacked/NAR-INF/bundled-dependencies/nifi-web-api-2.6.0.war] Context Path [/nifi-api]
2025-10-16 10:44:40,517 INFO [main] org.apache.nifi.web.server.JettyServer Loading Docs [/opt/nifi/nifi-current/docs] Context Path [/nifi-api]
2025-10-16 10:44:40,524 INFO [main] o.a.n.n.StandardExtensionDiscoveringManager Loaded extensions for org.apache.nifi:nifi-jetty-nar:2.6.0 in 1 millis
2025-10-16 10:44:40,527 INFO [main] o.a.n.n.StandardExtensionDiscoveringManager Loaded extensions for org.apache.nifi:nifi-framework-nar:2.6.0 in 3 millis
2025-10-16 10:44:40,528 INFO [main] o.a.n.n.StandardExtensionDiscoveringManager Loaded extensions for org.apache.nifi:nifi-provenance-repository-nar:2.6.0 in 1 millis
2025-10-16 10:44:40,529 INFO [main] o.a.n.n.StandardExtensionDiscoveringManager Loaded extensions for org.apache.nifi:nifi-hl7-nar:2.6.0 in 1 millis
2025-10-16 10:44:40,530 INFO [main] o.a.n.n.StandardExtensionDiscoveringManager Loaded extensions for org.apache.nifi:nifi-compress-nar:2.6.0 in 1 millis
2025-10-16 10:44:40,530 INFO [main] o.a.n.n.StandardExtensionDiscoveringManager Loaded extensions for org.apache.nifi:nifi-update-attribute-nar:2.6.0 in 0 millis
2025-10-16 10:44:40,531 INFO [main] o.a.n.n.StandardExtensionDiscoveringManager Loaded extensions for org.apache.nifi:nifi-ldap-iaa-providers-nar:2.6.0 in 0 millis
2025-10-16 10:44:40,532 INFO [main] o.a.n.n.StandardExtensionDiscoveringManager Loaded extensions for org.apache.nifi:nifi-single-user-iaa-providers-nar:2.6.0 in 1 millis
2025-10-16 10:44:40,535 INFO [main] o.a.n.n.StandardExtensionDiscoveringManager Loaded extensions for org.apache.nifi:nifi-framework-kubernetes-nar:2.6.0 in 3 millis
2025-10-16 10:44:40,536 INFO [main] o.a.n.n.StandardExtensionDiscoveringManager Loaded extensions for org.apache.nifi:nifi-server-nar:2.6.0 in 1 millis
2025-10-16 10:44:40,536 INFO [main] o.a.n.n.StandardExtensionDiscoveringManager Loaded extensions for org.apache.nifi:nifi-standard-services-api-nar:2.6.0 in 0 millis
2025-10-16 10:44:40,537 INFO [main] o.a.n.n.StandardExtensionDiscoveringManager Loaded extensions for org.apache.nifi:nifi-email-nar:2.6.0 in 1 millis
2025-10-16 10:44:40,538 INFO [main] o.a.n.n.StandardExtensionDiscoveringManager Loaded extensions for org.apache.nifi:nifi-dbcp-service-nar:2.6.0 in 1 millis
2025-10-16 10:44:40,539 INFO [main] o.a.n.n.StandardExtensionDiscoveringManager Loaded extensions for org.apache.nifi:nifi-kerberos-iaa-providers-nar:2.6.0 in 1 millis
2025-10-16 10:44:40,539 INFO [main] o.a.n.n.StandardExtensionDiscoveringManager Loaded extensions for org.apache.nifi:nifi-evtx-nar:2.6.0 in 0 millis
2025-10-16 10:44:40,540 INFO [main] o.a.n.n.StandardExtensionDiscoveringManager Loaded extensions for org.apache.nifi:nifi-stateful-analysis-nar:2.6.0 in 1 millis
2025-10-16 10:44:40,541 INFO [main] o.a.n.n.StandardExtensionDiscoveringManager Loaded extensions for org.apache.nifi:nifi-file-resource-service-nar:2.6.0 in 1 millis
2025-10-16 10:44:40,542 INFO [main] o.a.n.n.StandardExtensionDiscoveringManager Loaded extensions for org.apache.nifi:nifi-standard-shared-nar:2.6.0 in 1 millis
2025-10-16 10:44:40,543 INFO [main] o.a.n.n.StandardExtensionDiscoveringManager Loaded extensions for org.apache.nifi:nifi-gcp-services-api-nar:2.6.0 in 1 millis
2025-10-16 10:44:40,544 INFO [main] o.a.n.n.StandardExtensionDiscoveringManager Loaded extensions for org.apache.nifi:nifi-database-dialect-service-nar:2.6.0 in 1 millis
2025-10-16 10:44:40,545 INFO [main] o.a.n.n.StandardExtensionDiscoveringManager Loaded extensions for org.apache.nifi:nifi-poi-nar:2.6.0 in 1 millis
2025-10-16 10:44:40,546 INFO [main] o.a.n.n.StandardExtensionDiscoveringManager Loaded extensions for org.apache.nifi:nifi-key-service-nar:2.6.0 in 1 millis
2025-10-16 10:44:40,547 INFO [main] o.a.n.n.StandardExtensionDiscoveringManager Loaded extensions for org.apache.nifi:nifi-asana-services-api-nar:2.6.0 in 1 millis
2025-10-16 10:44:40,548 INFO [main] o.a.n.n.StandardExtensionDiscoveringManager Loaded extensions for org.apache.nifi:nifi-snmp-nar:2.6.0 in 1 millis
2025-10-16 10:44:40,549 INFO [main] o.a.n.n.StandardExtensionDiscoveringManager Loaded extensions for org.apache.nifi:nifi-framework-zookeeper-nar:2.6.0 in 1 millis
2025-10-16 10:44:40,550 INFO [main] o.a.n.n.StandardExtensionDiscoveringManager Loaded extensions for org.apache.nifi:nifi-ssl-context-service-nar:2.6.0 in 1 millis
2025-10-16 10:44:40,551 INFO [main] o.a.n.n.StandardExtensionDiscoveringManager Loaded extensions for org.apache.nifi:nifi-web-client-provider-service-nar:2.6.0 in 1 millis
2025-10-16 10:44:40,552 INFO [main] o.a.n.n.StandardExtensionDiscoveringManager Loaded extensions for org.apache.nifi:nifi-network-processors-nar:2.6.0 in 1 millis
2025-10-16 10:44:40,553 INFO [main] o.a.n.n.StandardExtensionDiscoveringManager Loaded extensions for org.apache.nifi:nifi-kafka-service-api-nar:2.6.0 in 1 millis
2025-10-16 10:44:40,554 INFO [main] o.a.n.n.StandardExtensionDiscoveringManager Loaded extensions for org.apache.nifi:nifi-windows-event-log-nar:2.6.0 in 1 millis
2025-10-16 10:44:40,555 INFO [main] o.a.n.n.StandardExtensionDiscoveringManager Loaded extensions for org.apache.nifi:nifi-gcp-nar:2.6.0 in 1 millis
2025-10-16 10:44:40,556 INFO [main] o.a.n.n.StandardExtensionDiscoveringManager Loaded extensions for org.apache.nifi:nifi-hashicorp-vault-client-service-api-nar:2.6.0 in 1 millis
2025-10-16 10:44:40,557 INFO [main] o.a.n.n.StandardExtensionDiscoveringManager Loaded extensions for org.apache.nifi:nifi-registry-nar:2.6.0 in 1 millis
2025-10-16 10:44:40,558 INFO [main] o.a.n.n.StandardExtensionDiscoveringManager Loaded extensions for org.apache.nifi:nifi-protobuf-services-nar:2.6.0 in 1 millis
2025-10-16 10:44:40,559 INFO [main] o.a.n.n.StandardExtensionDiscoveringManager Loaded extensions for org.apache.nifi:nifi-asana-services-nar:2.6.0 in 1 millis
2025-10-16 10:44:40,560 INFO [main] o.a.n.n.StandardExtensionDiscoveringManager Loaded extensions for org.apache.nifi:nifi-site-to-site-reporting-nar:2.6.0 in 1 millis
2025-10-16 10:44:40,561 INFO [main] o.a.n.n.StandardExtensionDiscoveringManager Loaded extensions for org.apache.nifi:nifi-zendesk-nar:2.6.0 in 1 millis
2025-10-16 10:44:40,562 INFO [main] o.a.n.n.StandardExtensionDiscoveringManager Loaded extensions for org.apache.nifi:nifi-cipher-nar:2.6.0 in 1 millis
2025-10-16 10:44:40,563 INFO [main] o.a.n.n.StandardExtensionDiscoveringManager Loaded extensions for org.apache.nifi:nifi-jms-cf-service-nar:2.6.0 in 1 millis
2025-10-16 10:44:40,564 INFO [main] o.a.n.n.StandardExtensionDiscoveringManager Loaded extensions for org.apache.nifi:nifi-jolt-nar:2.6.0 in 1 millis
2025-10-16 10:44:40,565 INFO [main] o.a.n.n.StandardExtensionDiscoveringManager Loaded extensions for org.apache.nifi:nifi-hazelcast-services-api-nar:2.6.0 in 1 millis
2025-10-16 10:44:40,565 INFO [main] o.a.n.n.StandardExtensionDiscoveringManager Loaded extensions for org.apache.nifi:nifi-pgp-service-api-nar:2.6.0 in 0 millis
2025-10-16 10:44:40,566 INFO [main] o.a.n.n.StandardExtensionDiscoveringManager Loaded extensions for org.apache.nifi:nifi-proxy-configuration-nar:2.6.0 in 0 millis
2025-10-16 10:44:40,567 INFO [main] o.a.n.n.StandardExtensionDiscoveringManager Loaded extensions for org.apache.nifi:nifi-airtable-nar:2.6.0 in 1 millis
2025-10-16 10:44:40,568 INFO [main] o.a.n.n.StandardExtensionDiscoveringManager Loaded extensions for org.apache.nifi:nifi-github-nar:2.6.0 in 1 millis
2025-10-16 10:44:40,569 INFO [main] o.a.n.n.StandardExtensionDiscoveringManager Loaded extensions for org.apache.nifi:nifi-oauth2-provider-nar:2.6.0 in 1 millis
2025-10-16 10:44:40,570 INFO [main] o.a.n.n.StandardExtensionDiscoveringManager Loaded extensions for org.apache.nifi:nifi-workday-processors-nar:2.6.0 in 1 millis
2025-10-16 10:44:40,570 INFO [main] o.a.n.n.StandardExtensionDiscoveringManager Loaded extensions for org.apache.nifi:nifi-mongodb-client-service-api-nar:2.6.0 in 0 millis
2025-10-16 10:44:40,571 INFO [main] o.a.n.n.StandardExtensionDiscoveringManager Loaded extensions for org.apache.nifi:nifi-groovyx-nar:2.6.0 in 1 millis
2025-10-16 10:44:40,572 INFO [main] o.a.n.n.StandardExtensionDiscoveringManager Loaded extensions for org.apache.nifi:nifi-hazelcast-services-nar:2.6.0 in 0 millis
2025-10-16 10:44:40,573 INFO [main] o.a.n.n.StandardExtensionDiscoveringManager Loaded extensions for org.apache.nifi:nifi-mqtt-nar:2.6.0 in 1 millis
2025-10-16 10:44:40,574 INFO [main] o.a.n.n.StandardExtensionDiscoveringManager Loaded extensions for org.apache.nifi:nifi-cdc-mysql-nar:2.6.0 in 1 millis
2025-10-16 10:44:40,575 INFO [main] o.a.n.n.StandardExtensionDiscoveringManager Loaded extensions for org.apache.nifi:nifi-jslt-nar:2.6.0 in 1 millis
2025-10-16 10:44:40,576 INFO [main] o.a.n.n.StandardExtensionDiscoveringManager Loaded extensions for org.apache.nifi:nifi-kafka-nar:2.6.0 in 1 millis
2025-10-16 10:44:40,577 INFO [main] o.a.n.n.StandardExtensionDiscoveringManager Loaded extensions for org.apache.nifi:nifi-mongodb-nar:2.6.0 in 1 millis
2025-10-16 10:44:40,579 INFO [main] o.a.n.n.StandardExtensionDiscoveringManager Loaded extensions for org.apache.nifi:nifi-pgp-service-nar:2.6.0 in 1 millis
2025-10-16 10:44:40,579 INFO [main] o.a.n.n.StandardExtensionDiscoveringManager Loaded extensions for org.apache.nifi:nifi-standard-content-viewer-nar:2.6.0 in 0 millis
2025-10-16 10:44:40,581 INFO [main] o.a.n.n.StandardExtensionDiscoveringManager Loaded extensions for org.apache.nifi:nifi-standard-nar:2.6.0 in 2 millis
2025-10-16 10:44:40,582 INFO [main] o.a.n.n.StandardExtensionDiscoveringManager Loaded extensions for org.apache.nifi:nifi-box-services-api-nar:2.6.0 in 1 millis
2025-10-16 10:44:40,583 INFO [main] o.a.n.n.StandardExtensionDiscoveringManager Loaded extensions for org.apache.nifi:nifi-http-context-map-nar:2.6.0 in 1 millis
2025-10-16 10:44:40,584 INFO [main] o.a.n.n.StandardExtensionDiscoveringManager Loaded extensions for org.apache.nifi:nifi-avro-nar:2.6.0 in 1 millis
2025-10-16 10:44:40,585 INFO [main] o.a.n.n.StandardExtensionDiscoveringManager Loaded extensions for org.apache.nifi:nifi-enrich-nar:2.6.0 in 1 millis
2025-10-16 10:44:40,586 INFO [main] o.a.n.n.StandardExtensionDiscoveringManager Loaded extensions for org.apache.nifi:nifi-lookup-services-nar:2.6.0 in 1 millis
2025-10-16 10:44:40,587 INFO [main] o.a.n.n.StandardExtensionDiscoveringManager Loaded extensions for org.apache.nifi:nifi-splunk-nar:2.6.0 in 1 millis
2025-10-16 10:44:40,588 INFO [main] o.a.n.n.StandardExtensionDiscoveringManager Loaded extensions for org.apache.nifi:nifi-zendesk-services-nar:2.6.0 in 1 millis
2025-10-16 10:44:40,589 INFO [main] o.a.n.n.StandardExtensionDiscoveringManager Loaded extensions for org.apache.nifi:nifi-hashicorp-vault-nar:2.6.0 in 1 millis
2025-10-16 10:44:40,590 INFO [main] o.a.n.n.StandardExtensionDiscoveringManager Loaded extensions for org.apache.nifi:nifi-distributed-cache-services-nar:2.6.0 in 1 millis
2025-10-16 10:44:40,591 INFO [main] o.a.n.n.StandardExtensionDiscoveringManager Loaded extensions for org.apache.nifi:nifi-slack-nar:2.6.0 in 1 millis
2025-10-16 10:44:40,592 INFO [main] o.a.n.n.StandardExtensionDiscoveringManager Loaded extensions for org.apache.nifi:nifi-kafka-3-service-nar:2.6.0 in 1 millis
2025-10-16 10:44:40,593 INFO [main] o.a.n.n.StandardExtensionDiscoveringManager Loaded extensions for org.apache.nifi:nifi-kerberos-user-service-nar:2.6.0 in 1 millis
2025-10-16 10:44:40,594 INFO [main] o.a.n.n.StandardExtensionDiscoveringManager Loaded extensions for org.apache.nifi:nifi-confluent-platform-nar:2.6.0 in 1 millis
2025-10-16 10:44:40,595 INFO [main] o.a.n.n.StandardExtensionDiscoveringManager Loaded extensions for org.apache.nifi:nifi-social-media-nar:2.6.0 in 1 millis
2025-10-16 10:44:40,596 INFO [main] o.a.n.n.StandardExtensionDiscoveringManager Loaded extensions for org.apache.nifi:nifi-opentelemetry-nar:2.6.0 in 1 millis
2025-10-16 10:44:40,597 INFO [main] o.a.n.n.StandardExtensionDiscoveringManager Loaded extensions for org.apache.nifi:nifi-elasticsearch-client-service-api-nar:2.6.0 in 1 millis
2025-10-16 10:44:40,598 INFO [main] o.a.n.n.StandardExtensionDiscoveringManager Loaded extensions for org.apache.nifi:nifi-py4j-nar:2.6.0 in 1 millis
2025-10-16 10:44:40,598 INFO [main] o.a.n.n.StandardExtensionDiscoveringManager Loaded extensions for org.apache.nifi:nifi-amqp-nar:2.6.0 in 0 millis
2025-10-16 10:44:40,599 INFO [main] o.a.n.n.StandardExtensionDiscoveringManager Loaded extensions for org.apache.nifi:nifi-salesforce-nar:2.6.0 in 1 millis
2025-10-16 10:44:40,600 INFO [main] o.a.n.n.StandardExtensionDiscoveringManager Loaded extensions for org.apache.nifi:nifi-websocket-services-api-nar:2.6.0 in 1 millis
2025-10-16 10:44:40,600 INFO [main] o.a.n.n.StandardExtensionDiscoveringManager Loaded extensions for org.apache.nifi:nifi-shopify-nar:2.6.0 in 0 millis
2025-10-16 10:44:40,601 INFO [main] o.a.n.n.StandardExtensionDiscoveringManager Loaded extensions for org.apache.nifi:nifi-geohash-nar:2.6.0 in 0 millis
2025-10-16 10:44:40,602 INFO [main] o.a.n.n.StandardExtensionDiscoveringManager Loaded extensions for org.apache.nifi:nifi-aws-service-api-nar:2.6.0 in 1 millis
2025-10-16 10:44:40,603 INFO [main] o.a.n.n.StandardExtensionDiscoveringManager Loaded extensions for org.apache.nifi:nifi-kafka-service-aws-nar:2.6.0 in 1 millis
2025-10-16 10:44:40,604 INFO [main] o.a.n.n.StandardExtensionDiscoveringManager Loaded extensions for org.apache.nifi:nifi-db-schema-registry-service-nar:2.6.0 in 1 millis
2025-10-16 10:44:40,605 INFO [main] o.a.n.n.StandardExtensionDiscoveringManager Loaded extensions for org.apache.nifi:nifi-dropbox-services-api-nar:2.6.0 in 1 millis
2025-10-16 10:44:40,606 INFO [main] o.a.n.n.StandardExtensionDiscoveringManager Loaded extensions for org.apache.nifi:nifi-flow-registry-client-nar:2.6.0 in 1 millis
2025-10-16 10:44:40,606 INFO [main] o.a.n.n.StandardExtensionDiscoveringManager Loaded extensions for org.apache.nifi:nifi-azure-services-api-nar:2.6.0 in 0 millis
2025-10-16 10:44:40,607 INFO [main] o.a.n.n.StandardExtensionDiscoveringManager Loaded extensions for org.apache.nifi:nifi-dropbox-services-nar:2.6.0 in 1 millis
2025-10-16 10:44:40,608 INFO [main] o.a.n.n.StandardExtensionDiscoveringManager Loaded extensions for org.apache.nifi:nifi-apicurio-nar:2.6.0 in 1 millis
2025-10-16 10:44:40,609 INFO [main] o.a.n.n.StandardExtensionDiscoveringManager Loaded extensions for org.apache.nifi:nifi-hubspot-nar:2.6.0 in 1 millis
2025-10-16 10:44:40,610 INFO [main] o.a.n.n.StandardExtensionDiscoveringManager Loaded extensions for org.apache.nifi:nifi-smb-client-api-nar:2.6.0 in 1 millis
2025-10-16 10:44:40,610 INFO [main] o.a.n.n.StandardExtensionDiscoveringManager Loaded extensions for org.apache.nifi:nifi-record-sink-service-nar:2.6.0 in 0 millis
2025-10-16 10:44:40,611 INFO [main] o.a.n.n.StandardExtensionDiscoveringManager Loaded extensions for org.apache.nifi:nifi-gitlab-nar:2.6.0 in 0 millis
2025-10-16 10:44:40,612 INFO [main] o.a.n.n.StandardExtensionDiscoveringManager Loaded extensions for org.apache.nifi:nifi-box-nar:2.6.0 in 1 millis
2025-10-16 10:44:40,613 INFO [main] o.a.n.n.StandardExtensionDiscoveringManager Loaded extensions for org.apache.nifi:nifi-scripting-nar:2.6.0 in 1 millis
2025-10-16 10:44:40,614 INFO [main] o.a.n.n.StandardExtensionDiscoveringManager Loaded extensions for org.apache.nifi:nifi-asana-processors-nar:2.6.0 in 1 millis
2025-10-16 10:44:40,615 INFO [main] o.a.n.n.StandardExtensionDiscoveringManager Loaded extensions for org.apache.nifi:nifi-atlassian-nar:2.6.0 in 1 millis
2025-10-16 10:44:40,616 INFO [main] o.a.n.n.StandardExtensionDiscoveringManager Loaded extensions for org.apache.nifi:nifi-jms-processors-nar:2.6.0 in 1 millis
2025-10-16 10:44:40,617 INFO [main] o.a.n.n.StandardExtensionDiscoveringManager Loaded extensions for org.apache.nifi:nifi-record-serialization-services-nar:2.6.0 in 1 millis
2025-10-16 10:44:40,618 INFO [main] o.a.n.n.StandardExtensionDiscoveringManager Loaded extensions for org.apache.nifi:nifi-elasticsearch-client-service-nar:2.6.0 in 1 millis
2025-10-16 10:44:40,619 INFO [main] o.a.n.n.StandardExtensionDiscoveringManager Loaded extensions for org.apache.nifi:nifi-redis-service-api-nar:2.6.0 in 1 millis
2025-10-16 10:44:40,620 INFO [main] o.a.n.n.StandardExtensionDiscoveringManager Loaded extensions for org.apache.nifi:nifi-smb-smbj-client-nar:2.6.0 in 1 millis
2025-10-16 10:44:40,621 INFO [main] o.a.n.n.StandardExtensionDiscoveringManager Loaded extensions for org.apache.nifi:nifi-pgp-nar:2.6.0 in 1 millis
2025-10-16 10:44:40,622 INFO [main] o.a.n.n.StandardExtensionDiscoveringManager Loaded extensions for org.apache.nifi:nifi-smb-nar:2.6.0 in 1 millis
2025-10-16 10:44:40,623 INFO [main] o.a.n.n.StandardExtensionDiscoveringManager Loaded extensions for org.apache.nifi:nifi-mongodb-services-nar:2.6.0 in 1 millis
2025-10-16 10:44:40,624 INFO [main] o.a.n.n.StandardExtensionDiscoveringManager Loaded extensions for org.apache.nifi:nifi-websocket-processors-nar:2.6.0 in 1 millis
2025-10-16 10:44:40,625 INFO [main] o.a.n.n.StandardExtensionDiscoveringManager Loaded extensions for org.apache.nifi:nifi-dropbox-processors-nar:2.6.0 in 1 millis
2025-10-16 10:44:40,626 INFO [main] o.a.n.n.StandardExtensionDiscoveringManager Loaded extensions for org.apache.nifi:nifi-websocket-services-jetty-nar:2.6.0 in 1 millis
2025-10-16 10:44:40,627 INFO [main] o.a.n.n.StandardExtensionDiscoveringManager Loaded extensions for org.apache.nifi:nifi-box-services-nar:2.6.0 in 1 millis
2025-10-16 10:44:40,629 INFO [main] o.a.n.n.StandardExtensionDiscoveringManager Loaded extensions for org.apache.nifi:nifi-aws-nar:2.6.0 in 2 millis
2025-10-16 10:44:40,630 INFO [main] o.a.n.n.StandardExtensionDiscoveringManager Loaded extensions for org.apache.nifi:nifi-elasticsearch-restapi-nar:2.6.0 in 1 millis
2025-10-16 10:44:40,631 INFO [main] o.a.n.n.StandardExtensionDiscoveringManager Loaded extensions for org.apache.nifi:nifi-azure-nar:2.6.0 in 1 millis
2025-10-16 10:44:40,632 INFO [main] o.a.n.n.StandardExtensionDiscoveringManager Loaded extensions for org.apache.nifi:nifi-redis-nar:2.6.0 in 1 millis
2025-10-16 10:44:40,633 INFO [main] o.a.n.n.StandardExtensionDiscoveringManager Extension Type Mapping to Bundle:
	=== ExternalResourceProvider Type ===
	org.apache.nifi.registry.extension.NiFiRegistryExternalResourceProvider
		org.apache.nifi:nifi-framework-nar:2.6.0 || ./work/nar/framework/nifi-framework-nar-2.6.0.nar-unpacked
	=== End ExternalResourceProvider types ===
	=== UserGroupProvider Type ===
	org.apache.nifi.authorization.FileUserGroupProvider
		org.apache.nifi:nifi-framework-nar:2.6.0 || ./work/nar/framework/nifi-framework-nar-2.6.0.nar-unpacked
	org.apache.nifi.authorization.azure.AzureGraphUserGroupProvider
		org.apache.nifi:nifi-azure-nar:2.6.0 || ./work/nar/extensions/nifi-azure-nar-2.6.0.nar-unpacked
	org.apache.nifi.ldap.tenants.LdapUserGroupProvider
		org.apache.nifi:nifi-ldap-iaa-providers-nar:2.6.0 || ./work/nar/extensions/nifi-ldap-iaa-providers-nar-2.6.0.nar-unpacked
	org.apache.nifi.authorization.CompositeUserGroupProvider
		org.apache.nifi:nifi-framework-nar:2.6.0 || ./work/nar/framework/nifi-framework-nar-2.6.0.nar-unpacked
	org.apache.nifi.authorization.CompositeConfigurableUserGroupProvider
		org.apache.nifi:nifi-framework-nar:2.6.0 || ./work/nar/framework/nifi-framework-nar-2.6.0.nar-unpacked
	=== End UserGroupProvider types ===
	=== StatusHistoryRepository Type ===
	org.apache.nifi.controller.status.history.VolatileComponentStatusRepository
		org.apache.nifi:nifi-framework-nar:2.6.0 || ./work/nar/framework/nifi-framework-nar-2.6.0.nar-unpacked
	=== End StatusHistoryRepository types ===
	=== LoginIdentityProvider Type ===
	org.apache.nifi.kerberos.KerberosProvider
		org.apache.nifi:nifi-kerberos-iaa-providers-nar:2.6.0 || ./work/nar/extensions/nifi-kerberos-iaa-providers-nar-2.6.0.nar-unpacked
	org.apache.nifi.authentication.single.user.SingleUserLoginIdentityProvider
		org.apache.nifi:nifi-single-user-iaa-providers-nar:2.6.0 || ./work/nar/extensions/nifi-single-user-iaa-providers-nar-2.6.0.nar-unpacked
	org.apache.nifi.ldap.LdapProvider
		org.apache.nifi:nifi-ldap-iaa-providers-nar:2.6.0 || ./work/nar/extensions/nifi-ldap-iaa-providers-nar-2.6.0.nar-unpacked
	=== End LoginIdentityProvider types ===
	=== ProvenanceRepository Type ===
	org.apache.nifi.provenance.NoOpProvenanceRepository
		org.apache.nifi:nifi-provenance-repository-nar:2.6.0 || ./work/nar/extensions/nifi-provenance-repository-nar-2.6.0.nar-unpacked
	org.apache.nifi.provenance.WriteAheadProvenanceRepository
		org.apache.nifi:nifi-provenance-repository-nar:2.6.0 || ./work/nar/extensions/nifi-provenance-repository-nar-2.6.0.nar-unpacked
	org.apache.nifi.provenance.VolatileProvenanceRepository
		org.apache.nifi:nifi-provenance-repository-nar:2.6.0 || ./work/nar/extensions/nifi-provenance-repository-nar-2.6.0.nar-unpacked
	=== End ProvenanceRepository types ===
	=== StateProvider Type ===
	org.apache.nifi.redis.state.RedisStateProvider
		org.apache.nifi:nifi-redis-nar:2.6.0 || ./work/nar/extensions/nifi-redis-nar-2.6.0.nar-unpacked
	org.apache.nifi.controller.state.providers.local.WriteAheadLocalStateProvider
		org.apache.nifi:nifi-framework-nar:2.6.0 || ./work/nar/framework/nifi-framework-nar-2.6.0.nar-unpacked
	org.apache.nifi.kubernetes.state.provider.KubernetesConfigMapStateProvider
		org.apache.nifi:nifi-framework-kubernetes-nar:2.6.0 || ./work/nar/extensions/nifi-framework-kubernetes-nar-2.6.0.nar-unpacked
	org.apache.nifi.controller.state.providers.zookeeper.ZooKeeperStateProvider
		org.apache.nifi:nifi-framework-zookeeper-nar:2.6.0 || ./work/nar/extensions/nifi-framework-zookeeper-nar-2.6.0.nar-unpacked
	org.apache.nifi.controller.state.providers.zookeeper.server.ZooKeeperStateProviderServer
		org.apache.nifi:nifi-framework-zookeeper-nar:2.6.0 || ./work/nar/extensions/nifi-framework-zookeeper-nar-2.6.0.nar-unpacked
	=== End StateProvider types ===
	=== FlowActionReporter Type ===
	=== End FlowActionReporter types ===
	=== Processor Type ===
	org.apache.nifi.processors.standard.ExecuteProcess
		org.apache.nifi:nifi-standard-nar:2.6.0 || ./work/nar/extensions/nifi-standard-nar-2.6.0.nar-unpacked
	org.apache.nifi.processors.standard.AttributesToCSV
		org.apache.nifi:nifi-standard-nar:2.6.0 || ./work/nar/extensions/nifi-standard-nar-2.6.0.nar-unpacked
	org.apache.nifi.processors.standard.SplitRecord
		org.apache.nifi:nifi-standard-nar:2.6.0 || ./work/nar/extensions/nifi-standard-nar-2.6.0.nar-unpacked
	org.apache.nifi.processors.salesforce.QuerySalesforceObject
		org.apache.nifi:nifi-salesforce-nar:2.6.0 || ./work/nar/extensions/nifi-salesforce-nar-2.6.0.nar-unpacked
	org.apache.nifi.processors.standard.CountText
		org.apache.nifi:nifi-standard-nar:2.6.0 || ./work/nar/extensions/nifi-standard-nar-2.6.0.nar-unpacked
	org.apache.nifi.processors.azure.storage.queue.PutAzureQueueStorage_v12
		org.apache.nifi:nifi-azure-nar:2.6.0 || ./work/nar/extensions/nifi-azure-nar-2.6.0.nar-unpacked
	org.apache.nifi.processors.gcp.drive.PutGoogleDrive
		org.apache.nifi:nifi-gcp-nar:2.6.0 || ./work/nar/extensions/nifi-gcp-nar-2.6.0.nar-unpacked
	org.apache.nifi.processors.standard.ValidateCsv
		org.apache.nifi:nifi-standard-nar:2.6.0 || ./work/nar/extensions/nifi-standard-nar-2.6.0.nar-unpacked
	org.apache.nifi.processors.azure.storage.queue.GetAzureQueueStorage_v12
		org.apache.nifi:nifi-azure-nar:2.6.0 || ./work/nar/extensions/nifi-azure-nar-2.6.0.nar-unpacked
	org.apache.nifi.processors.azure.storage.DeleteAzureBlobStorage_v12
		org.apache.nifi:nifi-azure-nar:2.6.0 || ./work/nar/extensions/nifi-azure-nar-2.6.0.nar-unpacked
	org.apache.nifi.amqp.processors.PublishAMQP
		org.apache.nifi:nifi-amqp-nar:2.6.0 || ./work/nar/extensions/nifi-amqp-nar-2.6.0.nar-unpacked
	org.apache.nifi.processors.standard.CryptographicHashContent
		org.apache.nifi:nifi-standard-nar:2.6.0 || ./work/nar/extensions/nifi-standard-nar-2.6.0.nar-unpacked
	org.apache.nifi.processors.email.ExtractEmailHeaders
		org.apache.nifi:nifi-email-nar:2.6.0 || ./work/nar/extensions/nifi-email-nar-2.6.0.nar-unpacked
	org.apache.nifi.processors.dropbox.PutDropbox
		org.apache.nifi:nifi-dropbox-processors-nar:2.6.0 || ./work/nar/extensions/nifi-dropbox-processors-nar-2.6.0.nar-unpacked
	org.apache.nifi.processors.standard.ListFile
		org.apache.nifi:nifi-standard-nar:2.6.0 || ./work/nar/extensions/nifi-standard-nar-2.6.0.nar-unpacked
	org.apache.nifi.processors.standard.ModifyBytes
		org.apache.nifi:nifi-standard-nar:2.6.0 || ./work/nar/extensions/nifi-standard-nar-2.6.0.nar-unpacked
	org.apache.nifi.processors.pgp.EncryptContentPGP
		org.apache.nifi:nifi-pgp-nar:2.6.0 || ./work/nar/extensions/nifi-pgp-nar-2.6.0.nar-unpacked
	org.apache.nifi.processors.hl7.RouteHL7
		org.apache.nifi:nifi-hl7-nar:2.6.0 || ./work/nar/extensions/nifi-hl7-nar-2.6.0.nar-unpacked
	org.apache.nifi.processors.aws.sns.PutSNS
		org.apache.nifi:nifi-aws-nar:2.6.0 || ./work/nar/extensions/nifi-aws-nar-2.6.0.nar-unpacked
	org.apache.nifi.processors.standard.ListSFTP
		org.apache.nifi:nifi-standard-nar:2.6.0 || ./work/nar/extensions/nifi-standard-nar-2.6.0.nar-unpacked
	org.apache.nifi.processors.gcp.storage.PutGCSObject
		org.apache.nifi:nifi-gcp-nar:2.6.0 || ./work/nar/extensions/nifi-gcp-nar-2.6.0.nar-unpacked
	org.apache.nifi.processors.azure.storage.PutAzureDataLakeStorage
		org.apache.nifi:nifi-azure-nar:2.6.0 || ./work/nar/extensions/nifi-azure-nar-2.6.0.nar-unpacked
	org.apache.nifi.processors.elasticsearch.PutElasticsearchRecord
		org.apache.nifi:nifi-elasticsearch-restapi-nar:2.6.0 || ./work/nar/extensions/nifi-elasticsearch-restapi-nar-2.6.0.nar-unpacked
	org.apache.nifi.processors.standard.ScanContent
		org.apache.nifi:nifi-standard-nar:2.6.0 || ./work/nar/extensions/nifi-standard-nar-2.6.0.nar-unpacked
	org.apache.nifi.processors.mongodb.GetMongoRecord
		org.apache.nifi:nifi-mongodb-nar:2.6.0 || ./work/nar/extensions/nifi-mongodb-nar-2.6.0.nar-unpacked
	org.apache.nifi.processors.standard.EvaluateXQuery
		org.apache.nifi:nifi-standard-nar:2.6.0 || ./work/nar/extensions/nifi-standard-nar-2.6.0.nar-unpacked
	org.apache.nifi.processors.standard.RouteText
		org.apache.nifi:nifi-standard-nar:2.6.0 || ./work/nar/extensions/nifi-standard-nar-2.6.0.nar-unpacked
	org.apache.nifi.processors.websocket.ListenWebSocket
		org.apache.nifi:nifi-websocket-processors-nar:2.6.0 || ./work/nar/extensions/nifi-websocket-processors-nar-2.6.0.nar-unpacked
	org.apache.nifi.processors.GeoEnrichIP
		org.apache.nifi:nifi-enrich-nar:2.6.0 || ./work/nar/extensions/nifi-enrich-nar-2.6.0.nar-unpacked
	org.apache.nifi.processors.opentelemetry.ListenOTLP
		org.apache.nifi:nifi-opentelemetry-nar:2.6.0 || ./work/nar/extensions/nifi-opentelemetry-nar-2.6.0.nar-unpacked
	org.apache.nifi.processors.standard.MonitorActivity
		org.apache.nifi:nifi-standard-nar:2.6.0 || ./work/nar/extensions/nifi-standard-nar-2.6.0.nar-unpacked
	org.apache.nifi.processors.salesforce.PutSalesforceObject
		org.apache.nifi:nifi-salesforce-nar:2.6.0 || ./work/nar/extensions/nifi-salesforce-nar-2.6.0.nar-unpacked
	org.apache.nifi.processors.standard.ExtractRecordSchema
		org.apache.nifi:nifi-standard-nar:2.6.0 || ./work/nar/extensions/nifi-standard-nar-2.6.0.nar-unpacked
	org.apache.nifi.processors.standard.GenerateTableFetch
		org.apache.nifi:nifi-standard-nar:2.6.0 || ./work/nar/extensions/nifi-standard-nar-2.6.0.nar-unpacked
	org.apache.nifi.processors.standard.HandleHttpResponse
		org.apache.nifi:nifi-standard-nar:2.6.0 || ./work/nar/extensions/nifi-standard-nar-2.6.0.nar-unpacked
	org.apache.nifi.processors.box.ConsumeBoxEnterpriseEvents
		org.apache.nifi:nifi-box-nar:2.6.0 || ./work/nar/extensions/nifi-box-nar-2.6.0.nar-unpacked
	org.apache.nifi.snmp.processors.SendTrapSNMP
		org.apache.nifi:nifi-snmp-nar:2.6.0 || ./work/nar/extensions/nifi-snmp-nar-2.6.0.nar-unpacked
	org.apache.nifi.processors.standard.ListenFTP
		org.apache.nifi:nifi-standard-nar:2.6.0 || ./work/nar/extensions/nifi-standard-nar-2.6.0.nar-unpacked
	org.apache.nifi.processors.aws.s3.GetS3ObjectMetadata
		org.apache.nifi:nifi-aws-nar:2.6.0 || ./work/nar/extensions/nifi-aws-nar-2.6.0.nar-unpacked
	org.apache.nifi.processors.standard.ListenSyslog
		org.apache.nifi:nifi-standard-nar:2.6.0 || ./work/nar/extensions/nifi-standard-nar-2.6.0.nar-unpacked
	org.apache.nifi.processors.standard.ConvertRecord
		org.apache.nifi:nifi-standard-nar:2.6.0 || ./work/nar/extensions/nifi-standard-nar-2.6.0.nar-unpacked
	org.apache.nifi.processors.avro.SplitAvro
		org.apache.nifi:nifi-avro-nar:2.6.0 || ./work/nar/extensions/nifi-avro-nar-2.6.0.nar-unpacked
	org.apache.nifi.processors.airtable.QueryAirtableTable
		org.apache.nifi:nifi-airtable-nar:2.6.0 || ./work/nar/extensions/nifi-airtable-nar-2.6.0.nar-unpacked
	org.apache.nifi.processors.box.ListBoxFile
		org.apache.nifi:nifi-box-nar:2.6.0 || ./work/nar/extensions/nifi-box-nar-2.6.0.nar-unpacked
	org.apache.nifi.processors.jslt.JSLTTransformJSON
		org.apache.nifi:nifi-jslt-nar:2.6.0 || ./work/nar/extensions/nifi-jslt-nar-2.6.0.nar-unpacked
	org.apache.nifi.snmp.processors.SetSNMP
		org.apache.nifi:nifi-snmp-nar:2.6.0 || ./work/nar/extensions/nifi-snmp-nar-2.6.0.nar-unpacked
	org.apache.nifi.processors.standard.InvokeHTTP
		org.apache.nifi:nifi-standard-nar:2.6.0 || ./work/nar/extensions/nifi-standard-nar-2.6.0.nar-unpacked
	org.apache.nifi.processors.aws.s3.TagS3Object
		org.apache.nifi:nifi-aws-nar:2.6.0 || ./work/nar/extensions/nifi-aws-nar-2.6.0.nar-unpacked
	org.apache.nifi.processors.standard.TailFile
		org.apache.nifi:nifi-standard-nar:2.6.0 || ./work/nar/extensions/nifi-standard-nar-2.6.0.nar-unpacked
	org.apache.nifi.processors.gcp.bigquery.PutBigQuery
		org.apache.nifi:nifi-gcp-nar:2.6.0 || ./work/nar/extensions/nifi-gcp-nar-2.6.0.nar-unpacked
	org.apache.nifi.processors.standard.PutTCP
		org.apache.nifi:nifi-standard-nar:2.6.0 || ./work/nar/extensions/nifi-standard-nar-2.6.0.nar-unpacked
	org.apache.nifi.processors.standard.CalculateRecordStats
		org.apache.nifi:nifi-standard-nar:2.6.0 || ./work/nar/extensions/nifi-standard-nar-2.6.0.nar-unpacked
	org.apache.nifi.processors.dropbox.FetchDropbox
		org.apache.nifi:nifi-dropbox-processors-nar:2.6.0 || ./work/nar/extensions/nifi-dropbox-processors-nar-2.6.0.nar-unpacked
	org.apache.nifi.processors.standard.FetchSFTP
		org.apache.nifi:nifi-standard-nar:2.6.0 || ./work/nar/extensions/nifi-standard-nar-2.6.0.nar-unpacked
	org.apache.nifi.processors.standard.DeleteSFTP
		org.apache.nifi:nifi-standard-nar:2.6.0 || ./work/nar/extensions/nifi-standard-nar-2.6.0.nar-unpacked
	org.apache.nifi.processors.azure.storage.CopyAzureBlobStorage_v12
		org.apache.nifi:nifi-azure-nar:2.6.0 || ./work/nar/extensions/nifi-azure-nar-2.6.0.nar-unpacked
	org.apache.nifi.processors.slack.ConsumeSlack
		org.apache.nifi:nifi-slack-nar:2.6.0 || ./work/nar/extensions/nifi-slack-nar-2.6.0.nar-unpacked
	org.apache.nifi.processors.standard.ScanAttribute
		org.apache.nifi:nifi-standard-nar:2.6.0 || ./work/nar/extensions/nifi-standard-nar-2.6.0.nar-unpacked
	org.apache.nifi.processors.standard.HandleHttpRequest
		org.apache.nifi:nifi-standard-nar:2.6.0 || ./work/nar/extensions/nifi-standard-nar-2.6.0.nar-unpacked
	org.apache.nifi.processors.box.FetchBoxFileInfo
		org.apache.nifi:nifi-box-nar:2.6.0 || ./work/nar/extensions/nifi-box-nar-2.6.0.nar-unpacked
	org.apache.nifi.snmp.processors.GetSNMP
		org.apache.nifi:nifi-snmp-nar:2.6.0 || ./work/nar/extensions/nifi-snmp-nar-2.6.0.nar-unpacked
	org.apache.nifi.processors.standard.ExtractGrok
		org.apache.nifi:nifi-standard-nar:2.6.0 || ./work/nar/extensions/nifi-standard-nar-2.6.0.nar-unpacked
	org.apache.nifi.processors.standard.LookupRecord
		org.apache.nifi:nifi-standard-nar:2.6.0 || ./work/nar/extensions/nifi-standard-nar-2.6.0.nar-unpacked
	org.apache.nifi.processors.pgp.VerifyContentPGP
		org.apache.nifi:nifi-pgp-nar:2.6.0 || ./work/nar/extensions/nifi-pgp-nar-2.6.0.nar-unpacked
	org.apache.nifi.processors.aws.ml.translate.StartAwsTranslateJob
		org.apache.nifi:nifi-aws-nar:2.6.0 || ./work/nar/extensions/nifi-aws-nar-2.6.0.nar-unpacked
	org.apache.nifi.processors.azure.data.explorer.PutAzureDataExplorer
		org.apache.nifi:nifi-azure-nar:2.6.0 || ./work/nar/extensions/nifi-azure-nar-2.6.0.nar-unpacked
	org.apache.nifi.processors.aws.ml.transcribe.GetAwsTranscribeJobStatus
		org.apache.nifi:nifi-aws-nar:2.6.0 || ./work/nar/extensions/nifi-aws-nar-2.6.0.nar-unpacked
	org.apache.nifi.processors.mongodb.RunMongoAggregation
		org.apache.nifi:nifi-mongodb-nar:2.6.0 || ./work/nar/extensions/nifi-mongodb-nar-2.6.0.nar-unpacked
	org.apache.nifi.processors.shopify.GetShopify
		org.apache.nifi:nifi-shopify-nar:2.6.0 || ./work/nar/extensions/nifi-shopify-nar-2.6.0.nar-unpacked
	org.apache.nifi.processors.standard.ForkEnrichment
		org.apache.nifi:nifi-standard-nar:2.6.0 || ./work/nar/extensions/nifi-standard-nar-2.6.0.nar-unpacked
	org.apache.nifi.processors.aws.sqs.DeleteSQS
		org.apache.nifi:nifi-aws-nar:2.6.0 || ./work/nar/extensions/nifi-aws-nar-2.6.0.nar-unpacked
	org.apache.nifi.processors.standard.RetryFlowFile
		org.apache.nifi:nifi-standard-nar:2.6.0 || ./work/nar/extensions/nifi-standard-nar-2.6.0.nar-unpacked
	org.apache.nifi.processors.standard.SampleRecord
		org.apache.nifi:nifi-standard-nar:2.6.0 || ./work/nar/extensions/nifi-standard-nar-2.6.0.nar-unpacked
	org.apache.nifi.processors.standard.ValidateXml
		org.apache.nifi:nifi-standard-nar:2.6.0 || ./work/nar/extensions/nifi-standard-nar-2.6.0.nar-unpacked
	org.apache.nifi.processors.gcp.storage.FetchGCSObject
		org.apache.nifi:nifi-gcp-nar:2.6.0 || ./work/nar/extensions/nifi-gcp-nar-2.6.0.nar-unpacked
	org.apache.nifi.processors.standard.ListenUDP
		org.apache.nifi:nifi-standard-nar:2.6.0 || ./work/nar/extensions/nifi-standard-nar-2.6.0.nar-unpacked
	org.apache.nifi.processors.box.ExtractStructuredBoxFileMetadata
		org.apache.nifi:nifi-box-nar:2.6.0 || ./work/nar/extensions/nifi-box-nar-2.6.0.nar-unpacked
	org.apache.nifi.processors.mongodb.PutMongoBulkOperations
		org.apache.nifi:nifi-mongodb-nar:2.6.0 || ./work/nar/extensions/nifi-mongodb-nar-2.6.0.nar-unpacked
	org.apache.nifi.processors.websocket.PutWebSocket
		org.apache.nifi:nifi-websocket-processors-nar:2.6.0 || ./work/nar/extensions/nifi-websocket-processors-nar-2.6.0.nar-unpacked
	org.apache.nifi.processors.elasticsearch.SearchElasticsearch
		org.apache.nifi:nifi-elasticsearch-restapi-nar:2.6.0 || ./work/nar/extensions/nifi-elasticsearch-restapi-nar-2.6.0.nar-unpacked
	org.apache.nifi.processors.geohash.GeohashRecord
		org.apache.nifi:nifi-geohash-nar:2.6.0 || ./work/nar/extensions/nifi-geohash-nar-2.6.0.nar-unpacked
	org.apache.nifi.processors.standard.RenameRecordField
		org.apache.nifi:nifi-standard-nar:2.6.0 || ./work/nar/extensions/nifi-standard-nar-2.6.0.nar-unpacked
	org.apache.nifi.processors.standard.PutSQL
		org.apache.nifi:nifi-standard-nar:2.6.0 || ./work/nar/extensions/nifi-standard-nar-2.6.0.nar-unpacked
	org.apache.nifi.processors.standard.DeleteFile
		org.apache.nifi:nifi-standard-nar:2.6.0 || ./work/nar/extensions/nifi-standard-nar-2.6.0.nar-unpacked
	org.apache.nifi.processors.azure.storage.ListAzureBlobStorage_v12
		org.apache.nifi:nifi-azure-nar:2.6.0 || ./work/nar/extensions/nifi-azure-nar-2.6.0.nar-unpacked
	org.apache.nifi.processors.standard.ListenHTTP
		org.apache.nifi:nifi-standard-nar:2.6.0 || ./work/nar/extensions/nifi-standard-nar-2.6.0.nar-unpacked
	org.apache.nifi.processors.standard.GenerateFlowFile
		org.apache.nifi:nifi-standard-nar:2.6.0 || ./work/nar/extensions/nifi-standard-nar-2.6.0.nar-unpacked
	org.apache.nifi.processors.standard.EvaluateJsonPath
		org.apache.nifi:nifi-standard-nar:2.6.0 || ./work/nar/extensions/nifi-standard-nar-2.6.0.nar-unpacked
	org.apache.nifi.processors.standard.ExecuteSQL
		org.apache.nifi:nifi-standard-nar:2.6.0 || ./work/nar/extensions/nifi-standard-nar-2.6.0.nar-unpacked
	org.apache.nifi.processors.standard.ControlRate
		org.apache.nifi:nifi-standard-nar:2.6.0 || ./work/nar/extensions/nifi-standard-nar-2.6.0.nar-unpacked
	org.apache.nifi.processors.gcp.storage.DeleteGCSObject
		org.apache.nifi:nifi-gcp-nar:2.6.0 || ./work/nar/extensions/nifi-gcp-nar-2.6.0.nar-unpacked
	org.apache.nifi.processors.aws.s3.GetS3ObjectTags
		org.apache.nifi:nifi-aws-nar:2.6.0 || ./work/nar/extensions/nifi-aws-nar-2.6.0.nar-unpacked
	org.apache.nifi.processors.standard.PutFile
		org.apache.nifi:nifi-standard-nar:2.6.0 || ./work/nar/extensions/nifi-standard-nar-2.6.0.nar-unpacked
	org.apache.nifi.processors.standard.PutRecord
		org.apache.nifi:nifi-standard-nar:2.6.0 || ./work/nar/extensions/nifi-standard-nar-2.6.0.nar-unpacked
	org.apache.nifi.processors.standard.ConvertCharacterSet
		org.apache.nifi:nifi-standard-nar:2.6.0 || ./work/nar/extensions/nifi-standard-nar-2.6.0.nar-unpacked
	org.apache.nifi.processors.ISPEnrichIP
		org.apache.nifi:nifi-enrich-nar:2.6.0 || ./work/nar/extensions/nifi-enrich-nar-2.6.0.nar-unpacked
	org.apache.nifi.processors.standard.UnpackContent
		org.apache.nifi:nifi-standard-nar:2.6.0 || ./work/nar/extensions/nifi-standard-nar-2.6.0.nar-unpacked
	org.apache.nifi.processors.aws.sqs.GetSQS
		org.apache.nifi:nifi-aws-nar:2.6.0 || ./work/nar/extensions/nifi-aws-nar-2.6.0.nar-unpacked
	org.apache.nifi.processors.mongodb.GetMongo
		org.apache.nifi:nifi-mongodb-nar:2.6.0 || ./work/nar/extensions/nifi-mongodb-nar-2.6.0.nar-unpacked
	org.apache.nifi.processors.elasticsearch.PaginatedJsonQueryElasticsearch
		org.apache.nifi:nifi-elasticsearch-restapi-nar:2.6.0 || ./work/nar/extensions/nifi-elasticsearch-restapi-nar-2.6.0.nar-unpacked
	org.apache.nifi.processors.hl7.ExtractHL7Attributes
		org.apache.nifi:nifi-hl7-nar:2.6.0 || ./work/nar/extensions/nifi-hl7-nar-2.6.0.nar-unpacked
	org.apache.nifi.processors.evtx.ParseEvtx
		org.apache.nifi:nifi-evtx-nar:2.6.0 || ./work/nar/extensions/nifi-evtx-nar-2.6.0.nar-unpacked
	org.apache.nifi.processors.splunk.GetSplunk
		org.apache.nifi:nifi-splunk-nar:2.6.0 || ./work/nar/extensions/nifi-splunk-nar-2.6.0.nar-unpacked
	org.apache.nifi.redis.processor.PutRedisHashRecord
		org.apache.nifi:nifi-redis-nar:2.6.0 || ./work/nar/extensions/nifi-redis-nar-2.6.0.nar-unpacked
	org.apache.nifi.processors.azure.storage.DeleteAzureDataLakeStorage
		org.apache.nifi:nifi-azure-nar:2.6.0 || ./work/nar/extensions/nifi-azure-nar-2.6.0.nar-unpacked
	org.apache.nifi.processors.compress.ModifyCompression
		org.apache.nifi:nifi-compress-nar:2.6.0 || ./work/nar/extensions/nifi-compress-nar-2.6.0.nar-unpacked
	org.apache.nifi.processors.elasticsearch.UpdateByQueryElasticsearch
		org.apache.nifi:nifi-elasticsearch-restapi-nar:2.6.0 || ./work/nar/extensions/nifi-elasticsearch-restapi-nar-2.6.0.nar-unpacked
	org.apache.nifi.processors.standard.PackageFlowFile
		org.apache.nifi:nifi-standard-nar:2.6.0 || ./work/nar/extensions/nifi-standard-nar-2.6.0.nar-unpacked
	org.apache.nifi.processors.standard.Notify
		org.apache.nifi:nifi-standard-nar:2.6.0 || ./work/nar/extensions/nifi-standard-nar-2.6.0.nar-unpacked
	org.apache.nifi.processors.standard.ExecuteSQLRecord
		org.apache.nifi:nifi-standard-nar:2.6.0 || ./work/nar/extensions/nifi-standard-nar-2.6.0.nar-unpacked
	org.apache.nifi.processors.elasticsearch.ConsumeElasticsearch
		org.apache.nifi:nifi-elasticsearch-restapi-nar:2.6.0 || ./work/nar/extensions/nifi-elasticsearch-restapi-nar-2.6.0.nar-unpacked
	org.apache.nifi.processors.mongodb.gridfs.DeleteGridFS
		org.apache.nifi:nifi-mongodb-nar:2.6.0 || ./work/nar/extensions/nifi-mongodb-nar-2.6.0.nar-unpacked
	org.apache.nifi.processors.standard.ParseSyslog5424
		org.apache.nifi:nifi-standard-nar:2.6.0 || ./work/nar/extensions/nifi-standard-nar-2.6.0.nar-unpacked
	org.apache.nifi.processors.script.ScriptedFilterRecord
		org.apache.nifi:nifi-scripting-nar:2.6.0 || ./work/nar/extensions/nifi-scripting-nar-2.6.0.nar-unpacked
	org.apache.nifi.processors.standard.SegmentContent
		org.apache.nifi:nifi-standard-nar:2.6.0 || ./work/nar/extensions/nifi-standard-nar-2.6.0.nar-unpacked
	org.apache.nifi.processors.email.ExtractEmailAttachments
		org.apache.nifi:nifi-email-nar:2.6.0 || ./work/nar/extensions/nifi-email-nar-2.6.0.nar-unpacked
	org.apache.nifi.processors.standard.DistributeLoad
		org.apache.nifi:nifi-standard-nar:2.6.0 || ./work/nar/extensions/nifi-standard-nar-2.6.0.nar-unpacked
	org.apache.nifi.processors.box.ListBoxFileInfo
		org.apache.nifi:nifi-box-nar:2.6.0 || ./work/nar/extensions/nifi-box-nar-2.6.0.nar-unpacked
	org.apache.nifi.processors.aws.kinesis.stream.ConsumeKinesisStream
		org.apache.nifi:nifi-aws-nar:2.6.0 || ./work/nar/extensions/nifi-aws-nar-2.6.0.nar-unpacked
	org.apache.nifi.processors.aws.kinesis.stream.PutKinesisStream
		org.apache.nifi:nifi-aws-nar:2.6.0 || ./work/nar/extensions/nifi-aws-nar-2.6.0.nar-unpacked
	org.apache.nifi.processors.groovyx.ExecuteGroovyScript
		org.apache.nifi:nifi-groovyx-nar:2.6.0 || ./work/nar/extensions/nifi-groovyx-nar-2.6.0.nar-unpacked
	org.apache.nifi.processors.standard.RemoveRecordField
		org.apache.nifi:nifi-standard-nar:2.6.0 || ./work/nar/extensions/nifi-standard-nar-2.6.0.nar-unpacked
	org.apache.nifi.processors.aws.s3.FetchS3Object
		org.apache.nifi:nifi-aws-nar:2.6.0 || ./work/nar/extensions/nifi-aws-nar-2.6.0.nar-unpacked
	org.apache.nifi.processors.azure.storage.MoveAzureDataLakeStorage
		org.apache.nifi:nifi-azure-nar:2.6.0 || ./work/nar/extensions/nifi-azure-nar-2.6.0.nar-unpacked
	org.apache.nifi.processors.standard.FetchFile
		org.apache.nifi:nifi-standard-nar:2.6.0 || ./work/nar/extensions/nifi-standard-nar-2.6.0.nar-unpacked
	org.apache.nifi.processors.azure.data.explorer.QueryAzureDataExplorer
		org.apache.nifi:nifi-azure-nar:2.6.0 || ./work/nar/extensions/nifi-azure-nar-2.6.0.nar-unpacked
	org.apache.nifi.processors.jolt.JoltTransformRecord
		org.apache.nifi:nifi-jolt-nar:2.6.0 || ./work/nar/extensions/nifi-jolt-nar-2.6.0.nar-unpacked
	org.apache.nifi.processors.standard.PartitionRecord
		org.apache.nifi:nifi-standard-nar:2.6.0 || ./work/nar/extensions/nifi-standard-nar-2.6.0.nar-unpacked
	org.apache.nifi.processors.aws.ml.polly.GetAwsPollyJobStatus
		org.apache.nifi:nifi-aws-nar:2.6.0 || ./work/nar/extensions/nifi-aws-nar-2.6.0.nar-unpacked
	org.apache.nifi.processors.standard.PutSFTP
		org.apache.nifi:nifi-standard-nar:2.6.0 || ./work/nar/extensions/nifi-standard-nar-2.6.0.nar-unpacked
	org.apache.nifi.processors.script.ExecuteScript
		org.apache.nifi:nifi-scripting-nar:2.6.0 || ./work/nar/extensions/nifi-scripting-nar-2.6.0.nar-unpacked
	org.apache.nifi.processors.aws.ml.translate.GetAwsTranslateJobStatus
		org.apache.nifi:nifi-aws-nar:2.6.0 || ./work/nar/extensions/nifi-aws-nar-2.6.0.nar-unpacked
	org.apache.nifi.processors.standard.GetFTP
		org.apache.nifi:nifi-standard-nar:2.6.0 || ./work/nar/extensions/nifi-standard-nar-2.6.0.nar-unpacked
	org.apache.nifi.processors.mqtt.ConsumeMQTT
		org.apache.nifi:nifi-mqtt-nar:2.6.0 || ./work/nar/extensions/nifi-mqtt-nar-2.6.0.nar-unpacked
	org.apache.nifi.processors.standard.ListFTP
		org.apache.nifi:nifi-standard-nar:2.6.0 || ./work/nar/extensions/nifi-standard-nar-2.6.0.nar-unpacked
	org.apache.nifi.processors.box.GetBoxFileCollaborators
		org.apache.nifi:nifi-box-nar:2.6.0 || ./work/nar/extensions/nifi-box-nar-2.6.0.nar-unpacked
	org.apache.nifi.processors.aws.s3.CopyS3Object
		org.apache.nifi:nifi-aws-nar:2.6.0 || ./work/nar/extensions/nifi-aws-nar-2.6.0.nar-unpacked
	org.apache.nifi.processors.box.GetBoxGroupMembers
		org.apache.nifi:nifi-box-nar:2.6.0 || ./work/nar/extensions/nifi-box-nar-2.6.0.nar-unpacked
	org.apache.nifi.processors.standard.Wait
		org.apache.nifi:nifi-standard-nar:2.6.0 || ./work/nar/extensions/nifi-standard-nar-2.6.0.nar-unpacked
	org.apache.nifi.processors.standard.QueryDatabaseTable
		org.apache.nifi:nifi-standard-nar:2.6.0 || ./work/nar/extensions/nifi-standard-nar-2.6.0.nar-unpacked
	org.apache.nifi.processors.gcp.vision.StartGcpVisionAnnotateImagesOperation
		org.apache.nifi:nifi-gcp-nar:2.6.0 || ./work/nar/extensions/nifi-gcp-nar-2.6.0.nar-unpacked
	org.apache.nifi.processors.aws.dynamodb.PutDynamoDB
		org.apache.nifi:nifi-aws-nar:2.6.0 || ./work/nar/extensions/nifi-aws-nar-2.6.0.nar-unpacked
	org.apache.nifi.processors.box.ConsumeBoxEvents
		org.apache.nifi:nifi-box-nar:2.6.0 || ./work/nar/extensions/nifi-box-nar-2.6.0.nar-unpacked
	org.apache.nifi.processors.azure.eventhub.PutAzureEventHub
		org.apache.nifi:nifi-azure-nar:2.6.0 || ./work/nar/extensions/nifi-azure-nar-2.6.0.nar-unpacked
	org.apache.nifi.processors.standard.GenerateRecord
		org.apache.nifi:nifi-standard-nar:2.6.0 || ./work/nar/extensions/nifi-standard-nar-2.6.0.nar-unpacked
	org.apache.nifi.processors.pgp.DecryptContentPGP
		org.apache.nifi:nifi-pgp-nar:2.6.0 || ./work/nar/extensions/nifi-pgp-nar-2.6.0.nar-unpacked
	org.apache.nifi.snmp.processors.ListenTrapSNMP
		org.apache.nifi:nifi-snmp-nar:2.6.0 || ./work/nar/extensions/nifi-snmp-nar-2.6.0.nar-unpacked
	org.apache.nifi.processors.aws.s3.DeleteS3Object
		org.apache.nifi:nifi-aws-nar:2.6.0 || ./work/nar/extensions/nifi-aws-nar-2.6.0.nar-unpacked
	org.apache.nifi.processors.standard.PutEmail
		org.apache.nifi:nifi-standard-nar:2.6.0 || ./work/nar/extensions/nifi-standard-nar-2.6.0.nar-unpacked
	org.apache.nifi.processors.standard.MergeRecord
		org.apache.nifi:nifi-standard-nar:2.6.0 || ./work/nar/extensions/nifi-standard-nar-2.6.0.nar-unpacked
	org.apache.nifi.processors.box.ListBoxFileMetadataTemplates
		org.apache.nifi:nifi-box-nar:2.6.0 || ./work/nar/extensions/nifi-box-nar-2.6.0.nar-unpacked
	org.apache.nifi.processors.box.FetchBoxFileMetadataInstance
		org.apache.nifi:nifi-box-nar:2.6.0 || ./work/nar/extensions/nifi-box-nar-2.6.0.nar-unpacked
	org.apache.nifi.processors.email.ConsumePOP3
		org.apache.nifi:nifi-email-nar:2.6.0 || ./work/nar/extensions/nifi-email-nar-2.6.0.nar-unpacked
	org.apache.nifi.processors.avro.ExtractAvroMetadata
		org.apache.nifi:nifi-avro-nar:2.6.0 || ./work/nar/extensions/nifi-avro-nar-2.6.0.nar-unpacked
	org.apache.nifi.amqp.processors.ConsumeAMQP
		org.apache.nifi:nifi-amqp-nar:2.6.0 || ./work/nar/extensions/nifi-amqp-nar-2.6.0.nar-unpacked
	org.apache.nifi.processors.aws.s3.ListS3
		org.apache.nifi:nifi-aws-nar:2.6.0 || ./work/nar/extensions/nifi-aws-nar-2.6.0.nar-unpacked
	org.apache.nifi.processors.jolt.JoltTransformJSON
		org.apache.nifi:nifi-jolt-nar:2.6.0 || ./work/nar/extensions/nifi-jolt-nar-2.6.0.nar-unpacked
	org.apache.nifi.processors.gcp.storage.ListGCSBucket
		org.apache.nifi:nifi-gcp-nar:2.6.0 || ./work/nar/extensions/nifi-gcp-nar-2.6.0.nar-unpacked
	org.apache.nifi.processors.standard.PutUDP
		org.apache.nifi:nifi-standard-nar:2.6.0 || ./work/nar/extensions/nifi-standard-nar-2.6.0.nar-unpacked
	org.apache.nifi.processors.windows.event.log.ConsumeWindowsEventLog
		org.apache.nifi:nifi-windows-event-log-nar:2.6.0 || ./work/nar/extensions/nifi-windows-event-log-nar-2.6.0.nar-unpacked
	org.apache.nifi.processors.gcp.vision.GetGcpVisionAnnotateFilesOperationStatus
		org.apache.nifi:nifi-gcp-nar:2.6.0 || ./work/nar/extensions/nifi-gcp-nar-2.6.0.nar-unpacked
	org.apache.nifi.processors.aws.ml.textract.StartAwsTextractJob
		org.apache.nifi:nifi-aws-nar:2.6.0 || ./work/nar/extensions/nifi-aws-nar-2.6.0.nar-unpacked
	org.apache.nifi.processors.aws.ml.transcribe.StartAwsTranscribeJob
		org.apache.nifi:nifi-aws-nar:2.6.0 || ./work/nar/extensions/nifi-aws-nar-2.6.0.nar-unpacked
	org.apache.nifi.processors.standard.DebugFlow
		org.apache.nifi:nifi-standard-nar:2.6.0 || ./work/nar/extensions/nifi-standard-nar-2.6.0.nar-unpacked
	org.apache.nifi.processors.aws.dynamodb.DeleteDynamoDB
		org.apache.nifi:nifi-aws-nar:2.6.0 || ./work/nar/extensions/nifi-aws-nar-2.6.0.nar-unpacked
	org.apache.nifi.processors.standard.ExecuteStreamCommand
		org.apache.nifi:nifi-standard-nar:2.6.0 || ./work/nar/extensions/nifi-standard-nar-2.6.0.nar-unpacked
	org.apache.nifi.processors.aws.ml.polly.StartAwsPollyJob
		org.apache.nifi:nifi-aws-nar:2.6.0 || ./work/nar/extensions/nifi-aws-nar-2.6.0.nar-unpacked
	org.apache.nifi.processors.azure.storage.FetchAzureBlobStorage_v12
		org.apache.nifi:nifi-azure-nar:2.6.0 || ./work/nar/extensions/nifi-azure-nar-2.6.0.nar-unpacked
	org.apache.nifi.processors.box.DeleteBoxFileMetadataInstance
		org.apache.nifi:nifi-box-nar:2.6.0 || ./work/nar/extensions/nifi-box-nar-2.6.0.nar-unpacked
	org.apache.nifi.processors.gcp.drive.ListGoogleDrive
		org.apache.nifi:nifi-gcp-nar:2.6.0 || ./work/nar/extensions/nifi-gcp-nar-2.6.0.nar-unpacked
	org.apache.nifi.processors.script.InvokeScriptedProcessor
		org.apache.nifi:nifi-scripting-nar:2.6.0 || ./work/nar/extensions/nifi-scripting-nar-2.6.0.nar-unpacked
	org.apache.nifi.processors.azure.storage.ListAzureDataLakeStorage
		org.apache.nifi:nifi-azure-nar:2.6.0 || ./work/nar/extensions/nifi-azure-nar-2.6.0.nar-unpacked
	org.apache.nifi.processors.smb.ListSmb
		org.apache.nifi:nifi-smb-nar:2.6.0 || ./work/nar/extensions/nifi-smb-nar-2.6.0.nar-unpacked
	org.apache.nifi.processors.standard.FlattenJson
		org.apache.nifi:nifi-standard-nar:2.6.0 || ./work/nar/extensions/nifi-standard-nar-2.6.0.nar-unpacked
	org.apache.nifi.processors.mqtt.PublishMQTT
		org.apache.nifi:nifi-mqtt-nar:2.6.0 || ./work/nar/extensions/nifi-mqtt-nar-2.6.0.nar-unpacked
	org.apache.nifi.processors.standard.DeduplicateRecord
		org.apache.nifi:nifi-standard-nar:2.6.0 || ./work/nar/extensions/nifi-standard-nar-2.6.0.nar-unpacked
	org.apache.nifi.processors.gcp.pubsub.ConsumeGCPubSub
		org.apache.nifi:nifi-gcp-nar:2.6.0 || ./work/nar/extensions/nifi-gcp-nar-2.6.0.nar-unpacked
	org.apache.nifi.processors.standard.MergeContent
		org.apache.nifi:nifi-standard-nar:2.6.0 || ./work/nar/extensions/nifi-standard-nar-2.6.0.nar-unpacked
	org.apache.nifi.processors.mongodb.PutMongo
		org.apache.nifi:nifi-mongodb-nar:2.6.0 || ./work/nar/extensions/nifi-mongodb-nar-2.6.0.nar-unpacked
	org.apache.nifi.processors.standard.ForkRecord
		org.apache.nifi:nifi-standard-nar:2.6.0 || ./work/nar/extensions/nifi-standard-nar-2.6.0.nar-unpacked
	org.apache.nifi.processors.smb.FetchSmb
		org.apache.nifi:nifi-smb-nar:2.6.0 || ./work/nar/extensions/nifi-smb-nar-2.6.0.nar-unpacked
	org.apache.nifi.processors.standard.ListenTCP
		org.apache.nifi:nifi-standard-nar:2.6.0 || ./work/nar/extensions/nifi-standard-nar-2.6.0.nar-unpacked
	org.apache.nifi.processors.aws.sqs.PutSQS
		org.apache.nifi:nifi-aws-nar:2.6.0 || ./work/nar/extensions/nifi-aws-nar-2.6.0.nar-unpacked
	org.apache.nifi.processors.standard.ReplaceTextWithMapping
		org.apache.nifi:nifi-standard-nar:2.6.0 || ./work/nar/extensions/nifi-standard-nar-2.6.0.nar-unpacked
	org.apache.nifi.processors.splunk.PutSplunk
		org.apache.nifi:nifi-splunk-nar:2.6.0 || ./work/nar/extensions/nifi-splunk-nar-2.6.0.nar-unpacked
	org.apache.nifi.processors.splunk.PutSplunkHTTP
		org.apache.nifi:nifi-splunk-nar:2.6.0 || ./work/nar/extensions/nifi-splunk-nar-2.6.0.nar-unpacked
	org.apache.nifi.processors.gcp.vision.StartGcpVisionAnnotateFilesOperation
		org.apache.nifi:nifi-gcp-nar:2.6.0 || ./work/nar/extensions/nifi-gcp-nar-2.6.0.nar-unpacked
	org.apache.nifi.processors.slack.PublishSlack
		org.apache.nifi:nifi-slack-nar:2.6.0 || ./work/nar/extensions/nifi-slack-nar-2.6.0.nar-unpacked
	org.apache.nifi.processors.aws.dynamodb.PutDynamoDBRecord
		org.apache.nifi:nifi-aws-nar:2.6.0 || ./work/nar/extensions/nifi-aws-nar-2.6.0.nar-unpacked
	org.apache.nifi.processors.gcp.pubsub.PublishGCPubSub
		org.apache.nifi:nifi-gcp-nar:2.6.0 || ./work/nar/extensions/nifi-gcp-nar-2.6.0.nar-unpacked
	org.apache.nifi.processors.standard.DetectDuplicate
		org.apache.nifi:nifi-standard-nar:2.6.0 || ./work/nar/extensions/nifi-standard-nar-2.6.0.nar-unpacked
	org.apache.nifi.processors.box.FetchBoxFileRepresentation
		org.apache.nifi:nifi-box-nar:2.6.0 || ./work/nar/extensions/nifi-box-nar-2.6.0.nar-unpacked
	org.apache.nifi.processors.standard.CompressContent
		org.apache.nifi:nifi-standard-nar:2.6.0 || ./work/nar/extensions/nifi-standard-nar-2.6.0.nar-unpacked
	org.apache.nifi.processors.excel.SplitExcel
		org.apache.nifi:nifi-poi-nar:2.6.0 || ./work/nar/extensions/nifi-poi-nar-2.6.0.nar-unpacked
	org.apache.nifi.processors.standard.DuplicateFlowFile
		org.apache.nifi:nifi-standard-nar:2.6.0 || ./work/nar/extensions/nifi-standard-nar-2.6.0.nar-unpacked
	org.apache.nifi.processors.asana.GetAsanaObject
		org.apache.nifi:nifi-asana-processors-nar:2.6.0 || ./work/nar/extensions/nifi-asana-processors-nar-2.6.0.nar-unpacked
	org.apache.nifi.processors.standard.ValidateRecord
		org.apache.nifi:nifi-standard-nar:2.6.0 || ./work/nar/extensions/nifi-standard-nar-2.6.0.nar-unpacked
	org.apache.nifi.processors.standard.ValidateJson
		org.apache.nifi:nifi-standard-nar:2.6.0 || ./work/nar/extensions/nifi-standard-nar-2.6.0.nar-unpacked
	org.apache.nifi.processors.elasticsearch.JsonQueryElasticsearch
		org.apache.nifi:nifi-elasticsearch-restapi-nar:2.6.0 || ./work/nar/extensions/nifi-elasticsearch-restapi-nar-2.6.0.nar-unpacked
	org.apache.nifi.processors.azure.storage.PutAzureBlobStorage_v12
		org.apache.nifi:nifi-azure-nar:2.6.0 || ./work/nar/extensions/nifi-azure-nar-2.6.0.nar-unpacked
	org.apache.nifi.processors.azure.eventhub.ConsumeAzureEventHub
		org.apache.nifi:nifi-azure-nar:2.6.0 || ./work/nar/extensions/nifi-azure-nar-2.6.0.nar-unpacked
	org.apache.nifi.processors.standard.PutSyslog
		org.apache.nifi:nifi-standard-nar:2.6.0 || ./work/nar/extensions/nifi-standard-nar-2.6.0.nar-unpacked
	org.apache.nifi.processors.pgp.SignContentPGP
		org.apache.nifi:nifi-pgp-nar:2.6.0 || ./work/nar/extensions/nifi-pgp-nar-2.6.0.nar-unpacked
	org.apache.nifi.processors.script.ScriptedValidateRecord
		org.apache.nifi:nifi-scripting-nar:2.6.0 || ./work/nar/extensions/nifi-scripting-nar-2.6.0.nar-unpacked
	org.apache.nifi.processors.standard.ListenUDPRecord
		org.apache.nifi:nifi-standard-nar:2.6.0 || ./work/nar/extensions/nifi-standard-nar-2.6.0.nar-unpacked
	org.apache.nifi.processors.standard.SplitText
		org.apache.nifi:nifi-standard-nar:2.6.0 || ./work/nar/extensions/nifi-standard-nar-2.6.0.nar-unpacked
	org.apache.nifi.jms.processors.ConsumeJMS
		org.apache.nifi:nifi-jms-processors-nar:2.6.0 || ./work/nar/extensions/nifi-jms-processors-nar-2.6.0.nar-unpacked
	org.apache.nifi.processors.mongodb.gridfs.FetchGridFS
		org.apache.nifi:nifi-mongodb-nar:2.6.0 || ./work/nar/extensions/nifi-mongodb-nar-2.6.0.nar-unpacked
	org.apache.nifi.processors.standard.GetSFTP
		org.apache.nifi:nifi-standard-nar:2.6.0 || ./work/nar/extensions/nifi-standard-nar-2.6.0.nar-unpacked
	org.apache.nifi.processors.GeoEnrichIPRecord
		org.apache.nifi:nifi-enrich-nar:2.6.0 || ./work/nar/extensions/nifi-enrich-nar-2.6.0.nar-unpacked
	org.apache.nifi.processors.script.ScriptedPartitionRecord
		org.apache.nifi:nifi-scripting-nar:2.6.0 || ./work/nar/extensions/nifi-scripting-nar-2.6.0.nar-unpacked
	org.apache.nifi.kafka.processors.PublishKafka
		org.apache.nifi:nifi-kafka-nar:2.6.0 || ./work/nar/extensions/nifi-kafka-nar-2.6.0.nar-unpacked
	org.apache.nifi.jms.processors.PublishJMS
		org.apache.nifi:nifi-jms-processors-nar:2.6.0 || ./work/nar/extensions/nifi-jms-processors-nar-2.6.0.nar-unpacked
	org.apache.nifi.processors.slack.ListenSlack
		org.apache.nifi:nifi-slack-nar:2.6.0 || ./work/nar/extensions/nifi-slack-nar-2.6.0.nar-unpacked
	org.apache.nifi.processors.network.ParseNetflowv5
		org.apache.nifi:nifi-network-processors-nar:2.6.0 || ./work/nar/extensions/nifi-network-processors-nar-2.6.0.nar-unpacked
	org.apache.nifi.processors.standard.GetFileResource
		org.apache.nifi:nifi-standard-nar:2.6.0 || ./work/nar/extensions/nifi-standard-nar-2.6.0.nar-unpacked
	org.apache.nifi.processors.standard.IdentifyMimeType
		org.apache.nifi:nifi-standard-nar:2.6.0 || ./work/nar/extensions/nifi-standard-nar-2.6.0.nar-unpacked
	org.apache.nifi.cdc.mysql.processors.CaptureChangeMySQL
		org.apache.nifi:nifi-cdc-mysql-nar:2.6.0 || ./work/nar/extensions/nifi-cdc-mysql-nar-2.6.0.nar-unpacked
	org.apache.nifi.processors.elasticsearch.DeleteByQueryElasticsearch
		org.apache.nifi:nifi-elasticsearch-restapi-nar:2.6.0 || ./work/nar/extensions/nifi-elasticsearch-restapi-nar-2.6.0.nar-unpacked
	org.apache.nifi.processors.standard.QueryRecord
		org.apache.nifi:nifi-standard-nar:2.6.0 || ./work/nar/extensions/nifi-standard-nar-2.6.0.nar-unpacked
	org.apache.nifi.processors.standard.LookupAttribute
		org.apache.nifi:nifi-standard-nar:2.6.0 || ./work/nar/extensions/nifi-standard-nar-2.6.0.nar-unpacked
	org.apache.nifi.processors.standard.FilterAttribute
		org.apache.nifi:nifi-standard-nar:2.6.0 || ./work/nar/extensions/nifi-standard-nar-2.6.0.nar-unpacked
	org.apache.nifi.processors.standard.EnforceOrder
		org.apache.nifi:nifi-standard-nar:2.6.0 || ./work/nar/extensions/nifi-standard-nar-2.6.0.nar-unpacked
	org.apache.nifi.processors.smb.PutSmbFile
		org.apache.nifi:nifi-smb-nar:2.6.0 || ./work/nar/extensions/nifi-smb-nar-2.6.0.nar-unpacked
	org.apache.nifi.processors.gcp.drive.FetchGoogleDrive
		org.apache.nifi:nifi-gcp-nar:2.6.0 || ./work/nar/extensions/nifi-gcp-nar-2.6.0.nar-unpacked
	org.apache.nifi.processors.standard.LogMessage
		org.apache.nifi:nifi-standard-nar:2.6.0 || ./work/nar/extensions/nifi-standard-nar-2.6.0.nar-unpacked
	org.apache.nifi.processors.standard.JoinEnrichment
		org.apache.nifi:nifi-standard-nar:2.6.0 || ./work/nar/extensions/nifi-standard-nar-2.6.0.nar-unpacked
	org.apache.nifi.processors.workday.GetWorkdayReport
		org.apache.nifi:nifi-workday-processors-nar:2.6.0 || ./work/nar/extensions/nifi-workday-processors-nar-2.6.0.nar-unpacked
	org.apache.nifi.processors.standard.SplitXml
		org.apache.nifi:nifi-standard-nar:2.6.0 || ./work/nar/extensions/nifi-standard-nar-2.6.0.nar-unpacked
	org.apache.nifi.processors.standard.EvaluateXPath
		org.apache.nifi:nifi-standard-nar:2.6.0 || ./work/nar/extensions/nifi-standard-nar-2.6.0.nar-unpacked
	org.apache.nifi.processors.cipher.VerifyContentMAC
		org.apache.nifi:nifi-cipher-nar:2.6.0 || ./work/nar/extensions/nifi-cipher-nar-2.6.0.nar-unpacked
	org.apache.nifi.processors.mongodb.gridfs.PutGridFS
		org.apache.nifi:nifi-mongodb-nar:2.6.0 || ./work/nar/extensions/nifi-mongodb-nar-2.6.0.nar-unpacked
	org.apache.nifi.processors.standard.FetchFTP
		org.apache.nifi:nifi-standard-nar:2.6.0 || ./work/nar/extensions/nifi-standard-nar-2.6.0.nar-unpacked
	org.apache.nifi.processors.standard.UpdateCounter
		org.apache.nifi:nifi-standard-nar:2.6.0 || ./work/nar/extensions/nifi-standard-nar-2.6.0.nar-unpacked
	org.apache.nifi.processors.splunk.QuerySplunkIndexingStatus
		org.apache.nifi:nifi-splunk-nar:2.6.0 || ./work/nar/extensions/nifi-splunk-nar-2.6.0.nar-unpacked
	org.apache.nifi.processors.elasticsearch.PutElasticsearchJson
		org.apache.nifi:nifi-elasticsearch-restapi-nar:2.6.0 || ./work/nar/extensions/nifi-elasticsearch-restapi-nar-2.6.0.nar-unpacked
	org.apache.nifi.processors.box.ListBoxFileMetadataInstances
		org.apache.nifi:nifi-box-nar:2.6.0 || ./work/nar/extensions/nifi-box-nar-2.6.0.nar-unpacked
	org.apache.nifi.processors.box.CreateBoxMetadataTemplate
		org.apache.nifi:nifi-box-nar:2.6.0 || ./work/nar/extensions/nifi-box-nar-2.6.0.nar-unpacked
	org.apache.nifi.processors.azure.storage.FetchAzureDataLakeStorage
		org.apache.nifi:nifi-azure-nar:2.6.0 || ./work/nar/extensions/nifi-azure-nar-2.6.0.nar-unpacked
	org.apache.nifi.processors.standard.ExtractText
		org.apache.nifi:nifi-standard-nar:2.6.0 || ./work/nar/extensions/nifi-standard-nar-2.6.0.nar-unpacked
	org.apache.nifi.processors.email.ConsumeIMAP
		org.apache.nifi:nifi-email-nar:2.6.0 || ./work/nar/extensions/nifi-email-nar-2.6.0.nar-unpacked
	org.apache.nifi.processors.standard.GetFile
		org.apache.nifi:nifi-standard-nar:2.6.0 || ./work/nar/extensions/nifi-standard-nar-2.6.0.nar-unpacked
	org.apache.nifi.processors.attributes.UpdateAttribute
		org.apache.nifi:nifi-update-attribute-nar:2.6.0 || ./work/nar/extensions/nifi-update-attribute-nar-2.6.0.nar-unpacked
	org.apache.nifi.processors.standard.AttributesToJSON
		org.apache.nifi:nifi-standard-nar:2.6.0 || ./work/nar/extensions/nifi-standard-nar-2.6.0.nar-unpacked
	org.apache.nifi.processors.standard.SplitContent
		org.apache.nifi:nifi-standard-nar:2.6.0 || ./work/nar/extensions/nifi-standard-nar-2.6.0.nar-unpacked
	org.apache.nifi.processors.box.FetchBoxFile
		org.apache.nifi:nifi-box-nar:2.6.0 || ./work/nar/extensions/nifi-box-nar-2.6.0.nar-unpacked
	org.apache.nifi.processors.box.CreateBoxFileMetadataInstance
		org.apache.nifi:nifi-box-nar:2.6.0 || ./work/nar/extensions/nifi-box-nar-2.6.0.nar-unpacked
	org.apache.nifi.processors.mongodb.DeleteMongo
		org.apache.nifi:nifi-mongodb-nar:2.6.0 || ./work/nar/extensions/nifi-mongodb-nar-2.6.0.nar-unpacked
	org.apache.nifi.processors.standard.TransformXml
		org.apache.nifi:nifi-standard-nar:2.6.0 || ./work/nar/extensions/nifi-standard-nar-2.6.0.nar-unpacked
	org.apache.nifi.processors.standard.QueryDatabaseTableRecord
		org.apache.nifi:nifi-standard-nar:2.6.0 || ./work/nar/extensions/nifi-standard-nar-2.6.0.nar-unpacked
	org.apache.nifi.processors.azure.eventhub.GetAzureEventHub
		org.apache.nifi:nifi-azure-nar:2.6.0 || ./work/nar/extensions/nifi-azure-nar-2.6.0.nar-unpacked
	org.apache.nifi.processors.mongodb.PutMongoRecord
		org.apache.nifi:nifi-mongodb-nar:2.6.0 || ./work/nar/extensions/nifi-mongodb-nar-2.6.0.nar-unpacked
	org.apache.nifi.processors.standard.FetchDistributedMapCache
		org.apache.nifi:nifi-standard-nar:2.6.0 || ./work/nar/extensions/nifi-standard-nar-2.6.0.nar-unpacked
	org.apache.nifi.processors.aws.dynamodb.GetDynamoDB
		org.apache.nifi:nifi-aws-nar:2.6.0 || ./work/nar/extensions/nifi-aws-nar-2.6.0.nar-unpacked
	org.apache.nifi.processors.twitter.ConsumeTwitter
		org.apache.nifi:nifi-social-media-nar:2.6.0 || ./work/nar/extensions/nifi-social-media-nar-2.6.0.nar-unpacked
	org.apache.nifi.processors.smb.GetSmbFile
		org.apache.nifi:nifi-smb-nar:2.6.0 || ./work/nar/extensions/nifi-smb-nar-2.6.0.nar-unpacked
	org.apache.nifi.processors.box.UpdateBoxFileMetadataInstance
		org.apache.nifi:nifi-box-nar:2.6.0 || ./work/nar/extensions/nifi-box-nar-2.6.0.nar-unpacked
	org.apache.nifi.processors.zendesk.PutZendeskTicket
		org.apache.nifi:nifi-zendesk-nar:2.6.0 || ./work/nar/extensions/nifi-zendesk-nar-2.6.0.nar-unpacked
	org.apache.nifi.processors.standard.EncodeContent
		org.apache.nifi:nifi-standard-nar:2.6.0 || ./work/nar/extensions/nifi-standard-nar-2.6.0.nar-unpacked
	org.apache.nifi.processors.standard.ParseSyslog
		org.apache.nifi:nifi-standard-nar:2.6.0 || ./work/nar/extensions/nifi-standard-nar-2.6.0.nar-unpacked
	org.apache.nifi.processors.gcp.vision.GetGcpVisionAnnotateImagesOperationStatus
		org.apache.nifi:nifi-gcp-nar:2.6.0 || ./work/nar/extensions/nifi-gcp-nar-2.6.0.nar-unpacked
	org.apache.nifi.processors.aws.cloudwatch.PutCloudWatchMetric
		org.apache.nifi:nifi-aws-nar:2.6.0 || ./work/nar/extensions/nifi-aws-nar-2.6.0.nar-unpacked
	org.apache.nifi.processors.aws.kinesis.firehose.PutKinesisFirehose
		org.apache.nifi:nifi-aws-nar:2.6.0 || ./work/nar/extensions/nifi-aws-nar-2.6.0.nar-unpacked
	org.apache.nifi.processors.aws.ml.textract.GetAwsTextractJobStatus
		org.apache.nifi:nifi-aws-nar:2.6.0 || ./work/nar/extensions/nifi-aws-nar-2.6.0.nar-unpacked
	org.apache.nifi.processors.cipher.DecryptContentAge
		org.apache.nifi:nifi-cipher-nar:2.6.0 || ./work/nar/extensions/nifi-cipher-nar-2.6.0.nar-unpacked
	org.apache.nifi.processors.standard.SplitJson
		org.apache.nifi:nifi-standard-nar:2.6.0 || ./work/nar/extensions/nifi-standard-nar-2.6.0.nar-unpacked
	org.apache.nifi.kafka.processors.ConsumeKafka
		org.apache.nifi:nifi-kafka-nar:2.6.0 || ./work/nar/extensions/nifi-kafka-nar-2.6.0.nar-unpacked
	org.apache.nifi.processors.script.ScriptedTransformRecord
		org.apache.nifi:nifi-scripting-nar:2.6.0 || ./work/nar/extensions/nifi-scripting-nar-2.6.0.nar-unpacked
	org.apache.nifi.processors.cipher.EncryptContentAge
		org.apache.nifi:nifi-cipher-nar:2.6.0 || ./work/nar/extensions/nifi-cipher-nar-2.6.0.nar-unpacked
	org.apache.nifi.processors.aws.lambda.PutLambda
		org.apache.nifi:nifi-aws-nar:2.6.0 || ./work/nar/extensions/nifi-aws-nar-2.6.0.nar-unpacked
	org.apache.nifi.processors.standard.RouteOnContent
		org.apache.nifi:nifi-standard-nar:2.6.0 || ./work/nar/extensions/nifi-standard-nar-2.6.0.nar-unpacked
	org.apache.nifi.processors.websocket.ConnectWebSocket
		org.apache.nifi:nifi-websocket-processors-nar:2.6.0 || ./work/nar/extensions/nifi-websocket-processors-nar-2.6.0.nar-unpacked
	org.apache.nifi.processors.standard.UpdateDatabaseTable
		org.apache.nifi:nifi-standard-nar:2.6.0 || ./work/nar/extensions/nifi-standard-nar-2.6.0.nar-unpacked
	org.apache.nifi.processors.box.PutBoxFile
		org.apache.nifi:nifi-box-nar:2.6.0 || ./work/nar/extensions/nifi-box-nar-2.6.0.nar-unpacked
	org.apache.nifi.processors.azure.cosmos.document.PutAzureCosmosDBRecord
		org.apache.nifi:nifi-azure-nar:2.6.0 || ./work/nar/extensions/nifi-azure-nar-2.6.0.nar-unpacked
	org.apache.nifi.processors.standard.PutDatabaseRecord
		org.apache.nifi:nifi-standard-nar:2.6.0 || ./work/nar/extensions/nifi-standard-nar-2.6.0.nar-unpacked
	org.apache.nifi.processors.standard.ReplaceText
		org.apache.nifi:nifi-standard-nar:2.6.0 || ./work/nar/extensions/nifi-standard-nar-2.6.0.nar-unpacked
	org.apache.nifi.processors.aws.s3.PutS3Object
		org.apache.nifi:nifi-aws-nar:2.6.0 || ./work/nar/extensions/nifi-aws-nar-2.6.0.nar-unpacked
	org.apache.nifi.processors.zendesk.GetZendesk
		org.apache.nifi:nifi-zendesk-nar:2.6.0 || ./work/nar/extensions/nifi-zendesk-nar-2.6.0.nar-unpacked
	org.apache.nifi.processors.stateful.analysis.AttributeRollingWindow
		org.apache.nifi:nifi-stateful-analysis-nar:2.6.0 || ./work/nar/extensions/nifi-stateful-analysis-nar-2.6.0.nar-unpacked
	org.apache.nifi.processors.standard.PutFTP
		org.apache.nifi:nifi-standard-nar:2.6.0 || ./work/nar/extensions/nifi-standard-nar-2.6.0.nar-unpacked
	org.apache.nifi.processors.hubspot.GetHubSpot
		org.apache.nifi:nifi-hubspot-nar:2.6.0 || ./work/nar/extensions/nifi-hubspot-nar-2.6.0.nar-unpacked
	org.apache.nifi.processors.standard.PutDistributedMapCache
		org.apache.nifi:nifi-standard-nar:2.6.0 || ./work/nar/extensions/nifi-standard-nar-2.6.0.nar-unpacked
	org.apache.nifi.processors.dropbox.ListDropbox
		org.apache.nifi:nifi-dropbox-processors-nar:2.6.0 || ./work/nar/extensions/nifi-dropbox-processors-nar-2.6.0.nar-unpacked
	org.apache.nifi.processors.standard.UpdateRecord
		org.apache.nifi:nifi-standard-nar:2.6.0 || ./work/nar/extensions/nifi-standard-nar-2.6.0.nar-unpacked
	org.apache.nifi.processors.standard.LogAttribute
		org.apache.nifi:nifi-standard-nar:2.6.0 || ./work/nar/extensions/nifi-standard-nar-2.6.0.nar-unpacked
	org.apache.nifi.processors.standard.RouteOnAttribute
		org.apache.nifi:nifi-standard-nar:2.6.0 || ./work/nar/extensions/nifi-standard-nar-2.6.0.nar-unpacked
	org.apache.nifi.processors.standard.ListDatabaseTables
		org.apache.nifi:nifi-standard-nar:2.6.0 || ./work/nar/extensions/nifi-standard-nar-2.6.0.nar-unpacked
	org.apache.nifi.processors.elasticsearch.GetElasticsearch
		org.apache.nifi:nifi-elasticsearch-restapi-nar:2.6.0 || ./work/nar/extensions/nifi-elasticsearch-restapi-nar-2.6.0.nar-unpacked
	org.apache.nifi.processors.network.pcap.SplitPCAP
		org.apache.nifi:nifi-network-processors-nar:2.6.0 || ./work/nar/extensions/nifi-network-processors-nar-2.6.0.nar-unpacked
	=== End Processor types ===
	=== Authorizer Type ===
	org.apache.nifi.authorization.StandardManagedAuthorizer
		org.apache.nifi:nifi-framework-nar:2.6.0 || ./work/nar/framework/nifi-framework-nar-2.6.0.nar-unpacked
	org.apache.nifi.authorization.single.user.SingleUserAuthorizer
		org.apache.nifi:nifi-single-user-iaa-providers-nar:2.6.0 || ./work/nar/extensions/nifi-single-user-iaa-providers-nar-2.6.0.nar-unpacked
	=== End Authorizer types ===
	=== FlowRegistryClient Type ===
	org.apache.nifi.registry.flow.NifiRegistryFlowRegistryClient
		org.apache.nifi:nifi-flow-registry-client-nar:2.6.0 || ./work/nar/extensions/nifi-flow-registry-client-nar-2.6.0.nar-unpacked
	org.apache.nifi.gitlab.GitLabFlowRegistryClient
		org.apache.nifi:nifi-gitlab-nar:2.6.0 || ./work/nar/extensions/nifi-gitlab-nar-2.6.0.nar-unpacked
	org.apache.nifi.azure.devops.AzureDevOpsFlowRegistryClient
		org.apache.nifi:nifi-azure-nar:2.6.0 || ./work/nar/extensions/nifi-azure-nar-2.6.0.nar-unpacked
	org.apache.nifi.atlassian.bitbucket.BitbucketFlowRegistryClient
		org.apache.nifi:nifi-atlassian-nar:2.6.0 || ./work/nar/extensions/nifi-atlassian-nar-2.6.0.nar-unpacked
	org.apache.nifi.github.GitHubFlowRegistryClient
		org.apache.nifi:nifi-github-nar:2.6.0 || ./work/nar/extensions/nifi-github-nar-2.6.0.nar-unpacked
	=== End FlowRegistryClient types ===
	=== PythonBridge Type ===
	org.apache.nifi.py4j.StandardPythonBridge
		org.apache.nifi:nifi-py4j-nar:2.6.0 || ./work/nar/extensions/nifi-py4j-nar-2.6.0.nar-unpacked
	=== End PythonBridge types ===
	=== LeaderElectionManager Type ===
	org.apache.nifi.kubernetes.leader.election.KubernetesLeaderElectionManager
		org.apache.nifi:nifi-framework-kubernetes-nar:2.6.0 || ./work/nar/extensions/nifi-framework-kubernetes-nar-2.6.0.nar-unpacked
	org.apache.nifi.framework.cluster.leader.zookeeper.CuratorLeaderElectionManager
		org.apache.nifi:nifi-framework-zookeeper-nar:2.6.0 || ./work/nar/extensions/nifi-framework-zookeeper-nar-2.6.0.nar-unpacked
	=== End LeaderElectionManager types ===
	=== FlowAnalysisRule Type ===
	org.apache.nifi.flowanalysis.rules.RestrictFlowFileExpiration
		org.apache.nifi:nifi-standard-nar:2.6.0 || ./work/nar/extensions/nifi-standard-nar-2.6.0.nar-unpacked
	org.apache.nifi.flowanalysis.rules.RestrictBackpressureSettings
		org.apache.nifi:nifi-standard-nar:2.6.0 || ./work/nar/extensions/nifi-standard-nar-2.6.0.nar-unpacked
	org.apache.nifi.flowanalysis.rules.DisallowComponentType
		org.apache.nifi:nifi-standard-nar:2.6.0 || ./work/nar/extensions/nifi-standard-nar-2.6.0.nar-unpacked
	org.apache.nifi.flowanalysis.rules.RequireServerSSLContextService
		org.apache.nifi:nifi-standard-nar:2.6.0 || ./work/nar/extensions/nifi-standard-nar-2.6.0.nar-unpacked
	=== End FlowAnalysisRule types ===
	=== ContentRepository Type ===
	org.apache.nifi.controller.repository.FileSystemRepository
		org.apache.nifi:nifi-framework-nar:2.6.0 || ./work/nar/framework/nifi-framework-nar-2.6.0.nar-unpacked
	=== End ContentRepository types ===
	=== AccessPolicyProvider Type ===
	org.apache.nifi.authorization.FileAccessPolicyProvider
		org.apache.nifi:nifi-framework-nar:2.6.0 || ./work/nar/framework/nifi-framework-nar-2.6.0.nar-unpacked
	=== End AccessPolicyProvider types ===
	=== AssetManager Type ===
	org.apache.nifi.asset.StandardAssetManager
		org.apache.nifi:nifi-framework-nar:2.6.0 || ./work/nar/framework/nifi-framework-nar-2.6.0.nar-unpacked
	=== End AssetManager types ===
	=== FlowFileRepository Type ===
	org.apache.nifi.controller.repository.WriteAheadFlowFileRepository
		org.apache.nifi:nifi-framework-nar:2.6.0 || ./work/nar/framework/nifi-framework-nar-2.6.0.nar-unpacked
	org.apache.nifi.controller.repository.VolatileFlowFileRepository
		org.apache.nifi:nifi-framework-nar:2.6.0 || ./work/nar/framework/nifi-framework-nar-2.6.0.nar-unpacked
	=== End FlowFileRepository types ===
	=== ReportingTask Type ===
	org.apache.nifi.reporting.SiteToSiteProvenanceReportingTask
		org.apache.nifi:nifi-site-to-site-reporting-nar:2.6.0 || ./work/nar/extensions/nifi-site-to-site-reporting-nar-2.6.0.nar-unpacked
	org.apache.nifi.reporting.SiteToSiteStatusReportingTask
		org.apache.nifi:nifi-site-to-site-reporting-nar:2.6.0 || ./work/nar/extensions/nifi-site-to-site-reporting-nar-2.6.0.nar-unpacked
	org.apache.nifi.reporting.script.ScriptedReportingTask
		org.apache.nifi:nifi-scripting-nar:2.6.0 || ./work/nar/extensions/nifi-scripting-nar-2.6.0.nar-unpacked
	org.apache.nifi.reporting.SiteToSiteBulletinReportingTask
		org.apache.nifi:nifi-site-to-site-reporting-nar:2.6.0 || ./work/nar/extensions/nifi-site-to-site-reporting-nar-2.6.0.nar-unpacked
	org.apache.nifi.controller.MonitorDiskUsage
		org.apache.nifi:nifi-standard-nar:2.6.0 || ./work/nar/extensions/nifi-standard-nar-2.6.0.nar-unpacked
	org.apache.nifi.controller.MonitorMemory
		org.apache.nifi:nifi-standard-nar:2.6.0 || ./work/nar/extensions/nifi-standard-nar-2.6.0.nar-unpacked
	org.apache.nifi.reporting.azure.loganalytics.AzureLogAnalyticsProvenanceReportingTask
		org.apache.nifi:nifi-azure-nar:2.6.0 || ./work/nar/extensions/nifi-azure-nar-2.6.0.nar-unpacked
	org.apache.nifi.reporting.azure.loganalytics.AzureLogAnalyticsReportingTask
		org.apache.nifi:nifi-azure-nar:2.6.0 || ./work/nar/extensions/nifi-azure-nar-2.6.0.nar-unpacked
	org.apache.nifi.controller.ControllerStatusReportingTask
		org.apache.nifi:nifi-standard-nar:2.6.0 || ./work/nar/extensions/nifi-standard-nar-2.6.0.nar-unpacked
	org.apache.nifi.reporting.SiteToSiteMetricsReportingTask
		org.apache.nifi:nifi-site-to-site-reporting-nar:2.6.0 || ./work/nar/extensions/nifi-site-to-site-reporting-nar-2.6.0.nar-unpacked
	=== End ReportingTask types ===
	=== ParameterProvider Type ===
	org.apache.nifi.vault.hashicorp.HashiCorpVaultParameterProvider
		org.apache.nifi:nifi-hashicorp-vault-nar:2.6.0 || ./work/nar/extensions/nifi-hashicorp-vault-nar-2.6.0.nar-unpacked
	org.apache.nifi.parameter.azure.AzureKeyVaultSecretsParameterProvider
		org.apache.nifi:nifi-azure-nar:2.6.0 || ./work/nar/extensions/nifi-azure-nar-2.6.0.nar-unpacked
	org.apache.nifi.parameter.aws.AwsSecretsManagerParameterProvider
		org.apache.nifi:nifi-aws-nar:2.6.0 || ./work/nar/extensions/nifi-aws-nar-2.6.0.nar-unpacked
	org.apache.nifi.parameter.KubernetesSecretParameterProvider
		org.apache.nifi:nifi-standard-nar:2.6.0 || ./work/nar/extensions/nifi-standard-nar-2.6.0.nar-unpacked
	org.apache.nifi.parameter.OnePasswordParameterProvider
		org.apache.nifi:nifi-standard-nar:2.6.0 || ./work/nar/extensions/nifi-standard-nar-2.6.0.nar-unpacked
	org.apache.nifi.parameter.gcp.GcpSecretManagerParameterProvider
		org.apache.nifi:nifi-gcp-nar:2.6.0 || ./work/nar/extensions/nifi-gcp-nar-2.6.0.nar-unpacked
	org.apache.nifi.parameter.DatabaseParameterProvider
		org.apache.nifi:nifi-standard-nar:2.6.0 || ./work/nar/extensions/nifi-standard-nar-2.6.0.nar-unpacked
	org.apache.nifi.parameter.EnvironmentVariableParameterProvider
		org.apache.nifi:nifi-standard-nar:2.6.0 || ./work/nar/extensions/nifi-standard-nar-2.6.0.nar-unpacked
	=== End ParameterProvider types ===
	=== ControllerService Type ===
	org.apache.nifi.json.JsonRecordSetWriter
		org.apache.nifi:nifi-record-serialization-services-nar:2.6.0 || ./work/nar/extensions/nifi-record-serialization-services-nar-2.6.0.nar-unpacked
	org.apache.nifi.processors.aws.s3.encryption.StandardS3EncryptionService
		org.apache.nifi:nifi-aws-nar:2.6.0 || ./work/nar/extensions/nifi-aws-nar-2.6.0.nar-unpacked
	org.apache.nifi.dbcp.DBCPConnectionPoolLookup
		org.apache.nifi:nifi-dbcp-service-nar:2.6.0 || ./work/nar/extensions/nifi-dbcp-service-nar-2.6.0.nar-unpacked
	org.apache.nifi.services.azure.data.explorer.StandardKustoIngestService
		org.apache.nifi:nifi-azure-nar:2.6.0 || ./work/nar/extensions/nifi-azure-nar-2.6.0.nar-unpacked
	org.apache.nifi.services.azure.storage.AzureBlobStorageFileResourceService
		org.apache.nifi:nifi-azure-nar:2.6.0 || ./work/nar/extensions/nifi-azure-nar-2.6.0.nar-unpacked
	org.apache.nifi.box.controllerservices.DeveloperBoxClientService
		org.apache.nifi:nifi-box-services-nar:2.6.0 || ./work/nar/extensions/nifi-box-services-nar-2.6.0.nar-unpacked
	org.apache.nifi.mongodb.MongoDBLookupService
		org.apache.nifi:nifi-mongodb-services-nar:2.6.0 || ./work/nar/extensions/nifi-mongodb-services-nar-2.6.0.nar-unpacked
	org.apache.nifi.confluent.schemaregistry.ConfluentEncodedSchemaReferenceWriter
		org.apache.nifi:nifi-confluent-platform-nar:2.6.0 || ./work/nar/extensions/nifi-confluent-platform-nar-2.6.0.nar-unpacked
	org.apache.nifi.vault.hashicorp.StandardHashiCorpVaultClientService
		org.apache.nifi:nifi-hashicorp-vault-nar:2.6.0 || ./work/nar/extensions/nifi-hashicorp-vault-nar-2.6.0.nar-unpacked
	org.apache.nifi.services.azure.storage.AzureStorageCredentialsControllerService_v12
		org.apache.nifi:nifi-azure-nar:2.6.0 || ./work/nar/extensions/nifi-azure-nar-2.6.0.nar-unpacked
	org.apache.nifi.syslog.SyslogReader
		org.apache.nifi:nifi-record-serialization-services-nar:2.6.0 || ./work/nar/extensions/nifi-record-serialization-services-nar-2.6.0.nar-unpacked
	org.apache.nifi.lookup.db.SimpleDatabaseLookupService
		org.apache.nifi:nifi-lookup-services-nar:2.6.0 || ./work/nar/extensions/nifi-lookup-services-nar-2.6.0.nar-unpacked
	org.apache.nifi.redis.service.RedisDistributedMapCacheClientService
		org.apache.nifi:nifi-redis-nar:2.6.0 || ./work/nar/extensions/nifi-redis-nar-2.6.0.nar-unpacked
	org.apache.nifi.record.sink.db.DatabaseRecordSink
		org.apache.nifi:nifi-dbcp-service-nar:2.6.0 || ./work/nar/extensions/nifi-dbcp-service-nar-2.6.0.nar-unpacked
	org.apache.nifi.kafka.service.Kafka3ConnectionService
		org.apache.nifi:nifi-kafka-3-service-nar:2.6.0 || ./work/nar/extensions/nifi-kafka-3-service-nar-2.6.0.nar-unpacked
	org.apache.nifi.yaml.YamlTreeReader
		org.apache.nifi:nifi-record-serialization-services-nar:2.6.0 || ./work/nar/extensions/nifi-record-serialization-services-nar-2.6.0.nar-unpacked
	org.apache.nifi.lookup.script.SimpleScriptedLookupService
		org.apache.nifi:nifi-scripting-nar:2.6.0 || ./work/nar/extensions/nifi-scripting-nar-2.6.0.nar-unpacked
	org.apache.nifi.jms.cf.JndiJmsConnectionFactoryProvider
		org.apache.nifi:nifi-jms-processors-nar:2.6.0 || ./work/nar/extensions/nifi-jms-processors-nar-2.6.0.nar-unpacked
	org.apache.nifi.proxy.StandardProxyConfigurationService
		org.apache.nifi:nifi-proxy-configuration-nar:2.6.0 || ./work/nar/extensions/nifi-proxy-configuration-nar-2.6.0.nar-unpacked
	org.apache.nifi.ssl.PEMEncodedSSLContextProvider
		org.apache.nifi:nifi-ssl-context-service-nar:2.6.0 || ./work/nar/extensions/nifi-ssl-context-service-nar-2.6.0.nar-unpacked
	org.apache.nifi.lookup.DistributedMapCacheLookupService
		org.apache.nifi:nifi-lookup-services-nar:2.6.0 || ./work/nar/extensions/nifi-lookup-services-nar-2.6.0.nar-unpacked
	org.apache.nifi.csv.CSVRecordSetWriter
		org.apache.nifi:nifi-record-serialization-services-nar:2.6.0 || ./work/nar/extensions/nifi-record-serialization-services-nar-2.6.0.nar-unpacked
	org.apache.nifi.services.azure.eventhub.AzureEventHubRecordSink
		org.apache.nifi:nifi-azure-nar:2.6.0 || ./work/nar/extensions/nifi-azure-nar-2.6.0.nar-unpacked
	org.apache.nifi.mongodb.MongoDBControllerService
		org.apache.nifi:nifi-mongodb-services-nar:2.6.0 || ./work/nar/extensions/nifi-mongodb-services-nar-2.6.0.nar-unpacked
	org.apache.nifi.lookup.SimpleCsvFileLookupService
		org.apache.nifi:nifi-lookup-services-nar:2.6.0 || ./work/nar/extensions/nifi-lookup-services-nar-2.6.0.nar-unpacked
	org.apache.nifi.services.slack.SlackRecordSink
		org.apache.nifi:nifi-slack-nar:2.6.0 || ./work/nar/extensions/nifi-slack-nar-2.6.0.nar-unpacked
	org.apache.nifi.schema.inference.VolatileSchemaCache
		org.apache.nifi:nifi-record-serialization-services-nar:2.6.0 || ./work/nar/extensions/nifi-record-serialization-services-nar-2.6.0.nar-unpacked
	org.apache.nifi.websocket.jetty.JettyWebSocketServer
		org.apache.nifi:nifi-websocket-services-jetty-nar:2.6.0 || ./work/nar/extensions/nifi-websocket-services-jetty-nar-2.6.0.nar-unpacked
	org.apache.nifi.elasticsearch.ElasticSearchClientServiceImpl
		org.apache.nifi:nifi-elasticsearch-client-service-nar:2.6.0 || ./work/nar/extensions/nifi-elasticsearch-client-service-nar-2.6.0.nar-unpacked
	org.apache.nifi.websocket.jetty.JettyWebSocketClient
		org.apache.nifi:nifi-websocket-services-jetty-nar:2.6.0 || ./work/nar/extensions/nifi-websocket-services-jetty-nar-2.6.0.nar-unpacked
	org.apache.nifi.record.sink.lookup.RecordSinkServiceLookup
		org.apache.nifi:nifi-record-sink-service-nar:2.6.0 || ./work/nar/extensions/nifi-record-sink-service-nar-2.6.0.nar-unpacked
	org.apache.nifi.elasticsearch.ElasticSearchLookupService
		org.apache.nifi:nifi-elasticsearch-client-service-nar:2.6.0 || ./work/nar/extensions/nifi-elasticsearch-client-service-nar-2.6.0.nar-unpacked
	org.apache.nifi.services.smb.SmbjClientProviderService
		org.apache.nifi:nifi-smb-smbj-client-nar:2.6.0 || ./work/nar/extensions/nifi-smb-smbj-client-nar-2.6.0.nar-unpacked
	org.apache.nifi.services.azure.storage.AzureStorageCredentialsControllerServiceLookup_v12
		org.apache.nifi:nifi-azure-nar:2.6.0 || ./work/nar/extensions/nifi-azure-nar-2.6.0.nar-unpacked
	org.apache.nifi.pgp.service.standard.StandardPGPPrivateKeyService
		org.apache.nifi:nifi-pgp-service-nar:2.6.0 || ./work/nar/extensions/nifi-pgp-service-nar-2.6.0.nar-unpacked
	org.apache.nifi.ssl.StandardRestrictedSSLContextService
		org.apache.nifi:nifi-ssl-context-service-nar:2.6.0 || ./work/nar/extensions/nifi-ssl-context-service-nar-2.6.0.nar-unpacked
	org.apache.nifi.fileresource.service.StandardFileResourceService
		org.apache.nifi:nifi-file-resource-service-nar:2.6.0 || ./work/nar/extensions/nifi-file-resource-service-nar-2.6.0.nar-unpacked
	org.apache.nifi.services.azure.storage.ADLSCredentialsControllerServiceLookup
		org.apache.nifi:nifi-azure-nar:2.6.0 || ./work/nar/extensions/nifi-azure-nar-2.6.0.nar-unpacked
	org.apache.nifi.kerberos.KerberosPasswordUserService
		org.apache.nifi:nifi-kerberos-user-service-nar:2.6.0 || ./work/nar/extensions/nifi-kerberos-user-service-nar-2.6.0.nar-unpacked
	org.apache.nifi.apicurio.schemaregistry.ApicurioSchemaRegistry
		org.apache.nifi:nifi-apicurio-nar:2.6.0 || ./work/nar/extensions/nifi-apicurio-nar-2.6.0.nar-unpacked
	org.apache.nifi.lookup.XMLFileLookupService
		org.apache.nifi:nifi-lookup-services-nar:2.6.0 || ./work/nar/extensions/nifi-lookup-services-nar-2.6.0.nar-unpacked
	org.apache.nifi.reporting.sink.SiteToSiteReportingRecordSink
		org.apache.nifi:nifi-site-to-site-reporting-nar:2.6.0 || ./work/nar/extensions/nifi-site-to-site-reporting-nar-2.6.0.nar-unpacked
	org.apache.nifi.lookup.maxmind.IPLookupService
		org.apache.nifi:nifi-lookup-services-nar:2.6.0 || ./work/nar/extensions/nifi-lookup-services-nar-2.6.0.nar-unpacked
	org.apache.nifi.services.zendesk.ZendeskRecordSink
		org.apache.nifi:nifi-zendesk-services-nar:2.6.0 || ./work/nar/extensions/nifi-zendesk-services-nar-2.6.0.nar-unpacked
	org.apache.nifi.distributed.cache.client.SetCacheClientService
		org.apache.nifi:nifi-distributed-cache-services-nar:2.6.0 || ./work/nar/extensions/nifi-distributed-cache-services-nar-2.6.0.nar-unpacked
	org.apache.nifi.elasticsearch.ElasticSearchStringLookupService
		org.apache.nifi:nifi-elasticsearch-client-service-nar:2.6.0 || ./work/nar/extensions/nifi-elasticsearch-client-service-nar-2.6.0.nar-unpacked
	org.apache.nifi.hazelcast.services.cachemanager.EmbeddedHazelcastCacheManager
		org.apache.nifi:nifi-hazelcast-services-nar:2.6.0 || ./work/nar/extensions/nifi-hazelcast-services-nar-2.6.0.nar-unpacked
	org.apache.nifi.aws.schemaregistry.AmazonGlueEncodedSchemaReferenceReader
		org.apache.nifi:nifi-aws-nar:2.6.0 || ./work/nar/extensions/nifi-aws-nar-2.6.0.nar-unpacked
	org.apache.nifi.record.sink.LoggingRecordSink
		org.apache.nifi:nifi-record-sink-service-nar:2.6.0 || ./work/nar/extensions/nifi-record-sink-service-nar-2.6.0.nar-unpacked
	org.apache.nifi.record.sink.event.UDPEventRecordSink
		org.apache.nifi:nifi-record-sink-service-nar:2.6.0 || ./work/nar/extensions/nifi-record-sink-service-nar-2.6.0.nar-unpacked
	org.apache.nifi.db.schemaregistry.DatabaseTableSchemaRegistry
		org.apache.nifi:nifi-db-schema-registry-service-nar:2.6.0 || ./work/nar/extensions/nifi-db-schema-registry-service-nar-2.6.0.nar-unpacked
	org.apache.nifi.record.sink.HttpRecordSink
		org.apache.nifi:nifi-record-sink-service-nar:2.6.0 || ./work/nar/extensions/nifi-record-sink-service-nar-2.6.0.nar-unpacked
	org.apache.nifi.cef.CEFReader
		org.apache.nifi:nifi-record-serialization-services-nar:2.6.0 || ./work/nar/extensions/nifi-record-serialization-services-nar-2.6.0.nar-unpacked
	org.apache.nifi.lookup.RecordSetWriterLookup
		org.apache.nifi:nifi-record-serialization-services-nar:2.6.0 || ./work/nar/extensions/nifi-record-serialization-services-nar-2.6.0.nar-unpacked
	org.apache.nifi.syslog.Syslog5424Reader
		org.apache.nifi:nifi-record-serialization-services-nar:2.6.0 || ./work/nar/extensions/nifi-record-serialization-services-nar-2.6.0.nar-unpacked
	org.apache.nifi.record.script.ScriptedRecordSetWriter
		org.apache.nifi:nifi-scripting-nar:2.6.0 || ./work/nar/extensions/nifi-scripting-nar-2.6.0.nar-unpacked
	org.apache.nifi.distributed.cache.server.SetCacheServer
		org.apache.nifi:nifi-distributed-cache-services-nar:2.6.0 || ./work/nar/extensions/nifi-distributed-cache-services-nar-2.6.0.nar-unpacked
	org.apache.nifi.schemaregistry.services.AvroSchemaRegistry
		org.apache.nifi:nifi-registry-nar:2.6.0 || ./work/nar/extensions/nifi-registry-nar-2.6.0.nar-unpacked
	org.apache.nifi.services.azure.storage.ADLSCredentialsControllerService
		org.apache.nifi:nifi-azure-nar:2.6.0 || ./work/nar/extensions/nifi-azure-nar-2.6.0.nar-unpacked
	org.apache.nifi.ssl.StandardSSLContextService
		org.apache.nifi:nifi-ssl-context-service-nar:2.6.0 || ./work/nar/extensions/nifi-ssl-context-service-nar-2.6.0.nar-unpacked
	org.apache.nifi.services.azure.StandardAzureCredentialsControllerService
		org.apache.nifi:nifi-azure-nar:2.6.0 || ./work/nar/extensions/nifi-azure-nar-2.6.0.nar-unpacked
	org.apache.nifi.database.dialect.service.StandardDatabaseDialectService
		org.apache.nifi:nifi-database-dialect-service-nar:2.6.0 || ./work/nar/extensions/nifi-database-dialect-service-nar-2.6.0.nar-unpacked
	org.apache.nifi.excel.ExcelReader
		org.apache.nifi:nifi-poi-nar:2.6.0 || ./work/nar/extensions/nifi-poi-nar-2.6.0.nar-unpacked
	org.apache.nifi.key.service.StandardPrivateKeyService
		org.apache.nifi:nifi-key-service-nar:2.6.0 || ./work/nar/extensions/nifi-key-service-nar-2.6.0.nar-unpacked
	org.apache.nifi.dbcp.HikariCPConnectionPool
		org.apache.nifi:nifi-dbcp-service-nar:2.6.0 || ./work/nar/extensions/nifi-dbcp-service-nar-2.6.0.nar-unpacked
	org.apache.nifi.kerberos.KerberosTicketCacheUserService
		org.apache.nifi:nifi-kerberos-user-service-nar:2.6.0 || ./work/nar/extensions/nifi-kerberos-user-service-nar-2.6.0.nar-unpacked
	org.apache.nifi.aws.schemaregistry.AmazonGlueSchemaRegistry
		org.apache.nifi:nifi-aws-nar:2.6.0 || ./work/nar/extensions/nifi-aws-nar-2.6.0.nar-unpacked
	org.apache.nifi.hazelcast.services.cacheclient.HazelcastMapCacheClient
		org.apache.nifi:nifi-hazelcast-services-nar:2.6.0 || ./work/nar/extensions/nifi-hazelcast-services-nar-2.6.0.nar-unpacked
	org.apache.nifi.dbcp.DBCPConnectionPool
		org.apache.nifi:nifi-dbcp-service-nar:2.6.0 || ./work/nar/extensions/nifi-dbcp-service-nar-2.6.0.nar-unpacked
	org.apache.nifi.processors.aws.credentials.provider.service.AWSCredentialsProviderControllerService
		org.apache.nifi:nifi-aws-nar:2.6.0 || ./work/nar/extensions/nifi-aws-nar-2.6.0.nar-unpacked
	org.apache.nifi.avro.AvroReader
		org.apache.nifi:nifi-record-serialization-services-nar:2.6.0 || ./work/nar/extensions/nifi-record-serialization-services-nar-2.6.0.nar-unpacked
	org.apache.nifi.oauth2.StandardOauth2AccessTokenProvider
		org.apache.nifi:nifi-oauth2-provider-nar:2.6.0 || ./work/nar/extensions/nifi-oauth2-provider-nar-2.6.0.nar-unpacked
	org.apache.nifi.redis.service.RedisConnectionPoolService
		org.apache.nifi:nifi-redis-nar:2.6.0 || ./work/nar/extensions/nifi-redis-nar-2.6.0.nar-unpacked
	org.apache.nifi.services.azure.data.explorer.StandardKustoQueryService
		org.apache.nifi:nifi-azure-nar:2.6.0 || ./work/nar/extensions/nifi-azure-nar-2.6.0.nar-unpacked
	org.apache.nifi.json.JsonPathReader
		org.apache.nifi:nifi-record-serialization-services-nar:2.6.0 || ./work/nar/extensions/nifi-record-serialization-services-nar-2.6.0.nar-unpacked
	org.apache.nifi.processors.aws.s3.service.S3FileResourceService
		org.apache.nifi:nifi-aws-nar:2.6.0 || ./work/nar/extensions/nifi-aws-nar-2.6.0.nar-unpacked
	org.apache.nifi.lookup.db.DatabaseRecordLookupService
		org.apache.nifi:nifi-lookup-services-nar:2.6.0 || ./work/nar/extensions/nifi-lookup-services-nar-2.6.0.nar-unpacked
	org.apache.nifi.services.protobuf.StandardProtobufReader
		org.apache.nifi:nifi-protobuf-services-nar:2.6.0 || ./work/nar/extensions/nifi-protobuf-services-nar-2.6.0.nar-unpacked
	org.apache.nifi.grok.GrokReader
		org.apache.nifi:nifi-record-serialization-services-nar:2.6.0 || ./work/nar/extensions/nifi-record-serialization-services-nar-2.6.0.nar-unpacked
	org.apache.nifi.services.dropbox.StandardDropboxCredentialService
		org.apache.nifi:nifi-dropbox-services-nar:2.6.0 || ./work/nar/extensions/nifi-dropbox-services-nar-2.6.0.nar-unpacked
	org.apache.nifi.text.FreeFormTextRecordSetWriter
		org.apache.nifi:nifi-record-serialization-services-nar:2.6.0 || ./work/nar/extensions/nifi-record-serialization-services-nar-2.6.0.nar-unpacked
	org.apache.nifi.xml.XMLRecordSetWriter
		org.apache.nifi:nifi-record-serialization-services-nar:2.6.0 || ./work/nar/extensions/nifi-record-serialization-services-nar-2.6.0.nar-unpacked
	org.apache.nifi.processors.gcp.storage.GCSFileResourceService
		org.apache.nifi:nifi-gcp-nar:2.6.0 || ./work/nar/extensions/nifi-gcp-nar-2.6.0.nar-unpacked
	org.apache.nifi.kafka.service.aws.AmazonMSKConnectionService
		org.apache.nifi:nifi-kafka-service-aws-nar:2.6.0 || ./work/nar/extensions/nifi-kafka-service-aws-nar-2.6.0.nar-unpacked
	org.apache.nifi.services.azure.cosmos.document.AzureCosmosDBClientService
		org.apache.nifi:nifi-azure-nar:2.6.0 || ./work/nar/extensions/nifi-azure-nar-2.6.0.nar-unpacked
	org.apache.nifi.http.StandardHttpContextMap
		org.apache.nifi:nifi-http-context-map-nar:2.6.0 || ./work/nar/extensions/nifi-http-context-map-nar-2.6.0.nar-unpacked
	org.apache.nifi.distributed.cache.client.MapCacheClientService
		org.apache.nifi:nifi-distributed-cache-services-nar:2.6.0 || ./work/nar/extensions/nifi-distributed-cache-services-nar-2.6.0.nar-unpacked
	org.apache.nifi.kerberos.KerberosKeytabUserService
		org.apache.nifi:nifi-kerberos-user-service-nar:2.6.0 || ./work/nar/extensions/nifi-kerberos-user-service-nar-2.6.0.nar-unpacked
	org.apache.nifi.services.azure.storage.AzureDataLakeStorageFileResourceService
		org.apache.nifi:nifi-azure-nar:2.6.0 || ./work/nar/extensions/nifi-azure-nar-2.6.0.nar-unpacked
	org.apache.nifi.services.protobuf.ProtobufReader
		org.apache.nifi:nifi-protobuf-services-nar:2.6.0 || ./work/nar/extensions/nifi-protobuf-services-nar-2.6.0.nar-unpacked
	org.apache.nifi.lookup.SimpleKeyValueLookupService
		org.apache.nifi:nifi-lookup-services-nar:2.6.0 || ./work/nar/extensions/nifi-lookup-services-nar-2.6.0.nar-unpacked
	org.apache.nifi.csv.CSVReader
		org.apache.nifi:nifi-record-serialization-services-nar:2.6.0 || ./work/nar/extensions/nifi-record-serialization-services-nar-2.6.0.nar-unpacked
	org.apache.nifi.lookup.RestLookupService
		org.apache.nifi:nifi-lookup-services-nar:2.6.0 || ./work/nar/extensions/nifi-lookup-services-nar-2.6.0.nar-unpacked
	org.apache.nifi.processors.gcp.credentials.service.GCPCredentialsControllerService
		org.apache.nifi:nifi-gcp-nar:2.6.0 || ./work/nar/extensions/nifi-gcp-nar-2.6.0.nar-unpacked
	org.apache.nifi.avro.AvroRecordSetWriter
		org.apache.nifi:nifi-record-serialization-services-nar:2.6.0 || ./work/nar/extensions/nifi-record-serialization-services-nar-2.6.0.nar-unpacked
	org.apache.nifi.confluent.schemaregistry.ConfluentProtobufMessageNameResolver
		org.apache.nifi:nifi-confluent-platform-nar:2.6.0 || ./work/nar/extensions/nifi-confluent-platform-nar-2.6.0.nar-unpacked
	org.apache.nifi.record.sink.EmailRecordSink
		org.apache.nifi:nifi-record-sink-service-nar:2.6.0 || ./work/nar/extensions/nifi-record-sink-service-nar-2.6.0.nar-unpacked
	org.apache.nifi.windowsevent.WindowsEventLogReader
		org.apache.nifi:nifi-record-serialization-services-nar:2.6.0 || ./work/nar/extensions/nifi-record-serialization-services-nar-2.6.0.nar-unpacked
	org.apache.nifi.hazelcast.services.cachemanager.ExternalHazelcastCacheManager
		org.apache.nifi:nifi-hazelcast-services-nar:2.6.0 || ./work/nar/extensions/nifi-hazelcast-services-nar-2.6.0.nar-unpacked
	org.apache.nifi.distributed.cache.server.map.MapCacheServer
		org.apache.nifi:nifi-distributed-cache-services-nar:2.6.0 || ./work/nar/extensions/nifi-distributed-cache-services-nar-2.6.0.nar-unpacked
	org.apache.nifi.xml.XMLReader
		org.apache.nifi:nifi-record-serialization-services-nar:2.6.0 || ./work/nar/extensions/nifi-record-serialization-services-nar-2.6.0.nar-unpacked
	org.apache.nifi.schemaregistry.services.StandardJsonSchemaRegistry
		org.apache.nifi:nifi-registry-nar:2.6.0 || ./work/nar/extensions/nifi-registry-nar-2.6.0.nar-unpacked
	org.apache.nifi.record.script.ScriptedReader
		org.apache.nifi:nifi-scripting-nar:2.6.0 || ./work/nar/extensions/nifi-scripting-nar-2.6.0.nar-unpacked
	org.apache.nifi.redis.service.SimpleRedisDistributedMapCacheClientService
		org.apache.nifi:nifi-redis-nar:2.6.0 || ./work/nar/extensions/nifi-redis-nar-2.6.0.nar-unpacked
	org.apache.nifi.lookup.CSVRecordLookupService
		org.apache.nifi:nifi-lookup-services-nar:2.6.0 || ./work/nar/extensions/nifi-lookup-services-nar-2.6.0.nar-unpacked
	org.apache.nifi.pgp.service.standard.StandardPGPPublicKeyService
		org.apache.nifi:nifi-pgp-service-nar:2.6.0 || ./work/nar/extensions/nifi-pgp-service-nar-2.6.0.nar-unpacked
	org.apache.nifi.lookup.script.ScriptedLookupService
		org.apache.nifi:nifi-scripting-nar:2.6.0 || ./work/nar/extensions/nifi-scripting-nar-2.6.0.nar-unpacked
	org.apache.nifi.controller.asana.StandardAsanaClientProviderService
		org.apache.nifi:nifi-asana-services-nar:2.6.0 || ./work/nar/extensions/nifi-asana-services-nar-2.6.0.nar-unpacked
	org.apache.nifi.confluent.schemaregistry.ConfluentSchemaRegistry
		org.apache.nifi:nifi-confluent-platform-nar:2.6.0 || ./work/nar/extensions/nifi-confluent-platform-nar-2.6.0.nar-unpacked
	org.apache.nifi.jms.cf.JMSConnectionFactoryProvider
		org.apache.nifi:nifi-jms-processors-nar:2.6.0 || ./work/nar/extensions/nifi-jms-processors-nar-2.6.0.nar-unpacked
	org.apache.nifi.confluent.schemaregistry.ConfluentEncodedSchemaReferenceReader
		org.apache.nifi:nifi-confluent-platform-nar:2.6.0 || ./work/nar/extensions/nifi-confluent-platform-nar-2.6.0.nar-unpacked
	org.apache.nifi.web.client.provider.service.StandardWebClientServiceProvider
		org.apache.nifi:nifi-web-client-provider-service-nar:2.6.0 || ./work/nar/extensions/nifi-web-client-provider-service-nar-2.6.0.nar-unpacked
	org.apache.nifi.lookup.PropertiesFileLookupService
		org.apache.nifi:nifi-lookup-services-nar:2.6.0 || ./work/nar/extensions/nifi-lookup-services-nar-2.6.0.nar-unpacked
	org.apache.nifi.box.controllerservices.JsonConfigBasedBoxClientService
		org.apache.nifi:nifi-box-services-nar:2.6.0 || ./work/nar/extensions/nifi-box-services-nar-2.6.0.nar-unpacked
	org.apache.nifi.json.JsonTreeReader
		org.apache.nifi:nifi-record-serialization-services-nar:2.6.0 || ./work/nar/extensions/nifi-record-serialization-services-nar-2.6.0.nar-unpacked
	org.apache.nifi.record.sink.script.ScriptedRecordSink
		org.apache.nifi:nifi-scripting-nar:2.6.0 || ./work/nar/extensions/nifi-scripting-nar-2.6.0.nar-unpacked
	org.apache.nifi.lookup.ReaderLookup
		org.apache.nifi:nifi-record-serialization-services-nar:2.6.0 || ./work/nar/extensions/nifi-record-serialization-services-nar-2.6.0.nar-unpacked
	org.apache.nifi.oauth2.JWTBearerOAuth2AccessTokenProvider
		org.apache.nifi:nifi-oauth2-provider-nar:2.6.0 || ./work/nar/extensions/nifi-oauth2-provider-nar-2.6.0.nar-unpacked
	=== End ControllerService types ===
	=== StatusAnalyticsModel Type ===
	org.apache.nifi.controller.status.analytics.models.OrdinaryLeastSquares
		org.apache.nifi:nifi-framework-nar:2.6.0 || ./work/nar/framework/nifi-framework-nar-2.6.0.nar-unpacked
	org.apache.nifi.controller.status.analytics.models.SimpleRegression
		org.apache.nifi:nifi-framework-nar:2.6.0 || ./work/nar/framework/nifi-framework-nar-2.6.0.nar-unpacked
	=== End StatusAnalyticsModel types ===
	=== FlowFilePrioritizer Type ===
	org.apache.nifi.prioritizer.NewestFlowFileFirstPrioritizer
		org.apache.nifi:nifi-framework-nar:2.6.0 || ./work/nar/framework/nifi-framework-nar-2.6.0.nar-unpacked
	org.apache.nifi.prioritizer.FirstInFirstOutPrioritizer
		org.apache.nifi:nifi-framework-nar:2.6.0 || ./work/nar/framework/nifi-framework-nar-2.6.0.nar-unpacked
	org.apache.nifi.prioritizer.PriorityAttributePrioritizer
		org.apache.nifi:nifi-framework-nar:2.6.0 || ./work/nar/framework/nifi-framework-nar-2.6.0.nar-unpacked
	org.apache.nifi.prioritizer.OldestFlowFileFirstPrioritizer
		org.apache.nifi:nifi-framework-nar:2.6.0 || ./work/nar/framework/nifi-framework-nar-2.6.0.nar-unpacked
	=== End FlowFilePrioritizer types ===
	=== NarPersistenceProvider Type ===
	org.apache.nifi.nar.StandardNarPersistenceProvider
		org.apache.nifi:nifi-framework-nar:2.6.0 || ./work/nar/framework/nifi-framework-nar-2.6.0.nar-unpacked
	=== End NarPersistenceProvider types ===
	=== FlowFileSwapManager Type ===
	org.apache.nifi.controller.FileSystemSwapManager
		org.apache.nifi:nifi-framework-nar:2.6.0 || ./work/nar/framework/nifi-framework-nar-2.6.0.nar-unpacked
	=== End FlowFileSwapManager types ===
2025-10-16 10:44:40,634 INFO [main] o.a.n.f.r.CompositeExternalResourceProviderService Starting External Resource Provider Service ...
2025-10-16 10:44:40,634 INFO [main] o.a.n.f.r.CompositeExternalResourceProviderService External Resource Provider Service is started successfully
2025-10-16 10:44:40,635 INFO [main] org.apache.nifi.nar.NarAutoLoader Found 0 initial NARs from directory nar_extensions
2025-10-16 10:44:40,637 INFO [main] org.apache.nifi.nar.NarAutoLoader Starting NAR Auto-Loader Thread for directory /opt/nifi/nifi-current/nar_extensions ...
2025-10-16 10:44:40,638 INFO [main] org.eclipse.jetty.server.Server jetty-12.0.27; built: 2025-09-10T23:47:49.595Z; git: 3569a3e83ad136ee44e26b370b74c1c5e9f33e61; jvm 21.0.8+12-LTS
2025-10-16 10:44:40,961 INFO [main] o.e.j.session.DefaultSessionIdManager Session workerName=node0
2025-10-16 10:44:40,964 INFO [main] o.e.jetty.server.handler.ContextHandler Started oeje10w.WebAppContext@25d0b918{/nifi-standard-content-viewer-2.6.0,/nifi-standard-content-viewer-2.6.0,b=file:///opt/nifi/nifi-current/work/jetty/nifi-standard-content-viewer-2.6.0.war/webapp/,a=AVAILABLE,h=oeje10s.SessionHandler@218f2f51{STARTED}}{./work/nar/extensions/nifi-standard-content-viewer-nar-2.6.0.nar-unpacked/NAR-INF/bundled-dependencies/nifi-standard-content-viewer-2.6.0.war}
2025-10-16 10:44:40,966 INFO [main] o.a.n.w.c.v.StandardServletContextListener Standard Content Viewer Initialized
2025-10-16 10:44:40,986 INFO [main] o.e.j.ee10.servlet.ServletContextHandler Started oeje10w.WebAppContext@25d0b918{/nifi-standard-content-viewer-2.6.0,/nifi-standard-content-viewer-2.6.0,b=file:///opt/nifi/nifi-current/work/jetty/nifi-standard-content-viewer-2.6.0.war/webapp/,a=AVAILABLE,h=oeje10s.SessionHandler@218f2f51{STARTED}}{./work/nar/extensions/nifi-standard-content-viewer-nar-2.6.0.nar-unpacked/NAR-INF/bundled-dependencies/nifi-standard-content-viewer-2.6.0.war}
2025-10-16 10:44:41,241 INFO [main] o.e.jetty.server.handler.ContextHandler Started oeje10w.WebAppContext@280d6a20{/nifi-jolt-transform-json-ui-2.6.0,/nifi-jolt-transform-json-ui-2.6.0,b=file:///opt/nifi/nifi-current/work/jetty/nifi-jolt-transform-json-ui-2.6.0.war/webapp/,a=AVAILABLE,h=oeje10s.SessionHandler@6b0ba697{STARTED}}{./work/nar/extensions/nifi-jolt-nar-2.6.0.nar-unpacked/NAR-INF/bundled-dependencies/nifi-jolt-transform-json-ui-2.6.0.war}
2025-10-16 10:44:41,242 INFO [main] o.e.j.ee10.servlet.ServletContextHandler Started oeje10w.WebAppContext@280d6a20{/nifi-jolt-transform-json-ui-2.6.0,/nifi-jolt-transform-json-ui-2.6.0,b=file:///opt/nifi/nifi-current/work/jetty/nifi-jolt-transform-json-ui-2.6.0.war/webapp/,a=AVAILABLE,h=oeje10s.SessionHandler@6b0ba697{STARTED}}{./work/nar/extensions/nifi-jolt-nar-2.6.0.nar-unpacked/NAR-INF/bundled-dependencies/nifi-jolt-transform-json-ui-2.6.0.war}
2025-10-16 10:44:41,462 INFO [main] o.e.jetty.server.handler.ContextHandler Started oeje10w.WebAppContext@4b00d59{/nifi-update-attribute-ui-2.6.0,/nifi-update-attribute-ui-2.6.0,b=file:///opt/nifi/nifi-current/work/jetty/nifi-update-attribute-ui-2.6.0.war/webapp/,a=AVAILABLE,h=oeje10s.SessionHandler@1d1c63af{STARTED}}{./work/nar/extensions/nifi-update-attribute-nar-2.6.0.nar-unpacked/NAR-INF/bundled-dependencies/nifi-update-attribute-ui-2.6.0.war}
2025-10-16 10:44:41,464 INFO [main] o.e.j.ee10.servlet.ServletContextHandler Started oeje10w.WebAppContext@4b00d59{/nifi-update-attribute-ui-2.6.0,/nifi-update-attribute-ui-2.6.0,b=file:///opt/nifi/nifi-current/work/jetty/nifi-update-attribute-ui-2.6.0.war/webapp/,a=AVAILABLE,h=oeje10s.SessionHandler@1d1c63af{STARTED}}{./work/nar/extensions/nifi-update-attribute-nar-2.6.0.nar-unpacked/NAR-INF/bundled-dependencies/nifi-update-attribute-ui-2.6.0.war}
2025-10-16 10:44:41,577 INFO [main] o.e.j.s.handler.ContextHandler._nifi_api No Spring WebApplicationInitializer types detected on classpath
2025-10-16 10:44:41,594 INFO [main] o.e.jetty.server.handler.ContextHandler Started oeje10w.WebAppContext@b842275{nifi-api,/nifi-api,b=file:///opt/nifi/nifi-current/work/jetty/nifi-web-api-2.6.0.war/webapp/,a=AVAILABLE,h=oeje10s.SessionHandler@4fef5792{STARTED}}{./work/nar/extensions/nifi-server-nar-2.6.0.nar-unpacked/NAR-INF/bundled-dependencies/nifi-web-api-2.6.0.war}
2025-10-16 10:44:41,594 INFO [main] o.e.j.s.handler.ContextHandler._nifi_api Initializing Spring root WebApplicationContext
2025-10-16 10:44:42,066 INFO [main] o.a.nifi.properties.NiFiPropertiesLoader Loading Application Properties [/opt/nifi/nifi-current/conf/nifi.properties]
2025-10-16 10:44:42,146 INFO [main] o.a.n.wali.SequentialAccessWriteAheadLog Recovering records from Write-Ahead Log at ./state/local
2025-10-16 10:44:42,146 INFO [main] o.a.n.wali.SequentialAccessWriteAheadLog No Snapshot File to recover from at ./state/local. Now recovering records from 0 journal files
2025-10-16 10:44:42,147 INFO [main] o.a.n.wali.SequentialAccessWriteAheadLog Successfully recovered 0 records in 0 milliseconds. Now checkpointing to ensure that Write-Ahead Log is in a consistent state
2025-10-16 10:44:42,149 INFO [main] o.a.n.wali.SequentialAccessWriteAheadLog Checkpointed Write-Ahead Log with 0 Records and 0 Swap Files in 2 milliseconds (Stop-the-world time = 1 milliseconds), max Transaction ID -1
2025-10-16 10:44:42,309 INFO [main] jetbrains.exodus.env.EnvironmentImpl Exodus environment created: ./database_repository
2025-10-16 10:44:42,611 INFO [main] o.a.n.a.service.EntityStoreAuditService Environment configured with directory [./database_repository]
2025-10-16 10:44:43,153 INFO [main] o.a.n.c.r.WriteAheadFlowFileRepository Initialized FlowFile Repository
2025-10-16 10:44:43,154 INFO [main] o.apache.nifi.controller.FlowController Creating Provenance Repository [org.apache.nifi.provenance.WriteAheadProvenanceRepository]
2025-10-16 10:44:43,170 INFO [main] o.a.n.p.store.WriteAheadStorePartition After recovering ./provenance_repository, next Event ID to be generated will be 0
2025-10-16 10:44:43,171 INFO [main] o.a.n.p.index.lucene.LuceneEventIndex Will avoid re-indexing Provenance Events because the newest index is defunct, so it will be re-indexed in the background
2025-10-16 10:44:43,171 INFO [main] o.apache.nifi.controller.FlowController Creating Content Repository [org.apache.nifi.controller.repository.FileSystemRepository]
2025-10-16 10:44:43,173 INFO [main] o.a.n.c.repository.FileSystemRepository Maximum Threshold for Container default set to 29412863508 bytes; if volume exceeds this size, archived data will be deleted until it no longer exceeds this size
2025-10-16 10:44:43,174 INFO [main] o.a.n.c.repository.FileSystemRepository Initializing FileSystemRepository with 'Always Sync' set to false
2025-10-16 10:44:43,641 INFO [main] org.apache.nifi.py4j.PythonProcess Launching Python Process python3 /opt/nifi/nifi-current/./python/framework/Controller.py with working directory ./work/python/controller to communicate with Java on Port 37457
2025-10-16 10:44:43,769 INFO [python-log-128] org.apache.nifi.py4j.Controller Listening for requests from Java side using Python Port 33837, communicating with Java on port 37457
2025-10-16 10:44:43,834 INFO [main] org.apache.nifi.py4j.PythonProcess Successfully started and pinged Python Server. Python Process = Process[pid=128, exitValue="not exited"]
2025-10-16 10:44:44,070 INFO [main] o.a.n.n.NarPersistenceProviderFactoryBean Creating NAR Persistence Provider [org.apache.nifi.nar.StandardNarPersistenceProvider]
2025-10-16 10:44:44,071 INFO [main] o.a.n.nar.StandardNarPersistenceProvider Loaded persistence info for 0 NARs
2025-10-16 10:44:44,071 INFO [main] o.a.n.nar.StandardNarPersistenceProvider Initialization completed with storage location [/opt/nifi/nifi-current/./nar_repository]
2025-10-16 10:44:44,077 INFO [main] org.apache.nifi.nar.StandardNarManager Loading stored NAR files [0]
2025-10-16 10:44:45,165 INFO [main] o.s.s.c.a.a.c.InitializeAuthenticationProviderBeanManagerConfigurer$InitializeAuthenticationProviderManagerConfigurer Found 5 AuthenticationProvider beans, with names [anonymousAuthenticationProvider, jwtAuthenticationProvider, oidcAuthorizationCodeAuthenticationProvider, openSamlAuthenticationProvider, x509AuthenticationProvider]. Global Authentication Manager will not be configured with AuthenticationProviders. Consider publishing a single AuthenticationProvider bean, or wiring your Providers directly using the DSL.
2025-10-16 10:44:45,260 INFO [main] o.a.n.w.c.ApplicationStartupContextListener Starting Flow Controller...
2025-10-16 10:44:45,272 INFO [main] o.a.n.c.s.VersionedFlowSynchronizer Synchronizing FlowController with proposed flow: Controller Already Synchronized = false
2025-10-16 10:44:45,281 INFO [main] o.apache.nifi.controller.FlowController [Timer Driven] Maximum Thread Count updated [10] previous [10]
2025-10-16 10:44:45,293 INFO [main] o.a.n.f.s.StandardVersionedComponentSynchronizer No differences between current flow and proposed flow for StandardProcessGroup[identifier=ec99cb47-0199-1000-d94d-21aef1a8be41,name=NiFi Flow]
2025-10-16 10:44:45,298 INFO [main] o.a.n.c.s.VersionedFlowSynchronizer Successfully synchronized dataflow with the proposed flow in 35 millis
2025-10-16 10:44:45,298 INFO [main] o.apache.nifi.controller.FlowController Successfully synchronized controller with proposed flow. Flow contains the following number of components: {Processors=0, Controller Services=0, Reporting Tasks=0, Flow Analysis Rules=0, Process Groups=0, Remote Process Groups=0, Parameter Providers=0, Flow Registry Clients=0, Local Input Ports=0, Local Output Ports=0, Public Input Ports=0, Public Output Ports=0}
2025-10-16 10:44:45,307 INFO [main] o.a.n.wali.SequentialAccessWriteAheadLog Recovering records from Write-Ahead Log at ./flowfile_repository
2025-10-16 10:44:45,307 INFO [main] o.a.n.wali.SequentialAccessWriteAheadLog No Snapshot File to recover from at ./flowfile_repository. Now recovering records from 0 journal files
2025-10-16 10:44:45,308 INFO [main] o.a.n.wali.SequentialAccessWriteAheadLog Successfully recovered 0 records in 0 milliseconds. Now checkpointing to ensure that Write-Ahead Log is in a consistent state
2025-10-16 10:44:45,312 INFO [main] o.a.n.wali.SequentialAccessWriteAheadLog Checkpointed Write-Ahead Log with 0 Records and 0 Swap Files in 3 milliseconds (Stop-the-world time = 3 milliseconds), max Transaction ID -1
2025-10-16 10:44:45,312 INFO [main] o.a.n.c.r.WriteAheadFlowFileRepository Successfully restored 0 FlowFiles and 0 Swap Files
2025-10-16 10:44:45,488 INFO [main] o.apache.nifi.controller.FlowController Scheduled Flow Registry synchronization every 30 min
2025-10-16 10:44:45,490 INFO [main] o.apache.nifi.controller.FlowController Performed initial validation of all components in 1 milliseconds
2025-10-16 10:44:45,490 INFO [main] o.apache.nifi.controller.FlowController Starting 0 Stateless Process Groups
2025-10-16 10:44:45,490 INFO [main] o.apache.nifi.controller.FlowController Starting 0 processors/ports/funnels
2025-10-16 10:44:45,490 INFO [main] o.apache.nifi.controller.FlowController Started 0 Remote Group Ports transmitting
2025-10-16 10:44:45,491 INFO [main] o.a.n.w.c.ApplicationStartupContextListener Flow Controller started successfully.
2025-10-16 10:44:45,939 INFO [main] o.e.j.ee10.servlet.ServletContextHandler Started oeje10w.WebAppContext@b842275{nifi-api,/nifi-api,b=file:///opt/nifi/nifi-current/work/jetty/nifi-web-api-2.6.0.war/webapp/,a=AVAILABLE,h=oeje10s.SessionHandler@4fef5792{STARTED}}{./work/nar/extensions/nifi-server-nar-2.6.0.nar-unpacked/NAR-INF/bundled-dependencies/nifi-web-api-2.6.0.war}
2025-10-16 10:44:46,131 INFO [main] o.e.j.s.handler.ContextHandler._nifi No Spring WebApplicationInitializer types detected on classpath
2025-10-16 10:44:46,132 INFO [main] o.e.jetty.server.handler.ContextHandler Started oeje10w.WebAppContext@43fd117c{/nifi,/nifi,b=file:///opt/nifi/nifi-current/work/jetty/nifi-ui-2.6.0.war/webapp/,a=AVAILABLE,h=oeje10s.SessionHandler@6e8276db{STARTED}}{./work/nar/extensions/nifi-server-nar-2.6.0.nar-unpacked/NAR-INF/bundled-dependencies/nifi-ui-2.6.0.war}
2025-10-16 10:44:46,133 INFO [main] o.e.j.ee10.servlet.ServletContextHandler Started oeje10w.WebAppContext@43fd117c{/nifi,/nifi,b=file:///opt/nifi/nifi-current/work/jetty/nifi-ui-2.6.0.war/webapp/,a=AVAILABLE,h=oeje10s.SessionHandler@6e8276db{STARTED}}{./work/nar/extensions/nifi-server-nar-2.6.0.nar-unpacked/NAR-INF/bundled-dependencies/nifi-ui-2.6.0.war}
2025-10-16 10:44:46,139 INFO [main] o.eclipse.jetty.server.AbstractConnector Started ServerConnector@561d0389{SSL, (ssl, alpn, h2, http/1.1)}{6aa1dfdd9383:8443}
2025-10-16 10:44:46,140 INFO [main] org.eclipse.jetty.server.Server Started oejs.Server@4cc7e3ad{STARTING}[12.0.27,sto=0] @9509ms
2025-10-16 10:44:46,141 INFO [main] org.apache.nifi.web.server.JettyServer Started Server on https://6aa1dfdd9383:8443/nifi
2025-10-16 10:44:46,146 INFO [main] o.a.n.runtime.StandardManagementServer Started Management Server on http://127.0.0.1:52020
2025-10-16 10:44:46,147 INFO [main] org.apache.nifi.runtime.Application Started Application in 9.3 seconds (9300671740 ns)
2025-10-16 10:45:05,314 INFO [Checkpoint FlowFile Repository] o.a.n.c.r.WriteAheadFlowFileRepository Initiating checkpoint of FlowFile Repository
2025-10-16 10:45:05,315 INFO [Checkpoint FlowFile Repository] o.a.n.c.r.WriteAheadFlowFileRepository Successfully checkpointed FlowFile Repository with 0 records in 0 milliseconds
2025-10-16 10:45:25,315 INFO [Checkpoint FlowFile Repository] o.a.n.c.r.WriteAheadFlowFileRepository Initiating checkpoint of FlowFile Repository
2025-10-16 10:45:25,316 INFO [Checkpoint FlowFile Repository] o.a.n.c.r.WriteAheadFlowFileRepository Successfully checkpointed FlowFile Repository with 0 records in 0 milliseconds
2025-10-16 10:45:43,788 INFO [Cleanup Archive for default] o.a.n.c.repository.FileSystemRepository Successfully deleted 0 files (0 bytes) from archive
2025-10-16 10:45:43,790 INFO [Cleanup Archive for default] o.a.n.c.repository.FileSystemRepository Archive cleanup completed for container default; will now allow writing to this container. Bytes used = 177.75 GB, bytes free = 50.53 GB, capacity = 228.27 GB
2025-10-16 10:45:45,321 INFO [Checkpoint FlowFile Repository] o.a.n.c.r.WriteAheadFlowFileRepository Initiating checkpoint of FlowFile Repository
2025-10-16 10:45:45,323 INFO [Checkpoint FlowFile Repository] o.a.n.c.r.WriteAheadFlowFileRepository Successfully checkpointed FlowFile Repository with 0 records in 0 milliseconds
2025-10-16 10:46:05,329 INFO [Checkpoint FlowFile Repository] o.a.n.c.r.WriteAheadFlowFileRepository Initiating checkpoint of FlowFile Repository
2025-10-16 10:46:05,330 INFO [Checkpoint FlowFile Repository] o.a.n.c.r.WriteAheadFlowFileRepository Successfully checkpointed FlowFile Repository with 0 records in 0 milliseconds
2025-10-16 10:46:25,334 INFO [Checkpoint FlowFile Repository] o.a.n.c.r.WriteAheadFlowFileRepository Initiating checkpoint of FlowFile Repository
2025-10-16 10:46:25,335 INFO [Checkpoint FlowFile Repository] o.a.n.c.r.WriteAheadFlowFileRepository Successfully checkpointed FlowFile Repository with 0 records in 0 milliseconds
2025-10-16 10:46:42,159 INFO [Write-Ahead Local State Provider Maintenance] o.a.n.wali.SequentialAccessWriteAheadLog Checkpointed Write-Ahead Log with 2 Records and 0 Swap Files in 6 milliseconds (Stop-the-world time = 4 milliseconds), max Transaction ID 1
2025-10-16 10:46:43,979 INFO [Cleanup Archive for default] o.a.n.c.repository.FileSystemRepository Successfully deleted 0 files (0 bytes) from archive
2025-10-16 10:46:43,979 INFO [Cleanup Archive for default] o.a.n.c.repository.FileSystemRepository Archive cleanup completed for container default; will now allow writing to this container. Bytes used = 177.74 GB, bytes free = 50.53 GB, capacity = 228.27 GB
2025-10-16 10:46:45,334 INFO [Checkpoint FlowFile Repository] o.a.n.c.r.WriteAheadFlowFileRepository Initiating checkpoint of FlowFile Repository
2025-10-16 10:46:45,335 INFO [Checkpoint FlowFile Repository] o.a.n.c.r.WriteAheadFlowFileRepository Successfully checkpointed FlowFile Repository with 0 records in 0 milliseconds
2025-10-16 10:47:05,337 INFO [Checkpoint FlowFile Repository] o.a.n.c.r.WriteAheadFlowFileRepository Initiating checkpoint of FlowFile Repository
2025-10-16 10:47:05,338 INFO [Checkpoint FlowFile Repository] o.a.n.c.r.WriteAheadFlowFileRepository Successfully checkpointed FlowFile Repository with 0 records in 0 milliseconds
2025-10-16 10:47:25,343 INFO [Checkpoint FlowFile Repository] o.a.n.c.r.WriteAheadFlowFileRepository Initiating checkpoint of FlowFile Repository
2025-10-16 10:47:25,344 INFO [Checkpoint FlowFile Repository] o.a.n.c.r.WriteAheadFlowFileRepository Successfully checkpointed FlowFile Repository with 0 records in 0 milliseconds
2025-10-16 10:47:44,113 INFO [Cleanup Archive for default] o.a.n.c.repository.FileSystemRepository Successfully deleted 0 files (0 bytes) from archive
2025-10-16 10:47:44,113 INFO [Cleanup Archive for default] o.a.n.c.repository.FileSystemRepository Archive cleanup completed for container default; will now allow writing to this container. Bytes used = 177.74 GB, bytes free = 50.53 GB, capacity = 228.27 GB
2025-10-16 10:47:45,346 INFO [Checkpoint FlowFile Repository] o.a.n.c.r.WriteAheadFlowFileRepository Initiating checkpoint of FlowFile Repository
2025-10-16 10:47:45,347 INFO [Checkpoint FlowFile Repository] o.a.n.c.r.WriteAheadFlowFileRepository Successfully checkpointed FlowFile Repository with 0 records in 0 milliseconds
2025-10-16 10:47:54,224 INFO [ShutdownCommand] o.a.nifi.runtime.command.ShutdownCommand Application shutdown started
2025-10-16 10:47:54,226 INFO [ShutdownCommand] o.a.n.runtime.StandardManagementServer Management Server stopped
2025-10-16 10:47:54,226 INFO [ShutdownCommand] org.eclipse.jetty.server.Server Stopped oejs.Server@4cc7e3ad{STOPPING}[12.0.27,sto=0]
2025-10-16 10:47:54,228 INFO [ShutdownCommand] o.eclipse.jetty.server.AbstractConnector Stopped ServerConnector@561d0389{SSL, (ssl, alpn, h2, http/1.1)}{6aa1dfdd9383:8443}
2025-10-16 10:47:54,238 INFO [ShutdownCommand] o.e.j.ee10.servlet.ServletContextHandler Stopped oeje10w.WebAppContext@43fd117c{/nifi,/nifi,b=null,a=AVAILABLE,h=oeje10s.SessionHandler@6e8276db{STOPPED}}{./work/nar/extensions/nifi-server-nar-2.6.0.nar-unpacked/NAR-INF/bundled-dependencies/nifi-ui-2.6.0.war}
2025-10-16 10:47:54,243 INFO [ShutdownCommand] o.a.n.w.c.ApplicationStartupContextListener Flow Service shutdown started
2025-10-16 10:47:54,243 INFO [ShutdownCommand] o.apache.nifi.controller.FlowController Initiating shutdown of FlowController...
2025-10-16 10:47:54,247 INFO [ShutdownCommand] o.apache.nifi.controller.FlowController Initiated graceful shutdown of flow controller...waiting up to 10 seconds
2025-10-16 10:47:54,247 INFO [ShutdownCommand] o.apache.nifi.controller.FlowController Controller has been terminated successfully.
2025-10-16 10:47:54,247 INFO [ShutdownCommand] o.apache.nifi.py4j.StandardPythonBridge Shutting down Python Server
2025-10-16 10:47:54,247 INFO [ShutdownCommand] org.apache.nifi.py4j.PythonProcess Shutting down Python Process Process[pid=128, exitValue="not exited"]
2025-10-16 10:47:54,249 INFO [ShutdownCommand] o.apache.nifi.py4j.StandardPythonBridge Successfully shutdown Python Server
2025-10-16 10:47:54,251 INFO [ForkJoinPool.commonPool-worker-1] org.apache.nifi.py4j.PythonProcess Python Process Process[pid=128, exitValue=137] exited with code 137
2025-10-16 10:47:54,259 INFO [ShutdownCommand] o.a.n.w.c.ApplicationStartupContextListener Flow Service shutdown completed
2025-10-16 10:47:54,259 INFO [ShutdownCommand] o.e.j.s.handler.ContextHandler._nifi_api Closing Spring root WebApplicationContext
2025-10-16 10:47:54,299 INFO [ShutdownCommand] o.a.n.a.service.EntityStoreAuditService Environment closed
2025-10-16 10:47:54,307 INFO [ShutdownCommand] o.e.j.ee10.servlet.ServletContextHandler Stopped oeje10w.WebAppContext@b842275{nifi-api,/nifi-api,b=null,a=AVAILABLE,h=oeje10s.SessionHandler@4fef5792{STOPPED}}{./work/nar/extensions/nifi-server-nar-2.6.0.nar-unpacked/NAR-INF/bundled-dependencies/nifi-web-api-2.6.0.war}
2025-10-16 10:47:54,310 INFO [ShutdownCommand] o.e.j.ee10.servlet.ServletContextHandler Stopped oeje10w.WebAppContext@4b00d59{/nifi-update-attribute-ui-2.6.0,/nifi-update-attribute-ui-2.6.0,b=null,a=AVAILABLE,h=oeje10s.SessionHandler@1d1c63af{STOPPED}}{./work/nar/extensions/nifi-update-attribute-nar-2.6.0.nar-unpacked/NAR-INF/bundled-dependencies/nifi-update-attribute-ui-2.6.0.war}
2025-10-16 10:47:54,313 INFO [ShutdownCommand] o.e.j.ee10.servlet.ServletContextHandler Stopped oeje10w.WebAppContext@280d6a20{/nifi-jolt-transform-json-ui-2.6.0,/nifi-jolt-transform-json-ui-2.6.0,b=null,a=AVAILABLE,h=oeje10s.SessionHandler@6b0ba697{STOPPED}}{./work/nar/extensions/nifi-jolt-nar-2.6.0.nar-unpacked/NAR-INF/bundled-dependencies/nifi-jolt-transform-json-ui-2.6.0.war}
2025-10-16 10:47:54,315 INFO [ShutdownCommand] o.e.j.ee10.servlet.ServletContextHandler Stopped oeje10w.WebAppContext@25d0b918{/nifi-standard-content-viewer-2.6.0,/nifi-standard-content-viewer-2.6.0,b=null,a=AVAILABLE,h=oeje10s.SessionHandler@218f2f51{STOPPED}}{./work/nar/extensions/nifi-standard-content-viewer-nar-2.6.0.nar-unpacked/NAR-INF/bundled-dependencies/nifi-standard-content-viewer-2.6.0.war}
2025-10-16 10:47:54,317 INFO [ShutdownCommand] org.apache.nifi.nar.NarAutoLoaderTask Stopping NAR Auto-loader
2025-10-16 10:47:54,317 INFO [ShutdownCommand] org.apache.nifi.nar.NarAutoLoader NAR Auto-Loader stopped
2025-10-16 10:47:54,317 INFO [ShutdownCommand] o.a.n.f.r.CompositeExternalResourceProviderService External Resource Provider Service is stopped
2025-10-16 10:47:54,317 INFO [ShutdownCommand] o.a.nifi.runtime.command.ShutdownCommand Application shutdown completed
2025-10-16 10:47:57,381 INFO [main] org.apache.nifi.runtime.Application Starting NiFi 2.6.0 using Java 21.0.8+12-LTS with PID 46
2025-10-16 10:47:57,384 INFO [main] o.apache.nifi.runtime.PropertiesProvider Loading Application Properties [/opt/nifi/nifi-current/conf/nifi.properties]
2025-10-16 10:47:57,390 INFO [main] org.apache.nifi.nar.NarUnpacker Expanding 112 NAR files started
2025-10-16 10:48:00,184 INFO [main] org.apache.nifi.nar.NarUnpacker Expanded 112 NAR files in 2.793 seconds (2793470918 ns)
2025-10-16 10:48:00,411 INFO [main] org.apache.nifi.nar.NarClassLoaders Loaded NAR file: /opt/nifi/nifi-current/./work/nar/extensions/nifi-jetty-nar-2.6.0.nar-unpacked as class loader org.apache.nifi.nar.NarClassLoader[./work/nar/extensions/nifi-jetty-nar-2.6.0.nar-unpacked]
2025-10-16 10:48:00,414 INFO [main] org.apache.nifi.nar.NarClassLoaders Loaded NAR file: /opt/nifi/nifi-current/./work/nar/framework/nifi-framework-nar-2.6.0.nar-unpacked as class loader org.apache.nifi.nar.NarClassLoader[./work/nar/framework/nifi-framework-nar-2.6.0.nar-unpacked]
2025-10-16 10:48:00,467 INFO [main] org.apache.nifi.nar.NarClassLoaders Loaded NAR file: /opt/nifi/nifi-current/./work/nar/extensions/nifi-provenance-repository-nar-2.6.0.nar-unpacked as class loader org.apache.nifi.nar.NarClassLoader[./work/nar/extensions/nifi-provenance-repository-nar-2.6.0.nar-unpacked]
2025-10-16 10:48:00,468 INFO [main] org.apache.nifi.nar.NarClassLoaders Loaded NAR file: /opt/nifi/nifi-current/./work/nar/extensions/nifi-hl7-nar-2.6.0.nar-unpacked as class loader org.apache.nifi.nar.NarClassLoader[./work/nar/extensions/nifi-hl7-nar-2.6.0.nar-unpacked]
2025-10-16 10:48:00,484 INFO [main] org.apache.nifi.nar.NarClassLoaders Loaded NAR file: /opt/nifi/nifi-current/./work/nar/extensions/nifi-compress-nar-2.6.0.nar-unpacked as class loader org.apache.nifi.nar.NarClassLoader[./work/nar/extensions/nifi-compress-nar-2.6.0.nar-unpacked]
2025-10-16 10:48:00,486 INFO [main] org.apache.nifi.nar.NarClassLoaders Loaded NAR file: /opt/nifi/nifi-current/./work/nar/extensions/nifi-update-attribute-nar-2.6.0.nar-unpacked as class loader org.apache.nifi.nar.NarClassLoader[./work/nar/extensions/nifi-update-attribute-nar-2.6.0.nar-unpacked]
2025-10-16 10:48:00,487 INFO [main] org.apache.nifi.nar.NarClassLoaders Loaded NAR file: /opt/nifi/nifi-current/./work/nar/extensions/nifi-ldap-iaa-providers-nar-2.6.0.nar-unpacked as class loader org.apache.nifi.nar.NarClassLoader[./work/nar/extensions/nifi-ldap-iaa-providers-nar-2.6.0.nar-unpacked]
2025-10-16 10:48:00,488 INFO [main] org.apache.nifi.nar.NarClassLoaders Loaded NAR file: /opt/nifi/nifi-current/./work/nar/extensions/nifi-single-user-iaa-providers-nar-2.6.0.nar-unpacked as class loader org.apache.nifi.nar.NarClassLoader[./work/nar/extensions/nifi-single-user-iaa-providers-nar-2.6.0.nar-unpacked]
2025-10-16 10:48:00,488 INFO [main] org.apache.nifi.nar.NarClassLoaders Loaded NAR file: /opt/nifi/nifi-current/./work/nar/extensions/nifi-framework-kubernetes-nar-2.6.0.nar-unpacked as class loader org.apache.nifi.nar.NarClassLoader[./work/nar/extensions/nifi-framework-kubernetes-nar-2.6.0.nar-unpacked]
2025-10-16 10:48:00,490 INFO [main] org.apache.nifi.nar.NarClassLoaders Loaded NAR file: /opt/nifi/nifi-current/./work/nar/extensions/nifi-server-nar-2.6.0.nar-unpacked as class loader org.apache.nifi.nar.NarClassLoader[./work/nar/extensions/nifi-server-nar-2.6.0.nar-unpacked]
2025-10-16 10:48:00,501 INFO [main] org.apache.nifi.nar.NarClassLoaders Loaded NAR file: /opt/nifi/nifi-current/./work/nar/extensions/nifi-standard-services-api-nar-2.6.0.nar-unpacked as class loader org.apache.nifi.nar.NarClassLoader[./work/nar/extensions/nifi-standard-services-api-nar-2.6.0.nar-unpacked]
2025-10-16 10:48:00,502 INFO [main] org.apache.nifi.nar.NarClassLoaders Loaded NAR file: /opt/nifi/nifi-current/./work/nar/extensions/nifi-email-nar-2.6.0.nar-unpacked as class loader org.apache.nifi.nar.NarClassLoader[./work/nar/extensions/nifi-email-nar-2.6.0.nar-unpacked]
2025-10-16 10:48:00,503 INFO [main] org.apache.nifi.nar.NarClassLoaders Loaded NAR file: /opt/nifi/nifi-current/./work/nar/extensions/nifi-dbcp-service-nar-2.6.0.nar-unpacked as class loader org.apache.nifi.nar.NarClassLoader[./work/nar/extensions/nifi-dbcp-service-nar-2.6.0.nar-unpacked]
2025-10-16 10:48:00,503 INFO [main] org.apache.nifi.nar.NarClassLoaders Loaded NAR file: /opt/nifi/nifi-current/./work/nar/extensions/nifi-kerberos-iaa-providers-nar-2.6.0.nar-unpacked as class loader org.apache.nifi.nar.NarClassLoader[./work/nar/extensions/nifi-kerberos-iaa-providers-nar-2.6.0.nar-unpacked]
2025-10-16 10:48:00,504 INFO [main] org.apache.nifi.nar.NarClassLoaders Loaded NAR file: /opt/nifi/nifi-current/./work/nar/extensions/nifi-evtx-nar-2.6.0.nar-unpacked as class loader org.apache.nifi.nar.NarClassLoader[./work/nar/extensions/nifi-evtx-nar-2.6.0.nar-unpacked]
2025-10-16 10:48:00,505 INFO [main] org.apache.nifi.nar.NarClassLoaders Loaded NAR file: /opt/nifi/nifi-current/./work/nar/extensions/nifi-stateful-analysis-nar-2.6.0.nar-unpacked as class loader org.apache.nifi.nar.NarClassLoader[./work/nar/extensions/nifi-stateful-analysis-nar-2.6.0.nar-unpacked]
2025-10-16 10:48:00,505 INFO [main] org.apache.nifi.nar.NarClassLoaders Loaded NAR file: /opt/nifi/nifi-current/./work/nar/extensions/nifi-file-resource-service-nar-2.6.0.nar-unpacked as class loader org.apache.nifi.nar.NarClassLoader[./work/nar/extensions/nifi-file-resource-service-nar-2.6.0.nar-unpacked]
2025-10-16 10:48:00,506 INFO [main] org.apache.nifi.nar.NarClassLoaders Loaded NAR file: /opt/nifi/nifi-current/./work/nar/extensions/nifi-standard-shared-nar-2.6.0.nar-unpacked as class loader org.apache.nifi.nar.NarClassLoader[./work/nar/extensions/nifi-standard-shared-nar-2.6.0.nar-unpacked]
2025-10-16 10:48:00,511 INFO [main] org.apache.nifi.nar.NarClassLoaders Loaded NAR file: /opt/nifi/nifi-current/./work/nar/extensions/nifi-gcp-services-api-nar-2.6.0.nar-unpacked as class loader org.apache.nifi.nar.NarClassLoader[./work/nar/extensions/nifi-gcp-services-api-nar-2.6.0.nar-unpacked]
2025-10-16 10:48:00,512 INFO [main] org.apache.nifi.nar.NarClassLoaders Loaded NAR file: /opt/nifi/nifi-current/./work/nar/extensions/nifi-database-dialect-service-nar-2.6.0.nar-unpacked as class loader org.apache.nifi.nar.NarClassLoader[./work/nar/extensions/nifi-database-dialect-service-nar-2.6.0.nar-unpacked]
2025-10-16 10:48:00,513 INFO [main] org.apache.nifi.nar.NarClassLoaders Loaded NAR file: /opt/nifi/nifi-current/./work/nar/extensions/nifi-poi-nar-2.6.0.nar-unpacked as class loader org.apache.nifi.nar.NarClassLoader[./work/nar/extensions/nifi-poi-nar-2.6.0.nar-unpacked]
2025-10-16 10:48:00,514 INFO [main] org.apache.nifi.nar.NarClassLoaders Loaded NAR file: /opt/nifi/nifi-current/./work/nar/extensions/nifi-key-service-nar-2.6.0.nar-unpacked as class loader org.apache.nifi.nar.NarClassLoader[./work/nar/extensions/nifi-key-service-nar-2.6.0.nar-unpacked]
2025-10-16 10:48:00,515 INFO [main] org.apache.nifi.nar.NarClassLoaders Loaded NAR file: /opt/nifi/nifi-current/./work/nar/extensions/nifi-asana-services-api-nar-2.6.0.nar-unpacked as class loader org.apache.nifi.nar.NarClassLoader[./work/nar/extensions/nifi-asana-services-api-nar-2.6.0.nar-unpacked]
2025-10-16 10:48:00,533 INFO [main] org.apache.nifi.nar.NarClassLoaders Loaded NAR file: /opt/nifi/nifi-current/./work/nar/extensions/nifi-snmp-nar-2.6.0.nar-unpacked as class loader org.apache.nifi.nar.NarClassLoader[./work/nar/extensions/nifi-snmp-nar-2.6.0.nar-unpacked]
2025-10-16 10:48:00,533 INFO [main] org.apache.nifi.nar.NarClassLoaders Loaded NAR file: /opt/nifi/nifi-current/./work/nar/extensions/nifi-framework-zookeeper-nar-2.6.0.nar-unpacked as class loader org.apache.nifi.nar.NarClassLoader[./work/nar/extensions/nifi-framework-zookeeper-nar-2.6.0.nar-unpacked]
2025-10-16 10:48:00,535 INFO [main] org.apache.nifi.nar.NarClassLoaders Loaded NAR file: /opt/nifi/nifi-current/./work/nar/extensions/nifi-ssl-context-service-nar-2.6.0.nar-unpacked as class loader org.apache.nifi.nar.NarClassLoader[./work/nar/extensions/nifi-ssl-context-service-nar-2.6.0.nar-unpacked]
2025-10-16 10:48:00,535 INFO [main] org.apache.nifi.nar.NarClassLoaders Loaded NAR file: /opt/nifi/nifi-current/./work/nar/extensions/nifi-web-client-provider-service-nar-2.6.0.nar-unpacked as class loader org.apache.nifi.nar.NarClassLoader[./work/nar/extensions/nifi-web-client-provider-service-nar-2.6.0.nar-unpacked]
2025-10-16 10:48:00,535 INFO [main] org.apache.nifi.nar.NarClassLoaders Loaded NAR file: /opt/nifi/nifi-current/./work/nar/extensions/nifi-network-processors-nar-2.6.0.nar-unpacked as class loader org.apache.nifi.nar.NarClassLoader[./work/nar/extensions/nifi-network-processors-nar-2.6.0.nar-unpacked]
2025-10-16 10:48:00,536 INFO [main] org.apache.nifi.nar.NarClassLoaders Loaded NAR file: /opt/nifi/nifi-current/./work/nar/extensions/nifi-kafka-service-api-nar-2.6.0.nar-unpacked as class loader org.apache.nifi.nar.NarClassLoader[./work/nar/extensions/nifi-kafka-service-api-nar-2.6.0.nar-unpacked]
2025-10-16 10:48:00,536 INFO [main] org.apache.nifi.nar.NarClassLoaders Loaded NAR file: /opt/nifi/nifi-current/./work/nar/extensions/nifi-windows-event-log-nar-2.6.0.nar-unpacked as class loader org.apache.nifi.nar.NarClassLoader[./work/nar/extensions/nifi-windows-event-log-nar-2.6.0.nar-unpacked]
2025-10-16 10:48:00,537 INFO [main] org.apache.nifi.nar.NarClassLoaders Loaded NAR file: /opt/nifi/nifi-current/./work/nar/extensions/nifi-gcp-nar-2.6.0.nar-unpacked as class loader org.apache.nifi.nar.NarClassLoader[./work/nar/extensions/nifi-gcp-nar-2.6.0.nar-unpacked]
2025-10-16 10:48:00,540 INFO [main] org.apache.nifi.nar.NarClassLoaders Loaded NAR file: /opt/nifi/nifi-current/./work/nar/extensions/nifi-hashicorp-vault-client-service-api-nar-2.6.0.nar-unpacked as class loader org.apache.nifi.nar.NarClassLoader[./work/nar/extensions/nifi-hashicorp-vault-client-service-api-nar-2.6.0.nar-unpacked]
2025-10-16 10:48:00,541 INFO [main] org.apache.nifi.nar.NarClassLoaders Loaded NAR file: /opt/nifi/nifi-current/./work/nar/extensions/nifi-registry-nar-2.6.0.nar-unpacked as class loader org.apache.nifi.nar.NarClassLoader[./work/nar/extensions/nifi-registry-nar-2.6.0.nar-unpacked]
2025-10-16 10:48:00,541 INFO [main] org.apache.nifi.nar.NarClassLoaders Loaded NAR file: /opt/nifi/nifi-current/./work/nar/extensions/nifi-protobuf-services-nar-2.6.0.nar-unpacked as class loader org.apache.nifi.nar.NarClassLoader[./work/nar/extensions/nifi-protobuf-services-nar-2.6.0.nar-unpacked]
2025-10-16 10:48:00,542 INFO [main] org.apache.nifi.nar.NarClassLoaders Loaded NAR file: /opt/nifi/nifi-current/./work/nar/extensions/nifi-asana-services-nar-2.6.0.nar-unpacked as class loader org.apache.nifi.nar.NarClassLoader[./work/nar/extensions/nifi-asana-services-nar-2.6.0.nar-unpacked]
2025-10-16 10:48:00,543 INFO [main] org.apache.nifi.nar.NarClassLoaders Loaded NAR file: /opt/nifi/nifi-current/./work/nar/extensions/nifi-site-to-site-reporting-nar-2.6.0.nar-unpacked as class loader org.apache.nifi.nar.NarClassLoader[./work/nar/extensions/nifi-site-to-site-reporting-nar-2.6.0.nar-unpacked]
2025-10-16 10:48:00,543 INFO [main] org.apache.nifi.nar.NarClassLoaders Loaded NAR file: /opt/nifi/nifi-current/./work/nar/extensions/nifi-zendesk-nar-2.6.0.nar-unpacked as class loader org.apache.nifi.nar.NarClassLoader[./work/nar/extensions/nifi-zendesk-nar-2.6.0.nar-unpacked]
2025-10-16 10:48:00,544 INFO [main] org.apache.nifi.nar.NarClassLoaders Loaded NAR file: /opt/nifi/nifi-current/./work/nar/extensions/nifi-cipher-nar-2.6.0.nar-unpacked as class loader org.apache.nifi.nar.NarClassLoader[./work/nar/extensions/nifi-cipher-nar-2.6.0.nar-unpacked]
2025-10-16 10:48:00,544 INFO [main] org.apache.nifi.nar.NarClassLoaders Loaded NAR file: /opt/nifi/nifi-current/./work/nar/extensions/nifi-jms-cf-service-nar-2.6.0.nar-unpacked as class loader org.apache.nifi.nar.NarClassLoader[./work/nar/extensions/nifi-jms-cf-service-nar-2.6.0.nar-unpacked]
2025-10-16 10:48:00,544 INFO [main] org.apache.nifi.nar.NarClassLoaders Loaded NAR file: /opt/nifi/nifi-current/./work/nar/extensions/nifi-jolt-nar-2.6.0.nar-unpacked as class loader org.apache.nifi.nar.NarClassLoader[./work/nar/extensions/nifi-jolt-nar-2.6.0.nar-unpacked]
2025-10-16 10:48:00,545 INFO [main] org.apache.nifi.nar.NarClassLoaders Loaded NAR file: /opt/nifi/nifi-current/./work/nar/extensions/nifi-hazelcast-services-api-nar-2.6.0.nar-unpacked as class loader org.apache.nifi.nar.NarClassLoader[./work/nar/extensions/nifi-hazelcast-services-api-nar-2.6.0.nar-unpacked]
2025-10-16 10:48:00,545 INFO [main] org.apache.nifi.nar.NarClassLoaders Loaded NAR file: /opt/nifi/nifi-current/./work/nar/extensions/nifi-pgp-service-api-nar-2.6.0.nar-unpacked as class loader org.apache.nifi.nar.NarClassLoader[./work/nar/extensions/nifi-pgp-service-api-nar-2.6.0.nar-unpacked]
2025-10-16 10:48:00,545 INFO [main] org.apache.nifi.nar.NarClassLoaders Loaded NAR file: /opt/nifi/nifi-current/./work/nar/extensions/nifi-proxy-configuration-nar-2.6.0.nar-unpacked as class loader org.apache.nifi.nar.NarClassLoader[./work/nar/extensions/nifi-proxy-configuration-nar-2.6.0.nar-unpacked]
2025-10-16 10:48:00,546 INFO [main] org.apache.nifi.nar.NarClassLoaders Loaded NAR file: /opt/nifi/nifi-current/./work/nar/extensions/nifi-airtable-nar-2.6.0.nar-unpacked as class loader org.apache.nifi.nar.NarClassLoader[./work/nar/extensions/nifi-airtable-nar-2.6.0.nar-unpacked]
2025-10-16 10:48:00,546 INFO [main] org.apache.nifi.nar.NarClassLoaders Loaded NAR file: /opt/nifi/nifi-current/./work/nar/extensions/nifi-github-nar-2.6.0.nar-unpacked as class loader org.apache.nifi.nar.NarClassLoader[./work/nar/extensions/nifi-github-nar-2.6.0.nar-unpacked]
2025-10-16 10:48:00,546 INFO [main] org.apache.nifi.nar.NarClassLoaders Loaded NAR file: /opt/nifi/nifi-current/./work/nar/extensions/nifi-oauth2-provider-nar-2.6.0.nar-unpacked as class loader org.apache.nifi.nar.NarClassLoader[./work/nar/extensions/nifi-oauth2-provider-nar-2.6.0.nar-unpacked]
2025-10-16 10:48:00,547 INFO [main] org.apache.nifi.nar.NarClassLoaders Loaded NAR file: /opt/nifi/nifi-current/./work/nar/extensions/nifi-workday-processors-nar-2.6.0.nar-unpacked as class loader org.apache.nifi.nar.NarClassLoader[./work/nar/extensions/nifi-workday-processors-nar-2.6.0.nar-unpacked]
2025-10-16 10:48:00,547 INFO [main] org.apache.nifi.nar.NarClassLoaders Loaded NAR file: /opt/nifi/nifi-current/./work/nar/extensions/nifi-mongodb-client-service-api-nar-2.6.0.nar-unpacked as class loader org.apache.nifi.nar.NarClassLoader[./work/nar/extensions/nifi-mongodb-client-service-api-nar-2.6.0.nar-unpacked]
2025-10-16 10:48:00,547 INFO [main] org.apache.nifi.nar.NarClassLoaders Loaded NAR file: /opt/nifi/nifi-current/./work/nar/extensions/nifi-groovyx-nar-2.6.0.nar-unpacked as class loader org.apache.nifi.nar.NarClassLoader[./work/nar/extensions/nifi-groovyx-nar-2.6.0.nar-unpacked]
2025-10-16 10:48:00,549 INFO [main] org.apache.nifi.nar.NarClassLoaders Loaded NAR file: /opt/nifi/nifi-current/./work/nar/extensions/nifi-hazelcast-services-nar-2.6.0.nar-unpacked as class loader org.apache.nifi.nar.NarClassLoader[./work/nar/extensions/nifi-hazelcast-services-nar-2.6.0.nar-unpacked]
2025-10-16 10:48:00,550 INFO [main] org.apache.nifi.nar.NarClassLoaders Loaded NAR file: /opt/nifi/nifi-current/./work/nar/extensions/nifi-mqtt-nar-2.6.0.nar-unpacked as class loader org.apache.nifi.nar.NarClassLoader[./work/nar/extensions/nifi-mqtt-nar-2.6.0.nar-unpacked]
2025-10-16 10:48:00,551 INFO [main] org.apache.nifi.nar.NarClassLoaders Loaded NAR file: /opt/nifi/nifi-current/./work/nar/extensions/nifi-cdc-mysql-nar-2.6.0.nar-unpacked as class loader org.apache.nifi.nar.NarClassLoader[./work/nar/extensions/nifi-cdc-mysql-nar-2.6.0.nar-unpacked]
2025-10-16 10:48:00,551 INFO [main] org.apache.nifi.nar.NarClassLoaders Loaded NAR file: /opt/nifi/nifi-current/./work/nar/extensions/nifi-jslt-nar-2.6.0.nar-unpacked as class loader org.apache.nifi.nar.NarClassLoader[./work/nar/extensions/nifi-jslt-nar-2.6.0.nar-unpacked]
2025-10-16 10:48:00,552 INFO [main] org.apache.nifi.nar.NarClassLoaders Loaded NAR file: /opt/nifi/nifi-current/./work/nar/extensions/nifi-kafka-nar-2.6.0.nar-unpacked as class loader org.apache.nifi.nar.NarClassLoader[./work/nar/extensions/nifi-kafka-nar-2.6.0.nar-unpacked]
2025-10-16 10:48:00,552 INFO [main] org.apache.nifi.nar.NarClassLoaders Loaded NAR file: /opt/nifi/nifi-current/./work/nar/extensions/nifi-mongodb-nar-2.6.0.nar-unpacked as class loader org.apache.nifi.nar.NarClassLoader[./work/nar/extensions/nifi-mongodb-nar-2.6.0.nar-unpacked]
2025-10-16 10:48:00,552 INFO [main] org.apache.nifi.nar.NarClassLoaders Loaded NAR file: /opt/nifi/nifi-current/./work/nar/extensions/nifi-pgp-service-nar-2.6.0.nar-unpacked as class loader org.apache.nifi.nar.NarClassLoader[./work/nar/extensions/nifi-pgp-service-nar-2.6.0.nar-unpacked]
2025-10-16 10:48:00,552 INFO [main] org.apache.nifi.nar.NarClassLoaders Loaded NAR file: /opt/nifi/nifi-current/./work/nar/extensions/nifi-standard-content-viewer-nar-2.6.0.nar-unpacked as class loader org.apache.nifi.nar.NarClassLoader[./work/nar/extensions/nifi-standard-content-viewer-nar-2.6.0.nar-unpacked]
2025-10-16 10:48:00,553 INFO [main] org.apache.nifi.nar.NarClassLoaders Loaded NAR file: /opt/nifi/nifi-current/./work/nar/extensions/nifi-standard-nar-2.6.0.nar-unpacked as class loader org.apache.nifi.nar.NarClassLoader[./work/nar/extensions/nifi-standard-nar-2.6.0.nar-unpacked]
2025-10-16 10:48:00,570 INFO [main] org.apache.nifi.nar.NarClassLoaders Loaded NAR file: /opt/nifi/nifi-current/./work/nar/extensions/nifi-box-services-api-nar-2.6.0.nar-unpacked as class loader org.apache.nifi.nar.NarClassLoader[./work/nar/extensions/nifi-box-services-api-nar-2.6.0.nar-unpacked]
2025-10-16 10:48:00,570 INFO [main] org.apache.nifi.nar.NarClassLoaders Loaded NAR file: /opt/nifi/nifi-current/./work/nar/extensions/nifi-http-context-map-nar-2.6.0.nar-unpacked as class loader org.apache.nifi.nar.NarClassLoader[./work/nar/extensions/nifi-http-context-map-nar-2.6.0.nar-unpacked]
2025-10-16 10:48:00,570 INFO [main] org.apache.nifi.nar.NarClassLoaders Loaded NAR file: /opt/nifi/nifi-current/./work/nar/extensions/nifi-avro-nar-2.6.0.nar-unpacked as class loader org.apache.nifi.nar.NarClassLoader[./work/nar/extensions/nifi-avro-nar-2.6.0.nar-unpacked]
2025-10-16 10:48:00,571 INFO [main] org.apache.nifi.nar.NarClassLoaders Loaded NAR file: /opt/nifi/nifi-current/./work/nar/extensions/nifi-enrich-nar-2.6.0.nar-unpacked as class loader org.apache.nifi.nar.NarClassLoader[./work/nar/extensions/nifi-enrich-nar-2.6.0.nar-unpacked]
2025-10-16 10:48:00,571 INFO [main] org.apache.nifi.nar.NarClassLoaders Loaded NAR file: /opt/nifi/nifi-current/./work/nar/extensions/nifi-lookup-services-nar-2.6.0.nar-unpacked as class loader org.apache.nifi.nar.NarClassLoader[./work/nar/extensions/nifi-lookup-services-nar-2.6.0.nar-unpacked]
2025-10-16 10:48:00,572 INFO [main] org.apache.nifi.nar.NarClassLoaders Loaded NAR file: /opt/nifi/nifi-current/./work/nar/extensions/nifi-splunk-nar-2.6.0.nar-unpacked as class loader org.apache.nifi.nar.NarClassLoader[./work/nar/extensions/nifi-splunk-nar-2.6.0.nar-unpacked]
2025-10-16 10:48:00,572 INFO [main] org.apache.nifi.nar.NarClassLoaders Loaded NAR file: /opt/nifi/nifi-current/./work/nar/extensions/nifi-zendesk-services-nar-2.6.0.nar-unpacked as class loader org.apache.nifi.nar.NarClassLoader[./work/nar/extensions/nifi-zendesk-services-nar-2.6.0.nar-unpacked]
2025-10-16 10:48:00,573 INFO [main] org.apache.nifi.nar.NarClassLoaders Loaded NAR file: /opt/nifi/nifi-current/./work/nar/extensions/nifi-hashicorp-vault-nar-2.6.0.nar-unpacked as class loader org.apache.nifi.nar.NarClassLoader[./work/nar/extensions/nifi-hashicorp-vault-nar-2.6.0.nar-unpacked]
2025-10-16 10:48:00,573 INFO [main] org.apache.nifi.nar.NarClassLoaders Loaded NAR file: /opt/nifi/nifi-current/./work/nar/extensions/nifi-distributed-cache-services-nar-2.6.0.nar-unpacked as class loader org.apache.nifi.nar.NarClassLoader[./work/nar/extensions/nifi-distributed-cache-services-nar-2.6.0.nar-unpacked]
2025-10-16 10:48:00,574 INFO [main] org.apache.nifi.nar.NarClassLoaders Loaded NAR file: /opt/nifi/nifi-current/./work/nar/extensions/nifi-slack-nar-2.6.0.nar-unpacked as class loader org.apache.nifi.nar.NarClassLoader[./work/nar/extensions/nifi-slack-nar-2.6.0.nar-unpacked]
2025-10-16 10:48:00,591 INFO [main] org.apache.nifi.nar.NarClassLoaders Loaded NAR file: /opt/nifi/nifi-current/./work/nar/extensions/nifi-kafka-3-service-nar-2.6.0.nar-unpacked as class loader org.apache.nifi.nar.NarClassLoader[./work/nar/extensions/nifi-kafka-3-service-nar-2.6.0.nar-unpacked]
2025-10-16 10:48:00,592 INFO [main] org.apache.nifi.nar.NarClassLoaders Loaded NAR file: /opt/nifi/nifi-current/./work/nar/extensions/nifi-kerberos-user-service-nar-2.6.0.nar-unpacked as class loader org.apache.nifi.nar.NarClassLoader[./work/nar/extensions/nifi-kerberos-user-service-nar-2.6.0.nar-unpacked]
2025-10-16 10:48:00,592 INFO [main] org.apache.nifi.nar.NarClassLoaders Loaded NAR file: /opt/nifi/nifi-current/./work/nar/extensions/nifi-confluent-platform-nar-2.6.0.nar-unpacked as class loader org.apache.nifi.nar.NarClassLoader[./work/nar/extensions/nifi-confluent-platform-nar-2.6.0.nar-unpacked]
2025-10-16 10:48:00,594 INFO [main] org.apache.nifi.nar.NarClassLoaders Loaded NAR file: /opt/nifi/nifi-current/./work/nar/extensions/nifi-social-media-nar-2.6.0.nar-unpacked as class loader org.apache.nifi.nar.NarClassLoader[./work/nar/extensions/nifi-social-media-nar-2.6.0.nar-unpacked]
2025-10-16 10:48:00,594 INFO [main] org.apache.nifi.nar.NarClassLoaders Loaded NAR file: /opt/nifi/nifi-current/./work/nar/extensions/nifi-opentelemetry-nar-2.6.0.nar-unpacked as class loader org.apache.nifi.nar.NarClassLoader[./work/nar/extensions/nifi-opentelemetry-nar-2.6.0.nar-unpacked]
2025-10-16 10:48:00,595 INFO [main] org.apache.nifi.nar.NarClassLoaders Loaded NAR file: /opt/nifi/nifi-current/./work/nar/extensions/nifi-elasticsearch-client-service-api-nar-2.6.0.nar-unpacked as class loader org.apache.nifi.nar.NarClassLoader[./work/nar/extensions/nifi-elasticsearch-client-service-api-nar-2.6.0.nar-unpacked]
2025-10-16 10:48:00,595 INFO [main] org.apache.nifi.nar.NarClassLoaders Loaded NAR file: /opt/nifi/nifi-current/./work/nar/extensions/nifi-py4j-nar-2.6.0.nar-unpacked as class loader org.apache.nifi.nar.NarClassLoader[./work/nar/extensions/nifi-py4j-nar-2.6.0.nar-unpacked]
2025-10-16 10:48:00,596 INFO [main] org.apache.nifi.nar.NarClassLoaders Loaded NAR file: /opt/nifi/nifi-current/./work/nar/extensions/nifi-amqp-nar-2.6.0.nar-unpacked as class loader org.apache.nifi.nar.NarClassLoader[./work/nar/extensions/nifi-amqp-nar-2.6.0.nar-unpacked]
2025-10-16 10:48:00,596 INFO [main] org.apache.nifi.nar.NarClassLoaders Loaded NAR file: /opt/nifi/nifi-current/./work/nar/extensions/nifi-salesforce-nar-2.6.0.nar-unpacked as class loader org.apache.nifi.nar.NarClassLoader[./work/nar/extensions/nifi-salesforce-nar-2.6.0.nar-unpacked]
2025-10-16 10:48:00,597 INFO [main] org.apache.nifi.nar.NarClassLoaders Loaded NAR file: /opt/nifi/nifi-current/./work/nar/extensions/nifi-websocket-services-api-nar-2.6.0.nar-unpacked as class loader org.apache.nifi.nar.NarClassLoader[./work/nar/extensions/nifi-websocket-services-api-nar-2.6.0.nar-unpacked]
2025-10-16 10:48:00,597 INFO [main] org.apache.nifi.nar.NarClassLoaders Loaded NAR file: /opt/nifi/nifi-current/./work/nar/extensions/nifi-shopify-nar-2.6.0.nar-unpacked as class loader org.apache.nifi.nar.NarClassLoader[./work/nar/extensions/nifi-shopify-nar-2.6.0.nar-unpacked]
2025-10-16 10:48:00,597 INFO [main] org.apache.nifi.nar.NarClassLoaders Loaded NAR file: /opt/nifi/nifi-current/./work/nar/extensions/nifi-geohash-nar-2.6.0.nar-unpacked as class loader org.apache.nifi.nar.NarClassLoader[./work/nar/extensions/nifi-geohash-nar-2.6.0.nar-unpacked]
2025-10-16 10:48:00,598 INFO [main] org.apache.nifi.nar.NarClassLoaders Loaded NAR file: /opt/nifi/nifi-current/./work/nar/extensions/nifi-aws-service-api-nar-2.6.0.nar-unpacked as class loader org.apache.nifi.nar.NarClassLoader[./work/nar/extensions/nifi-aws-service-api-nar-2.6.0.nar-unpacked]
2025-10-16 10:48:00,599 INFO [main] org.apache.nifi.nar.NarClassLoaders Loaded NAR file: /opt/nifi/nifi-current/./work/nar/extensions/nifi-kafka-service-aws-nar-2.6.0.nar-unpacked as class loader org.apache.nifi.nar.NarClassLoader[./work/nar/extensions/nifi-kafka-service-aws-nar-2.6.0.nar-unpacked]
2025-10-16 10:48:00,601 INFO [main] org.apache.nifi.nar.NarClassLoaders Loaded NAR file: /opt/nifi/nifi-current/./work/nar/extensions/nifi-db-schema-registry-service-nar-2.6.0.nar-unpacked as class loader org.apache.nifi.nar.NarClassLoader[./work/nar/extensions/nifi-db-schema-registry-service-nar-2.6.0.nar-unpacked]
2025-10-16 10:48:00,601 INFO [main] org.apache.nifi.nar.NarClassLoaders Loaded NAR file: /opt/nifi/nifi-current/./work/nar/extensions/nifi-dropbox-services-api-nar-2.6.0.nar-unpacked as class loader org.apache.nifi.nar.NarClassLoader[./work/nar/extensions/nifi-dropbox-services-api-nar-2.6.0.nar-unpacked]
2025-10-16 10:48:00,601 INFO [main] org.apache.nifi.nar.NarClassLoaders Loaded NAR file: /opt/nifi/nifi-current/./work/nar/extensions/nifi-flow-registry-client-nar-2.6.0.nar-unpacked as class loader org.apache.nifi.nar.NarClassLoader[./work/nar/extensions/nifi-flow-registry-client-nar-2.6.0.nar-unpacked]
2025-10-16 10:48:00,602 INFO [main] org.apache.nifi.nar.NarClassLoaders Loaded NAR file: /opt/nifi/nifi-current/./work/nar/extensions/nifi-azure-services-api-nar-2.6.0.nar-unpacked as class loader org.apache.nifi.nar.NarClassLoader[./work/nar/extensions/nifi-azure-services-api-nar-2.6.0.nar-unpacked]
2025-10-16 10:48:00,606 INFO [main] org.apache.nifi.nar.NarClassLoaders Loaded NAR file: /opt/nifi/nifi-current/./work/nar/extensions/nifi-dropbox-services-nar-2.6.0.nar-unpacked as class loader org.apache.nifi.nar.NarClassLoader[./work/nar/extensions/nifi-dropbox-services-nar-2.6.0.nar-unpacked]
2025-10-16 10:48:00,606 INFO [main] org.apache.nifi.nar.NarClassLoaders Loaded NAR file: /opt/nifi/nifi-current/./work/nar/extensions/nifi-apicurio-nar-2.6.0.nar-unpacked as class loader org.apache.nifi.nar.NarClassLoader[./work/nar/extensions/nifi-apicurio-nar-2.6.0.nar-unpacked]
2025-10-16 10:48:00,606 INFO [main] org.apache.nifi.nar.NarClassLoaders Loaded NAR file: /opt/nifi/nifi-current/./work/nar/extensions/nifi-hubspot-nar-2.6.0.nar-unpacked as class loader org.apache.nifi.nar.NarClassLoader[./work/nar/extensions/nifi-hubspot-nar-2.6.0.nar-unpacked]
2025-10-16 10:48:00,606 INFO [main] org.apache.nifi.nar.NarClassLoaders Loaded NAR file: /opt/nifi/nifi-current/./work/nar/extensions/nifi-smb-client-api-nar-2.6.0.nar-unpacked as class loader org.apache.nifi.nar.NarClassLoader[./work/nar/extensions/nifi-smb-client-api-nar-2.6.0.nar-unpacked]
2025-10-16 10:48:00,607 INFO [main] org.apache.nifi.nar.NarClassLoaders Loaded NAR file: /opt/nifi/nifi-current/./work/nar/extensions/nifi-record-sink-service-nar-2.6.0.nar-unpacked as class loader org.apache.nifi.nar.NarClassLoader[./work/nar/extensions/nifi-record-sink-service-nar-2.6.0.nar-unpacked]
2025-10-16 10:48:00,607 INFO [main] org.apache.nifi.nar.NarClassLoaders Loaded NAR file: /opt/nifi/nifi-current/./work/nar/extensions/nifi-gitlab-nar-2.6.0.nar-unpacked as class loader org.apache.nifi.nar.NarClassLoader[./work/nar/extensions/nifi-gitlab-nar-2.6.0.nar-unpacked]
2025-10-16 10:48:00,608 INFO [main] org.apache.nifi.nar.NarClassLoaders Loaded NAR file: /opt/nifi/nifi-current/./work/nar/extensions/nifi-box-nar-2.6.0.nar-unpacked as class loader org.apache.nifi.nar.NarClassLoader[./work/nar/extensions/nifi-box-nar-2.6.0.nar-unpacked]
2025-10-16 10:48:00,609 INFO [main] org.apache.nifi.nar.NarClassLoaders Loaded NAR file: /opt/nifi/nifi-current/./work/nar/extensions/nifi-scripting-nar-2.6.0.nar-unpacked as class loader org.apache.nifi.nar.NarClassLoader[./work/nar/extensions/nifi-scripting-nar-2.6.0.nar-unpacked]
2025-10-16 10:48:00,611 INFO [main] org.apache.nifi.nar.NarClassLoaders Loaded NAR file: /opt/nifi/nifi-current/./work/nar/extensions/nifi-asana-processors-nar-2.6.0.nar-unpacked as class loader org.apache.nifi.nar.NarClassLoader[./work/nar/extensions/nifi-asana-processors-nar-2.6.0.nar-unpacked]
2025-10-16 10:48:00,611 INFO [main] org.apache.nifi.nar.NarClassLoaders Loaded NAR file: /opt/nifi/nifi-current/./work/nar/extensions/nifi-atlassian-nar-2.6.0.nar-unpacked as class loader org.apache.nifi.nar.NarClassLoader[./work/nar/extensions/nifi-atlassian-nar-2.6.0.nar-unpacked]
2025-10-16 10:48:00,611 INFO [main] org.apache.nifi.nar.NarClassLoaders Loaded NAR file: /opt/nifi/nifi-current/./work/nar/extensions/nifi-jms-processors-nar-2.6.0.nar-unpacked as class loader org.apache.nifi.nar.NarClassLoader[./work/nar/extensions/nifi-jms-processors-nar-2.6.0.nar-unpacked]
2025-10-16 10:48:00,612 INFO [main] org.apache.nifi.nar.NarClassLoaders Loaded NAR file: /opt/nifi/nifi-current/./work/nar/extensions/nifi-record-serialization-services-nar-2.6.0.nar-unpacked as class loader org.apache.nifi.nar.NarClassLoader[./work/nar/extensions/nifi-record-serialization-services-nar-2.6.0.nar-unpacked]
2025-10-16 10:48:00,613 INFO [main] org.apache.nifi.nar.NarClassLoaders Loaded NAR file: /opt/nifi/nifi-current/./work/nar/extensions/nifi-elasticsearch-client-service-nar-2.6.0.nar-unpacked as class loader org.apache.nifi.nar.NarClassLoader[./work/nar/extensions/nifi-elasticsearch-client-service-nar-2.6.0.nar-unpacked]
2025-10-16 10:48:00,614 INFO [main] org.apache.nifi.nar.NarClassLoaders Loaded NAR file: /opt/nifi/nifi-current/./work/nar/extensions/nifi-redis-service-api-nar-2.6.0.nar-unpacked as class loader org.apache.nifi.nar.NarClassLoader[./work/nar/extensions/nifi-redis-service-api-nar-2.6.0.nar-unpacked]
2025-10-16 10:48:00,615 INFO [main] org.apache.nifi.nar.NarClassLoaders Loaded NAR file: /opt/nifi/nifi-current/./work/nar/extensions/nifi-smb-smbj-client-nar-2.6.0.nar-unpacked as class loader org.apache.nifi.nar.NarClassLoader[./work/nar/extensions/nifi-smb-smbj-client-nar-2.6.0.nar-unpacked]
2025-10-16 10:48:00,615 INFO [main] org.apache.nifi.nar.NarClassLoaders Loaded NAR file: /opt/nifi/nifi-current/./work/nar/extensions/nifi-pgp-nar-2.6.0.nar-unpacked as class loader org.apache.nifi.nar.NarClassLoader[./work/nar/extensions/nifi-pgp-nar-2.6.0.nar-unpacked]
2025-10-16 10:48:00,615 INFO [main] org.apache.nifi.nar.NarClassLoaders Loaded NAR file: /opt/nifi/nifi-current/./work/nar/extensions/nifi-smb-nar-2.6.0.nar-unpacked as class loader org.apache.nifi.nar.NarClassLoader[./work/nar/extensions/nifi-smb-nar-2.6.0.nar-unpacked]
2025-10-16 10:48:00,616 INFO [main] org.apache.nifi.nar.NarClassLoaders Loaded NAR file: /opt/nifi/nifi-current/./work/nar/extensions/nifi-mongodb-services-nar-2.6.0.nar-unpacked as class loader org.apache.nifi.nar.NarClassLoader[./work/nar/extensions/nifi-mongodb-services-nar-2.6.0.nar-unpacked]
2025-10-16 10:48:00,616 INFO [main] org.apache.nifi.nar.NarClassLoaders Loaded NAR file: /opt/nifi/nifi-current/./work/nar/extensions/nifi-websocket-processors-nar-2.6.0.nar-unpacked as class loader org.apache.nifi.nar.NarClassLoader[./work/nar/extensions/nifi-websocket-processors-nar-2.6.0.nar-unpacked]
2025-10-16 10:48:00,616 INFO [main] org.apache.nifi.nar.NarClassLoaders Loaded NAR file: /opt/nifi/nifi-current/./work/nar/extensions/nifi-dropbox-processors-nar-2.6.0.nar-unpacked as class loader org.apache.nifi.nar.NarClassLoader[./work/nar/extensions/nifi-dropbox-processors-nar-2.6.0.nar-unpacked]
2025-10-16 10:48:00,617 INFO [main] org.apache.nifi.nar.NarClassLoaders Loaded NAR file: /opt/nifi/nifi-current/./work/nar/extensions/nifi-websocket-services-jetty-nar-2.6.0.nar-unpacked as class loader org.apache.nifi.nar.NarClassLoader[./work/nar/extensions/nifi-websocket-services-jetty-nar-2.6.0.nar-unpacked]
2025-10-16 10:48:00,617 INFO [main] org.apache.nifi.nar.NarClassLoaders Loaded NAR file: /opt/nifi/nifi-current/./work/nar/extensions/nifi-box-services-nar-2.6.0.nar-unpacked as class loader org.apache.nifi.nar.NarClassLoader[./work/nar/extensions/nifi-box-services-nar-2.6.0.nar-unpacked]
2025-10-16 10:48:00,618 INFO [main] org.apache.nifi.nar.NarClassLoaders Loaded NAR file: /opt/nifi/nifi-current/./work/nar/extensions/nifi-aws-nar-2.6.0.nar-unpacked as class loader org.apache.nifi.nar.NarClassLoader[./work/nar/extensions/nifi-aws-nar-2.6.0.nar-unpacked]
2025-10-16 10:48:00,624 INFO [main] org.apache.nifi.nar.NarClassLoaders Loaded NAR file: /opt/nifi/nifi-current/./work/nar/extensions/nifi-elasticsearch-restapi-nar-2.6.0.nar-unpacked as class loader org.apache.nifi.nar.NarClassLoader[./work/nar/extensions/nifi-elasticsearch-restapi-nar-2.6.0.nar-unpacked]
2025-10-16 10:48:00,625 INFO [main] org.apache.nifi.nar.NarClassLoaders Loaded NAR file: /opt/nifi/nifi-current/./work/nar/extensions/nifi-azure-nar-2.6.0.nar-unpacked as class loader org.apache.nifi.nar.NarClassLoader[./work/nar/extensions/nifi-azure-nar-2.6.0.nar-unpacked]
2025-10-16 10:48:00,631 INFO [main] org.apache.nifi.nar.NarClassLoaders Loaded NAR file: /opt/nifi/nifi-current/./work/nar/extensions/nifi-redis-nar-2.6.0.nar-unpacked as class loader org.apache.nifi.nar.NarClassLoader[./work/nar/extensions/nifi-redis-nar-2.6.0.nar-unpacked]
2025-10-16 10:48:00,631 INFO [main] org.apache.nifi.nar.NarClassLoaders Found NiFiServer implementation org.apache.nifi.web.server.JettyServer in org.apache.nifi:nifi-server-nar:2.6.0
2025-10-16 10:48:00,633 INFO [main] o.a.nifi.properties.NiFiPropertiesLoader Loading Application Properties [/opt/nifi/nifi-current/conf/nifi.properties]
2025-10-16 10:48:00,692 INFO [main] o.a.n.f.ssl.FrameworkKeyManagerBuilder Key Manager loaded from Key Store [./conf/keystore.p12]
2025-10-16 10:48:00,703 INFO [main] o.a.n.f.ssl.FrameworkTrustManagerBuilder Trust Manager loaded from Trust Store [./conf/truststore.p12]
2025-10-16 10:48:00,874 INFO [main] org.apache.nifi.web.server.JettyServer Loading WAR [/opt/nifi/nifi-current/./work/nar/extensions/nifi-standard-content-viewer-nar-2.6.0.nar-unpacked/NAR-INF/bundled-dependencies/nifi-standard-content-viewer-2.6.0.war] Context Path [/nifi-standard-content-viewer-2.6.0]
2025-10-16 10:48:00,876 INFO [main] org.apache.nifi.web.server.JettyServer Loading WAR [/opt/nifi/nifi-current/./work/nar/extensions/nifi-jolt-nar-2.6.0.nar-unpacked/NAR-INF/bundled-dependencies/nifi-jolt-transform-json-ui-2.6.0.war] Context Path [/nifi-jolt-transform-json-ui-2.6.0]
2025-10-16 10:48:00,876 INFO [main] org.apache.nifi.web.server.JettyServer Loading UI extension [ProcessorConfiguration, /nifi-jolt-transform-json-ui-2.6.0] for org.apache.nifi.processors.jolt.JoltTransformJSON:org.apache.nifi:nifi-jolt-nar:2.6.0
2025-10-16 10:48:00,876 INFO [main] org.apache.nifi.web.server.JettyServer Loading WAR [/opt/nifi/nifi-current/./work/nar/extensions/nifi-update-attribute-nar-2.6.0.nar-unpacked/NAR-INF/bundled-dependencies/nifi-update-attribute-ui-2.6.0.war] Context Path [/nifi-update-attribute-ui-2.6.0]
2025-10-16 10:48:00,876 INFO [main] org.apache.nifi.web.server.JettyServer Loading UI extension [ProcessorConfiguration, /nifi-update-attribute-ui-2.6.0] for org.apache.nifi.processors.attributes.UpdateAttribute:org.apache.nifi:nifi-update-attribute-nar:2.6.0
2025-10-16 10:48:00,878 INFO [main] org.apache.nifi.web.server.JettyServer Loading WAR [/opt/nifi/nifi-current/./work/nar/extensions/nifi-server-nar-2.6.0.nar-unpacked/NAR-INF/bundled-dependencies/nifi-ui-2.6.0.war] Context Path [/nifi]
2025-10-16 10:48:00,878 INFO [main] org.apache.nifi.web.server.JettyServer Loading WAR [/opt/nifi/nifi-current/./work/nar/extensions/nifi-server-nar-2.6.0.nar-unpacked/NAR-INF/bundled-dependencies/nifi-web-api-2.6.0.war] Context Path [/nifi-api]
2025-10-16 10:48:00,880 INFO [main] org.apache.nifi.web.server.JettyServer Loading Docs [/opt/nifi/nifi-current/docs] Context Path [/nifi-api]
2025-10-16 10:48:00,886 INFO [main] o.a.n.n.StandardExtensionDiscoveringManager Loaded extensions for org.apache.nifi:nifi-jetty-nar:2.6.0 in 0 millis
2025-10-16 10:48:00,888 INFO [main] o.a.n.n.StandardExtensionDiscoveringManager Loaded extensions for org.apache.nifi:nifi-framework-nar:2.6.0 in 2 millis
2025-10-16 10:48:00,889 INFO [main] o.a.n.n.StandardExtensionDiscoveringManager Loaded extensions for org.apache.nifi:nifi-provenance-repository-nar:2.6.0 in 1 millis
2025-10-16 10:48:00,890 INFO [main] o.a.n.n.StandardExtensionDiscoveringManager Loaded extensions for org.apache.nifi:nifi-hl7-nar:2.6.0 in 1 millis
2025-10-16 10:48:00,890 INFO [main] o.a.n.n.StandardExtensionDiscoveringManager Loaded extensions for org.apache.nifi:nifi-compress-nar:2.6.0 in 0 millis
2025-10-16 10:48:00,891 INFO [main] o.a.n.n.StandardExtensionDiscoveringManager Loaded extensions for org.apache.nifi:nifi-update-attribute-nar:2.6.0 in 1 millis
2025-10-16 10:48:00,892 INFO [main] o.a.n.n.StandardExtensionDiscoveringManager Loaded extensions for org.apache.nifi:nifi-ldap-iaa-providers-nar:2.6.0 in 1 millis
2025-10-16 10:48:00,893 INFO [main] o.a.n.n.StandardExtensionDiscoveringManager Loaded extensions for org.apache.nifi:nifi-single-user-iaa-providers-nar:2.6.0 in 1 millis
2025-10-16 10:48:00,894 INFO [main] o.a.n.n.StandardExtensionDiscoveringManager Loaded extensions for org.apache.nifi:nifi-framework-kubernetes-nar:2.6.0 in 1 millis
2025-10-16 10:48:00,896 INFO [main] o.a.n.n.StandardExtensionDiscoveringManager Loaded extensions for org.apache.nifi:nifi-server-nar:2.6.0 in 2 millis
2025-10-16 10:48:00,896 INFO [main] o.a.n.n.StandardExtensionDiscoveringManager Loaded extensions for org.apache.nifi:nifi-standard-services-api-nar:2.6.0 in 0 millis
2025-10-16 10:48:00,897 INFO [main] o.a.n.n.StandardExtensionDiscoveringManager Loaded extensions for org.apache.nifi:nifi-email-nar:2.6.0 in 1 millis
2025-10-16 10:48:00,898 INFO [main] o.a.n.n.StandardExtensionDiscoveringManager Loaded extensions for org.apache.nifi:nifi-dbcp-service-nar:2.6.0 in 1 millis
2025-10-16 10:48:00,898 INFO [main] o.a.n.n.StandardExtensionDiscoveringManager Loaded extensions for org.apache.nifi:nifi-kerberos-iaa-providers-nar:2.6.0 in 0 millis
2025-10-16 10:48:00,899 INFO [main] o.a.n.n.StandardExtensionDiscoveringManager Loaded extensions for org.apache.nifi:nifi-evtx-nar:2.6.0 in 0 millis
2025-10-16 10:48:00,900 INFO [main] o.a.n.n.StandardExtensionDiscoveringManager Loaded extensions for org.apache.nifi:nifi-stateful-analysis-nar:2.6.0 in 1 millis
2025-10-16 10:48:00,900 INFO [main] o.a.n.n.StandardExtensionDiscoveringManager Loaded extensions for org.apache.nifi:nifi-file-resource-service-nar:2.6.0 in 0 millis
2025-10-16 10:48:00,901 INFO [main] o.a.n.n.StandardExtensionDiscoveringManager Loaded extensions for org.apache.nifi:nifi-standard-shared-nar:2.6.0 in 0 millis
2025-10-16 10:48:00,903 INFO [main] o.a.n.n.StandardExtensionDiscoveringManager Loaded extensions for org.apache.nifi:nifi-gcp-services-api-nar:2.6.0 in 1 millis
2025-10-16 10:48:00,904 INFO [main] o.a.n.n.StandardExtensionDiscoveringManager Loaded extensions for org.apache.nifi:nifi-database-dialect-service-nar:2.6.0 in 1 millis
2025-10-16 10:48:00,905 INFO [main] o.a.n.n.StandardExtensionDiscoveringManager Loaded extensions for org.apache.nifi:nifi-poi-nar:2.6.0 in 1 millis
2025-10-16 10:48:00,906 INFO [main] o.a.n.n.StandardExtensionDiscoveringManager Loaded extensions for org.apache.nifi:nifi-key-service-nar:2.6.0 in 1 millis
2025-10-16 10:48:00,907 INFO [main] o.a.n.n.StandardExtensionDiscoveringManager Loaded extensions for org.apache.nifi:nifi-asana-services-api-nar:2.6.0 in 1 millis
2025-10-16 10:48:00,908 INFO [main] o.a.n.n.StandardExtensionDiscoveringManager Loaded extensions for org.apache.nifi:nifi-snmp-nar:2.6.0 in 1 millis
2025-10-16 10:48:00,909 INFO [main] o.a.n.n.StandardExtensionDiscoveringManager Loaded extensions for org.apache.nifi:nifi-framework-zookeeper-nar:2.6.0 in 1 millis
2025-10-16 10:48:00,910 INFO [main] o.a.n.n.StandardExtensionDiscoveringManager Loaded extensions for org.apache.nifi:nifi-ssl-context-service-nar:2.6.0 in 1 millis
2025-10-16 10:48:00,911 INFO [main] o.a.n.n.StandardExtensionDiscoveringManager Loaded extensions for org.apache.nifi:nifi-web-client-provider-service-nar:2.6.0 in 1 millis
2025-10-16 10:48:00,912 INFO [main] o.a.n.n.StandardExtensionDiscoveringManager Loaded extensions for org.apache.nifi:nifi-network-processors-nar:2.6.0 in 1 millis
2025-10-16 10:48:00,913 INFO [main] o.a.n.n.StandardExtensionDiscoveringManager Loaded extensions for org.apache.nifi:nifi-kafka-service-api-nar:2.6.0 in 1 millis
2025-10-16 10:48:00,913 INFO [main] o.a.n.n.StandardExtensionDiscoveringManager Loaded extensions for org.apache.nifi:nifi-windows-event-log-nar:2.6.0 in 0 millis
2025-10-16 10:48:00,915 INFO [main] o.a.n.n.StandardExtensionDiscoveringManager Loaded extensions for org.apache.nifi:nifi-gcp-nar:2.6.0 in 2 millis
2025-10-16 10:48:00,916 INFO [main] o.a.n.n.StandardExtensionDiscoveringManager Loaded extensions for org.apache.nifi:nifi-hashicorp-vault-client-service-api-nar:2.6.0 in 1 millis
2025-10-16 10:48:00,917 INFO [main] o.a.n.n.StandardExtensionDiscoveringManager Loaded extensions for org.apache.nifi:nifi-registry-nar:2.6.0 in 1 millis
2025-10-16 10:48:00,917 INFO [main] o.a.n.n.StandardExtensionDiscoveringManager Loaded extensions for org.apache.nifi:nifi-protobuf-services-nar:2.6.0 in 0 millis
2025-10-16 10:48:00,918 INFO [main] o.a.n.n.StandardExtensionDiscoveringManager Loaded extensions for org.apache.nifi:nifi-asana-services-nar:2.6.0 in 0 millis
2025-10-16 10:48:00,920 INFO [main] o.a.n.n.StandardExtensionDiscoveringManager Loaded extensions for org.apache.nifi:nifi-site-to-site-reporting-nar:2.6.0 in 2 millis
2025-10-16 10:48:00,920 INFO [main] o.a.n.n.StandardExtensionDiscoveringManager Loaded extensions for org.apache.nifi:nifi-zendesk-nar:2.6.0 in 0 millis
2025-10-16 10:48:00,921 INFO [main] o.a.n.n.StandardExtensionDiscoveringManager Loaded extensions for org.apache.nifi:nifi-cipher-nar:2.6.0 in 0 millis
2025-10-16 10:48:00,922 INFO [main] o.a.n.n.StandardExtensionDiscoveringManager Loaded extensions for org.apache.nifi:nifi-jms-cf-service-nar:2.6.0 in 1 millis
2025-10-16 10:48:00,923 INFO [main] o.a.n.n.StandardExtensionDiscoveringManager Loaded extensions for org.apache.nifi:nifi-jolt-nar:2.6.0 in 1 millis
2025-10-16 10:48:00,924 INFO [main] o.a.n.n.StandardExtensionDiscoveringManager Loaded extensions for org.apache.nifi:nifi-hazelcast-services-api-nar:2.6.0 in 1 millis
2025-10-16 10:48:00,924 INFO [main] o.a.n.n.StandardExtensionDiscoveringManager Loaded extensions for org.apache.nifi:nifi-pgp-service-api-nar:2.6.0 in 0 millis
2025-10-16 10:48:00,925 INFO [main] o.a.n.n.StandardExtensionDiscoveringManager Loaded extensions for org.apache.nifi:nifi-proxy-configuration-nar:2.6.0 in 0 millis
2025-10-16 10:48:00,926 INFO [main] o.a.n.n.StandardExtensionDiscoveringManager Loaded extensions for org.apache.nifi:nifi-airtable-nar:2.6.0 in 1 millis
2025-10-16 10:48:00,927 INFO [main] o.a.n.n.StandardExtensionDiscoveringManager Loaded extensions for org.apache.nifi:nifi-github-nar:2.6.0 in 1 millis
2025-10-16 10:48:00,928 INFO [main] o.a.n.n.StandardExtensionDiscoveringManager Loaded extensions for org.apache.nifi:nifi-oauth2-provider-nar:2.6.0 in 1 millis
2025-10-16 10:48:00,928 INFO [main] o.a.n.n.StandardExtensionDiscoveringManager Loaded extensions for org.apache.nifi:nifi-workday-processors-nar:2.6.0 in 0 millis
2025-10-16 10:48:00,929 INFO [main] o.a.n.n.StandardExtensionDiscoveringManager Loaded extensions for org.apache.nifi:nifi-mongodb-client-service-api-nar:2.6.0 in 0 millis
2025-10-16 10:48:00,930 INFO [main] o.a.n.n.StandardExtensionDiscoveringManager Loaded extensions for org.apache.nifi:nifi-groovyx-nar:2.6.0 in 1 millis
2025-10-16 10:48:00,931 INFO [main] o.a.n.n.StandardExtensionDiscoveringManager Loaded extensions for org.apache.nifi:nifi-hazelcast-services-nar:2.6.0 in 1 millis
2025-10-16 10:48:00,932 INFO [main] o.a.n.n.StandardExtensionDiscoveringManager Loaded extensions for org.apache.nifi:nifi-mqtt-nar:2.6.0 in 1 millis
2025-10-16 10:48:00,933 INFO [main] o.a.n.n.StandardExtensionDiscoveringManager Loaded extensions for org.apache.nifi:nifi-cdc-mysql-nar:2.6.0 in 1 millis
2025-10-16 10:48:00,934 INFO [main] o.a.n.n.StandardExtensionDiscoveringManager Loaded extensions for org.apache.nifi:nifi-jslt-nar:2.6.0 in 1 millis
2025-10-16 10:48:00,935 INFO [main] o.a.n.n.StandardExtensionDiscoveringManager Loaded extensions for org.apache.nifi:nifi-kafka-nar:2.6.0 in 1 millis
2025-10-16 10:48:00,936 INFO [main] o.a.n.n.StandardExtensionDiscoveringManager Loaded extensions for org.apache.nifi:nifi-mongodb-nar:2.6.0 in 1 millis
2025-10-16 10:48:00,937 INFO [main] o.a.n.n.StandardExtensionDiscoveringManager Loaded extensions for org.apache.nifi:nifi-pgp-service-nar:2.6.0 in 1 millis
2025-10-16 10:48:00,938 INFO [main] o.a.n.n.StandardExtensionDiscoveringManager Loaded extensions for org.apache.nifi:nifi-standard-content-viewer-nar:2.6.0 in 1 millis
2025-10-16 10:48:00,939 INFO [main] o.a.n.n.StandardExtensionDiscoveringManager Loaded extensions for org.apache.nifi:nifi-standard-nar:2.6.0 in 1 millis
2025-10-16 10:48:00,940 INFO [main] o.a.n.n.StandardExtensionDiscoveringManager Loaded extensions for org.apache.nifi:nifi-box-services-api-nar:2.6.0 in 1 millis
2025-10-16 10:48:00,941 INFO [main] o.a.n.n.StandardExtensionDiscoveringManager Loaded extensions for org.apache.nifi:nifi-http-context-map-nar:2.6.0 in 1 millis
2025-10-16 10:48:00,942 INFO [main] o.a.n.n.StandardExtensionDiscoveringManager Loaded extensions for org.apache.nifi:nifi-avro-nar:2.6.0 in 1 millis
2025-10-16 10:48:00,943 INFO [main] o.a.n.n.StandardExtensionDiscoveringManager Loaded extensions for org.apache.nifi:nifi-enrich-nar:2.6.0 in 1 millis
2025-10-16 10:48:00,944 INFO [main] o.a.n.n.StandardExtensionDiscoveringManager Loaded extensions for org.apache.nifi:nifi-lookup-services-nar:2.6.0 in 1 millis
2025-10-16 10:48:00,944 INFO [main] o.a.n.n.StandardExtensionDiscoveringManager Loaded extensions for org.apache.nifi:nifi-splunk-nar:2.6.0 in 0 millis
2025-10-16 10:48:00,945 INFO [main] o.a.n.n.StandardExtensionDiscoveringManager Loaded extensions for org.apache.nifi:nifi-zendesk-services-nar:2.6.0 in 0 millis
2025-10-16 10:48:00,947 INFO [main] o.a.n.n.StandardExtensionDiscoveringManager Loaded extensions for org.apache.nifi:nifi-hashicorp-vault-nar:2.6.0 in 2 millis
2025-10-16 10:48:00,947 INFO [main] o.a.n.n.StandardExtensionDiscoveringManager Loaded extensions for org.apache.nifi:nifi-distributed-cache-services-nar:2.6.0 in 0 millis
2025-10-16 10:48:00,948 INFO [main] o.a.n.n.StandardExtensionDiscoveringManager Loaded extensions for org.apache.nifi:nifi-slack-nar:2.6.0 in 1 millis
2025-10-16 10:48:00,949 INFO [main] o.a.n.n.StandardExtensionDiscoveringManager Loaded extensions for org.apache.nifi:nifi-kafka-3-service-nar:2.6.0 in 1 millis
2025-10-16 10:48:00,950 INFO [main] o.a.n.n.StandardExtensionDiscoveringManager Loaded extensions for org.apache.nifi:nifi-kerberos-user-service-nar:2.6.0 in 1 millis
2025-10-16 10:48:00,951 INFO [main] o.a.n.n.StandardExtensionDiscoveringManager Loaded extensions for org.apache.nifi:nifi-confluent-platform-nar:2.6.0 in 1 millis
2025-10-16 10:48:00,952 INFO [main] o.a.n.n.StandardExtensionDiscoveringManager Loaded extensions for org.apache.nifi:nifi-social-media-nar:2.6.0 in 1 millis
2025-10-16 10:48:00,953 INFO [main] o.a.n.n.StandardExtensionDiscoveringManager Loaded extensions for org.apache.nifi:nifi-opentelemetry-nar:2.6.0 in 1 millis
2025-10-16 10:48:00,954 INFO [main] o.a.n.n.StandardExtensionDiscoveringManager Loaded extensions for org.apache.nifi:nifi-elasticsearch-client-service-api-nar:2.6.0 in 1 millis
2025-10-16 10:48:00,955 INFO [main] o.a.n.n.StandardExtensionDiscoveringManager Loaded extensions for org.apache.nifi:nifi-py4j-nar:2.6.0 in 1 millis
2025-10-16 10:48:00,955 INFO [main] o.a.n.n.StandardExtensionDiscoveringManager Loaded extensions for org.apache.nifi:nifi-amqp-nar:2.6.0 in 0 millis
2025-10-16 10:48:00,956 INFO [main] o.a.n.n.StandardExtensionDiscoveringManager Loaded extensions for org.apache.nifi:nifi-salesforce-nar:2.6.0 in 1 millis
2025-10-16 10:48:00,957 INFO [main] o.a.n.n.StandardExtensionDiscoveringManager Loaded extensions for org.apache.nifi:nifi-websocket-services-api-nar:2.6.0 in 1 millis
2025-10-16 10:48:00,957 INFO [main] o.a.n.n.StandardExtensionDiscoveringManager Loaded extensions for org.apache.nifi:nifi-shopify-nar:2.6.0 in 0 millis
2025-10-16 10:48:00,958 INFO [main] o.a.n.n.StandardExtensionDiscoveringManager Loaded extensions for org.apache.nifi:nifi-geohash-nar:2.6.0 in 0 millis
2025-10-16 10:48:00,959 INFO [main] o.a.n.n.StandardExtensionDiscoveringManager Loaded extensions for org.apache.nifi:nifi-aws-service-api-nar:2.6.0 in 1 millis
2025-10-16 10:48:00,960 INFO [main] o.a.n.n.StandardExtensionDiscoveringManager Loaded extensions for org.apache.nifi:nifi-kafka-service-aws-nar:2.6.0 in 1 millis
2025-10-16 10:48:00,961 INFO [main] o.a.n.n.StandardExtensionDiscoveringManager Loaded extensions for org.apache.nifi:nifi-db-schema-registry-service-nar:2.6.0 in 1 millis
2025-10-16 10:48:00,961 INFO [main] o.a.n.n.StandardExtensionDiscoveringManager Loaded extensions for org.apache.nifi:nifi-dropbox-services-api-nar:2.6.0 in 0 millis
2025-10-16 10:48:00,962 INFO [main] o.a.n.n.StandardExtensionDiscoveringManager Loaded extensions for org.apache.nifi:nifi-flow-registry-client-nar:2.6.0 in 1 millis
2025-10-16 10:48:00,963 INFO [main] o.a.n.n.StandardExtensionDiscoveringManager Loaded extensions for org.apache.nifi:nifi-azure-services-api-nar:2.6.0 in 1 millis
2025-10-16 10:48:00,964 INFO [main] o.a.n.n.StandardExtensionDiscoveringManager Loaded extensions for org.apache.nifi:nifi-dropbox-services-nar:2.6.0 in 1 millis
2025-10-16 10:48:00,965 INFO [main] o.a.n.n.StandardExtensionDiscoveringManager Loaded extensions for org.apache.nifi:nifi-apicurio-nar:2.6.0 in 1 millis
2025-10-16 10:48:00,965 INFO [main] o.a.n.n.StandardExtensionDiscoveringManager Loaded extensions for org.apache.nifi:nifi-hubspot-nar:2.6.0 in 0 millis
2025-10-16 10:48:00,966 INFO [main] o.a.n.n.StandardExtensionDiscoveringManager Loaded extensions for org.apache.nifi:nifi-smb-client-api-nar:2.6.0 in 1 millis
2025-10-16 10:48:00,967 INFO [main] o.a.n.n.StandardExtensionDiscoveringManager Loaded extensions for org.apache.nifi:nifi-record-sink-service-nar:2.6.0 in 1 millis
2025-10-16 10:48:00,968 INFO [main] o.a.n.n.StandardExtensionDiscoveringManager Loaded extensions for org.apache.nifi:nifi-gitlab-nar:2.6.0 in 1 millis
2025-10-16 10:48:00,969 INFO [main] o.a.n.n.StandardExtensionDiscoveringManager Loaded extensions for org.apache.nifi:nifi-box-nar:2.6.0 in 1 millis
2025-10-16 10:48:00,970 INFO [main] o.a.n.n.StandardExtensionDiscoveringManager Loaded extensions for org.apache.nifi:nifi-scripting-nar:2.6.0 in 1 millis
2025-10-16 10:48:00,970 INFO [main] o.a.n.n.StandardExtensionDiscoveringManager Loaded extensions for org.apache.nifi:nifi-asana-processors-nar:2.6.0 in 0 millis
2025-10-16 10:48:00,971 INFO [main] o.a.n.n.StandardExtensionDiscoveringManager Loaded extensions for org.apache.nifi:nifi-atlassian-nar:2.6.0 in 1 millis
2025-10-16 10:48:00,972 INFO [main] o.a.n.n.StandardExtensionDiscoveringManager Loaded extensions for org.apache.nifi:nifi-jms-processors-nar:2.6.0 in 1 millis
2025-10-16 10:48:00,973 INFO [main] o.a.n.n.StandardExtensionDiscoveringManager Loaded extensions for org.apache.nifi:nifi-record-serialization-services-nar:2.6.0 in 1 millis
2025-10-16 10:48:00,974 INFO [main] o.a.n.n.StandardExtensionDiscoveringManager Loaded extensions for org.apache.nifi:nifi-elasticsearch-client-service-nar:2.6.0 in 1 millis
2025-10-16 10:48:00,975 INFO [main] o.a.n.n.StandardExtensionDiscoveringManager Loaded extensions for org.apache.nifi:nifi-redis-service-api-nar:2.6.0 in 1 millis
2025-10-16 10:48:00,975 INFO [main] o.a.n.n.StandardExtensionDiscoveringManager Loaded extensions for org.apache.nifi:nifi-smb-smbj-client-nar:2.6.0 in 0 millis
2025-10-16 10:48:00,976 INFO [main] o.a.n.n.StandardExtensionDiscoveringManager Loaded extensions for org.apache.nifi:nifi-pgp-nar:2.6.0 in 0 millis
2025-10-16 10:48:00,977 INFO [main] o.a.n.n.StandardExtensionDiscoveringManager Loaded extensions for org.apache.nifi:nifi-smb-nar:2.6.0 in 1 millis
2025-10-16 10:48:00,978 INFO [main] o.a.n.n.StandardExtensionDiscoveringManager Loaded extensions for org.apache.nifi:nifi-mongodb-services-nar:2.6.0 in 1 millis
2025-10-16 10:48:00,979 INFO [main] o.a.n.n.StandardExtensionDiscoveringManager Loaded extensions for org.apache.nifi:nifi-websocket-processors-nar:2.6.0 in 1 millis
2025-10-16 10:48:00,981 INFO [main] o.a.n.n.StandardExtensionDiscoveringManager Loaded extensions for org.apache.nifi:nifi-dropbox-processors-nar:2.6.0 in 2 millis
2025-10-16 10:48:00,982 INFO [main] o.a.n.n.StandardExtensionDiscoveringManager Loaded extensions for org.apache.nifi:nifi-websocket-services-jetty-nar:2.6.0 in 1 millis
2025-10-16 10:48:00,984 INFO [main] o.a.n.n.StandardExtensionDiscoveringManager Loaded extensions for org.apache.nifi:nifi-box-services-nar:2.6.0 in 2 millis
2025-10-16 10:48:00,986 INFO [main] o.a.n.n.StandardExtensionDiscoveringManager Loaded extensions for org.apache.nifi:nifi-aws-nar:2.6.0 in 2 millis
2025-10-16 10:48:00,987 INFO [main] o.a.n.n.StandardExtensionDiscoveringManager Loaded extensions for org.apache.nifi:nifi-elasticsearch-restapi-nar:2.6.0 in 1 millis
2025-10-16 10:48:00,988 INFO [main] o.a.n.n.StandardExtensionDiscoveringManager Loaded extensions for org.apache.nifi:nifi-azure-nar:2.6.0 in 1 millis
2025-10-16 10:48:00,989 INFO [main] o.a.n.n.StandardExtensionDiscoveringManager Loaded extensions for org.apache.nifi:nifi-redis-nar:2.6.0 in 1 millis
2025-10-16 10:48:00,989 INFO [main] o.a.n.n.StandardExtensionDiscoveringManager Extension Type Mapping to Bundle:
	=== ExternalResourceProvider Type ===
	org.apache.nifi.registry.extension.NiFiRegistryExternalResourceProvider
		org.apache.nifi:nifi-framework-nar:2.6.0 || ./work/nar/framework/nifi-framework-nar-2.6.0.nar-unpacked
	=== End ExternalResourceProvider types ===
	=== UserGroupProvider Type ===
	org.apache.nifi.authorization.FileUserGroupProvider
		org.apache.nifi:nifi-framework-nar:2.6.0 || ./work/nar/framework/nifi-framework-nar-2.6.0.nar-unpacked
	org.apache.nifi.authorization.azure.AzureGraphUserGroupProvider
		org.apache.nifi:nifi-azure-nar:2.6.0 || ./work/nar/extensions/nifi-azure-nar-2.6.0.nar-unpacked
	org.apache.nifi.ldap.tenants.LdapUserGroupProvider
		org.apache.nifi:nifi-ldap-iaa-providers-nar:2.6.0 || ./work/nar/extensions/nifi-ldap-iaa-providers-nar-2.6.0.nar-unpacked
	org.apache.nifi.authorization.CompositeUserGroupProvider
		org.apache.nifi:nifi-framework-nar:2.6.0 || ./work/nar/framework/nifi-framework-nar-2.6.0.nar-unpacked
	org.apache.nifi.authorization.CompositeConfigurableUserGroupProvider
		org.apache.nifi:nifi-framework-nar:2.6.0 || ./work/nar/framework/nifi-framework-nar-2.6.0.nar-unpacked
	=== End UserGroupProvider types ===
	=== StatusHistoryRepository Type ===
	org.apache.nifi.controller.status.history.VolatileComponentStatusRepository
		org.apache.nifi:nifi-framework-nar:2.6.0 || ./work/nar/framework/nifi-framework-nar-2.6.0.nar-unpacked
	=== End StatusHistoryRepository types ===
	=== LoginIdentityProvider Type ===
	org.apache.nifi.kerberos.KerberosProvider
		org.apache.nifi:nifi-kerberos-iaa-providers-nar:2.6.0 || ./work/nar/extensions/nifi-kerberos-iaa-providers-nar-2.6.0.nar-unpacked
	org.apache.nifi.authentication.single.user.SingleUserLoginIdentityProvider
		org.apache.nifi:nifi-single-user-iaa-providers-nar:2.6.0 || ./work/nar/extensions/nifi-single-user-iaa-providers-nar-2.6.0.nar-unpacked
	org.apache.nifi.ldap.LdapProvider
		org.apache.nifi:nifi-ldap-iaa-providers-nar:2.6.0 || ./work/nar/extensions/nifi-ldap-iaa-providers-nar-2.6.0.nar-unpacked
	=== End LoginIdentityProvider types ===
	=== ProvenanceRepository Type ===
	org.apache.nifi.provenance.NoOpProvenanceRepository
		org.apache.nifi:nifi-provenance-repository-nar:2.6.0 || ./work/nar/extensions/nifi-provenance-repository-nar-2.6.0.nar-unpacked
	org.apache.nifi.provenance.WriteAheadProvenanceRepository
		org.apache.nifi:nifi-provenance-repository-nar:2.6.0 || ./work/nar/extensions/nifi-provenance-repository-nar-2.6.0.nar-unpacked
	org.apache.nifi.provenance.VolatileProvenanceRepository
		org.apache.nifi:nifi-provenance-repository-nar:2.6.0 || ./work/nar/extensions/nifi-provenance-repository-nar-2.6.0.nar-unpacked
	=== End ProvenanceRepository types ===
	=== StateProvider Type ===
	org.apache.nifi.redis.state.RedisStateProvider
		org.apache.nifi:nifi-redis-nar:2.6.0 || ./work/nar/extensions/nifi-redis-nar-2.6.0.nar-unpacked
	org.apache.nifi.controller.state.providers.local.WriteAheadLocalStateProvider
		org.apache.nifi:nifi-framework-nar:2.6.0 || ./work/nar/framework/nifi-framework-nar-2.6.0.nar-unpacked
	org.apache.nifi.kubernetes.state.provider.KubernetesConfigMapStateProvider
		org.apache.nifi:nifi-framework-kubernetes-nar:2.6.0 || ./work/nar/extensions/nifi-framework-kubernetes-nar-2.6.0.nar-unpacked
	org.apache.nifi.controller.state.providers.zookeeper.ZooKeeperStateProvider
		org.apache.nifi:nifi-framework-zookeeper-nar:2.6.0 || ./work/nar/extensions/nifi-framework-zookeeper-nar-2.6.0.nar-unpacked
	org.apache.nifi.controller.state.providers.zookeeper.server.ZooKeeperStateProviderServer
		org.apache.nifi:nifi-framework-zookeeper-nar:2.6.0 || ./work/nar/extensions/nifi-framework-zookeeper-nar-2.6.0.nar-unpacked
	=== End StateProvider types ===
	=== FlowActionReporter Type ===
	=== End FlowActionReporter types ===
	=== Processor Type ===
	org.apache.nifi.processors.standard.ExecuteProcess
		org.apache.nifi:nifi-standard-nar:2.6.0 || ./work/nar/extensions/nifi-standard-nar-2.6.0.nar-unpacked
	org.apache.nifi.processors.standard.AttributesToCSV
		org.apache.nifi:nifi-standard-nar:2.6.0 || ./work/nar/extensions/nifi-standard-nar-2.6.0.nar-unpacked
	org.apache.nifi.processors.standard.SplitRecord
		org.apache.nifi:nifi-standard-nar:2.6.0 || ./work/nar/extensions/nifi-standard-nar-2.6.0.nar-unpacked
	org.apache.nifi.processors.salesforce.QuerySalesforceObject
		org.apache.nifi:nifi-salesforce-nar:2.6.0 || ./work/nar/extensions/nifi-salesforce-nar-2.6.0.nar-unpacked
	org.apache.nifi.processors.standard.CountText
		org.apache.nifi:nifi-standard-nar:2.6.0 || ./work/nar/extensions/nifi-standard-nar-2.6.0.nar-unpacked
	org.apache.nifi.processors.azure.storage.queue.PutAzureQueueStorage_v12
		org.apache.nifi:nifi-azure-nar:2.6.0 || ./work/nar/extensions/nifi-azure-nar-2.6.0.nar-unpacked
	org.apache.nifi.processors.gcp.drive.PutGoogleDrive
		org.apache.nifi:nifi-gcp-nar:2.6.0 || ./work/nar/extensions/nifi-gcp-nar-2.6.0.nar-unpacked
	org.apache.nifi.processors.standard.ValidateCsv
		org.apache.nifi:nifi-standard-nar:2.6.0 || ./work/nar/extensions/nifi-standard-nar-2.6.0.nar-unpacked
	org.apache.nifi.processors.azure.storage.queue.GetAzureQueueStorage_v12
		org.apache.nifi:nifi-azure-nar:2.6.0 || ./work/nar/extensions/nifi-azure-nar-2.6.0.nar-unpacked
	org.apache.nifi.processors.azure.storage.DeleteAzureBlobStorage_v12
		org.apache.nifi:nifi-azure-nar:2.6.0 || ./work/nar/extensions/nifi-azure-nar-2.6.0.nar-unpacked
	org.apache.nifi.amqp.processors.PublishAMQP
		org.apache.nifi:nifi-amqp-nar:2.6.0 || ./work/nar/extensions/nifi-amqp-nar-2.6.0.nar-unpacked
	org.apache.nifi.processors.standard.CryptographicHashContent
		org.apache.nifi:nifi-standard-nar:2.6.0 || ./work/nar/extensions/nifi-standard-nar-2.6.0.nar-unpacked
	org.apache.nifi.processors.email.ExtractEmailHeaders
		org.apache.nifi:nifi-email-nar:2.6.0 || ./work/nar/extensions/nifi-email-nar-2.6.0.nar-unpacked
	org.apache.nifi.processors.dropbox.PutDropbox
		org.apache.nifi:nifi-dropbox-processors-nar:2.6.0 || ./work/nar/extensions/nifi-dropbox-processors-nar-2.6.0.nar-unpacked
	org.apache.nifi.processors.standard.ListFile
		org.apache.nifi:nifi-standard-nar:2.6.0 || ./work/nar/extensions/nifi-standard-nar-2.6.0.nar-unpacked
	org.apache.nifi.processors.standard.ModifyBytes
		org.apache.nifi:nifi-standard-nar:2.6.0 || ./work/nar/extensions/nifi-standard-nar-2.6.0.nar-unpacked
	org.apache.nifi.processors.pgp.EncryptContentPGP
		org.apache.nifi:nifi-pgp-nar:2.6.0 || ./work/nar/extensions/nifi-pgp-nar-2.6.0.nar-unpacked
	org.apache.nifi.processors.hl7.RouteHL7
		org.apache.nifi:nifi-hl7-nar:2.6.0 || ./work/nar/extensions/nifi-hl7-nar-2.6.0.nar-unpacked
	org.apache.nifi.processors.aws.sns.PutSNS
		org.apache.nifi:nifi-aws-nar:2.6.0 || ./work/nar/extensions/nifi-aws-nar-2.6.0.nar-unpacked
	org.apache.nifi.processors.standard.ListSFTP
		org.apache.nifi:nifi-standard-nar:2.6.0 || ./work/nar/extensions/nifi-standard-nar-2.6.0.nar-unpacked
	org.apache.nifi.processors.gcp.storage.PutGCSObject
		org.apache.nifi:nifi-gcp-nar:2.6.0 || ./work/nar/extensions/nifi-gcp-nar-2.6.0.nar-unpacked
	org.apache.nifi.processors.azure.storage.PutAzureDataLakeStorage
		org.apache.nifi:nifi-azure-nar:2.6.0 || ./work/nar/extensions/nifi-azure-nar-2.6.0.nar-unpacked
	org.apache.nifi.processors.elasticsearch.PutElasticsearchRecord
		org.apache.nifi:nifi-elasticsearch-restapi-nar:2.6.0 || ./work/nar/extensions/nifi-elasticsearch-restapi-nar-2.6.0.nar-unpacked
	org.apache.nifi.processors.standard.ScanContent
		org.apache.nifi:nifi-standard-nar:2.6.0 || ./work/nar/extensions/nifi-standard-nar-2.6.0.nar-unpacked
	org.apache.nifi.processors.mongodb.GetMongoRecord
		org.apache.nifi:nifi-mongodb-nar:2.6.0 || ./work/nar/extensions/nifi-mongodb-nar-2.6.0.nar-unpacked
	org.apache.nifi.processors.standard.EvaluateXQuery
		org.apache.nifi:nifi-standard-nar:2.6.0 || ./work/nar/extensions/nifi-standard-nar-2.6.0.nar-unpacked
	org.apache.nifi.processors.standard.RouteText
		org.apache.nifi:nifi-standard-nar:2.6.0 || ./work/nar/extensions/nifi-standard-nar-2.6.0.nar-unpacked
	org.apache.nifi.processors.websocket.ListenWebSocket
		org.apache.nifi:nifi-websocket-processors-nar:2.6.0 || ./work/nar/extensions/nifi-websocket-processors-nar-2.6.0.nar-unpacked
	org.apache.nifi.processors.GeoEnrichIP
		org.apache.nifi:nifi-enrich-nar:2.6.0 || ./work/nar/extensions/nifi-enrich-nar-2.6.0.nar-unpacked
	org.apache.nifi.processors.opentelemetry.ListenOTLP
		org.apache.nifi:nifi-opentelemetry-nar:2.6.0 || ./work/nar/extensions/nifi-opentelemetry-nar-2.6.0.nar-unpacked
	org.apache.nifi.processors.standard.MonitorActivity
		org.apache.nifi:nifi-standard-nar:2.6.0 || ./work/nar/extensions/nifi-standard-nar-2.6.0.nar-unpacked
	org.apache.nifi.processors.salesforce.PutSalesforceObject
		org.apache.nifi:nifi-salesforce-nar:2.6.0 || ./work/nar/extensions/nifi-salesforce-nar-2.6.0.nar-unpacked
	org.apache.nifi.processors.standard.ExtractRecordSchema
		org.apache.nifi:nifi-standard-nar:2.6.0 || ./work/nar/extensions/nifi-standard-nar-2.6.0.nar-unpacked
	org.apache.nifi.processors.standard.GenerateTableFetch
		org.apache.nifi:nifi-standard-nar:2.6.0 || ./work/nar/extensions/nifi-standard-nar-2.6.0.nar-unpacked
	org.apache.nifi.processors.standard.HandleHttpResponse
		org.apache.nifi:nifi-standard-nar:2.6.0 || ./work/nar/extensions/nifi-standard-nar-2.6.0.nar-unpacked
	org.apache.nifi.processors.box.ConsumeBoxEnterpriseEvents
		org.apache.nifi:nifi-box-nar:2.6.0 || ./work/nar/extensions/nifi-box-nar-2.6.0.nar-unpacked
	org.apache.nifi.snmp.processors.SendTrapSNMP
		org.apache.nifi:nifi-snmp-nar:2.6.0 || ./work/nar/extensions/nifi-snmp-nar-2.6.0.nar-unpacked
	org.apache.nifi.processors.standard.ListenFTP
		org.apache.nifi:nifi-standard-nar:2.6.0 || ./work/nar/extensions/nifi-standard-nar-2.6.0.nar-unpacked
	org.apache.nifi.processors.aws.s3.GetS3ObjectMetadata
		org.apache.nifi:nifi-aws-nar:2.6.0 || ./work/nar/extensions/nifi-aws-nar-2.6.0.nar-unpacked
	org.apache.nifi.processors.standard.ListenSyslog
		org.apache.nifi:nifi-standard-nar:2.6.0 || ./work/nar/extensions/nifi-standard-nar-2.6.0.nar-unpacked
	org.apache.nifi.processors.standard.ConvertRecord
		org.apache.nifi:nifi-standard-nar:2.6.0 || ./work/nar/extensions/nifi-standard-nar-2.6.0.nar-unpacked
	org.apache.nifi.processors.avro.SplitAvro
		org.apache.nifi:nifi-avro-nar:2.6.0 || ./work/nar/extensions/nifi-avro-nar-2.6.0.nar-unpacked
	org.apache.nifi.processors.airtable.QueryAirtableTable
		org.apache.nifi:nifi-airtable-nar:2.6.0 || ./work/nar/extensions/nifi-airtable-nar-2.6.0.nar-unpacked
	org.apache.nifi.processors.box.ListBoxFile
		org.apache.nifi:nifi-box-nar:2.6.0 || ./work/nar/extensions/nifi-box-nar-2.6.0.nar-unpacked
	org.apache.nifi.processors.jslt.JSLTTransformJSON
		org.apache.nifi:nifi-jslt-nar:2.6.0 || ./work/nar/extensions/nifi-jslt-nar-2.6.0.nar-unpacked
	org.apache.nifi.snmp.processors.SetSNMP
		org.apache.nifi:nifi-snmp-nar:2.6.0 || ./work/nar/extensions/nifi-snmp-nar-2.6.0.nar-unpacked
	org.apache.nifi.processors.standard.InvokeHTTP
		org.apache.nifi:nifi-standard-nar:2.6.0 || ./work/nar/extensions/nifi-standard-nar-2.6.0.nar-unpacked
	org.apache.nifi.processors.aws.s3.TagS3Object
		org.apache.nifi:nifi-aws-nar:2.6.0 || ./work/nar/extensions/nifi-aws-nar-2.6.0.nar-unpacked
	org.apache.nifi.processors.standard.TailFile
		org.apache.nifi:nifi-standard-nar:2.6.0 || ./work/nar/extensions/nifi-standard-nar-2.6.0.nar-unpacked
	org.apache.nifi.processors.gcp.bigquery.PutBigQuery
		org.apache.nifi:nifi-gcp-nar:2.6.0 || ./work/nar/extensions/nifi-gcp-nar-2.6.0.nar-unpacked
	org.apache.nifi.processors.standard.PutTCP
		org.apache.nifi:nifi-standard-nar:2.6.0 || ./work/nar/extensions/nifi-standard-nar-2.6.0.nar-unpacked
	org.apache.nifi.processors.standard.CalculateRecordStats
		org.apache.nifi:nifi-standard-nar:2.6.0 || ./work/nar/extensions/nifi-standard-nar-2.6.0.nar-unpacked
	org.apache.nifi.processors.dropbox.FetchDropbox
		org.apache.nifi:nifi-dropbox-processors-nar:2.6.0 || ./work/nar/extensions/nifi-dropbox-processors-nar-2.6.0.nar-unpacked
	org.apache.nifi.processors.standard.FetchSFTP
		org.apache.nifi:nifi-standard-nar:2.6.0 || ./work/nar/extensions/nifi-standard-nar-2.6.0.nar-unpacked
	org.apache.nifi.processors.standard.DeleteSFTP
		org.apache.nifi:nifi-standard-nar:2.6.0 || ./work/nar/extensions/nifi-standard-nar-2.6.0.nar-unpacked
	org.apache.nifi.processors.azure.storage.CopyAzureBlobStorage_v12
		org.apache.nifi:nifi-azure-nar:2.6.0 || ./work/nar/extensions/nifi-azure-nar-2.6.0.nar-unpacked
	org.apache.nifi.processors.slack.ConsumeSlack
		org.apache.nifi:nifi-slack-nar:2.6.0 || ./work/nar/extensions/nifi-slack-nar-2.6.0.nar-unpacked
	org.apache.nifi.processors.standard.ScanAttribute
		org.apache.nifi:nifi-standard-nar:2.6.0 || ./work/nar/extensions/nifi-standard-nar-2.6.0.nar-unpacked
	org.apache.nifi.processors.standard.HandleHttpRequest
		org.apache.nifi:nifi-standard-nar:2.6.0 || ./work/nar/extensions/nifi-standard-nar-2.6.0.nar-unpacked
	org.apache.nifi.processors.box.FetchBoxFileInfo
		org.apache.nifi:nifi-box-nar:2.6.0 || ./work/nar/extensions/nifi-box-nar-2.6.0.nar-unpacked
	org.apache.nifi.snmp.processors.GetSNMP
		org.apache.nifi:nifi-snmp-nar:2.6.0 || ./work/nar/extensions/nifi-snmp-nar-2.6.0.nar-unpacked
	org.apache.nifi.processors.standard.ExtractGrok
		org.apache.nifi:nifi-standard-nar:2.6.0 || ./work/nar/extensions/nifi-standard-nar-2.6.0.nar-unpacked
	org.apache.nifi.processors.standard.LookupRecord
		org.apache.nifi:nifi-standard-nar:2.6.0 || ./work/nar/extensions/nifi-standard-nar-2.6.0.nar-unpacked
	org.apache.nifi.processors.pgp.VerifyContentPGP
		org.apache.nifi:nifi-pgp-nar:2.6.0 || ./work/nar/extensions/nifi-pgp-nar-2.6.0.nar-unpacked
	org.apache.nifi.processors.aws.ml.translate.StartAwsTranslateJob
		org.apache.nifi:nifi-aws-nar:2.6.0 || ./work/nar/extensions/nifi-aws-nar-2.6.0.nar-unpacked
	org.apache.nifi.processors.azure.data.explorer.PutAzureDataExplorer
		org.apache.nifi:nifi-azure-nar:2.6.0 || ./work/nar/extensions/nifi-azure-nar-2.6.0.nar-unpacked
	org.apache.nifi.processors.aws.ml.transcribe.GetAwsTranscribeJobStatus
		org.apache.nifi:nifi-aws-nar:2.6.0 || ./work/nar/extensions/nifi-aws-nar-2.6.0.nar-unpacked
	org.apache.nifi.processors.mongodb.RunMongoAggregation
		org.apache.nifi:nifi-mongodb-nar:2.6.0 || ./work/nar/extensions/nifi-mongodb-nar-2.6.0.nar-unpacked
	org.apache.nifi.processors.shopify.GetShopify
		org.apache.nifi:nifi-shopify-nar:2.6.0 || ./work/nar/extensions/nifi-shopify-nar-2.6.0.nar-unpacked
	org.apache.nifi.processors.standard.ForkEnrichment
		org.apache.nifi:nifi-standard-nar:2.6.0 || ./work/nar/extensions/nifi-standard-nar-2.6.0.nar-unpacked
	org.apache.nifi.processors.aws.sqs.DeleteSQS
		org.apache.nifi:nifi-aws-nar:2.6.0 || ./work/nar/extensions/nifi-aws-nar-2.6.0.nar-unpacked
	org.apache.nifi.processors.standard.RetryFlowFile
		org.apache.nifi:nifi-standard-nar:2.6.0 || ./work/nar/extensions/nifi-standard-nar-2.6.0.nar-unpacked
	org.apache.nifi.processors.standard.SampleRecord
		org.apache.nifi:nifi-standard-nar:2.6.0 || ./work/nar/extensions/nifi-standard-nar-2.6.0.nar-unpacked
	org.apache.nifi.processors.standard.ValidateXml
		org.apache.nifi:nifi-standard-nar:2.6.0 || ./work/nar/extensions/nifi-standard-nar-2.6.0.nar-unpacked
	org.apache.nifi.processors.gcp.storage.FetchGCSObject
		org.apache.nifi:nifi-gcp-nar:2.6.0 || ./work/nar/extensions/nifi-gcp-nar-2.6.0.nar-unpacked
	org.apache.nifi.processors.standard.ListenUDP
		org.apache.nifi:nifi-standard-nar:2.6.0 || ./work/nar/extensions/nifi-standard-nar-2.6.0.nar-unpacked
	org.apache.nifi.processors.box.ExtractStructuredBoxFileMetadata
		org.apache.nifi:nifi-box-nar:2.6.0 || ./work/nar/extensions/nifi-box-nar-2.6.0.nar-unpacked
	org.apache.nifi.processors.mongodb.PutMongoBulkOperations
		org.apache.nifi:nifi-mongodb-nar:2.6.0 || ./work/nar/extensions/nifi-mongodb-nar-2.6.0.nar-unpacked
	org.apache.nifi.processors.websocket.PutWebSocket
		org.apache.nifi:nifi-websocket-processors-nar:2.6.0 || ./work/nar/extensions/nifi-websocket-processors-nar-2.6.0.nar-unpacked
	org.apache.nifi.processors.elasticsearch.SearchElasticsearch
		org.apache.nifi:nifi-elasticsearch-restapi-nar:2.6.0 || ./work/nar/extensions/nifi-elasticsearch-restapi-nar-2.6.0.nar-unpacked
	org.apache.nifi.processors.geohash.GeohashRecord
		org.apache.nifi:nifi-geohash-nar:2.6.0 || ./work/nar/extensions/nifi-geohash-nar-2.6.0.nar-unpacked
	org.apache.nifi.processors.standard.RenameRecordField
		org.apache.nifi:nifi-standard-nar:2.6.0 || ./work/nar/extensions/nifi-standard-nar-2.6.0.nar-unpacked
	org.apache.nifi.processors.standard.PutSQL
		org.apache.nifi:nifi-standard-nar:2.6.0 || ./work/nar/extensions/nifi-standard-nar-2.6.0.nar-unpacked
	org.apache.nifi.processors.standard.DeleteFile
		org.apache.nifi:nifi-standard-nar:2.6.0 || ./work/nar/extensions/nifi-standard-nar-2.6.0.nar-unpacked
	org.apache.nifi.processors.azure.storage.ListAzureBlobStorage_v12
		org.apache.nifi:nifi-azure-nar:2.6.0 || ./work/nar/extensions/nifi-azure-nar-2.6.0.nar-unpacked
	org.apache.nifi.processors.standard.ListenHTTP
		org.apache.nifi:nifi-standard-nar:2.6.0 || ./work/nar/extensions/nifi-standard-nar-2.6.0.nar-unpacked
	org.apache.nifi.processors.standard.GenerateFlowFile
		org.apache.nifi:nifi-standard-nar:2.6.0 || ./work/nar/extensions/nifi-standard-nar-2.6.0.nar-unpacked
	org.apache.nifi.processors.standard.EvaluateJsonPath
		org.apache.nifi:nifi-standard-nar:2.6.0 || ./work/nar/extensions/nifi-standard-nar-2.6.0.nar-unpacked
	org.apache.nifi.processors.standard.ExecuteSQL
		org.apache.nifi:nifi-standard-nar:2.6.0 || ./work/nar/extensions/nifi-standard-nar-2.6.0.nar-unpacked
	org.apache.nifi.processors.standard.ControlRate
		org.apache.nifi:nifi-standard-nar:2.6.0 || ./work/nar/extensions/nifi-standard-nar-2.6.0.nar-unpacked
	org.apache.nifi.processors.gcp.storage.DeleteGCSObject
		org.apache.nifi:nifi-gcp-nar:2.6.0 || ./work/nar/extensions/nifi-gcp-nar-2.6.0.nar-unpacked
	org.apache.nifi.processors.aws.s3.GetS3ObjectTags
		org.apache.nifi:nifi-aws-nar:2.6.0 || ./work/nar/extensions/nifi-aws-nar-2.6.0.nar-unpacked
	org.apache.nifi.processors.standard.PutFile
		org.apache.nifi:nifi-standard-nar:2.6.0 || ./work/nar/extensions/nifi-standard-nar-2.6.0.nar-unpacked
	org.apache.nifi.processors.standard.PutRecord
		org.apache.nifi:nifi-standard-nar:2.6.0 || ./work/nar/extensions/nifi-standard-nar-2.6.0.nar-unpacked
	org.apache.nifi.processors.standard.ConvertCharacterSet
		org.apache.nifi:nifi-standard-nar:2.6.0 || ./work/nar/extensions/nifi-standard-nar-2.6.0.nar-unpacked
	org.apache.nifi.processors.ISPEnrichIP
		org.apache.nifi:nifi-enrich-nar:2.6.0 || ./work/nar/extensions/nifi-enrich-nar-2.6.0.nar-unpacked
	org.apache.nifi.processors.standard.UnpackContent
		org.apache.nifi:nifi-standard-nar:2.6.0 || ./work/nar/extensions/nifi-standard-nar-2.6.0.nar-unpacked
	org.apache.nifi.processors.aws.sqs.GetSQS
		org.apache.nifi:nifi-aws-nar:2.6.0 || ./work/nar/extensions/nifi-aws-nar-2.6.0.nar-unpacked
	org.apache.nifi.processors.mongodb.GetMongo
		org.apache.nifi:nifi-mongodb-nar:2.6.0 || ./work/nar/extensions/nifi-mongodb-nar-2.6.0.nar-unpacked
	org.apache.nifi.processors.elasticsearch.PaginatedJsonQueryElasticsearch
		org.apache.nifi:nifi-elasticsearch-restapi-nar:2.6.0 || ./work/nar/extensions/nifi-elasticsearch-restapi-nar-2.6.0.nar-unpacked
	org.apache.nifi.processors.hl7.ExtractHL7Attributes
		org.apache.nifi:nifi-hl7-nar:2.6.0 || ./work/nar/extensions/nifi-hl7-nar-2.6.0.nar-unpacked
	org.apache.nifi.processors.evtx.ParseEvtx
		org.apache.nifi:nifi-evtx-nar:2.6.0 || ./work/nar/extensions/nifi-evtx-nar-2.6.0.nar-unpacked
	org.apache.nifi.processors.splunk.GetSplunk
		org.apache.nifi:nifi-splunk-nar:2.6.0 || ./work/nar/extensions/nifi-splunk-nar-2.6.0.nar-unpacked
	org.apache.nifi.redis.processor.PutRedisHashRecord
		org.apache.nifi:nifi-redis-nar:2.6.0 || ./work/nar/extensions/nifi-redis-nar-2.6.0.nar-unpacked
	org.apache.nifi.processors.azure.storage.DeleteAzureDataLakeStorage
		org.apache.nifi:nifi-azure-nar:2.6.0 || ./work/nar/extensions/nifi-azure-nar-2.6.0.nar-unpacked
	org.apache.nifi.processors.compress.ModifyCompression
		org.apache.nifi:nifi-compress-nar:2.6.0 || ./work/nar/extensions/nifi-compress-nar-2.6.0.nar-unpacked
	org.apache.nifi.processors.elasticsearch.UpdateByQueryElasticsearch
		org.apache.nifi:nifi-elasticsearch-restapi-nar:2.6.0 || ./work/nar/extensions/nifi-elasticsearch-restapi-nar-2.6.0.nar-unpacked
	org.apache.nifi.processors.standard.PackageFlowFile
		org.apache.nifi:nifi-standard-nar:2.6.0 || ./work/nar/extensions/nifi-standard-nar-2.6.0.nar-unpacked
	org.apache.nifi.processors.standard.Notify
		org.apache.nifi:nifi-standard-nar:2.6.0 || ./work/nar/extensions/nifi-standard-nar-2.6.0.nar-unpacked
	org.apache.nifi.processors.standard.ExecuteSQLRecord
		org.apache.nifi:nifi-standard-nar:2.6.0 || ./work/nar/extensions/nifi-standard-nar-2.6.0.nar-unpacked
	org.apache.nifi.processors.elasticsearch.ConsumeElasticsearch
		org.apache.nifi:nifi-elasticsearch-restapi-nar:2.6.0 || ./work/nar/extensions/nifi-elasticsearch-restapi-nar-2.6.0.nar-unpacked
	org.apache.nifi.processors.mongodb.gridfs.DeleteGridFS
		org.apache.nifi:nifi-mongodb-nar:2.6.0 || ./work/nar/extensions/nifi-mongodb-nar-2.6.0.nar-unpacked
	org.apache.nifi.processors.standard.ParseSyslog5424
		org.apache.nifi:nifi-standard-nar:2.6.0 || ./work/nar/extensions/nifi-standard-nar-2.6.0.nar-unpacked
	org.apache.nifi.processors.script.ScriptedFilterRecord
		org.apache.nifi:nifi-scripting-nar:2.6.0 || ./work/nar/extensions/nifi-scripting-nar-2.6.0.nar-unpacked
	org.apache.nifi.processors.standard.SegmentContent
		org.apache.nifi:nifi-standard-nar:2.6.0 || ./work/nar/extensions/nifi-standard-nar-2.6.0.nar-unpacked
	org.apache.nifi.processors.email.ExtractEmailAttachments
		org.apache.nifi:nifi-email-nar:2.6.0 || ./work/nar/extensions/nifi-email-nar-2.6.0.nar-unpacked
	org.apache.nifi.processors.standard.DistributeLoad
		org.apache.nifi:nifi-standard-nar:2.6.0 || ./work/nar/extensions/nifi-standard-nar-2.6.0.nar-unpacked
	org.apache.nifi.processors.box.ListBoxFileInfo
		org.apache.nifi:nifi-box-nar:2.6.0 || ./work/nar/extensions/nifi-box-nar-2.6.0.nar-unpacked
	org.apache.nifi.processors.aws.kinesis.stream.ConsumeKinesisStream
		org.apache.nifi:nifi-aws-nar:2.6.0 || ./work/nar/extensions/nifi-aws-nar-2.6.0.nar-unpacked
	org.apache.nifi.processors.aws.kinesis.stream.PutKinesisStream
		org.apache.nifi:nifi-aws-nar:2.6.0 || ./work/nar/extensions/nifi-aws-nar-2.6.0.nar-unpacked
	org.apache.nifi.processors.groovyx.ExecuteGroovyScript
		org.apache.nifi:nifi-groovyx-nar:2.6.0 || ./work/nar/extensions/nifi-groovyx-nar-2.6.0.nar-unpacked
	org.apache.nifi.processors.standard.RemoveRecordField
		org.apache.nifi:nifi-standard-nar:2.6.0 || ./work/nar/extensions/nifi-standard-nar-2.6.0.nar-unpacked
	org.apache.nifi.processors.aws.s3.FetchS3Object
		org.apache.nifi:nifi-aws-nar:2.6.0 || ./work/nar/extensions/nifi-aws-nar-2.6.0.nar-unpacked
	org.apache.nifi.processors.azure.storage.MoveAzureDataLakeStorage
		org.apache.nifi:nifi-azure-nar:2.6.0 || ./work/nar/extensions/nifi-azure-nar-2.6.0.nar-unpacked
	org.apache.nifi.processors.standard.FetchFile
		org.apache.nifi:nifi-standard-nar:2.6.0 || ./work/nar/extensions/nifi-standard-nar-2.6.0.nar-unpacked
	org.apache.nifi.processors.azure.data.explorer.QueryAzureDataExplorer
		org.apache.nifi:nifi-azure-nar:2.6.0 || ./work/nar/extensions/nifi-azure-nar-2.6.0.nar-unpacked
	org.apache.nifi.processors.jolt.JoltTransformRecord
		org.apache.nifi:nifi-jolt-nar:2.6.0 || ./work/nar/extensions/nifi-jolt-nar-2.6.0.nar-unpacked
	org.apache.nifi.processors.standard.PartitionRecord
		org.apache.nifi:nifi-standard-nar:2.6.0 || ./work/nar/extensions/nifi-standard-nar-2.6.0.nar-unpacked
	org.apache.nifi.processors.aws.ml.polly.GetAwsPollyJobStatus
		org.apache.nifi:nifi-aws-nar:2.6.0 || ./work/nar/extensions/nifi-aws-nar-2.6.0.nar-unpacked
	org.apache.nifi.processors.standard.PutSFTP
		org.apache.nifi:nifi-standard-nar:2.6.0 || ./work/nar/extensions/nifi-standard-nar-2.6.0.nar-unpacked
	org.apache.nifi.processors.script.ExecuteScript
		org.apache.nifi:nifi-scripting-nar:2.6.0 || ./work/nar/extensions/nifi-scripting-nar-2.6.0.nar-unpacked
	org.apache.nifi.processors.aws.ml.translate.GetAwsTranslateJobStatus
		org.apache.nifi:nifi-aws-nar:2.6.0 || ./work/nar/extensions/nifi-aws-nar-2.6.0.nar-unpacked
	org.apache.nifi.processors.standard.GetFTP
		org.apache.nifi:nifi-standard-nar:2.6.0 || ./work/nar/extensions/nifi-standard-nar-2.6.0.nar-unpacked
	org.apache.nifi.processors.mqtt.ConsumeMQTT
		org.apache.nifi:nifi-mqtt-nar:2.6.0 || ./work/nar/extensions/nifi-mqtt-nar-2.6.0.nar-unpacked
	org.apache.nifi.processors.standard.ListFTP
		org.apache.nifi:nifi-standard-nar:2.6.0 || ./work/nar/extensions/nifi-standard-nar-2.6.0.nar-unpacked
	org.apache.nifi.processors.box.GetBoxFileCollaborators
		org.apache.nifi:nifi-box-nar:2.6.0 || ./work/nar/extensions/nifi-box-nar-2.6.0.nar-unpacked
	org.apache.nifi.processors.aws.s3.CopyS3Object
		org.apache.nifi:nifi-aws-nar:2.6.0 || ./work/nar/extensions/nifi-aws-nar-2.6.0.nar-unpacked
	org.apache.nifi.processors.box.GetBoxGroupMembers
		org.apache.nifi:nifi-box-nar:2.6.0 || ./work/nar/extensions/nifi-box-nar-2.6.0.nar-unpacked
	org.apache.nifi.processors.standard.Wait
		org.apache.nifi:nifi-standard-nar:2.6.0 || ./work/nar/extensions/nifi-standard-nar-2.6.0.nar-unpacked
	org.apache.nifi.processors.standard.QueryDatabaseTable
		org.apache.nifi:nifi-standard-nar:2.6.0 || ./work/nar/extensions/nifi-standard-nar-2.6.0.nar-unpacked
	org.apache.nifi.processors.gcp.vision.StartGcpVisionAnnotateImagesOperation
		org.apache.nifi:nifi-gcp-nar:2.6.0 || ./work/nar/extensions/nifi-gcp-nar-2.6.0.nar-unpacked
	org.apache.nifi.processors.aws.dynamodb.PutDynamoDB
		org.apache.nifi:nifi-aws-nar:2.6.0 || ./work/nar/extensions/nifi-aws-nar-2.6.0.nar-unpacked
	org.apache.nifi.processors.box.ConsumeBoxEvents
		org.apache.nifi:nifi-box-nar:2.6.0 || ./work/nar/extensions/nifi-box-nar-2.6.0.nar-unpacked
	org.apache.nifi.processors.azure.eventhub.PutAzureEventHub
		org.apache.nifi:nifi-azure-nar:2.6.0 || ./work/nar/extensions/nifi-azure-nar-2.6.0.nar-unpacked
	org.apache.nifi.processors.standard.GenerateRecord
		org.apache.nifi:nifi-standard-nar:2.6.0 || ./work/nar/extensions/nifi-standard-nar-2.6.0.nar-unpacked
	org.apache.nifi.processors.pgp.DecryptContentPGP
		org.apache.nifi:nifi-pgp-nar:2.6.0 || ./work/nar/extensions/nifi-pgp-nar-2.6.0.nar-unpacked
	org.apache.nifi.snmp.processors.ListenTrapSNMP
		org.apache.nifi:nifi-snmp-nar:2.6.0 || ./work/nar/extensions/nifi-snmp-nar-2.6.0.nar-unpacked
	org.apache.nifi.processors.aws.s3.DeleteS3Object
		org.apache.nifi:nifi-aws-nar:2.6.0 || ./work/nar/extensions/nifi-aws-nar-2.6.0.nar-unpacked
	org.apache.nifi.processors.standard.PutEmail
		org.apache.nifi:nifi-standard-nar:2.6.0 || ./work/nar/extensions/nifi-standard-nar-2.6.0.nar-unpacked
	org.apache.nifi.processors.standard.MergeRecord
		org.apache.nifi:nifi-standard-nar:2.6.0 || ./work/nar/extensions/nifi-standard-nar-2.6.0.nar-unpacked
	org.apache.nifi.processors.box.ListBoxFileMetadataTemplates
		org.apache.nifi:nifi-box-nar:2.6.0 || ./work/nar/extensions/nifi-box-nar-2.6.0.nar-unpacked
	org.apache.nifi.processors.box.FetchBoxFileMetadataInstance
		org.apache.nifi:nifi-box-nar:2.6.0 || ./work/nar/extensions/nifi-box-nar-2.6.0.nar-unpacked
	org.apache.nifi.processors.email.ConsumePOP3
		org.apache.nifi:nifi-email-nar:2.6.0 || ./work/nar/extensions/nifi-email-nar-2.6.0.nar-unpacked
	org.apache.nifi.processors.avro.ExtractAvroMetadata
		org.apache.nifi:nifi-avro-nar:2.6.0 || ./work/nar/extensions/nifi-avro-nar-2.6.0.nar-unpacked
	org.apache.nifi.amqp.processors.ConsumeAMQP
		org.apache.nifi:nifi-amqp-nar:2.6.0 || ./work/nar/extensions/nifi-amqp-nar-2.6.0.nar-unpacked
	org.apache.nifi.processors.aws.s3.ListS3
		org.apache.nifi:nifi-aws-nar:2.6.0 || ./work/nar/extensions/nifi-aws-nar-2.6.0.nar-unpacked
	org.apache.nifi.processors.jolt.JoltTransformJSON
		org.apache.nifi:nifi-jolt-nar:2.6.0 || ./work/nar/extensions/nifi-jolt-nar-2.6.0.nar-unpacked
	org.apache.nifi.processors.gcp.storage.ListGCSBucket
		org.apache.nifi:nifi-gcp-nar:2.6.0 || ./work/nar/extensions/nifi-gcp-nar-2.6.0.nar-unpacked
	org.apache.nifi.processors.standard.PutUDP
		org.apache.nifi:nifi-standard-nar:2.6.0 || ./work/nar/extensions/nifi-standard-nar-2.6.0.nar-unpacked
	org.apache.nifi.processors.windows.event.log.ConsumeWindowsEventLog
		org.apache.nifi:nifi-windows-event-log-nar:2.6.0 || ./work/nar/extensions/nifi-windows-event-log-nar-2.6.0.nar-unpacked
	org.apache.nifi.processors.gcp.vision.GetGcpVisionAnnotateFilesOperationStatus
		org.apache.nifi:nifi-gcp-nar:2.6.0 || ./work/nar/extensions/nifi-gcp-nar-2.6.0.nar-unpacked
	org.apache.nifi.processors.aws.ml.textract.StartAwsTextractJob
		org.apache.nifi:nifi-aws-nar:2.6.0 || ./work/nar/extensions/nifi-aws-nar-2.6.0.nar-unpacked
	org.apache.nifi.processors.aws.ml.transcribe.StartAwsTranscribeJob
		org.apache.nifi:nifi-aws-nar:2.6.0 || ./work/nar/extensions/nifi-aws-nar-2.6.0.nar-unpacked
	org.apache.nifi.processors.standard.DebugFlow
		org.apache.nifi:nifi-standard-nar:2.6.0 || ./work/nar/extensions/nifi-standard-nar-2.6.0.nar-unpacked
	org.apache.nifi.processors.aws.dynamodb.DeleteDynamoDB
		org.apache.nifi:nifi-aws-nar:2.6.0 || ./work/nar/extensions/nifi-aws-nar-2.6.0.nar-unpacked
	org.apache.nifi.processors.standard.ExecuteStreamCommand
		org.apache.nifi:nifi-standard-nar:2.6.0 || ./work/nar/extensions/nifi-standard-nar-2.6.0.nar-unpacked
	org.apache.nifi.processors.aws.ml.polly.StartAwsPollyJob
		org.apache.nifi:nifi-aws-nar:2.6.0 || ./work/nar/extensions/nifi-aws-nar-2.6.0.nar-unpacked
	org.apache.nifi.processors.azure.storage.FetchAzureBlobStorage_v12
		org.apache.nifi:nifi-azure-nar:2.6.0 || ./work/nar/extensions/nifi-azure-nar-2.6.0.nar-unpacked
	org.apache.nifi.processors.box.DeleteBoxFileMetadataInstance
		org.apache.nifi:nifi-box-nar:2.6.0 || ./work/nar/extensions/nifi-box-nar-2.6.0.nar-unpacked
	org.apache.nifi.processors.gcp.drive.ListGoogleDrive
		org.apache.nifi:nifi-gcp-nar:2.6.0 || ./work/nar/extensions/nifi-gcp-nar-2.6.0.nar-unpacked
	org.apache.nifi.processors.script.InvokeScriptedProcessor
		org.apache.nifi:nifi-scripting-nar:2.6.0 || ./work/nar/extensions/nifi-scripting-nar-2.6.0.nar-unpacked
	org.apache.nifi.processors.azure.storage.ListAzureDataLakeStorage
		org.apache.nifi:nifi-azure-nar:2.6.0 || ./work/nar/extensions/nifi-azure-nar-2.6.0.nar-unpacked
	org.apache.nifi.processors.smb.ListSmb
		org.apache.nifi:nifi-smb-nar:2.6.0 || ./work/nar/extensions/nifi-smb-nar-2.6.0.nar-unpacked
	org.apache.nifi.processors.standard.FlattenJson
		org.apache.nifi:nifi-standard-nar:2.6.0 || ./work/nar/extensions/nifi-standard-nar-2.6.0.nar-unpacked
	org.apache.nifi.processors.mqtt.PublishMQTT
		org.apache.nifi:nifi-mqtt-nar:2.6.0 || ./work/nar/extensions/nifi-mqtt-nar-2.6.0.nar-unpacked
	org.apache.nifi.processors.standard.DeduplicateRecord
		org.apache.nifi:nifi-standard-nar:2.6.0 || ./work/nar/extensions/nifi-standard-nar-2.6.0.nar-unpacked
	org.apache.nifi.processors.gcp.pubsub.ConsumeGCPubSub
		org.apache.nifi:nifi-gcp-nar:2.6.0 || ./work/nar/extensions/nifi-gcp-nar-2.6.0.nar-unpacked
	org.apache.nifi.processors.standard.MergeContent
		org.apache.nifi:nifi-standard-nar:2.6.0 || ./work/nar/extensions/nifi-standard-nar-2.6.0.nar-unpacked
	org.apache.nifi.processors.mongodb.PutMongo
		org.apache.nifi:nifi-mongodb-nar:2.6.0 || ./work/nar/extensions/nifi-mongodb-nar-2.6.0.nar-unpacked
	org.apache.nifi.processors.standard.ForkRecord
		org.apache.nifi:nifi-standard-nar:2.6.0 || ./work/nar/extensions/nifi-standard-nar-2.6.0.nar-unpacked
	org.apache.nifi.processors.smb.FetchSmb
		org.apache.nifi:nifi-smb-nar:2.6.0 || ./work/nar/extensions/nifi-smb-nar-2.6.0.nar-unpacked
	org.apache.nifi.processors.standard.ListenTCP
		org.apache.nifi:nifi-standard-nar:2.6.0 || ./work/nar/extensions/nifi-standard-nar-2.6.0.nar-unpacked
	org.apache.nifi.processors.aws.sqs.PutSQS
		org.apache.nifi:nifi-aws-nar:2.6.0 || ./work/nar/extensions/nifi-aws-nar-2.6.0.nar-unpacked
	org.apache.nifi.processors.standard.ReplaceTextWithMapping
		org.apache.nifi:nifi-standard-nar:2.6.0 || ./work/nar/extensions/nifi-standard-nar-2.6.0.nar-unpacked
	org.apache.nifi.processors.splunk.PutSplunk
		org.apache.nifi:nifi-splunk-nar:2.6.0 || ./work/nar/extensions/nifi-splunk-nar-2.6.0.nar-unpacked
	org.apache.nifi.processors.splunk.PutSplunkHTTP
		org.apache.nifi:nifi-splunk-nar:2.6.0 || ./work/nar/extensions/nifi-splunk-nar-2.6.0.nar-unpacked
	org.apache.nifi.processors.gcp.vision.StartGcpVisionAnnotateFilesOperation
		org.apache.nifi:nifi-gcp-nar:2.6.0 || ./work/nar/extensions/nifi-gcp-nar-2.6.0.nar-unpacked
	org.apache.nifi.processors.slack.PublishSlack
		org.apache.nifi:nifi-slack-nar:2.6.0 || ./work/nar/extensions/nifi-slack-nar-2.6.0.nar-unpacked
	org.apache.nifi.processors.aws.dynamodb.PutDynamoDBRecord
		org.apache.nifi:nifi-aws-nar:2.6.0 || ./work/nar/extensions/nifi-aws-nar-2.6.0.nar-unpacked
	org.apache.nifi.processors.gcp.pubsub.PublishGCPubSub
		org.apache.nifi:nifi-gcp-nar:2.6.0 || ./work/nar/extensions/nifi-gcp-nar-2.6.0.nar-unpacked
	org.apache.nifi.processors.standard.DetectDuplicate
		org.apache.nifi:nifi-standard-nar:2.6.0 || ./work/nar/extensions/nifi-standard-nar-2.6.0.nar-unpacked
	org.apache.nifi.processors.box.FetchBoxFileRepresentation
		org.apache.nifi:nifi-box-nar:2.6.0 || ./work/nar/extensions/nifi-box-nar-2.6.0.nar-unpacked
	org.apache.nifi.processors.standard.CompressContent
		org.apache.nifi:nifi-standard-nar:2.6.0 || ./work/nar/extensions/nifi-standard-nar-2.6.0.nar-unpacked
	org.apache.nifi.processors.excel.SplitExcel
		org.apache.nifi:nifi-poi-nar:2.6.0 || ./work/nar/extensions/nifi-poi-nar-2.6.0.nar-unpacked
	org.apache.nifi.processors.standard.DuplicateFlowFile
		org.apache.nifi:nifi-standard-nar:2.6.0 || ./work/nar/extensions/nifi-standard-nar-2.6.0.nar-unpacked
	org.apache.nifi.processors.asana.GetAsanaObject
		org.apache.nifi:nifi-asana-processors-nar:2.6.0 || ./work/nar/extensions/nifi-asana-processors-nar-2.6.0.nar-unpacked
	org.apache.nifi.processors.standard.ValidateRecord
		org.apache.nifi:nifi-standard-nar:2.6.0 || ./work/nar/extensions/nifi-standard-nar-2.6.0.nar-unpacked
	org.apache.nifi.processors.standard.ValidateJson
		org.apache.nifi:nifi-standard-nar:2.6.0 || ./work/nar/extensions/nifi-standard-nar-2.6.0.nar-unpacked
	org.apache.nifi.processors.elasticsearch.JsonQueryElasticsearch
		org.apache.nifi:nifi-elasticsearch-restapi-nar:2.6.0 || ./work/nar/extensions/nifi-elasticsearch-restapi-nar-2.6.0.nar-unpacked
	org.apache.nifi.processors.azure.storage.PutAzureBlobStorage_v12
		org.apache.nifi:nifi-azure-nar:2.6.0 || ./work/nar/extensions/nifi-azure-nar-2.6.0.nar-unpacked
	org.apache.nifi.processors.azure.eventhub.ConsumeAzureEventHub
		org.apache.nifi:nifi-azure-nar:2.6.0 || ./work/nar/extensions/nifi-azure-nar-2.6.0.nar-unpacked
	org.apache.nifi.processors.standard.PutSyslog
		org.apache.nifi:nifi-standard-nar:2.6.0 || ./work/nar/extensions/nifi-standard-nar-2.6.0.nar-unpacked
	org.apache.nifi.processors.pgp.SignContentPGP
		org.apache.nifi:nifi-pgp-nar:2.6.0 || ./work/nar/extensions/nifi-pgp-nar-2.6.0.nar-unpacked
	org.apache.nifi.processors.script.ScriptedValidateRecord
		org.apache.nifi:nifi-scripting-nar:2.6.0 || ./work/nar/extensions/nifi-scripting-nar-2.6.0.nar-unpacked
	org.apache.nifi.processors.standard.ListenUDPRecord
		org.apache.nifi:nifi-standard-nar:2.6.0 || ./work/nar/extensions/nifi-standard-nar-2.6.0.nar-unpacked
	org.apache.nifi.processors.standard.SplitText
		org.apache.nifi:nifi-standard-nar:2.6.0 || ./work/nar/extensions/nifi-standard-nar-2.6.0.nar-unpacked
	org.apache.nifi.jms.processors.ConsumeJMS
		org.apache.nifi:nifi-jms-processors-nar:2.6.0 || ./work/nar/extensions/nifi-jms-processors-nar-2.6.0.nar-unpacked
	org.apache.nifi.processors.mongodb.gridfs.FetchGridFS
		org.apache.nifi:nifi-mongodb-nar:2.6.0 || ./work/nar/extensions/nifi-mongodb-nar-2.6.0.nar-unpacked
	org.apache.nifi.processors.standard.GetSFTP
		org.apache.nifi:nifi-standard-nar:2.6.0 || ./work/nar/extensions/nifi-standard-nar-2.6.0.nar-unpacked
	org.apache.nifi.processors.GeoEnrichIPRecord
		org.apache.nifi:nifi-enrich-nar:2.6.0 || ./work/nar/extensions/nifi-enrich-nar-2.6.0.nar-unpacked
	org.apache.nifi.processors.script.ScriptedPartitionRecord
		org.apache.nifi:nifi-scripting-nar:2.6.0 || ./work/nar/extensions/nifi-scripting-nar-2.6.0.nar-unpacked
	org.apache.nifi.kafka.processors.PublishKafka
		org.apache.nifi:nifi-kafka-nar:2.6.0 || ./work/nar/extensions/nifi-kafka-nar-2.6.0.nar-unpacked
	org.apache.nifi.jms.processors.PublishJMS
		org.apache.nifi:nifi-jms-processors-nar:2.6.0 || ./work/nar/extensions/nifi-jms-processors-nar-2.6.0.nar-unpacked
	org.apache.nifi.processors.slack.ListenSlack
		org.apache.nifi:nifi-slack-nar:2.6.0 || ./work/nar/extensions/nifi-slack-nar-2.6.0.nar-unpacked
	org.apache.nifi.processors.network.ParseNetflowv5
		org.apache.nifi:nifi-network-processors-nar:2.6.0 || ./work/nar/extensions/nifi-network-processors-nar-2.6.0.nar-unpacked
	org.apache.nifi.processors.standard.GetFileResource
		org.apache.nifi:nifi-standard-nar:2.6.0 || ./work/nar/extensions/nifi-standard-nar-2.6.0.nar-unpacked
	org.apache.nifi.processors.standard.IdentifyMimeType
		org.apache.nifi:nifi-standard-nar:2.6.0 || ./work/nar/extensions/nifi-standard-nar-2.6.0.nar-unpacked
	org.apache.nifi.cdc.mysql.processors.CaptureChangeMySQL
		org.apache.nifi:nifi-cdc-mysql-nar:2.6.0 || ./work/nar/extensions/nifi-cdc-mysql-nar-2.6.0.nar-unpacked
	org.apache.nifi.processors.elasticsearch.DeleteByQueryElasticsearch
		org.apache.nifi:nifi-elasticsearch-restapi-nar:2.6.0 || ./work/nar/extensions/nifi-elasticsearch-restapi-nar-2.6.0.nar-unpacked
	org.apache.nifi.processors.standard.QueryRecord
		org.apache.nifi:nifi-standard-nar:2.6.0 || ./work/nar/extensions/nifi-standard-nar-2.6.0.nar-unpacked
	org.apache.nifi.processors.standard.LookupAttribute
		org.apache.nifi:nifi-standard-nar:2.6.0 || ./work/nar/extensions/nifi-standard-nar-2.6.0.nar-unpacked
	org.apache.nifi.processors.standard.FilterAttribute
		org.apache.nifi:nifi-standard-nar:2.6.0 || ./work/nar/extensions/nifi-standard-nar-2.6.0.nar-unpacked
	org.apache.nifi.processors.standard.EnforceOrder
		org.apache.nifi:nifi-standard-nar:2.6.0 || ./work/nar/extensions/nifi-standard-nar-2.6.0.nar-unpacked
	org.apache.nifi.processors.smb.PutSmbFile
		org.apache.nifi:nifi-smb-nar:2.6.0 || ./work/nar/extensions/nifi-smb-nar-2.6.0.nar-unpacked
	org.apache.nifi.processors.gcp.drive.FetchGoogleDrive
		org.apache.nifi:nifi-gcp-nar:2.6.0 || ./work/nar/extensions/nifi-gcp-nar-2.6.0.nar-unpacked
	org.apache.nifi.processors.standard.LogMessage
		org.apache.nifi:nifi-standard-nar:2.6.0 || ./work/nar/extensions/nifi-standard-nar-2.6.0.nar-unpacked
	org.apache.nifi.processors.standard.JoinEnrichment
		org.apache.nifi:nifi-standard-nar:2.6.0 || ./work/nar/extensions/nifi-standard-nar-2.6.0.nar-unpacked
	org.apache.nifi.processors.workday.GetWorkdayReport
		org.apache.nifi:nifi-workday-processors-nar:2.6.0 || ./work/nar/extensions/nifi-workday-processors-nar-2.6.0.nar-unpacked
	org.apache.nifi.processors.standard.SplitXml
		org.apache.nifi:nifi-standard-nar:2.6.0 || ./work/nar/extensions/nifi-standard-nar-2.6.0.nar-unpacked
	org.apache.nifi.processors.standard.EvaluateXPath
		org.apache.nifi:nifi-standard-nar:2.6.0 || ./work/nar/extensions/nifi-standard-nar-2.6.0.nar-unpacked
	org.apache.nifi.processors.cipher.VerifyContentMAC
		org.apache.nifi:nifi-cipher-nar:2.6.0 || ./work/nar/extensions/nifi-cipher-nar-2.6.0.nar-unpacked
	org.apache.nifi.processors.mongodb.gridfs.PutGridFS
		org.apache.nifi:nifi-mongodb-nar:2.6.0 || ./work/nar/extensions/nifi-mongodb-nar-2.6.0.nar-unpacked
	org.apache.nifi.processors.standard.FetchFTP
		org.apache.nifi:nifi-standard-nar:2.6.0 || ./work/nar/extensions/nifi-standard-nar-2.6.0.nar-unpacked
	org.apache.nifi.processors.standard.UpdateCounter
		org.apache.nifi:nifi-standard-nar:2.6.0 || ./work/nar/extensions/nifi-standard-nar-2.6.0.nar-unpacked
	org.apache.nifi.processors.splunk.QuerySplunkIndexingStatus
		org.apache.nifi:nifi-splunk-nar:2.6.0 || ./work/nar/extensions/nifi-splunk-nar-2.6.0.nar-unpacked
	org.apache.nifi.processors.elasticsearch.PutElasticsearchJson
		org.apache.nifi:nifi-elasticsearch-restapi-nar:2.6.0 || ./work/nar/extensions/nifi-elasticsearch-restapi-nar-2.6.0.nar-unpacked
	org.apache.nifi.processors.box.ListBoxFileMetadataInstances
		org.apache.nifi:nifi-box-nar:2.6.0 || ./work/nar/extensions/nifi-box-nar-2.6.0.nar-unpacked
	org.apache.nifi.processors.box.CreateBoxMetadataTemplate
		org.apache.nifi:nifi-box-nar:2.6.0 || ./work/nar/extensions/nifi-box-nar-2.6.0.nar-unpacked
	org.apache.nifi.processors.azure.storage.FetchAzureDataLakeStorage
		org.apache.nifi:nifi-azure-nar:2.6.0 || ./work/nar/extensions/nifi-azure-nar-2.6.0.nar-unpacked
	org.apache.nifi.processors.standard.ExtractText
		org.apache.nifi:nifi-standard-nar:2.6.0 || ./work/nar/extensions/nifi-standard-nar-2.6.0.nar-unpacked
	org.apache.nifi.processors.email.ConsumeIMAP
		org.apache.nifi:nifi-email-nar:2.6.0 || ./work/nar/extensions/nifi-email-nar-2.6.0.nar-unpacked
	org.apache.nifi.processors.standard.GetFile
		org.apache.nifi:nifi-standard-nar:2.6.0 || ./work/nar/extensions/nifi-standard-nar-2.6.0.nar-unpacked
	org.apache.nifi.processors.attributes.UpdateAttribute
		org.apache.nifi:nifi-update-attribute-nar:2.6.0 || ./work/nar/extensions/nifi-update-attribute-nar-2.6.0.nar-unpacked
	org.apache.nifi.processors.standard.AttributesToJSON
		org.apache.nifi:nifi-standard-nar:2.6.0 || ./work/nar/extensions/nifi-standard-nar-2.6.0.nar-unpacked
	org.apache.nifi.processors.standard.SplitContent
		org.apache.nifi:nifi-standard-nar:2.6.0 || ./work/nar/extensions/nifi-standard-nar-2.6.0.nar-unpacked
	org.apache.nifi.processors.box.FetchBoxFile
		org.apache.nifi:nifi-box-nar:2.6.0 || ./work/nar/extensions/nifi-box-nar-2.6.0.nar-unpacked
	org.apache.nifi.processors.box.CreateBoxFileMetadataInstance
		org.apache.nifi:nifi-box-nar:2.6.0 || ./work/nar/extensions/nifi-box-nar-2.6.0.nar-unpacked
	org.apache.nifi.processors.mongodb.DeleteMongo
		org.apache.nifi:nifi-mongodb-nar:2.6.0 || ./work/nar/extensions/nifi-mongodb-nar-2.6.0.nar-unpacked
	org.apache.nifi.processors.standard.TransformXml
		org.apache.nifi:nifi-standard-nar:2.6.0 || ./work/nar/extensions/nifi-standard-nar-2.6.0.nar-unpacked
	org.apache.nifi.processors.standard.QueryDatabaseTableRecord
		org.apache.nifi:nifi-standard-nar:2.6.0 || ./work/nar/extensions/nifi-standard-nar-2.6.0.nar-unpacked
	org.apache.nifi.processors.azure.eventhub.GetAzureEventHub
		org.apache.nifi:nifi-azure-nar:2.6.0 || ./work/nar/extensions/nifi-azure-nar-2.6.0.nar-unpacked
	org.apache.nifi.processors.mongodb.PutMongoRecord
		org.apache.nifi:nifi-mongodb-nar:2.6.0 || ./work/nar/extensions/nifi-mongodb-nar-2.6.0.nar-unpacked
	org.apache.nifi.processors.standard.FetchDistributedMapCache
		org.apache.nifi:nifi-standard-nar:2.6.0 || ./work/nar/extensions/nifi-standard-nar-2.6.0.nar-unpacked
	org.apache.nifi.processors.aws.dynamodb.GetDynamoDB
		org.apache.nifi:nifi-aws-nar:2.6.0 || ./work/nar/extensions/nifi-aws-nar-2.6.0.nar-unpacked
	org.apache.nifi.processors.twitter.ConsumeTwitter
		org.apache.nifi:nifi-social-media-nar:2.6.0 || ./work/nar/extensions/nifi-social-media-nar-2.6.0.nar-unpacked
	org.apache.nifi.processors.smb.GetSmbFile
		org.apache.nifi:nifi-smb-nar:2.6.0 || ./work/nar/extensions/nifi-smb-nar-2.6.0.nar-unpacked
	org.apache.nifi.processors.box.UpdateBoxFileMetadataInstance
		org.apache.nifi:nifi-box-nar:2.6.0 || ./work/nar/extensions/nifi-box-nar-2.6.0.nar-unpacked
	org.apache.nifi.processors.zendesk.PutZendeskTicket
		org.apache.nifi:nifi-zendesk-nar:2.6.0 || ./work/nar/extensions/nifi-zendesk-nar-2.6.0.nar-unpacked
	org.apache.nifi.processors.standard.EncodeContent
		org.apache.nifi:nifi-standard-nar:2.6.0 || ./work/nar/extensions/nifi-standard-nar-2.6.0.nar-unpacked
	org.apache.nifi.processors.standard.ParseSyslog
		org.apache.nifi:nifi-standard-nar:2.6.0 || ./work/nar/extensions/nifi-standard-nar-2.6.0.nar-unpacked
	org.apache.nifi.processors.gcp.vision.GetGcpVisionAnnotateImagesOperationStatus
		org.apache.nifi:nifi-gcp-nar:2.6.0 || ./work/nar/extensions/nifi-gcp-nar-2.6.0.nar-unpacked
	org.apache.nifi.processors.aws.cloudwatch.PutCloudWatchMetric
		org.apache.nifi:nifi-aws-nar:2.6.0 || ./work/nar/extensions/nifi-aws-nar-2.6.0.nar-unpacked
	org.apache.nifi.processors.aws.kinesis.firehose.PutKinesisFirehose
		org.apache.nifi:nifi-aws-nar:2.6.0 || ./work/nar/extensions/nifi-aws-nar-2.6.0.nar-unpacked
	org.apache.nifi.processors.aws.ml.textract.GetAwsTextractJobStatus
		org.apache.nifi:nifi-aws-nar:2.6.0 || ./work/nar/extensions/nifi-aws-nar-2.6.0.nar-unpacked
	org.apache.nifi.processors.cipher.DecryptContentAge
		org.apache.nifi:nifi-cipher-nar:2.6.0 || ./work/nar/extensions/nifi-cipher-nar-2.6.0.nar-unpacked
	org.apache.nifi.processors.standard.SplitJson
		org.apache.nifi:nifi-standard-nar:2.6.0 || ./work/nar/extensions/nifi-standard-nar-2.6.0.nar-unpacked
	org.apache.nifi.kafka.processors.ConsumeKafka
		org.apache.nifi:nifi-kafka-nar:2.6.0 || ./work/nar/extensions/nifi-kafka-nar-2.6.0.nar-unpacked
	org.apache.nifi.processors.script.ScriptedTransformRecord
		org.apache.nifi:nifi-scripting-nar:2.6.0 || ./work/nar/extensions/nifi-scripting-nar-2.6.0.nar-unpacked
	org.apache.nifi.processors.cipher.EncryptContentAge
		org.apache.nifi:nifi-cipher-nar:2.6.0 || ./work/nar/extensions/nifi-cipher-nar-2.6.0.nar-unpacked
	org.apache.nifi.processors.aws.lambda.PutLambda
		org.apache.nifi:nifi-aws-nar:2.6.0 || ./work/nar/extensions/nifi-aws-nar-2.6.0.nar-unpacked
	org.apache.nifi.processors.standard.RouteOnContent
		org.apache.nifi:nifi-standard-nar:2.6.0 || ./work/nar/extensions/nifi-standard-nar-2.6.0.nar-unpacked
	org.apache.nifi.processors.websocket.ConnectWebSocket
		org.apache.nifi:nifi-websocket-processors-nar:2.6.0 || ./work/nar/extensions/nifi-websocket-processors-nar-2.6.0.nar-unpacked
	org.apache.nifi.processors.standard.UpdateDatabaseTable
		org.apache.nifi:nifi-standard-nar:2.6.0 || ./work/nar/extensions/nifi-standard-nar-2.6.0.nar-unpacked
	org.apache.nifi.processors.box.PutBoxFile
		org.apache.nifi:nifi-box-nar:2.6.0 || ./work/nar/extensions/nifi-box-nar-2.6.0.nar-unpacked
	org.apache.nifi.processors.azure.cosmos.document.PutAzureCosmosDBRecord
		org.apache.nifi:nifi-azure-nar:2.6.0 || ./work/nar/extensions/nifi-azure-nar-2.6.0.nar-unpacked
	org.apache.nifi.processors.standard.PutDatabaseRecord
		org.apache.nifi:nifi-standard-nar:2.6.0 || ./work/nar/extensions/nifi-standard-nar-2.6.0.nar-unpacked
	org.apache.nifi.processors.standard.ReplaceText
		org.apache.nifi:nifi-standard-nar:2.6.0 || ./work/nar/extensions/nifi-standard-nar-2.6.0.nar-unpacked
	org.apache.nifi.processors.aws.s3.PutS3Object
		org.apache.nifi:nifi-aws-nar:2.6.0 || ./work/nar/extensions/nifi-aws-nar-2.6.0.nar-unpacked
	org.apache.nifi.processors.zendesk.GetZendesk
		org.apache.nifi:nifi-zendesk-nar:2.6.0 || ./work/nar/extensions/nifi-zendesk-nar-2.6.0.nar-unpacked
	org.apache.nifi.processors.stateful.analysis.AttributeRollingWindow
		org.apache.nifi:nifi-stateful-analysis-nar:2.6.0 || ./work/nar/extensions/nifi-stateful-analysis-nar-2.6.0.nar-unpacked
	org.apache.nifi.processors.standard.PutFTP
		org.apache.nifi:nifi-standard-nar:2.6.0 || ./work/nar/extensions/nifi-standard-nar-2.6.0.nar-unpacked
	org.apache.nifi.processors.hubspot.GetHubSpot
		org.apache.nifi:nifi-hubspot-nar:2.6.0 || ./work/nar/extensions/nifi-hubspot-nar-2.6.0.nar-unpacked
	org.apache.nifi.processors.standard.PutDistributedMapCache
		org.apache.nifi:nifi-standard-nar:2.6.0 || ./work/nar/extensions/nifi-standard-nar-2.6.0.nar-unpacked
	org.apache.nifi.processors.dropbox.ListDropbox
		org.apache.nifi:nifi-dropbox-processors-nar:2.6.0 || ./work/nar/extensions/nifi-dropbox-processors-nar-2.6.0.nar-unpacked
	org.apache.nifi.processors.standard.UpdateRecord
		org.apache.nifi:nifi-standard-nar:2.6.0 || ./work/nar/extensions/nifi-standard-nar-2.6.0.nar-unpacked
	org.apache.nifi.processors.standard.LogAttribute
		org.apache.nifi:nifi-standard-nar:2.6.0 || ./work/nar/extensions/nifi-standard-nar-2.6.0.nar-unpacked
	org.apache.nifi.processors.standard.RouteOnAttribute
		org.apache.nifi:nifi-standard-nar:2.6.0 || ./work/nar/extensions/nifi-standard-nar-2.6.0.nar-unpacked
	org.apache.nifi.processors.standard.ListDatabaseTables
		org.apache.nifi:nifi-standard-nar:2.6.0 || ./work/nar/extensions/nifi-standard-nar-2.6.0.nar-unpacked
	org.apache.nifi.processors.elasticsearch.GetElasticsearch
		org.apache.nifi:nifi-elasticsearch-restapi-nar:2.6.0 || ./work/nar/extensions/nifi-elasticsearch-restapi-nar-2.6.0.nar-unpacked
	org.apache.nifi.processors.network.pcap.SplitPCAP
		org.apache.nifi:nifi-network-processors-nar:2.6.0 || ./work/nar/extensions/nifi-network-processors-nar-2.6.0.nar-unpacked
	=== End Processor types ===
	=== Authorizer Type ===
	org.apache.nifi.authorization.StandardManagedAuthorizer
		org.apache.nifi:nifi-framework-nar:2.6.0 || ./work/nar/framework/nifi-framework-nar-2.6.0.nar-unpacked
	org.apache.nifi.authorization.single.user.SingleUserAuthorizer
		org.apache.nifi:nifi-single-user-iaa-providers-nar:2.6.0 || ./work/nar/extensions/nifi-single-user-iaa-providers-nar-2.6.0.nar-unpacked
	=== End Authorizer types ===
	=== FlowRegistryClient Type ===
	org.apache.nifi.registry.flow.NifiRegistryFlowRegistryClient
		org.apache.nifi:nifi-flow-registry-client-nar:2.6.0 || ./work/nar/extensions/nifi-flow-registry-client-nar-2.6.0.nar-unpacked
	org.apache.nifi.gitlab.GitLabFlowRegistryClient
		org.apache.nifi:nifi-gitlab-nar:2.6.0 || ./work/nar/extensions/nifi-gitlab-nar-2.6.0.nar-unpacked
	org.apache.nifi.azure.devops.AzureDevOpsFlowRegistryClient
		org.apache.nifi:nifi-azure-nar:2.6.0 || ./work/nar/extensions/nifi-azure-nar-2.6.0.nar-unpacked
	org.apache.nifi.atlassian.bitbucket.BitbucketFlowRegistryClient
		org.apache.nifi:nifi-atlassian-nar:2.6.0 || ./work/nar/extensions/nifi-atlassian-nar-2.6.0.nar-unpacked
	org.apache.nifi.github.GitHubFlowRegistryClient
		org.apache.nifi:nifi-github-nar:2.6.0 || ./work/nar/extensions/nifi-github-nar-2.6.0.nar-unpacked
	=== End FlowRegistryClient types ===
	=== PythonBridge Type ===
	org.apache.nifi.py4j.StandardPythonBridge
		org.apache.nifi:nifi-py4j-nar:2.6.0 || ./work/nar/extensions/nifi-py4j-nar-2.6.0.nar-unpacked
	=== End PythonBridge types ===
	=== LeaderElectionManager Type ===
	org.apache.nifi.kubernetes.leader.election.KubernetesLeaderElectionManager
		org.apache.nifi:nifi-framework-kubernetes-nar:2.6.0 || ./work/nar/extensions/nifi-framework-kubernetes-nar-2.6.0.nar-unpacked
	org.apache.nifi.framework.cluster.leader.zookeeper.CuratorLeaderElectionManager
		org.apache.nifi:nifi-framework-zookeeper-nar:2.6.0 || ./work/nar/extensions/nifi-framework-zookeeper-nar-2.6.0.nar-unpacked
	=== End LeaderElectionManager types ===
	=== FlowAnalysisRule Type ===
	org.apache.nifi.flowanalysis.rules.RestrictFlowFileExpiration
		org.apache.nifi:nifi-standard-nar:2.6.0 || ./work/nar/extensions/nifi-standard-nar-2.6.0.nar-unpacked
	org.apache.nifi.flowanalysis.rules.RestrictBackpressureSettings
		org.apache.nifi:nifi-standard-nar:2.6.0 || ./work/nar/extensions/nifi-standard-nar-2.6.0.nar-unpacked
	org.apache.nifi.flowanalysis.rules.DisallowComponentType
		org.apache.nifi:nifi-standard-nar:2.6.0 || ./work/nar/extensions/nifi-standard-nar-2.6.0.nar-unpacked
	org.apache.nifi.flowanalysis.rules.RequireServerSSLContextService
		org.apache.nifi:nifi-standard-nar:2.6.0 || ./work/nar/extensions/nifi-standard-nar-2.6.0.nar-unpacked
	=== End FlowAnalysisRule types ===
	=== ContentRepository Type ===
	org.apache.nifi.controller.repository.FileSystemRepository
		org.apache.nifi:nifi-framework-nar:2.6.0 || ./work/nar/framework/nifi-framework-nar-2.6.0.nar-unpacked
	=== End ContentRepository types ===
	=== AccessPolicyProvider Type ===
	org.apache.nifi.authorization.FileAccessPolicyProvider
		org.apache.nifi:nifi-framework-nar:2.6.0 || ./work/nar/framework/nifi-framework-nar-2.6.0.nar-unpacked
	=== End AccessPolicyProvider types ===
	=== AssetManager Type ===
	org.apache.nifi.asset.StandardAssetManager
		org.apache.nifi:nifi-framework-nar:2.6.0 || ./work/nar/framework/nifi-framework-nar-2.6.0.nar-unpacked
	=== End AssetManager types ===
	=== FlowFileRepository Type ===
	org.apache.nifi.controller.repository.WriteAheadFlowFileRepository
		org.apache.nifi:nifi-framework-nar:2.6.0 || ./work/nar/framework/nifi-framework-nar-2.6.0.nar-unpacked
	org.apache.nifi.controller.repository.VolatileFlowFileRepository
		org.apache.nifi:nifi-framework-nar:2.6.0 || ./work/nar/framework/nifi-framework-nar-2.6.0.nar-unpacked
	=== End FlowFileRepository types ===
	=== ReportingTask Type ===
	org.apache.nifi.reporting.SiteToSiteProvenanceReportingTask
		org.apache.nifi:nifi-site-to-site-reporting-nar:2.6.0 || ./work/nar/extensions/nifi-site-to-site-reporting-nar-2.6.0.nar-unpacked
	org.apache.nifi.reporting.SiteToSiteStatusReportingTask
		org.apache.nifi:nifi-site-to-site-reporting-nar:2.6.0 || ./work/nar/extensions/nifi-site-to-site-reporting-nar-2.6.0.nar-unpacked
	org.apache.nifi.reporting.script.ScriptedReportingTask
		org.apache.nifi:nifi-scripting-nar:2.6.0 || ./work/nar/extensions/nifi-scripting-nar-2.6.0.nar-unpacked
	org.apache.nifi.reporting.SiteToSiteBulletinReportingTask
		org.apache.nifi:nifi-site-to-site-reporting-nar:2.6.0 || ./work/nar/extensions/nifi-site-to-site-reporting-nar-2.6.0.nar-unpacked
	org.apache.nifi.controller.MonitorDiskUsage
		org.apache.nifi:nifi-standard-nar:2.6.0 || ./work/nar/extensions/nifi-standard-nar-2.6.0.nar-unpacked
	org.apache.nifi.controller.MonitorMemory
		org.apache.nifi:nifi-standard-nar:2.6.0 || ./work/nar/extensions/nifi-standard-nar-2.6.0.nar-unpacked
	org.apache.nifi.reporting.azure.loganalytics.AzureLogAnalyticsProvenanceReportingTask
		org.apache.nifi:nifi-azure-nar:2.6.0 || ./work/nar/extensions/nifi-azure-nar-2.6.0.nar-unpacked
	org.apache.nifi.reporting.azure.loganalytics.AzureLogAnalyticsReportingTask
		org.apache.nifi:nifi-azure-nar:2.6.0 || ./work/nar/extensions/nifi-azure-nar-2.6.0.nar-unpacked
	org.apache.nifi.controller.ControllerStatusReportingTask
		org.apache.nifi:nifi-standard-nar:2.6.0 || ./work/nar/extensions/nifi-standard-nar-2.6.0.nar-unpacked
	org.apache.nifi.reporting.SiteToSiteMetricsReportingTask
		org.apache.nifi:nifi-site-to-site-reporting-nar:2.6.0 || ./work/nar/extensions/nifi-site-to-site-reporting-nar-2.6.0.nar-unpacked
	=== End ReportingTask types ===
	=== ParameterProvider Type ===
	org.apache.nifi.vault.hashicorp.HashiCorpVaultParameterProvider
		org.apache.nifi:nifi-hashicorp-vault-nar:2.6.0 || ./work/nar/extensions/nifi-hashicorp-vault-nar-2.6.0.nar-unpacked
	org.apache.nifi.parameter.azure.AzureKeyVaultSecretsParameterProvider
		org.apache.nifi:nifi-azure-nar:2.6.0 || ./work/nar/extensions/nifi-azure-nar-2.6.0.nar-unpacked
	org.apache.nifi.parameter.aws.AwsSecretsManagerParameterProvider
		org.apache.nifi:nifi-aws-nar:2.6.0 || ./work/nar/extensions/nifi-aws-nar-2.6.0.nar-unpacked
	org.apache.nifi.parameter.KubernetesSecretParameterProvider
		org.apache.nifi:nifi-standard-nar:2.6.0 || ./work/nar/extensions/nifi-standard-nar-2.6.0.nar-unpacked
	org.apache.nifi.parameter.OnePasswordParameterProvider
		org.apache.nifi:nifi-standard-nar:2.6.0 || ./work/nar/extensions/nifi-standard-nar-2.6.0.nar-unpacked
	org.apache.nifi.parameter.gcp.GcpSecretManagerParameterProvider
		org.apache.nifi:nifi-gcp-nar:2.6.0 || ./work/nar/extensions/nifi-gcp-nar-2.6.0.nar-unpacked
	org.apache.nifi.parameter.DatabaseParameterProvider
		org.apache.nifi:nifi-standard-nar:2.6.0 || ./work/nar/extensions/nifi-standard-nar-2.6.0.nar-unpacked
	org.apache.nifi.parameter.EnvironmentVariableParameterProvider
		org.apache.nifi:nifi-standard-nar:2.6.0 || ./work/nar/extensions/nifi-standard-nar-2.6.0.nar-unpacked
	=== End ParameterProvider types ===
	=== ControllerService Type ===
	org.apache.nifi.json.JsonRecordSetWriter
		org.apache.nifi:nifi-record-serialization-services-nar:2.6.0 || ./work/nar/extensions/nifi-record-serialization-services-nar-2.6.0.nar-unpacked
	org.apache.nifi.processors.aws.s3.encryption.StandardS3EncryptionService
		org.apache.nifi:nifi-aws-nar:2.6.0 || ./work/nar/extensions/nifi-aws-nar-2.6.0.nar-unpacked
	org.apache.nifi.dbcp.DBCPConnectionPoolLookup
		org.apache.nifi:nifi-dbcp-service-nar:2.6.0 || ./work/nar/extensions/nifi-dbcp-service-nar-2.6.0.nar-unpacked
	org.apache.nifi.services.azure.data.explorer.StandardKustoIngestService
		org.apache.nifi:nifi-azure-nar:2.6.0 || ./work/nar/extensions/nifi-azure-nar-2.6.0.nar-unpacked
	org.apache.nifi.services.azure.storage.AzureBlobStorageFileResourceService
		org.apache.nifi:nifi-azure-nar:2.6.0 || ./work/nar/extensions/nifi-azure-nar-2.6.0.nar-unpacked
	org.apache.nifi.box.controllerservices.DeveloperBoxClientService
		org.apache.nifi:nifi-box-services-nar:2.6.0 || ./work/nar/extensions/nifi-box-services-nar-2.6.0.nar-unpacked
	org.apache.nifi.mongodb.MongoDBLookupService
		org.apache.nifi:nifi-mongodb-services-nar:2.6.0 || ./work/nar/extensions/nifi-mongodb-services-nar-2.6.0.nar-unpacked
	org.apache.nifi.confluent.schemaregistry.ConfluentEncodedSchemaReferenceWriter
		org.apache.nifi:nifi-confluent-platform-nar:2.6.0 || ./work/nar/extensions/nifi-confluent-platform-nar-2.6.0.nar-unpacked
	org.apache.nifi.vault.hashicorp.StandardHashiCorpVaultClientService
		org.apache.nifi:nifi-hashicorp-vault-nar:2.6.0 || ./work/nar/extensions/nifi-hashicorp-vault-nar-2.6.0.nar-unpacked
	org.apache.nifi.services.azure.storage.AzureStorageCredentialsControllerService_v12
		org.apache.nifi:nifi-azure-nar:2.6.0 || ./work/nar/extensions/nifi-azure-nar-2.6.0.nar-unpacked
	org.apache.nifi.syslog.SyslogReader
		org.apache.nifi:nifi-record-serialization-services-nar:2.6.0 || ./work/nar/extensions/nifi-record-serialization-services-nar-2.6.0.nar-unpacked
	org.apache.nifi.lookup.db.SimpleDatabaseLookupService
		org.apache.nifi:nifi-lookup-services-nar:2.6.0 || ./work/nar/extensions/nifi-lookup-services-nar-2.6.0.nar-unpacked
	org.apache.nifi.redis.service.RedisDistributedMapCacheClientService
		org.apache.nifi:nifi-redis-nar:2.6.0 || ./work/nar/extensions/nifi-redis-nar-2.6.0.nar-unpacked
	org.apache.nifi.record.sink.db.DatabaseRecordSink
		org.apache.nifi:nifi-dbcp-service-nar:2.6.0 || ./work/nar/extensions/nifi-dbcp-service-nar-2.6.0.nar-unpacked
	org.apache.nifi.kafka.service.Kafka3ConnectionService
		org.apache.nifi:nifi-kafka-3-service-nar:2.6.0 || ./work/nar/extensions/nifi-kafka-3-service-nar-2.6.0.nar-unpacked
	org.apache.nifi.yaml.YamlTreeReader
		org.apache.nifi:nifi-record-serialization-services-nar:2.6.0 || ./work/nar/extensions/nifi-record-serialization-services-nar-2.6.0.nar-unpacked
	org.apache.nifi.lookup.script.SimpleScriptedLookupService
		org.apache.nifi:nifi-scripting-nar:2.6.0 || ./work/nar/extensions/nifi-scripting-nar-2.6.0.nar-unpacked
	org.apache.nifi.jms.cf.JndiJmsConnectionFactoryProvider
		org.apache.nifi:nifi-jms-processors-nar:2.6.0 || ./work/nar/extensions/nifi-jms-processors-nar-2.6.0.nar-unpacked
	org.apache.nifi.proxy.StandardProxyConfigurationService
		org.apache.nifi:nifi-proxy-configuration-nar:2.6.0 || ./work/nar/extensions/nifi-proxy-configuration-nar-2.6.0.nar-unpacked
	org.apache.nifi.ssl.PEMEncodedSSLContextProvider
		org.apache.nifi:nifi-ssl-context-service-nar:2.6.0 || ./work/nar/extensions/nifi-ssl-context-service-nar-2.6.0.nar-unpacked
	org.apache.nifi.lookup.DistributedMapCacheLookupService
		org.apache.nifi:nifi-lookup-services-nar:2.6.0 || ./work/nar/extensions/nifi-lookup-services-nar-2.6.0.nar-unpacked
	org.apache.nifi.csv.CSVRecordSetWriter
		org.apache.nifi:nifi-record-serialization-services-nar:2.6.0 || ./work/nar/extensions/nifi-record-serialization-services-nar-2.6.0.nar-unpacked
	org.apache.nifi.services.azure.eventhub.AzureEventHubRecordSink
		org.apache.nifi:nifi-azure-nar:2.6.0 || ./work/nar/extensions/nifi-azure-nar-2.6.0.nar-unpacked
	org.apache.nifi.mongodb.MongoDBControllerService
		org.apache.nifi:nifi-mongodb-services-nar:2.6.0 || ./work/nar/extensions/nifi-mongodb-services-nar-2.6.0.nar-unpacked
	org.apache.nifi.lookup.SimpleCsvFileLookupService
		org.apache.nifi:nifi-lookup-services-nar:2.6.0 || ./work/nar/extensions/nifi-lookup-services-nar-2.6.0.nar-unpacked
	org.apache.nifi.services.slack.SlackRecordSink
		org.apache.nifi:nifi-slack-nar:2.6.0 || ./work/nar/extensions/nifi-slack-nar-2.6.0.nar-unpacked
	org.apache.nifi.schema.inference.VolatileSchemaCache
		org.apache.nifi:nifi-record-serialization-services-nar:2.6.0 || ./work/nar/extensions/nifi-record-serialization-services-nar-2.6.0.nar-unpacked
	org.apache.nifi.websocket.jetty.JettyWebSocketServer
		org.apache.nifi:nifi-websocket-services-jetty-nar:2.6.0 || ./work/nar/extensions/nifi-websocket-services-jetty-nar-2.6.0.nar-unpacked
	org.apache.nifi.elasticsearch.ElasticSearchClientServiceImpl
		org.apache.nifi:nifi-elasticsearch-client-service-nar:2.6.0 || ./work/nar/extensions/nifi-elasticsearch-client-service-nar-2.6.0.nar-unpacked
	org.apache.nifi.websocket.jetty.JettyWebSocketClient
		org.apache.nifi:nifi-websocket-services-jetty-nar:2.6.0 || ./work/nar/extensions/nifi-websocket-services-jetty-nar-2.6.0.nar-unpacked
	org.apache.nifi.record.sink.lookup.RecordSinkServiceLookup
		org.apache.nifi:nifi-record-sink-service-nar:2.6.0 || ./work/nar/extensions/nifi-record-sink-service-nar-2.6.0.nar-unpacked
	org.apache.nifi.elasticsearch.ElasticSearchLookupService
		org.apache.nifi:nifi-elasticsearch-client-service-nar:2.6.0 || ./work/nar/extensions/nifi-elasticsearch-client-service-nar-2.6.0.nar-unpacked
	org.apache.nifi.services.smb.SmbjClientProviderService
		org.apache.nifi:nifi-smb-smbj-client-nar:2.6.0 || ./work/nar/extensions/nifi-smb-smbj-client-nar-2.6.0.nar-unpacked
	org.apache.nifi.services.azure.storage.AzureStorageCredentialsControllerServiceLookup_v12
		org.apache.nifi:nifi-azure-nar:2.6.0 || ./work/nar/extensions/nifi-azure-nar-2.6.0.nar-unpacked
	org.apache.nifi.pgp.service.standard.StandardPGPPrivateKeyService
		org.apache.nifi:nifi-pgp-service-nar:2.6.0 || ./work/nar/extensions/nifi-pgp-service-nar-2.6.0.nar-unpacked
	org.apache.nifi.ssl.StandardRestrictedSSLContextService
		org.apache.nifi:nifi-ssl-context-service-nar:2.6.0 || ./work/nar/extensions/nifi-ssl-context-service-nar-2.6.0.nar-unpacked
	org.apache.nifi.fileresource.service.StandardFileResourceService
		org.apache.nifi:nifi-file-resource-service-nar:2.6.0 || ./work/nar/extensions/nifi-file-resource-service-nar-2.6.0.nar-unpacked
	org.apache.nifi.services.azure.storage.ADLSCredentialsControllerServiceLookup
		org.apache.nifi:nifi-azure-nar:2.6.0 || ./work/nar/extensions/nifi-azure-nar-2.6.0.nar-unpacked
	org.apache.nifi.kerberos.KerberosPasswordUserService
		org.apache.nifi:nifi-kerberos-user-service-nar:2.6.0 || ./work/nar/extensions/nifi-kerberos-user-service-nar-2.6.0.nar-unpacked
	org.apache.nifi.apicurio.schemaregistry.ApicurioSchemaRegistry
		org.apache.nifi:nifi-apicurio-nar:2.6.0 || ./work/nar/extensions/nifi-apicurio-nar-2.6.0.nar-unpacked
	org.apache.nifi.lookup.XMLFileLookupService
		org.apache.nifi:nifi-lookup-services-nar:2.6.0 || ./work/nar/extensions/nifi-lookup-services-nar-2.6.0.nar-unpacked
	org.apache.nifi.reporting.sink.SiteToSiteReportingRecordSink
		org.apache.nifi:nifi-site-to-site-reporting-nar:2.6.0 || ./work/nar/extensions/nifi-site-to-site-reporting-nar-2.6.0.nar-unpacked
	org.apache.nifi.lookup.maxmind.IPLookupService
		org.apache.nifi:nifi-lookup-services-nar:2.6.0 || ./work/nar/extensions/nifi-lookup-services-nar-2.6.0.nar-unpacked
	org.apache.nifi.services.zendesk.ZendeskRecordSink
		org.apache.nifi:nifi-zendesk-services-nar:2.6.0 || ./work/nar/extensions/nifi-zendesk-services-nar-2.6.0.nar-unpacked
	org.apache.nifi.distributed.cache.client.SetCacheClientService
		org.apache.nifi:nifi-distributed-cache-services-nar:2.6.0 || ./work/nar/extensions/nifi-distributed-cache-services-nar-2.6.0.nar-unpacked
	org.apache.nifi.elasticsearch.ElasticSearchStringLookupService
		org.apache.nifi:nifi-elasticsearch-client-service-nar:2.6.0 || ./work/nar/extensions/nifi-elasticsearch-client-service-nar-2.6.0.nar-unpacked
	org.apache.nifi.hazelcast.services.cachemanager.EmbeddedHazelcastCacheManager
		org.apache.nifi:nifi-hazelcast-services-nar:2.6.0 || ./work/nar/extensions/nifi-hazelcast-services-nar-2.6.0.nar-unpacked
	org.apache.nifi.aws.schemaregistry.AmazonGlueEncodedSchemaReferenceReader
		org.apache.nifi:nifi-aws-nar:2.6.0 || ./work/nar/extensions/nifi-aws-nar-2.6.0.nar-unpacked
	org.apache.nifi.record.sink.LoggingRecordSink
		org.apache.nifi:nifi-record-sink-service-nar:2.6.0 || ./work/nar/extensions/nifi-record-sink-service-nar-2.6.0.nar-unpacked
	org.apache.nifi.record.sink.event.UDPEventRecordSink
		org.apache.nifi:nifi-record-sink-service-nar:2.6.0 || ./work/nar/extensions/nifi-record-sink-service-nar-2.6.0.nar-unpacked
	org.apache.nifi.db.schemaregistry.DatabaseTableSchemaRegistry
		org.apache.nifi:nifi-db-schema-registry-service-nar:2.6.0 || ./work/nar/extensions/nifi-db-schema-registry-service-nar-2.6.0.nar-unpacked
	org.apache.nifi.record.sink.HttpRecordSink
		org.apache.nifi:nifi-record-sink-service-nar:2.6.0 || ./work/nar/extensions/nifi-record-sink-service-nar-2.6.0.nar-unpacked
	org.apache.nifi.cef.CEFReader
		org.apache.nifi:nifi-record-serialization-services-nar:2.6.0 || ./work/nar/extensions/nifi-record-serialization-services-nar-2.6.0.nar-unpacked
	org.apache.nifi.lookup.RecordSetWriterLookup
		org.apache.nifi:nifi-record-serialization-services-nar:2.6.0 || ./work/nar/extensions/nifi-record-serialization-services-nar-2.6.0.nar-unpacked
	org.apache.nifi.syslog.Syslog5424Reader
		org.apache.nifi:nifi-record-serialization-services-nar:2.6.0 || ./work/nar/extensions/nifi-record-serialization-services-nar-2.6.0.nar-unpacked
	org.apache.nifi.record.script.ScriptedRecordSetWriter
		org.apache.nifi:nifi-scripting-nar:2.6.0 || ./work/nar/extensions/nifi-scripting-nar-2.6.0.nar-unpacked
	org.apache.nifi.distributed.cache.server.SetCacheServer
		org.apache.nifi:nifi-distributed-cache-services-nar:2.6.0 || ./work/nar/extensions/nifi-distributed-cache-services-nar-2.6.0.nar-unpacked
	org.apache.nifi.schemaregistry.services.AvroSchemaRegistry
		org.apache.nifi:nifi-registry-nar:2.6.0 || ./work/nar/extensions/nifi-registry-nar-2.6.0.nar-unpacked
	org.apache.nifi.services.azure.storage.ADLSCredentialsControllerService
		org.apache.nifi:nifi-azure-nar:2.6.0 || ./work/nar/extensions/nifi-azure-nar-2.6.0.nar-unpacked
	org.apache.nifi.ssl.StandardSSLContextService
		org.apache.nifi:nifi-ssl-context-service-nar:2.6.0 || ./work/nar/extensions/nifi-ssl-context-service-nar-2.6.0.nar-unpacked
	org.apache.nifi.services.azure.StandardAzureCredentialsControllerService
		org.apache.nifi:nifi-azure-nar:2.6.0 || ./work/nar/extensions/nifi-azure-nar-2.6.0.nar-unpacked
	org.apache.nifi.database.dialect.service.StandardDatabaseDialectService
		org.apache.nifi:nifi-database-dialect-service-nar:2.6.0 || ./work/nar/extensions/nifi-database-dialect-service-nar-2.6.0.nar-unpacked
	org.apache.nifi.excel.ExcelReader
		org.apache.nifi:nifi-poi-nar:2.6.0 || ./work/nar/extensions/nifi-poi-nar-2.6.0.nar-unpacked
	org.apache.nifi.key.service.StandardPrivateKeyService
		org.apache.nifi:nifi-key-service-nar:2.6.0 || ./work/nar/extensions/nifi-key-service-nar-2.6.0.nar-unpacked
	org.apache.nifi.dbcp.HikariCPConnectionPool
		org.apache.nifi:nifi-dbcp-service-nar:2.6.0 || ./work/nar/extensions/nifi-dbcp-service-nar-2.6.0.nar-unpacked
	org.apache.nifi.kerberos.KerberosTicketCacheUserService
		org.apache.nifi:nifi-kerberos-user-service-nar:2.6.0 || ./work/nar/extensions/nifi-kerberos-user-service-nar-2.6.0.nar-unpacked
	org.apache.nifi.aws.schemaregistry.AmazonGlueSchemaRegistry
		org.apache.nifi:nifi-aws-nar:2.6.0 || ./work/nar/extensions/nifi-aws-nar-2.6.0.nar-unpacked
	org.apache.nifi.hazelcast.services.cacheclient.HazelcastMapCacheClient
		org.apache.nifi:nifi-hazelcast-services-nar:2.6.0 || ./work/nar/extensions/nifi-hazelcast-services-nar-2.6.0.nar-unpacked
	org.apache.nifi.dbcp.DBCPConnectionPool
		org.apache.nifi:nifi-dbcp-service-nar:2.6.0 || ./work/nar/extensions/nifi-dbcp-service-nar-2.6.0.nar-unpacked
	org.apache.nifi.processors.aws.credentials.provider.service.AWSCredentialsProviderControllerService
		org.apache.nifi:nifi-aws-nar:2.6.0 || ./work/nar/extensions/nifi-aws-nar-2.6.0.nar-unpacked
	org.apache.nifi.avro.AvroReader
		org.apache.nifi:nifi-record-serialization-services-nar:2.6.0 || ./work/nar/extensions/nifi-record-serialization-services-nar-2.6.0.nar-unpacked
	org.apache.nifi.oauth2.StandardOauth2AccessTokenProvider
		org.apache.nifi:nifi-oauth2-provider-nar:2.6.0 || ./work/nar/extensions/nifi-oauth2-provider-nar-2.6.0.nar-unpacked
	org.apache.nifi.redis.service.RedisConnectionPoolService
		org.apache.nifi:nifi-redis-nar:2.6.0 || ./work/nar/extensions/nifi-redis-nar-2.6.0.nar-unpacked
	org.apache.nifi.services.azure.data.explorer.StandardKustoQueryService
		org.apache.nifi:nifi-azure-nar:2.6.0 || ./work/nar/extensions/nifi-azure-nar-2.6.0.nar-unpacked
	org.apache.nifi.json.JsonPathReader
		org.apache.nifi:nifi-record-serialization-services-nar:2.6.0 || ./work/nar/extensions/nifi-record-serialization-services-nar-2.6.0.nar-unpacked
	org.apache.nifi.processors.aws.s3.service.S3FileResourceService
		org.apache.nifi:nifi-aws-nar:2.6.0 || ./work/nar/extensions/nifi-aws-nar-2.6.0.nar-unpacked
	org.apache.nifi.lookup.db.DatabaseRecordLookupService
		org.apache.nifi:nifi-lookup-services-nar:2.6.0 || ./work/nar/extensions/nifi-lookup-services-nar-2.6.0.nar-unpacked
	org.apache.nifi.services.protobuf.StandardProtobufReader
		org.apache.nifi:nifi-protobuf-services-nar:2.6.0 || ./work/nar/extensions/nifi-protobuf-services-nar-2.6.0.nar-unpacked
	org.apache.nifi.grok.GrokReader
		org.apache.nifi:nifi-record-serialization-services-nar:2.6.0 || ./work/nar/extensions/nifi-record-serialization-services-nar-2.6.0.nar-unpacked
	org.apache.nifi.services.dropbox.StandardDropboxCredentialService
		org.apache.nifi:nifi-dropbox-services-nar:2.6.0 || ./work/nar/extensions/nifi-dropbox-services-nar-2.6.0.nar-unpacked
	org.apache.nifi.text.FreeFormTextRecordSetWriter
		org.apache.nifi:nifi-record-serialization-services-nar:2.6.0 || ./work/nar/extensions/nifi-record-serialization-services-nar-2.6.0.nar-unpacked
	org.apache.nifi.xml.XMLRecordSetWriter
		org.apache.nifi:nifi-record-serialization-services-nar:2.6.0 || ./work/nar/extensions/nifi-record-serialization-services-nar-2.6.0.nar-unpacked
	org.apache.nifi.processors.gcp.storage.GCSFileResourceService
		org.apache.nifi:nifi-gcp-nar:2.6.0 || ./work/nar/extensions/nifi-gcp-nar-2.6.0.nar-unpacked
	org.apache.nifi.kafka.service.aws.AmazonMSKConnectionService
		org.apache.nifi:nifi-kafka-service-aws-nar:2.6.0 || ./work/nar/extensions/nifi-kafka-service-aws-nar-2.6.0.nar-unpacked
	org.apache.nifi.services.azure.cosmos.document.AzureCosmosDBClientService
		org.apache.nifi:nifi-azure-nar:2.6.0 || ./work/nar/extensions/nifi-azure-nar-2.6.0.nar-unpacked
	org.apache.nifi.http.StandardHttpContextMap
		org.apache.nifi:nifi-http-context-map-nar:2.6.0 || ./work/nar/extensions/nifi-http-context-map-nar-2.6.0.nar-unpacked
	org.apache.nifi.distributed.cache.client.MapCacheClientService
		org.apache.nifi:nifi-distributed-cache-services-nar:2.6.0 || ./work/nar/extensions/nifi-distributed-cache-services-nar-2.6.0.nar-unpacked
	org.apache.nifi.kerberos.KerberosKeytabUserService
		org.apache.nifi:nifi-kerberos-user-service-nar:2.6.0 || ./work/nar/extensions/nifi-kerberos-user-service-nar-2.6.0.nar-unpacked
	org.apache.nifi.services.azure.storage.AzureDataLakeStorageFileResourceService
		org.apache.nifi:nifi-azure-nar:2.6.0 || ./work/nar/extensions/nifi-azure-nar-2.6.0.nar-unpacked
	org.apache.nifi.services.protobuf.ProtobufReader
		org.apache.nifi:nifi-protobuf-services-nar:2.6.0 || ./work/nar/extensions/nifi-protobuf-services-nar-2.6.0.nar-unpacked
	org.apache.nifi.lookup.SimpleKeyValueLookupService
		org.apache.nifi:nifi-lookup-services-nar:2.6.0 || ./work/nar/extensions/nifi-lookup-services-nar-2.6.0.nar-unpacked
	org.apache.nifi.csv.CSVReader
		org.apache.nifi:nifi-record-serialization-services-nar:2.6.0 || ./work/nar/extensions/nifi-record-serialization-services-nar-2.6.0.nar-unpacked
	org.apache.nifi.lookup.RestLookupService
		org.apache.nifi:nifi-lookup-services-nar:2.6.0 || ./work/nar/extensions/nifi-lookup-services-nar-2.6.0.nar-unpacked
	org.apache.nifi.processors.gcp.credentials.service.GCPCredentialsControllerService
		org.apache.nifi:nifi-gcp-nar:2.6.0 || ./work/nar/extensions/nifi-gcp-nar-2.6.0.nar-unpacked
	org.apache.nifi.avro.AvroRecordSetWriter
		org.apache.nifi:nifi-record-serialization-services-nar:2.6.0 || ./work/nar/extensions/nifi-record-serialization-services-nar-2.6.0.nar-unpacked
	org.apache.nifi.confluent.schemaregistry.ConfluentProtobufMessageNameResolver
		org.apache.nifi:nifi-confluent-platform-nar:2.6.0 || ./work/nar/extensions/nifi-confluent-platform-nar-2.6.0.nar-unpacked
	org.apache.nifi.record.sink.EmailRecordSink
		org.apache.nifi:nifi-record-sink-service-nar:2.6.0 || ./work/nar/extensions/nifi-record-sink-service-nar-2.6.0.nar-unpacked
	org.apache.nifi.windowsevent.WindowsEventLogReader
		org.apache.nifi:nifi-record-serialization-services-nar:2.6.0 || ./work/nar/extensions/nifi-record-serialization-services-nar-2.6.0.nar-unpacked
	org.apache.nifi.hazelcast.services.cachemanager.ExternalHazelcastCacheManager
		org.apache.nifi:nifi-hazelcast-services-nar:2.6.0 || ./work/nar/extensions/nifi-hazelcast-services-nar-2.6.0.nar-unpacked
	org.apache.nifi.distributed.cache.server.map.MapCacheServer
		org.apache.nifi:nifi-distributed-cache-services-nar:2.6.0 || ./work/nar/extensions/nifi-distributed-cache-services-nar-2.6.0.nar-unpacked
	org.apache.nifi.xml.XMLReader
		org.apache.nifi:nifi-record-serialization-services-nar:2.6.0 || ./work/nar/extensions/nifi-record-serialization-services-nar-2.6.0.nar-unpacked
	org.apache.nifi.schemaregistry.services.StandardJsonSchemaRegistry
		org.apache.nifi:nifi-registry-nar:2.6.0 || ./work/nar/extensions/nifi-registry-nar-2.6.0.nar-unpacked
	org.apache.nifi.record.script.ScriptedReader
		org.apache.nifi:nifi-scripting-nar:2.6.0 || ./work/nar/extensions/nifi-scripting-nar-2.6.0.nar-unpacked
	org.apache.nifi.redis.service.SimpleRedisDistributedMapCacheClientService
		org.apache.nifi:nifi-redis-nar:2.6.0 || ./work/nar/extensions/nifi-redis-nar-2.6.0.nar-unpacked
	org.apache.nifi.lookup.CSVRecordLookupService
		org.apache.nifi:nifi-lookup-services-nar:2.6.0 || ./work/nar/extensions/nifi-lookup-services-nar-2.6.0.nar-unpacked
	org.apache.nifi.pgp.service.standard.StandardPGPPublicKeyService
		org.apache.nifi:nifi-pgp-service-nar:2.6.0 || ./work/nar/extensions/nifi-pgp-service-nar-2.6.0.nar-unpacked
	org.apache.nifi.lookup.script.ScriptedLookupService
		org.apache.nifi:nifi-scripting-nar:2.6.0 || ./work/nar/extensions/nifi-scripting-nar-2.6.0.nar-unpacked
	org.apache.nifi.controller.asana.StandardAsanaClientProviderService
		org.apache.nifi:nifi-asana-services-nar:2.6.0 || ./work/nar/extensions/nifi-asana-services-nar-2.6.0.nar-unpacked
	org.apache.nifi.confluent.schemaregistry.ConfluentSchemaRegistry
		org.apache.nifi:nifi-confluent-platform-nar:2.6.0 || ./work/nar/extensions/nifi-confluent-platform-nar-2.6.0.nar-unpacked
	org.apache.nifi.jms.cf.JMSConnectionFactoryProvider
		org.apache.nifi:nifi-jms-processors-nar:2.6.0 || ./work/nar/extensions/nifi-jms-processors-nar-2.6.0.nar-unpacked
	org.apache.nifi.confluent.schemaregistry.ConfluentEncodedSchemaReferenceReader
		org.apache.nifi:nifi-confluent-platform-nar:2.6.0 || ./work/nar/extensions/nifi-confluent-platform-nar-2.6.0.nar-unpacked
	org.apache.nifi.web.client.provider.service.StandardWebClientServiceProvider
		org.apache.nifi:nifi-web-client-provider-service-nar:2.6.0 || ./work/nar/extensions/nifi-web-client-provider-service-nar-2.6.0.nar-unpacked
	org.apache.nifi.lookup.PropertiesFileLookupService
		org.apache.nifi:nifi-lookup-services-nar:2.6.0 || ./work/nar/extensions/nifi-lookup-services-nar-2.6.0.nar-unpacked
	org.apache.nifi.box.controllerservices.JsonConfigBasedBoxClientService
		org.apache.nifi:nifi-box-services-nar:2.6.0 || ./work/nar/extensions/nifi-box-services-nar-2.6.0.nar-unpacked
	org.apache.nifi.json.JsonTreeReader
		org.apache.nifi:nifi-record-serialization-services-nar:2.6.0 || ./work/nar/extensions/nifi-record-serialization-services-nar-2.6.0.nar-unpacked
	org.apache.nifi.record.sink.script.ScriptedRecordSink
		org.apache.nifi:nifi-scripting-nar:2.6.0 || ./work/nar/extensions/nifi-scripting-nar-2.6.0.nar-unpacked
	org.apache.nifi.lookup.ReaderLookup
		org.apache.nifi:nifi-record-serialization-services-nar:2.6.0 || ./work/nar/extensions/nifi-record-serialization-services-nar-2.6.0.nar-unpacked
	org.apache.nifi.oauth2.JWTBearerOAuth2AccessTokenProvider
		org.apache.nifi:nifi-oauth2-provider-nar:2.6.0 || ./work/nar/extensions/nifi-oauth2-provider-nar-2.6.0.nar-unpacked
	=== End ControllerService types ===
	=== StatusAnalyticsModel Type ===
	org.apache.nifi.controller.status.analytics.models.OrdinaryLeastSquares
		org.apache.nifi:nifi-framework-nar:2.6.0 || ./work/nar/framework/nifi-framework-nar-2.6.0.nar-unpacked
	org.apache.nifi.controller.status.analytics.models.SimpleRegression
		org.apache.nifi:nifi-framework-nar:2.6.0 || ./work/nar/framework/nifi-framework-nar-2.6.0.nar-unpacked
	=== End StatusAnalyticsModel types ===
	=== FlowFilePrioritizer Type ===
	org.apache.nifi.prioritizer.NewestFlowFileFirstPrioritizer
		org.apache.nifi:nifi-framework-nar:2.6.0 || ./work/nar/framework/nifi-framework-nar-2.6.0.nar-unpacked
	org.apache.nifi.prioritizer.FirstInFirstOutPrioritizer
		org.apache.nifi:nifi-framework-nar:2.6.0 || ./work/nar/framework/nifi-framework-nar-2.6.0.nar-unpacked
	org.apache.nifi.prioritizer.PriorityAttributePrioritizer
		org.apache.nifi:nifi-framework-nar:2.6.0 || ./work/nar/framework/nifi-framework-nar-2.6.0.nar-unpacked
	org.apache.nifi.prioritizer.OldestFlowFileFirstPrioritizer
		org.apache.nifi:nifi-framework-nar:2.6.0 || ./work/nar/framework/nifi-framework-nar-2.6.0.nar-unpacked
	=== End FlowFilePrioritizer types ===
	=== NarPersistenceProvider Type ===
	org.apache.nifi.nar.StandardNarPersistenceProvider
		org.apache.nifi:nifi-framework-nar:2.6.0 || ./work/nar/framework/nifi-framework-nar-2.6.0.nar-unpacked
	=== End NarPersistenceProvider types ===
	=== FlowFileSwapManager Type ===
	org.apache.nifi.controller.FileSystemSwapManager
		org.apache.nifi:nifi-framework-nar:2.6.0 || ./work/nar/framework/nifi-framework-nar-2.6.0.nar-unpacked
	=== End FlowFileSwapManager types ===
2025-10-16 10:48:00,992 INFO [main] o.a.n.f.r.CompositeExternalResourceProviderService Starting External Resource Provider Service ...
2025-10-16 10:48:00,992 INFO [main] o.a.n.f.r.CompositeExternalResourceProviderService External Resource Provider Service is started successfully
2025-10-16 10:48:00,992 INFO [main] org.apache.nifi.nar.NarAutoLoader Found 0 initial NARs from directory nar_extensions
2025-10-16 10:48:00,994 INFO [main] org.apache.nifi.nar.NarAutoLoader Starting NAR Auto-Loader Thread for directory /opt/nifi/nifi-current/nar_extensions ...
2025-10-16 10:48:00,995 INFO [main] org.eclipse.jetty.server.Server jetty-12.0.27; built: 2025-09-10T23:47:49.595Z; git: 3569a3e83ad136ee44e26b370b74c1c5e9f33e61; jvm 21.0.8+12-LTS
2025-10-16 10:48:01,330 INFO [main] o.e.j.session.DefaultSessionIdManager Session workerName=node0
2025-10-16 10:48:01,333 INFO [main] o.e.jetty.server.handler.ContextHandler Started oeje10w.WebAppContext@5d9bb69b{/nifi-standard-content-viewer-2.6.0,/nifi-standard-content-viewer-2.6.0,b=file:///opt/nifi/nifi-current/work/jetty/nifi-standard-content-viewer-2.6.0.war/webapp/,a=AVAILABLE,h=oeje10s.SessionHandler@fd5689d{STARTED}}{./work/nar/extensions/nifi-standard-content-viewer-nar-2.6.0.nar-unpacked/NAR-INF/bundled-dependencies/nifi-standard-content-viewer-2.6.0.war}
2025-10-16 10:48:01,335 INFO [main] o.a.n.w.c.v.StandardServletContextListener Standard Content Viewer Initialized
2025-10-16 10:48:01,352 INFO [main] o.e.j.ee10.servlet.ServletContextHandler Started oeje10w.WebAppContext@5d9bb69b{/nifi-standard-content-viewer-2.6.0,/nifi-standard-content-viewer-2.6.0,b=file:///opt/nifi/nifi-current/work/jetty/nifi-standard-content-viewer-2.6.0.war/webapp/,a=AVAILABLE,h=oeje10s.SessionHandler@fd5689d{STARTED}}{./work/nar/extensions/nifi-standard-content-viewer-nar-2.6.0.nar-unpacked/NAR-INF/bundled-dependencies/nifi-standard-content-viewer-2.6.0.war}
2025-10-16 10:48:01,613 INFO [main] o.e.jetty.server.handler.ContextHandler Started oeje10w.WebAppContext@35524549{/nifi-jolt-transform-json-ui-2.6.0,/nifi-jolt-transform-json-ui-2.6.0,b=file:///opt/nifi/nifi-current/work/jetty/nifi-jolt-transform-json-ui-2.6.0.war/webapp/,a=AVAILABLE,h=oeje10s.SessionHandler@31fe0ce5{STARTED}}{./work/nar/extensions/nifi-jolt-nar-2.6.0.nar-unpacked/NAR-INF/bundled-dependencies/nifi-jolt-transform-json-ui-2.6.0.war}
2025-10-16 10:48:01,615 INFO [main] o.e.j.ee10.servlet.ServletContextHandler Started oeje10w.WebAppContext@35524549{/nifi-jolt-transform-json-ui-2.6.0,/nifi-jolt-transform-json-ui-2.6.0,b=file:///opt/nifi/nifi-current/work/jetty/nifi-jolt-transform-json-ui-2.6.0.war/webapp/,a=AVAILABLE,h=oeje10s.SessionHandler@31fe0ce5{STARTED}}{./work/nar/extensions/nifi-jolt-nar-2.6.0.nar-unpacked/NAR-INF/bundled-dependencies/nifi-jolt-transform-json-ui-2.6.0.war}
2025-10-16 10:48:01,840 INFO [main] o.e.jetty.server.handler.ContextHandler Started oeje10w.WebAppContext@335972a5{/nifi-update-attribute-ui-2.6.0,/nifi-update-attribute-ui-2.6.0,b=file:///opt/nifi/nifi-current/work/jetty/nifi-update-attribute-ui-2.6.0.war/webapp/,a=AVAILABLE,h=oeje10s.SessionHandler@1191029d{STARTED}}{./work/nar/extensions/nifi-update-attribute-nar-2.6.0.nar-unpacked/NAR-INF/bundled-dependencies/nifi-update-attribute-ui-2.6.0.war}
2025-10-16 10:48:01,842 INFO [main] o.e.j.ee10.servlet.ServletContextHandler Started oeje10w.WebAppContext@335972a5{/nifi-update-attribute-ui-2.6.0,/nifi-update-attribute-ui-2.6.0,b=file:///opt/nifi/nifi-current/work/jetty/nifi-update-attribute-ui-2.6.0.war/webapp/,a=AVAILABLE,h=oeje10s.SessionHandler@1191029d{STARTED}}{./work/nar/extensions/nifi-update-attribute-nar-2.6.0.nar-unpacked/NAR-INF/bundled-dependencies/nifi-update-attribute-ui-2.6.0.war}
2025-10-16 10:48:01,964 INFO [main] o.e.j.s.handler.ContextHandler._nifi_api No Spring WebApplicationInitializer types detected on classpath
2025-10-16 10:48:01,986 INFO [main] o.e.jetty.server.handler.ContextHandler Started oeje10w.WebAppContext@17e6b7e4{nifi-api,/nifi-api,b=file:///opt/nifi/nifi-current/work/jetty/nifi-web-api-2.6.0.war/webapp/,a=AVAILABLE,h=oeje10s.SessionHandler@34eb5d01{STARTED}}{./work/nar/extensions/nifi-server-nar-2.6.0.nar-unpacked/NAR-INF/bundled-dependencies/nifi-web-api-2.6.0.war}
2025-10-16 10:48:01,986 INFO [main] o.e.j.s.handler.ContextHandler._nifi_api Initializing Spring root WebApplicationContext
2025-10-16 10:48:02,460 INFO [main] o.a.nifi.properties.NiFiPropertiesLoader Loading Application Properties [/opt/nifi/nifi-current/conf/nifi.properties]
2025-10-16 10:48:02,555 INFO [main] o.a.n.wali.SequentialAccessWriteAheadLog Recovering records from Write-Ahead Log at ./state/local
2025-10-16 10:48:02,556 INFO [main] org.apache.nifi.wali.HashMapSnapshot org.apache.nifi.wali.HashMapSnapshot@5ad13be4 restored 2 Records and 0 Swap Files from Snapshot, ending with Transaction ID 1
2025-10-16 10:48:02,556 INFO [main] o.a.n.wali.SequentialAccessWriteAheadLog Successfully recovered 2 records and 0 swap files from Snapshot at ./state/local/checkpoint with Max Transaction ID of 1 in 1 milliseconds. Now recovering records from 1 journal files
2025-10-16 10:48:02,557 INFO [main] o.a.nifi.wali.LengthDelimitedJournal Recovering records from journal ./state/local/journals/2.journal
2025-10-16 10:48:02,558 INFO [main] o.a.nifi.wali.LengthDelimitedJournal Successfully recovered 0 updates from journal ./state/local/journals/2.journal
2025-10-16 10:48:02,558 INFO [main] o.a.n.wali.SequentialAccessWriteAheadLog Successfully recovered 2 records in 3 milliseconds. Now checkpointing to ensure that Write-Ahead Log is in a consistent state
2025-10-16 10:48:02,560 INFO [main] o.a.n.wali.SequentialAccessWriteAheadLog Checkpointed Write-Ahead Log with 2 Records and 0 Swap Files in 1 milliseconds (Stop-the-world time = 0 milliseconds), max Transaction ID 1
2025-10-16 10:48:02,737 INFO [main] jetbrains.exodus.env.EnvironmentImpl Exodus environment created: ./database_repository
2025-10-16 10:48:02,783 INFO [main] o.a.n.a.service.EntityStoreAuditService Environment configured with directory [./database_repository]
2025-10-16 10:48:03,751 INFO [main] o.a.n.c.r.WriteAheadFlowFileRepository Initialized FlowFile Repository
2025-10-16 10:48:03,752 INFO [main] o.apache.nifi.controller.FlowController Creating Provenance Repository [org.apache.nifi.provenance.WriteAheadProvenanceRepository]
2025-10-16 10:48:03,768 INFO [main] o.a.n.p.store.WriteAheadStorePartition After recovering ./provenance_repository, next Event ID to be generated will be 0
2025-10-16 10:48:03,769 INFO [main] o.a.n.p.index.lucene.LuceneEventIndex Will avoid re-indexing Provenance Events because the newest index is defunct, so it will be re-indexed in the background
2025-10-16 10:48:03,770 INFO [main] o.apache.nifi.controller.FlowController Creating Content Repository [org.apache.nifi.controller.repository.FileSystemRepository]
2025-10-16 10:48:03,772 INFO [main] o.a.n.c.repository.FileSystemRepository Maximum Threshold for Container default set to 29412863508 bytes; if volume exceeds this size, archived data will be deleted until it no longer exceeds this size
2025-10-16 10:48:03,772 INFO [main] o.a.n.c.repository.FileSystemRepository Initializing FileSystemRepository with 'Always Sync' set to false
2025-10-16 10:48:04,060 INFO [main] org.apache.nifi.py4j.PythonProcess Launching Python Process python3 /opt/nifi/nifi-current/./python/framework/Controller.py with working directory ./work/python/controller to communicate with Java on Port 38759
2025-10-16 10:48:04,164 INFO [python-log-128] org.apache.nifi.py4j.Controller Listening for requests from Java side using Python Port 43133, communicating with Java on port 38759
2025-10-16 10:48:04,182 INFO [main] org.apache.nifi.py4j.PythonProcess Successfully started and pinged Python Server. Python Process = Process[pid=128, exitValue="not exited"]
2025-10-16 10:48:04,397 INFO [main] o.a.n.n.NarPersistenceProviderFactoryBean Creating NAR Persistence Provider [org.apache.nifi.nar.StandardNarPersistenceProvider]
2025-10-16 10:48:04,398 INFO [main] o.a.n.nar.StandardNarPersistenceProvider Loaded persistence info for 0 NARs
2025-10-16 10:48:04,398 INFO [main] o.a.n.nar.StandardNarPersistenceProvider Initialization completed with storage location [/opt/nifi/nifi-current/./nar_repository]
2025-10-16 10:48:04,403 INFO [main] org.apache.nifi.nar.StandardNarManager Loading stored NAR files [0]
2025-10-16 10:48:05,361 INFO [main] o.s.s.c.a.a.c.InitializeAuthenticationProviderBeanManagerConfigurer$InitializeAuthenticationProviderManagerConfigurer Found 5 AuthenticationProvider beans, with names [anonymousAuthenticationProvider, jwtAuthenticationProvider, oidcAuthorizationCodeAuthenticationProvider, openSamlAuthenticationProvider, x509AuthenticationProvider]. Global Authentication Manager will not be configured with AuthenticationProviders. Consider publishing a single AuthenticationProvider bean, or wiring your Providers directly using the DSL.
2025-10-16 10:48:05,448 INFO [main] o.a.n.w.c.ApplicationStartupContextListener Starting Flow Controller...
2025-10-16 10:48:05,460 INFO [main] o.a.n.c.s.VersionedFlowSynchronizer Synchronizing FlowController with proposed flow: Controller Already Synchronized = false
2025-10-16 10:48:05,468 INFO [main] o.apache.nifi.controller.FlowController [Timer Driven] Maximum Thread Count updated [10] previous [10]
2025-10-16 10:48:05,479 INFO [main] o.a.n.f.s.StandardVersionedComponentSynchronizer No differences between current flow and proposed flow for StandardProcessGroup[identifier=ec99cb47-0199-1000-d94d-21aef1a8be41,name=NiFi Flow]
2025-10-16 10:48:05,483 INFO [main] o.a.n.c.s.VersionedFlowSynchronizer Successfully synchronized dataflow with the proposed flow in 32 millis
2025-10-16 10:48:05,483 INFO [main] o.apache.nifi.controller.FlowController Successfully synchronized controller with proposed flow. Flow contains the following number of components: {Processors=0, Controller Services=0, Reporting Tasks=0, Flow Analysis Rules=0, Process Groups=0, Remote Process Groups=0, Parameter Providers=0, Flow Registry Clients=0, Local Input Ports=0, Local Output Ports=0, Public Input Ports=0, Public Output Ports=0}
2025-10-16 10:48:05,491 INFO [main] o.a.n.wali.SequentialAccessWriteAheadLog Recovering records from Write-Ahead Log at ./flowfile_repository
2025-10-16 10:48:05,494 INFO [main] org.apache.nifi.wali.HashMapSnapshot org.apache.nifi.wali.HashMapSnapshot@6026c754 restored 0 Records and 0 Swap Files from Snapshot, ending with Transaction ID -1
2025-10-16 10:48:05,494 INFO [main] o.a.n.wali.SequentialAccessWriteAheadLog Successfully recovered 0 records and 0 swap files from Snapshot at ./flowfile_repository/checkpoint with Max Transaction ID of -1 in 2 milliseconds. Now recovering records from 1 journal files
2025-10-16 10:48:05,494 INFO [main] o.a.nifi.wali.LengthDelimitedJournal Recovering records from journal ./flowfile_repository/journals/0.journal
2025-10-16 10:48:05,495 INFO [main] o.a.nifi.wali.LengthDelimitedJournal Successfully recovered 0 updates from journal ./flowfile_repository/journals/0.journal
2025-10-16 10:48:05,495 INFO [main] o.a.n.wali.SequentialAccessWriteAheadLog Successfully recovered 0 records in 3 milliseconds. Now checkpointing to ensure that Write-Ahead Log is in a consistent state
2025-10-16 10:48:05,497 INFO [main] o.a.n.wali.SequentialAccessWriteAheadLog Checkpointed Write-Ahead Log with 0 Records and 0 Swap Files in 1 milliseconds (Stop-the-world time = 0 milliseconds), max Transaction ID -1
2025-10-16 10:48:05,497 INFO [main] o.a.n.c.r.WriteAheadFlowFileRepository Successfully restored 0 FlowFiles and 0 Swap Files
2025-10-16 10:48:05,644 INFO [main] o.apache.nifi.controller.FlowController Scheduled Flow Registry synchronization every 30 min
2025-10-16 10:48:05,647 INFO [main] o.apache.nifi.controller.FlowController Performed initial validation of all components in 1 milliseconds
2025-10-16 10:48:05,647 INFO [main] o.apache.nifi.controller.FlowController Starting 0 Stateless Process Groups
2025-10-16 10:48:05,647 INFO [main] o.apache.nifi.controller.FlowController Starting 0 processors/ports/funnels
2025-10-16 10:48:05,647 INFO [main] o.apache.nifi.controller.FlowController Started 0 Remote Group Ports transmitting
2025-10-16 10:48:05,647 INFO [main] o.a.n.w.c.ApplicationStartupContextListener Flow Controller started successfully.
2025-10-16 10:48:06,009 INFO [main] o.e.j.ee10.servlet.ServletContextHandler Started oeje10w.WebAppContext@17e6b7e4{nifi-api,/nifi-api,b=file:///opt/nifi/nifi-current/work/jetty/nifi-web-api-2.6.0.war/webapp/,a=AVAILABLE,h=oeje10s.SessionHandler@34eb5d01{STARTED}}{./work/nar/extensions/nifi-server-nar-2.6.0.nar-unpacked/NAR-INF/bundled-dependencies/nifi-web-api-2.6.0.war}
2025-10-16 10:48:06,160 INFO [main] o.e.j.s.handler.ContextHandler._nifi No Spring WebApplicationInitializer types detected on classpath
2025-10-16 10:48:06,160 INFO [main] o.e.jetty.server.handler.ContextHandler Started oeje10w.WebAppContext@7294e45b{/nifi,/nifi,b=file:///opt/nifi/nifi-current/work/jetty/nifi-ui-2.6.0.war/webapp/,a=AVAILABLE,h=oeje10s.SessionHandler@1765ca4d{STARTED}}{./work/nar/extensions/nifi-server-nar-2.6.0.nar-unpacked/NAR-INF/bundled-dependencies/nifi-ui-2.6.0.war}
2025-10-16 10:48:06,161 INFO [main] o.e.j.ee10.servlet.ServletContextHandler Started oeje10w.WebAppContext@7294e45b{/nifi,/nifi,b=file:///opt/nifi/nifi-current/work/jetty/nifi-ui-2.6.0.war/webapp/,a=AVAILABLE,h=oeje10s.SessionHandler@1765ca4d{STARTED}}{./work/nar/extensions/nifi-server-nar-2.6.0.nar-unpacked/NAR-INF/bundled-dependencies/nifi-ui-2.6.0.war}
2025-10-16 10:48:06,166 INFO [main] o.eclipse.jetty.server.AbstractConnector Started ServerConnector@691cfa93{SSL, (ssl, alpn, h2, http/1.1)}{a1f0b4a403e1:8443}
2025-10-16 10:48:06,167 INFO [main] org.eclipse.jetty.server.Server Started oejs.Server@4cc7e3ad{STARTING}[12.0.27,sto=0] @8989ms
2025-10-16 10:48:06,167 INFO [main] org.apache.nifi.web.server.JettyServer Started Server on https://a1f0b4a403e1:8443/nifi
2025-10-16 10:48:06,172 INFO [main] o.a.n.runtime.StandardManagementServer Started Management Server on http://127.0.0.1:52020
2025-10-16 10:48:06,173 INFO [main] org.apache.nifi.runtime.Application Started Application in 8.79 seconds (8790809004 ns)
2025-10-16 10:48:25,500 INFO [Checkpoint FlowFile Repository] o.a.n.c.r.WriteAheadFlowFileRepository Initiating checkpoint of FlowFile Repository
2025-10-16 10:48:25,502 INFO [Checkpoint FlowFile Repository] o.a.n.c.r.WriteAheadFlowFileRepository Successfully checkpointed FlowFile Repository with 0 records in 0 milliseconds
2025-10-16 10:48:45,504 INFO [Checkpoint FlowFile Repository] o.a.n.c.r.WriteAheadFlowFileRepository Initiating checkpoint of FlowFile Repository
2025-10-16 10:48:45,506 INFO [Checkpoint FlowFile Repository] o.a.n.c.r.WriteAheadFlowFileRepository Successfully checkpointed FlowFile Repository with 0 records in 0 milliseconds
2025-10-16 10:49:04,240 INFO [Cleanup Archive for default] o.a.n.c.repository.FileSystemRepository Successfully deleted 0 files (0 bytes) from archive
2025-10-16 10:49:04,241 INFO [Cleanup Archive for default] o.a.n.c.repository.FileSystemRepository Archive cleanup completed for container default; will now allow writing to this container. Bytes used = 177.75 GB, bytes free = 50.53 GB, capacity = 228.27 GB
2025-10-16 10:49:05,509 INFO [Checkpoint FlowFile Repository] o.a.n.c.r.WriteAheadFlowFileRepository Initiating checkpoint of FlowFile Repository
2025-10-16 10:49:05,509 INFO [Checkpoint FlowFile Repository] o.a.n.c.r.WriteAheadFlowFileRepository Successfully checkpointed FlowFile Repository with 0 records in 0 milliseconds
2025-10-16 10:49:25,500 INFO [ShutdownCommand] o.a.nifi.runtime.command.ShutdownCommand Application shutdown started
2025-10-16 10:49:25,501 INFO [ShutdownCommand] o.a.n.runtime.StandardManagementServer Management Server stopped
2025-10-16 10:49:25,501 INFO [ShutdownCommand] org.eclipse.jetty.server.Server Stopped oejs.Server@4cc7e3ad{STOPPING}[12.0.27,sto=0]
2025-10-16 10:49:25,506 INFO [ShutdownCommand] o.eclipse.jetty.server.AbstractConnector Stopped ServerConnector@691cfa93{SSL, (ssl, alpn, h2, http/1.1)}{a1f0b4a403e1:8443}
2025-10-16 10:49:25,510 INFO [Checkpoint FlowFile Repository] o.a.n.c.r.WriteAheadFlowFileRepository Initiating checkpoint of FlowFile Repository
2025-10-16 10:49:25,512 INFO [Checkpoint FlowFile Repository] o.a.n.c.r.WriteAheadFlowFileRepository Successfully checkpointed FlowFile Repository with 0 records in 0 milliseconds
2025-10-16 10:49:25,525 INFO [ShutdownCommand] o.e.j.ee10.servlet.ServletContextHandler Stopped oeje10w.WebAppContext@7294e45b{/nifi,/nifi,b=null,a=AVAILABLE,h=oeje10s.SessionHandler@1765ca4d{STOPPED}}{./work/nar/extensions/nifi-server-nar-2.6.0.nar-unpacked/NAR-INF/bundled-dependencies/nifi-ui-2.6.0.war}
2025-10-16 10:49:25,536 INFO [ShutdownCommand] o.a.n.w.c.ApplicationStartupContextListener Flow Service shutdown started
2025-10-16 10:49:25,536 INFO [ShutdownCommand] o.apache.nifi.controller.FlowController Initiating shutdown of FlowController...
2025-10-16 10:49:25,541 INFO [ShutdownCommand] o.apache.nifi.controller.FlowController Initiated graceful shutdown of flow controller...waiting up to 10 seconds
2025-10-16 10:49:25,541 INFO [ShutdownCommand] o.apache.nifi.controller.FlowController Controller has been terminated successfully.
2025-10-16 10:49:25,541 INFO [ShutdownCommand] o.apache.nifi.py4j.StandardPythonBridge Shutting down Python Server
2025-10-16 10:49:25,541 INFO [ShutdownCommand] org.apache.nifi.py4j.PythonProcess Shutting down Python Process Process[pid=128, exitValue="not exited"]
2025-10-16 10:49:25,543 INFO [ShutdownCommand] o.apache.nifi.py4j.StandardPythonBridge Successfully shutdown Python Server
2025-10-16 10:49:25,545 INFO [ForkJoinPool.commonPool-worker-1] org.apache.nifi.py4j.PythonProcess Python Process Process[pid=128, exitValue=137] exited with code 137
2025-10-16 10:49:25,555 INFO [ShutdownCommand] o.a.n.w.c.ApplicationStartupContextListener Flow Service shutdown completed
2025-10-16 10:49:25,556 INFO [ShutdownCommand] o.e.j.s.handler.ContextHandler._nifi_api Closing Spring root WebApplicationContext
2025-10-16 10:49:25,602 INFO [ShutdownCommand] o.a.n.a.service.EntityStoreAuditService Environment closed
2025-10-16 10:49:25,610 INFO [ShutdownCommand] o.e.j.ee10.servlet.ServletContextHandler Stopped oeje10w.WebAppContext@17e6b7e4{nifi-api,/nifi-api,b=null,a=AVAILABLE,h=oeje10s.SessionHandler@34eb5d01{STOPPED}}{./work/nar/extensions/nifi-server-nar-2.6.0.nar-unpacked/NAR-INF/bundled-dependencies/nifi-web-api-2.6.0.war}
2025-10-16 10:49:25,612 INFO [ShutdownCommand] o.e.j.ee10.servlet.ServletContextHandler Stopped oeje10w.WebAppContext@335972a5{/nifi-update-attribute-ui-2.6.0,/nifi-update-attribute-ui-2.6.0,b=null,a=AVAILABLE,h=oeje10s.SessionHandler@1191029d{STOPPED}}{./work/nar/extensions/nifi-update-attribute-nar-2.6.0.nar-unpacked/NAR-INF/bundled-dependencies/nifi-update-attribute-ui-2.6.0.war}
2025-10-16 10:49:25,615 INFO [ShutdownCommand] o.e.j.ee10.servlet.ServletContextHandler Stopped oeje10w.WebAppContext@35524549{/nifi-jolt-transform-json-ui-2.6.0,/nifi-jolt-transform-json-ui-2.6.0,b=null,a=AVAILABLE,h=oeje10s.SessionHandler@31fe0ce5{STOPPED}}{./work/nar/extensions/nifi-jolt-nar-2.6.0.nar-unpacked/NAR-INF/bundled-dependencies/nifi-jolt-transform-json-ui-2.6.0.war}
2025-10-16 10:49:25,617 INFO [ShutdownCommand] o.e.j.ee10.servlet.ServletContextHandler Stopped oeje10w.WebAppContext@5d9bb69b{/nifi-standard-content-viewer-2.6.0,/nifi-standard-content-viewer-2.6.0,b=null,a=AVAILABLE,h=oeje10s.SessionHandler@fd5689d{STOPPED}}{./work/nar/extensions/nifi-standard-content-viewer-nar-2.6.0.nar-unpacked/NAR-INF/bundled-dependencies/nifi-standard-content-viewer-2.6.0.war}
2025-10-16 10:49:25,618 INFO [ShutdownCommand] org.apache.nifi.nar.NarAutoLoaderTask Stopping NAR Auto-loader
2025-10-16 10:49:25,618 INFO [ShutdownCommand] org.apache.nifi.nar.NarAutoLoader NAR Auto-Loader stopped
2025-10-16 10:49:25,619 INFO [ShutdownCommand] o.a.n.f.r.CompositeExternalResourceProviderService External Resource Provider Service is stopped
2025-10-16 10:49:25,619 INFO [ShutdownCommand] o.a.nifi.runtime.command.ShutdownCommand Application shutdown completed
2025-10-16 10:49:29,544 INFO [main] org.apache.nifi.runtime.Application Starting NiFi 2.6.0 using Java 21.0.8+12-LTS with PID 46
2025-10-16 10:49:29,546 INFO [main] o.apache.nifi.runtime.PropertiesProvider Loading Application Properties [/opt/nifi/nifi-current/conf/nifi.properties]
2025-10-16 10:49:29,554 INFO [main] org.apache.nifi.nar.NarUnpacker Expanding 112 NAR files started
2025-10-16 10:49:32,357 INFO [main] org.apache.nifi.nar.NarUnpacker Expanded 112 NAR files in 2.803 seconds (2803702959 ns)
2025-10-16 10:49:32,649 INFO [main] org.apache.nifi.nar.NarClassLoaders Loaded NAR file: /opt/nifi/nifi-current/./work/nar/extensions/nifi-jetty-nar-2.6.0.nar-unpacked as class loader org.apache.nifi.nar.NarClassLoader[./work/nar/extensions/nifi-jetty-nar-2.6.0.nar-unpacked]
2025-10-16 10:49:32,652 INFO [main] org.apache.nifi.nar.NarClassLoaders Loaded NAR file: /opt/nifi/nifi-current/./work/nar/framework/nifi-framework-nar-2.6.0.nar-unpacked as class loader org.apache.nifi.nar.NarClassLoader[./work/nar/framework/nifi-framework-nar-2.6.0.nar-unpacked]
2025-10-16 10:49:32,700 INFO [main] org.apache.nifi.nar.NarClassLoaders Loaded NAR file: /opt/nifi/nifi-current/./work/nar/extensions/nifi-provenance-repository-nar-2.6.0.nar-unpacked as class loader org.apache.nifi.nar.NarClassLoader[./work/nar/extensions/nifi-provenance-repository-nar-2.6.0.nar-unpacked]
2025-10-16 10:49:32,701 INFO [main] org.apache.nifi.nar.NarClassLoaders Loaded NAR file: /opt/nifi/nifi-current/./work/nar/extensions/nifi-hl7-nar-2.6.0.nar-unpacked as class loader org.apache.nifi.nar.NarClassLoader[./work/nar/extensions/nifi-hl7-nar-2.6.0.nar-unpacked]
2025-10-16 10:49:32,722 INFO [main] org.apache.nifi.nar.NarClassLoaders Loaded NAR file: /opt/nifi/nifi-current/./work/nar/extensions/nifi-compress-nar-2.6.0.nar-unpacked as class loader org.apache.nifi.nar.NarClassLoader[./work/nar/extensions/nifi-compress-nar-2.6.0.nar-unpacked]
2025-10-16 10:49:32,723 INFO [main] org.apache.nifi.nar.NarClassLoaders Loaded NAR file: /opt/nifi/nifi-current/./work/nar/extensions/nifi-update-attribute-nar-2.6.0.nar-unpacked as class loader org.apache.nifi.nar.NarClassLoader[./work/nar/extensions/nifi-update-attribute-nar-2.6.0.nar-unpacked]
2025-10-16 10:49:32,724 INFO [main] org.apache.nifi.nar.NarClassLoaders Loaded NAR file: /opt/nifi/nifi-current/./work/nar/extensions/nifi-ldap-iaa-providers-nar-2.6.0.nar-unpacked as class loader org.apache.nifi.nar.NarClassLoader[./work/nar/extensions/nifi-ldap-iaa-providers-nar-2.6.0.nar-unpacked]
2025-10-16 10:49:32,725 INFO [main] org.apache.nifi.nar.NarClassLoaders Loaded NAR file: /opt/nifi/nifi-current/./work/nar/extensions/nifi-single-user-iaa-providers-nar-2.6.0.nar-unpacked as class loader org.apache.nifi.nar.NarClassLoader[./work/nar/extensions/nifi-single-user-iaa-providers-nar-2.6.0.nar-unpacked]
2025-10-16 10:49:32,726 INFO [main] org.apache.nifi.nar.NarClassLoaders Loaded NAR file: /opt/nifi/nifi-current/./work/nar/extensions/nifi-framework-kubernetes-nar-2.6.0.nar-unpacked as class loader org.apache.nifi.nar.NarClassLoader[./work/nar/extensions/nifi-framework-kubernetes-nar-2.6.0.nar-unpacked]
2025-10-16 10:49:32,728 INFO [main] org.apache.nifi.nar.NarClassLoaders Loaded NAR file: /opt/nifi/nifi-current/./work/nar/extensions/nifi-server-nar-2.6.0.nar-unpacked as class loader org.apache.nifi.nar.NarClassLoader[./work/nar/extensions/nifi-server-nar-2.6.0.nar-unpacked]
2025-10-16 10:49:32,738 INFO [main] org.apache.nifi.nar.NarClassLoaders Loaded NAR file: /opt/nifi/nifi-current/./work/nar/extensions/nifi-standard-services-api-nar-2.6.0.nar-unpacked as class loader org.apache.nifi.nar.NarClassLoader[./work/nar/extensions/nifi-standard-services-api-nar-2.6.0.nar-unpacked]
2025-10-16 10:49:32,739 INFO [main] org.apache.nifi.nar.NarClassLoaders Loaded NAR file: /opt/nifi/nifi-current/./work/nar/extensions/nifi-email-nar-2.6.0.nar-unpacked as class loader org.apache.nifi.nar.NarClassLoader[./work/nar/extensions/nifi-email-nar-2.6.0.nar-unpacked]
2025-10-16 10:49:32,740 INFO [main] org.apache.nifi.nar.NarClassLoaders Loaded NAR file: /opt/nifi/nifi-current/./work/nar/extensions/nifi-dbcp-service-nar-2.6.0.nar-unpacked as class loader org.apache.nifi.nar.NarClassLoader[./work/nar/extensions/nifi-dbcp-service-nar-2.6.0.nar-unpacked]
2025-10-16 10:49:32,740 INFO [main] org.apache.nifi.nar.NarClassLoaders Loaded NAR file: /opt/nifi/nifi-current/./work/nar/extensions/nifi-kerberos-iaa-providers-nar-2.6.0.nar-unpacked as class loader org.apache.nifi.nar.NarClassLoader[./work/nar/extensions/nifi-kerberos-iaa-providers-nar-2.6.0.nar-unpacked]
2025-10-16 10:49:32,741 INFO [main] org.apache.nifi.nar.NarClassLoaders Loaded NAR file: /opt/nifi/nifi-current/./work/nar/extensions/nifi-evtx-nar-2.6.0.nar-unpacked as class loader org.apache.nifi.nar.NarClassLoader[./work/nar/extensions/nifi-evtx-nar-2.6.0.nar-unpacked]
2025-10-16 10:49:32,742 INFO [main] org.apache.nifi.nar.NarClassLoaders Loaded NAR file: /opt/nifi/nifi-current/./work/nar/extensions/nifi-stateful-analysis-nar-2.6.0.nar-unpacked as class loader org.apache.nifi.nar.NarClassLoader[./work/nar/extensions/nifi-stateful-analysis-nar-2.6.0.nar-unpacked]
2025-10-16 10:49:32,742 INFO [main] org.apache.nifi.nar.NarClassLoaders Loaded NAR file: /opt/nifi/nifi-current/./work/nar/extensions/nifi-file-resource-service-nar-2.6.0.nar-unpacked as class loader org.apache.nifi.nar.NarClassLoader[./work/nar/extensions/nifi-file-resource-service-nar-2.6.0.nar-unpacked]
2025-10-16 10:49:32,743 INFO [main] org.apache.nifi.nar.NarClassLoaders Loaded NAR file: /opt/nifi/nifi-current/./work/nar/extensions/nifi-standard-shared-nar-2.6.0.nar-unpacked as class loader org.apache.nifi.nar.NarClassLoader[./work/nar/extensions/nifi-standard-shared-nar-2.6.0.nar-unpacked]
2025-10-16 10:49:32,749 INFO [main] org.apache.nifi.nar.NarClassLoaders Loaded NAR file: /opt/nifi/nifi-current/./work/nar/extensions/nifi-gcp-services-api-nar-2.6.0.nar-unpacked as class loader org.apache.nifi.nar.NarClassLoader[./work/nar/extensions/nifi-gcp-services-api-nar-2.6.0.nar-unpacked]
2025-10-16 10:49:32,750 INFO [main] org.apache.nifi.nar.NarClassLoaders Loaded NAR file: /opt/nifi/nifi-current/./work/nar/extensions/nifi-database-dialect-service-nar-2.6.0.nar-unpacked as class loader org.apache.nifi.nar.NarClassLoader[./work/nar/extensions/nifi-database-dialect-service-nar-2.6.0.nar-unpacked]
2025-10-16 10:49:32,751 INFO [main] org.apache.nifi.nar.NarClassLoaders Loaded NAR file: /opt/nifi/nifi-current/./work/nar/extensions/nifi-poi-nar-2.6.0.nar-unpacked as class loader org.apache.nifi.nar.NarClassLoader[./work/nar/extensions/nifi-poi-nar-2.6.0.nar-unpacked]
2025-10-16 10:49:32,752 INFO [main] org.apache.nifi.nar.NarClassLoaders Loaded NAR file: /opt/nifi/nifi-current/./work/nar/extensions/nifi-key-service-nar-2.6.0.nar-unpacked as class loader org.apache.nifi.nar.NarClassLoader[./work/nar/extensions/nifi-key-service-nar-2.6.0.nar-unpacked]
2025-10-16 10:49:32,753 INFO [main] org.apache.nifi.nar.NarClassLoaders Loaded NAR file: /opt/nifi/nifi-current/./work/nar/extensions/nifi-asana-services-api-nar-2.6.0.nar-unpacked as class loader org.apache.nifi.nar.NarClassLoader[./work/nar/extensions/nifi-asana-services-api-nar-2.6.0.nar-unpacked]
2025-10-16 10:49:32,767 INFO [main] org.apache.nifi.nar.NarClassLoaders Loaded NAR file: /opt/nifi/nifi-current/./work/nar/extensions/nifi-snmp-nar-2.6.0.nar-unpacked as class loader org.apache.nifi.nar.NarClassLoader[./work/nar/extensions/nifi-snmp-nar-2.6.0.nar-unpacked]
2025-10-16 10:49:32,767 INFO [main] org.apache.nifi.nar.NarClassLoaders Loaded NAR file: /opt/nifi/nifi-current/./work/nar/extensions/nifi-framework-zookeeper-nar-2.6.0.nar-unpacked as class loader org.apache.nifi.nar.NarClassLoader[./work/nar/extensions/nifi-framework-zookeeper-nar-2.6.0.nar-unpacked]
2025-10-16 10:49:32,769 INFO [main] org.apache.nifi.nar.NarClassLoaders Loaded NAR file: /opt/nifi/nifi-current/./work/nar/extensions/nifi-ssl-context-service-nar-2.6.0.nar-unpacked as class loader org.apache.nifi.nar.NarClassLoader[./work/nar/extensions/nifi-ssl-context-service-nar-2.6.0.nar-unpacked]
2025-10-16 10:49:32,769 INFO [main] org.apache.nifi.nar.NarClassLoaders Loaded NAR file: /opt/nifi/nifi-current/./work/nar/extensions/nifi-web-client-provider-service-nar-2.6.0.nar-unpacked as class loader org.apache.nifi.nar.NarClassLoader[./work/nar/extensions/nifi-web-client-provider-service-nar-2.6.0.nar-unpacked]
2025-10-16 10:49:32,770 INFO [main] org.apache.nifi.nar.NarClassLoaders Loaded NAR file: /opt/nifi/nifi-current/./work/nar/extensions/nifi-network-processors-nar-2.6.0.nar-unpacked as class loader org.apache.nifi.nar.NarClassLoader[./work/nar/extensions/nifi-network-processors-nar-2.6.0.nar-unpacked]
2025-10-16 10:49:32,770 INFO [main] org.apache.nifi.nar.NarClassLoaders Loaded NAR file: /opt/nifi/nifi-current/./work/nar/extensions/nifi-kafka-service-api-nar-2.6.0.nar-unpacked as class loader org.apache.nifi.nar.NarClassLoader[./work/nar/extensions/nifi-kafka-service-api-nar-2.6.0.nar-unpacked]
2025-10-16 10:49:32,770 INFO [main] org.apache.nifi.nar.NarClassLoaders Loaded NAR file: /opt/nifi/nifi-current/./work/nar/extensions/nifi-windows-event-log-nar-2.6.0.nar-unpacked as class loader org.apache.nifi.nar.NarClassLoader[./work/nar/extensions/nifi-windows-event-log-nar-2.6.0.nar-unpacked]
2025-10-16 10:49:32,771 INFO [main] org.apache.nifi.nar.NarClassLoaders Loaded NAR file: /opt/nifi/nifi-current/./work/nar/extensions/nifi-gcp-nar-2.6.0.nar-unpacked as class loader org.apache.nifi.nar.NarClassLoader[./work/nar/extensions/nifi-gcp-nar-2.6.0.nar-unpacked]
2025-10-16 10:49:32,775 INFO [main] org.apache.nifi.nar.NarClassLoaders Loaded NAR file: /opt/nifi/nifi-current/./work/nar/extensions/nifi-hashicorp-vault-client-service-api-nar-2.6.0.nar-unpacked as class loader org.apache.nifi.nar.NarClassLoader[./work/nar/extensions/nifi-hashicorp-vault-client-service-api-nar-2.6.0.nar-unpacked]
2025-10-16 10:49:32,775 INFO [main] org.apache.nifi.nar.NarClassLoaders Loaded NAR file: /opt/nifi/nifi-current/./work/nar/extensions/nifi-registry-nar-2.6.0.nar-unpacked as class loader org.apache.nifi.nar.NarClassLoader[./work/nar/extensions/nifi-registry-nar-2.6.0.nar-unpacked]
2025-10-16 10:49:32,776 INFO [main] org.apache.nifi.nar.NarClassLoaders Loaded NAR file: /opt/nifi/nifi-current/./work/nar/extensions/nifi-protobuf-services-nar-2.6.0.nar-unpacked as class loader org.apache.nifi.nar.NarClassLoader[./work/nar/extensions/nifi-protobuf-services-nar-2.6.0.nar-unpacked]
2025-10-16 10:49:32,776 INFO [main] org.apache.nifi.nar.NarClassLoaders Loaded NAR file: /opt/nifi/nifi-current/./work/nar/extensions/nifi-asana-services-nar-2.6.0.nar-unpacked as class loader org.apache.nifi.nar.NarClassLoader[./work/nar/extensions/nifi-asana-services-nar-2.6.0.nar-unpacked]
2025-10-16 10:49:32,777 INFO [main] org.apache.nifi.nar.NarClassLoaders Loaded NAR file: /opt/nifi/nifi-current/./work/nar/extensions/nifi-site-to-site-reporting-nar-2.6.0.nar-unpacked as class loader org.apache.nifi.nar.NarClassLoader[./work/nar/extensions/nifi-site-to-site-reporting-nar-2.6.0.nar-unpacked]
2025-10-16 10:49:32,778 INFO [main] org.apache.nifi.nar.NarClassLoaders Loaded NAR file: /opt/nifi/nifi-current/./work/nar/extensions/nifi-zendesk-nar-2.6.0.nar-unpacked as class loader org.apache.nifi.nar.NarClassLoader[./work/nar/extensions/nifi-zendesk-nar-2.6.0.nar-unpacked]
2025-10-16 10:49:32,778 INFO [main] org.apache.nifi.nar.NarClassLoaders Loaded NAR file: /opt/nifi/nifi-current/./work/nar/extensions/nifi-cipher-nar-2.6.0.nar-unpacked as class loader org.apache.nifi.nar.NarClassLoader[./work/nar/extensions/nifi-cipher-nar-2.6.0.nar-unpacked]
2025-10-16 10:49:32,778 INFO [main] org.apache.nifi.nar.NarClassLoaders Loaded NAR file: /opt/nifi/nifi-current/./work/nar/extensions/nifi-jms-cf-service-nar-2.6.0.nar-unpacked as class loader org.apache.nifi.nar.NarClassLoader[./work/nar/extensions/nifi-jms-cf-service-nar-2.6.0.nar-unpacked]
2025-10-16 10:49:32,779 INFO [main] org.apache.nifi.nar.NarClassLoaders Loaded NAR file: /opt/nifi/nifi-current/./work/nar/extensions/nifi-jolt-nar-2.6.0.nar-unpacked as class loader org.apache.nifi.nar.NarClassLoader[./work/nar/extensions/nifi-jolt-nar-2.6.0.nar-unpacked]
2025-10-16 10:49:32,779 INFO [main] org.apache.nifi.nar.NarClassLoaders Loaded NAR file: /opt/nifi/nifi-current/./work/nar/extensions/nifi-hazelcast-services-api-nar-2.6.0.nar-unpacked as class loader org.apache.nifi.nar.NarClassLoader[./work/nar/extensions/nifi-hazelcast-services-api-nar-2.6.0.nar-unpacked]
2025-10-16 10:49:32,779 INFO [main] org.apache.nifi.nar.NarClassLoaders Loaded NAR file: /opt/nifi/nifi-current/./work/nar/extensions/nifi-pgp-service-api-nar-2.6.0.nar-unpacked as class loader org.apache.nifi.nar.NarClassLoader[./work/nar/extensions/nifi-pgp-service-api-nar-2.6.0.nar-unpacked]
2025-10-16 10:49:32,780 INFO [main] org.apache.nifi.nar.NarClassLoaders Loaded NAR file: /opt/nifi/nifi-current/./work/nar/extensions/nifi-proxy-configuration-nar-2.6.0.nar-unpacked as class loader org.apache.nifi.nar.NarClassLoader[./work/nar/extensions/nifi-proxy-configuration-nar-2.6.0.nar-unpacked]
2025-10-16 10:49:32,780 INFO [main] org.apache.nifi.nar.NarClassLoaders Loaded NAR file: /opt/nifi/nifi-current/./work/nar/extensions/nifi-airtable-nar-2.6.0.nar-unpacked as class loader org.apache.nifi.nar.NarClassLoader[./work/nar/extensions/nifi-airtable-nar-2.6.0.nar-unpacked]
2025-10-16 10:49:32,780 INFO [main] org.apache.nifi.nar.NarClassLoaders Loaded NAR file: /opt/nifi/nifi-current/./work/nar/extensions/nifi-github-nar-2.6.0.nar-unpacked as class loader org.apache.nifi.nar.NarClassLoader[./work/nar/extensions/nifi-github-nar-2.6.0.nar-unpacked]
2025-10-16 10:49:32,781 INFO [main] org.apache.nifi.nar.NarClassLoaders Loaded NAR file: /opt/nifi/nifi-current/./work/nar/extensions/nifi-oauth2-provider-nar-2.6.0.nar-unpacked as class loader org.apache.nifi.nar.NarClassLoader[./work/nar/extensions/nifi-oauth2-provider-nar-2.6.0.nar-unpacked]
2025-10-16 10:49:32,781 INFO [main] org.apache.nifi.nar.NarClassLoaders Loaded NAR file: /opt/nifi/nifi-current/./work/nar/extensions/nifi-workday-processors-nar-2.6.0.nar-unpacked as class loader org.apache.nifi.nar.NarClassLoader[./work/nar/extensions/nifi-workday-processors-nar-2.6.0.nar-unpacked]
2025-10-16 10:49:32,781 INFO [main] org.apache.nifi.nar.NarClassLoaders Loaded NAR file: /opt/nifi/nifi-current/./work/nar/extensions/nifi-mongodb-client-service-api-nar-2.6.0.nar-unpacked as class loader org.apache.nifi.nar.NarClassLoader[./work/nar/extensions/nifi-mongodb-client-service-api-nar-2.6.0.nar-unpacked]
2025-10-16 10:49:32,782 INFO [main] org.apache.nifi.nar.NarClassLoaders Loaded NAR file: /opt/nifi/nifi-current/./work/nar/extensions/nifi-groovyx-nar-2.6.0.nar-unpacked as class loader org.apache.nifi.nar.NarClassLoader[./work/nar/extensions/nifi-groovyx-nar-2.6.0.nar-unpacked]
2025-10-16 10:49:32,784 INFO [main] org.apache.nifi.nar.NarClassLoaders Loaded NAR file: /opt/nifi/nifi-current/./work/nar/extensions/nifi-hazelcast-services-nar-2.6.0.nar-unpacked as class loader org.apache.nifi.nar.NarClassLoader[./work/nar/extensions/nifi-hazelcast-services-nar-2.6.0.nar-unpacked]
2025-10-16 10:49:32,785 INFO [main] org.apache.nifi.nar.NarClassLoaders Loaded NAR file: /opt/nifi/nifi-current/./work/nar/extensions/nifi-mqtt-nar-2.6.0.nar-unpacked as class loader org.apache.nifi.nar.NarClassLoader[./work/nar/extensions/nifi-mqtt-nar-2.6.0.nar-unpacked]
2025-10-16 10:49:32,786 INFO [main] org.apache.nifi.nar.NarClassLoaders Loaded NAR file: /opt/nifi/nifi-current/./work/nar/extensions/nifi-cdc-mysql-nar-2.6.0.nar-unpacked as class loader org.apache.nifi.nar.NarClassLoader[./work/nar/extensions/nifi-cdc-mysql-nar-2.6.0.nar-unpacked]
2025-10-16 10:49:32,786 INFO [main] org.apache.nifi.nar.NarClassLoaders Loaded NAR file: /opt/nifi/nifi-current/./work/nar/extensions/nifi-jslt-nar-2.6.0.nar-unpacked as class loader org.apache.nifi.nar.NarClassLoader[./work/nar/extensions/nifi-jslt-nar-2.6.0.nar-unpacked]
2025-10-16 10:49:32,786 INFO [main] org.apache.nifi.nar.NarClassLoaders Loaded NAR file: /opt/nifi/nifi-current/./work/nar/extensions/nifi-kafka-nar-2.6.0.nar-unpacked as class loader org.apache.nifi.nar.NarClassLoader[./work/nar/extensions/nifi-kafka-nar-2.6.0.nar-unpacked]
2025-10-16 10:49:32,787 INFO [main] org.apache.nifi.nar.NarClassLoaders Loaded NAR file: /opt/nifi/nifi-current/./work/nar/extensions/nifi-mongodb-nar-2.6.0.nar-unpacked as class loader org.apache.nifi.nar.NarClassLoader[./work/nar/extensions/nifi-mongodb-nar-2.6.0.nar-unpacked]
2025-10-16 10:49:32,787 INFO [main] org.apache.nifi.nar.NarClassLoaders Loaded NAR file: /opt/nifi/nifi-current/./work/nar/extensions/nifi-pgp-service-nar-2.6.0.nar-unpacked as class loader org.apache.nifi.nar.NarClassLoader[./work/nar/extensions/nifi-pgp-service-nar-2.6.0.nar-unpacked]
2025-10-16 10:49:32,787 INFO [main] org.apache.nifi.nar.NarClassLoaders Loaded NAR file: /opt/nifi/nifi-current/./work/nar/extensions/nifi-standard-content-viewer-nar-2.6.0.nar-unpacked as class loader org.apache.nifi.nar.NarClassLoader[./work/nar/extensions/nifi-standard-content-viewer-nar-2.6.0.nar-unpacked]
2025-10-16 10:49:32,788 INFO [main] org.apache.nifi.nar.NarClassLoaders Loaded NAR file: /opt/nifi/nifi-current/./work/nar/extensions/nifi-standard-nar-2.6.0.nar-unpacked as class loader org.apache.nifi.nar.NarClassLoader[./work/nar/extensions/nifi-standard-nar-2.6.0.nar-unpacked]
2025-10-16 10:49:32,794 INFO [main] org.apache.nifi.nar.NarClassLoaders Loaded NAR file: /opt/nifi/nifi-current/./work/nar/extensions/nifi-box-services-api-nar-2.6.0.nar-unpacked as class loader org.apache.nifi.nar.NarClassLoader[./work/nar/extensions/nifi-box-services-api-nar-2.6.0.nar-unpacked]
2025-10-16 10:49:32,795 INFO [main] org.apache.nifi.nar.NarClassLoaders Loaded NAR file: /opt/nifi/nifi-current/./work/nar/extensions/nifi-http-context-map-nar-2.6.0.nar-unpacked as class loader org.apache.nifi.nar.NarClassLoader[./work/nar/extensions/nifi-http-context-map-nar-2.6.0.nar-unpacked]
2025-10-16 10:49:32,795 INFO [main] org.apache.nifi.nar.NarClassLoaders Loaded NAR file: /opt/nifi/nifi-current/./work/nar/extensions/nifi-avro-nar-2.6.0.nar-unpacked as class loader org.apache.nifi.nar.NarClassLoader[./work/nar/extensions/nifi-avro-nar-2.6.0.nar-unpacked]
2025-10-16 10:49:32,795 INFO [main] org.apache.nifi.nar.NarClassLoaders Loaded NAR file: /opt/nifi/nifi-current/./work/nar/extensions/nifi-enrich-nar-2.6.0.nar-unpacked as class loader org.apache.nifi.nar.NarClassLoader[./work/nar/extensions/nifi-enrich-nar-2.6.0.nar-unpacked]
2025-10-16 10:49:32,796 INFO [main] org.apache.nifi.nar.NarClassLoaders Loaded NAR file: /opt/nifi/nifi-current/./work/nar/extensions/nifi-lookup-services-nar-2.6.0.nar-unpacked as class loader org.apache.nifi.nar.NarClassLoader[./work/nar/extensions/nifi-lookup-services-nar-2.6.0.nar-unpacked]
2025-10-16 10:49:32,796 INFO [main] org.apache.nifi.nar.NarClassLoaders Loaded NAR file: /opt/nifi/nifi-current/./work/nar/extensions/nifi-splunk-nar-2.6.0.nar-unpacked as class loader org.apache.nifi.nar.NarClassLoader[./work/nar/extensions/nifi-splunk-nar-2.6.0.nar-unpacked]
2025-10-16 10:49:32,797 INFO [main] org.apache.nifi.nar.NarClassLoaders Loaded NAR file: /opt/nifi/nifi-current/./work/nar/extensions/nifi-zendesk-services-nar-2.6.0.nar-unpacked as class loader org.apache.nifi.nar.NarClassLoader[./work/nar/extensions/nifi-zendesk-services-nar-2.6.0.nar-unpacked]
2025-10-16 10:49:32,797 INFO [main] org.apache.nifi.nar.NarClassLoaders Loaded NAR file: /opt/nifi/nifi-current/./work/nar/extensions/nifi-hashicorp-vault-nar-2.6.0.nar-unpacked as class loader org.apache.nifi.nar.NarClassLoader[./work/nar/extensions/nifi-hashicorp-vault-nar-2.6.0.nar-unpacked]
2025-10-16 10:49:32,798 INFO [main] org.apache.nifi.nar.NarClassLoaders Loaded NAR file: /opt/nifi/nifi-current/./work/nar/extensions/nifi-distributed-cache-services-nar-2.6.0.nar-unpacked as class loader org.apache.nifi.nar.NarClassLoader[./work/nar/extensions/nifi-distributed-cache-services-nar-2.6.0.nar-unpacked]
2025-10-16 10:49:32,799 INFO [main] org.apache.nifi.nar.NarClassLoaders Loaded NAR file: /opt/nifi/nifi-current/./work/nar/extensions/nifi-slack-nar-2.6.0.nar-unpacked as class loader org.apache.nifi.nar.NarClassLoader[./work/nar/extensions/nifi-slack-nar-2.6.0.nar-unpacked]
2025-10-16 10:49:32,816 INFO [main] org.apache.nifi.nar.NarClassLoaders Loaded NAR file: /opt/nifi/nifi-current/./work/nar/extensions/nifi-kafka-3-service-nar-2.6.0.nar-unpacked as class loader org.apache.nifi.nar.NarClassLoader[./work/nar/extensions/nifi-kafka-3-service-nar-2.6.0.nar-unpacked]
2025-10-16 10:49:32,816 INFO [main] org.apache.nifi.nar.NarClassLoaders Loaded NAR file: /opt/nifi/nifi-current/./work/nar/extensions/nifi-kerberos-user-service-nar-2.6.0.nar-unpacked as class loader org.apache.nifi.nar.NarClassLoader[./work/nar/extensions/nifi-kerberos-user-service-nar-2.6.0.nar-unpacked]
2025-10-16 10:49:32,817 INFO [main] org.apache.nifi.nar.NarClassLoaders Loaded NAR file: /opt/nifi/nifi-current/./work/nar/extensions/nifi-confluent-platform-nar-2.6.0.nar-unpacked as class loader org.apache.nifi.nar.NarClassLoader[./work/nar/extensions/nifi-confluent-platform-nar-2.6.0.nar-unpacked]
2025-10-16 10:49:32,818 INFO [main] org.apache.nifi.nar.NarClassLoaders Loaded NAR file: /opt/nifi/nifi-current/./work/nar/extensions/nifi-social-media-nar-2.6.0.nar-unpacked as class loader org.apache.nifi.nar.NarClassLoader[./work/nar/extensions/nifi-social-media-nar-2.6.0.nar-unpacked]
2025-10-16 10:49:32,819 INFO [main] org.apache.nifi.nar.NarClassLoaders Loaded NAR file: /opt/nifi/nifi-current/./work/nar/extensions/nifi-opentelemetry-nar-2.6.0.nar-unpacked as class loader org.apache.nifi.nar.NarClassLoader[./work/nar/extensions/nifi-opentelemetry-nar-2.6.0.nar-unpacked]
2025-10-16 10:49:32,820 INFO [main] org.apache.nifi.nar.NarClassLoaders Loaded NAR file: /opt/nifi/nifi-current/./work/nar/extensions/nifi-elasticsearch-client-service-api-nar-2.6.0.nar-unpacked as class loader org.apache.nifi.nar.NarClassLoader[./work/nar/extensions/nifi-elasticsearch-client-service-api-nar-2.6.0.nar-unpacked]
2025-10-16 10:49:32,820 INFO [main] org.apache.nifi.nar.NarClassLoaders Loaded NAR file: /opt/nifi/nifi-current/./work/nar/extensions/nifi-py4j-nar-2.6.0.nar-unpacked as class loader org.apache.nifi.nar.NarClassLoader[./work/nar/extensions/nifi-py4j-nar-2.6.0.nar-unpacked]
2025-10-16 10:49:32,821 INFO [main] org.apache.nifi.nar.NarClassLoaders Loaded NAR file: /opt/nifi/nifi-current/./work/nar/extensions/nifi-amqp-nar-2.6.0.nar-unpacked as class loader org.apache.nifi.nar.NarClassLoader[./work/nar/extensions/nifi-amqp-nar-2.6.0.nar-unpacked]
2025-10-16 10:49:32,821 INFO [main] org.apache.nifi.nar.NarClassLoaders Loaded NAR file: /opt/nifi/nifi-current/./work/nar/extensions/nifi-salesforce-nar-2.6.0.nar-unpacked as class loader org.apache.nifi.nar.NarClassLoader[./work/nar/extensions/nifi-salesforce-nar-2.6.0.nar-unpacked]
2025-10-16 10:49:32,822 INFO [main] org.apache.nifi.nar.NarClassLoaders Loaded NAR file: /opt/nifi/nifi-current/./work/nar/extensions/nifi-websocket-services-api-nar-2.6.0.nar-unpacked as class loader org.apache.nifi.nar.NarClassLoader[./work/nar/extensions/nifi-websocket-services-api-nar-2.6.0.nar-unpacked]
2025-10-16 10:49:32,822 INFO [main] org.apache.nifi.nar.NarClassLoaders Loaded NAR file: /opt/nifi/nifi-current/./work/nar/extensions/nifi-shopify-nar-2.6.0.nar-unpacked as class loader org.apache.nifi.nar.NarClassLoader[./work/nar/extensions/nifi-shopify-nar-2.6.0.nar-unpacked]
2025-10-16 10:49:32,822 INFO [main] org.apache.nifi.nar.NarClassLoaders Loaded NAR file: /opt/nifi/nifi-current/./work/nar/extensions/nifi-geohash-nar-2.6.0.nar-unpacked as class loader org.apache.nifi.nar.NarClassLoader[./work/nar/extensions/nifi-geohash-nar-2.6.0.nar-unpacked]
2025-10-16 10:49:32,823 INFO [main] org.apache.nifi.nar.NarClassLoaders Loaded NAR file: /opt/nifi/nifi-current/./work/nar/extensions/nifi-aws-service-api-nar-2.6.0.nar-unpacked as class loader org.apache.nifi.nar.NarClassLoader[./work/nar/extensions/nifi-aws-service-api-nar-2.6.0.nar-unpacked]
2025-10-16 10:49:32,824 INFO [main] org.apache.nifi.nar.NarClassLoaders Loaded NAR file: /opt/nifi/nifi-current/./work/nar/extensions/nifi-kafka-service-aws-nar-2.6.0.nar-unpacked as class loader org.apache.nifi.nar.NarClassLoader[./work/nar/extensions/nifi-kafka-service-aws-nar-2.6.0.nar-unpacked]
2025-10-16 10:49:32,826 INFO [main] org.apache.nifi.nar.NarClassLoaders Loaded NAR file: /opt/nifi/nifi-current/./work/nar/extensions/nifi-db-schema-registry-service-nar-2.6.0.nar-unpacked as class loader org.apache.nifi.nar.NarClassLoader[./work/nar/extensions/nifi-db-schema-registry-service-nar-2.6.0.nar-unpacked]
2025-10-16 10:49:32,826 INFO [main] org.apache.nifi.nar.NarClassLoaders Loaded NAR file: /opt/nifi/nifi-current/./work/nar/extensions/nifi-dropbox-services-api-nar-2.6.0.nar-unpacked as class loader org.apache.nifi.nar.NarClassLoader[./work/nar/extensions/nifi-dropbox-services-api-nar-2.6.0.nar-unpacked]
2025-10-16 10:49:32,826 INFO [main] org.apache.nifi.nar.NarClassLoaders Loaded NAR file: /opt/nifi/nifi-current/./work/nar/extensions/nifi-flow-registry-client-nar-2.6.0.nar-unpacked as class loader org.apache.nifi.nar.NarClassLoader[./work/nar/extensions/nifi-flow-registry-client-nar-2.6.0.nar-unpacked]
2025-10-16 10:49:32,828 INFO [main] org.apache.nifi.nar.NarClassLoaders Loaded NAR file: /opt/nifi/nifi-current/./work/nar/extensions/nifi-azure-services-api-nar-2.6.0.nar-unpacked as class loader org.apache.nifi.nar.NarClassLoader[./work/nar/extensions/nifi-azure-services-api-nar-2.6.0.nar-unpacked]
2025-10-16 10:49:32,831 INFO [main] org.apache.nifi.nar.NarClassLoaders Loaded NAR file: /opt/nifi/nifi-current/./work/nar/extensions/nifi-dropbox-services-nar-2.6.0.nar-unpacked as class loader org.apache.nifi.nar.NarClassLoader[./work/nar/extensions/nifi-dropbox-services-nar-2.6.0.nar-unpacked]
2025-10-16 10:49:32,831 INFO [main] org.apache.nifi.nar.NarClassLoaders Loaded NAR file: /opt/nifi/nifi-current/./work/nar/extensions/nifi-apicurio-nar-2.6.0.nar-unpacked as class loader org.apache.nifi.nar.NarClassLoader[./work/nar/extensions/nifi-apicurio-nar-2.6.0.nar-unpacked]
2025-10-16 10:49:32,831 INFO [main] org.apache.nifi.nar.NarClassLoaders Loaded NAR file: /opt/nifi/nifi-current/./work/nar/extensions/nifi-hubspot-nar-2.6.0.nar-unpacked as class loader org.apache.nifi.nar.NarClassLoader[./work/nar/extensions/nifi-hubspot-nar-2.6.0.nar-unpacked]
2025-10-16 10:49:32,832 INFO [main] org.apache.nifi.nar.NarClassLoaders Loaded NAR file: /opt/nifi/nifi-current/./work/nar/extensions/nifi-smb-client-api-nar-2.6.0.nar-unpacked as class loader org.apache.nifi.nar.NarClassLoader[./work/nar/extensions/nifi-smb-client-api-nar-2.6.0.nar-unpacked]
2025-10-16 10:49:32,832 INFO [main] org.apache.nifi.nar.NarClassLoaders Loaded NAR file: /opt/nifi/nifi-current/./work/nar/extensions/nifi-record-sink-service-nar-2.6.0.nar-unpacked as class loader org.apache.nifi.nar.NarClassLoader[./work/nar/extensions/nifi-record-sink-service-nar-2.6.0.nar-unpacked]
2025-10-16 10:49:32,832 INFO [main] org.apache.nifi.nar.NarClassLoaders Loaded NAR file: /opt/nifi/nifi-current/./work/nar/extensions/nifi-gitlab-nar-2.6.0.nar-unpacked as class loader org.apache.nifi.nar.NarClassLoader[./work/nar/extensions/nifi-gitlab-nar-2.6.0.nar-unpacked]
2025-10-16 10:49:32,833 INFO [main] org.apache.nifi.nar.NarClassLoaders Loaded NAR file: /opt/nifi/nifi-current/./work/nar/extensions/nifi-box-nar-2.6.0.nar-unpacked as class loader org.apache.nifi.nar.NarClassLoader[./work/nar/extensions/nifi-box-nar-2.6.0.nar-unpacked]
2025-10-16 10:49:32,834 INFO [main] org.apache.nifi.nar.NarClassLoaders Loaded NAR file: /opt/nifi/nifi-current/./work/nar/extensions/nifi-scripting-nar-2.6.0.nar-unpacked as class loader org.apache.nifi.nar.NarClassLoader[./work/nar/extensions/nifi-scripting-nar-2.6.0.nar-unpacked]
2025-10-16 10:49:32,836 INFO [main] org.apache.nifi.nar.NarClassLoaders Loaded NAR file: /opt/nifi/nifi-current/./work/nar/extensions/nifi-asana-processors-nar-2.6.0.nar-unpacked as class loader org.apache.nifi.nar.NarClassLoader[./work/nar/extensions/nifi-asana-processors-nar-2.6.0.nar-unpacked]
2025-10-16 10:49:32,837 INFO [main] org.apache.nifi.nar.NarClassLoaders Loaded NAR file: /opt/nifi/nifi-current/./work/nar/extensions/nifi-atlassian-nar-2.6.0.nar-unpacked as class loader org.apache.nifi.nar.NarClassLoader[./work/nar/extensions/nifi-atlassian-nar-2.6.0.nar-unpacked]
2025-10-16 10:49:32,837 INFO [main] org.apache.nifi.nar.NarClassLoaders Loaded NAR file: /opt/nifi/nifi-current/./work/nar/extensions/nifi-jms-processors-nar-2.6.0.nar-unpacked as class loader org.apache.nifi.nar.NarClassLoader[./work/nar/extensions/nifi-jms-processors-nar-2.6.0.nar-unpacked]
2025-10-16 10:49:32,838 INFO [main] org.apache.nifi.nar.NarClassLoaders Loaded NAR file: /opt/nifi/nifi-current/./work/nar/extensions/nifi-record-serialization-services-nar-2.6.0.nar-unpacked as class loader org.apache.nifi.nar.NarClassLoader[./work/nar/extensions/nifi-record-serialization-services-nar-2.6.0.nar-unpacked]
2025-10-16 10:49:32,839 INFO [main] org.apache.nifi.nar.NarClassLoaders Loaded NAR file: /opt/nifi/nifi-current/./work/nar/extensions/nifi-elasticsearch-client-service-nar-2.6.0.nar-unpacked as class loader org.apache.nifi.nar.NarClassLoader[./work/nar/extensions/nifi-elasticsearch-client-service-nar-2.6.0.nar-unpacked]
2025-10-16 10:49:32,840 INFO [main] org.apache.nifi.nar.NarClassLoaders Loaded NAR file: /opt/nifi/nifi-current/./work/nar/extensions/nifi-redis-service-api-nar-2.6.0.nar-unpacked as class loader org.apache.nifi.nar.NarClassLoader[./work/nar/extensions/nifi-redis-service-api-nar-2.6.0.nar-unpacked]
2025-10-16 10:49:32,841 INFO [main] org.apache.nifi.nar.NarClassLoaders Loaded NAR file: /opt/nifi/nifi-current/./work/nar/extensions/nifi-smb-smbj-client-nar-2.6.0.nar-unpacked as class loader org.apache.nifi.nar.NarClassLoader[./work/nar/extensions/nifi-smb-smbj-client-nar-2.6.0.nar-unpacked]
2025-10-16 10:49:32,841 INFO [main] org.apache.nifi.nar.NarClassLoaders Loaded NAR file: /opt/nifi/nifi-current/./work/nar/extensions/nifi-pgp-nar-2.6.0.nar-unpacked as class loader org.apache.nifi.nar.NarClassLoader[./work/nar/extensions/nifi-pgp-nar-2.6.0.nar-unpacked]
2025-10-16 10:49:32,841 INFO [main] org.apache.nifi.nar.NarClassLoaders Loaded NAR file: /opt/nifi/nifi-current/./work/nar/extensions/nifi-smb-nar-2.6.0.nar-unpacked as class loader org.apache.nifi.nar.NarClassLoader[./work/nar/extensions/nifi-smb-nar-2.6.0.nar-unpacked]
2025-10-16 10:49:32,841 INFO [main] org.apache.nifi.nar.NarClassLoaders Loaded NAR file: /opt/nifi/nifi-current/./work/nar/extensions/nifi-mongodb-services-nar-2.6.0.nar-unpacked as class loader org.apache.nifi.nar.NarClassLoader[./work/nar/extensions/nifi-mongodb-services-nar-2.6.0.nar-unpacked]
2025-10-16 10:49:32,842 INFO [main] org.apache.nifi.nar.NarClassLoaders Loaded NAR file: /opt/nifi/nifi-current/./work/nar/extensions/nifi-websocket-processors-nar-2.6.0.nar-unpacked as class loader org.apache.nifi.nar.NarClassLoader[./work/nar/extensions/nifi-websocket-processors-nar-2.6.0.nar-unpacked]
2025-10-16 10:49:32,842 INFO [main] org.apache.nifi.nar.NarClassLoaders Loaded NAR file: /opt/nifi/nifi-current/./work/nar/extensions/nifi-dropbox-processors-nar-2.6.0.nar-unpacked as class loader org.apache.nifi.nar.NarClassLoader[./work/nar/extensions/nifi-dropbox-processors-nar-2.6.0.nar-unpacked]
2025-10-16 10:49:32,843 INFO [main] org.apache.nifi.nar.NarClassLoaders Loaded NAR file: /opt/nifi/nifi-current/./work/nar/extensions/nifi-websocket-services-jetty-nar-2.6.0.nar-unpacked as class loader org.apache.nifi.nar.NarClassLoader[./work/nar/extensions/nifi-websocket-services-jetty-nar-2.6.0.nar-unpacked]
2025-10-16 10:49:32,843 INFO [main] org.apache.nifi.nar.NarClassLoaders Loaded NAR file: /opt/nifi/nifi-current/./work/nar/extensions/nifi-box-services-nar-2.6.0.nar-unpacked as class loader org.apache.nifi.nar.NarClassLoader[./work/nar/extensions/nifi-box-services-nar-2.6.0.nar-unpacked]
2025-10-16 10:49:32,844 INFO [main] org.apache.nifi.nar.NarClassLoaders Loaded NAR file: /opt/nifi/nifi-current/./work/nar/extensions/nifi-aws-nar-2.6.0.nar-unpacked as class loader org.apache.nifi.nar.NarClassLoader[./work/nar/extensions/nifi-aws-nar-2.6.0.nar-unpacked]
2025-10-16 10:49:32,849 INFO [main] org.apache.nifi.nar.NarClassLoaders Loaded NAR file: /opt/nifi/nifi-current/./work/nar/extensions/nifi-elasticsearch-restapi-nar-2.6.0.nar-unpacked as class loader org.apache.nifi.nar.NarClassLoader[./work/nar/extensions/nifi-elasticsearch-restapi-nar-2.6.0.nar-unpacked]
2025-10-16 10:49:32,850 INFO [main] org.apache.nifi.nar.NarClassLoaders Loaded NAR file: /opt/nifi/nifi-current/./work/nar/extensions/nifi-azure-nar-2.6.0.nar-unpacked as class loader org.apache.nifi.nar.NarClassLoader[./work/nar/extensions/nifi-azure-nar-2.6.0.nar-unpacked]
2025-10-16 10:49:32,855 INFO [main] org.apache.nifi.nar.NarClassLoaders Loaded NAR file: /opt/nifi/nifi-current/./work/nar/extensions/nifi-redis-nar-2.6.0.nar-unpacked as class loader org.apache.nifi.nar.NarClassLoader[./work/nar/extensions/nifi-redis-nar-2.6.0.nar-unpacked]
2025-10-16 10:49:32,856 INFO [main] org.apache.nifi.nar.NarClassLoaders Found NiFiServer implementation org.apache.nifi.web.server.JettyServer in org.apache.nifi:nifi-server-nar:2.6.0
2025-10-16 10:49:32,857 INFO [main] o.a.nifi.properties.NiFiPropertiesLoader Loading Application Properties [/opt/nifi/nifi-current/conf/nifi.properties]
2025-10-16 10:49:32,918 INFO [main] o.a.n.f.ssl.FrameworkKeyManagerBuilder Key Manager loaded from Key Store [./conf/keystore.p12]
2025-10-16 10:49:32,929 INFO [main] o.a.n.f.ssl.FrameworkTrustManagerBuilder Trust Manager loaded from Trust Store [./conf/truststore.p12]
2025-10-16 10:49:33,103 INFO [main] org.apache.nifi.web.server.JettyServer Loading WAR [/opt/nifi/nifi-current/./work/nar/extensions/nifi-standard-content-viewer-nar-2.6.0.nar-unpacked/NAR-INF/bundled-dependencies/nifi-standard-content-viewer-2.6.0.war] Context Path [/nifi-standard-content-viewer-2.6.0]
2025-10-16 10:49:33,105 INFO [main] org.apache.nifi.web.server.JettyServer Loading WAR [/opt/nifi/nifi-current/./work/nar/extensions/nifi-jolt-nar-2.6.0.nar-unpacked/NAR-INF/bundled-dependencies/nifi-jolt-transform-json-ui-2.6.0.war] Context Path [/nifi-jolt-transform-json-ui-2.6.0]
2025-10-16 10:49:33,105 INFO [main] org.apache.nifi.web.server.JettyServer Loading UI extension [ProcessorConfiguration, /nifi-jolt-transform-json-ui-2.6.0] for org.apache.nifi.processors.jolt.JoltTransformJSON:org.apache.nifi:nifi-jolt-nar:2.6.0
2025-10-16 10:49:33,105 INFO [main] org.apache.nifi.web.server.JettyServer Loading WAR [/opt/nifi/nifi-current/./work/nar/extensions/nifi-update-attribute-nar-2.6.0.nar-unpacked/NAR-INF/bundled-dependencies/nifi-update-attribute-ui-2.6.0.war] Context Path [/nifi-update-attribute-ui-2.6.0]
2025-10-16 10:49:33,105 INFO [main] org.apache.nifi.web.server.JettyServer Loading UI extension [ProcessorConfiguration, /nifi-update-attribute-ui-2.6.0] for org.apache.nifi.processors.attributes.UpdateAttribute:org.apache.nifi:nifi-update-attribute-nar:2.6.0
2025-10-16 10:49:33,107 INFO [main] org.apache.nifi.web.server.JettyServer Loading WAR [/opt/nifi/nifi-current/./work/nar/extensions/nifi-server-nar-2.6.0.nar-unpacked/NAR-INF/bundled-dependencies/nifi-ui-2.6.0.war] Context Path [/nifi]
2025-10-16 10:49:33,107 INFO [main] org.apache.nifi.web.server.JettyServer Loading WAR [/opt/nifi/nifi-current/./work/nar/extensions/nifi-server-nar-2.6.0.nar-unpacked/NAR-INF/bundled-dependencies/nifi-web-api-2.6.0.war] Context Path [/nifi-api]
2025-10-16 10:49:33,109 INFO [main] org.apache.nifi.web.server.JettyServer Loading Docs [/opt/nifi/nifi-current/docs] Context Path [/nifi-api]
2025-10-16 10:49:33,115 INFO [main] o.a.n.n.StandardExtensionDiscoveringManager Loaded extensions for org.apache.nifi:nifi-jetty-nar:2.6.0 in 0 millis
2025-10-16 10:49:33,117 INFO [main] o.a.n.n.StandardExtensionDiscoveringManager Loaded extensions for org.apache.nifi:nifi-framework-nar:2.6.0 in 2 millis
2025-10-16 10:49:33,118 INFO [main] o.a.n.n.StandardExtensionDiscoveringManager Loaded extensions for org.apache.nifi:nifi-provenance-repository-nar:2.6.0 in 1 millis
2025-10-16 10:49:33,119 INFO [main] o.a.n.n.StandardExtensionDiscoveringManager Loaded extensions for org.apache.nifi:nifi-hl7-nar:2.6.0 in 1 millis
2025-10-16 10:49:33,119 INFO [main] o.a.n.n.StandardExtensionDiscoveringManager Loaded extensions for org.apache.nifi:nifi-compress-nar:2.6.0 in 0 millis
2025-10-16 10:49:33,120 INFO [main] o.a.n.n.StandardExtensionDiscoveringManager Loaded extensions for org.apache.nifi:nifi-update-attribute-nar:2.6.0 in 1 millis
2025-10-16 10:49:33,121 INFO [main] o.a.n.n.StandardExtensionDiscoveringManager Loaded extensions for org.apache.nifi:nifi-ldap-iaa-providers-nar:2.6.0 in 1 millis
2025-10-16 10:49:33,122 INFO [main] o.a.n.n.StandardExtensionDiscoveringManager Loaded extensions for org.apache.nifi:nifi-single-user-iaa-providers-nar:2.6.0 in 1 millis
2025-10-16 10:49:33,123 INFO [main] o.a.n.n.StandardExtensionDiscoveringManager Loaded extensions for org.apache.nifi:nifi-framework-kubernetes-nar:2.6.0 in 1 millis
2025-10-16 10:49:33,124 INFO [main] o.a.n.n.StandardExtensionDiscoveringManager Loaded extensions for org.apache.nifi:nifi-server-nar:2.6.0 in 1 millis
2025-10-16 10:49:33,125 INFO [main] o.a.n.n.StandardExtensionDiscoveringManager Loaded extensions for org.apache.nifi:nifi-standard-services-api-nar:2.6.0 in 1 millis
2025-10-16 10:49:33,125 INFO [main] o.a.n.n.StandardExtensionDiscoveringManager Loaded extensions for org.apache.nifi:nifi-email-nar:2.6.0 in 0 millis
2025-10-16 10:49:33,126 INFO [main] o.a.n.n.StandardExtensionDiscoveringManager Loaded extensions for org.apache.nifi:nifi-dbcp-service-nar:2.6.0 in 1 millis
2025-10-16 10:49:33,127 INFO [main] o.a.n.n.StandardExtensionDiscoveringManager Loaded extensions for org.apache.nifi:nifi-kerberos-iaa-providers-nar:2.6.0 in 1 millis
2025-10-16 10:49:33,127 INFO [main] o.a.n.n.StandardExtensionDiscoveringManager Loaded extensions for org.apache.nifi:nifi-evtx-nar:2.6.0 in 0 millis
2025-10-16 10:49:33,128 INFO [main] o.a.n.n.StandardExtensionDiscoveringManager Loaded extensions for org.apache.nifi:nifi-stateful-analysis-nar:2.6.0 in 1 millis
2025-10-16 10:49:33,129 INFO [main] o.a.n.n.StandardExtensionDiscoveringManager Loaded extensions for org.apache.nifi:nifi-file-resource-service-nar:2.6.0 in 1 millis
2025-10-16 10:49:33,129 INFO [main] o.a.n.n.StandardExtensionDiscoveringManager Loaded extensions for org.apache.nifi:nifi-standard-shared-nar:2.6.0 in 0 millis
2025-10-16 10:49:33,130 INFO [main] o.a.n.n.StandardExtensionDiscoveringManager Loaded extensions for org.apache.nifi:nifi-gcp-services-api-nar:2.6.0 in 1 millis
2025-10-16 10:49:33,131 INFO [main] o.a.n.n.StandardExtensionDiscoveringManager Loaded extensions for org.apache.nifi:nifi-database-dialect-service-nar:2.6.0 in 1 millis
2025-10-16 10:49:33,132 INFO [main] o.a.n.n.StandardExtensionDiscoveringManager Loaded extensions for org.apache.nifi:nifi-poi-nar:2.6.0 in 1 millis
2025-10-16 10:49:33,133 INFO [main] o.a.n.n.StandardExtensionDiscoveringManager Loaded extensions for org.apache.nifi:nifi-key-service-nar:2.6.0 in 1 millis
2025-10-16 10:49:33,133 INFO [main] o.a.n.n.StandardExtensionDiscoveringManager Loaded extensions for org.apache.nifi:nifi-asana-services-api-nar:2.6.0 in 0 millis
2025-10-16 10:49:33,134 INFO [main] o.a.n.n.StandardExtensionDiscoveringManager Loaded extensions for org.apache.nifi:nifi-snmp-nar:2.6.0 in 0 millis
2025-10-16 10:49:33,136 INFO [main] o.a.n.n.StandardExtensionDiscoveringManager Loaded extensions for org.apache.nifi:nifi-framework-zookeeper-nar:2.6.0 in 1 millis
2025-10-16 10:49:33,136 INFO [main] o.a.n.n.StandardExtensionDiscoveringManager Loaded extensions for org.apache.nifi:nifi-ssl-context-service-nar:2.6.0 in 0 millis
2025-10-16 10:49:33,137 INFO [main] o.a.n.n.StandardExtensionDiscoveringManager Loaded extensions for org.apache.nifi:nifi-web-client-provider-service-nar:2.6.0 in 0 millis
2025-10-16 10:49:33,138 INFO [main] o.a.n.n.StandardExtensionDiscoveringManager Loaded extensions for org.apache.nifi:nifi-network-processors-nar:2.6.0 in 1 millis
2025-10-16 10:49:33,139 INFO [main] o.a.n.n.StandardExtensionDiscoveringManager Loaded extensions for org.apache.nifi:nifi-kafka-service-api-nar:2.6.0 in 1 millis
2025-10-16 10:49:33,140 INFO [main] o.a.n.n.StandardExtensionDiscoveringManager Loaded extensions for org.apache.nifi:nifi-windows-event-log-nar:2.6.0 in 1 millis
2025-10-16 10:49:33,141 INFO [main] o.a.n.n.StandardExtensionDiscoveringManager Loaded extensions for org.apache.nifi:nifi-gcp-nar:2.6.0 in 1 millis
2025-10-16 10:49:33,142 INFO [main] o.a.n.n.StandardExtensionDiscoveringManager Loaded extensions for org.apache.nifi:nifi-hashicorp-vault-client-service-api-nar:2.6.0 in 1 millis
2025-10-16 10:49:33,143 INFO [main] o.a.n.n.StandardExtensionDiscoveringManager Loaded extensions for org.apache.nifi:nifi-registry-nar:2.6.0 in 1 millis
2025-10-16 10:49:33,144 INFO [main] o.a.n.n.StandardExtensionDiscoveringManager Loaded extensions for org.apache.nifi:nifi-protobuf-services-nar:2.6.0 in 1 millis
2025-10-16 10:49:33,144 INFO [main] o.a.n.n.StandardExtensionDiscoveringManager Loaded extensions for org.apache.nifi:nifi-asana-services-nar:2.6.0 in 0 millis
2025-10-16 10:49:33,146 INFO [main] o.a.n.n.StandardExtensionDiscoveringManager Loaded extensions for org.apache.nifi:nifi-site-to-site-reporting-nar:2.6.0 in 2 millis
2025-10-16 10:49:33,146 INFO [main] o.a.n.n.StandardExtensionDiscoveringManager Loaded extensions for org.apache.nifi:nifi-zendesk-nar:2.6.0 in 0 millis
2025-10-16 10:49:33,147 INFO [main] o.a.n.n.StandardExtensionDiscoveringManager Loaded extensions for org.apache.nifi:nifi-cipher-nar:2.6.0 in 0 millis
2025-10-16 10:49:33,148 INFO [main] o.a.n.n.StandardExtensionDiscoveringManager Loaded extensions for org.apache.nifi:nifi-jms-cf-service-nar:2.6.0 in 1 millis
2025-10-16 10:49:33,149 INFO [main] o.a.n.n.StandardExtensionDiscoveringManager Loaded extensions for org.apache.nifi:nifi-jolt-nar:2.6.0 in 1 millis
2025-10-16 10:49:33,150 INFO [main] o.a.n.n.StandardExtensionDiscoveringManager Loaded extensions for org.apache.nifi:nifi-hazelcast-services-api-nar:2.6.0 in 1 millis
2025-10-16 10:49:33,151 INFO [main] o.a.n.n.StandardExtensionDiscoveringManager Loaded extensions for org.apache.nifi:nifi-pgp-service-api-nar:2.6.0 in 1 millis
2025-10-16 10:49:33,151 INFO [main] o.a.n.n.StandardExtensionDiscoveringManager Loaded extensions for org.apache.nifi:nifi-proxy-configuration-nar:2.6.0 in 0 millis
2025-10-16 10:49:33,152 INFO [main] o.a.n.n.StandardExtensionDiscoveringManager Loaded extensions for org.apache.nifi:nifi-airtable-nar:2.6.0 in 1 millis
2025-10-16 10:49:33,153 INFO [main] o.a.n.n.StandardExtensionDiscoveringManager Loaded extensions for org.apache.nifi:nifi-github-nar:2.6.0 in 1 millis
2025-10-16 10:49:33,154 INFO [main] o.a.n.n.StandardExtensionDiscoveringManager Loaded extensions for org.apache.nifi:nifi-oauth2-provider-nar:2.6.0 in 1 millis
2025-10-16 10:49:33,155 INFO [main] o.a.n.n.StandardExtensionDiscoveringManager Loaded extensions for org.apache.nifi:nifi-workday-processors-nar:2.6.0 in 1 millis
2025-10-16 10:49:33,155 INFO [main] o.a.n.n.StandardExtensionDiscoveringManager Loaded extensions for org.apache.nifi:nifi-mongodb-client-service-api-nar:2.6.0 in 0 millis
2025-10-16 10:49:33,156 INFO [main] o.a.n.n.StandardExtensionDiscoveringManager Loaded extensions for org.apache.nifi:nifi-groovyx-nar:2.6.0 in 1 millis
2025-10-16 10:49:33,157 INFO [main] o.a.n.n.StandardExtensionDiscoveringManager Loaded extensions for org.apache.nifi:nifi-hazelcast-services-nar:2.6.0 in 1 millis
2025-10-16 10:49:33,158 INFO [main] o.a.n.n.StandardExtensionDiscoveringManager Loaded extensions for org.apache.nifi:nifi-mqtt-nar:2.6.0 in 1 millis
2025-10-16 10:49:33,159 INFO [main] o.a.n.n.StandardExtensionDiscoveringManager Loaded extensions for org.apache.nifi:nifi-cdc-mysql-nar:2.6.0 in 1 millis
2025-10-16 10:49:33,160 INFO [main] o.a.n.n.StandardExtensionDiscoveringManager Loaded extensions for org.apache.nifi:nifi-jslt-nar:2.6.0 in 1 millis
2025-10-16 10:49:33,161 INFO [main] o.a.n.n.StandardExtensionDiscoveringManager Loaded extensions for org.apache.nifi:nifi-kafka-nar:2.6.0 in 1 millis
2025-10-16 10:49:33,162 INFO [main] o.a.n.n.StandardExtensionDiscoveringManager Loaded extensions for org.apache.nifi:nifi-mongodb-nar:2.6.0 in 1 millis
2025-10-16 10:49:33,163 INFO [main] o.a.n.n.StandardExtensionDiscoveringManager Loaded extensions for org.apache.nifi:nifi-pgp-service-nar:2.6.0 in 1 millis
2025-10-16 10:49:33,164 INFO [main] o.a.n.n.StandardExtensionDiscoveringManager Loaded extensions for org.apache.nifi:nifi-standard-content-viewer-nar:2.6.0 in 1 millis
2025-10-16 10:49:33,165 INFO [main] o.a.n.n.StandardExtensionDiscoveringManager Loaded extensions for org.apache.nifi:nifi-standard-nar:2.6.0 in 1 millis
2025-10-16 10:49:33,166 INFO [main] o.a.n.n.StandardExtensionDiscoveringManager Loaded extensions for org.apache.nifi:nifi-box-services-api-nar:2.6.0 in 1 millis
2025-10-16 10:49:33,167 INFO [main] o.a.n.n.StandardExtensionDiscoveringManager Loaded extensions for org.apache.nifi:nifi-http-context-map-nar:2.6.0 in 1 millis
2025-10-16 10:49:33,168 INFO [main] o.a.n.n.StandardExtensionDiscoveringManager Loaded extensions for org.apache.nifi:nifi-avro-nar:2.6.0 in 1 millis
2025-10-16 10:49:33,169 INFO [main] o.a.n.n.StandardExtensionDiscoveringManager Loaded extensions for org.apache.nifi:nifi-enrich-nar:2.6.0 in 1 millis
2025-10-16 10:49:33,170 INFO [main] o.a.n.n.StandardExtensionDiscoveringManager Loaded extensions for org.apache.nifi:nifi-lookup-services-nar:2.6.0 in 1 millis
2025-10-16 10:49:33,171 INFO [main] o.a.n.n.StandardExtensionDiscoveringManager Loaded extensions for org.apache.nifi:nifi-splunk-nar:2.6.0 in 1 millis
2025-10-16 10:49:33,172 INFO [main] o.a.n.n.StandardExtensionDiscoveringManager Loaded extensions for org.apache.nifi:nifi-zendesk-services-nar:2.6.0 in 1 millis
2025-10-16 10:49:33,173 INFO [main] o.a.n.n.StandardExtensionDiscoveringManager Loaded extensions for org.apache.nifi:nifi-hashicorp-vault-nar:2.6.0 in 1 millis
2025-10-16 10:49:33,173 INFO [main] o.a.n.n.StandardExtensionDiscoveringManager Loaded extensions for org.apache.nifi:nifi-distributed-cache-services-nar:2.6.0 in 0 millis
2025-10-16 10:49:33,174 INFO [main] o.a.n.n.StandardExtensionDiscoveringManager Loaded extensions for org.apache.nifi:nifi-slack-nar:2.6.0 in 0 millis
2025-10-16 10:49:33,175 INFO [main] o.a.n.n.StandardExtensionDiscoveringManager Loaded extensions for org.apache.nifi:nifi-kafka-3-service-nar:2.6.0 in 1 millis
2025-10-16 10:49:33,176 INFO [main] o.a.n.n.StandardExtensionDiscoveringManager Loaded extensions for org.apache.nifi:nifi-kerberos-user-service-nar:2.6.0 in 1 millis
2025-10-16 10:49:33,177 INFO [main] o.a.n.n.StandardExtensionDiscoveringManager Loaded extensions for org.apache.nifi:nifi-confluent-platform-nar:2.6.0 in 1 millis
2025-10-16 10:49:33,178 INFO [main] o.a.n.n.StandardExtensionDiscoveringManager Loaded extensions for org.apache.nifi:nifi-social-media-nar:2.6.0 in 1 millis
2025-10-16 10:49:33,179 INFO [main] o.a.n.n.StandardExtensionDiscoveringManager Loaded extensions for org.apache.nifi:nifi-opentelemetry-nar:2.6.0 in 1 millis
2025-10-16 10:49:33,180 INFO [main] o.a.n.n.StandardExtensionDiscoveringManager Loaded extensions for org.apache.nifi:nifi-elasticsearch-client-service-api-nar:2.6.0 in 1 millis
2025-10-16 10:49:33,180 INFO [main] o.a.n.n.StandardExtensionDiscoveringManager Loaded extensions for org.apache.nifi:nifi-py4j-nar:2.6.0 in 0 millis
2025-10-16 10:49:33,181 INFO [main] o.a.n.n.StandardExtensionDiscoveringManager Loaded extensions for org.apache.nifi:nifi-amqp-nar:2.6.0 in 1 millis
2025-10-16 10:49:33,182 INFO [main] o.a.n.n.StandardExtensionDiscoveringManager Loaded extensions for org.apache.nifi:nifi-salesforce-nar:2.6.0 in 1 millis
2025-10-16 10:49:33,183 INFO [main] o.a.n.n.StandardExtensionDiscoveringManager Loaded extensions for org.apache.nifi:nifi-websocket-services-api-nar:2.6.0 in 1 millis
2025-10-16 10:49:33,183 INFO [main] o.a.n.n.StandardExtensionDiscoveringManager Loaded extensions for org.apache.nifi:nifi-shopify-nar:2.6.0 in 0 millis
2025-10-16 10:49:33,184 INFO [main] o.a.n.n.StandardExtensionDiscoveringManager Loaded extensions for org.apache.nifi:nifi-geohash-nar:2.6.0 in 0 millis
2025-10-16 10:49:33,185 INFO [main] o.a.n.n.StandardExtensionDiscoveringManager Loaded extensions for org.apache.nifi:nifi-aws-service-api-nar:2.6.0 in 1 millis
2025-10-16 10:49:33,186 INFO [main] o.a.n.n.StandardExtensionDiscoveringManager Loaded extensions for org.apache.nifi:nifi-kafka-service-aws-nar:2.6.0 in 1 millis
2025-10-16 10:49:33,187 INFO [main] o.a.n.n.StandardExtensionDiscoveringManager Loaded extensions for org.apache.nifi:nifi-db-schema-registry-service-nar:2.6.0 in 1 millis
2025-10-16 10:49:33,187 INFO [main] o.a.n.n.StandardExtensionDiscoveringManager Loaded extensions for org.apache.nifi:nifi-dropbox-services-api-nar:2.6.0 in 0 millis
2025-10-16 10:49:33,188 INFO [main] o.a.n.n.StandardExtensionDiscoveringManager Loaded extensions for org.apache.nifi:nifi-flow-registry-client-nar:2.6.0 in 1 millis
2025-10-16 10:49:33,189 INFO [main] o.a.n.n.StandardExtensionDiscoveringManager Loaded extensions for org.apache.nifi:nifi-azure-services-api-nar:2.6.0 in 1 millis
2025-10-16 10:49:33,190 INFO [main] o.a.n.n.StandardExtensionDiscoveringManager Loaded extensions for org.apache.nifi:nifi-dropbox-services-nar:2.6.0 in 1 millis
2025-10-16 10:49:33,190 INFO [main] o.a.n.n.StandardExtensionDiscoveringManager Loaded extensions for org.apache.nifi:nifi-apicurio-nar:2.6.0 in 0 millis
2025-10-16 10:49:33,191 INFO [main] o.a.n.n.StandardExtensionDiscoveringManager Loaded extensions for org.apache.nifi:nifi-hubspot-nar:2.6.0 in 1 millis
2025-10-16 10:49:33,192 INFO [main] o.a.n.n.StandardExtensionDiscoveringManager Loaded extensions for org.apache.nifi:nifi-smb-client-api-nar:2.6.0 in 1 millis
2025-10-16 10:49:33,193 INFO [main] o.a.n.n.StandardExtensionDiscoveringManager Loaded extensions for org.apache.nifi:nifi-record-sink-service-nar:2.6.0 in 1 millis
2025-10-16 10:49:33,193 INFO [main] o.a.n.n.StandardExtensionDiscoveringManager Loaded extensions for org.apache.nifi:nifi-gitlab-nar:2.6.0 in 0 millis
2025-10-16 10:49:33,194 INFO [main] o.a.n.n.StandardExtensionDiscoveringManager Loaded extensions for org.apache.nifi:nifi-box-nar:2.6.0 in 0 millis
2025-10-16 10:49:33,195 INFO [main] o.a.n.n.StandardExtensionDiscoveringManager Loaded extensions for org.apache.nifi:nifi-scripting-nar:2.6.0 in 1 millis
2025-10-16 10:49:33,196 INFO [main] o.a.n.n.StandardExtensionDiscoveringManager Loaded extensions for org.apache.nifi:nifi-asana-processors-nar:2.6.0 in 1 millis
2025-10-16 10:49:33,197 INFO [main] o.a.n.n.StandardExtensionDiscoveringManager Loaded extensions for org.apache.nifi:nifi-atlassian-nar:2.6.0 in 1 millis
2025-10-16 10:49:33,198 INFO [main] o.a.n.n.StandardExtensionDiscoveringManager Loaded extensions for org.apache.nifi:nifi-jms-processors-nar:2.6.0 in 1 millis
2025-10-16 10:49:33,199 INFO [main] o.a.n.n.StandardExtensionDiscoveringManager Loaded extensions for org.apache.nifi:nifi-record-serialization-services-nar:2.6.0 in 1 millis
2025-10-16 10:49:33,200 INFO [main] o.a.n.n.StandardExtensionDiscoveringManager Loaded extensions for org.apache.nifi:nifi-elasticsearch-client-service-nar:2.6.0 in 1 millis
2025-10-16 10:49:33,200 INFO [main] o.a.n.n.StandardExtensionDiscoveringManager Loaded extensions for org.apache.nifi:nifi-redis-service-api-nar:2.6.0 in 0 millis
2025-10-16 10:49:33,201 INFO [main] o.a.n.n.StandardExtensionDiscoveringManager Loaded extensions for org.apache.nifi:nifi-smb-smbj-client-nar:2.6.0 in 1 millis
2025-10-16 10:49:33,202 INFO [main] o.a.n.n.StandardExtensionDiscoveringManager Loaded extensions for org.apache.nifi:nifi-pgp-nar:2.6.0 in 1 millis
2025-10-16 10:49:33,203 INFO [main] o.a.n.n.StandardExtensionDiscoveringManager Loaded extensions for org.apache.nifi:nifi-smb-nar:2.6.0 in 1 millis
2025-10-16 10:49:33,204 INFO [main] o.a.n.n.StandardExtensionDiscoveringManager Loaded extensions for org.apache.nifi:nifi-mongodb-services-nar:2.6.0 in 1 millis
2025-10-16 10:49:33,205 INFO [main] o.a.n.n.StandardExtensionDiscoveringManager Loaded extensions for org.apache.nifi:nifi-websocket-processors-nar:2.6.0 in 1 millis
2025-10-16 10:49:33,205 INFO [main] o.a.n.n.StandardExtensionDiscoveringManager Loaded extensions for org.apache.nifi:nifi-dropbox-processors-nar:2.6.0 in 0 millis
2025-10-16 10:49:33,206 INFO [main] o.a.n.n.StandardExtensionDiscoveringManager Loaded extensions for org.apache.nifi:nifi-websocket-services-jetty-nar:2.6.0 in 1 millis
2025-10-16 10:49:33,207 INFO [main] o.a.n.n.StandardExtensionDiscoveringManager Loaded extensions for org.apache.nifi:nifi-box-services-nar:2.6.0 in 1 millis
2025-10-16 10:49:33,209 INFO [main] o.a.n.n.StandardExtensionDiscoveringManager Loaded extensions for org.apache.nifi:nifi-aws-nar:2.6.0 in 2 millis
2025-10-16 10:49:33,210 INFO [main] o.a.n.n.StandardExtensionDiscoveringManager Loaded extensions for org.apache.nifi:nifi-elasticsearch-restapi-nar:2.6.0 in 1 millis
2025-10-16 10:49:33,211 INFO [main] o.a.n.n.StandardExtensionDiscoveringManager Loaded extensions for org.apache.nifi:nifi-azure-nar:2.6.0 in 1 millis
2025-10-16 10:49:33,212 INFO [main] o.a.n.n.StandardExtensionDiscoveringManager Loaded extensions for org.apache.nifi:nifi-redis-nar:2.6.0 in 1 millis
2025-10-16 10:49:33,212 INFO [main] o.a.n.n.StandardExtensionDiscoveringManager Extension Type Mapping to Bundle:
	=== ExternalResourceProvider Type ===
	org.apache.nifi.registry.extension.NiFiRegistryExternalResourceProvider
		org.apache.nifi:nifi-framework-nar:2.6.0 || ./work/nar/framework/nifi-framework-nar-2.6.0.nar-unpacked
	=== End ExternalResourceProvider types ===
	=== UserGroupProvider Type ===
	org.apache.nifi.authorization.FileUserGroupProvider
		org.apache.nifi:nifi-framework-nar:2.6.0 || ./work/nar/framework/nifi-framework-nar-2.6.0.nar-unpacked
	org.apache.nifi.authorization.azure.AzureGraphUserGroupProvider
		org.apache.nifi:nifi-azure-nar:2.6.0 || ./work/nar/extensions/nifi-azure-nar-2.6.0.nar-unpacked
	org.apache.nifi.ldap.tenants.LdapUserGroupProvider
		org.apache.nifi:nifi-ldap-iaa-providers-nar:2.6.0 || ./work/nar/extensions/nifi-ldap-iaa-providers-nar-2.6.0.nar-unpacked
	org.apache.nifi.authorization.CompositeUserGroupProvider
		org.apache.nifi:nifi-framework-nar:2.6.0 || ./work/nar/framework/nifi-framework-nar-2.6.0.nar-unpacked
	org.apache.nifi.authorization.CompositeConfigurableUserGroupProvider
		org.apache.nifi:nifi-framework-nar:2.6.0 || ./work/nar/framework/nifi-framework-nar-2.6.0.nar-unpacked
	=== End UserGroupProvider types ===
	=== StatusHistoryRepository Type ===
	org.apache.nifi.controller.status.history.VolatileComponentStatusRepository
		org.apache.nifi:nifi-framework-nar:2.6.0 || ./work/nar/framework/nifi-framework-nar-2.6.0.nar-unpacked
	=== End StatusHistoryRepository types ===
	=== LoginIdentityProvider Type ===
	org.apache.nifi.kerberos.KerberosProvider
		org.apache.nifi:nifi-kerberos-iaa-providers-nar:2.6.0 || ./work/nar/extensions/nifi-kerberos-iaa-providers-nar-2.6.0.nar-unpacked
	org.apache.nifi.authentication.single.user.SingleUserLoginIdentityProvider
		org.apache.nifi:nifi-single-user-iaa-providers-nar:2.6.0 || ./work/nar/extensions/nifi-single-user-iaa-providers-nar-2.6.0.nar-unpacked
	org.apache.nifi.ldap.LdapProvider
		org.apache.nifi:nifi-ldap-iaa-providers-nar:2.6.0 || ./work/nar/extensions/nifi-ldap-iaa-providers-nar-2.6.0.nar-unpacked
	=== End LoginIdentityProvider types ===
	=== ProvenanceRepository Type ===
	org.apache.nifi.provenance.NoOpProvenanceRepository
		org.apache.nifi:nifi-provenance-repository-nar:2.6.0 || ./work/nar/extensions/nifi-provenance-repository-nar-2.6.0.nar-unpacked
	org.apache.nifi.provenance.WriteAheadProvenanceRepository
		org.apache.nifi:nifi-provenance-repository-nar:2.6.0 || ./work/nar/extensions/nifi-provenance-repository-nar-2.6.0.nar-unpacked
	org.apache.nifi.provenance.VolatileProvenanceRepository
		org.apache.nifi:nifi-provenance-repository-nar:2.6.0 || ./work/nar/extensions/nifi-provenance-repository-nar-2.6.0.nar-unpacked
	=== End ProvenanceRepository types ===
	=== StateProvider Type ===
	org.apache.nifi.redis.state.RedisStateProvider
		org.apache.nifi:nifi-redis-nar:2.6.0 || ./work/nar/extensions/nifi-redis-nar-2.6.0.nar-unpacked
	org.apache.nifi.controller.state.providers.local.WriteAheadLocalStateProvider
		org.apache.nifi:nifi-framework-nar:2.6.0 || ./work/nar/framework/nifi-framework-nar-2.6.0.nar-unpacked
	org.apache.nifi.kubernetes.state.provider.KubernetesConfigMapStateProvider
		org.apache.nifi:nifi-framework-kubernetes-nar:2.6.0 || ./work/nar/extensions/nifi-framework-kubernetes-nar-2.6.0.nar-unpacked
	org.apache.nifi.controller.state.providers.zookeeper.ZooKeeperStateProvider
		org.apache.nifi:nifi-framework-zookeeper-nar:2.6.0 || ./work/nar/extensions/nifi-framework-zookeeper-nar-2.6.0.nar-unpacked
	org.apache.nifi.controller.state.providers.zookeeper.server.ZooKeeperStateProviderServer
		org.apache.nifi:nifi-framework-zookeeper-nar:2.6.0 || ./work/nar/extensions/nifi-framework-zookeeper-nar-2.6.0.nar-unpacked
	=== End StateProvider types ===
	=== FlowActionReporter Type ===
	=== End FlowActionReporter types ===
	=== Processor Type ===
	org.apache.nifi.processors.standard.ExecuteProcess
		org.apache.nifi:nifi-standard-nar:2.6.0 || ./work/nar/extensions/nifi-standard-nar-2.6.0.nar-unpacked
	org.apache.nifi.processors.standard.AttributesToCSV
		org.apache.nifi:nifi-standard-nar:2.6.0 || ./work/nar/extensions/nifi-standard-nar-2.6.0.nar-unpacked
	org.apache.nifi.processors.standard.SplitRecord
		org.apache.nifi:nifi-standard-nar:2.6.0 || ./work/nar/extensions/nifi-standard-nar-2.6.0.nar-unpacked
	org.apache.nifi.processors.salesforce.QuerySalesforceObject
		org.apache.nifi:nifi-salesforce-nar:2.6.0 || ./work/nar/extensions/nifi-salesforce-nar-2.6.0.nar-unpacked
	org.apache.nifi.processors.standard.CountText
		org.apache.nifi:nifi-standard-nar:2.6.0 || ./work/nar/extensions/nifi-standard-nar-2.6.0.nar-unpacked
	org.apache.nifi.processors.azure.storage.queue.PutAzureQueueStorage_v12
		org.apache.nifi:nifi-azure-nar:2.6.0 || ./work/nar/extensions/nifi-azure-nar-2.6.0.nar-unpacked
	org.apache.nifi.processors.gcp.drive.PutGoogleDrive
		org.apache.nifi:nifi-gcp-nar:2.6.0 || ./work/nar/extensions/nifi-gcp-nar-2.6.0.nar-unpacked
	org.apache.nifi.processors.standard.ValidateCsv
		org.apache.nifi:nifi-standard-nar:2.6.0 || ./work/nar/extensions/nifi-standard-nar-2.6.0.nar-unpacked
	org.apache.nifi.processors.azure.storage.queue.GetAzureQueueStorage_v12
		org.apache.nifi:nifi-azure-nar:2.6.0 || ./work/nar/extensions/nifi-azure-nar-2.6.0.nar-unpacked
	org.apache.nifi.processors.azure.storage.DeleteAzureBlobStorage_v12
		org.apache.nifi:nifi-azure-nar:2.6.0 || ./work/nar/extensions/nifi-azure-nar-2.6.0.nar-unpacked
	org.apache.nifi.amqp.processors.PublishAMQP
		org.apache.nifi:nifi-amqp-nar:2.6.0 || ./work/nar/extensions/nifi-amqp-nar-2.6.0.nar-unpacked
	org.apache.nifi.processors.standard.CryptographicHashContent
		org.apache.nifi:nifi-standard-nar:2.6.0 || ./work/nar/extensions/nifi-standard-nar-2.6.0.nar-unpacked
	org.apache.nifi.processors.email.ExtractEmailHeaders
		org.apache.nifi:nifi-email-nar:2.6.0 || ./work/nar/extensions/nifi-email-nar-2.6.0.nar-unpacked
	org.apache.nifi.processors.dropbox.PutDropbox
		org.apache.nifi:nifi-dropbox-processors-nar:2.6.0 || ./work/nar/extensions/nifi-dropbox-processors-nar-2.6.0.nar-unpacked
	org.apache.nifi.processors.standard.ListFile
		org.apache.nifi:nifi-standard-nar:2.6.0 || ./work/nar/extensions/nifi-standard-nar-2.6.0.nar-unpacked
	org.apache.nifi.processors.standard.ModifyBytes
		org.apache.nifi:nifi-standard-nar:2.6.0 || ./work/nar/extensions/nifi-standard-nar-2.6.0.nar-unpacked
	org.apache.nifi.processors.pgp.EncryptContentPGP
		org.apache.nifi:nifi-pgp-nar:2.6.0 || ./work/nar/extensions/nifi-pgp-nar-2.6.0.nar-unpacked
	org.apache.nifi.processors.hl7.RouteHL7
		org.apache.nifi:nifi-hl7-nar:2.6.0 || ./work/nar/extensions/nifi-hl7-nar-2.6.0.nar-unpacked
	org.apache.nifi.processors.aws.sns.PutSNS
		org.apache.nifi:nifi-aws-nar:2.6.0 || ./work/nar/extensions/nifi-aws-nar-2.6.0.nar-unpacked
	org.apache.nifi.processors.standard.ListSFTP
		org.apache.nifi:nifi-standard-nar:2.6.0 || ./work/nar/extensions/nifi-standard-nar-2.6.0.nar-unpacked
	org.apache.nifi.processors.gcp.storage.PutGCSObject
		org.apache.nifi:nifi-gcp-nar:2.6.0 || ./work/nar/extensions/nifi-gcp-nar-2.6.0.nar-unpacked
	org.apache.nifi.processors.azure.storage.PutAzureDataLakeStorage
		org.apache.nifi:nifi-azure-nar:2.6.0 || ./work/nar/extensions/nifi-azure-nar-2.6.0.nar-unpacked
	org.apache.nifi.processors.elasticsearch.PutElasticsearchRecord
		org.apache.nifi:nifi-elasticsearch-restapi-nar:2.6.0 || ./work/nar/extensions/nifi-elasticsearch-restapi-nar-2.6.0.nar-unpacked
	org.apache.nifi.processors.standard.ScanContent
		org.apache.nifi:nifi-standard-nar:2.6.0 || ./work/nar/extensions/nifi-standard-nar-2.6.0.nar-unpacked
	org.apache.nifi.processors.mongodb.GetMongoRecord
		org.apache.nifi:nifi-mongodb-nar:2.6.0 || ./work/nar/extensions/nifi-mongodb-nar-2.6.0.nar-unpacked
	org.apache.nifi.processors.standard.EvaluateXQuery
		org.apache.nifi:nifi-standard-nar:2.6.0 || ./work/nar/extensions/nifi-standard-nar-2.6.0.nar-unpacked
	org.apache.nifi.processors.standard.RouteText
		org.apache.nifi:nifi-standard-nar:2.6.0 || ./work/nar/extensions/nifi-standard-nar-2.6.0.nar-unpacked
	org.apache.nifi.processors.websocket.ListenWebSocket
		org.apache.nifi:nifi-websocket-processors-nar:2.6.0 || ./work/nar/extensions/nifi-websocket-processors-nar-2.6.0.nar-unpacked
	org.apache.nifi.processors.GeoEnrichIP
		org.apache.nifi:nifi-enrich-nar:2.6.0 || ./work/nar/extensions/nifi-enrich-nar-2.6.0.nar-unpacked
	org.apache.nifi.processors.opentelemetry.ListenOTLP
		org.apache.nifi:nifi-opentelemetry-nar:2.6.0 || ./work/nar/extensions/nifi-opentelemetry-nar-2.6.0.nar-unpacked
	org.apache.nifi.processors.standard.MonitorActivity
		org.apache.nifi:nifi-standard-nar:2.6.0 || ./work/nar/extensions/nifi-standard-nar-2.6.0.nar-unpacked
	org.apache.nifi.processors.salesforce.PutSalesforceObject
		org.apache.nifi:nifi-salesforce-nar:2.6.0 || ./work/nar/extensions/nifi-salesforce-nar-2.6.0.nar-unpacked
	org.apache.nifi.processors.standard.ExtractRecordSchema
		org.apache.nifi:nifi-standard-nar:2.6.0 || ./work/nar/extensions/nifi-standard-nar-2.6.0.nar-unpacked
	org.apache.nifi.processors.standard.GenerateTableFetch
		org.apache.nifi:nifi-standard-nar:2.6.0 || ./work/nar/extensions/nifi-standard-nar-2.6.0.nar-unpacked
	org.apache.nifi.processors.standard.HandleHttpResponse
		org.apache.nifi:nifi-standard-nar:2.6.0 || ./work/nar/extensions/nifi-standard-nar-2.6.0.nar-unpacked
	org.apache.nifi.processors.box.ConsumeBoxEnterpriseEvents
		org.apache.nifi:nifi-box-nar:2.6.0 || ./work/nar/extensions/nifi-box-nar-2.6.0.nar-unpacked
	org.apache.nifi.snmp.processors.SendTrapSNMP
		org.apache.nifi:nifi-snmp-nar:2.6.0 || ./work/nar/extensions/nifi-snmp-nar-2.6.0.nar-unpacked
	org.apache.nifi.processors.standard.ListenFTP
		org.apache.nifi:nifi-standard-nar:2.6.0 || ./work/nar/extensions/nifi-standard-nar-2.6.0.nar-unpacked
	org.apache.nifi.processors.aws.s3.GetS3ObjectMetadata
		org.apache.nifi:nifi-aws-nar:2.6.0 || ./work/nar/extensions/nifi-aws-nar-2.6.0.nar-unpacked
	org.apache.nifi.processors.standard.ListenSyslog
		org.apache.nifi:nifi-standard-nar:2.6.0 || ./work/nar/extensions/nifi-standard-nar-2.6.0.nar-unpacked
	org.apache.nifi.processors.standard.ConvertRecord
		org.apache.nifi:nifi-standard-nar:2.6.0 || ./work/nar/extensions/nifi-standard-nar-2.6.0.nar-unpacked
	org.apache.nifi.processors.avro.SplitAvro
		org.apache.nifi:nifi-avro-nar:2.6.0 || ./work/nar/extensions/nifi-avro-nar-2.6.0.nar-unpacked
	org.apache.nifi.processors.airtable.QueryAirtableTable
		org.apache.nifi:nifi-airtable-nar:2.6.0 || ./work/nar/extensions/nifi-airtable-nar-2.6.0.nar-unpacked
	org.apache.nifi.processors.box.ListBoxFile
		org.apache.nifi:nifi-box-nar:2.6.0 || ./work/nar/extensions/nifi-box-nar-2.6.0.nar-unpacked
	org.apache.nifi.processors.jslt.JSLTTransformJSON
		org.apache.nifi:nifi-jslt-nar:2.6.0 || ./work/nar/extensions/nifi-jslt-nar-2.6.0.nar-unpacked
	org.apache.nifi.snmp.processors.SetSNMP
		org.apache.nifi:nifi-snmp-nar:2.6.0 || ./work/nar/extensions/nifi-snmp-nar-2.6.0.nar-unpacked
	org.apache.nifi.processors.standard.InvokeHTTP
		org.apache.nifi:nifi-standard-nar:2.6.0 || ./work/nar/extensions/nifi-standard-nar-2.6.0.nar-unpacked
	org.apache.nifi.processors.aws.s3.TagS3Object
		org.apache.nifi:nifi-aws-nar:2.6.0 || ./work/nar/extensions/nifi-aws-nar-2.6.0.nar-unpacked
	org.apache.nifi.processors.standard.TailFile
		org.apache.nifi:nifi-standard-nar:2.6.0 || ./work/nar/extensions/nifi-standard-nar-2.6.0.nar-unpacked
	org.apache.nifi.processors.gcp.bigquery.PutBigQuery
		org.apache.nifi:nifi-gcp-nar:2.6.0 || ./work/nar/extensions/nifi-gcp-nar-2.6.0.nar-unpacked
	org.apache.nifi.processors.standard.PutTCP
		org.apache.nifi:nifi-standard-nar:2.6.0 || ./work/nar/extensions/nifi-standard-nar-2.6.0.nar-unpacked
	org.apache.nifi.processors.standard.CalculateRecordStats
		org.apache.nifi:nifi-standard-nar:2.6.0 || ./work/nar/extensions/nifi-standard-nar-2.6.0.nar-unpacked
	org.apache.nifi.processors.dropbox.FetchDropbox
		org.apache.nifi:nifi-dropbox-processors-nar:2.6.0 || ./work/nar/extensions/nifi-dropbox-processors-nar-2.6.0.nar-unpacked
	org.apache.nifi.processors.standard.FetchSFTP
		org.apache.nifi:nifi-standard-nar:2.6.0 || ./work/nar/extensions/nifi-standard-nar-2.6.0.nar-unpacked
	org.apache.nifi.processors.standard.DeleteSFTP
		org.apache.nifi:nifi-standard-nar:2.6.0 || ./work/nar/extensions/nifi-standard-nar-2.6.0.nar-unpacked
	org.apache.nifi.processors.azure.storage.CopyAzureBlobStorage_v12
		org.apache.nifi:nifi-azure-nar:2.6.0 || ./work/nar/extensions/nifi-azure-nar-2.6.0.nar-unpacked
	org.apache.nifi.processors.slack.ConsumeSlack
		org.apache.nifi:nifi-slack-nar:2.6.0 || ./work/nar/extensions/nifi-slack-nar-2.6.0.nar-unpacked
	org.apache.nifi.processors.standard.ScanAttribute
		org.apache.nifi:nifi-standard-nar:2.6.0 || ./work/nar/extensions/nifi-standard-nar-2.6.0.nar-unpacked
	org.apache.nifi.processors.standard.HandleHttpRequest
		org.apache.nifi:nifi-standard-nar:2.6.0 || ./work/nar/extensions/nifi-standard-nar-2.6.0.nar-unpacked
	org.apache.nifi.processors.box.FetchBoxFileInfo
		org.apache.nifi:nifi-box-nar:2.6.0 || ./work/nar/extensions/nifi-box-nar-2.6.0.nar-unpacked
	org.apache.nifi.snmp.processors.GetSNMP
		org.apache.nifi:nifi-snmp-nar:2.6.0 || ./work/nar/extensions/nifi-snmp-nar-2.6.0.nar-unpacked
	org.apache.nifi.processors.standard.ExtractGrok
		org.apache.nifi:nifi-standard-nar:2.6.0 || ./work/nar/extensions/nifi-standard-nar-2.6.0.nar-unpacked
	org.apache.nifi.processors.standard.LookupRecord
		org.apache.nifi:nifi-standard-nar:2.6.0 || ./work/nar/extensions/nifi-standard-nar-2.6.0.nar-unpacked
	org.apache.nifi.processors.pgp.VerifyContentPGP
		org.apache.nifi:nifi-pgp-nar:2.6.0 || ./work/nar/extensions/nifi-pgp-nar-2.6.0.nar-unpacked
	org.apache.nifi.processors.aws.ml.translate.StartAwsTranslateJob
		org.apache.nifi:nifi-aws-nar:2.6.0 || ./work/nar/extensions/nifi-aws-nar-2.6.0.nar-unpacked
	org.apache.nifi.processors.azure.data.explorer.PutAzureDataExplorer
		org.apache.nifi:nifi-azure-nar:2.6.0 || ./work/nar/extensions/nifi-azure-nar-2.6.0.nar-unpacked
	org.apache.nifi.processors.aws.ml.transcribe.GetAwsTranscribeJobStatus
		org.apache.nifi:nifi-aws-nar:2.6.0 || ./work/nar/extensions/nifi-aws-nar-2.6.0.nar-unpacked
	org.apache.nifi.processors.mongodb.RunMongoAggregation
		org.apache.nifi:nifi-mongodb-nar:2.6.0 || ./work/nar/extensions/nifi-mongodb-nar-2.6.0.nar-unpacked
	org.apache.nifi.processors.shopify.GetShopify
		org.apache.nifi:nifi-shopify-nar:2.6.0 || ./work/nar/extensions/nifi-shopify-nar-2.6.0.nar-unpacked
	org.apache.nifi.processors.standard.ForkEnrichment
		org.apache.nifi:nifi-standard-nar:2.6.0 || ./work/nar/extensions/nifi-standard-nar-2.6.0.nar-unpacked
	org.apache.nifi.processors.aws.sqs.DeleteSQS
		org.apache.nifi:nifi-aws-nar:2.6.0 || ./work/nar/extensions/nifi-aws-nar-2.6.0.nar-unpacked
	org.apache.nifi.processors.standard.RetryFlowFile
		org.apache.nifi:nifi-standard-nar:2.6.0 || ./work/nar/extensions/nifi-standard-nar-2.6.0.nar-unpacked
	org.apache.nifi.processors.standard.SampleRecord
		org.apache.nifi:nifi-standard-nar:2.6.0 || ./work/nar/extensions/nifi-standard-nar-2.6.0.nar-unpacked
	org.apache.nifi.processors.standard.ValidateXml
		org.apache.nifi:nifi-standard-nar:2.6.0 || ./work/nar/extensions/nifi-standard-nar-2.6.0.nar-unpacked
	org.apache.nifi.processors.gcp.storage.FetchGCSObject
		org.apache.nifi:nifi-gcp-nar:2.6.0 || ./work/nar/extensions/nifi-gcp-nar-2.6.0.nar-unpacked
	org.apache.nifi.processors.standard.ListenUDP
		org.apache.nifi:nifi-standard-nar:2.6.0 || ./work/nar/extensions/nifi-standard-nar-2.6.0.nar-unpacked
	org.apache.nifi.processors.box.ExtractStructuredBoxFileMetadata
		org.apache.nifi:nifi-box-nar:2.6.0 || ./work/nar/extensions/nifi-box-nar-2.6.0.nar-unpacked
	org.apache.nifi.processors.mongodb.PutMongoBulkOperations
		org.apache.nifi:nifi-mongodb-nar:2.6.0 || ./work/nar/extensions/nifi-mongodb-nar-2.6.0.nar-unpacked
	org.apache.nifi.processors.websocket.PutWebSocket
		org.apache.nifi:nifi-websocket-processors-nar:2.6.0 || ./work/nar/extensions/nifi-websocket-processors-nar-2.6.0.nar-unpacked
	org.apache.nifi.processors.elasticsearch.SearchElasticsearch
		org.apache.nifi:nifi-elasticsearch-restapi-nar:2.6.0 || ./work/nar/extensions/nifi-elasticsearch-restapi-nar-2.6.0.nar-unpacked
	org.apache.nifi.processors.geohash.GeohashRecord
		org.apache.nifi:nifi-geohash-nar:2.6.0 || ./work/nar/extensions/nifi-geohash-nar-2.6.0.nar-unpacked
	org.apache.nifi.processors.standard.RenameRecordField
		org.apache.nifi:nifi-standard-nar:2.6.0 || ./work/nar/extensions/nifi-standard-nar-2.6.0.nar-unpacked
	org.apache.nifi.processors.standard.PutSQL
		org.apache.nifi:nifi-standard-nar:2.6.0 || ./work/nar/extensions/nifi-standard-nar-2.6.0.nar-unpacked
	org.apache.nifi.processors.standard.DeleteFile
		org.apache.nifi:nifi-standard-nar:2.6.0 || ./work/nar/extensions/nifi-standard-nar-2.6.0.nar-unpacked
	org.apache.nifi.processors.azure.storage.ListAzureBlobStorage_v12
		org.apache.nifi:nifi-azure-nar:2.6.0 || ./work/nar/extensions/nifi-azure-nar-2.6.0.nar-unpacked
	org.apache.nifi.processors.standard.ListenHTTP
		org.apache.nifi:nifi-standard-nar:2.6.0 || ./work/nar/extensions/nifi-standard-nar-2.6.0.nar-unpacked
	org.apache.nifi.processors.standard.GenerateFlowFile
		org.apache.nifi:nifi-standard-nar:2.6.0 || ./work/nar/extensions/nifi-standard-nar-2.6.0.nar-unpacked
	org.apache.nifi.processors.standard.EvaluateJsonPath
		org.apache.nifi:nifi-standard-nar:2.6.0 || ./work/nar/extensions/nifi-standard-nar-2.6.0.nar-unpacked
	org.apache.nifi.processors.standard.ExecuteSQL
		org.apache.nifi:nifi-standard-nar:2.6.0 || ./work/nar/extensions/nifi-standard-nar-2.6.0.nar-unpacked
	org.apache.nifi.processors.standard.ControlRate
		org.apache.nifi:nifi-standard-nar:2.6.0 || ./work/nar/extensions/nifi-standard-nar-2.6.0.nar-unpacked
	org.apache.nifi.processors.gcp.storage.DeleteGCSObject
		org.apache.nifi:nifi-gcp-nar:2.6.0 || ./work/nar/extensions/nifi-gcp-nar-2.6.0.nar-unpacked
	org.apache.nifi.processors.aws.s3.GetS3ObjectTags
		org.apache.nifi:nifi-aws-nar:2.6.0 || ./work/nar/extensions/nifi-aws-nar-2.6.0.nar-unpacked
	org.apache.nifi.processors.standard.PutFile
		org.apache.nifi:nifi-standard-nar:2.6.0 || ./work/nar/extensions/nifi-standard-nar-2.6.0.nar-unpacked
	org.apache.nifi.processors.standard.PutRecord
		org.apache.nifi:nifi-standard-nar:2.6.0 || ./work/nar/extensions/nifi-standard-nar-2.6.0.nar-unpacked
	org.apache.nifi.processors.standard.ConvertCharacterSet
		org.apache.nifi:nifi-standard-nar:2.6.0 || ./work/nar/extensions/nifi-standard-nar-2.6.0.nar-unpacked
	org.apache.nifi.processors.ISPEnrichIP
		org.apache.nifi:nifi-enrich-nar:2.6.0 || ./work/nar/extensions/nifi-enrich-nar-2.6.0.nar-unpacked
	org.apache.nifi.processors.standard.UnpackContent
		org.apache.nifi:nifi-standard-nar:2.6.0 || ./work/nar/extensions/nifi-standard-nar-2.6.0.nar-unpacked
	org.apache.nifi.processors.aws.sqs.GetSQS
		org.apache.nifi:nifi-aws-nar:2.6.0 || ./work/nar/extensions/nifi-aws-nar-2.6.0.nar-unpacked
	org.apache.nifi.processors.mongodb.GetMongo
		org.apache.nifi:nifi-mongodb-nar:2.6.0 || ./work/nar/extensions/nifi-mongodb-nar-2.6.0.nar-unpacked
	org.apache.nifi.processors.elasticsearch.PaginatedJsonQueryElasticsearch
		org.apache.nifi:nifi-elasticsearch-restapi-nar:2.6.0 || ./work/nar/extensions/nifi-elasticsearch-restapi-nar-2.6.0.nar-unpacked
	org.apache.nifi.processors.hl7.ExtractHL7Attributes
		org.apache.nifi:nifi-hl7-nar:2.6.0 || ./work/nar/extensions/nifi-hl7-nar-2.6.0.nar-unpacked
	org.apache.nifi.processors.evtx.ParseEvtx
		org.apache.nifi:nifi-evtx-nar:2.6.0 || ./work/nar/extensions/nifi-evtx-nar-2.6.0.nar-unpacked
	org.apache.nifi.processors.splunk.GetSplunk
		org.apache.nifi:nifi-splunk-nar:2.6.0 || ./work/nar/extensions/nifi-splunk-nar-2.6.0.nar-unpacked
	org.apache.nifi.redis.processor.PutRedisHashRecord
		org.apache.nifi:nifi-redis-nar:2.6.0 || ./work/nar/extensions/nifi-redis-nar-2.6.0.nar-unpacked
	org.apache.nifi.processors.azure.storage.DeleteAzureDataLakeStorage
		org.apache.nifi:nifi-azure-nar:2.6.0 || ./work/nar/extensions/nifi-azure-nar-2.6.0.nar-unpacked
	org.apache.nifi.processors.compress.ModifyCompression
		org.apache.nifi:nifi-compress-nar:2.6.0 || ./work/nar/extensions/nifi-compress-nar-2.6.0.nar-unpacked
	org.apache.nifi.processors.elasticsearch.UpdateByQueryElasticsearch
		org.apache.nifi:nifi-elasticsearch-restapi-nar:2.6.0 || ./work/nar/extensions/nifi-elasticsearch-restapi-nar-2.6.0.nar-unpacked
	org.apache.nifi.processors.standard.PackageFlowFile
		org.apache.nifi:nifi-standard-nar:2.6.0 || ./work/nar/extensions/nifi-standard-nar-2.6.0.nar-unpacked
	org.apache.nifi.processors.standard.Notify
		org.apache.nifi:nifi-standard-nar:2.6.0 || ./work/nar/extensions/nifi-standard-nar-2.6.0.nar-unpacked
	org.apache.nifi.processors.standard.ExecuteSQLRecord
		org.apache.nifi:nifi-standard-nar:2.6.0 || ./work/nar/extensions/nifi-standard-nar-2.6.0.nar-unpacked
	org.apache.nifi.processors.elasticsearch.ConsumeElasticsearch
		org.apache.nifi:nifi-elasticsearch-restapi-nar:2.6.0 || ./work/nar/extensions/nifi-elasticsearch-restapi-nar-2.6.0.nar-unpacked
	org.apache.nifi.processors.mongodb.gridfs.DeleteGridFS
		org.apache.nifi:nifi-mongodb-nar:2.6.0 || ./work/nar/extensions/nifi-mongodb-nar-2.6.0.nar-unpacked
	org.apache.nifi.processors.standard.ParseSyslog5424
		org.apache.nifi:nifi-standard-nar:2.6.0 || ./work/nar/extensions/nifi-standard-nar-2.6.0.nar-unpacked
	org.apache.nifi.processors.script.ScriptedFilterRecord
		org.apache.nifi:nifi-scripting-nar:2.6.0 || ./work/nar/extensions/nifi-scripting-nar-2.6.0.nar-unpacked
	org.apache.nifi.processors.standard.SegmentContent
		org.apache.nifi:nifi-standard-nar:2.6.0 || ./work/nar/extensions/nifi-standard-nar-2.6.0.nar-unpacked
	org.apache.nifi.processors.email.ExtractEmailAttachments
		org.apache.nifi:nifi-email-nar:2.6.0 || ./work/nar/extensions/nifi-email-nar-2.6.0.nar-unpacked
	org.apache.nifi.processors.standard.DistributeLoad
		org.apache.nifi:nifi-standard-nar:2.6.0 || ./work/nar/extensions/nifi-standard-nar-2.6.0.nar-unpacked
	org.apache.nifi.processors.box.ListBoxFileInfo
		org.apache.nifi:nifi-box-nar:2.6.0 || ./work/nar/extensions/nifi-box-nar-2.6.0.nar-unpacked
	org.apache.nifi.processors.aws.kinesis.stream.ConsumeKinesisStream
		org.apache.nifi:nifi-aws-nar:2.6.0 || ./work/nar/extensions/nifi-aws-nar-2.6.0.nar-unpacked
	org.apache.nifi.processors.aws.kinesis.stream.PutKinesisStream
		org.apache.nifi:nifi-aws-nar:2.6.0 || ./work/nar/extensions/nifi-aws-nar-2.6.0.nar-unpacked
	org.apache.nifi.processors.groovyx.ExecuteGroovyScript
		org.apache.nifi:nifi-groovyx-nar:2.6.0 || ./work/nar/extensions/nifi-groovyx-nar-2.6.0.nar-unpacked
	org.apache.nifi.processors.standard.RemoveRecordField
		org.apache.nifi:nifi-standard-nar:2.6.0 || ./work/nar/extensions/nifi-standard-nar-2.6.0.nar-unpacked
	org.apache.nifi.processors.aws.s3.FetchS3Object
		org.apache.nifi:nifi-aws-nar:2.6.0 || ./work/nar/extensions/nifi-aws-nar-2.6.0.nar-unpacked
	org.apache.nifi.processors.azure.storage.MoveAzureDataLakeStorage
		org.apache.nifi:nifi-azure-nar:2.6.0 || ./work/nar/extensions/nifi-azure-nar-2.6.0.nar-unpacked
	org.apache.nifi.processors.standard.FetchFile
		org.apache.nifi:nifi-standard-nar:2.6.0 || ./work/nar/extensions/nifi-standard-nar-2.6.0.nar-unpacked
	org.apache.nifi.processors.azure.data.explorer.QueryAzureDataExplorer
		org.apache.nifi:nifi-azure-nar:2.6.0 || ./work/nar/extensions/nifi-azure-nar-2.6.0.nar-unpacked
	org.apache.nifi.processors.jolt.JoltTransformRecord
		org.apache.nifi:nifi-jolt-nar:2.6.0 || ./work/nar/extensions/nifi-jolt-nar-2.6.0.nar-unpacked
	org.apache.nifi.processors.standard.PartitionRecord
		org.apache.nifi:nifi-standard-nar:2.6.0 || ./work/nar/extensions/nifi-standard-nar-2.6.0.nar-unpacked
	org.apache.nifi.processors.aws.ml.polly.GetAwsPollyJobStatus
		org.apache.nifi:nifi-aws-nar:2.6.0 || ./work/nar/extensions/nifi-aws-nar-2.6.0.nar-unpacked
	org.apache.nifi.processors.standard.PutSFTP
		org.apache.nifi:nifi-standard-nar:2.6.0 || ./work/nar/extensions/nifi-standard-nar-2.6.0.nar-unpacked
	org.apache.nifi.processors.script.ExecuteScript
		org.apache.nifi:nifi-scripting-nar:2.6.0 || ./work/nar/extensions/nifi-scripting-nar-2.6.0.nar-unpacked
	org.apache.nifi.processors.aws.ml.translate.GetAwsTranslateJobStatus
		org.apache.nifi:nifi-aws-nar:2.6.0 || ./work/nar/extensions/nifi-aws-nar-2.6.0.nar-unpacked
	org.apache.nifi.processors.standard.GetFTP
		org.apache.nifi:nifi-standard-nar:2.6.0 || ./work/nar/extensions/nifi-standard-nar-2.6.0.nar-unpacked
	org.apache.nifi.processors.mqtt.ConsumeMQTT
		org.apache.nifi:nifi-mqtt-nar:2.6.0 || ./work/nar/extensions/nifi-mqtt-nar-2.6.0.nar-unpacked
	org.apache.nifi.processors.standard.ListFTP
		org.apache.nifi:nifi-standard-nar:2.6.0 || ./work/nar/extensions/nifi-standard-nar-2.6.0.nar-unpacked
	org.apache.nifi.processors.box.GetBoxFileCollaborators
		org.apache.nifi:nifi-box-nar:2.6.0 || ./work/nar/extensions/nifi-box-nar-2.6.0.nar-unpacked
	org.apache.nifi.processors.aws.s3.CopyS3Object
		org.apache.nifi:nifi-aws-nar:2.6.0 || ./work/nar/extensions/nifi-aws-nar-2.6.0.nar-unpacked
	org.apache.nifi.processors.box.GetBoxGroupMembers
		org.apache.nifi:nifi-box-nar:2.6.0 || ./work/nar/extensions/nifi-box-nar-2.6.0.nar-unpacked
	org.apache.nifi.processors.standard.Wait
		org.apache.nifi:nifi-standard-nar:2.6.0 || ./work/nar/extensions/nifi-standard-nar-2.6.0.nar-unpacked
	org.apache.nifi.processors.standard.QueryDatabaseTable
		org.apache.nifi:nifi-standard-nar:2.6.0 || ./work/nar/extensions/nifi-standard-nar-2.6.0.nar-unpacked
	org.apache.nifi.processors.gcp.vision.StartGcpVisionAnnotateImagesOperation
		org.apache.nifi:nifi-gcp-nar:2.6.0 || ./work/nar/extensions/nifi-gcp-nar-2.6.0.nar-unpacked
	org.apache.nifi.processors.aws.dynamodb.PutDynamoDB
		org.apache.nifi:nifi-aws-nar:2.6.0 || ./work/nar/extensions/nifi-aws-nar-2.6.0.nar-unpacked
	org.apache.nifi.processors.box.ConsumeBoxEvents
		org.apache.nifi:nifi-box-nar:2.6.0 || ./work/nar/extensions/nifi-box-nar-2.6.0.nar-unpacked
	org.apache.nifi.processors.azure.eventhub.PutAzureEventHub
		org.apache.nifi:nifi-azure-nar:2.6.0 || ./work/nar/extensions/nifi-azure-nar-2.6.0.nar-unpacked
	org.apache.nifi.processors.standard.GenerateRecord
		org.apache.nifi:nifi-standard-nar:2.6.0 || ./work/nar/extensions/nifi-standard-nar-2.6.0.nar-unpacked
	org.apache.nifi.processors.pgp.DecryptContentPGP
		org.apache.nifi:nifi-pgp-nar:2.6.0 || ./work/nar/extensions/nifi-pgp-nar-2.6.0.nar-unpacked
	org.apache.nifi.snmp.processors.ListenTrapSNMP
		org.apache.nifi:nifi-snmp-nar:2.6.0 || ./work/nar/extensions/nifi-snmp-nar-2.6.0.nar-unpacked
	org.apache.nifi.processors.aws.s3.DeleteS3Object
		org.apache.nifi:nifi-aws-nar:2.6.0 || ./work/nar/extensions/nifi-aws-nar-2.6.0.nar-unpacked
	org.apache.nifi.processors.standard.PutEmail
		org.apache.nifi:nifi-standard-nar:2.6.0 || ./work/nar/extensions/nifi-standard-nar-2.6.0.nar-unpacked
	org.apache.nifi.processors.standard.MergeRecord
		org.apache.nifi:nifi-standard-nar:2.6.0 || ./work/nar/extensions/nifi-standard-nar-2.6.0.nar-unpacked
	org.apache.nifi.processors.box.ListBoxFileMetadataTemplates
		org.apache.nifi:nifi-box-nar:2.6.0 || ./work/nar/extensions/nifi-box-nar-2.6.0.nar-unpacked
	org.apache.nifi.processors.box.FetchBoxFileMetadataInstance
		org.apache.nifi:nifi-box-nar:2.6.0 || ./work/nar/extensions/nifi-box-nar-2.6.0.nar-unpacked
	org.apache.nifi.processors.email.ConsumePOP3
		org.apache.nifi:nifi-email-nar:2.6.0 || ./work/nar/extensions/nifi-email-nar-2.6.0.nar-unpacked
	org.apache.nifi.processors.avro.ExtractAvroMetadata
		org.apache.nifi:nifi-avro-nar:2.6.0 || ./work/nar/extensions/nifi-avro-nar-2.6.0.nar-unpacked
	org.apache.nifi.amqp.processors.ConsumeAMQP
		org.apache.nifi:nifi-amqp-nar:2.6.0 || ./work/nar/extensions/nifi-amqp-nar-2.6.0.nar-unpacked
	org.apache.nifi.processors.aws.s3.ListS3
		org.apache.nifi:nifi-aws-nar:2.6.0 || ./work/nar/extensions/nifi-aws-nar-2.6.0.nar-unpacked
	org.apache.nifi.processors.jolt.JoltTransformJSON
		org.apache.nifi:nifi-jolt-nar:2.6.0 || ./work/nar/extensions/nifi-jolt-nar-2.6.0.nar-unpacked
	org.apache.nifi.processors.gcp.storage.ListGCSBucket
		org.apache.nifi:nifi-gcp-nar:2.6.0 || ./work/nar/extensions/nifi-gcp-nar-2.6.0.nar-unpacked
	org.apache.nifi.processors.standard.PutUDP
		org.apache.nifi:nifi-standard-nar:2.6.0 || ./work/nar/extensions/nifi-standard-nar-2.6.0.nar-unpacked
	org.apache.nifi.processors.windows.event.log.ConsumeWindowsEventLog
		org.apache.nifi:nifi-windows-event-log-nar:2.6.0 || ./work/nar/extensions/nifi-windows-event-log-nar-2.6.0.nar-unpacked
	org.apache.nifi.processors.gcp.vision.GetGcpVisionAnnotateFilesOperationStatus
		org.apache.nifi:nifi-gcp-nar:2.6.0 || ./work/nar/extensions/nifi-gcp-nar-2.6.0.nar-unpacked
	org.apache.nifi.processors.aws.ml.textract.StartAwsTextractJob
		org.apache.nifi:nifi-aws-nar:2.6.0 || ./work/nar/extensions/nifi-aws-nar-2.6.0.nar-unpacked
	org.apache.nifi.processors.aws.ml.transcribe.StartAwsTranscribeJob
		org.apache.nifi:nifi-aws-nar:2.6.0 || ./work/nar/extensions/nifi-aws-nar-2.6.0.nar-unpacked
	org.apache.nifi.processors.standard.DebugFlow
		org.apache.nifi:nifi-standard-nar:2.6.0 || ./work/nar/extensions/nifi-standard-nar-2.6.0.nar-unpacked
	org.apache.nifi.processors.aws.dynamodb.DeleteDynamoDB
		org.apache.nifi:nifi-aws-nar:2.6.0 || ./work/nar/extensions/nifi-aws-nar-2.6.0.nar-unpacked
	org.apache.nifi.processors.standard.ExecuteStreamCommand
		org.apache.nifi:nifi-standard-nar:2.6.0 || ./work/nar/extensions/nifi-standard-nar-2.6.0.nar-unpacked
	org.apache.nifi.processors.aws.ml.polly.StartAwsPollyJob
		org.apache.nifi:nifi-aws-nar:2.6.0 || ./work/nar/extensions/nifi-aws-nar-2.6.0.nar-unpacked
	org.apache.nifi.processors.azure.storage.FetchAzureBlobStorage_v12
		org.apache.nifi:nifi-azure-nar:2.6.0 || ./work/nar/extensions/nifi-azure-nar-2.6.0.nar-unpacked
	org.apache.nifi.processors.box.DeleteBoxFileMetadataInstance
		org.apache.nifi:nifi-box-nar:2.6.0 || ./work/nar/extensions/nifi-box-nar-2.6.0.nar-unpacked
	org.apache.nifi.processors.gcp.drive.ListGoogleDrive
		org.apache.nifi:nifi-gcp-nar:2.6.0 || ./work/nar/extensions/nifi-gcp-nar-2.6.0.nar-unpacked
	org.apache.nifi.processors.script.InvokeScriptedProcessor
		org.apache.nifi:nifi-scripting-nar:2.6.0 || ./work/nar/extensions/nifi-scripting-nar-2.6.0.nar-unpacked
	org.apache.nifi.processors.azure.storage.ListAzureDataLakeStorage
		org.apache.nifi:nifi-azure-nar:2.6.0 || ./work/nar/extensions/nifi-azure-nar-2.6.0.nar-unpacked
	org.apache.nifi.processors.smb.ListSmb
		org.apache.nifi:nifi-smb-nar:2.6.0 || ./work/nar/extensions/nifi-smb-nar-2.6.0.nar-unpacked
	org.apache.nifi.processors.standard.FlattenJson
		org.apache.nifi:nifi-standard-nar:2.6.0 || ./work/nar/extensions/nifi-standard-nar-2.6.0.nar-unpacked
	org.apache.nifi.processors.mqtt.PublishMQTT
		org.apache.nifi:nifi-mqtt-nar:2.6.0 || ./work/nar/extensions/nifi-mqtt-nar-2.6.0.nar-unpacked
	org.apache.nifi.processors.standard.DeduplicateRecord
		org.apache.nifi:nifi-standard-nar:2.6.0 || ./work/nar/extensions/nifi-standard-nar-2.6.0.nar-unpacked
	org.apache.nifi.processors.gcp.pubsub.ConsumeGCPubSub
		org.apache.nifi:nifi-gcp-nar:2.6.0 || ./work/nar/extensions/nifi-gcp-nar-2.6.0.nar-unpacked
	org.apache.nifi.processors.standard.MergeContent
		org.apache.nifi:nifi-standard-nar:2.6.0 || ./work/nar/extensions/nifi-standard-nar-2.6.0.nar-unpacked
	org.apache.nifi.processors.mongodb.PutMongo
		org.apache.nifi:nifi-mongodb-nar:2.6.0 || ./work/nar/extensions/nifi-mongodb-nar-2.6.0.nar-unpacked
	org.apache.nifi.processors.standard.ForkRecord
		org.apache.nifi:nifi-standard-nar:2.6.0 || ./work/nar/extensions/nifi-standard-nar-2.6.0.nar-unpacked
	org.apache.nifi.processors.smb.FetchSmb
		org.apache.nifi:nifi-smb-nar:2.6.0 || ./work/nar/extensions/nifi-smb-nar-2.6.0.nar-unpacked
	org.apache.nifi.processors.standard.ListenTCP
		org.apache.nifi:nifi-standard-nar:2.6.0 || ./work/nar/extensions/nifi-standard-nar-2.6.0.nar-unpacked
	org.apache.nifi.processors.aws.sqs.PutSQS
		org.apache.nifi:nifi-aws-nar:2.6.0 || ./work/nar/extensions/nifi-aws-nar-2.6.0.nar-unpacked
	org.apache.nifi.processors.standard.ReplaceTextWithMapping
		org.apache.nifi:nifi-standard-nar:2.6.0 || ./work/nar/extensions/nifi-standard-nar-2.6.0.nar-unpacked
	org.apache.nifi.processors.splunk.PutSplunk
		org.apache.nifi:nifi-splunk-nar:2.6.0 || ./work/nar/extensions/nifi-splunk-nar-2.6.0.nar-unpacked
	org.apache.nifi.processors.splunk.PutSplunkHTTP
		org.apache.nifi:nifi-splunk-nar:2.6.0 || ./work/nar/extensions/nifi-splunk-nar-2.6.0.nar-unpacked
	org.apache.nifi.processors.gcp.vision.StartGcpVisionAnnotateFilesOperation
		org.apache.nifi:nifi-gcp-nar:2.6.0 || ./work/nar/extensions/nifi-gcp-nar-2.6.0.nar-unpacked
	org.apache.nifi.processors.slack.PublishSlack
		org.apache.nifi:nifi-slack-nar:2.6.0 || ./work/nar/extensions/nifi-slack-nar-2.6.0.nar-unpacked
	org.apache.nifi.processors.aws.dynamodb.PutDynamoDBRecord
		org.apache.nifi:nifi-aws-nar:2.6.0 || ./work/nar/extensions/nifi-aws-nar-2.6.0.nar-unpacked
	org.apache.nifi.processors.gcp.pubsub.PublishGCPubSub
		org.apache.nifi:nifi-gcp-nar:2.6.0 || ./work/nar/extensions/nifi-gcp-nar-2.6.0.nar-unpacked
	org.apache.nifi.processors.standard.DetectDuplicate
		org.apache.nifi:nifi-standard-nar:2.6.0 || ./work/nar/extensions/nifi-standard-nar-2.6.0.nar-unpacked
	org.apache.nifi.processors.box.FetchBoxFileRepresentation
		org.apache.nifi:nifi-box-nar:2.6.0 || ./work/nar/extensions/nifi-box-nar-2.6.0.nar-unpacked
	org.apache.nifi.processors.standard.CompressContent
		org.apache.nifi:nifi-standard-nar:2.6.0 || ./work/nar/extensions/nifi-standard-nar-2.6.0.nar-unpacked
	org.apache.nifi.processors.excel.SplitExcel
		org.apache.nifi:nifi-poi-nar:2.6.0 || ./work/nar/extensions/nifi-poi-nar-2.6.0.nar-unpacked
	org.apache.nifi.processors.standard.DuplicateFlowFile
		org.apache.nifi:nifi-standard-nar:2.6.0 || ./work/nar/extensions/nifi-standard-nar-2.6.0.nar-unpacked
	org.apache.nifi.processors.asana.GetAsanaObject
		org.apache.nifi:nifi-asana-processors-nar:2.6.0 || ./work/nar/extensions/nifi-asana-processors-nar-2.6.0.nar-unpacked
	org.apache.nifi.processors.standard.ValidateRecord
		org.apache.nifi:nifi-standard-nar:2.6.0 || ./work/nar/extensions/nifi-standard-nar-2.6.0.nar-unpacked
	org.apache.nifi.processors.standard.ValidateJson
		org.apache.nifi:nifi-standard-nar:2.6.0 || ./work/nar/extensions/nifi-standard-nar-2.6.0.nar-unpacked
	org.apache.nifi.processors.elasticsearch.JsonQueryElasticsearch
		org.apache.nifi:nifi-elasticsearch-restapi-nar:2.6.0 || ./work/nar/extensions/nifi-elasticsearch-restapi-nar-2.6.0.nar-unpacked
	org.apache.nifi.processors.azure.storage.PutAzureBlobStorage_v12
		org.apache.nifi:nifi-azure-nar:2.6.0 || ./work/nar/extensions/nifi-azure-nar-2.6.0.nar-unpacked
	org.apache.nifi.processors.azure.eventhub.ConsumeAzureEventHub
		org.apache.nifi:nifi-azure-nar:2.6.0 || ./work/nar/extensions/nifi-azure-nar-2.6.0.nar-unpacked
	org.apache.nifi.processors.standard.PutSyslog
		org.apache.nifi:nifi-standard-nar:2.6.0 || ./work/nar/extensions/nifi-standard-nar-2.6.0.nar-unpacked
	org.apache.nifi.processors.pgp.SignContentPGP
		org.apache.nifi:nifi-pgp-nar:2.6.0 || ./work/nar/extensions/nifi-pgp-nar-2.6.0.nar-unpacked
	org.apache.nifi.processors.script.ScriptedValidateRecord
		org.apache.nifi:nifi-scripting-nar:2.6.0 || ./work/nar/extensions/nifi-scripting-nar-2.6.0.nar-unpacked
	org.apache.nifi.processors.standard.ListenUDPRecord
		org.apache.nifi:nifi-standard-nar:2.6.0 || ./work/nar/extensions/nifi-standard-nar-2.6.0.nar-unpacked
	org.apache.nifi.processors.standard.SplitText
		org.apache.nifi:nifi-standard-nar:2.6.0 || ./work/nar/extensions/nifi-standard-nar-2.6.0.nar-unpacked
	org.apache.nifi.jms.processors.ConsumeJMS
		org.apache.nifi:nifi-jms-processors-nar:2.6.0 || ./work/nar/extensions/nifi-jms-processors-nar-2.6.0.nar-unpacked
	org.apache.nifi.processors.mongodb.gridfs.FetchGridFS
		org.apache.nifi:nifi-mongodb-nar:2.6.0 || ./work/nar/extensions/nifi-mongodb-nar-2.6.0.nar-unpacked
	org.apache.nifi.processors.standard.GetSFTP
		org.apache.nifi:nifi-standard-nar:2.6.0 || ./work/nar/extensions/nifi-standard-nar-2.6.0.nar-unpacked
	org.apache.nifi.processors.GeoEnrichIPRecord
		org.apache.nifi:nifi-enrich-nar:2.6.0 || ./work/nar/extensions/nifi-enrich-nar-2.6.0.nar-unpacked
	org.apache.nifi.processors.script.ScriptedPartitionRecord
		org.apache.nifi:nifi-scripting-nar:2.6.0 || ./work/nar/extensions/nifi-scripting-nar-2.6.0.nar-unpacked
	org.apache.nifi.kafka.processors.PublishKafka
		org.apache.nifi:nifi-kafka-nar:2.6.0 || ./work/nar/extensions/nifi-kafka-nar-2.6.0.nar-unpacked
	org.apache.nifi.jms.processors.PublishJMS
		org.apache.nifi:nifi-jms-processors-nar:2.6.0 || ./work/nar/extensions/nifi-jms-processors-nar-2.6.0.nar-unpacked
	org.apache.nifi.processors.slack.ListenSlack
		org.apache.nifi:nifi-slack-nar:2.6.0 || ./work/nar/extensions/nifi-slack-nar-2.6.0.nar-unpacked
	org.apache.nifi.processors.network.ParseNetflowv5
		org.apache.nifi:nifi-network-processors-nar:2.6.0 || ./work/nar/extensions/nifi-network-processors-nar-2.6.0.nar-unpacked
	org.apache.nifi.processors.standard.GetFileResource
		org.apache.nifi:nifi-standard-nar:2.6.0 || ./work/nar/extensions/nifi-standard-nar-2.6.0.nar-unpacked
	org.apache.nifi.processors.standard.IdentifyMimeType
		org.apache.nifi:nifi-standard-nar:2.6.0 || ./work/nar/extensions/nifi-standard-nar-2.6.0.nar-unpacked
	org.apache.nifi.cdc.mysql.processors.CaptureChangeMySQL
		org.apache.nifi:nifi-cdc-mysql-nar:2.6.0 || ./work/nar/extensions/nifi-cdc-mysql-nar-2.6.0.nar-unpacked
	org.apache.nifi.processors.elasticsearch.DeleteByQueryElasticsearch
		org.apache.nifi:nifi-elasticsearch-restapi-nar:2.6.0 || ./work/nar/extensions/nifi-elasticsearch-restapi-nar-2.6.0.nar-unpacked
	org.apache.nifi.processors.standard.QueryRecord
		org.apache.nifi:nifi-standard-nar:2.6.0 || ./work/nar/extensions/nifi-standard-nar-2.6.0.nar-unpacked
	org.apache.nifi.processors.standard.LookupAttribute
		org.apache.nifi:nifi-standard-nar:2.6.0 || ./work/nar/extensions/nifi-standard-nar-2.6.0.nar-unpacked
	org.apache.nifi.processors.standard.FilterAttribute
		org.apache.nifi:nifi-standard-nar:2.6.0 || ./work/nar/extensions/nifi-standard-nar-2.6.0.nar-unpacked
	org.apache.nifi.processors.standard.EnforceOrder
		org.apache.nifi:nifi-standard-nar:2.6.0 || ./work/nar/extensions/nifi-standard-nar-2.6.0.nar-unpacked
	org.apache.nifi.processors.smb.PutSmbFile
		org.apache.nifi:nifi-smb-nar:2.6.0 || ./work/nar/extensions/nifi-smb-nar-2.6.0.nar-unpacked
	org.apache.nifi.processors.gcp.drive.FetchGoogleDrive
		org.apache.nifi:nifi-gcp-nar:2.6.0 || ./work/nar/extensions/nifi-gcp-nar-2.6.0.nar-unpacked
	org.apache.nifi.processors.standard.LogMessage
		org.apache.nifi:nifi-standard-nar:2.6.0 || ./work/nar/extensions/nifi-standard-nar-2.6.0.nar-unpacked
	org.apache.nifi.processors.standard.JoinEnrichment
		org.apache.nifi:nifi-standard-nar:2.6.0 || ./work/nar/extensions/nifi-standard-nar-2.6.0.nar-unpacked
	org.apache.nifi.processors.workday.GetWorkdayReport
		org.apache.nifi:nifi-workday-processors-nar:2.6.0 || ./work/nar/extensions/nifi-workday-processors-nar-2.6.0.nar-unpacked
	org.apache.nifi.processors.standard.SplitXml
		org.apache.nifi:nifi-standard-nar:2.6.0 || ./work/nar/extensions/nifi-standard-nar-2.6.0.nar-unpacked
	org.apache.nifi.processors.standard.EvaluateXPath
		org.apache.nifi:nifi-standard-nar:2.6.0 || ./work/nar/extensions/nifi-standard-nar-2.6.0.nar-unpacked
	org.apache.nifi.processors.cipher.VerifyContentMAC
		org.apache.nifi:nifi-cipher-nar:2.6.0 || ./work/nar/extensions/nifi-cipher-nar-2.6.0.nar-unpacked
	org.apache.nifi.processors.mongodb.gridfs.PutGridFS
		org.apache.nifi:nifi-mongodb-nar:2.6.0 || ./work/nar/extensions/nifi-mongodb-nar-2.6.0.nar-unpacked
	org.apache.nifi.processors.standard.FetchFTP
		org.apache.nifi:nifi-standard-nar:2.6.0 || ./work/nar/extensions/nifi-standard-nar-2.6.0.nar-unpacked
	org.apache.nifi.processors.standard.UpdateCounter
		org.apache.nifi:nifi-standard-nar:2.6.0 || ./work/nar/extensions/nifi-standard-nar-2.6.0.nar-unpacked
	org.apache.nifi.processors.splunk.QuerySplunkIndexingStatus
		org.apache.nifi:nifi-splunk-nar:2.6.0 || ./work/nar/extensions/nifi-splunk-nar-2.6.0.nar-unpacked
	org.apache.nifi.processors.elasticsearch.PutElasticsearchJson
		org.apache.nifi:nifi-elasticsearch-restapi-nar:2.6.0 || ./work/nar/extensions/nifi-elasticsearch-restapi-nar-2.6.0.nar-unpacked
	org.apache.nifi.processors.box.ListBoxFileMetadataInstances
		org.apache.nifi:nifi-box-nar:2.6.0 || ./work/nar/extensions/nifi-box-nar-2.6.0.nar-unpacked
	org.apache.nifi.processors.box.CreateBoxMetadataTemplate
		org.apache.nifi:nifi-box-nar:2.6.0 || ./work/nar/extensions/nifi-box-nar-2.6.0.nar-unpacked
	org.apache.nifi.processors.azure.storage.FetchAzureDataLakeStorage
		org.apache.nifi:nifi-azure-nar:2.6.0 || ./work/nar/extensions/nifi-azure-nar-2.6.0.nar-unpacked
	org.apache.nifi.processors.standard.ExtractText
		org.apache.nifi:nifi-standard-nar:2.6.0 || ./work/nar/extensions/nifi-standard-nar-2.6.0.nar-unpacked
	org.apache.nifi.processors.email.ConsumeIMAP
		org.apache.nifi:nifi-email-nar:2.6.0 || ./work/nar/extensions/nifi-email-nar-2.6.0.nar-unpacked
	org.apache.nifi.processors.standard.GetFile
		org.apache.nifi:nifi-standard-nar:2.6.0 || ./work/nar/extensions/nifi-standard-nar-2.6.0.nar-unpacked
	org.apache.nifi.processors.attributes.UpdateAttribute
		org.apache.nifi:nifi-update-attribute-nar:2.6.0 || ./work/nar/extensions/nifi-update-attribute-nar-2.6.0.nar-unpacked
	org.apache.nifi.processors.standard.AttributesToJSON
		org.apache.nifi:nifi-standard-nar:2.6.0 || ./work/nar/extensions/nifi-standard-nar-2.6.0.nar-unpacked
	org.apache.nifi.processors.standard.SplitContent
		org.apache.nifi:nifi-standard-nar:2.6.0 || ./work/nar/extensions/nifi-standard-nar-2.6.0.nar-unpacked
	org.apache.nifi.processors.box.FetchBoxFile
		org.apache.nifi:nifi-box-nar:2.6.0 || ./work/nar/extensions/nifi-box-nar-2.6.0.nar-unpacked
	org.apache.nifi.processors.box.CreateBoxFileMetadataInstance
		org.apache.nifi:nifi-box-nar:2.6.0 || ./work/nar/extensions/nifi-box-nar-2.6.0.nar-unpacked
	org.apache.nifi.processors.mongodb.DeleteMongo
		org.apache.nifi:nifi-mongodb-nar:2.6.0 || ./work/nar/extensions/nifi-mongodb-nar-2.6.0.nar-unpacked
	org.apache.nifi.processors.standard.TransformXml
		org.apache.nifi:nifi-standard-nar:2.6.0 || ./work/nar/extensions/nifi-standard-nar-2.6.0.nar-unpacked
	org.apache.nifi.processors.standard.QueryDatabaseTableRecord
		org.apache.nifi:nifi-standard-nar:2.6.0 || ./work/nar/extensions/nifi-standard-nar-2.6.0.nar-unpacked
	org.apache.nifi.processors.azure.eventhub.GetAzureEventHub
		org.apache.nifi:nifi-azure-nar:2.6.0 || ./work/nar/extensions/nifi-azure-nar-2.6.0.nar-unpacked
	org.apache.nifi.processors.mongodb.PutMongoRecord
		org.apache.nifi:nifi-mongodb-nar:2.6.0 || ./work/nar/extensions/nifi-mongodb-nar-2.6.0.nar-unpacked
	org.apache.nifi.processors.standard.FetchDistributedMapCache
		org.apache.nifi:nifi-standard-nar:2.6.0 || ./work/nar/extensions/nifi-standard-nar-2.6.0.nar-unpacked
	org.apache.nifi.processors.aws.dynamodb.GetDynamoDB
		org.apache.nifi:nifi-aws-nar:2.6.0 || ./work/nar/extensions/nifi-aws-nar-2.6.0.nar-unpacked
	org.apache.nifi.processors.twitter.ConsumeTwitter
		org.apache.nifi:nifi-social-media-nar:2.6.0 || ./work/nar/extensions/nifi-social-media-nar-2.6.0.nar-unpacked
	org.apache.nifi.processors.smb.GetSmbFile
		org.apache.nifi:nifi-smb-nar:2.6.0 || ./work/nar/extensions/nifi-smb-nar-2.6.0.nar-unpacked
	org.apache.nifi.processors.box.UpdateBoxFileMetadataInstance
		org.apache.nifi:nifi-box-nar:2.6.0 || ./work/nar/extensions/nifi-box-nar-2.6.0.nar-unpacked
	org.apache.nifi.processors.zendesk.PutZendeskTicket
		org.apache.nifi:nifi-zendesk-nar:2.6.0 || ./work/nar/extensions/nifi-zendesk-nar-2.6.0.nar-unpacked
	org.apache.nifi.processors.standard.EncodeContent
		org.apache.nifi:nifi-standard-nar:2.6.0 || ./work/nar/extensions/nifi-standard-nar-2.6.0.nar-unpacked
	org.apache.nifi.processors.standard.ParseSyslog
		org.apache.nifi:nifi-standard-nar:2.6.0 || ./work/nar/extensions/nifi-standard-nar-2.6.0.nar-unpacked
	org.apache.nifi.processors.gcp.vision.GetGcpVisionAnnotateImagesOperationStatus
		org.apache.nifi:nifi-gcp-nar:2.6.0 || ./work/nar/extensions/nifi-gcp-nar-2.6.0.nar-unpacked
	org.apache.nifi.processors.aws.cloudwatch.PutCloudWatchMetric
		org.apache.nifi:nifi-aws-nar:2.6.0 || ./work/nar/extensions/nifi-aws-nar-2.6.0.nar-unpacked
	org.apache.nifi.processors.aws.kinesis.firehose.PutKinesisFirehose
		org.apache.nifi:nifi-aws-nar:2.6.0 || ./work/nar/extensions/nifi-aws-nar-2.6.0.nar-unpacked
	org.apache.nifi.processors.aws.ml.textract.GetAwsTextractJobStatus
		org.apache.nifi:nifi-aws-nar:2.6.0 || ./work/nar/extensions/nifi-aws-nar-2.6.0.nar-unpacked
	org.apache.nifi.processors.cipher.DecryptContentAge
		org.apache.nifi:nifi-cipher-nar:2.6.0 || ./work/nar/extensions/nifi-cipher-nar-2.6.0.nar-unpacked
	org.apache.nifi.processors.standard.SplitJson
		org.apache.nifi:nifi-standard-nar:2.6.0 || ./work/nar/extensions/nifi-standard-nar-2.6.0.nar-unpacked
	org.apache.nifi.kafka.processors.ConsumeKafka
		org.apache.nifi:nifi-kafka-nar:2.6.0 || ./work/nar/extensions/nifi-kafka-nar-2.6.0.nar-unpacked
	org.apache.nifi.processors.script.ScriptedTransformRecord
		org.apache.nifi:nifi-scripting-nar:2.6.0 || ./work/nar/extensions/nifi-scripting-nar-2.6.0.nar-unpacked
	org.apache.nifi.processors.cipher.EncryptContentAge
		org.apache.nifi:nifi-cipher-nar:2.6.0 || ./work/nar/extensions/nifi-cipher-nar-2.6.0.nar-unpacked
	org.apache.nifi.processors.aws.lambda.PutLambda
		org.apache.nifi:nifi-aws-nar:2.6.0 || ./work/nar/extensions/nifi-aws-nar-2.6.0.nar-unpacked
	org.apache.nifi.processors.standard.RouteOnContent
		org.apache.nifi:nifi-standard-nar:2.6.0 || ./work/nar/extensions/nifi-standard-nar-2.6.0.nar-unpacked
	org.apache.nifi.processors.websocket.ConnectWebSocket
		org.apache.nifi:nifi-websocket-processors-nar:2.6.0 || ./work/nar/extensions/nifi-websocket-processors-nar-2.6.0.nar-unpacked
	org.apache.nifi.processors.standard.UpdateDatabaseTable
		org.apache.nifi:nifi-standard-nar:2.6.0 || ./work/nar/extensions/nifi-standard-nar-2.6.0.nar-unpacked
	org.apache.nifi.processors.box.PutBoxFile
		org.apache.nifi:nifi-box-nar:2.6.0 || ./work/nar/extensions/nifi-box-nar-2.6.0.nar-unpacked
	org.apache.nifi.processors.azure.cosmos.document.PutAzureCosmosDBRecord
		org.apache.nifi:nifi-azure-nar:2.6.0 || ./work/nar/extensions/nifi-azure-nar-2.6.0.nar-unpacked
	org.apache.nifi.processors.standard.PutDatabaseRecord
		org.apache.nifi:nifi-standard-nar:2.6.0 || ./work/nar/extensions/nifi-standard-nar-2.6.0.nar-unpacked
	org.apache.nifi.processors.standard.ReplaceText
		org.apache.nifi:nifi-standard-nar:2.6.0 || ./work/nar/extensions/nifi-standard-nar-2.6.0.nar-unpacked
	org.apache.nifi.processors.aws.s3.PutS3Object
		org.apache.nifi:nifi-aws-nar:2.6.0 || ./work/nar/extensions/nifi-aws-nar-2.6.0.nar-unpacked
	org.apache.nifi.processors.zendesk.GetZendesk
		org.apache.nifi:nifi-zendesk-nar:2.6.0 || ./work/nar/extensions/nifi-zendesk-nar-2.6.0.nar-unpacked
	org.apache.nifi.processors.stateful.analysis.AttributeRollingWindow
		org.apache.nifi:nifi-stateful-analysis-nar:2.6.0 || ./work/nar/extensions/nifi-stateful-analysis-nar-2.6.0.nar-unpacked
	org.apache.nifi.processors.standard.PutFTP
		org.apache.nifi:nifi-standard-nar:2.6.0 || ./work/nar/extensions/nifi-standard-nar-2.6.0.nar-unpacked
	org.apache.nifi.processors.hubspot.GetHubSpot
		org.apache.nifi:nifi-hubspot-nar:2.6.0 || ./work/nar/extensions/nifi-hubspot-nar-2.6.0.nar-unpacked
	org.apache.nifi.processors.standard.PutDistributedMapCache
		org.apache.nifi:nifi-standard-nar:2.6.0 || ./work/nar/extensions/nifi-standard-nar-2.6.0.nar-unpacked
	org.apache.nifi.processors.dropbox.ListDropbox
		org.apache.nifi:nifi-dropbox-processors-nar:2.6.0 || ./work/nar/extensions/nifi-dropbox-processors-nar-2.6.0.nar-unpacked
	org.apache.nifi.processors.standard.UpdateRecord
		org.apache.nifi:nifi-standard-nar:2.6.0 || ./work/nar/extensions/nifi-standard-nar-2.6.0.nar-unpacked
	org.apache.nifi.processors.standard.LogAttribute
		org.apache.nifi:nifi-standard-nar:2.6.0 || ./work/nar/extensions/nifi-standard-nar-2.6.0.nar-unpacked
	org.apache.nifi.processors.standard.RouteOnAttribute
		org.apache.nifi:nifi-standard-nar:2.6.0 || ./work/nar/extensions/nifi-standard-nar-2.6.0.nar-unpacked
	org.apache.nifi.processors.standard.ListDatabaseTables
		org.apache.nifi:nifi-standard-nar:2.6.0 || ./work/nar/extensions/nifi-standard-nar-2.6.0.nar-unpacked
	org.apache.nifi.processors.elasticsearch.GetElasticsearch
		org.apache.nifi:nifi-elasticsearch-restapi-nar:2.6.0 || ./work/nar/extensions/nifi-elasticsearch-restapi-nar-2.6.0.nar-unpacked
	org.apache.nifi.processors.network.pcap.SplitPCAP
		org.apache.nifi:nifi-network-processors-nar:2.6.0 || ./work/nar/extensions/nifi-network-processors-nar-2.6.0.nar-unpacked
	=== End Processor types ===
	=== Authorizer Type ===
	org.apache.nifi.authorization.StandardManagedAuthorizer
		org.apache.nifi:nifi-framework-nar:2.6.0 || ./work/nar/framework/nifi-framework-nar-2.6.0.nar-unpacked
	org.apache.nifi.authorization.single.user.SingleUserAuthorizer
		org.apache.nifi:nifi-single-user-iaa-providers-nar:2.6.0 || ./work/nar/extensions/nifi-single-user-iaa-providers-nar-2.6.0.nar-unpacked
	=== End Authorizer types ===
	=== FlowRegistryClient Type ===
	org.apache.nifi.registry.flow.NifiRegistryFlowRegistryClient
		org.apache.nifi:nifi-flow-registry-client-nar:2.6.0 || ./work/nar/extensions/nifi-flow-registry-client-nar-2.6.0.nar-unpacked
	org.apache.nifi.gitlab.GitLabFlowRegistryClient
		org.apache.nifi:nifi-gitlab-nar:2.6.0 || ./work/nar/extensions/nifi-gitlab-nar-2.6.0.nar-unpacked
	org.apache.nifi.azure.devops.AzureDevOpsFlowRegistryClient
		org.apache.nifi:nifi-azure-nar:2.6.0 || ./work/nar/extensions/nifi-azure-nar-2.6.0.nar-unpacked
	org.apache.nifi.atlassian.bitbucket.BitbucketFlowRegistryClient
		org.apache.nifi:nifi-atlassian-nar:2.6.0 || ./work/nar/extensions/nifi-atlassian-nar-2.6.0.nar-unpacked
	org.apache.nifi.github.GitHubFlowRegistryClient
		org.apache.nifi:nifi-github-nar:2.6.0 || ./work/nar/extensions/nifi-github-nar-2.6.0.nar-unpacked
	=== End FlowRegistryClient types ===
	=== PythonBridge Type ===
	org.apache.nifi.py4j.StandardPythonBridge
		org.apache.nifi:nifi-py4j-nar:2.6.0 || ./work/nar/extensions/nifi-py4j-nar-2.6.0.nar-unpacked
	=== End PythonBridge types ===
	=== LeaderElectionManager Type ===
	org.apache.nifi.kubernetes.leader.election.KubernetesLeaderElectionManager
		org.apache.nifi:nifi-framework-kubernetes-nar:2.6.0 || ./work/nar/extensions/nifi-framework-kubernetes-nar-2.6.0.nar-unpacked
	org.apache.nifi.framework.cluster.leader.zookeeper.CuratorLeaderElectionManager
		org.apache.nifi:nifi-framework-zookeeper-nar:2.6.0 || ./work/nar/extensions/nifi-framework-zookeeper-nar-2.6.0.nar-unpacked
	=== End LeaderElectionManager types ===
	=== FlowAnalysisRule Type ===
	org.apache.nifi.flowanalysis.rules.RestrictFlowFileExpiration
		org.apache.nifi:nifi-standard-nar:2.6.0 || ./work/nar/extensions/nifi-standard-nar-2.6.0.nar-unpacked
	org.apache.nifi.flowanalysis.rules.RestrictBackpressureSettings
		org.apache.nifi:nifi-standard-nar:2.6.0 || ./work/nar/extensions/nifi-standard-nar-2.6.0.nar-unpacked
	org.apache.nifi.flowanalysis.rules.DisallowComponentType
		org.apache.nifi:nifi-standard-nar:2.6.0 || ./work/nar/extensions/nifi-standard-nar-2.6.0.nar-unpacked
	org.apache.nifi.flowanalysis.rules.RequireServerSSLContextService
		org.apache.nifi:nifi-standard-nar:2.6.0 || ./work/nar/extensions/nifi-standard-nar-2.6.0.nar-unpacked
	=== End FlowAnalysisRule types ===
	=== ContentRepository Type ===
	org.apache.nifi.controller.repository.FileSystemRepository
		org.apache.nifi:nifi-framework-nar:2.6.0 || ./work/nar/framework/nifi-framework-nar-2.6.0.nar-unpacked
	=== End ContentRepository types ===
	=== AccessPolicyProvider Type ===
	org.apache.nifi.authorization.FileAccessPolicyProvider
		org.apache.nifi:nifi-framework-nar:2.6.0 || ./work/nar/framework/nifi-framework-nar-2.6.0.nar-unpacked
	=== End AccessPolicyProvider types ===
	=== AssetManager Type ===
	org.apache.nifi.asset.StandardAssetManager
		org.apache.nifi:nifi-framework-nar:2.6.0 || ./work/nar/framework/nifi-framework-nar-2.6.0.nar-unpacked
	=== End AssetManager types ===
	=== FlowFileRepository Type ===
	org.apache.nifi.controller.repository.WriteAheadFlowFileRepository
		org.apache.nifi:nifi-framework-nar:2.6.0 || ./work/nar/framework/nifi-framework-nar-2.6.0.nar-unpacked
	org.apache.nifi.controller.repository.VolatileFlowFileRepository
		org.apache.nifi:nifi-framework-nar:2.6.0 || ./work/nar/framework/nifi-framework-nar-2.6.0.nar-unpacked
	=== End FlowFileRepository types ===
	=== ReportingTask Type ===
	org.apache.nifi.reporting.SiteToSiteProvenanceReportingTask
		org.apache.nifi:nifi-site-to-site-reporting-nar:2.6.0 || ./work/nar/extensions/nifi-site-to-site-reporting-nar-2.6.0.nar-unpacked
	org.apache.nifi.reporting.SiteToSiteStatusReportingTask
		org.apache.nifi:nifi-site-to-site-reporting-nar:2.6.0 || ./work/nar/extensions/nifi-site-to-site-reporting-nar-2.6.0.nar-unpacked
	org.apache.nifi.reporting.script.ScriptedReportingTask
		org.apache.nifi:nifi-scripting-nar:2.6.0 || ./work/nar/extensions/nifi-scripting-nar-2.6.0.nar-unpacked
	org.apache.nifi.reporting.SiteToSiteBulletinReportingTask
		org.apache.nifi:nifi-site-to-site-reporting-nar:2.6.0 || ./work/nar/extensions/nifi-site-to-site-reporting-nar-2.6.0.nar-unpacked
	org.apache.nifi.controller.MonitorDiskUsage
		org.apache.nifi:nifi-standard-nar:2.6.0 || ./work/nar/extensions/nifi-standard-nar-2.6.0.nar-unpacked
	org.apache.nifi.controller.MonitorMemory
		org.apache.nifi:nifi-standard-nar:2.6.0 || ./work/nar/extensions/nifi-standard-nar-2.6.0.nar-unpacked
	org.apache.nifi.reporting.azure.loganalytics.AzureLogAnalyticsProvenanceReportingTask
		org.apache.nifi:nifi-azure-nar:2.6.0 || ./work/nar/extensions/nifi-azure-nar-2.6.0.nar-unpacked
	org.apache.nifi.reporting.azure.loganalytics.AzureLogAnalyticsReportingTask
		org.apache.nifi:nifi-azure-nar:2.6.0 || ./work/nar/extensions/nifi-azure-nar-2.6.0.nar-unpacked
	org.apache.nifi.controller.ControllerStatusReportingTask
		org.apache.nifi:nifi-standard-nar:2.6.0 || ./work/nar/extensions/nifi-standard-nar-2.6.0.nar-unpacked
	org.apache.nifi.reporting.SiteToSiteMetricsReportingTask
		org.apache.nifi:nifi-site-to-site-reporting-nar:2.6.0 || ./work/nar/extensions/nifi-site-to-site-reporting-nar-2.6.0.nar-unpacked
	=== End ReportingTask types ===
	=== ParameterProvider Type ===
	org.apache.nifi.vault.hashicorp.HashiCorpVaultParameterProvider
		org.apache.nifi:nifi-hashicorp-vault-nar:2.6.0 || ./work/nar/extensions/nifi-hashicorp-vault-nar-2.6.0.nar-unpacked
	org.apache.nifi.parameter.azure.AzureKeyVaultSecretsParameterProvider
		org.apache.nifi:nifi-azure-nar:2.6.0 || ./work/nar/extensions/nifi-azure-nar-2.6.0.nar-unpacked
	org.apache.nifi.parameter.aws.AwsSecretsManagerParameterProvider
		org.apache.nifi:nifi-aws-nar:2.6.0 || ./work/nar/extensions/nifi-aws-nar-2.6.0.nar-unpacked
	org.apache.nifi.parameter.KubernetesSecretParameterProvider
		org.apache.nifi:nifi-standard-nar:2.6.0 || ./work/nar/extensions/nifi-standard-nar-2.6.0.nar-unpacked
	org.apache.nifi.parameter.OnePasswordParameterProvider
		org.apache.nifi:nifi-standard-nar:2.6.0 || ./work/nar/extensions/nifi-standard-nar-2.6.0.nar-unpacked
	org.apache.nifi.parameter.gcp.GcpSecretManagerParameterProvider
		org.apache.nifi:nifi-gcp-nar:2.6.0 || ./work/nar/extensions/nifi-gcp-nar-2.6.0.nar-unpacked
	org.apache.nifi.parameter.DatabaseParameterProvider
		org.apache.nifi:nifi-standard-nar:2.6.0 || ./work/nar/extensions/nifi-standard-nar-2.6.0.nar-unpacked
	org.apache.nifi.parameter.EnvironmentVariableParameterProvider
		org.apache.nifi:nifi-standard-nar:2.6.0 || ./work/nar/extensions/nifi-standard-nar-2.6.0.nar-unpacked
	=== End ParameterProvider types ===
	=== ControllerService Type ===
	org.apache.nifi.json.JsonRecordSetWriter
		org.apache.nifi:nifi-record-serialization-services-nar:2.6.0 || ./work/nar/extensions/nifi-record-serialization-services-nar-2.6.0.nar-unpacked
	org.apache.nifi.processors.aws.s3.encryption.StandardS3EncryptionService
		org.apache.nifi:nifi-aws-nar:2.6.0 || ./work/nar/extensions/nifi-aws-nar-2.6.0.nar-unpacked
	org.apache.nifi.dbcp.DBCPConnectionPoolLookup
		org.apache.nifi:nifi-dbcp-service-nar:2.6.0 || ./work/nar/extensions/nifi-dbcp-service-nar-2.6.0.nar-unpacked
	org.apache.nifi.services.azure.data.explorer.StandardKustoIngestService
		org.apache.nifi:nifi-azure-nar:2.6.0 || ./work/nar/extensions/nifi-azure-nar-2.6.0.nar-unpacked
	org.apache.nifi.services.azure.storage.AzureBlobStorageFileResourceService
		org.apache.nifi:nifi-azure-nar:2.6.0 || ./work/nar/extensions/nifi-azure-nar-2.6.0.nar-unpacked
	org.apache.nifi.box.controllerservices.DeveloperBoxClientService
		org.apache.nifi:nifi-box-services-nar:2.6.0 || ./work/nar/extensions/nifi-box-services-nar-2.6.0.nar-unpacked
	org.apache.nifi.mongodb.MongoDBLookupService
		org.apache.nifi:nifi-mongodb-services-nar:2.6.0 || ./work/nar/extensions/nifi-mongodb-services-nar-2.6.0.nar-unpacked
	org.apache.nifi.confluent.schemaregistry.ConfluentEncodedSchemaReferenceWriter
		org.apache.nifi:nifi-confluent-platform-nar:2.6.0 || ./work/nar/extensions/nifi-confluent-platform-nar-2.6.0.nar-unpacked
	org.apache.nifi.vault.hashicorp.StandardHashiCorpVaultClientService
		org.apache.nifi:nifi-hashicorp-vault-nar:2.6.0 || ./work/nar/extensions/nifi-hashicorp-vault-nar-2.6.0.nar-unpacked
	org.apache.nifi.services.azure.storage.AzureStorageCredentialsControllerService_v12
		org.apache.nifi:nifi-azure-nar:2.6.0 || ./work/nar/extensions/nifi-azure-nar-2.6.0.nar-unpacked
	org.apache.nifi.syslog.SyslogReader
		org.apache.nifi:nifi-record-serialization-services-nar:2.6.0 || ./work/nar/extensions/nifi-record-serialization-services-nar-2.6.0.nar-unpacked
	org.apache.nifi.lookup.db.SimpleDatabaseLookupService
		org.apache.nifi:nifi-lookup-services-nar:2.6.0 || ./work/nar/extensions/nifi-lookup-services-nar-2.6.0.nar-unpacked
	org.apache.nifi.redis.service.RedisDistributedMapCacheClientService
		org.apache.nifi:nifi-redis-nar:2.6.0 || ./work/nar/extensions/nifi-redis-nar-2.6.0.nar-unpacked
	org.apache.nifi.record.sink.db.DatabaseRecordSink
		org.apache.nifi:nifi-dbcp-service-nar:2.6.0 || ./work/nar/extensions/nifi-dbcp-service-nar-2.6.0.nar-unpacked
	org.apache.nifi.kafka.service.Kafka3ConnectionService
		org.apache.nifi:nifi-kafka-3-service-nar:2.6.0 || ./work/nar/extensions/nifi-kafka-3-service-nar-2.6.0.nar-unpacked
	org.apache.nifi.yaml.YamlTreeReader
		org.apache.nifi:nifi-record-serialization-services-nar:2.6.0 || ./work/nar/extensions/nifi-record-serialization-services-nar-2.6.0.nar-unpacked
	org.apache.nifi.lookup.script.SimpleScriptedLookupService
		org.apache.nifi:nifi-scripting-nar:2.6.0 || ./work/nar/extensions/nifi-scripting-nar-2.6.0.nar-unpacked
	org.apache.nifi.jms.cf.JndiJmsConnectionFactoryProvider
		org.apache.nifi:nifi-jms-processors-nar:2.6.0 || ./work/nar/extensions/nifi-jms-processors-nar-2.6.0.nar-unpacked
	org.apache.nifi.proxy.StandardProxyConfigurationService
		org.apache.nifi:nifi-proxy-configuration-nar:2.6.0 || ./work/nar/extensions/nifi-proxy-configuration-nar-2.6.0.nar-unpacked
	org.apache.nifi.ssl.PEMEncodedSSLContextProvider
		org.apache.nifi:nifi-ssl-context-service-nar:2.6.0 || ./work/nar/extensions/nifi-ssl-context-service-nar-2.6.0.nar-unpacked
	org.apache.nifi.lookup.DistributedMapCacheLookupService
		org.apache.nifi:nifi-lookup-services-nar:2.6.0 || ./work/nar/extensions/nifi-lookup-services-nar-2.6.0.nar-unpacked
	org.apache.nifi.csv.CSVRecordSetWriter
		org.apache.nifi:nifi-record-serialization-services-nar:2.6.0 || ./work/nar/extensions/nifi-record-serialization-services-nar-2.6.0.nar-unpacked
	org.apache.nifi.services.azure.eventhub.AzureEventHubRecordSink
		org.apache.nifi:nifi-azure-nar:2.6.0 || ./work/nar/extensions/nifi-azure-nar-2.6.0.nar-unpacked
	org.apache.nifi.mongodb.MongoDBControllerService
		org.apache.nifi:nifi-mongodb-services-nar:2.6.0 || ./work/nar/extensions/nifi-mongodb-services-nar-2.6.0.nar-unpacked
	org.apache.nifi.lookup.SimpleCsvFileLookupService
		org.apache.nifi:nifi-lookup-services-nar:2.6.0 || ./work/nar/extensions/nifi-lookup-services-nar-2.6.0.nar-unpacked
	org.apache.nifi.services.slack.SlackRecordSink
		org.apache.nifi:nifi-slack-nar:2.6.0 || ./work/nar/extensions/nifi-slack-nar-2.6.0.nar-unpacked
	org.apache.nifi.schema.inference.VolatileSchemaCache
		org.apache.nifi:nifi-record-serialization-services-nar:2.6.0 || ./work/nar/extensions/nifi-record-serialization-services-nar-2.6.0.nar-unpacked
	org.apache.nifi.websocket.jetty.JettyWebSocketServer
		org.apache.nifi:nifi-websocket-services-jetty-nar:2.6.0 || ./work/nar/extensions/nifi-websocket-services-jetty-nar-2.6.0.nar-unpacked
	org.apache.nifi.elasticsearch.ElasticSearchClientServiceImpl
		org.apache.nifi:nifi-elasticsearch-client-service-nar:2.6.0 || ./work/nar/extensions/nifi-elasticsearch-client-service-nar-2.6.0.nar-unpacked
	org.apache.nifi.websocket.jetty.JettyWebSocketClient
		org.apache.nifi:nifi-websocket-services-jetty-nar:2.6.0 || ./work/nar/extensions/nifi-websocket-services-jetty-nar-2.6.0.nar-unpacked
	org.apache.nifi.record.sink.lookup.RecordSinkServiceLookup
		org.apache.nifi:nifi-record-sink-service-nar:2.6.0 || ./work/nar/extensions/nifi-record-sink-service-nar-2.6.0.nar-unpacked
	org.apache.nifi.elasticsearch.ElasticSearchLookupService
		org.apache.nifi:nifi-elasticsearch-client-service-nar:2.6.0 || ./work/nar/extensions/nifi-elasticsearch-client-service-nar-2.6.0.nar-unpacked
	org.apache.nifi.services.smb.SmbjClientProviderService
		org.apache.nifi:nifi-smb-smbj-client-nar:2.6.0 || ./work/nar/extensions/nifi-smb-smbj-client-nar-2.6.0.nar-unpacked
	org.apache.nifi.services.azure.storage.AzureStorageCredentialsControllerServiceLookup_v12
		org.apache.nifi:nifi-azure-nar:2.6.0 || ./work/nar/extensions/nifi-azure-nar-2.6.0.nar-unpacked
	org.apache.nifi.pgp.service.standard.StandardPGPPrivateKeyService
		org.apache.nifi:nifi-pgp-service-nar:2.6.0 || ./work/nar/extensions/nifi-pgp-service-nar-2.6.0.nar-unpacked
	org.apache.nifi.ssl.StandardRestrictedSSLContextService
		org.apache.nifi:nifi-ssl-context-service-nar:2.6.0 || ./work/nar/extensions/nifi-ssl-context-service-nar-2.6.0.nar-unpacked
	org.apache.nifi.fileresource.service.StandardFileResourceService
		org.apache.nifi:nifi-file-resource-service-nar:2.6.0 || ./work/nar/extensions/nifi-file-resource-service-nar-2.6.0.nar-unpacked
	org.apache.nifi.services.azure.storage.ADLSCredentialsControllerServiceLookup
		org.apache.nifi:nifi-azure-nar:2.6.0 || ./work/nar/extensions/nifi-azure-nar-2.6.0.nar-unpacked
	org.apache.nifi.kerberos.KerberosPasswordUserService
		org.apache.nifi:nifi-kerberos-user-service-nar:2.6.0 || ./work/nar/extensions/nifi-kerberos-user-service-nar-2.6.0.nar-unpacked
	org.apache.nifi.apicurio.schemaregistry.ApicurioSchemaRegistry
		org.apache.nifi:nifi-apicurio-nar:2.6.0 || ./work/nar/extensions/nifi-apicurio-nar-2.6.0.nar-unpacked
	org.apache.nifi.lookup.XMLFileLookupService
		org.apache.nifi:nifi-lookup-services-nar:2.6.0 || ./work/nar/extensions/nifi-lookup-services-nar-2.6.0.nar-unpacked
	org.apache.nifi.reporting.sink.SiteToSiteReportingRecordSink
		org.apache.nifi:nifi-site-to-site-reporting-nar:2.6.0 || ./work/nar/extensions/nifi-site-to-site-reporting-nar-2.6.0.nar-unpacked
	org.apache.nifi.lookup.maxmind.IPLookupService
		org.apache.nifi:nifi-lookup-services-nar:2.6.0 || ./work/nar/extensions/nifi-lookup-services-nar-2.6.0.nar-unpacked
	org.apache.nifi.services.zendesk.ZendeskRecordSink
		org.apache.nifi:nifi-zendesk-services-nar:2.6.0 || ./work/nar/extensions/nifi-zendesk-services-nar-2.6.0.nar-unpacked
	org.apache.nifi.distributed.cache.client.SetCacheClientService
		org.apache.nifi:nifi-distributed-cache-services-nar:2.6.0 || ./work/nar/extensions/nifi-distributed-cache-services-nar-2.6.0.nar-unpacked
	org.apache.nifi.elasticsearch.ElasticSearchStringLookupService
		org.apache.nifi:nifi-elasticsearch-client-service-nar:2.6.0 || ./work/nar/extensions/nifi-elasticsearch-client-service-nar-2.6.0.nar-unpacked
	org.apache.nifi.hazelcast.services.cachemanager.EmbeddedHazelcastCacheManager
		org.apache.nifi:nifi-hazelcast-services-nar:2.6.0 || ./work/nar/extensions/nifi-hazelcast-services-nar-2.6.0.nar-unpacked
	org.apache.nifi.aws.schemaregistry.AmazonGlueEncodedSchemaReferenceReader
		org.apache.nifi:nifi-aws-nar:2.6.0 || ./work/nar/extensions/nifi-aws-nar-2.6.0.nar-unpacked
	org.apache.nifi.record.sink.LoggingRecordSink
		org.apache.nifi:nifi-record-sink-service-nar:2.6.0 || ./work/nar/extensions/nifi-record-sink-service-nar-2.6.0.nar-unpacked
	org.apache.nifi.record.sink.event.UDPEventRecordSink
		org.apache.nifi:nifi-record-sink-service-nar:2.6.0 || ./work/nar/extensions/nifi-record-sink-service-nar-2.6.0.nar-unpacked
	org.apache.nifi.db.schemaregistry.DatabaseTableSchemaRegistry
		org.apache.nifi:nifi-db-schema-registry-service-nar:2.6.0 || ./work/nar/extensions/nifi-db-schema-registry-service-nar-2.6.0.nar-unpacked
	org.apache.nifi.record.sink.HttpRecordSink
		org.apache.nifi:nifi-record-sink-service-nar:2.6.0 || ./work/nar/extensions/nifi-record-sink-service-nar-2.6.0.nar-unpacked
	org.apache.nifi.cef.CEFReader
		org.apache.nifi:nifi-record-serialization-services-nar:2.6.0 || ./work/nar/extensions/nifi-record-serialization-services-nar-2.6.0.nar-unpacked
	org.apache.nifi.lookup.RecordSetWriterLookup
		org.apache.nifi:nifi-record-serialization-services-nar:2.6.0 || ./work/nar/extensions/nifi-record-serialization-services-nar-2.6.0.nar-unpacked
	org.apache.nifi.syslog.Syslog5424Reader
		org.apache.nifi:nifi-record-serialization-services-nar:2.6.0 || ./work/nar/extensions/nifi-record-serialization-services-nar-2.6.0.nar-unpacked
	org.apache.nifi.record.script.ScriptedRecordSetWriter
		org.apache.nifi:nifi-scripting-nar:2.6.0 || ./work/nar/extensions/nifi-scripting-nar-2.6.0.nar-unpacked
	org.apache.nifi.distributed.cache.server.SetCacheServer
		org.apache.nifi:nifi-distributed-cache-services-nar:2.6.0 || ./work/nar/extensions/nifi-distributed-cache-services-nar-2.6.0.nar-unpacked
	org.apache.nifi.schemaregistry.services.AvroSchemaRegistry
		org.apache.nifi:nifi-registry-nar:2.6.0 || ./work/nar/extensions/nifi-registry-nar-2.6.0.nar-unpacked
	org.apache.nifi.services.azure.storage.ADLSCredentialsControllerService
		org.apache.nifi:nifi-azure-nar:2.6.0 || ./work/nar/extensions/nifi-azure-nar-2.6.0.nar-unpacked
	org.apache.nifi.ssl.StandardSSLContextService
		org.apache.nifi:nifi-ssl-context-service-nar:2.6.0 || ./work/nar/extensions/nifi-ssl-context-service-nar-2.6.0.nar-unpacked
	org.apache.nifi.services.azure.StandardAzureCredentialsControllerService
		org.apache.nifi:nifi-azure-nar:2.6.0 || ./work/nar/extensions/nifi-azure-nar-2.6.0.nar-unpacked
	org.apache.nifi.database.dialect.service.StandardDatabaseDialectService
		org.apache.nifi:nifi-database-dialect-service-nar:2.6.0 || ./work/nar/extensions/nifi-database-dialect-service-nar-2.6.0.nar-unpacked
	org.apache.nifi.excel.ExcelReader
		org.apache.nifi:nifi-poi-nar:2.6.0 || ./work/nar/extensions/nifi-poi-nar-2.6.0.nar-unpacked
	org.apache.nifi.key.service.StandardPrivateKeyService
		org.apache.nifi:nifi-key-service-nar:2.6.0 || ./work/nar/extensions/nifi-key-service-nar-2.6.0.nar-unpacked
	org.apache.nifi.dbcp.HikariCPConnectionPool
		org.apache.nifi:nifi-dbcp-service-nar:2.6.0 || ./work/nar/extensions/nifi-dbcp-service-nar-2.6.0.nar-unpacked
	org.apache.nifi.kerberos.KerberosTicketCacheUserService
		org.apache.nifi:nifi-kerberos-user-service-nar:2.6.0 || ./work/nar/extensions/nifi-kerberos-user-service-nar-2.6.0.nar-unpacked
	org.apache.nifi.aws.schemaregistry.AmazonGlueSchemaRegistry
		org.apache.nifi:nifi-aws-nar:2.6.0 || ./work/nar/extensions/nifi-aws-nar-2.6.0.nar-unpacked
	org.apache.nifi.hazelcast.services.cacheclient.HazelcastMapCacheClient
		org.apache.nifi:nifi-hazelcast-services-nar:2.6.0 || ./work/nar/extensions/nifi-hazelcast-services-nar-2.6.0.nar-unpacked
	org.apache.nifi.dbcp.DBCPConnectionPool
		org.apache.nifi:nifi-dbcp-service-nar:2.6.0 || ./work/nar/extensions/nifi-dbcp-service-nar-2.6.0.nar-unpacked
	org.apache.nifi.processors.aws.credentials.provider.service.AWSCredentialsProviderControllerService
		org.apache.nifi:nifi-aws-nar:2.6.0 || ./work/nar/extensions/nifi-aws-nar-2.6.0.nar-unpacked
	org.apache.nifi.avro.AvroReader
		org.apache.nifi:nifi-record-serialization-services-nar:2.6.0 || ./work/nar/extensions/nifi-record-serialization-services-nar-2.6.0.nar-unpacked
	org.apache.nifi.oauth2.StandardOauth2AccessTokenProvider
		org.apache.nifi:nifi-oauth2-provider-nar:2.6.0 || ./work/nar/extensions/nifi-oauth2-provider-nar-2.6.0.nar-unpacked
	org.apache.nifi.redis.service.RedisConnectionPoolService
		org.apache.nifi:nifi-redis-nar:2.6.0 || ./work/nar/extensions/nifi-redis-nar-2.6.0.nar-unpacked
	org.apache.nifi.services.azure.data.explorer.StandardKustoQueryService
		org.apache.nifi:nifi-azure-nar:2.6.0 || ./work/nar/extensions/nifi-azure-nar-2.6.0.nar-unpacked
	org.apache.nifi.json.JsonPathReader
		org.apache.nifi:nifi-record-serialization-services-nar:2.6.0 || ./work/nar/extensions/nifi-record-serialization-services-nar-2.6.0.nar-unpacked
	org.apache.nifi.processors.aws.s3.service.S3FileResourceService
		org.apache.nifi:nifi-aws-nar:2.6.0 || ./work/nar/extensions/nifi-aws-nar-2.6.0.nar-unpacked
	org.apache.nifi.lookup.db.DatabaseRecordLookupService
		org.apache.nifi:nifi-lookup-services-nar:2.6.0 || ./work/nar/extensions/nifi-lookup-services-nar-2.6.0.nar-unpacked
	org.apache.nifi.services.protobuf.StandardProtobufReader
		org.apache.nifi:nifi-protobuf-services-nar:2.6.0 || ./work/nar/extensions/nifi-protobuf-services-nar-2.6.0.nar-unpacked
	org.apache.nifi.grok.GrokReader
		org.apache.nifi:nifi-record-serialization-services-nar:2.6.0 || ./work/nar/extensions/nifi-record-serialization-services-nar-2.6.0.nar-unpacked
	org.apache.nifi.services.dropbox.StandardDropboxCredentialService
		org.apache.nifi:nifi-dropbox-services-nar:2.6.0 || ./work/nar/extensions/nifi-dropbox-services-nar-2.6.0.nar-unpacked
	org.apache.nifi.text.FreeFormTextRecordSetWriter
		org.apache.nifi:nifi-record-serialization-services-nar:2.6.0 || ./work/nar/extensions/nifi-record-serialization-services-nar-2.6.0.nar-unpacked
	org.apache.nifi.xml.XMLRecordSetWriter
		org.apache.nifi:nifi-record-serialization-services-nar:2.6.0 || ./work/nar/extensions/nifi-record-serialization-services-nar-2.6.0.nar-unpacked
	org.apache.nifi.processors.gcp.storage.GCSFileResourceService
		org.apache.nifi:nifi-gcp-nar:2.6.0 || ./work/nar/extensions/nifi-gcp-nar-2.6.0.nar-unpacked
	org.apache.nifi.kafka.service.aws.AmazonMSKConnectionService
		org.apache.nifi:nifi-kafka-service-aws-nar:2.6.0 || ./work/nar/extensions/nifi-kafka-service-aws-nar-2.6.0.nar-unpacked
	org.apache.nifi.services.azure.cosmos.document.AzureCosmosDBClientService
		org.apache.nifi:nifi-azure-nar:2.6.0 || ./work/nar/extensions/nifi-azure-nar-2.6.0.nar-unpacked
	org.apache.nifi.http.StandardHttpContextMap
		org.apache.nifi:nifi-http-context-map-nar:2.6.0 || ./work/nar/extensions/nifi-http-context-map-nar-2.6.0.nar-unpacked
	org.apache.nifi.distributed.cache.client.MapCacheClientService
		org.apache.nifi:nifi-distributed-cache-services-nar:2.6.0 || ./work/nar/extensions/nifi-distributed-cache-services-nar-2.6.0.nar-unpacked
	org.apache.nifi.kerberos.KerberosKeytabUserService
		org.apache.nifi:nifi-kerberos-user-service-nar:2.6.0 || ./work/nar/extensions/nifi-kerberos-user-service-nar-2.6.0.nar-unpacked
	org.apache.nifi.services.azure.storage.AzureDataLakeStorageFileResourceService
		org.apache.nifi:nifi-azure-nar:2.6.0 || ./work/nar/extensions/nifi-azure-nar-2.6.0.nar-unpacked
	org.apache.nifi.services.protobuf.ProtobufReader
		org.apache.nifi:nifi-protobuf-services-nar:2.6.0 || ./work/nar/extensions/nifi-protobuf-services-nar-2.6.0.nar-unpacked
	org.apache.nifi.lookup.SimpleKeyValueLookupService
		org.apache.nifi:nifi-lookup-services-nar:2.6.0 || ./work/nar/extensions/nifi-lookup-services-nar-2.6.0.nar-unpacked
	org.apache.nifi.csv.CSVReader
		org.apache.nifi:nifi-record-serialization-services-nar:2.6.0 || ./work/nar/extensions/nifi-record-serialization-services-nar-2.6.0.nar-unpacked
	org.apache.nifi.lookup.RestLookupService
		org.apache.nifi:nifi-lookup-services-nar:2.6.0 || ./work/nar/extensions/nifi-lookup-services-nar-2.6.0.nar-unpacked
	org.apache.nifi.processors.gcp.credentials.service.GCPCredentialsControllerService
		org.apache.nifi:nifi-gcp-nar:2.6.0 || ./work/nar/extensions/nifi-gcp-nar-2.6.0.nar-unpacked
	org.apache.nifi.avro.AvroRecordSetWriter
		org.apache.nifi:nifi-record-serialization-services-nar:2.6.0 || ./work/nar/extensions/nifi-record-serialization-services-nar-2.6.0.nar-unpacked
	org.apache.nifi.confluent.schemaregistry.ConfluentProtobufMessageNameResolver
		org.apache.nifi:nifi-confluent-platform-nar:2.6.0 || ./work/nar/extensions/nifi-confluent-platform-nar-2.6.0.nar-unpacked
	org.apache.nifi.record.sink.EmailRecordSink
		org.apache.nifi:nifi-record-sink-service-nar:2.6.0 || ./work/nar/extensions/nifi-record-sink-service-nar-2.6.0.nar-unpacked
	org.apache.nifi.windowsevent.WindowsEventLogReader
		org.apache.nifi:nifi-record-serialization-services-nar:2.6.0 || ./work/nar/extensions/nifi-record-serialization-services-nar-2.6.0.nar-unpacked
	org.apache.nifi.hazelcast.services.cachemanager.ExternalHazelcastCacheManager
		org.apache.nifi:nifi-hazelcast-services-nar:2.6.0 || ./work/nar/extensions/nifi-hazelcast-services-nar-2.6.0.nar-unpacked
	org.apache.nifi.distributed.cache.server.map.MapCacheServer
		org.apache.nifi:nifi-distributed-cache-services-nar:2.6.0 || ./work/nar/extensions/nifi-distributed-cache-services-nar-2.6.0.nar-unpacked
	org.apache.nifi.xml.XMLReader
		org.apache.nifi:nifi-record-serialization-services-nar:2.6.0 || ./work/nar/extensions/nifi-record-serialization-services-nar-2.6.0.nar-unpacked
	org.apache.nifi.schemaregistry.services.StandardJsonSchemaRegistry
		org.apache.nifi:nifi-registry-nar:2.6.0 || ./work/nar/extensions/nifi-registry-nar-2.6.0.nar-unpacked
	org.apache.nifi.record.script.ScriptedReader
		org.apache.nifi:nifi-scripting-nar:2.6.0 || ./work/nar/extensions/nifi-scripting-nar-2.6.0.nar-unpacked
	org.apache.nifi.redis.service.SimpleRedisDistributedMapCacheClientService
		org.apache.nifi:nifi-redis-nar:2.6.0 || ./work/nar/extensions/nifi-redis-nar-2.6.0.nar-unpacked
	org.apache.nifi.lookup.CSVRecordLookupService
		org.apache.nifi:nifi-lookup-services-nar:2.6.0 || ./work/nar/extensions/nifi-lookup-services-nar-2.6.0.nar-unpacked
	org.apache.nifi.pgp.service.standard.StandardPGPPublicKeyService
		org.apache.nifi:nifi-pgp-service-nar:2.6.0 || ./work/nar/extensions/nifi-pgp-service-nar-2.6.0.nar-unpacked
	org.apache.nifi.lookup.script.ScriptedLookupService
		org.apache.nifi:nifi-scripting-nar:2.6.0 || ./work/nar/extensions/nifi-scripting-nar-2.6.0.nar-unpacked
	org.apache.nifi.controller.asana.StandardAsanaClientProviderService
		org.apache.nifi:nifi-asana-services-nar:2.6.0 || ./work/nar/extensions/nifi-asana-services-nar-2.6.0.nar-unpacked
	org.apache.nifi.confluent.schemaregistry.ConfluentSchemaRegistry
		org.apache.nifi:nifi-confluent-platform-nar:2.6.0 || ./work/nar/extensions/nifi-confluent-platform-nar-2.6.0.nar-unpacked
	org.apache.nifi.jms.cf.JMSConnectionFactoryProvider
		org.apache.nifi:nifi-jms-processors-nar:2.6.0 || ./work/nar/extensions/nifi-jms-processors-nar-2.6.0.nar-unpacked
	org.apache.nifi.confluent.schemaregistry.ConfluentEncodedSchemaReferenceReader
		org.apache.nifi:nifi-confluent-platform-nar:2.6.0 || ./work/nar/extensions/nifi-confluent-platform-nar-2.6.0.nar-unpacked
	org.apache.nifi.web.client.provider.service.StandardWebClientServiceProvider
		org.apache.nifi:nifi-web-client-provider-service-nar:2.6.0 || ./work/nar/extensions/nifi-web-client-provider-service-nar-2.6.0.nar-unpacked
	org.apache.nifi.lookup.PropertiesFileLookupService
		org.apache.nifi:nifi-lookup-services-nar:2.6.0 || ./work/nar/extensions/nifi-lookup-services-nar-2.6.0.nar-unpacked
	org.apache.nifi.box.controllerservices.JsonConfigBasedBoxClientService
		org.apache.nifi:nifi-box-services-nar:2.6.0 || ./work/nar/extensions/nifi-box-services-nar-2.6.0.nar-unpacked
	org.apache.nifi.json.JsonTreeReader
		org.apache.nifi:nifi-record-serialization-services-nar:2.6.0 || ./work/nar/extensions/nifi-record-serialization-services-nar-2.6.0.nar-unpacked
	org.apache.nifi.record.sink.script.ScriptedRecordSink
		org.apache.nifi:nifi-scripting-nar:2.6.0 || ./work/nar/extensions/nifi-scripting-nar-2.6.0.nar-unpacked
	org.apache.nifi.lookup.ReaderLookup
		org.apache.nifi:nifi-record-serialization-services-nar:2.6.0 || ./work/nar/extensions/nifi-record-serialization-services-nar-2.6.0.nar-unpacked
	org.apache.nifi.oauth2.JWTBearerOAuth2AccessTokenProvider
		org.apache.nifi:nifi-oauth2-provider-nar:2.6.0 || ./work/nar/extensions/nifi-oauth2-provider-nar-2.6.0.nar-unpacked
	=== End ControllerService types ===
	=== StatusAnalyticsModel Type ===
	org.apache.nifi.controller.status.analytics.models.OrdinaryLeastSquares
		org.apache.nifi:nifi-framework-nar:2.6.0 || ./work/nar/framework/nifi-framework-nar-2.6.0.nar-unpacked
	org.apache.nifi.controller.status.analytics.models.SimpleRegression
		org.apache.nifi:nifi-framework-nar:2.6.0 || ./work/nar/framework/nifi-framework-nar-2.6.0.nar-unpacked
	=== End StatusAnalyticsModel types ===
	=== FlowFilePrioritizer Type ===
	org.apache.nifi.prioritizer.NewestFlowFileFirstPrioritizer
		org.apache.nifi:nifi-framework-nar:2.6.0 || ./work/nar/framework/nifi-framework-nar-2.6.0.nar-unpacked
	org.apache.nifi.prioritizer.FirstInFirstOutPrioritizer
		org.apache.nifi:nifi-framework-nar:2.6.0 || ./work/nar/framework/nifi-framework-nar-2.6.0.nar-unpacked
	org.apache.nifi.prioritizer.PriorityAttributePrioritizer
		org.apache.nifi:nifi-framework-nar:2.6.0 || ./work/nar/framework/nifi-framework-nar-2.6.0.nar-unpacked
	org.apache.nifi.prioritizer.OldestFlowFileFirstPrioritizer
		org.apache.nifi:nifi-framework-nar:2.6.0 || ./work/nar/framework/nifi-framework-nar-2.6.0.nar-unpacked
	=== End FlowFilePrioritizer types ===
	=== NarPersistenceProvider Type ===
	org.apache.nifi.nar.StandardNarPersistenceProvider
		org.apache.nifi:nifi-framework-nar:2.6.0 || ./work/nar/framework/nifi-framework-nar-2.6.0.nar-unpacked
	=== End NarPersistenceProvider types ===
	=== FlowFileSwapManager Type ===
	org.apache.nifi.controller.FileSystemSwapManager
		org.apache.nifi:nifi-framework-nar:2.6.0 || ./work/nar/framework/nifi-framework-nar-2.6.0.nar-unpacked
	=== End FlowFileSwapManager types ===
2025-10-16 10:49:33,214 INFO [main] o.a.n.f.r.CompositeExternalResourceProviderService Starting External Resource Provider Service ...
2025-10-16 10:49:33,214 INFO [main] o.a.n.f.r.CompositeExternalResourceProviderService External Resource Provider Service is started successfully
2025-10-16 10:49:33,215 INFO [main] org.apache.nifi.nar.NarAutoLoader Found 0 initial NARs from directory nar_extensions
2025-10-16 10:49:33,217 INFO [main] org.apache.nifi.nar.NarAutoLoader Starting NAR Auto-Loader Thread for directory /opt/nifi/nifi-current/nar_extensions ...
2025-10-16 10:49:33,218 INFO [main] org.eclipse.jetty.server.Server jetty-12.0.27; built: 2025-09-10T23:47:49.595Z; git: 3569a3e83ad136ee44e26b370b74c1c5e9f33e61; jvm 21.0.8+12-LTS
2025-10-16 10:49:33,539 INFO [main] o.e.j.session.DefaultSessionIdManager Session workerName=node0
2025-10-16 10:49:33,541 INFO [main] o.e.jetty.server.handler.ContextHandler Started oeje10w.WebAppContext@25d0b918{/nifi-standard-content-viewer-2.6.0,/nifi-standard-content-viewer-2.6.0,b=file:///opt/nifi/nifi-current/work/jetty/nifi-standard-content-viewer-2.6.0.war/webapp/,a=AVAILABLE,h=oeje10s.SessionHandler@218f2f51{STARTED}}{./work/nar/extensions/nifi-standard-content-viewer-nar-2.6.0.nar-unpacked/NAR-INF/bundled-dependencies/nifi-standard-content-viewer-2.6.0.war}
2025-10-16 10:49:33,543 INFO [main] o.a.n.w.c.v.StandardServletContextListener Standard Content Viewer Initialized
2025-10-16 10:49:33,558 INFO [main] o.e.j.ee10.servlet.ServletContextHandler Started oeje10w.WebAppContext@25d0b918{/nifi-standard-content-viewer-2.6.0,/nifi-standard-content-viewer-2.6.0,b=file:///opt/nifi/nifi-current/work/jetty/nifi-standard-content-viewer-2.6.0.war/webapp/,a=AVAILABLE,h=oeje10s.SessionHandler@218f2f51{STARTED}}{./work/nar/extensions/nifi-standard-content-viewer-nar-2.6.0.nar-unpacked/NAR-INF/bundled-dependencies/nifi-standard-content-viewer-2.6.0.war}
2025-10-16 10:49:33,823 INFO [main] o.e.jetty.server.handler.ContextHandler Started oeje10w.WebAppContext@280d6a20{/nifi-jolt-transform-json-ui-2.6.0,/nifi-jolt-transform-json-ui-2.6.0,b=file:///opt/nifi/nifi-current/work/jetty/nifi-jolt-transform-json-ui-2.6.0.war/webapp/,a=AVAILABLE,h=oeje10s.SessionHandler@4641f66c{STARTED}}{./work/nar/extensions/nifi-jolt-nar-2.6.0.nar-unpacked/NAR-INF/bundled-dependencies/nifi-jolt-transform-json-ui-2.6.0.war}
2025-10-16 10:49:33,825 INFO [main] o.e.j.ee10.servlet.ServletContextHandler Started oeje10w.WebAppContext@280d6a20{/nifi-jolt-transform-json-ui-2.6.0,/nifi-jolt-transform-json-ui-2.6.0,b=file:///opt/nifi/nifi-current/work/jetty/nifi-jolt-transform-json-ui-2.6.0.war/webapp/,a=AVAILABLE,h=oeje10s.SessionHandler@4641f66c{STARTED}}{./work/nar/extensions/nifi-jolt-nar-2.6.0.nar-unpacked/NAR-INF/bundled-dependencies/nifi-jolt-transform-json-ui-2.6.0.war}
2025-10-16 10:49:34,027 INFO [main] o.e.jetty.server.handler.ContextHandler Started oeje10w.WebAppContext@49f2646{/nifi-update-attribute-ui-2.6.0,/nifi-update-attribute-ui-2.6.0,b=file:///opt/nifi/nifi-current/work/jetty/nifi-update-attribute-ui-2.6.0.war/webapp/,a=AVAILABLE,h=oeje10s.SessionHandler@54b2d002{STARTED}}{./work/nar/extensions/nifi-update-attribute-nar-2.6.0.nar-unpacked/NAR-INF/bundled-dependencies/nifi-update-attribute-ui-2.6.0.war}
2025-10-16 10:49:34,029 INFO [main] o.e.j.ee10.servlet.ServletContextHandler Started oeje10w.WebAppContext@49f2646{/nifi-update-attribute-ui-2.6.0,/nifi-update-attribute-ui-2.6.0,b=file:///opt/nifi/nifi-current/work/jetty/nifi-update-attribute-ui-2.6.0.war/webapp/,a=AVAILABLE,h=oeje10s.SessionHandler@54b2d002{STARTED}}{./work/nar/extensions/nifi-update-attribute-nar-2.6.0.nar-unpacked/NAR-INF/bundled-dependencies/nifi-update-attribute-ui-2.6.0.war}
2025-10-16 10:49:34,121 INFO [main] o.e.j.s.handler.ContextHandler._nifi_api No Spring WebApplicationInitializer types detected on classpath
2025-10-16 10:49:34,155 INFO [main] o.e.jetty.server.handler.ContextHandler Started oeje10w.WebAppContext@44c27b8b{nifi-api,/nifi-api,b=file:///opt/nifi/nifi-current/work/jetty/nifi-web-api-2.6.0.war/webapp/,a=AVAILABLE,h=oeje10s.SessionHandler@77b22b05{STARTED}}{./work/nar/extensions/nifi-server-nar-2.6.0.nar-unpacked/NAR-INF/bundled-dependencies/nifi-web-api-2.6.0.war}
2025-10-16 10:49:34,156 INFO [main] o.e.j.s.handler.ContextHandler._nifi_api Initializing Spring root WebApplicationContext
2025-10-16 10:49:34,596 INFO [main] o.a.nifi.properties.NiFiPropertiesLoader Loading Application Properties [/opt/nifi/nifi-current/conf/nifi.properties]
2025-10-16 10:49:34,965 INFO [main] o.a.n.wali.SequentialAccessWriteAheadLog Recovering records from Write-Ahead Log at ./state/local
2025-10-16 10:49:34,966 INFO [main] org.apache.nifi.wali.HashMapSnapshot org.apache.nifi.wali.HashMapSnapshot@2e93f91d restored 2 Records and 0 Swap Files from Snapshot, ending with Transaction ID 1
2025-10-16 10:49:34,966 INFO [main] o.a.n.wali.SequentialAccessWriteAheadLog Successfully recovered 2 records and 0 swap files from Snapshot at ./state/local/checkpoint with Max Transaction ID of 1 in 0 milliseconds. Now recovering records from 1 journal files
2025-10-16 10:49:34,967 INFO [main] o.a.nifi.wali.LengthDelimitedJournal Recovering records from journal ./state/local/journals/3.journal
2025-10-16 10:49:34,969 INFO [main] o.a.nifi.wali.LengthDelimitedJournal Successfully recovered 2 updates from journal ./state/local/journals/3.journal
2025-10-16 10:49:34,969 INFO [main] o.a.n.wali.SequentialAccessWriteAheadLog Successfully recovered 2 records in 3 milliseconds. Now checkpointing to ensure that Write-Ahead Log is in a consistent state
2025-10-16 10:49:34,970 INFO [main] o.a.n.wali.SequentialAccessWriteAheadLog Checkpointed Write-Ahead Log with 2 Records and 0 Swap Files in 1 milliseconds (Stop-the-world time = 0 milliseconds), max Transaction ID 4
2025-10-16 10:49:35,146 INFO [main] jetbrains.exodus.env.EnvironmentImpl Exodus environment created: ./database_repository
2025-10-16 10:49:35,193 INFO [main] o.a.n.a.service.EntityStoreAuditService Environment configured with directory [./database_repository]
2025-10-16 10:49:35,268 WARN [main] org.apache.nifi.util.FlowParser Flow Configuration does not exist or was empty
2025-10-16 10:49:35,636 INFO [main] o.a.n.c.r.WriteAheadFlowFileRepository Initialized FlowFile Repository
2025-10-16 10:49:35,637 INFO [main] o.apache.nifi.controller.FlowController Creating Provenance Repository [org.apache.nifi.provenance.WriteAheadProvenanceRepository]
2025-10-16 10:49:35,652 INFO [main] o.a.n.p.store.WriteAheadStorePartition After recovering ./provenance_repository, next Event ID to be generated will be 0
2025-10-16 10:49:35,653 INFO [main] o.a.n.p.index.lucene.LuceneEventIndex Will avoid re-indexing Provenance Events because the newest index is defunct, so it will be re-indexed in the background
2025-10-16 10:49:35,654 INFO [main] o.apache.nifi.controller.FlowController Creating Content Repository [org.apache.nifi.controller.repository.FileSystemRepository]
2025-10-16 10:49:35,656 INFO [main] o.a.n.c.repository.FileSystemRepository Maximum Threshold for Container default set to 29412863508 bytes; if volume exceeds this size, archived data will be deleted until it no longer exceeds this size
2025-10-16 10:49:35,656 INFO [main] o.a.n.c.repository.FileSystemRepository Initializing FileSystemRepository with 'Always Sync' set to false
2025-10-16 10:49:35,905 INFO [main] org.apache.nifi.py4j.PythonProcess Launching Python Process python3 /opt/nifi/nifi-current/./python/framework/Controller.py with working directory ./work/python/controller to communicate with Java on Port 45859
2025-10-16 10:49:36,025 INFO [python-log-128] org.apache.nifi.py4j.Controller Listening for requests from Java side using Python Port 43501, communicating with Java on port 45859
2025-10-16 10:49:36,080 INFO [main] org.apache.nifi.py4j.PythonProcess Successfully started and pinged Python Server. Python Process = Process[pid=128, exitValue="not exited"]
2025-10-16 10:49:36,387 INFO [main] o.a.n.n.NarPersistenceProviderFactoryBean Creating NAR Persistence Provider [org.apache.nifi.nar.StandardNarPersistenceProvider]
2025-10-16 10:49:36,389 INFO [main] o.a.n.nar.StandardNarPersistenceProvider Loaded persistence info for 0 NARs
2025-10-16 10:49:36,389 INFO [main] o.a.n.nar.StandardNarPersistenceProvider Initialization completed with storage location [/opt/nifi/nifi-current/./nar_repository]
2025-10-16 10:49:36,397 INFO [main] org.apache.nifi.nar.StandardNarManager Loading stored NAR files [0]
2025-10-16 10:49:36,831 INFO [main] o.a.n.a.s.u.SingleUserLoginIdentityProvider 

Generated Username [0eedcb29-7f4a-4fc0-aaa0-be49c7fbb268]
Generated Password [BYjF+9bqB/E/YNZgt5p+8uMq/+A2VhvI]

2025-10-16 10:49:36,831 INFO [main] o.a.n.a.s.u.SingleUserLoginIdentityProvider Run the following command to change credentials: nifi.sh set-single-user-credentials USERNAME PASSWORD
2025-10-16 10:49:37,108 INFO [main] o.a.n.a.s.u.SingleUserLoginIdentityProvider Updating Login Identity Providers Configuration [./conf/login-identity-providers.xml]
2025-10-16 10:49:37,900 INFO [main] o.s.s.c.a.a.c.InitializeAuthenticationProviderBeanManagerConfigurer$InitializeAuthenticationProviderManagerConfigurer Found 5 AuthenticationProvider beans, with names [anonymousAuthenticationProvider, jwtAuthenticationProvider, oidcAuthorizationCodeAuthenticationProvider, openSamlAuthenticationProvider, x509AuthenticationProvider]. Global Authentication Manager will not be configured with AuthenticationProviders. Consider publishing a single AuthenticationProvider bean, or wiring your Providers directly using the DSL.
2025-10-16 10:49:37,992 INFO [main] o.a.n.w.c.ApplicationStartupContextListener Starting Flow Controller...
2025-10-16 10:49:37,994 INFO [main] o.a.n.c.s.VersionedFlowSynchronizer Synchronizing FlowController with proposed flow: Controller Already Synchronized = false
2025-10-16 10:49:37,997 INFO [main] o.a.n.c.s.VersionedFlowSynchronizer Successfully synchronized dataflow with the proposed flow in 3 millis
2025-10-16 10:49:37,997 INFO [main] o.apache.nifi.controller.FlowController Successfully synchronized controller with proposed flow. Flow contains the following number of components: {Processors=0, Controller Services=0, Reporting Tasks=0, Flow Analysis Rules=0, Process Groups=0, Remote Process Groups=0, Parameter Providers=0, Flow Registry Clients=0, Local Input Ports=0, Local Output Ports=0, Public Input Ports=0, Public Output Ports=0}
2025-10-16 10:49:38,011 INFO [main] o.a.n.wali.SequentialAccessWriteAheadLog Recovering records from Write-Ahead Log at ./flowfile_repository
2025-10-16 10:49:38,014 INFO [main] org.apache.nifi.wali.HashMapSnapshot org.apache.nifi.wali.HashMapSnapshot@b9f4b1f restored 0 Records and 0 Swap Files from Snapshot, ending with Transaction ID -1
2025-10-16 10:49:38,015 INFO [main] o.a.n.wali.SequentialAccessWriteAheadLog Successfully recovered 0 records and 0 swap files from Snapshot at ./flowfile_repository/checkpoint with Max Transaction ID of -1 in 3 milliseconds. Now recovering records from 1 journal files
2025-10-16 10:49:38,015 INFO [main] o.a.nifi.wali.LengthDelimitedJournal Recovering records from journal ./flowfile_repository/journals/1.journal
2025-10-16 10:49:38,015 INFO [main] o.a.nifi.wali.LengthDelimitedJournal Successfully recovered 0 updates from journal ./flowfile_repository/journals/1.journal
2025-10-16 10:49:38,015 INFO [main] o.a.n.wali.SequentialAccessWriteAheadLog Successfully recovered 0 records in 3 milliseconds. Now checkpointing to ensure that Write-Ahead Log is in a consistent state
2025-10-16 10:49:38,017 INFO [main] o.a.n.wali.SequentialAccessWriteAheadLog Checkpointed Write-Ahead Log with 0 Records and 0 Swap Files in 1 milliseconds (Stop-the-world time = 0 milliseconds), max Transaction ID -1
2025-10-16 10:49:38,017 INFO [main] o.a.n.c.r.WriteAheadFlowFileRepository Successfully restored 0 FlowFiles and 0 Swap Files
2025-10-16 10:49:38,312 INFO [main] o.apache.nifi.controller.FlowController Scheduled Flow Registry synchronization every 30 min
2025-10-16 10:49:38,315 INFO [main] o.apache.nifi.controller.FlowController Performed initial validation of all components in 1 milliseconds
2025-10-16 10:49:38,316 INFO [main] o.apache.nifi.controller.FlowController Starting 0 Stateless Process Groups
2025-10-16 10:49:38,316 INFO [main] o.apache.nifi.controller.FlowController Starting 0 processors/ports/funnels
2025-10-16 10:49:38,316 INFO [main] o.apache.nifi.controller.FlowController Started 0 Remote Group Ports transmitting
2025-10-16 10:49:38,316 INFO [main] o.a.n.w.c.ApplicationStartupContextListener Flow Controller started successfully.
2025-10-16 10:49:39,120 INFO [main] o.e.j.ee10.servlet.ServletContextHandler Started oeje10w.WebAppContext@44c27b8b{nifi-api,/nifi-api,b=file:///opt/nifi/nifi-current/work/jetty/nifi-web-api-2.6.0.war/webapp/,a=AVAILABLE,h=oeje10s.SessionHandler@77b22b05{STARTED}}{./work/nar/extensions/nifi-server-nar-2.6.0.nar-unpacked/NAR-INF/bundled-dependencies/nifi-web-api-2.6.0.war}
2025-10-16 10:49:39,284 INFO [main] o.e.j.s.handler.ContextHandler._nifi No Spring WebApplicationInitializer types detected on classpath
2025-10-16 10:49:39,285 INFO [main] o.e.jetty.server.handler.ContextHandler Started oeje10w.WebAppContext@458d6519{/nifi,/nifi,b=file:///opt/nifi/nifi-current/work/jetty/nifi-ui-2.6.0.war/webapp/,a=AVAILABLE,h=oeje10s.SessionHandler@37da25c9{STARTED}}{./work/nar/extensions/nifi-server-nar-2.6.0.nar-unpacked/NAR-INF/bundled-dependencies/nifi-ui-2.6.0.war}
2025-10-16 10:49:39,286 INFO [main] o.e.j.ee10.servlet.ServletContextHandler Started oeje10w.WebAppContext@458d6519{/nifi,/nifi,b=file:///opt/nifi/nifi-current/work/jetty/nifi-ui-2.6.0.war/webapp/,a=AVAILABLE,h=oeje10s.SessionHandler@37da25c9{STARTED}}{./work/nar/extensions/nifi-server-nar-2.6.0.nar-unpacked/NAR-INF/bundled-dependencies/nifi-ui-2.6.0.war}
2025-10-16 10:49:39,292 INFO [main] o.eclipse.jetty.server.AbstractConnector Started ServerConnector@4e68c590{SSL, (ssl, alpn, h2, http/1.1)}{341720acf52d:8443}
2025-10-16 10:49:39,293 INFO [main] org.eclipse.jetty.server.Server Started oejs.Server@4cc7e3ad{STARTING}[12.0.27,sto=0] @9952ms
2025-10-16 10:49:39,294 INFO [main] org.apache.nifi.web.server.JettyServer Started Server on https://341720acf52d:8443/nifi
2025-10-16 10:49:39,299 INFO [main] o.a.n.runtime.StandardManagementServer Started Management Server on http://127.0.0.1:52020
2025-10-16 10:49:39,300 INFO [main] org.apache.nifi.runtime.Application Started Application in 9.754 seconds (9754931282 ns)
2025-10-16 10:49:58,018 INFO [Checkpoint FlowFile Repository] o.a.n.c.r.WriteAheadFlowFileRepository Initiating checkpoint of FlowFile Repository
2025-10-16 10:49:58,018 INFO [Checkpoint FlowFile Repository] o.a.n.c.r.WriteAheadFlowFileRepository Successfully checkpointed FlowFile Repository with 0 records in 0 milliseconds
2025-10-16 10:50:17,795 INFO [ShutdownCommand] o.a.nifi.runtime.command.ShutdownCommand Application shutdown started
2025-10-16 10:50:17,796 INFO [ShutdownCommand] o.a.n.runtime.StandardManagementServer Management Server stopped
2025-10-16 10:50:17,796 INFO [ShutdownCommand] org.eclipse.jetty.server.Server Stopped oejs.Server@4cc7e3ad{STOPPING}[12.0.27,sto=0]
2025-10-16 10:50:17,798 INFO [ShutdownCommand] o.eclipse.jetty.server.AbstractConnector Stopped ServerConnector@4e68c590{SSL, (ssl, alpn, h2, http/1.1)}{341720acf52d:8443}
2025-10-16 10:50:17,809 INFO [ShutdownCommand] o.e.j.ee10.servlet.ServletContextHandler Stopped oeje10w.WebAppContext@458d6519{/nifi,/nifi,b=null,a=AVAILABLE,h=oeje10s.SessionHandler@37da25c9{STOPPED}}{./work/nar/extensions/nifi-server-nar-2.6.0.nar-unpacked/NAR-INF/bundled-dependencies/nifi-ui-2.6.0.war}
2025-10-16 10:50:17,814 INFO [ShutdownCommand] o.a.n.w.c.ApplicationStartupContextListener Flow Service shutdown started
2025-10-16 10:50:17,816 INFO [ShutdownCommand] o.apache.nifi.controller.FlowController Initiating shutdown of FlowController...
2025-10-16 10:50:17,822 INFO [ShutdownCommand] o.apache.nifi.controller.FlowController Initiated graceful shutdown of flow controller...waiting up to 10 seconds
2025-10-16 10:50:17,823 INFO [ShutdownCommand] o.apache.nifi.controller.FlowController Controller has been terminated successfully.
2025-10-16 10:50:17,823 INFO [ShutdownCommand] o.apache.nifi.py4j.StandardPythonBridge Shutting down Python Server
2025-10-16 10:50:17,824 INFO [ShutdownCommand] org.apache.nifi.py4j.PythonProcess Shutting down Python Process Process[pid=128, exitValue="not exited"]
2025-10-16 10:50:17,827 INFO [ShutdownCommand] o.apache.nifi.py4j.StandardPythonBridge Successfully shutdown Python Server
2025-10-16 10:50:17,829 INFO [ForkJoinPool.commonPool-worker-1] org.apache.nifi.py4j.PythonProcess Python Process Process[pid=128, exitValue=137] exited with code 137
2025-10-16 10:50:17,839 INFO [ShutdownCommand] o.a.n.w.c.ApplicationStartupContextListener Flow Service shutdown completed
2025-10-16 10:50:17,840 INFO [ShutdownCommand] o.e.j.s.handler.ContextHandler._nifi_api Closing Spring root WebApplicationContext
2025-10-16 10:50:17,877 INFO [ShutdownCommand] o.a.n.a.service.EntityStoreAuditService Environment closed
2025-10-16 10:50:17,884 INFO [ShutdownCommand] o.e.j.ee10.servlet.ServletContextHandler Stopped oeje10w.WebAppContext@44c27b8b{nifi-api,/nifi-api,b=null,a=AVAILABLE,h=oeje10s.SessionHandler@77b22b05{STOPPED}}{./work/nar/extensions/nifi-server-nar-2.6.0.nar-unpacked/NAR-INF/bundled-dependencies/nifi-web-api-2.6.0.war}
2025-10-16 10:50:17,886 INFO [ShutdownCommand] o.e.j.ee10.servlet.ServletContextHandler Stopped oeje10w.WebAppContext@49f2646{/nifi-update-attribute-ui-2.6.0,/nifi-update-attribute-ui-2.6.0,b=null,a=AVAILABLE,h=oeje10s.SessionHandler@54b2d002{STOPPED}}{./work/nar/extensions/nifi-update-attribute-nar-2.6.0.nar-unpacked/NAR-INF/bundled-dependencies/nifi-update-attribute-ui-2.6.0.war}
2025-10-16 10:50:17,888 INFO [ShutdownCommand] o.e.j.ee10.servlet.ServletContextHandler Stopped oeje10w.WebAppContext@280d6a20{/nifi-jolt-transform-json-ui-2.6.0,/nifi-jolt-transform-json-ui-2.6.0,b=null,a=AVAILABLE,h=oeje10s.SessionHandler@4641f66c{STOPPED}}{./work/nar/extensions/nifi-jolt-nar-2.6.0.nar-unpacked/NAR-INF/bundled-dependencies/nifi-jolt-transform-json-ui-2.6.0.war}
2025-10-16 10:50:17,891 INFO [ShutdownCommand] o.e.j.ee10.servlet.ServletContextHandler Stopped oeje10w.WebAppContext@25d0b918{/nifi-standard-content-viewer-2.6.0,/nifi-standard-content-viewer-2.6.0,b=null,a=AVAILABLE,h=oeje10s.SessionHandler@218f2f51{STOPPED}}{./work/nar/extensions/nifi-standard-content-viewer-nar-2.6.0.nar-unpacked/NAR-INF/bundled-dependencies/nifi-standard-content-viewer-2.6.0.war}
2025-10-16 10:50:17,892 INFO [ShutdownCommand] org.apache.nifi.nar.NarAutoLoaderTask Stopping NAR Auto-loader
2025-10-16 10:50:17,892 INFO [ShutdownCommand] org.apache.nifi.nar.NarAutoLoader NAR Auto-Loader stopped
2025-10-16 10:50:17,893 INFO [ShutdownCommand] o.a.n.f.r.CompositeExternalResourceProviderService External Resource Provider Service is stopped
2025-10-16 10:50:17,893 INFO [ShutdownCommand] o.a.nifi.runtime.command.ShutdownCommand Application shutdown completed
2025-10-16 10:50:21,873 INFO [main] org.apache.nifi.runtime.Application Starting NiFi 2.6.0 using Java 21.0.8+12-LTS with PID 46
2025-10-16 10:50:21,875 INFO [main] o.apache.nifi.runtime.PropertiesProvider Loading Application Properties [/opt/nifi/nifi-current/conf/nifi.properties]
2025-10-16 10:50:21,887 INFO [main] org.apache.nifi.nar.NarUnpacker Expanding 112 NAR files started
2025-10-16 10:50:24,706 INFO [main] org.apache.nifi.nar.NarUnpacker Expanded 112 NAR files in 2.819 seconds (2819490627 ns)
2025-10-16 10:50:24,951 INFO [main] org.apache.nifi.nar.NarClassLoaders Loaded NAR file: /opt/nifi/nifi-current/./work/nar/extensions/nifi-jetty-nar-2.6.0.nar-unpacked as class loader org.apache.nifi.nar.NarClassLoader[./work/nar/extensions/nifi-jetty-nar-2.6.0.nar-unpacked]
2025-10-16 10:50:24,954 INFO [main] org.apache.nifi.nar.NarClassLoaders Loaded NAR file: /opt/nifi/nifi-current/./work/nar/framework/nifi-framework-nar-2.6.0.nar-unpacked as class loader org.apache.nifi.nar.NarClassLoader[./work/nar/framework/nifi-framework-nar-2.6.0.nar-unpacked]
2025-10-16 10:50:25,003 INFO [main] org.apache.nifi.nar.NarClassLoaders Loaded NAR file: /opt/nifi/nifi-current/./work/nar/extensions/nifi-provenance-repository-nar-2.6.0.nar-unpacked as class loader org.apache.nifi.nar.NarClassLoader[./work/nar/extensions/nifi-provenance-repository-nar-2.6.0.nar-unpacked]
2025-10-16 10:50:25,004 INFO [main] org.apache.nifi.nar.NarClassLoaders Loaded NAR file: /opt/nifi/nifi-current/./work/nar/extensions/nifi-hl7-nar-2.6.0.nar-unpacked as class loader org.apache.nifi.nar.NarClassLoader[./work/nar/extensions/nifi-hl7-nar-2.6.0.nar-unpacked]
2025-10-16 10:50:25,030 INFO [main] org.apache.nifi.nar.NarClassLoaders Loaded NAR file: /opt/nifi/nifi-current/./work/nar/extensions/nifi-compress-nar-2.6.0.nar-unpacked as class loader org.apache.nifi.nar.NarClassLoader[./work/nar/extensions/nifi-compress-nar-2.6.0.nar-unpacked]
2025-10-16 10:50:25,031 INFO [main] org.apache.nifi.nar.NarClassLoaders Loaded NAR file: /opt/nifi/nifi-current/./work/nar/extensions/nifi-update-attribute-nar-2.6.0.nar-unpacked as class loader org.apache.nifi.nar.NarClassLoader[./work/nar/extensions/nifi-update-attribute-nar-2.6.0.nar-unpacked]
2025-10-16 10:50:25,032 INFO [main] org.apache.nifi.nar.NarClassLoaders Loaded NAR file: /opt/nifi/nifi-current/./work/nar/extensions/nifi-ldap-iaa-providers-nar-2.6.0.nar-unpacked as class loader org.apache.nifi.nar.NarClassLoader[./work/nar/extensions/nifi-ldap-iaa-providers-nar-2.6.0.nar-unpacked]
2025-10-16 10:50:25,035 INFO [main] org.apache.nifi.nar.NarClassLoaders Loaded NAR file: /opt/nifi/nifi-current/./work/nar/extensions/nifi-single-user-iaa-providers-nar-2.6.0.nar-unpacked as class loader org.apache.nifi.nar.NarClassLoader[./work/nar/extensions/nifi-single-user-iaa-providers-nar-2.6.0.nar-unpacked]
2025-10-16 10:50:25,036 INFO [main] org.apache.nifi.nar.NarClassLoaders Loaded NAR file: /opt/nifi/nifi-current/./work/nar/extensions/nifi-framework-kubernetes-nar-2.6.0.nar-unpacked as class loader org.apache.nifi.nar.NarClassLoader[./work/nar/extensions/nifi-framework-kubernetes-nar-2.6.0.nar-unpacked]
2025-10-16 10:50:25,037 INFO [main] org.apache.nifi.nar.NarClassLoaders Loaded NAR file: /opt/nifi/nifi-current/./work/nar/extensions/nifi-server-nar-2.6.0.nar-unpacked as class loader org.apache.nifi.nar.NarClassLoader[./work/nar/extensions/nifi-server-nar-2.6.0.nar-unpacked]
2025-10-16 10:50:25,046 INFO [main] org.apache.nifi.nar.NarClassLoaders Loaded NAR file: /opt/nifi/nifi-current/./work/nar/extensions/nifi-standard-services-api-nar-2.6.0.nar-unpacked as class loader org.apache.nifi.nar.NarClassLoader[./work/nar/extensions/nifi-standard-services-api-nar-2.6.0.nar-unpacked]
2025-10-16 10:50:25,048 INFO [main] org.apache.nifi.nar.NarClassLoaders Loaded NAR file: /opt/nifi/nifi-current/./work/nar/extensions/nifi-email-nar-2.6.0.nar-unpacked as class loader org.apache.nifi.nar.NarClassLoader[./work/nar/extensions/nifi-email-nar-2.6.0.nar-unpacked]
2025-10-16 10:50:25,049 INFO [main] org.apache.nifi.nar.NarClassLoaders Loaded NAR file: /opt/nifi/nifi-current/./work/nar/extensions/nifi-dbcp-service-nar-2.6.0.nar-unpacked as class loader org.apache.nifi.nar.NarClassLoader[./work/nar/extensions/nifi-dbcp-service-nar-2.6.0.nar-unpacked]
2025-10-16 10:50:25,050 INFO [main] org.apache.nifi.nar.NarClassLoaders Loaded NAR file: /opt/nifi/nifi-current/./work/nar/extensions/nifi-kerberos-iaa-providers-nar-2.6.0.nar-unpacked as class loader org.apache.nifi.nar.NarClassLoader[./work/nar/extensions/nifi-kerberos-iaa-providers-nar-2.6.0.nar-unpacked]
2025-10-16 10:50:25,052 INFO [main] org.apache.nifi.nar.NarClassLoaders Loaded NAR file: /opt/nifi/nifi-current/./work/nar/extensions/nifi-evtx-nar-2.6.0.nar-unpacked as class loader org.apache.nifi.nar.NarClassLoader[./work/nar/extensions/nifi-evtx-nar-2.6.0.nar-unpacked]
2025-10-16 10:50:25,052 INFO [main] org.apache.nifi.nar.NarClassLoaders Loaded NAR file: /opt/nifi/nifi-current/./work/nar/extensions/nifi-stateful-analysis-nar-2.6.0.nar-unpacked as class loader org.apache.nifi.nar.NarClassLoader[./work/nar/extensions/nifi-stateful-analysis-nar-2.6.0.nar-unpacked]
2025-10-16 10:50:25,053 INFO [main] org.apache.nifi.nar.NarClassLoaders Loaded NAR file: /opt/nifi/nifi-current/./work/nar/extensions/nifi-file-resource-service-nar-2.6.0.nar-unpacked as class loader org.apache.nifi.nar.NarClassLoader[./work/nar/extensions/nifi-file-resource-service-nar-2.6.0.nar-unpacked]
2025-10-16 10:50:25,054 INFO [main] org.apache.nifi.nar.NarClassLoaders Loaded NAR file: /opt/nifi/nifi-current/./work/nar/extensions/nifi-standard-shared-nar-2.6.0.nar-unpacked as class loader org.apache.nifi.nar.NarClassLoader[./work/nar/extensions/nifi-standard-shared-nar-2.6.0.nar-unpacked]
2025-10-16 10:50:25,063 INFO [main] org.apache.nifi.nar.NarClassLoaders Loaded NAR file: /opt/nifi/nifi-current/./work/nar/extensions/nifi-gcp-services-api-nar-2.6.0.nar-unpacked as class loader org.apache.nifi.nar.NarClassLoader[./work/nar/extensions/nifi-gcp-services-api-nar-2.6.0.nar-unpacked]
2025-10-16 10:50:25,064 INFO [main] org.apache.nifi.nar.NarClassLoaders Loaded NAR file: /opt/nifi/nifi-current/./work/nar/extensions/nifi-database-dialect-service-nar-2.6.0.nar-unpacked as class loader org.apache.nifi.nar.NarClassLoader[./work/nar/extensions/nifi-database-dialect-service-nar-2.6.0.nar-unpacked]
2025-10-16 10:50:25,064 INFO [main] org.apache.nifi.nar.NarClassLoaders Loaded NAR file: /opt/nifi/nifi-current/./work/nar/extensions/nifi-poi-nar-2.6.0.nar-unpacked as class loader org.apache.nifi.nar.NarClassLoader[./work/nar/extensions/nifi-poi-nar-2.6.0.nar-unpacked]
2025-10-16 10:50:25,066 INFO [main] org.apache.nifi.nar.NarClassLoaders Loaded NAR file: /opt/nifi/nifi-current/./work/nar/extensions/nifi-key-service-nar-2.6.0.nar-unpacked as class loader org.apache.nifi.nar.NarClassLoader[./work/nar/extensions/nifi-key-service-nar-2.6.0.nar-unpacked]
2025-10-16 10:50:25,066 INFO [main] org.apache.nifi.nar.NarClassLoaders Loaded NAR file: /opt/nifi/nifi-current/./work/nar/extensions/nifi-asana-services-api-nar-2.6.0.nar-unpacked as class loader org.apache.nifi.nar.NarClassLoader[./work/nar/extensions/nifi-asana-services-api-nar-2.6.0.nar-unpacked]
2025-10-16 10:50:25,090 INFO [main] org.apache.nifi.nar.NarClassLoaders Loaded NAR file: /opt/nifi/nifi-current/./work/nar/extensions/nifi-snmp-nar-2.6.0.nar-unpacked as class loader org.apache.nifi.nar.NarClassLoader[./work/nar/extensions/nifi-snmp-nar-2.6.0.nar-unpacked]
2025-10-16 10:50:25,091 INFO [main] org.apache.nifi.nar.NarClassLoaders Loaded NAR file: /opt/nifi/nifi-current/./work/nar/extensions/nifi-framework-zookeeper-nar-2.6.0.nar-unpacked as class loader org.apache.nifi.nar.NarClassLoader[./work/nar/extensions/nifi-framework-zookeeper-nar-2.6.0.nar-unpacked]
2025-10-16 10:50:25,094 INFO [main] org.apache.nifi.nar.NarClassLoaders Loaded NAR file: /opt/nifi/nifi-current/./work/nar/extensions/nifi-ssl-context-service-nar-2.6.0.nar-unpacked as class loader org.apache.nifi.nar.NarClassLoader[./work/nar/extensions/nifi-ssl-context-service-nar-2.6.0.nar-unpacked]
2025-10-16 10:50:25,095 INFO [main] org.apache.nifi.nar.NarClassLoaders Loaded NAR file: /opt/nifi/nifi-current/./work/nar/extensions/nifi-web-client-provider-service-nar-2.6.0.nar-unpacked as class loader org.apache.nifi.nar.NarClassLoader[./work/nar/extensions/nifi-web-client-provider-service-nar-2.6.0.nar-unpacked]
2025-10-16 10:50:25,095 INFO [main] org.apache.nifi.nar.NarClassLoaders Loaded NAR file: /opt/nifi/nifi-current/./work/nar/extensions/nifi-network-processors-nar-2.6.0.nar-unpacked as class loader org.apache.nifi.nar.NarClassLoader[./work/nar/extensions/nifi-network-processors-nar-2.6.0.nar-unpacked]
2025-10-16 10:50:25,095 INFO [main] org.apache.nifi.nar.NarClassLoaders Loaded NAR file: /opt/nifi/nifi-current/./work/nar/extensions/nifi-kafka-service-api-nar-2.6.0.nar-unpacked as class loader org.apache.nifi.nar.NarClassLoader[./work/nar/extensions/nifi-kafka-service-api-nar-2.6.0.nar-unpacked]
2025-10-16 10:50:25,095 INFO [main] org.apache.nifi.nar.NarClassLoaders Loaded NAR file: /opt/nifi/nifi-current/./work/nar/extensions/nifi-windows-event-log-nar-2.6.0.nar-unpacked as class loader org.apache.nifi.nar.NarClassLoader[./work/nar/extensions/nifi-windows-event-log-nar-2.6.0.nar-unpacked]
2025-10-16 10:50:25,097 INFO [main] org.apache.nifi.nar.NarClassLoaders Loaded NAR file: /opt/nifi/nifi-current/./work/nar/extensions/nifi-gcp-nar-2.6.0.nar-unpacked as class loader org.apache.nifi.nar.NarClassLoader[./work/nar/extensions/nifi-gcp-nar-2.6.0.nar-unpacked]
2025-10-16 10:50:25,108 INFO [main] org.apache.nifi.nar.NarClassLoaders Loaded NAR file: /opt/nifi/nifi-current/./work/nar/extensions/nifi-hashicorp-vault-client-service-api-nar-2.6.0.nar-unpacked as class loader org.apache.nifi.nar.NarClassLoader[./work/nar/extensions/nifi-hashicorp-vault-client-service-api-nar-2.6.0.nar-unpacked]
2025-10-16 10:50:25,109 INFO [main] org.apache.nifi.nar.NarClassLoaders Loaded NAR file: /opt/nifi/nifi-current/./work/nar/extensions/nifi-registry-nar-2.6.0.nar-unpacked as class loader org.apache.nifi.nar.NarClassLoader[./work/nar/extensions/nifi-registry-nar-2.6.0.nar-unpacked]
2025-10-16 10:50:25,110 INFO [main] org.apache.nifi.nar.NarClassLoaders Loaded NAR file: /opt/nifi/nifi-current/./work/nar/extensions/nifi-protobuf-services-nar-2.6.0.nar-unpacked as class loader org.apache.nifi.nar.NarClassLoader[./work/nar/extensions/nifi-protobuf-services-nar-2.6.0.nar-unpacked]
2025-10-16 10:50:25,111 INFO [main] org.apache.nifi.nar.NarClassLoaders Loaded NAR file: /opt/nifi/nifi-current/./work/nar/extensions/nifi-asana-services-nar-2.6.0.nar-unpacked as class loader org.apache.nifi.nar.NarClassLoader[./work/nar/extensions/nifi-asana-services-nar-2.6.0.nar-unpacked]
2025-10-16 10:50:25,111 INFO [main] org.apache.nifi.nar.NarClassLoaders Loaded NAR file: /opt/nifi/nifi-current/./work/nar/extensions/nifi-site-to-site-reporting-nar-2.6.0.nar-unpacked as class loader org.apache.nifi.nar.NarClassLoader[./work/nar/extensions/nifi-site-to-site-reporting-nar-2.6.0.nar-unpacked]
2025-10-16 10:50:25,114 INFO [main] org.apache.nifi.nar.NarClassLoaders Loaded NAR file: /opt/nifi/nifi-current/./work/nar/extensions/nifi-zendesk-nar-2.6.0.nar-unpacked as class loader org.apache.nifi.nar.NarClassLoader[./work/nar/extensions/nifi-zendesk-nar-2.6.0.nar-unpacked]
2025-10-16 10:50:25,115 INFO [main] org.apache.nifi.nar.NarClassLoaders Loaded NAR file: /opt/nifi/nifi-current/./work/nar/extensions/nifi-cipher-nar-2.6.0.nar-unpacked as class loader org.apache.nifi.nar.NarClassLoader[./work/nar/extensions/nifi-cipher-nar-2.6.0.nar-unpacked]
2025-10-16 10:50:25,115 INFO [main] org.apache.nifi.nar.NarClassLoaders Loaded NAR file: /opt/nifi/nifi-current/./work/nar/extensions/nifi-jms-cf-service-nar-2.6.0.nar-unpacked as class loader org.apache.nifi.nar.NarClassLoader[./work/nar/extensions/nifi-jms-cf-service-nar-2.6.0.nar-unpacked]
2025-10-16 10:50:25,115 INFO [main] org.apache.nifi.nar.NarClassLoaders Loaded NAR file: /opt/nifi/nifi-current/./work/nar/extensions/nifi-jolt-nar-2.6.0.nar-unpacked as class loader org.apache.nifi.nar.NarClassLoader[./work/nar/extensions/nifi-jolt-nar-2.6.0.nar-unpacked]
2025-10-16 10:50:25,116 INFO [main] org.apache.nifi.nar.NarClassLoaders Loaded NAR file: /opt/nifi/nifi-current/./work/nar/extensions/nifi-hazelcast-services-api-nar-2.6.0.nar-unpacked as class loader org.apache.nifi.nar.NarClassLoader[./work/nar/extensions/nifi-hazelcast-services-api-nar-2.6.0.nar-unpacked]
2025-10-16 10:50:25,116 INFO [main] org.apache.nifi.nar.NarClassLoaders Loaded NAR file: /opt/nifi/nifi-current/./work/nar/extensions/nifi-pgp-service-api-nar-2.6.0.nar-unpacked as class loader org.apache.nifi.nar.NarClassLoader[./work/nar/extensions/nifi-pgp-service-api-nar-2.6.0.nar-unpacked]
2025-10-16 10:50:25,116 INFO [main] org.apache.nifi.nar.NarClassLoaders Loaded NAR file: /opt/nifi/nifi-current/./work/nar/extensions/nifi-proxy-configuration-nar-2.6.0.nar-unpacked as class loader org.apache.nifi.nar.NarClassLoader[./work/nar/extensions/nifi-proxy-configuration-nar-2.6.0.nar-unpacked]
2025-10-16 10:50:25,117 INFO [main] org.apache.nifi.nar.NarClassLoaders Loaded NAR file: /opt/nifi/nifi-current/./work/nar/extensions/nifi-airtable-nar-2.6.0.nar-unpacked as class loader org.apache.nifi.nar.NarClassLoader[./work/nar/extensions/nifi-airtable-nar-2.6.0.nar-unpacked]
2025-10-16 10:50:25,117 INFO [main] org.apache.nifi.nar.NarClassLoaders Loaded NAR file: /opt/nifi/nifi-current/./work/nar/extensions/nifi-github-nar-2.6.0.nar-unpacked as class loader org.apache.nifi.nar.NarClassLoader[./work/nar/extensions/nifi-github-nar-2.6.0.nar-unpacked]
2025-10-16 10:50:25,118 INFO [main] org.apache.nifi.nar.NarClassLoaders Loaded NAR file: /opt/nifi/nifi-current/./work/nar/extensions/nifi-oauth2-provider-nar-2.6.0.nar-unpacked as class loader org.apache.nifi.nar.NarClassLoader[./work/nar/extensions/nifi-oauth2-provider-nar-2.6.0.nar-unpacked]
2025-10-16 10:50:25,119 INFO [main] org.apache.nifi.nar.NarClassLoaders Loaded NAR file: /opt/nifi/nifi-current/./work/nar/extensions/nifi-workday-processors-nar-2.6.0.nar-unpacked as class loader org.apache.nifi.nar.NarClassLoader[./work/nar/extensions/nifi-workday-processors-nar-2.6.0.nar-unpacked]
2025-10-16 10:50:25,119 INFO [main] org.apache.nifi.nar.NarClassLoaders Loaded NAR file: /opt/nifi/nifi-current/./work/nar/extensions/nifi-mongodb-client-service-api-nar-2.6.0.nar-unpacked as class loader org.apache.nifi.nar.NarClassLoader[./work/nar/extensions/nifi-mongodb-client-service-api-nar-2.6.0.nar-unpacked]
2025-10-16 10:50:25,119 INFO [main] org.apache.nifi.nar.NarClassLoaders Loaded NAR file: /opt/nifi/nifi-current/./work/nar/extensions/nifi-groovyx-nar-2.6.0.nar-unpacked as class loader org.apache.nifi.nar.NarClassLoader[./work/nar/extensions/nifi-groovyx-nar-2.6.0.nar-unpacked]
2025-10-16 10:50:25,121 INFO [main] org.apache.nifi.nar.NarClassLoaders Loaded NAR file: /opt/nifi/nifi-current/./work/nar/extensions/nifi-hazelcast-services-nar-2.6.0.nar-unpacked as class loader org.apache.nifi.nar.NarClassLoader[./work/nar/extensions/nifi-hazelcast-services-nar-2.6.0.nar-unpacked]
2025-10-16 10:50:25,123 INFO [main] org.apache.nifi.nar.NarClassLoaders Loaded NAR file: /opt/nifi/nifi-current/./work/nar/extensions/nifi-mqtt-nar-2.6.0.nar-unpacked as class loader org.apache.nifi.nar.NarClassLoader[./work/nar/extensions/nifi-mqtt-nar-2.6.0.nar-unpacked]
2025-10-16 10:50:25,125 INFO [main] org.apache.nifi.nar.NarClassLoaders Loaded NAR file: /opt/nifi/nifi-current/./work/nar/extensions/nifi-cdc-mysql-nar-2.6.0.nar-unpacked as class loader org.apache.nifi.nar.NarClassLoader[./work/nar/extensions/nifi-cdc-mysql-nar-2.6.0.nar-unpacked]
2025-10-16 10:50:25,125 INFO [main] org.apache.nifi.nar.NarClassLoaders Loaded NAR file: /opt/nifi/nifi-current/./work/nar/extensions/nifi-jslt-nar-2.6.0.nar-unpacked as class loader org.apache.nifi.nar.NarClassLoader[./work/nar/extensions/nifi-jslt-nar-2.6.0.nar-unpacked]
2025-10-16 10:50:25,125 INFO [main] org.apache.nifi.nar.NarClassLoaders Loaded NAR file: /opt/nifi/nifi-current/./work/nar/extensions/nifi-kafka-nar-2.6.0.nar-unpacked as class loader org.apache.nifi.nar.NarClassLoader[./work/nar/extensions/nifi-kafka-nar-2.6.0.nar-unpacked]
2025-10-16 10:50:25,126 INFO [main] org.apache.nifi.nar.NarClassLoaders Loaded NAR file: /opt/nifi/nifi-current/./work/nar/extensions/nifi-mongodb-nar-2.6.0.nar-unpacked as class loader org.apache.nifi.nar.NarClassLoader[./work/nar/extensions/nifi-mongodb-nar-2.6.0.nar-unpacked]
2025-10-16 10:50:25,126 INFO [main] org.apache.nifi.nar.NarClassLoaders Loaded NAR file: /opt/nifi/nifi-current/./work/nar/extensions/nifi-pgp-service-nar-2.6.0.nar-unpacked as class loader org.apache.nifi.nar.NarClassLoader[./work/nar/extensions/nifi-pgp-service-nar-2.6.0.nar-unpacked]
2025-10-16 10:50:25,126 INFO [main] org.apache.nifi.nar.NarClassLoaders Loaded NAR file: /opt/nifi/nifi-current/./work/nar/extensions/nifi-standard-content-viewer-nar-2.6.0.nar-unpacked as class loader org.apache.nifi.nar.NarClassLoader[./work/nar/extensions/nifi-standard-content-viewer-nar-2.6.0.nar-unpacked]
2025-10-16 10:50:25,127 INFO [main] org.apache.nifi.nar.NarClassLoaders Loaded NAR file: /opt/nifi/nifi-current/./work/nar/extensions/nifi-standard-nar-2.6.0.nar-unpacked as class loader org.apache.nifi.nar.NarClassLoader[./work/nar/extensions/nifi-standard-nar-2.6.0.nar-unpacked]
2025-10-16 10:50:25,144 INFO [main] org.apache.nifi.nar.NarClassLoaders Loaded NAR file: /opt/nifi/nifi-current/./work/nar/extensions/nifi-box-services-api-nar-2.6.0.nar-unpacked as class loader org.apache.nifi.nar.NarClassLoader[./work/nar/extensions/nifi-box-services-api-nar-2.6.0.nar-unpacked]
2025-10-16 10:50:25,144 INFO [main] org.apache.nifi.nar.NarClassLoaders Loaded NAR file: /opt/nifi/nifi-current/./work/nar/extensions/nifi-http-context-map-nar-2.6.0.nar-unpacked as class loader org.apache.nifi.nar.NarClassLoader[./work/nar/extensions/nifi-http-context-map-nar-2.6.0.nar-unpacked]
2025-10-16 10:50:25,145 INFO [main] org.apache.nifi.nar.NarClassLoaders Loaded NAR file: /opt/nifi/nifi-current/./work/nar/extensions/nifi-avro-nar-2.6.0.nar-unpacked as class loader org.apache.nifi.nar.NarClassLoader[./work/nar/extensions/nifi-avro-nar-2.6.0.nar-unpacked]
2025-10-16 10:50:25,145 INFO [main] org.apache.nifi.nar.NarClassLoaders Loaded NAR file: /opt/nifi/nifi-current/./work/nar/extensions/nifi-enrich-nar-2.6.0.nar-unpacked as class loader org.apache.nifi.nar.NarClassLoader[./work/nar/extensions/nifi-enrich-nar-2.6.0.nar-unpacked]
2025-10-16 10:50:25,146 INFO [main] org.apache.nifi.nar.NarClassLoaders Loaded NAR file: /opt/nifi/nifi-current/./work/nar/extensions/nifi-lookup-services-nar-2.6.0.nar-unpacked as class loader org.apache.nifi.nar.NarClassLoader[./work/nar/extensions/nifi-lookup-services-nar-2.6.0.nar-unpacked]
2025-10-16 10:50:25,148 INFO [main] org.apache.nifi.nar.NarClassLoaders Loaded NAR file: /opt/nifi/nifi-current/./work/nar/extensions/nifi-splunk-nar-2.6.0.nar-unpacked as class loader org.apache.nifi.nar.NarClassLoader[./work/nar/extensions/nifi-splunk-nar-2.6.0.nar-unpacked]
2025-10-16 10:50:25,148 INFO [main] org.apache.nifi.nar.NarClassLoaders Loaded NAR file: /opt/nifi/nifi-current/./work/nar/extensions/nifi-zendesk-services-nar-2.6.0.nar-unpacked as class loader org.apache.nifi.nar.NarClassLoader[./work/nar/extensions/nifi-zendesk-services-nar-2.6.0.nar-unpacked]
2025-10-16 10:50:25,149 INFO [main] org.apache.nifi.nar.NarClassLoaders Loaded NAR file: /opt/nifi/nifi-current/./work/nar/extensions/nifi-hashicorp-vault-nar-2.6.0.nar-unpacked as class loader org.apache.nifi.nar.NarClassLoader[./work/nar/extensions/nifi-hashicorp-vault-nar-2.6.0.nar-unpacked]
2025-10-16 10:50:25,151 INFO [main] org.apache.nifi.nar.NarClassLoaders Loaded NAR file: /opt/nifi/nifi-current/./work/nar/extensions/nifi-distributed-cache-services-nar-2.6.0.nar-unpacked as class loader org.apache.nifi.nar.NarClassLoader[./work/nar/extensions/nifi-distributed-cache-services-nar-2.6.0.nar-unpacked]
2025-10-16 10:50:25,154 INFO [main] org.apache.nifi.nar.NarClassLoaders Loaded NAR file: /opt/nifi/nifi-current/./work/nar/extensions/nifi-slack-nar-2.6.0.nar-unpacked as class loader org.apache.nifi.nar.NarClassLoader[./work/nar/extensions/nifi-slack-nar-2.6.0.nar-unpacked]
2025-10-16 10:50:25,170 INFO [main] org.apache.nifi.nar.NarClassLoaders Loaded NAR file: /opt/nifi/nifi-current/./work/nar/extensions/nifi-kafka-3-service-nar-2.6.0.nar-unpacked as class loader org.apache.nifi.nar.NarClassLoader[./work/nar/extensions/nifi-kafka-3-service-nar-2.6.0.nar-unpacked]
2025-10-16 10:50:25,171 INFO [main] org.apache.nifi.nar.NarClassLoaders Loaded NAR file: /opt/nifi/nifi-current/./work/nar/extensions/nifi-kerberos-user-service-nar-2.6.0.nar-unpacked as class loader org.apache.nifi.nar.NarClassLoader[./work/nar/extensions/nifi-kerberos-user-service-nar-2.6.0.nar-unpacked]
2025-10-16 10:50:25,172 INFO [main] org.apache.nifi.nar.NarClassLoaders Loaded NAR file: /opt/nifi/nifi-current/./work/nar/extensions/nifi-confluent-platform-nar-2.6.0.nar-unpacked as class loader org.apache.nifi.nar.NarClassLoader[./work/nar/extensions/nifi-confluent-platform-nar-2.6.0.nar-unpacked]
2025-10-16 10:50:25,174 INFO [main] org.apache.nifi.nar.NarClassLoaders Loaded NAR file: /opt/nifi/nifi-current/./work/nar/extensions/nifi-social-media-nar-2.6.0.nar-unpacked as class loader org.apache.nifi.nar.NarClassLoader[./work/nar/extensions/nifi-social-media-nar-2.6.0.nar-unpacked]
2025-10-16 10:50:25,176 INFO [main] org.apache.nifi.nar.NarClassLoaders Loaded NAR file: /opt/nifi/nifi-current/./work/nar/extensions/nifi-opentelemetry-nar-2.6.0.nar-unpacked as class loader org.apache.nifi.nar.NarClassLoader[./work/nar/extensions/nifi-opentelemetry-nar-2.6.0.nar-unpacked]
2025-10-16 10:50:25,177 INFO [main] org.apache.nifi.nar.NarClassLoaders Loaded NAR file: /opt/nifi/nifi-current/./work/nar/extensions/nifi-elasticsearch-client-service-api-nar-2.6.0.nar-unpacked as class loader org.apache.nifi.nar.NarClassLoader[./work/nar/extensions/nifi-elasticsearch-client-service-api-nar-2.6.0.nar-unpacked]
2025-10-16 10:50:25,178 INFO [main] org.apache.nifi.nar.NarClassLoaders Loaded NAR file: /opt/nifi/nifi-current/./work/nar/extensions/nifi-py4j-nar-2.6.0.nar-unpacked as class loader org.apache.nifi.nar.NarClassLoader[./work/nar/extensions/nifi-py4j-nar-2.6.0.nar-unpacked]
2025-10-16 10:50:25,179 INFO [main] org.apache.nifi.nar.NarClassLoaders Loaded NAR file: /opt/nifi/nifi-current/./work/nar/extensions/nifi-amqp-nar-2.6.0.nar-unpacked as class loader org.apache.nifi.nar.NarClassLoader[./work/nar/extensions/nifi-amqp-nar-2.6.0.nar-unpacked]
2025-10-16 10:50:25,180 INFO [main] org.apache.nifi.nar.NarClassLoaders Loaded NAR file: /opt/nifi/nifi-current/./work/nar/extensions/nifi-salesforce-nar-2.6.0.nar-unpacked as class loader org.apache.nifi.nar.NarClassLoader[./work/nar/extensions/nifi-salesforce-nar-2.6.0.nar-unpacked]
2025-10-16 10:50:25,181 INFO [main] org.apache.nifi.nar.NarClassLoaders Loaded NAR file: /opt/nifi/nifi-current/./work/nar/extensions/nifi-websocket-services-api-nar-2.6.0.nar-unpacked as class loader org.apache.nifi.nar.NarClassLoader[./work/nar/extensions/nifi-websocket-services-api-nar-2.6.0.nar-unpacked]
2025-10-16 10:50:25,181 INFO [main] org.apache.nifi.nar.NarClassLoaders Loaded NAR file: /opt/nifi/nifi-current/./work/nar/extensions/nifi-shopify-nar-2.6.0.nar-unpacked as class loader org.apache.nifi.nar.NarClassLoader[./work/nar/extensions/nifi-shopify-nar-2.6.0.nar-unpacked]
2025-10-16 10:50:25,181 INFO [main] org.apache.nifi.nar.NarClassLoaders Loaded NAR file: /opt/nifi/nifi-current/./work/nar/extensions/nifi-geohash-nar-2.6.0.nar-unpacked as class loader org.apache.nifi.nar.NarClassLoader[./work/nar/extensions/nifi-geohash-nar-2.6.0.nar-unpacked]
2025-10-16 10:50:25,182 INFO [main] org.apache.nifi.nar.NarClassLoaders Loaded NAR file: /opt/nifi/nifi-current/./work/nar/extensions/nifi-aws-service-api-nar-2.6.0.nar-unpacked as class loader org.apache.nifi.nar.NarClassLoader[./work/nar/extensions/nifi-aws-service-api-nar-2.6.0.nar-unpacked]
2025-10-16 10:50:25,187 INFO [main] org.apache.nifi.nar.NarClassLoaders Loaded NAR file: /opt/nifi/nifi-current/./work/nar/extensions/nifi-kafka-service-aws-nar-2.6.0.nar-unpacked as class loader org.apache.nifi.nar.NarClassLoader[./work/nar/extensions/nifi-kafka-service-aws-nar-2.6.0.nar-unpacked]
2025-10-16 10:50:25,192 INFO [main] org.apache.nifi.nar.NarClassLoaders Loaded NAR file: /opt/nifi/nifi-current/./work/nar/extensions/nifi-db-schema-registry-service-nar-2.6.0.nar-unpacked as class loader org.apache.nifi.nar.NarClassLoader[./work/nar/extensions/nifi-db-schema-registry-service-nar-2.6.0.nar-unpacked]
2025-10-16 10:50:25,192 INFO [main] org.apache.nifi.nar.NarClassLoaders Loaded NAR file: /opt/nifi/nifi-current/./work/nar/extensions/nifi-dropbox-services-api-nar-2.6.0.nar-unpacked as class loader org.apache.nifi.nar.NarClassLoader[./work/nar/extensions/nifi-dropbox-services-api-nar-2.6.0.nar-unpacked]
2025-10-16 10:50:25,193 INFO [main] org.apache.nifi.nar.NarClassLoaders Loaded NAR file: /opt/nifi/nifi-current/./work/nar/extensions/nifi-flow-registry-client-nar-2.6.0.nar-unpacked as class loader org.apache.nifi.nar.NarClassLoader[./work/nar/extensions/nifi-flow-registry-client-nar-2.6.0.nar-unpacked]
2025-10-16 10:50:25,196 INFO [main] org.apache.nifi.nar.NarClassLoaders Loaded NAR file: /opt/nifi/nifi-current/./work/nar/extensions/nifi-azure-services-api-nar-2.6.0.nar-unpacked as class loader org.apache.nifi.nar.NarClassLoader[./work/nar/extensions/nifi-azure-services-api-nar-2.6.0.nar-unpacked]
2025-10-16 10:50:25,202 INFO [main] org.apache.nifi.nar.NarClassLoaders Loaded NAR file: /opt/nifi/nifi-current/./work/nar/extensions/nifi-dropbox-services-nar-2.6.0.nar-unpacked as class loader org.apache.nifi.nar.NarClassLoader[./work/nar/extensions/nifi-dropbox-services-nar-2.6.0.nar-unpacked]
2025-10-16 10:50:25,202 INFO [main] org.apache.nifi.nar.NarClassLoaders Loaded NAR file: /opt/nifi/nifi-current/./work/nar/extensions/nifi-apicurio-nar-2.6.0.nar-unpacked as class loader org.apache.nifi.nar.NarClassLoader[./work/nar/extensions/nifi-apicurio-nar-2.6.0.nar-unpacked]
2025-10-16 10:50:25,203 INFO [main] org.apache.nifi.nar.NarClassLoaders Loaded NAR file: /opt/nifi/nifi-current/./work/nar/extensions/nifi-hubspot-nar-2.6.0.nar-unpacked as class loader org.apache.nifi.nar.NarClassLoader[./work/nar/extensions/nifi-hubspot-nar-2.6.0.nar-unpacked]
2025-10-16 10:50:25,203 INFO [main] org.apache.nifi.nar.NarClassLoaders Loaded NAR file: /opt/nifi/nifi-current/./work/nar/extensions/nifi-smb-client-api-nar-2.6.0.nar-unpacked as class loader org.apache.nifi.nar.NarClassLoader[./work/nar/extensions/nifi-smb-client-api-nar-2.6.0.nar-unpacked]
2025-10-16 10:50:25,204 INFO [main] org.apache.nifi.nar.NarClassLoaders Loaded NAR file: /opt/nifi/nifi-current/./work/nar/extensions/nifi-record-sink-service-nar-2.6.0.nar-unpacked as class loader org.apache.nifi.nar.NarClassLoader[./work/nar/extensions/nifi-record-sink-service-nar-2.6.0.nar-unpacked]
2025-10-16 10:50:25,205 INFO [main] org.apache.nifi.nar.NarClassLoaders Loaded NAR file: /opt/nifi/nifi-current/./work/nar/extensions/nifi-gitlab-nar-2.6.0.nar-unpacked as class loader org.apache.nifi.nar.NarClassLoader[./work/nar/extensions/nifi-gitlab-nar-2.6.0.nar-unpacked]
2025-10-16 10:50:25,208 INFO [main] org.apache.nifi.nar.NarClassLoaders Loaded NAR file: /opt/nifi/nifi-current/./work/nar/extensions/nifi-box-nar-2.6.0.nar-unpacked as class loader org.apache.nifi.nar.NarClassLoader[./work/nar/extensions/nifi-box-nar-2.6.0.nar-unpacked]
2025-10-16 10:50:25,209 INFO [main] org.apache.nifi.nar.NarClassLoaders Loaded NAR file: /opt/nifi/nifi-current/./work/nar/extensions/nifi-scripting-nar-2.6.0.nar-unpacked as class loader org.apache.nifi.nar.NarClassLoader[./work/nar/extensions/nifi-scripting-nar-2.6.0.nar-unpacked]
2025-10-16 10:50:25,215 INFO [main] org.apache.nifi.nar.NarClassLoaders Loaded NAR file: /opt/nifi/nifi-current/./work/nar/extensions/nifi-asana-processors-nar-2.6.0.nar-unpacked as class loader org.apache.nifi.nar.NarClassLoader[./work/nar/extensions/nifi-asana-processors-nar-2.6.0.nar-unpacked]
2025-10-16 10:50:25,215 INFO [main] org.apache.nifi.nar.NarClassLoaders Loaded NAR file: /opt/nifi/nifi-current/./work/nar/extensions/nifi-atlassian-nar-2.6.0.nar-unpacked as class loader org.apache.nifi.nar.NarClassLoader[./work/nar/extensions/nifi-atlassian-nar-2.6.0.nar-unpacked]
2025-10-16 10:50:25,216 INFO [main] org.apache.nifi.nar.NarClassLoaders Loaded NAR file: /opt/nifi/nifi-current/./work/nar/extensions/nifi-jms-processors-nar-2.6.0.nar-unpacked as class loader org.apache.nifi.nar.NarClassLoader[./work/nar/extensions/nifi-jms-processors-nar-2.6.0.nar-unpacked]
2025-10-16 10:50:25,218 INFO [main] org.apache.nifi.nar.NarClassLoaders Loaded NAR file: /opt/nifi/nifi-current/./work/nar/extensions/nifi-record-serialization-services-nar-2.6.0.nar-unpacked as class loader org.apache.nifi.nar.NarClassLoader[./work/nar/extensions/nifi-record-serialization-services-nar-2.6.0.nar-unpacked]
2025-10-16 10:50:25,221 INFO [main] org.apache.nifi.nar.NarClassLoaders Loaded NAR file: /opt/nifi/nifi-current/./work/nar/extensions/nifi-elasticsearch-client-service-nar-2.6.0.nar-unpacked as class loader org.apache.nifi.nar.NarClassLoader[./work/nar/extensions/nifi-elasticsearch-client-service-nar-2.6.0.nar-unpacked]
2025-10-16 10:50:25,223 INFO [main] org.apache.nifi.nar.NarClassLoaders Loaded NAR file: /opt/nifi/nifi-current/./work/nar/extensions/nifi-redis-service-api-nar-2.6.0.nar-unpacked as class loader org.apache.nifi.nar.NarClassLoader[./work/nar/extensions/nifi-redis-service-api-nar-2.6.0.nar-unpacked]
2025-10-16 10:50:25,226 INFO [main] org.apache.nifi.nar.NarClassLoaders Loaded NAR file: /opt/nifi/nifi-current/./work/nar/extensions/nifi-smb-smbj-client-nar-2.6.0.nar-unpacked as class loader org.apache.nifi.nar.NarClassLoader[./work/nar/extensions/nifi-smb-smbj-client-nar-2.6.0.nar-unpacked]
2025-10-16 10:50:25,227 INFO [main] org.apache.nifi.nar.NarClassLoaders Loaded NAR file: /opt/nifi/nifi-current/./work/nar/extensions/nifi-pgp-nar-2.6.0.nar-unpacked as class loader org.apache.nifi.nar.NarClassLoader[./work/nar/extensions/nifi-pgp-nar-2.6.0.nar-unpacked]
2025-10-16 10:50:25,227 INFO [main] org.apache.nifi.nar.NarClassLoaders Loaded NAR file: /opt/nifi/nifi-current/./work/nar/extensions/nifi-smb-nar-2.6.0.nar-unpacked as class loader org.apache.nifi.nar.NarClassLoader[./work/nar/extensions/nifi-smb-nar-2.6.0.nar-unpacked]
2025-10-16 10:50:25,227 INFO [main] org.apache.nifi.nar.NarClassLoaders Loaded NAR file: /opt/nifi/nifi-current/./work/nar/extensions/nifi-mongodb-services-nar-2.6.0.nar-unpacked as class loader org.apache.nifi.nar.NarClassLoader[./work/nar/extensions/nifi-mongodb-services-nar-2.6.0.nar-unpacked]
2025-10-16 10:50:25,228 INFO [main] org.apache.nifi.nar.NarClassLoaders Loaded NAR file: /opt/nifi/nifi-current/./work/nar/extensions/nifi-websocket-processors-nar-2.6.0.nar-unpacked as class loader org.apache.nifi.nar.NarClassLoader[./work/nar/extensions/nifi-websocket-processors-nar-2.6.0.nar-unpacked]
2025-10-16 10:50:25,229 INFO [main] org.apache.nifi.nar.NarClassLoaders Loaded NAR file: /opt/nifi/nifi-current/./work/nar/extensions/nifi-dropbox-processors-nar-2.6.0.nar-unpacked as class loader org.apache.nifi.nar.NarClassLoader[./work/nar/extensions/nifi-dropbox-processors-nar-2.6.0.nar-unpacked]
2025-10-16 10:50:25,230 INFO [main] org.apache.nifi.nar.NarClassLoaders Loaded NAR file: /opt/nifi/nifi-current/./work/nar/extensions/nifi-websocket-services-jetty-nar-2.6.0.nar-unpacked as class loader org.apache.nifi.nar.NarClassLoader[./work/nar/extensions/nifi-websocket-services-jetty-nar-2.6.0.nar-unpacked]
2025-10-16 10:50:25,231 INFO [main] org.apache.nifi.nar.NarClassLoaders Loaded NAR file: /opt/nifi/nifi-current/./work/nar/extensions/nifi-box-services-nar-2.6.0.nar-unpacked as class loader org.apache.nifi.nar.NarClassLoader[./work/nar/extensions/nifi-box-services-nar-2.6.0.nar-unpacked]
2025-10-16 10:50:25,232 INFO [main] org.apache.nifi.nar.NarClassLoaders Loaded NAR file: /opt/nifi/nifi-current/./work/nar/extensions/nifi-aws-nar-2.6.0.nar-unpacked as class loader org.apache.nifi.nar.NarClassLoader[./work/nar/extensions/nifi-aws-nar-2.6.0.nar-unpacked]
2025-10-16 10:50:25,249 INFO [main] org.apache.nifi.nar.NarClassLoaders Loaded NAR file: /opt/nifi/nifi-current/./work/nar/extensions/nifi-elasticsearch-restapi-nar-2.6.0.nar-unpacked as class loader org.apache.nifi.nar.NarClassLoader[./work/nar/extensions/nifi-elasticsearch-restapi-nar-2.6.0.nar-unpacked]
2025-10-16 10:50:25,251 INFO [main] org.apache.nifi.nar.NarClassLoaders Loaded NAR file: /opt/nifi/nifi-current/./work/nar/extensions/nifi-azure-nar-2.6.0.nar-unpacked as class loader org.apache.nifi.nar.NarClassLoader[./work/nar/extensions/nifi-azure-nar-2.6.0.nar-unpacked]
2025-10-16 10:50:25,264 INFO [main] org.apache.nifi.nar.NarClassLoaders Loaded NAR file: /opt/nifi/nifi-current/./work/nar/extensions/nifi-redis-nar-2.6.0.nar-unpacked as class loader org.apache.nifi.nar.NarClassLoader[./work/nar/extensions/nifi-redis-nar-2.6.0.nar-unpacked]
2025-10-16 10:50:25,265 INFO [main] org.apache.nifi.nar.NarClassLoaders Found NiFiServer implementation org.apache.nifi.web.server.JettyServer in org.apache.nifi:nifi-server-nar:2.6.0
2025-10-16 10:50:25,267 INFO [main] o.a.nifi.properties.NiFiPropertiesLoader Loading Application Properties [/opt/nifi/nifi-current/conf/nifi.properties]
2025-10-16 10:50:25,327 INFO [main] o.a.n.f.ssl.FrameworkKeyManagerBuilder Key Manager loaded from Key Store [./conf/keystore.p12]
2025-10-16 10:50:25,341 INFO [main] o.a.n.f.ssl.FrameworkTrustManagerBuilder Trust Manager loaded from Trust Store [./conf/truststore.p12]
2025-10-16 10:50:25,553 INFO [main] org.apache.nifi.web.server.JettyServer Loading WAR [/opt/nifi/nifi-current/./work/nar/extensions/nifi-standard-content-viewer-nar-2.6.0.nar-unpacked/NAR-INF/bundled-dependencies/nifi-standard-content-viewer-2.6.0.war] Context Path [/nifi-standard-content-viewer-2.6.0]
2025-10-16 10:50:25,554 INFO [main] org.apache.nifi.web.server.JettyServer Loading WAR [/opt/nifi/nifi-current/./work/nar/extensions/nifi-jolt-nar-2.6.0.nar-unpacked/NAR-INF/bundled-dependencies/nifi-jolt-transform-json-ui-2.6.0.war] Context Path [/nifi-jolt-transform-json-ui-2.6.0]
2025-10-16 10:50:25,555 INFO [main] org.apache.nifi.web.server.JettyServer Loading UI extension [ProcessorConfiguration, /nifi-jolt-transform-json-ui-2.6.0] for org.apache.nifi.processors.jolt.JoltTransformJSON:org.apache.nifi:nifi-jolt-nar:2.6.0
2025-10-16 10:50:25,555 INFO [main] org.apache.nifi.web.server.JettyServer Loading WAR [/opt/nifi/nifi-current/./work/nar/extensions/nifi-update-attribute-nar-2.6.0.nar-unpacked/NAR-INF/bundled-dependencies/nifi-update-attribute-ui-2.6.0.war] Context Path [/nifi-update-attribute-ui-2.6.0]
2025-10-16 10:50:25,555 INFO [main] org.apache.nifi.web.server.JettyServer Loading UI extension [ProcessorConfiguration, /nifi-update-attribute-ui-2.6.0] for org.apache.nifi.processors.attributes.UpdateAttribute:org.apache.nifi:nifi-update-attribute-nar:2.6.0
2025-10-16 10:50:25,557 INFO [main] org.apache.nifi.web.server.JettyServer Loading WAR [/opt/nifi/nifi-current/./work/nar/extensions/nifi-server-nar-2.6.0.nar-unpacked/NAR-INF/bundled-dependencies/nifi-ui-2.6.0.war] Context Path [/nifi]
2025-10-16 10:50:25,557 INFO [main] org.apache.nifi.web.server.JettyServer Loading WAR [/opt/nifi/nifi-current/./work/nar/extensions/nifi-server-nar-2.6.0.nar-unpacked/NAR-INF/bundled-dependencies/nifi-web-api-2.6.0.war] Context Path [/nifi-api]
2025-10-16 10:50:25,559 INFO [main] org.apache.nifi.web.server.JettyServer Loading Docs [/opt/nifi/nifi-current/docs] Context Path [/nifi-api]
2025-10-16 10:50:25,566 INFO [main] o.a.n.n.StandardExtensionDiscoveringManager Loaded extensions for org.apache.nifi:nifi-jetty-nar:2.6.0 in 0 millis
2025-10-16 10:50:25,571 INFO [main] o.a.n.n.StandardExtensionDiscoveringManager Loaded extensions for org.apache.nifi:nifi-framework-nar:2.6.0 in 5 millis
2025-10-16 10:50:25,572 INFO [main] o.a.n.n.StandardExtensionDiscoveringManager Loaded extensions for org.apache.nifi:nifi-provenance-repository-nar:2.6.0 in 1 millis
2025-10-16 10:50:25,573 INFO [main] o.a.n.n.StandardExtensionDiscoveringManager Loaded extensions for org.apache.nifi:nifi-hl7-nar:2.6.0 in 1 millis
2025-10-16 10:50:25,574 INFO [main] o.a.n.n.StandardExtensionDiscoveringManager Loaded extensions for org.apache.nifi:nifi-compress-nar:2.6.0 in 1 millis
2025-10-16 10:50:25,575 INFO [main] o.a.n.n.StandardExtensionDiscoveringManager Loaded extensions for org.apache.nifi:nifi-update-attribute-nar:2.6.0 in 1 millis
2025-10-16 10:50:25,575 INFO [main] o.a.n.n.StandardExtensionDiscoveringManager Loaded extensions for org.apache.nifi:nifi-ldap-iaa-providers-nar:2.6.0 in 0 millis
2025-10-16 10:50:25,576 INFO [main] o.a.n.n.StandardExtensionDiscoveringManager Loaded extensions for org.apache.nifi:nifi-single-user-iaa-providers-nar:2.6.0 in 1 millis
2025-10-16 10:50:25,577 INFO [main] o.a.n.n.StandardExtensionDiscoveringManager Loaded extensions for org.apache.nifi:nifi-framework-kubernetes-nar:2.6.0 in 1 millis
2025-10-16 10:50:25,579 INFO [main] o.a.n.n.StandardExtensionDiscoveringManager Loaded extensions for org.apache.nifi:nifi-server-nar:2.6.0 in 1 millis
2025-10-16 10:50:25,579 INFO [main] o.a.n.n.StandardExtensionDiscoveringManager Loaded extensions for org.apache.nifi:nifi-standard-services-api-nar:2.6.0 in 0 millis
2025-10-16 10:50:25,580 INFO [main] o.a.n.n.StandardExtensionDiscoveringManager Loaded extensions for org.apache.nifi:nifi-email-nar:2.6.0 in 1 millis
2025-10-16 10:50:25,581 INFO [main] o.a.n.n.StandardExtensionDiscoveringManager Loaded extensions for org.apache.nifi:nifi-dbcp-service-nar:2.6.0 in 1 millis
2025-10-16 10:50:25,582 INFO [main] o.a.n.n.StandardExtensionDiscoveringManager Loaded extensions for org.apache.nifi:nifi-kerberos-iaa-providers-nar:2.6.0 in 1 millis
2025-10-16 10:50:25,582 INFO [main] o.a.n.n.StandardExtensionDiscoveringManager Loaded extensions for org.apache.nifi:nifi-evtx-nar:2.6.0 in 0 millis
2025-10-16 10:50:25,583 INFO [main] o.a.n.n.StandardExtensionDiscoveringManager Loaded extensions for org.apache.nifi:nifi-stateful-analysis-nar:2.6.0 in 0 millis
2025-10-16 10:50:25,584 INFO [main] o.a.n.n.StandardExtensionDiscoveringManager Loaded extensions for org.apache.nifi:nifi-file-resource-service-nar:2.6.0 in 1 millis
2025-10-16 10:50:25,585 INFO [main] o.a.n.n.StandardExtensionDiscoveringManager Loaded extensions for org.apache.nifi:nifi-standard-shared-nar:2.6.0 in 1 millis
2025-10-16 10:50:25,586 INFO [main] o.a.n.n.StandardExtensionDiscoveringManager Loaded extensions for org.apache.nifi:nifi-gcp-services-api-nar:2.6.0 in 1 millis
2025-10-16 10:50:25,587 INFO [main] o.a.n.n.StandardExtensionDiscoveringManager Loaded extensions for org.apache.nifi:nifi-database-dialect-service-nar:2.6.0 in 1 millis
2025-10-16 10:50:25,588 INFO [main] o.a.n.n.StandardExtensionDiscoveringManager Loaded extensions for org.apache.nifi:nifi-poi-nar:2.6.0 in 1 millis
2025-10-16 10:50:25,589 INFO [main] o.a.n.n.StandardExtensionDiscoveringManager Loaded extensions for org.apache.nifi:nifi-key-service-nar:2.6.0 in 1 millis
2025-10-16 10:50:25,590 INFO [main] o.a.n.n.StandardExtensionDiscoveringManager Loaded extensions for org.apache.nifi:nifi-asana-services-api-nar:2.6.0 in 1 millis
2025-10-16 10:50:25,590 INFO [main] o.a.n.n.StandardExtensionDiscoveringManager Loaded extensions for org.apache.nifi:nifi-snmp-nar:2.6.0 in 0 millis
2025-10-16 10:50:25,592 INFO [main] o.a.n.n.StandardExtensionDiscoveringManager Loaded extensions for org.apache.nifi:nifi-framework-zookeeper-nar:2.6.0 in 1 millis
2025-10-16 10:50:25,593 INFO [main] o.a.n.n.StandardExtensionDiscoveringManager Loaded extensions for org.apache.nifi:nifi-ssl-context-service-nar:2.6.0 in 1 millis
2025-10-16 10:50:25,594 INFO [main] o.a.n.n.StandardExtensionDiscoveringManager Loaded extensions for org.apache.nifi:nifi-web-client-provider-service-nar:2.6.0 in 1 millis
2025-10-16 10:50:25,594 INFO [main] o.a.n.n.StandardExtensionDiscoveringManager Loaded extensions for org.apache.nifi:nifi-network-processors-nar:2.6.0 in 0 millis
2025-10-16 10:50:25,595 INFO [main] o.a.n.n.StandardExtensionDiscoveringManager Loaded extensions for org.apache.nifi:nifi-kafka-service-api-nar:2.6.0 in 0 millis
2025-10-16 10:50:25,596 INFO [main] o.a.n.n.StandardExtensionDiscoveringManager Loaded extensions for org.apache.nifi:nifi-windows-event-log-nar:2.6.0 in 1 millis
2025-10-16 10:50:25,597 INFO [main] o.a.n.n.StandardExtensionDiscoveringManager Loaded extensions for org.apache.nifi:nifi-gcp-nar:2.6.0 in 1 millis
2025-10-16 10:50:25,598 INFO [main] o.a.n.n.StandardExtensionDiscoveringManager Loaded extensions for org.apache.nifi:nifi-hashicorp-vault-client-service-api-nar:2.6.0 in 1 millis
2025-10-16 10:50:25,599 INFO [main] o.a.n.n.StandardExtensionDiscoveringManager Loaded extensions for org.apache.nifi:nifi-registry-nar:2.6.0 in 1 millis
2025-10-16 10:50:25,600 INFO [main] o.a.n.n.StandardExtensionDiscoveringManager Loaded extensions for org.apache.nifi:nifi-protobuf-services-nar:2.6.0 in 1 millis
2025-10-16 10:50:25,601 INFO [main] o.a.n.n.StandardExtensionDiscoveringManager Loaded extensions for org.apache.nifi:nifi-asana-services-nar:2.6.0 in 1 millis
2025-10-16 10:50:25,602 INFO [main] o.a.n.n.StandardExtensionDiscoveringManager Loaded extensions for org.apache.nifi:nifi-site-to-site-reporting-nar:2.6.0 in 1 millis
2025-10-16 10:50:25,603 INFO [main] o.a.n.n.StandardExtensionDiscoveringManager Loaded extensions for org.apache.nifi:nifi-zendesk-nar:2.6.0 in 1 millis
2025-10-16 10:50:25,604 INFO [main] o.a.n.n.StandardExtensionDiscoveringManager Loaded extensions for org.apache.nifi:nifi-cipher-nar:2.6.0 in 1 millis
2025-10-16 10:50:25,605 INFO [main] o.a.n.n.StandardExtensionDiscoveringManager Loaded extensions for org.apache.nifi:nifi-jms-cf-service-nar:2.6.0 in 1 millis
2025-10-16 10:50:25,605 INFO [main] o.a.n.n.StandardExtensionDiscoveringManager Loaded extensions for org.apache.nifi:nifi-jolt-nar:2.6.0 in 0 millis
2025-10-16 10:50:25,606 INFO [main] o.a.n.n.StandardExtensionDiscoveringManager Loaded extensions for org.apache.nifi:nifi-hazelcast-services-api-nar:2.6.0 in 0 millis
2025-10-16 10:50:25,607 INFO [main] o.a.n.n.StandardExtensionDiscoveringManager Loaded extensions for org.apache.nifi:nifi-pgp-service-api-nar:2.6.0 in 1 millis
2025-10-16 10:50:25,608 INFO [main] o.a.n.n.StandardExtensionDiscoveringManager Loaded extensions for org.apache.nifi:nifi-proxy-configuration-nar:2.6.0 in 1 millis
2025-10-16 10:50:25,609 INFO [main] o.a.n.n.StandardExtensionDiscoveringManager Loaded extensions for org.apache.nifi:nifi-airtable-nar:2.6.0 in 0 millis
2025-10-16 10:50:25,609 INFO [main] o.a.n.n.StandardExtensionDiscoveringManager Loaded extensions for org.apache.nifi:nifi-github-nar:2.6.0 in 0 millis
2025-10-16 10:50:25,610 INFO [main] o.a.n.n.StandardExtensionDiscoveringManager Loaded extensions for org.apache.nifi:nifi-oauth2-provider-nar:2.6.0 in 0 millis
2025-10-16 10:50:25,611 INFO [main] o.a.n.n.StandardExtensionDiscoveringManager Loaded extensions for org.apache.nifi:nifi-workday-processors-nar:2.6.0 in 0 millis
2025-10-16 10:50:25,612 INFO [main] o.a.n.n.StandardExtensionDiscoveringManager Loaded extensions for org.apache.nifi:nifi-mongodb-client-service-api-nar:2.6.0 in 1 millis
2025-10-16 10:50:25,613 INFO [main] o.a.n.n.StandardExtensionDiscoveringManager Loaded extensions for org.apache.nifi:nifi-groovyx-nar:2.6.0 in 1 millis
2025-10-16 10:50:25,614 INFO [main] o.a.n.n.StandardExtensionDiscoveringManager Loaded extensions for org.apache.nifi:nifi-hazelcast-services-nar:2.6.0 in 1 millis
2025-10-16 10:50:25,615 INFO [main] o.a.n.n.StandardExtensionDiscoveringManager Loaded extensions for org.apache.nifi:nifi-mqtt-nar:2.6.0 in 1 millis
2025-10-16 10:50:25,616 INFO [main] o.a.n.n.StandardExtensionDiscoveringManager Loaded extensions for org.apache.nifi:nifi-cdc-mysql-nar:2.6.0 in 1 millis
2025-10-16 10:50:25,617 INFO [main] o.a.n.n.StandardExtensionDiscoveringManager Loaded extensions for org.apache.nifi:nifi-jslt-nar:2.6.0 in 1 millis
2025-10-16 10:50:25,618 INFO [main] o.a.n.n.StandardExtensionDiscoveringManager Loaded extensions for org.apache.nifi:nifi-kafka-nar:2.6.0 in 1 millis
2025-10-16 10:50:25,619 INFO [main] o.a.n.n.StandardExtensionDiscoveringManager Loaded extensions for org.apache.nifi:nifi-mongodb-nar:2.6.0 in 1 millis
2025-10-16 10:50:25,620 INFO [main] o.a.n.n.StandardExtensionDiscoveringManager Loaded extensions for org.apache.nifi:nifi-pgp-service-nar:2.6.0 in 1 millis
2025-10-16 10:50:25,621 INFO [main] o.a.n.n.StandardExtensionDiscoveringManager Loaded extensions for org.apache.nifi:nifi-standard-content-viewer-nar:2.6.0 in 1 millis
2025-10-16 10:50:25,623 INFO [main] o.a.n.n.StandardExtensionDiscoveringManager Loaded extensions for org.apache.nifi:nifi-standard-nar:2.6.0 in 2 millis
2025-10-16 10:50:25,624 INFO [main] o.a.n.n.StandardExtensionDiscoveringManager Loaded extensions for org.apache.nifi:nifi-box-services-api-nar:2.6.0 in 1 millis
2025-10-16 10:50:25,624 INFO [main] o.a.n.n.StandardExtensionDiscoveringManager Loaded extensions for org.apache.nifi:nifi-http-context-map-nar:2.6.0 in 0 millis
2025-10-16 10:50:25,625 INFO [main] o.a.n.n.StandardExtensionDiscoveringManager Loaded extensions for org.apache.nifi:nifi-avro-nar:2.6.0 in 1 millis
2025-10-16 10:50:25,626 INFO [main] o.a.n.n.StandardExtensionDiscoveringManager Loaded extensions for org.apache.nifi:nifi-enrich-nar:2.6.0 in 1 millis
2025-10-16 10:50:25,627 INFO [main] o.a.n.n.StandardExtensionDiscoveringManager Loaded extensions for org.apache.nifi:nifi-lookup-services-nar:2.6.0 in 1 millis
2025-10-16 10:50:25,628 INFO [main] o.a.n.n.StandardExtensionDiscoveringManager Loaded extensions for org.apache.nifi:nifi-splunk-nar:2.6.0 in 1 millis
2025-10-16 10:50:25,629 INFO [main] o.a.n.n.StandardExtensionDiscoveringManager Loaded extensions for org.apache.nifi:nifi-zendesk-services-nar:2.6.0 in 1 millis
2025-10-16 10:50:25,630 INFO [main] o.a.n.n.StandardExtensionDiscoveringManager Loaded extensions for org.apache.nifi:nifi-hashicorp-vault-nar:2.6.0 in 1 millis
2025-10-16 10:50:25,631 INFO [main] o.a.n.n.StandardExtensionDiscoveringManager Loaded extensions for org.apache.nifi:nifi-distributed-cache-services-nar:2.6.0 in 1 millis
2025-10-16 10:50:25,632 INFO [main] o.a.n.n.StandardExtensionDiscoveringManager Loaded extensions for org.apache.nifi:nifi-slack-nar:2.6.0 in 1 millis
2025-10-16 10:50:25,633 INFO [main] o.a.n.n.StandardExtensionDiscoveringManager Loaded extensions for org.apache.nifi:nifi-kafka-3-service-nar:2.6.0 in 1 millis
2025-10-16 10:50:25,634 INFO [main] o.a.n.n.StandardExtensionDiscoveringManager Loaded extensions for org.apache.nifi:nifi-kerberos-user-service-nar:2.6.0 in 1 millis
2025-10-16 10:50:25,635 INFO [main] o.a.n.n.StandardExtensionDiscoveringManager Loaded extensions for org.apache.nifi:nifi-confluent-platform-nar:2.6.0 in 1 millis
2025-10-16 10:50:25,636 INFO [main] o.a.n.n.StandardExtensionDiscoveringManager Loaded extensions for org.apache.nifi:nifi-social-media-nar:2.6.0 in 1 millis
2025-10-16 10:50:25,637 INFO [main] o.a.n.n.StandardExtensionDiscoveringManager Loaded extensions for org.apache.nifi:nifi-opentelemetry-nar:2.6.0 in 1 millis
2025-10-16 10:50:25,637 INFO [main] o.a.n.n.StandardExtensionDiscoveringManager Loaded extensions for org.apache.nifi:nifi-elasticsearch-client-service-api-nar:2.6.0 in 0 millis
2025-10-16 10:50:25,638 INFO [main] o.a.n.n.StandardExtensionDiscoveringManager Loaded extensions for org.apache.nifi:nifi-py4j-nar:2.6.0 in 1 millis
2025-10-16 10:50:25,639 INFO [main] o.a.n.n.StandardExtensionDiscoveringManager Loaded extensions for org.apache.nifi:nifi-amqp-nar:2.6.0 in 1 millis
2025-10-16 10:50:25,640 INFO [main] o.a.n.n.StandardExtensionDiscoveringManager Loaded extensions for org.apache.nifi:nifi-salesforce-nar:2.6.0 in 1 millis
2025-10-16 10:50:25,641 INFO [main] o.a.n.n.StandardExtensionDiscoveringManager Loaded extensions for org.apache.nifi:nifi-websocket-services-api-nar:2.6.0 in 1 millis
2025-10-16 10:50:25,641 INFO [main] o.a.n.n.StandardExtensionDiscoveringManager Loaded extensions for org.apache.nifi:nifi-shopify-nar:2.6.0 in 0 millis
2025-10-16 10:50:25,642 INFO [main] o.a.n.n.StandardExtensionDiscoveringManager Loaded extensions for org.apache.nifi:nifi-geohash-nar:2.6.0 in 1 millis
2025-10-16 10:50:25,643 INFO [main] o.a.n.n.StandardExtensionDiscoveringManager Loaded extensions for org.apache.nifi:nifi-aws-service-api-nar:2.6.0 in 1 millis
2025-10-16 10:50:25,644 INFO [main] o.a.n.n.StandardExtensionDiscoveringManager Loaded extensions for org.apache.nifi:nifi-kafka-service-aws-nar:2.6.0 in 1 millis
2025-10-16 10:50:25,645 INFO [main] o.a.n.n.StandardExtensionDiscoveringManager Loaded extensions for org.apache.nifi:nifi-db-schema-registry-service-nar:2.6.0 in 1 millis
2025-10-16 10:50:25,645 INFO [main] o.a.n.n.StandardExtensionDiscoveringManager Loaded extensions for org.apache.nifi:nifi-dropbox-services-api-nar:2.6.0 in 0 millis
2025-10-16 10:50:25,646 INFO [main] o.a.n.n.StandardExtensionDiscoveringManager Loaded extensions for org.apache.nifi:nifi-flow-registry-client-nar:2.6.0 in 1 millis
2025-10-16 10:50:25,647 INFO [main] o.a.n.n.StandardExtensionDiscoveringManager Loaded extensions for org.apache.nifi:nifi-azure-services-api-nar:2.6.0 in 1 millis
2025-10-16 10:50:25,648 INFO [main] o.a.n.n.StandardExtensionDiscoveringManager Loaded extensions for org.apache.nifi:nifi-dropbox-services-nar:2.6.0 in 1 millis
2025-10-16 10:50:25,649 INFO [main] o.a.n.n.StandardExtensionDiscoveringManager Loaded extensions for org.apache.nifi:nifi-apicurio-nar:2.6.0 in 1 millis
2025-10-16 10:50:25,650 INFO [main] o.a.n.n.StandardExtensionDiscoveringManager Loaded extensions for org.apache.nifi:nifi-hubspot-nar:2.6.0 in 1 millis
2025-10-16 10:50:25,651 INFO [main] o.a.n.n.StandardExtensionDiscoveringManager Loaded extensions for org.apache.nifi:nifi-smb-client-api-nar:2.6.0 in 1 millis
2025-10-16 10:50:25,651 INFO [main] o.a.n.n.StandardExtensionDiscoveringManager Loaded extensions for org.apache.nifi:nifi-record-sink-service-nar:2.6.0 in 0 millis
2025-10-16 10:50:25,652 INFO [main] o.a.n.n.StandardExtensionDiscoveringManager Loaded extensions for org.apache.nifi:nifi-gitlab-nar:2.6.0 in 0 millis
2025-10-16 10:50:25,653 INFO [main] o.a.n.n.StandardExtensionDiscoveringManager Loaded extensions for org.apache.nifi:nifi-box-nar:2.6.0 in 1 millis
2025-10-16 10:50:25,655 INFO [main] o.a.n.n.StandardExtensionDiscoveringManager Loaded extensions for org.apache.nifi:nifi-scripting-nar:2.6.0 in 1 millis
2025-10-16 10:50:25,655 INFO [main] o.a.n.n.StandardExtensionDiscoveringManager Loaded extensions for org.apache.nifi:nifi-asana-processors-nar:2.6.0 in 0 millis
2025-10-16 10:50:25,656 INFO [main] o.a.n.n.StandardExtensionDiscoveringManager Loaded extensions for org.apache.nifi:nifi-atlassian-nar:2.6.0 in 0 millis
2025-10-16 10:50:25,658 INFO [main] o.a.n.n.StandardExtensionDiscoveringManager Loaded extensions for org.apache.nifi:nifi-jms-processors-nar:2.6.0 in 2 millis
2025-10-16 10:50:25,659 INFO [main] o.a.n.n.StandardExtensionDiscoveringManager Loaded extensions for org.apache.nifi:nifi-record-serialization-services-nar:2.6.0 in 1 millis
2025-10-16 10:50:25,660 INFO [main] o.a.n.n.StandardExtensionDiscoveringManager Loaded extensions for org.apache.nifi:nifi-elasticsearch-client-service-nar:2.6.0 in 1 millis
2025-10-16 10:50:25,661 INFO [main] o.a.n.n.StandardExtensionDiscoveringManager Loaded extensions for org.apache.nifi:nifi-redis-service-api-nar:2.6.0 in 1 millis
2025-10-16 10:50:25,662 INFO [main] o.a.n.n.StandardExtensionDiscoveringManager Loaded extensions for org.apache.nifi:nifi-smb-smbj-client-nar:2.6.0 in 1 millis
2025-10-16 10:50:25,663 INFO [main] o.a.n.n.StandardExtensionDiscoveringManager Loaded extensions for org.apache.nifi:nifi-pgp-nar:2.6.0 in 1 millis
2025-10-16 10:50:25,664 INFO [main] o.a.n.n.StandardExtensionDiscoveringManager Loaded extensions for org.apache.nifi:nifi-smb-nar:2.6.0 in 1 millis
2025-10-16 10:50:25,665 INFO [main] o.a.n.n.StandardExtensionDiscoveringManager Loaded extensions for org.apache.nifi:nifi-mongodb-services-nar:2.6.0 in 1 millis
2025-10-16 10:50:25,669 INFO [main] o.a.n.n.StandardExtensionDiscoveringManager Loaded extensions for org.apache.nifi:nifi-websocket-processors-nar:2.6.0 in 4 millis
2025-10-16 10:50:25,672 INFO [main] o.a.n.n.StandardExtensionDiscoveringManager Loaded extensions for org.apache.nifi:nifi-dropbox-processors-nar:2.6.0 in 3 millis
2025-10-16 10:50:25,673 INFO [main] o.a.n.n.StandardExtensionDiscoveringManager Loaded extensions for org.apache.nifi:nifi-websocket-services-jetty-nar:2.6.0 in 1 millis
2025-10-16 10:50:25,674 INFO [main] o.a.n.n.StandardExtensionDiscoveringManager Loaded extensions for org.apache.nifi:nifi-box-services-nar:2.6.0 in 1 millis
2025-10-16 10:50:25,677 INFO [main] o.a.n.n.StandardExtensionDiscoveringManager Loaded extensions for org.apache.nifi:nifi-aws-nar:2.6.0 in 3 millis
2025-10-16 10:50:25,678 INFO [main] o.a.n.n.StandardExtensionDiscoveringManager Loaded extensions for org.apache.nifi:nifi-elasticsearch-restapi-nar:2.6.0 in 1 millis
2025-10-16 10:50:25,680 INFO [main] o.a.n.n.StandardExtensionDiscoveringManager Loaded extensions for org.apache.nifi:nifi-azure-nar:2.6.0 in 2 millis
2025-10-16 10:50:25,681 INFO [main] o.a.n.n.StandardExtensionDiscoveringManager Loaded extensions for org.apache.nifi:nifi-redis-nar:2.6.0 in 1 millis
2025-10-16 10:50:25,681 INFO [main] o.a.n.n.StandardExtensionDiscoveringManager Extension Type Mapping to Bundle:
	=== ExternalResourceProvider Type ===
	org.apache.nifi.registry.extension.NiFiRegistryExternalResourceProvider
		org.apache.nifi:nifi-framework-nar:2.6.0 || ./work/nar/framework/nifi-framework-nar-2.6.0.nar-unpacked
	=== End ExternalResourceProvider types ===
	=== UserGroupProvider Type ===
	org.apache.nifi.authorization.FileUserGroupProvider
		org.apache.nifi:nifi-framework-nar:2.6.0 || ./work/nar/framework/nifi-framework-nar-2.6.0.nar-unpacked
	org.apache.nifi.authorization.azure.AzureGraphUserGroupProvider
		org.apache.nifi:nifi-azure-nar:2.6.0 || ./work/nar/extensions/nifi-azure-nar-2.6.0.nar-unpacked
	org.apache.nifi.ldap.tenants.LdapUserGroupProvider
		org.apache.nifi:nifi-ldap-iaa-providers-nar:2.6.0 || ./work/nar/extensions/nifi-ldap-iaa-providers-nar-2.6.0.nar-unpacked
	org.apache.nifi.authorization.CompositeUserGroupProvider
		org.apache.nifi:nifi-framework-nar:2.6.0 || ./work/nar/framework/nifi-framework-nar-2.6.0.nar-unpacked
	org.apache.nifi.authorization.CompositeConfigurableUserGroupProvider
		org.apache.nifi:nifi-framework-nar:2.6.0 || ./work/nar/framework/nifi-framework-nar-2.6.0.nar-unpacked
	=== End UserGroupProvider types ===
	=== StatusHistoryRepository Type ===
	org.apache.nifi.controller.status.history.VolatileComponentStatusRepository
		org.apache.nifi:nifi-framework-nar:2.6.0 || ./work/nar/framework/nifi-framework-nar-2.6.0.nar-unpacked
	=== End StatusHistoryRepository types ===
	=== LoginIdentityProvider Type ===
	org.apache.nifi.kerberos.KerberosProvider
		org.apache.nifi:nifi-kerberos-iaa-providers-nar:2.6.0 || ./work/nar/extensions/nifi-kerberos-iaa-providers-nar-2.6.0.nar-unpacked
	org.apache.nifi.authentication.single.user.SingleUserLoginIdentityProvider
		org.apache.nifi:nifi-single-user-iaa-providers-nar:2.6.0 || ./work/nar/extensions/nifi-single-user-iaa-providers-nar-2.6.0.nar-unpacked
	org.apache.nifi.ldap.LdapProvider
		org.apache.nifi:nifi-ldap-iaa-providers-nar:2.6.0 || ./work/nar/extensions/nifi-ldap-iaa-providers-nar-2.6.0.nar-unpacked
	=== End LoginIdentityProvider types ===
	=== ProvenanceRepository Type ===
	org.apache.nifi.provenance.NoOpProvenanceRepository
		org.apache.nifi:nifi-provenance-repository-nar:2.6.0 || ./work/nar/extensions/nifi-provenance-repository-nar-2.6.0.nar-unpacked
	org.apache.nifi.provenance.WriteAheadProvenanceRepository
		org.apache.nifi:nifi-provenance-repository-nar:2.6.0 || ./work/nar/extensions/nifi-provenance-repository-nar-2.6.0.nar-unpacked
	org.apache.nifi.provenance.VolatileProvenanceRepository
		org.apache.nifi:nifi-provenance-repository-nar:2.6.0 || ./work/nar/extensions/nifi-provenance-repository-nar-2.6.0.nar-unpacked
	=== End ProvenanceRepository types ===
	=== StateProvider Type ===
	org.apache.nifi.redis.state.RedisStateProvider
		org.apache.nifi:nifi-redis-nar:2.6.0 || ./work/nar/extensions/nifi-redis-nar-2.6.0.nar-unpacked
	org.apache.nifi.controller.state.providers.local.WriteAheadLocalStateProvider
		org.apache.nifi:nifi-framework-nar:2.6.0 || ./work/nar/framework/nifi-framework-nar-2.6.0.nar-unpacked
	org.apache.nifi.kubernetes.state.provider.KubernetesConfigMapStateProvider
		org.apache.nifi:nifi-framework-kubernetes-nar:2.6.0 || ./work/nar/extensions/nifi-framework-kubernetes-nar-2.6.0.nar-unpacked
	org.apache.nifi.controller.state.providers.zookeeper.ZooKeeperStateProvider
		org.apache.nifi:nifi-framework-zookeeper-nar:2.6.0 || ./work/nar/extensions/nifi-framework-zookeeper-nar-2.6.0.nar-unpacked
	org.apache.nifi.controller.state.providers.zookeeper.server.ZooKeeperStateProviderServer
		org.apache.nifi:nifi-framework-zookeeper-nar:2.6.0 || ./work/nar/extensions/nifi-framework-zookeeper-nar-2.6.0.nar-unpacked
	=== End StateProvider types ===
	=== FlowActionReporter Type ===
	=== End FlowActionReporter types ===
	=== Processor Type ===
	org.apache.nifi.processors.standard.ExecuteProcess
		org.apache.nifi:nifi-standard-nar:2.6.0 || ./work/nar/extensions/nifi-standard-nar-2.6.0.nar-unpacked
	org.apache.nifi.processors.standard.AttributesToCSV
		org.apache.nifi:nifi-standard-nar:2.6.0 || ./work/nar/extensions/nifi-standard-nar-2.6.0.nar-unpacked
	org.apache.nifi.processors.standard.SplitRecord
		org.apache.nifi:nifi-standard-nar:2.6.0 || ./work/nar/extensions/nifi-standard-nar-2.6.0.nar-unpacked
	org.apache.nifi.processors.salesforce.QuerySalesforceObject
		org.apache.nifi:nifi-salesforce-nar:2.6.0 || ./work/nar/extensions/nifi-salesforce-nar-2.6.0.nar-unpacked
	org.apache.nifi.processors.standard.CountText
		org.apache.nifi:nifi-standard-nar:2.6.0 || ./work/nar/extensions/nifi-standard-nar-2.6.0.nar-unpacked
	org.apache.nifi.processors.azure.storage.queue.PutAzureQueueStorage_v12
		org.apache.nifi:nifi-azure-nar:2.6.0 || ./work/nar/extensions/nifi-azure-nar-2.6.0.nar-unpacked
	org.apache.nifi.processors.gcp.drive.PutGoogleDrive
		org.apache.nifi:nifi-gcp-nar:2.6.0 || ./work/nar/extensions/nifi-gcp-nar-2.6.0.nar-unpacked
	org.apache.nifi.processors.standard.ValidateCsv
		org.apache.nifi:nifi-standard-nar:2.6.0 || ./work/nar/extensions/nifi-standard-nar-2.6.0.nar-unpacked
	org.apache.nifi.processors.azure.storage.queue.GetAzureQueueStorage_v12
		org.apache.nifi:nifi-azure-nar:2.6.0 || ./work/nar/extensions/nifi-azure-nar-2.6.0.nar-unpacked
	org.apache.nifi.processors.azure.storage.DeleteAzureBlobStorage_v12
		org.apache.nifi:nifi-azure-nar:2.6.0 || ./work/nar/extensions/nifi-azure-nar-2.6.0.nar-unpacked
	org.apache.nifi.amqp.processors.PublishAMQP
		org.apache.nifi:nifi-amqp-nar:2.6.0 || ./work/nar/extensions/nifi-amqp-nar-2.6.0.nar-unpacked
	org.apache.nifi.processors.standard.CryptographicHashContent
		org.apache.nifi:nifi-standard-nar:2.6.0 || ./work/nar/extensions/nifi-standard-nar-2.6.0.nar-unpacked
	org.apache.nifi.processors.email.ExtractEmailHeaders
		org.apache.nifi:nifi-email-nar:2.6.0 || ./work/nar/extensions/nifi-email-nar-2.6.0.nar-unpacked
	org.apache.nifi.processors.dropbox.PutDropbox
		org.apache.nifi:nifi-dropbox-processors-nar:2.6.0 || ./work/nar/extensions/nifi-dropbox-processors-nar-2.6.0.nar-unpacked
	org.apache.nifi.processors.standard.ListFile
		org.apache.nifi:nifi-standard-nar:2.6.0 || ./work/nar/extensions/nifi-standard-nar-2.6.0.nar-unpacked
	org.apache.nifi.processors.standard.ModifyBytes
		org.apache.nifi:nifi-standard-nar:2.6.0 || ./work/nar/extensions/nifi-standard-nar-2.6.0.nar-unpacked
	org.apache.nifi.processors.pgp.EncryptContentPGP
		org.apache.nifi:nifi-pgp-nar:2.6.0 || ./work/nar/extensions/nifi-pgp-nar-2.6.0.nar-unpacked
	org.apache.nifi.processors.hl7.RouteHL7
		org.apache.nifi:nifi-hl7-nar:2.6.0 || ./work/nar/extensions/nifi-hl7-nar-2.6.0.nar-unpacked
	org.apache.nifi.processors.aws.sns.PutSNS
		org.apache.nifi:nifi-aws-nar:2.6.0 || ./work/nar/extensions/nifi-aws-nar-2.6.0.nar-unpacked
	org.apache.nifi.processors.standard.ListSFTP
		org.apache.nifi:nifi-standard-nar:2.6.0 || ./work/nar/extensions/nifi-standard-nar-2.6.0.nar-unpacked
	org.apache.nifi.processors.gcp.storage.PutGCSObject
		org.apache.nifi:nifi-gcp-nar:2.6.0 || ./work/nar/extensions/nifi-gcp-nar-2.6.0.nar-unpacked
	org.apache.nifi.processors.azure.storage.PutAzureDataLakeStorage
		org.apache.nifi:nifi-azure-nar:2.6.0 || ./work/nar/extensions/nifi-azure-nar-2.6.0.nar-unpacked
	org.apache.nifi.processors.elasticsearch.PutElasticsearchRecord
		org.apache.nifi:nifi-elasticsearch-restapi-nar:2.6.0 || ./work/nar/extensions/nifi-elasticsearch-restapi-nar-2.6.0.nar-unpacked
	org.apache.nifi.processors.standard.ScanContent
		org.apache.nifi:nifi-standard-nar:2.6.0 || ./work/nar/extensions/nifi-standard-nar-2.6.0.nar-unpacked
	org.apache.nifi.processors.mongodb.GetMongoRecord
		org.apache.nifi:nifi-mongodb-nar:2.6.0 || ./work/nar/extensions/nifi-mongodb-nar-2.6.0.nar-unpacked
	org.apache.nifi.processors.standard.EvaluateXQuery
		org.apache.nifi:nifi-standard-nar:2.6.0 || ./work/nar/extensions/nifi-standard-nar-2.6.0.nar-unpacked
	org.apache.nifi.processors.standard.RouteText
		org.apache.nifi:nifi-standard-nar:2.6.0 || ./work/nar/extensions/nifi-standard-nar-2.6.0.nar-unpacked
	org.apache.nifi.processors.websocket.ListenWebSocket
		org.apache.nifi:nifi-websocket-processors-nar:2.6.0 || ./work/nar/extensions/nifi-websocket-processors-nar-2.6.0.nar-unpacked
	org.apache.nifi.processors.GeoEnrichIP
		org.apache.nifi:nifi-enrich-nar:2.6.0 || ./work/nar/extensions/nifi-enrich-nar-2.6.0.nar-unpacked
	org.apache.nifi.processors.opentelemetry.ListenOTLP
		org.apache.nifi:nifi-opentelemetry-nar:2.6.0 || ./work/nar/extensions/nifi-opentelemetry-nar-2.6.0.nar-unpacked
	org.apache.nifi.processors.standard.MonitorActivity
		org.apache.nifi:nifi-standard-nar:2.6.0 || ./work/nar/extensions/nifi-standard-nar-2.6.0.nar-unpacked
	org.apache.nifi.processors.salesforce.PutSalesforceObject
		org.apache.nifi:nifi-salesforce-nar:2.6.0 || ./work/nar/extensions/nifi-salesforce-nar-2.6.0.nar-unpacked
	org.apache.nifi.processors.standard.ExtractRecordSchema
		org.apache.nifi:nifi-standard-nar:2.6.0 || ./work/nar/extensions/nifi-standard-nar-2.6.0.nar-unpacked
	org.apache.nifi.processors.standard.GenerateTableFetch
		org.apache.nifi:nifi-standard-nar:2.6.0 || ./work/nar/extensions/nifi-standard-nar-2.6.0.nar-unpacked
	org.apache.nifi.processors.standard.HandleHttpResponse
		org.apache.nifi:nifi-standard-nar:2.6.0 || ./work/nar/extensions/nifi-standard-nar-2.6.0.nar-unpacked
	org.apache.nifi.processors.box.ConsumeBoxEnterpriseEvents
		org.apache.nifi:nifi-box-nar:2.6.0 || ./work/nar/extensions/nifi-box-nar-2.6.0.nar-unpacked
	org.apache.nifi.snmp.processors.SendTrapSNMP
		org.apache.nifi:nifi-snmp-nar:2.6.0 || ./work/nar/extensions/nifi-snmp-nar-2.6.0.nar-unpacked
	org.apache.nifi.processors.standard.ListenFTP
		org.apache.nifi:nifi-standard-nar:2.6.0 || ./work/nar/extensions/nifi-standard-nar-2.6.0.nar-unpacked
	org.apache.nifi.processors.aws.s3.GetS3ObjectMetadata
		org.apache.nifi:nifi-aws-nar:2.6.0 || ./work/nar/extensions/nifi-aws-nar-2.6.0.nar-unpacked
	org.apache.nifi.processors.standard.ListenSyslog
		org.apache.nifi:nifi-standard-nar:2.6.0 || ./work/nar/extensions/nifi-standard-nar-2.6.0.nar-unpacked
	org.apache.nifi.processors.standard.ConvertRecord
		org.apache.nifi:nifi-standard-nar:2.6.0 || ./work/nar/extensions/nifi-standard-nar-2.6.0.nar-unpacked
	org.apache.nifi.processors.avro.SplitAvro
		org.apache.nifi:nifi-avro-nar:2.6.0 || ./work/nar/extensions/nifi-avro-nar-2.6.0.nar-unpacked
	org.apache.nifi.processors.airtable.QueryAirtableTable
		org.apache.nifi:nifi-airtable-nar:2.6.0 || ./work/nar/extensions/nifi-airtable-nar-2.6.0.nar-unpacked
	org.apache.nifi.processors.box.ListBoxFile
		org.apache.nifi:nifi-box-nar:2.6.0 || ./work/nar/extensions/nifi-box-nar-2.6.0.nar-unpacked
	org.apache.nifi.processors.jslt.JSLTTransformJSON
		org.apache.nifi:nifi-jslt-nar:2.6.0 || ./work/nar/extensions/nifi-jslt-nar-2.6.0.nar-unpacked
	org.apache.nifi.snmp.processors.SetSNMP
		org.apache.nifi:nifi-snmp-nar:2.6.0 || ./work/nar/extensions/nifi-snmp-nar-2.6.0.nar-unpacked
	org.apache.nifi.processors.standard.InvokeHTTP
		org.apache.nifi:nifi-standard-nar:2.6.0 || ./work/nar/extensions/nifi-standard-nar-2.6.0.nar-unpacked
	org.apache.nifi.processors.aws.s3.TagS3Object
		org.apache.nifi:nifi-aws-nar:2.6.0 || ./work/nar/extensions/nifi-aws-nar-2.6.0.nar-unpacked
	org.apache.nifi.processors.standard.TailFile
		org.apache.nifi:nifi-standard-nar:2.6.0 || ./work/nar/extensions/nifi-standard-nar-2.6.0.nar-unpacked
	org.apache.nifi.processors.gcp.bigquery.PutBigQuery
		org.apache.nifi:nifi-gcp-nar:2.6.0 || ./work/nar/extensions/nifi-gcp-nar-2.6.0.nar-unpacked
	org.apache.nifi.processors.standard.PutTCP
		org.apache.nifi:nifi-standard-nar:2.6.0 || ./work/nar/extensions/nifi-standard-nar-2.6.0.nar-unpacked
	org.apache.nifi.processors.standard.CalculateRecordStats
		org.apache.nifi:nifi-standard-nar:2.6.0 || ./work/nar/extensions/nifi-standard-nar-2.6.0.nar-unpacked
	org.apache.nifi.processors.dropbox.FetchDropbox
		org.apache.nifi:nifi-dropbox-processors-nar:2.6.0 || ./work/nar/extensions/nifi-dropbox-processors-nar-2.6.0.nar-unpacked
	org.apache.nifi.processors.standard.FetchSFTP
		org.apache.nifi:nifi-standard-nar:2.6.0 || ./work/nar/extensions/nifi-standard-nar-2.6.0.nar-unpacked
	org.apache.nifi.processors.standard.DeleteSFTP
		org.apache.nifi:nifi-standard-nar:2.6.0 || ./work/nar/extensions/nifi-standard-nar-2.6.0.nar-unpacked
	org.apache.nifi.processors.azure.storage.CopyAzureBlobStorage_v12
		org.apache.nifi:nifi-azure-nar:2.6.0 || ./work/nar/extensions/nifi-azure-nar-2.6.0.nar-unpacked
	org.apache.nifi.processors.slack.ConsumeSlack
		org.apache.nifi:nifi-slack-nar:2.6.0 || ./work/nar/extensions/nifi-slack-nar-2.6.0.nar-unpacked
	org.apache.nifi.processors.standard.ScanAttribute
		org.apache.nifi:nifi-standard-nar:2.6.0 || ./work/nar/extensions/nifi-standard-nar-2.6.0.nar-unpacked
	org.apache.nifi.processors.standard.HandleHttpRequest
		org.apache.nifi:nifi-standard-nar:2.6.0 || ./work/nar/extensions/nifi-standard-nar-2.6.0.nar-unpacked
	org.apache.nifi.processors.box.FetchBoxFileInfo
		org.apache.nifi:nifi-box-nar:2.6.0 || ./work/nar/extensions/nifi-box-nar-2.6.0.nar-unpacked
	org.apache.nifi.snmp.processors.GetSNMP
		org.apache.nifi:nifi-snmp-nar:2.6.0 || ./work/nar/extensions/nifi-snmp-nar-2.6.0.nar-unpacked
	org.apache.nifi.processors.standard.ExtractGrok
		org.apache.nifi:nifi-standard-nar:2.6.0 || ./work/nar/extensions/nifi-standard-nar-2.6.0.nar-unpacked
	org.apache.nifi.processors.standard.LookupRecord
		org.apache.nifi:nifi-standard-nar:2.6.0 || ./work/nar/extensions/nifi-standard-nar-2.6.0.nar-unpacked
	org.apache.nifi.processors.pgp.VerifyContentPGP
		org.apache.nifi:nifi-pgp-nar:2.6.0 || ./work/nar/extensions/nifi-pgp-nar-2.6.0.nar-unpacked
	org.apache.nifi.processors.aws.ml.translate.StartAwsTranslateJob
		org.apache.nifi:nifi-aws-nar:2.6.0 || ./work/nar/extensions/nifi-aws-nar-2.6.0.nar-unpacked
	org.apache.nifi.processors.azure.data.explorer.PutAzureDataExplorer
		org.apache.nifi:nifi-azure-nar:2.6.0 || ./work/nar/extensions/nifi-azure-nar-2.6.0.nar-unpacked
	org.apache.nifi.processors.aws.ml.transcribe.GetAwsTranscribeJobStatus
		org.apache.nifi:nifi-aws-nar:2.6.0 || ./work/nar/extensions/nifi-aws-nar-2.6.0.nar-unpacked
	org.apache.nifi.processors.mongodb.RunMongoAggregation
		org.apache.nifi:nifi-mongodb-nar:2.6.0 || ./work/nar/extensions/nifi-mongodb-nar-2.6.0.nar-unpacked
	org.apache.nifi.processors.shopify.GetShopify
		org.apache.nifi:nifi-shopify-nar:2.6.0 || ./work/nar/extensions/nifi-shopify-nar-2.6.0.nar-unpacked
	org.apache.nifi.processors.standard.ForkEnrichment
		org.apache.nifi:nifi-standard-nar:2.6.0 || ./work/nar/extensions/nifi-standard-nar-2.6.0.nar-unpacked
	org.apache.nifi.processors.aws.sqs.DeleteSQS
		org.apache.nifi:nifi-aws-nar:2.6.0 || ./work/nar/extensions/nifi-aws-nar-2.6.0.nar-unpacked
	org.apache.nifi.processors.standard.RetryFlowFile
		org.apache.nifi:nifi-standard-nar:2.6.0 || ./work/nar/extensions/nifi-standard-nar-2.6.0.nar-unpacked
	org.apache.nifi.processors.standard.SampleRecord
		org.apache.nifi:nifi-standard-nar:2.6.0 || ./work/nar/extensions/nifi-standard-nar-2.6.0.nar-unpacked
	org.apache.nifi.processors.standard.ValidateXml
		org.apache.nifi:nifi-standard-nar:2.6.0 || ./work/nar/extensions/nifi-standard-nar-2.6.0.nar-unpacked
	org.apache.nifi.processors.gcp.storage.FetchGCSObject
		org.apache.nifi:nifi-gcp-nar:2.6.0 || ./work/nar/extensions/nifi-gcp-nar-2.6.0.nar-unpacked
	org.apache.nifi.processors.standard.ListenUDP
		org.apache.nifi:nifi-standard-nar:2.6.0 || ./work/nar/extensions/nifi-standard-nar-2.6.0.nar-unpacked
	org.apache.nifi.processors.box.ExtractStructuredBoxFileMetadata
		org.apache.nifi:nifi-box-nar:2.6.0 || ./work/nar/extensions/nifi-box-nar-2.6.0.nar-unpacked
	org.apache.nifi.processors.mongodb.PutMongoBulkOperations
		org.apache.nifi:nifi-mongodb-nar:2.6.0 || ./work/nar/extensions/nifi-mongodb-nar-2.6.0.nar-unpacked
	org.apache.nifi.processors.websocket.PutWebSocket
		org.apache.nifi:nifi-websocket-processors-nar:2.6.0 || ./work/nar/extensions/nifi-websocket-processors-nar-2.6.0.nar-unpacked
	org.apache.nifi.processors.elasticsearch.SearchElasticsearch
		org.apache.nifi:nifi-elasticsearch-restapi-nar:2.6.0 || ./work/nar/extensions/nifi-elasticsearch-restapi-nar-2.6.0.nar-unpacked
	org.apache.nifi.processors.geohash.GeohashRecord
		org.apache.nifi:nifi-geohash-nar:2.6.0 || ./work/nar/extensions/nifi-geohash-nar-2.6.0.nar-unpacked
	org.apache.nifi.processors.standard.RenameRecordField
		org.apache.nifi:nifi-standard-nar:2.6.0 || ./work/nar/extensions/nifi-standard-nar-2.6.0.nar-unpacked
	org.apache.nifi.processors.standard.PutSQL
		org.apache.nifi:nifi-standard-nar:2.6.0 || ./work/nar/extensions/nifi-standard-nar-2.6.0.nar-unpacked
	org.apache.nifi.processors.standard.DeleteFile
		org.apache.nifi:nifi-standard-nar:2.6.0 || ./work/nar/extensions/nifi-standard-nar-2.6.0.nar-unpacked
	org.apache.nifi.processors.azure.storage.ListAzureBlobStorage_v12
		org.apache.nifi:nifi-azure-nar:2.6.0 || ./work/nar/extensions/nifi-azure-nar-2.6.0.nar-unpacked
	org.apache.nifi.processors.standard.ListenHTTP
		org.apache.nifi:nifi-standard-nar:2.6.0 || ./work/nar/extensions/nifi-standard-nar-2.6.0.nar-unpacked
	org.apache.nifi.processors.standard.GenerateFlowFile
		org.apache.nifi:nifi-standard-nar:2.6.0 || ./work/nar/extensions/nifi-standard-nar-2.6.0.nar-unpacked
	org.apache.nifi.processors.standard.EvaluateJsonPath
		org.apache.nifi:nifi-standard-nar:2.6.0 || ./work/nar/extensions/nifi-standard-nar-2.6.0.nar-unpacked
	org.apache.nifi.processors.standard.ExecuteSQL
		org.apache.nifi:nifi-standard-nar:2.6.0 || ./work/nar/extensions/nifi-standard-nar-2.6.0.nar-unpacked
	org.apache.nifi.processors.standard.ControlRate
		org.apache.nifi:nifi-standard-nar:2.6.0 || ./work/nar/extensions/nifi-standard-nar-2.6.0.nar-unpacked
	org.apache.nifi.processors.gcp.storage.DeleteGCSObject
		org.apache.nifi:nifi-gcp-nar:2.6.0 || ./work/nar/extensions/nifi-gcp-nar-2.6.0.nar-unpacked
	org.apache.nifi.processors.aws.s3.GetS3ObjectTags
		org.apache.nifi:nifi-aws-nar:2.6.0 || ./work/nar/extensions/nifi-aws-nar-2.6.0.nar-unpacked
	org.apache.nifi.processors.standard.PutFile
		org.apache.nifi:nifi-standard-nar:2.6.0 || ./work/nar/extensions/nifi-standard-nar-2.6.0.nar-unpacked
	org.apache.nifi.processors.standard.PutRecord
		org.apache.nifi:nifi-standard-nar:2.6.0 || ./work/nar/extensions/nifi-standard-nar-2.6.0.nar-unpacked
	org.apache.nifi.processors.standard.ConvertCharacterSet
		org.apache.nifi:nifi-standard-nar:2.6.0 || ./work/nar/extensions/nifi-standard-nar-2.6.0.nar-unpacked
	org.apache.nifi.processors.ISPEnrichIP
		org.apache.nifi:nifi-enrich-nar:2.6.0 || ./work/nar/extensions/nifi-enrich-nar-2.6.0.nar-unpacked
	org.apache.nifi.processors.standard.UnpackContent
		org.apache.nifi:nifi-standard-nar:2.6.0 || ./work/nar/extensions/nifi-standard-nar-2.6.0.nar-unpacked
	org.apache.nifi.processors.aws.sqs.GetSQS
		org.apache.nifi:nifi-aws-nar:2.6.0 || ./work/nar/extensions/nifi-aws-nar-2.6.0.nar-unpacked
	org.apache.nifi.processors.mongodb.GetMongo
		org.apache.nifi:nifi-mongodb-nar:2.6.0 || ./work/nar/extensions/nifi-mongodb-nar-2.6.0.nar-unpacked
	org.apache.nifi.processors.elasticsearch.PaginatedJsonQueryElasticsearch
		org.apache.nifi:nifi-elasticsearch-restapi-nar:2.6.0 || ./work/nar/extensions/nifi-elasticsearch-restapi-nar-2.6.0.nar-unpacked
	org.apache.nifi.processors.hl7.ExtractHL7Attributes
		org.apache.nifi:nifi-hl7-nar:2.6.0 || ./work/nar/extensions/nifi-hl7-nar-2.6.0.nar-unpacked
	org.apache.nifi.processors.evtx.ParseEvtx
		org.apache.nifi:nifi-evtx-nar:2.6.0 || ./work/nar/extensions/nifi-evtx-nar-2.6.0.nar-unpacked
	org.apache.nifi.processors.splunk.GetSplunk
		org.apache.nifi:nifi-splunk-nar:2.6.0 || ./work/nar/extensions/nifi-splunk-nar-2.6.0.nar-unpacked
	org.apache.nifi.redis.processor.PutRedisHashRecord
		org.apache.nifi:nifi-redis-nar:2.6.0 || ./work/nar/extensions/nifi-redis-nar-2.6.0.nar-unpacked
	org.apache.nifi.processors.azure.storage.DeleteAzureDataLakeStorage
		org.apache.nifi:nifi-azure-nar:2.6.0 || ./work/nar/extensions/nifi-azure-nar-2.6.0.nar-unpacked
	org.apache.nifi.processors.compress.ModifyCompression
		org.apache.nifi:nifi-compress-nar:2.6.0 || ./work/nar/extensions/nifi-compress-nar-2.6.0.nar-unpacked
	org.apache.nifi.processors.elasticsearch.UpdateByQueryElasticsearch
		org.apache.nifi:nifi-elasticsearch-restapi-nar:2.6.0 || ./work/nar/extensions/nifi-elasticsearch-restapi-nar-2.6.0.nar-unpacked
	org.apache.nifi.processors.standard.PackageFlowFile
		org.apache.nifi:nifi-standard-nar:2.6.0 || ./work/nar/extensions/nifi-standard-nar-2.6.0.nar-unpacked
	org.apache.nifi.processors.standard.Notify
		org.apache.nifi:nifi-standard-nar:2.6.0 || ./work/nar/extensions/nifi-standard-nar-2.6.0.nar-unpacked
	org.apache.nifi.processors.standard.ExecuteSQLRecord
		org.apache.nifi:nifi-standard-nar:2.6.0 || ./work/nar/extensions/nifi-standard-nar-2.6.0.nar-unpacked
	org.apache.nifi.processors.elasticsearch.ConsumeElasticsearch
		org.apache.nifi:nifi-elasticsearch-restapi-nar:2.6.0 || ./work/nar/extensions/nifi-elasticsearch-restapi-nar-2.6.0.nar-unpacked
	org.apache.nifi.processors.mongodb.gridfs.DeleteGridFS
		org.apache.nifi:nifi-mongodb-nar:2.6.0 || ./work/nar/extensions/nifi-mongodb-nar-2.6.0.nar-unpacked
	org.apache.nifi.processors.standard.ParseSyslog5424
		org.apache.nifi:nifi-standard-nar:2.6.0 || ./work/nar/extensions/nifi-standard-nar-2.6.0.nar-unpacked
	org.apache.nifi.processors.script.ScriptedFilterRecord
		org.apache.nifi:nifi-scripting-nar:2.6.0 || ./work/nar/extensions/nifi-scripting-nar-2.6.0.nar-unpacked
	org.apache.nifi.processors.standard.SegmentContent
		org.apache.nifi:nifi-standard-nar:2.6.0 || ./work/nar/extensions/nifi-standard-nar-2.6.0.nar-unpacked
	org.apache.nifi.processors.email.ExtractEmailAttachments
		org.apache.nifi:nifi-email-nar:2.6.0 || ./work/nar/extensions/nifi-email-nar-2.6.0.nar-unpacked
	org.apache.nifi.processors.standard.DistributeLoad
		org.apache.nifi:nifi-standard-nar:2.6.0 || ./work/nar/extensions/nifi-standard-nar-2.6.0.nar-unpacked
	org.apache.nifi.processors.box.ListBoxFileInfo
		org.apache.nifi:nifi-box-nar:2.6.0 || ./work/nar/extensions/nifi-box-nar-2.6.0.nar-unpacked
	org.apache.nifi.processors.aws.kinesis.stream.ConsumeKinesisStream
		org.apache.nifi:nifi-aws-nar:2.6.0 || ./work/nar/extensions/nifi-aws-nar-2.6.0.nar-unpacked
	org.apache.nifi.processors.aws.kinesis.stream.PutKinesisStream
		org.apache.nifi:nifi-aws-nar:2.6.0 || ./work/nar/extensions/nifi-aws-nar-2.6.0.nar-unpacked
	org.apache.nifi.processors.groovyx.ExecuteGroovyScript
		org.apache.nifi:nifi-groovyx-nar:2.6.0 || ./work/nar/extensions/nifi-groovyx-nar-2.6.0.nar-unpacked
	org.apache.nifi.processors.standard.RemoveRecordField
		org.apache.nifi:nifi-standard-nar:2.6.0 || ./work/nar/extensions/nifi-standard-nar-2.6.0.nar-unpacked
	org.apache.nifi.processors.aws.s3.FetchS3Object
		org.apache.nifi:nifi-aws-nar:2.6.0 || ./work/nar/extensions/nifi-aws-nar-2.6.0.nar-unpacked
	org.apache.nifi.processors.azure.storage.MoveAzureDataLakeStorage
		org.apache.nifi:nifi-azure-nar:2.6.0 || ./work/nar/extensions/nifi-azure-nar-2.6.0.nar-unpacked
	org.apache.nifi.processors.standard.FetchFile
		org.apache.nifi:nifi-standard-nar:2.6.0 || ./work/nar/extensions/nifi-standard-nar-2.6.0.nar-unpacked
	org.apache.nifi.processors.azure.data.explorer.QueryAzureDataExplorer
		org.apache.nifi:nifi-azure-nar:2.6.0 || ./work/nar/extensions/nifi-azure-nar-2.6.0.nar-unpacked
	org.apache.nifi.processors.jolt.JoltTransformRecord
		org.apache.nifi:nifi-jolt-nar:2.6.0 || ./work/nar/extensions/nifi-jolt-nar-2.6.0.nar-unpacked
	org.apache.nifi.processors.standard.PartitionRecord
		org.apache.nifi:nifi-standard-nar:2.6.0 || ./work/nar/extensions/nifi-standard-nar-2.6.0.nar-unpacked
	org.apache.nifi.processors.aws.ml.polly.GetAwsPollyJobStatus
		org.apache.nifi:nifi-aws-nar:2.6.0 || ./work/nar/extensions/nifi-aws-nar-2.6.0.nar-unpacked
	org.apache.nifi.processors.standard.PutSFTP
		org.apache.nifi:nifi-standard-nar:2.6.0 || ./work/nar/extensions/nifi-standard-nar-2.6.0.nar-unpacked
	org.apache.nifi.processors.script.ExecuteScript
		org.apache.nifi:nifi-scripting-nar:2.6.0 || ./work/nar/extensions/nifi-scripting-nar-2.6.0.nar-unpacked
	org.apache.nifi.processors.aws.ml.translate.GetAwsTranslateJobStatus
		org.apache.nifi:nifi-aws-nar:2.6.0 || ./work/nar/extensions/nifi-aws-nar-2.6.0.nar-unpacked
	org.apache.nifi.processors.standard.GetFTP
		org.apache.nifi:nifi-standard-nar:2.6.0 || ./work/nar/extensions/nifi-standard-nar-2.6.0.nar-unpacked
	org.apache.nifi.processors.mqtt.ConsumeMQTT
		org.apache.nifi:nifi-mqtt-nar:2.6.0 || ./work/nar/extensions/nifi-mqtt-nar-2.6.0.nar-unpacked
	org.apache.nifi.processors.standard.ListFTP
		org.apache.nifi:nifi-standard-nar:2.6.0 || ./work/nar/extensions/nifi-standard-nar-2.6.0.nar-unpacked
	org.apache.nifi.processors.box.GetBoxFileCollaborators
		org.apache.nifi:nifi-box-nar:2.6.0 || ./work/nar/extensions/nifi-box-nar-2.6.0.nar-unpacked
	org.apache.nifi.processors.aws.s3.CopyS3Object
		org.apache.nifi:nifi-aws-nar:2.6.0 || ./work/nar/extensions/nifi-aws-nar-2.6.0.nar-unpacked
	org.apache.nifi.processors.box.GetBoxGroupMembers
		org.apache.nifi:nifi-box-nar:2.6.0 || ./work/nar/extensions/nifi-box-nar-2.6.0.nar-unpacked
	org.apache.nifi.processors.standard.Wait
		org.apache.nifi:nifi-standard-nar:2.6.0 || ./work/nar/extensions/nifi-standard-nar-2.6.0.nar-unpacked
	org.apache.nifi.processors.standard.QueryDatabaseTable
		org.apache.nifi:nifi-standard-nar:2.6.0 || ./work/nar/extensions/nifi-standard-nar-2.6.0.nar-unpacked
	org.apache.nifi.processors.gcp.vision.StartGcpVisionAnnotateImagesOperation
		org.apache.nifi:nifi-gcp-nar:2.6.0 || ./work/nar/extensions/nifi-gcp-nar-2.6.0.nar-unpacked
	org.apache.nifi.processors.aws.dynamodb.PutDynamoDB
		org.apache.nifi:nifi-aws-nar:2.6.0 || ./work/nar/extensions/nifi-aws-nar-2.6.0.nar-unpacked
	org.apache.nifi.processors.box.ConsumeBoxEvents
		org.apache.nifi:nifi-box-nar:2.6.0 || ./work/nar/extensions/nifi-box-nar-2.6.0.nar-unpacked
	org.apache.nifi.processors.azure.eventhub.PutAzureEventHub
		org.apache.nifi:nifi-azure-nar:2.6.0 || ./work/nar/extensions/nifi-azure-nar-2.6.0.nar-unpacked
	org.apache.nifi.processors.standard.GenerateRecord
		org.apache.nifi:nifi-standard-nar:2.6.0 || ./work/nar/extensions/nifi-standard-nar-2.6.0.nar-unpacked
	org.apache.nifi.processors.pgp.DecryptContentPGP
		org.apache.nifi:nifi-pgp-nar:2.6.0 || ./work/nar/extensions/nifi-pgp-nar-2.6.0.nar-unpacked
	org.apache.nifi.snmp.processors.ListenTrapSNMP
		org.apache.nifi:nifi-snmp-nar:2.6.0 || ./work/nar/extensions/nifi-snmp-nar-2.6.0.nar-unpacked
	org.apache.nifi.processors.aws.s3.DeleteS3Object
		org.apache.nifi:nifi-aws-nar:2.6.0 || ./work/nar/extensions/nifi-aws-nar-2.6.0.nar-unpacked
	org.apache.nifi.processors.standard.PutEmail
		org.apache.nifi:nifi-standard-nar:2.6.0 || ./work/nar/extensions/nifi-standard-nar-2.6.0.nar-unpacked
	org.apache.nifi.processors.standard.MergeRecord
		org.apache.nifi:nifi-standard-nar:2.6.0 || ./work/nar/extensions/nifi-standard-nar-2.6.0.nar-unpacked
	org.apache.nifi.processors.box.ListBoxFileMetadataTemplates
		org.apache.nifi:nifi-box-nar:2.6.0 || ./work/nar/extensions/nifi-box-nar-2.6.0.nar-unpacked
	org.apache.nifi.processors.box.FetchBoxFileMetadataInstance
		org.apache.nifi:nifi-box-nar:2.6.0 || ./work/nar/extensions/nifi-box-nar-2.6.0.nar-unpacked
	org.apache.nifi.processors.email.ConsumePOP3
		org.apache.nifi:nifi-email-nar:2.6.0 || ./work/nar/extensions/nifi-email-nar-2.6.0.nar-unpacked
	org.apache.nifi.processors.avro.ExtractAvroMetadata
		org.apache.nifi:nifi-avro-nar:2.6.0 || ./work/nar/extensions/nifi-avro-nar-2.6.0.nar-unpacked
	org.apache.nifi.amqp.processors.ConsumeAMQP
		org.apache.nifi:nifi-amqp-nar:2.6.0 || ./work/nar/extensions/nifi-amqp-nar-2.6.0.nar-unpacked
	org.apache.nifi.processors.aws.s3.ListS3
		org.apache.nifi:nifi-aws-nar:2.6.0 || ./work/nar/extensions/nifi-aws-nar-2.6.0.nar-unpacked
	org.apache.nifi.processors.jolt.JoltTransformJSON
		org.apache.nifi:nifi-jolt-nar:2.6.0 || ./work/nar/extensions/nifi-jolt-nar-2.6.0.nar-unpacked
	org.apache.nifi.processors.gcp.storage.ListGCSBucket
		org.apache.nifi:nifi-gcp-nar:2.6.0 || ./work/nar/extensions/nifi-gcp-nar-2.6.0.nar-unpacked
	org.apache.nifi.processors.standard.PutUDP
		org.apache.nifi:nifi-standard-nar:2.6.0 || ./work/nar/extensions/nifi-standard-nar-2.6.0.nar-unpacked
	org.apache.nifi.processors.windows.event.log.ConsumeWindowsEventLog
		org.apache.nifi:nifi-windows-event-log-nar:2.6.0 || ./work/nar/extensions/nifi-windows-event-log-nar-2.6.0.nar-unpacked
	org.apache.nifi.processors.gcp.vision.GetGcpVisionAnnotateFilesOperationStatus
		org.apache.nifi:nifi-gcp-nar:2.6.0 || ./work/nar/extensions/nifi-gcp-nar-2.6.0.nar-unpacked
	org.apache.nifi.processors.aws.ml.textract.StartAwsTextractJob
		org.apache.nifi:nifi-aws-nar:2.6.0 || ./work/nar/extensions/nifi-aws-nar-2.6.0.nar-unpacked
	org.apache.nifi.processors.aws.ml.transcribe.StartAwsTranscribeJob
		org.apache.nifi:nifi-aws-nar:2.6.0 || ./work/nar/extensions/nifi-aws-nar-2.6.0.nar-unpacked
	org.apache.nifi.processors.standard.DebugFlow
		org.apache.nifi:nifi-standard-nar:2.6.0 || ./work/nar/extensions/nifi-standard-nar-2.6.0.nar-unpacked
	org.apache.nifi.processors.aws.dynamodb.DeleteDynamoDB
		org.apache.nifi:nifi-aws-nar:2.6.0 || ./work/nar/extensions/nifi-aws-nar-2.6.0.nar-unpacked
	org.apache.nifi.processors.standard.ExecuteStreamCommand
		org.apache.nifi:nifi-standard-nar:2.6.0 || ./work/nar/extensions/nifi-standard-nar-2.6.0.nar-unpacked
	org.apache.nifi.processors.aws.ml.polly.StartAwsPollyJob
		org.apache.nifi:nifi-aws-nar:2.6.0 || ./work/nar/extensions/nifi-aws-nar-2.6.0.nar-unpacked
	org.apache.nifi.processors.azure.storage.FetchAzureBlobStorage_v12
		org.apache.nifi:nifi-azure-nar:2.6.0 || ./work/nar/extensions/nifi-azure-nar-2.6.0.nar-unpacked
	org.apache.nifi.processors.box.DeleteBoxFileMetadataInstance
		org.apache.nifi:nifi-box-nar:2.6.0 || ./work/nar/extensions/nifi-box-nar-2.6.0.nar-unpacked
	org.apache.nifi.processors.gcp.drive.ListGoogleDrive
		org.apache.nifi:nifi-gcp-nar:2.6.0 || ./work/nar/extensions/nifi-gcp-nar-2.6.0.nar-unpacked
	org.apache.nifi.processors.script.InvokeScriptedProcessor
		org.apache.nifi:nifi-scripting-nar:2.6.0 || ./work/nar/extensions/nifi-scripting-nar-2.6.0.nar-unpacked
	org.apache.nifi.processors.azure.storage.ListAzureDataLakeStorage
		org.apache.nifi:nifi-azure-nar:2.6.0 || ./work/nar/extensions/nifi-azure-nar-2.6.0.nar-unpacked
	org.apache.nifi.processors.smb.ListSmb
		org.apache.nifi:nifi-smb-nar:2.6.0 || ./work/nar/extensions/nifi-smb-nar-2.6.0.nar-unpacked
	org.apache.nifi.processors.standard.FlattenJson
		org.apache.nifi:nifi-standard-nar:2.6.0 || ./work/nar/extensions/nifi-standard-nar-2.6.0.nar-unpacked
	org.apache.nifi.processors.mqtt.PublishMQTT
		org.apache.nifi:nifi-mqtt-nar:2.6.0 || ./work/nar/extensions/nifi-mqtt-nar-2.6.0.nar-unpacked
	org.apache.nifi.processors.standard.DeduplicateRecord
		org.apache.nifi:nifi-standard-nar:2.6.0 || ./work/nar/extensions/nifi-standard-nar-2.6.0.nar-unpacked
	org.apache.nifi.processors.gcp.pubsub.ConsumeGCPubSub
		org.apache.nifi:nifi-gcp-nar:2.6.0 || ./work/nar/extensions/nifi-gcp-nar-2.6.0.nar-unpacked
	org.apache.nifi.processors.standard.MergeContent
		org.apache.nifi:nifi-standard-nar:2.6.0 || ./work/nar/extensions/nifi-standard-nar-2.6.0.nar-unpacked
	org.apache.nifi.processors.mongodb.PutMongo
		org.apache.nifi:nifi-mongodb-nar:2.6.0 || ./work/nar/extensions/nifi-mongodb-nar-2.6.0.nar-unpacked
	org.apache.nifi.processors.standard.ForkRecord
		org.apache.nifi:nifi-standard-nar:2.6.0 || ./work/nar/extensions/nifi-standard-nar-2.6.0.nar-unpacked
	org.apache.nifi.processors.smb.FetchSmb
		org.apache.nifi:nifi-smb-nar:2.6.0 || ./work/nar/extensions/nifi-smb-nar-2.6.0.nar-unpacked
	org.apache.nifi.processors.standard.ListenTCP
		org.apache.nifi:nifi-standard-nar:2.6.0 || ./work/nar/extensions/nifi-standard-nar-2.6.0.nar-unpacked
	org.apache.nifi.processors.aws.sqs.PutSQS
		org.apache.nifi:nifi-aws-nar:2.6.0 || ./work/nar/extensions/nifi-aws-nar-2.6.0.nar-unpacked
	org.apache.nifi.processors.standard.ReplaceTextWithMapping
		org.apache.nifi:nifi-standard-nar:2.6.0 || ./work/nar/extensions/nifi-standard-nar-2.6.0.nar-unpacked
	org.apache.nifi.processors.splunk.PutSplunk
		org.apache.nifi:nifi-splunk-nar:2.6.0 || ./work/nar/extensions/nifi-splunk-nar-2.6.0.nar-unpacked
	org.apache.nifi.processors.splunk.PutSplunkHTTP
		org.apache.nifi:nifi-splunk-nar:2.6.0 || ./work/nar/extensions/nifi-splunk-nar-2.6.0.nar-unpacked
	org.apache.nifi.processors.gcp.vision.StartGcpVisionAnnotateFilesOperation
		org.apache.nifi:nifi-gcp-nar:2.6.0 || ./work/nar/extensions/nifi-gcp-nar-2.6.0.nar-unpacked
	org.apache.nifi.processors.slack.PublishSlack
		org.apache.nifi:nifi-slack-nar:2.6.0 || ./work/nar/extensions/nifi-slack-nar-2.6.0.nar-unpacked
	org.apache.nifi.processors.aws.dynamodb.PutDynamoDBRecord
		org.apache.nifi:nifi-aws-nar:2.6.0 || ./work/nar/extensions/nifi-aws-nar-2.6.0.nar-unpacked
	org.apache.nifi.processors.gcp.pubsub.PublishGCPubSub
		org.apache.nifi:nifi-gcp-nar:2.6.0 || ./work/nar/extensions/nifi-gcp-nar-2.6.0.nar-unpacked
	org.apache.nifi.processors.standard.DetectDuplicate
		org.apache.nifi:nifi-standard-nar:2.6.0 || ./work/nar/extensions/nifi-standard-nar-2.6.0.nar-unpacked
	org.apache.nifi.processors.box.FetchBoxFileRepresentation
		org.apache.nifi:nifi-box-nar:2.6.0 || ./work/nar/extensions/nifi-box-nar-2.6.0.nar-unpacked
	org.apache.nifi.processors.standard.CompressContent
		org.apache.nifi:nifi-standard-nar:2.6.0 || ./work/nar/extensions/nifi-standard-nar-2.6.0.nar-unpacked
	org.apache.nifi.processors.excel.SplitExcel
		org.apache.nifi:nifi-poi-nar:2.6.0 || ./work/nar/extensions/nifi-poi-nar-2.6.0.nar-unpacked
	org.apache.nifi.processors.standard.DuplicateFlowFile
		org.apache.nifi:nifi-standard-nar:2.6.0 || ./work/nar/extensions/nifi-standard-nar-2.6.0.nar-unpacked
	org.apache.nifi.processors.asana.GetAsanaObject
		org.apache.nifi:nifi-asana-processors-nar:2.6.0 || ./work/nar/extensions/nifi-asana-processors-nar-2.6.0.nar-unpacked
	org.apache.nifi.processors.standard.ValidateRecord
		org.apache.nifi:nifi-standard-nar:2.6.0 || ./work/nar/extensions/nifi-standard-nar-2.6.0.nar-unpacked
	org.apache.nifi.processors.standard.ValidateJson
		org.apache.nifi:nifi-standard-nar:2.6.0 || ./work/nar/extensions/nifi-standard-nar-2.6.0.nar-unpacked
	org.apache.nifi.processors.elasticsearch.JsonQueryElasticsearch
		org.apache.nifi:nifi-elasticsearch-restapi-nar:2.6.0 || ./work/nar/extensions/nifi-elasticsearch-restapi-nar-2.6.0.nar-unpacked
	org.apache.nifi.processors.azure.storage.PutAzureBlobStorage_v12
		org.apache.nifi:nifi-azure-nar:2.6.0 || ./work/nar/extensions/nifi-azure-nar-2.6.0.nar-unpacked
	org.apache.nifi.processors.azure.eventhub.ConsumeAzureEventHub
		org.apache.nifi:nifi-azure-nar:2.6.0 || ./work/nar/extensions/nifi-azure-nar-2.6.0.nar-unpacked
	org.apache.nifi.processors.standard.PutSyslog
		org.apache.nifi:nifi-standard-nar:2.6.0 || ./work/nar/extensions/nifi-standard-nar-2.6.0.nar-unpacked
	org.apache.nifi.processors.pgp.SignContentPGP
		org.apache.nifi:nifi-pgp-nar:2.6.0 || ./work/nar/extensions/nifi-pgp-nar-2.6.0.nar-unpacked
	org.apache.nifi.processors.script.ScriptedValidateRecord
		org.apache.nifi:nifi-scripting-nar:2.6.0 || ./work/nar/extensions/nifi-scripting-nar-2.6.0.nar-unpacked
	org.apache.nifi.processors.standard.ListenUDPRecord
		org.apache.nifi:nifi-standard-nar:2.6.0 || ./work/nar/extensions/nifi-standard-nar-2.6.0.nar-unpacked
	org.apache.nifi.processors.standard.SplitText
		org.apache.nifi:nifi-standard-nar:2.6.0 || ./work/nar/extensions/nifi-standard-nar-2.6.0.nar-unpacked
	org.apache.nifi.jms.processors.ConsumeJMS
		org.apache.nifi:nifi-jms-processors-nar:2.6.0 || ./work/nar/extensions/nifi-jms-processors-nar-2.6.0.nar-unpacked
	org.apache.nifi.processors.mongodb.gridfs.FetchGridFS
		org.apache.nifi:nifi-mongodb-nar:2.6.0 || ./work/nar/extensions/nifi-mongodb-nar-2.6.0.nar-unpacked
	org.apache.nifi.processors.standard.GetSFTP
		org.apache.nifi:nifi-standard-nar:2.6.0 || ./work/nar/extensions/nifi-standard-nar-2.6.0.nar-unpacked
	org.apache.nifi.processors.GeoEnrichIPRecord
		org.apache.nifi:nifi-enrich-nar:2.6.0 || ./work/nar/extensions/nifi-enrich-nar-2.6.0.nar-unpacked
	org.apache.nifi.processors.script.ScriptedPartitionRecord
		org.apache.nifi:nifi-scripting-nar:2.6.0 || ./work/nar/extensions/nifi-scripting-nar-2.6.0.nar-unpacked
	org.apache.nifi.kafka.processors.PublishKafka
		org.apache.nifi:nifi-kafka-nar:2.6.0 || ./work/nar/extensions/nifi-kafka-nar-2.6.0.nar-unpacked
	org.apache.nifi.jms.processors.PublishJMS
		org.apache.nifi:nifi-jms-processors-nar:2.6.0 || ./work/nar/extensions/nifi-jms-processors-nar-2.6.0.nar-unpacked
	org.apache.nifi.processors.slack.ListenSlack
		org.apache.nifi:nifi-slack-nar:2.6.0 || ./work/nar/extensions/nifi-slack-nar-2.6.0.nar-unpacked
	org.apache.nifi.processors.network.ParseNetflowv5
		org.apache.nifi:nifi-network-processors-nar:2.6.0 || ./work/nar/extensions/nifi-network-processors-nar-2.6.0.nar-unpacked
	org.apache.nifi.processors.standard.GetFileResource
		org.apache.nifi:nifi-standard-nar:2.6.0 || ./work/nar/extensions/nifi-standard-nar-2.6.0.nar-unpacked
	org.apache.nifi.processors.standard.IdentifyMimeType
		org.apache.nifi:nifi-standard-nar:2.6.0 || ./work/nar/extensions/nifi-standard-nar-2.6.0.nar-unpacked
	org.apache.nifi.cdc.mysql.processors.CaptureChangeMySQL
		org.apache.nifi:nifi-cdc-mysql-nar:2.6.0 || ./work/nar/extensions/nifi-cdc-mysql-nar-2.6.0.nar-unpacked
	org.apache.nifi.processors.elasticsearch.DeleteByQueryElasticsearch
		org.apache.nifi:nifi-elasticsearch-restapi-nar:2.6.0 || ./work/nar/extensions/nifi-elasticsearch-restapi-nar-2.6.0.nar-unpacked
	org.apache.nifi.processors.standard.QueryRecord
		org.apache.nifi:nifi-standard-nar:2.6.0 || ./work/nar/extensions/nifi-standard-nar-2.6.0.nar-unpacked
	org.apache.nifi.processors.standard.LookupAttribute
		org.apache.nifi:nifi-standard-nar:2.6.0 || ./work/nar/extensions/nifi-standard-nar-2.6.0.nar-unpacked
	org.apache.nifi.processors.standard.FilterAttribute
		org.apache.nifi:nifi-standard-nar:2.6.0 || ./work/nar/extensions/nifi-standard-nar-2.6.0.nar-unpacked
	org.apache.nifi.processors.standard.EnforceOrder
		org.apache.nifi:nifi-standard-nar:2.6.0 || ./work/nar/extensions/nifi-standard-nar-2.6.0.nar-unpacked
	org.apache.nifi.processors.smb.PutSmbFile
		org.apache.nifi:nifi-smb-nar:2.6.0 || ./work/nar/extensions/nifi-smb-nar-2.6.0.nar-unpacked
	org.apache.nifi.processors.gcp.drive.FetchGoogleDrive
		org.apache.nifi:nifi-gcp-nar:2.6.0 || ./work/nar/extensions/nifi-gcp-nar-2.6.0.nar-unpacked
	org.apache.nifi.processors.standard.LogMessage
		org.apache.nifi:nifi-standard-nar:2.6.0 || ./work/nar/extensions/nifi-standard-nar-2.6.0.nar-unpacked
	org.apache.nifi.processors.standard.JoinEnrichment
		org.apache.nifi:nifi-standard-nar:2.6.0 || ./work/nar/extensions/nifi-standard-nar-2.6.0.nar-unpacked
	org.apache.nifi.processors.workday.GetWorkdayReport
		org.apache.nifi:nifi-workday-processors-nar:2.6.0 || ./work/nar/extensions/nifi-workday-processors-nar-2.6.0.nar-unpacked
	org.apache.nifi.processors.standard.SplitXml
		org.apache.nifi:nifi-standard-nar:2.6.0 || ./work/nar/extensions/nifi-standard-nar-2.6.0.nar-unpacked
	org.apache.nifi.processors.standard.EvaluateXPath
		org.apache.nifi:nifi-standard-nar:2.6.0 || ./work/nar/extensions/nifi-standard-nar-2.6.0.nar-unpacked
	org.apache.nifi.processors.cipher.VerifyContentMAC
		org.apache.nifi:nifi-cipher-nar:2.6.0 || ./work/nar/extensions/nifi-cipher-nar-2.6.0.nar-unpacked
	org.apache.nifi.processors.mongodb.gridfs.PutGridFS
		org.apache.nifi:nifi-mongodb-nar:2.6.0 || ./work/nar/extensions/nifi-mongodb-nar-2.6.0.nar-unpacked
	org.apache.nifi.processors.standard.FetchFTP
		org.apache.nifi:nifi-standard-nar:2.6.0 || ./work/nar/extensions/nifi-standard-nar-2.6.0.nar-unpacked
	org.apache.nifi.processors.standard.UpdateCounter
		org.apache.nifi:nifi-standard-nar:2.6.0 || ./work/nar/extensions/nifi-standard-nar-2.6.0.nar-unpacked
	org.apache.nifi.processors.splunk.QuerySplunkIndexingStatus
		org.apache.nifi:nifi-splunk-nar:2.6.0 || ./work/nar/extensions/nifi-splunk-nar-2.6.0.nar-unpacked
	org.apache.nifi.processors.elasticsearch.PutElasticsearchJson
		org.apache.nifi:nifi-elasticsearch-restapi-nar:2.6.0 || ./work/nar/extensions/nifi-elasticsearch-restapi-nar-2.6.0.nar-unpacked
	org.apache.nifi.processors.box.ListBoxFileMetadataInstances
		org.apache.nifi:nifi-box-nar:2.6.0 || ./work/nar/extensions/nifi-box-nar-2.6.0.nar-unpacked
	org.apache.nifi.processors.box.CreateBoxMetadataTemplate
		org.apache.nifi:nifi-box-nar:2.6.0 || ./work/nar/extensions/nifi-box-nar-2.6.0.nar-unpacked
	org.apache.nifi.processors.azure.storage.FetchAzureDataLakeStorage
		org.apache.nifi:nifi-azure-nar:2.6.0 || ./work/nar/extensions/nifi-azure-nar-2.6.0.nar-unpacked
	org.apache.nifi.processors.standard.ExtractText
		org.apache.nifi:nifi-standard-nar:2.6.0 || ./work/nar/extensions/nifi-standard-nar-2.6.0.nar-unpacked
	org.apache.nifi.processors.email.ConsumeIMAP
		org.apache.nifi:nifi-email-nar:2.6.0 || ./work/nar/extensions/nifi-email-nar-2.6.0.nar-unpacked
	org.apache.nifi.processors.standard.GetFile
		org.apache.nifi:nifi-standard-nar:2.6.0 || ./work/nar/extensions/nifi-standard-nar-2.6.0.nar-unpacked
	org.apache.nifi.processors.attributes.UpdateAttribute
		org.apache.nifi:nifi-update-attribute-nar:2.6.0 || ./work/nar/extensions/nifi-update-attribute-nar-2.6.0.nar-unpacked
	org.apache.nifi.processors.standard.AttributesToJSON
		org.apache.nifi:nifi-standard-nar:2.6.0 || ./work/nar/extensions/nifi-standard-nar-2.6.0.nar-unpacked
	org.apache.nifi.processors.standard.SplitContent
		org.apache.nifi:nifi-standard-nar:2.6.0 || ./work/nar/extensions/nifi-standard-nar-2.6.0.nar-unpacked
	org.apache.nifi.processors.box.FetchBoxFile
		org.apache.nifi:nifi-box-nar:2.6.0 || ./work/nar/extensions/nifi-box-nar-2.6.0.nar-unpacked
	org.apache.nifi.processors.box.CreateBoxFileMetadataInstance
		org.apache.nifi:nifi-box-nar:2.6.0 || ./work/nar/extensions/nifi-box-nar-2.6.0.nar-unpacked
	org.apache.nifi.processors.mongodb.DeleteMongo
		org.apache.nifi:nifi-mongodb-nar:2.6.0 || ./work/nar/extensions/nifi-mongodb-nar-2.6.0.nar-unpacked
	org.apache.nifi.processors.standard.TransformXml
		org.apache.nifi:nifi-standard-nar:2.6.0 || ./work/nar/extensions/nifi-standard-nar-2.6.0.nar-unpacked
	org.apache.nifi.processors.standard.QueryDatabaseTableRecord
		org.apache.nifi:nifi-standard-nar:2.6.0 || ./work/nar/extensions/nifi-standard-nar-2.6.0.nar-unpacked
	org.apache.nifi.processors.azure.eventhub.GetAzureEventHub
		org.apache.nifi:nifi-azure-nar:2.6.0 || ./work/nar/extensions/nifi-azure-nar-2.6.0.nar-unpacked
	org.apache.nifi.processors.mongodb.PutMongoRecord
		org.apache.nifi:nifi-mongodb-nar:2.6.0 || ./work/nar/extensions/nifi-mongodb-nar-2.6.0.nar-unpacked
	org.apache.nifi.processors.standard.FetchDistributedMapCache
		org.apache.nifi:nifi-standard-nar:2.6.0 || ./work/nar/extensions/nifi-standard-nar-2.6.0.nar-unpacked
	org.apache.nifi.processors.aws.dynamodb.GetDynamoDB
		org.apache.nifi:nifi-aws-nar:2.6.0 || ./work/nar/extensions/nifi-aws-nar-2.6.0.nar-unpacked
	org.apache.nifi.processors.twitter.ConsumeTwitter
		org.apache.nifi:nifi-social-media-nar:2.6.0 || ./work/nar/extensions/nifi-social-media-nar-2.6.0.nar-unpacked
	org.apache.nifi.processors.smb.GetSmbFile
		org.apache.nifi:nifi-smb-nar:2.6.0 || ./work/nar/extensions/nifi-smb-nar-2.6.0.nar-unpacked
	org.apache.nifi.processors.box.UpdateBoxFileMetadataInstance
		org.apache.nifi:nifi-box-nar:2.6.0 || ./work/nar/extensions/nifi-box-nar-2.6.0.nar-unpacked
	org.apache.nifi.processors.zendesk.PutZendeskTicket
		org.apache.nifi:nifi-zendesk-nar:2.6.0 || ./work/nar/extensions/nifi-zendesk-nar-2.6.0.nar-unpacked
	org.apache.nifi.processors.standard.EncodeContent
		org.apache.nifi:nifi-standard-nar:2.6.0 || ./work/nar/extensions/nifi-standard-nar-2.6.0.nar-unpacked
	org.apache.nifi.processors.standard.ParseSyslog
		org.apache.nifi:nifi-standard-nar:2.6.0 || ./work/nar/extensions/nifi-standard-nar-2.6.0.nar-unpacked
	org.apache.nifi.processors.gcp.vision.GetGcpVisionAnnotateImagesOperationStatus
		org.apache.nifi:nifi-gcp-nar:2.6.0 || ./work/nar/extensions/nifi-gcp-nar-2.6.0.nar-unpacked
	org.apache.nifi.processors.aws.cloudwatch.PutCloudWatchMetric
		org.apache.nifi:nifi-aws-nar:2.6.0 || ./work/nar/extensions/nifi-aws-nar-2.6.0.nar-unpacked
	org.apache.nifi.processors.aws.kinesis.firehose.PutKinesisFirehose
		org.apache.nifi:nifi-aws-nar:2.6.0 || ./work/nar/extensions/nifi-aws-nar-2.6.0.nar-unpacked
	org.apache.nifi.processors.aws.ml.textract.GetAwsTextractJobStatus
		org.apache.nifi:nifi-aws-nar:2.6.0 || ./work/nar/extensions/nifi-aws-nar-2.6.0.nar-unpacked
	org.apache.nifi.processors.cipher.DecryptContentAge
		org.apache.nifi:nifi-cipher-nar:2.6.0 || ./work/nar/extensions/nifi-cipher-nar-2.6.0.nar-unpacked
	org.apache.nifi.processors.standard.SplitJson
		org.apache.nifi:nifi-standard-nar:2.6.0 || ./work/nar/extensions/nifi-standard-nar-2.6.0.nar-unpacked
	org.apache.nifi.kafka.processors.ConsumeKafka
		org.apache.nifi:nifi-kafka-nar:2.6.0 || ./work/nar/extensions/nifi-kafka-nar-2.6.0.nar-unpacked
	org.apache.nifi.processors.script.ScriptedTransformRecord
		org.apache.nifi:nifi-scripting-nar:2.6.0 || ./work/nar/extensions/nifi-scripting-nar-2.6.0.nar-unpacked
	org.apache.nifi.processors.cipher.EncryptContentAge
		org.apache.nifi:nifi-cipher-nar:2.6.0 || ./work/nar/extensions/nifi-cipher-nar-2.6.0.nar-unpacked
	org.apache.nifi.processors.aws.lambda.PutLambda
		org.apache.nifi:nifi-aws-nar:2.6.0 || ./work/nar/extensions/nifi-aws-nar-2.6.0.nar-unpacked
	org.apache.nifi.processors.standard.RouteOnContent
		org.apache.nifi:nifi-standard-nar:2.6.0 || ./work/nar/extensions/nifi-standard-nar-2.6.0.nar-unpacked
	org.apache.nifi.processors.websocket.ConnectWebSocket
		org.apache.nifi:nifi-websocket-processors-nar:2.6.0 || ./work/nar/extensions/nifi-websocket-processors-nar-2.6.0.nar-unpacked
	org.apache.nifi.processors.standard.UpdateDatabaseTable
		org.apache.nifi:nifi-standard-nar:2.6.0 || ./work/nar/extensions/nifi-standard-nar-2.6.0.nar-unpacked
	org.apache.nifi.processors.box.PutBoxFile
		org.apache.nifi:nifi-box-nar:2.6.0 || ./work/nar/extensions/nifi-box-nar-2.6.0.nar-unpacked
	org.apache.nifi.processors.azure.cosmos.document.PutAzureCosmosDBRecord
		org.apache.nifi:nifi-azure-nar:2.6.0 || ./work/nar/extensions/nifi-azure-nar-2.6.0.nar-unpacked
	org.apache.nifi.processors.standard.PutDatabaseRecord
		org.apache.nifi:nifi-standard-nar:2.6.0 || ./work/nar/extensions/nifi-standard-nar-2.6.0.nar-unpacked
	org.apache.nifi.processors.standard.ReplaceText
		org.apache.nifi:nifi-standard-nar:2.6.0 || ./work/nar/extensions/nifi-standard-nar-2.6.0.nar-unpacked
	org.apache.nifi.processors.aws.s3.PutS3Object
		org.apache.nifi:nifi-aws-nar:2.6.0 || ./work/nar/extensions/nifi-aws-nar-2.6.0.nar-unpacked
	org.apache.nifi.processors.zendesk.GetZendesk
		org.apache.nifi:nifi-zendesk-nar:2.6.0 || ./work/nar/extensions/nifi-zendesk-nar-2.6.0.nar-unpacked
	org.apache.nifi.processors.stateful.analysis.AttributeRollingWindow
		org.apache.nifi:nifi-stateful-analysis-nar:2.6.0 || ./work/nar/extensions/nifi-stateful-analysis-nar-2.6.0.nar-unpacked
	org.apache.nifi.processors.standard.PutFTP
		org.apache.nifi:nifi-standard-nar:2.6.0 || ./work/nar/extensions/nifi-standard-nar-2.6.0.nar-unpacked
	org.apache.nifi.processors.hubspot.GetHubSpot
		org.apache.nifi:nifi-hubspot-nar:2.6.0 || ./work/nar/extensions/nifi-hubspot-nar-2.6.0.nar-unpacked
	org.apache.nifi.processors.standard.PutDistributedMapCache
		org.apache.nifi:nifi-standard-nar:2.6.0 || ./work/nar/extensions/nifi-standard-nar-2.6.0.nar-unpacked
	org.apache.nifi.processors.dropbox.ListDropbox
		org.apache.nifi:nifi-dropbox-processors-nar:2.6.0 || ./work/nar/extensions/nifi-dropbox-processors-nar-2.6.0.nar-unpacked
	org.apache.nifi.processors.standard.UpdateRecord
		org.apache.nifi:nifi-standard-nar:2.6.0 || ./work/nar/extensions/nifi-standard-nar-2.6.0.nar-unpacked
	org.apache.nifi.processors.standard.LogAttribute
		org.apache.nifi:nifi-standard-nar:2.6.0 || ./work/nar/extensions/nifi-standard-nar-2.6.0.nar-unpacked
	org.apache.nifi.processors.standard.RouteOnAttribute
		org.apache.nifi:nifi-standard-nar:2.6.0 || ./work/nar/extensions/nifi-standard-nar-2.6.0.nar-unpacked
	org.apache.nifi.processors.standard.ListDatabaseTables
		org.apache.nifi:nifi-standard-nar:2.6.0 || ./work/nar/extensions/nifi-standard-nar-2.6.0.nar-unpacked
	org.apache.nifi.processors.elasticsearch.GetElasticsearch
		org.apache.nifi:nifi-elasticsearch-restapi-nar:2.6.0 || ./work/nar/extensions/nifi-elasticsearch-restapi-nar-2.6.0.nar-unpacked
	org.apache.nifi.processors.network.pcap.SplitPCAP
		org.apache.nifi:nifi-network-processors-nar:2.6.0 || ./work/nar/extensions/nifi-network-processors-nar-2.6.0.nar-unpacked
	=== End Processor types ===
	=== Authorizer Type ===
	org.apache.nifi.authorization.StandardManagedAuthorizer
		org.apache.nifi:nifi-framework-nar:2.6.0 || ./work/nar/framework/nifi-framework-nar-2.6.0.nar-unpacked
	org.apache.nifi.authorization.single.user.SingleUserAuthorizer
		org.apache.nifi:nifi-single-user-iaa-providers-nar:2.6.0 || ./work/nar/extensions/nifi-single-user-iaa-providers-nar-2.6.0.nar-unpacked
	=== End Authorizer types ===
	=== FlowRegistryClient Type ===
	org.apache.nifi.registry.flow.NifiRegistryFlowRegistryClient
		org.apache.nifi:nifi-flow-registry-client-nar:2.6.0 || ./work/nar/extensions/nifi-flow-registry-client-nar-2.6.0.nar-unpacked
	org.apache.nifi.gitlab.GitLabFlowRegistryClient
		org.apache.nifi:nifi-gitlab-nar:2.6.0 || ./work/nar/extensions/nifi-gitlab-nar-2.6.0.nar-unpacked
	org.apache.nifi.azure.devops.AzureDevOpsFlowRegistryClient
		org.apache.nifi:nifi-azure-nar:2.6.0 || ./work/nar/extensions/nifi-azure-nar-2.6.0.nar-unpacked
	org.apache.nifi.atlassian.bitbucket.BitbucketFlowRegistryClient
		org.apache.nifi:nifi-atlassian-nar:2.6.0 || ./work/nar/extensions/nifi-atlassian-nar-2.6.0.nar-unpacked
	org.apache.nifi.github.GitHubFlowRegistryClient
		org.apache.nifi:nifi-github-nar:2.6.0 || ./work/nar/extensions/nifi-github-nar-2.6.0.nar-unpacked
	=== End FlowRegistryClient types ===
	=== PythonBridge Type ===
	org.apache.nifi.py4j.StandardPythonBridge
		org.apache.nifi:nifi-py4j-nar:2.6.0 || ./work/nar/extensions/nifi-py4j-nar-2.6.0.nar-unpacked
	=== End PythonBridge types ===
	=== LeaderElectionManager Type ===
	org.apache.nifi.kubernetes.leader.election.KubernetesLeaderElectionManager
		org.apache.nifi:nifi-framework-kubernetes-nar:2.6.0 || ./work/nar/extensions/nifi-framework-kubernetes-nar-2.6.0.nar-unpacked
	org.apache.nifi.framework.cluster.leader.zookeeper.CuratorLeaderElectionManager
		org.apache.nifi:nifi-framework-zookeeper-nar:2.6.0 || ./work/nar/extensions/nifi-framework-zookeeper-nar-2.6.0.nar-unpacked
	=== End LeaderElectionManager types ===
	=== FlowAnalysisRule Type ===
	org.apache.nifi.flowanalysis.rules.RestrictFlowFileExpiration
		org.apache.nifi:nifi-standard-nar:2.6.0 || ./work/nar/extensions/nifi-standard-nar-2.6.0.nar-unpacked
	org.apache.nifi.flowanalysis.rules.RestrictBackpressureSettings
		org.apache.nifi:nifi-standard-nar:2.6.0 || ./work/nar/extensions/nifi-standard-nar-2.6.0.nar-unpacked
	org.apache.nifi.flowanalysis.rules.DisallowComponentType
		org.apache.nifi:nifi-standard-nar:2.6.0 || ./work/nar/extensions/nifi-standard-nar-2.6.0.nar-unpacked
	org.apache.nifi.flowanalysis.rules.RequireServerSSLContextService
		org.apache.nifi:nifi-standard-nar:2.6.0 || ./work/nar/extensions/nifi-standard-nar-2.6.0.nar-unpacked
	=== End FlowAnalysisRule types ===
	=== ContentRepository Type ===
	org.apache.nifi.controller.repository.FileSystemRepository
		org.apache.nifi:nifi-framework-nar:2.6.0 || ./work/nar/framework/nifi-framework-nar-2.6.0.nar-unpacked
	=== End ContentRepository types ===
	=== AccessPolicyProvider Type ===
	org.apache.nifi.authorization.FileAccessPolicyProvider
		org.apache.nifi:nifi-framework-nar:2.6.0 || ./work/nar/framework/nifi-framework-nar-2.6.0.nar-unpacked
	=== End AccessPolicyProvider types ===
	=== AssetManager Type ===
	org.apache.nifi.asset.StandardAssetManager
		org.apache.nifi:nifi-framework-nar:2.6.0 || ./work/nar/framework/nifi-framework-nar-2.6.0.nar-unpacked
	=== End AssetManager types ===
	=== FlowFileRepository Type ===
	org.apache.nifi.controller.repository.WriteAheadFlowFileRepository
		org.apache.nifi:nifi-framework-nar:2.6.0 || ./work/nar/framework/nifi-framework-nar-2.6.0.nar-unpacked
	org.apache.nifi.controller.repository.VolatileFlowFileRepository
		org.apache.nifi:nifi-framework-nar:2.6.0 || ./work/nar/framework/nifi-framework-nar-2.6.0.nar-unpacked
	=== End FlowFileRepository types ===
	=== ReportingTask Type ===
	org.apache.nifi.reporting.SiteToSiteProvenanceReportingTask
		org.apache.nifi:nifi-site-to-site-reporting-nar:2.6.0 || ./work/nar/extensions/nifi-site-to-site-reporting-nar-2.6.0.nar-unpacked
	org.apache.nifi.reporting.SiteToSiteStatusReportingTask
		org.apache.nifi:nifi-site-to-site-reporting-nar:2.6.0 || ./work/nar/extensions/nifi-site-to-site-reporting-nar-2.6.0.nar-unpacked
	org.apache.nifi.reporting.script.ScriptedReportingTask
		org.apache.nifi:nifi-scripting-nar:2.6.0 || ./work/nar/extensions/nifi-scripting-nar-2.6.0.nar-unpacked
	org.apache.nifi.reporting.SiteToSiteBulletinReportingTask
		org.apache.nifi:nifi-site-to-site-reporting-nar:2.6.0 || ./work/nar/extensions/nifi-site-to-site-reporting-nar-2.6.0.nar-unpacked
	org.apache.nifi.controller.MonitorDiskUsage
		org.apache.nifi:nifi-standard-nar:2.6.0 || ./work/nar/extensions/nifi-standard-nar-2.6.0.nar-unpacked
	org.apache.nifi.controller.MonitorMemory
		org.apache.nifi:nifi-standard-nar:2.6.0 || ./work/nar/extensions/nifi-standard-nar-2.6.0.nar-unpacked
	org.apache.nifi.reporting.azure.loganalytics.AzureLogAnalyticsProvenanceReportingTask
		org.apache.nifi:nifi-azure-nar:2.6.0 || ./work/nar/extensions/nifi-azure-nar-2.6.0.nar-unpacked
	org.apache.nifi.reporting.azure.loganalytics.AzureLogAnalyticsReportingTask
		org.apache.nifi:nifi-azure-nar:2.6.0 || ./work/nar/extensions/nifi-azure-nar-2.6.0.nar-unpacked
	org.apache.nifi.controller.ControllerStatusReportingTask
		org.apache.nifi:nifi-standard-nar:2.6.0 || ./work/nar/extensions/nifi-standard-nar-2.6.0.nar-unpacked
	org.apache.nifi.reporting.SiteToSiteMetricsReportingTask
		org.apache.nifi:nifi-site-to-site-reporting-nar:2.6.0 || ./work/nar/extensions/nifi-site-to-site-reporting-nar-2.6.0.nar-unpacked
	=== End ReportingTask types ===
	=== ParameterProvider Type ===
	org.apache.nifi.vault.hashicorp.HashiCorpVaultParameterProvider
		org.apache.nifi:nifi-hashicorp-vault-nar:2.6.0 || ./work/nar/extensions/nifi-hashicorp-vault-nar-2.6.0.nar-unpacked
	org.apache.nifi.parameter.azure.AzureKeyVaultSecretsParameterProvider
		org.apache.nifi:nifi-azure-nar:2.6.0 || ./work/nar/extensions/nifi-azure-nar-2.6.0.nar-unpacked
	org.apache.nifi.parameter.aws.AwsSecretsManagerParameterProvider
		org.apache.nifi:nifi-aws-nar:2.6.0 || ./work/nar/extensions/nifi-aws-nar-2.6.0.nar-unpacked
	org.apache.nifi.parameter.KubernetesSecretParameterProvider
		org.apache.nifi:nifi-standard-nar:2.6.0 || ./work/nar/extensions/nifi-standard-nar-2.6.0.nar-unpacked
	org.apache.nifi.parameter.OnePasswordParameterProvider
		org.apache.nifi:nifi-standard-nar:2.6.0 || ./work/nar/extensions/nifi-standard-nar-2.6.0.nar-unpacked
	org.apache.nifi.parameter.gcp.GcpSecretManagerParameterProvider
		org.apache.nifi:nifi-gcp-nar:2.6.0 || ./work/nar/extensions/nifi-gcp-nar-2.6.0.nar-unpacked
	org.apache.nifi.parameter.DatabaseParameterProvider
		org.apache.nifi:nifi-standard-nar:2.6.0 || ./work/nar/extensions/nifi-standard-nar-2.6.0.nar-unpacked
	org.apache.nifi.parameter.EnvironmentVariableParameterProvider
		org.apache.nifi:nifi-standard-nar:2.6.0 || ./work/nar/extensions/nifi-standard-nar-2.6.0.nar-unpacked
	=== End ParameterProvider types ===
	=== ControllerService Type ===
	org.apache.nifi.json.JsonRecordSetWriter
		org.apache.nifi:nifi-record-serialization-services-nar:2.6.0 || ./work/nar/extensions/nifi-record-serialization-services-nar-2.6.0.nar-unpacked
	org.apache.nifi.processors.aws.s3.encryption.StandardS3EncryptionService
		org.apache.nifi:nifi-aws-nar:2.6.0 || ./work/nar/extensions/nifi-aws-nar-2.6.0.nar-unpacked
	org.apache.nifi.dbcp.DBCPConnectionPoolLookup
		org.apache.nifi:nifi-dbcp-service-nar:2.6.0 || ./work/nar/extensions/nifi-dbcp-service-nar-2.6.0.nar-unpacked
	org.apache.nifi.services.azure.data.explorer.StandardKustoIngestService
		org.apache.nifi:nifi-azure-nar:2.6.0 || ./work/nar/extensions/nifi-azure-nar-2.6.0.nar-unpacked
	org.apache.nifi.services.azure.storage.AzureBlobStorageFileResourceService
		org.apache.nifi:nifi-azure-nar:2.6.0 || ./work/nar/extensions/nifi-azure-nar-2.6.0.nar-unpacked
	org.apache.nifi.box.controllerservices.DeveloperBoxClientService
		org.apache.nifi:nifi-box-services-nar:2.6.0 || ./work/nar/extensions/nifi-box-services-nar-2.6.0.nar-unpacked
	org.apache.nifi.mongodb.MongoDBLookupService
		org.apache.nifi:nifi-mongodb-services-nar:2.6.0 || ./work/nar/extensions/nifi-mongodb-services-nar-2.6.0.nar-unpacked
	org.apache.nifi.confluent.schemaregistry.ConfluentEncodedSchemaReferenceWriter
		org.apache.nifi:nifi-confluent-platform-nar:2.6.0 || ./work/nar/extensions/nifi-confluent-platform-nar-2.6.0.nar-unpacked
	org.apache.nifi.vault.hashicorp.StandardHashiCorpVaultClientService
		org.apache.nifi:nifi-hashicorp-vault-nar:2.6.0 || ./work/nar/extensions/nifi-hashicorp-vault-nar-2.6.0.nar-unpacked
	org.apache.nifi.services.azure.storage.AzureStorageCredentialsControllerService_v12
		org.apache.nifi:nifi-azure-nar:2.6.0 || ./work/nar/extensions/nifi-azure-nar-2.6.0.nar-unpacked
	org.apache.nifi.syslog.SyslogReader
		org.apache.nifi:nifi-record-serialization-services-nar:2.6.0 || ./work/nar/extensions/nifi-record-serialization-services-nar-2.6.0.nar-unpacked
	org.apache.nifi.lookup.db.SimpleDatabaseLookupService
		org.apache.nifi:nifi-lookup-services-nar:2.6.0 || ./work/nar/extensions/nifi-lookup-services-nar-2.6.0.nar-unpacked
	org.apache.nifi.redis.service.RedisDistributedMapCacheClientService
		org.apache.nifi:nifi-redis-nar:2.6.0 || ./work/nar/extensions/nifi-redis-nar-2.6.0.nar-unpacked
	org.apache.nifi.record.sink.db.DatabaseRecordSink
		org.apache.nifi:nifi-dbcp-service-nar:2.6.0 || ./work/nar/extensions/nifi-dbcp-service-nar-2.6.0.nar-unpacked
	org.apache.nifi.kafka.service.Kafka3ConnectionService
		org.apache.nifi:nifi-kafka-3-service-nar:2.6.0 || ./work/nar/extensions/nifi-kafka-3-service-nar-2.6.0.nar-unpacked
	org.apache.nifi.yaml.YamlTreeReader
		org.apache.nifi:nifi-record-serialization-services-nar:2.6.0 || ./work/nar/extensions/nifi-record-serialization-services-nar-2.6.0.nar-unpacked
	org.apache.nifi.lookup.script.SimpleScriptedLookupService
		org.apache.nifi:nifi-scripting-nar:2.6.0 || ./work/nar/extensions/nifi-scripting-nar-2.6.0.nar-unpacked
	org.apache.nifi.jms.cf.JndiJmsConnectionFactoryProvider
		org.apache.nifi:nifi-jms-processors-nar:2.6.0 || ./work/nar/extensions/nifi-jms-processors-nar-2.6.0.nar-unpacked
	org.apache.nifi.proxy.StandardProxyConfigurationService
		org.apache.nifi:nifi-proxy-configuration-nar:2.6.0 || ./work/nar/extensions/nifi-proxy-configuration-nar-2.6.0.nar-unpacked
	org.apache.nifi.ssl.PEMEncodedSSLContextProvider
		org.apache.nifi:nifi-ssl-context-service-nar:2.6.0 || ./work/nar/extensions/nifi-ssl-context-service-nar-2.6.0.nar-unpacked
	org.apache.nifi.lookup.DistributedMapCacheLookupService
		org.apache.nifi:nifi-lookup-services-nar:2.6.0 || ./work/nar/extensions/nifi-lookup-services-nar-2.6.0.nar-unpacked
	org.apache.nifi.csv.CSVRecordSetWriter
		org.apache.nifi:nifi-record-serialization-services-nar:2.6.0 || ./work/nar/extensions/nifi-record-serialization-services-nar-2.6.0.nar-unpacked
	org.apache.nifi.services.azure.eventhub.AzureEventHubRecordSink
		org.apache.nifi:nifi-azure-nar:2.6.0 || ./work/nar/extensions/nifi-azure-nar-2.6.0.nar-unpacked
	org.apache.nifi.mongodb.MongoDBControllerService
		org.apache.nifi:nifi-mongodb-services-nar:2.6.0 || ./work/nar/extensions/nifi-mongodb-services-nar-2.6.0.nar-unpacked
	org.apache.nifi.lookup.SimpleCsvFileLookupService
		org.apache.nifi:nifi-lookup-services-nar:2.6.0 || ./work/nar/extensions/nifi-lookup-services-nar-2.6.0.nar-unpacked
	org.apache.nifi.services.slack.SlackRecordSink
		org.apache.nifi:nifi-slack-nar:2.6.0 || ./work/nar/extensions/nifi-slack-nar-2.6.0.nar-unpacked
	org.apache.nifi.schema.inference.VolatileSchemaCache
		org.apache.nifi:nifi-record-serialization-services-nar:2.6.0 || ./work/nar/extensions/nifi-record-serialization-services-nar-2.6.0.nar-unpacked
	org.apache.nifi.websocket.jetty.JettyWebSocketServer
		org.apache.nifi:nifi-websocket-services-jetty-nar:2.6.0 || ./work/nar/extensions/nifi-websocket-services-jetty-nar-2.6.0.nar-unpacked
	org.apache.nifi.elasticsearch.ElasticSearchClientServiceImpl
		org.apache.nifi:nifi-elasticsearch-client-service-nar:2.6.0 || ./work/nar/extensions/nifi-elasticsearch-client-service-nar-2.6.0.nar-unpacked
	org.apache.nifi.websocket.jetty.JettyWebSocketClient
		org.apache.nifi:nifi-websocket-services-jetty-nar:2.6.0 || ./work/nar/extensions/nifi-websocket-services-jetty-nar-2.6.0.nar-unpacked
	org.apache.nifi.record.sink.lookup.RecordSinkServiceLookup
		org.apache.nifi:nifi-record-sink-service-nar:2.6.0 || ./work/nar/extensions/nifi-record-sink-service-nar-2.6.0.nar-unpacked
	org.apache.nifi.elasticsearch.ElasticSearchLookupService
		org.apache.nifi:nifi-elasticsearch-client-service-nar:2.6.0 || ./work/nar/extensions/nifi-elasticsearch-client-service-nar-2.6.0.nar-unpacked
	org.apache.nifi.services.smb.SmbjClientProviderService
		org.apache.nifi:nifi-smb-smbj-client-nar:2.6.0 || ./work/nar/extensions/nifi-smb-smbj-client-nar-2.6.0.nar-unpacked
	org.apache.nifi.services.azure.storage.AzureStorageCredentialsControllerServiceLookup_v12
		org.apache.nifi:nifi-azure-nar:2.6.0 || ./work/nar/extensions/nifi-azure-nar-2.6.0.nar-unpacked
	org.apache.nifi.pgp.service.standard.StandardPGPPrivateKeyService
		org.apache.nifi:nifi-pgp-service-nar:2.6.0 || ./work/nar/extensions/nifi-pgp-service-nar-2.6.0.nar-unpacked
	org.apache.nifi.ssl.StandardRestrictedSSLContextService
		org.apache.nifi:nifi-ssl-context-service-nar:2.6.0 || ./work/nar/extensions/nifi-ssl-context-service-nar-2.6.0.nar-unpacked
	org.apache.nifi.fileresource.service.StandardFileResourceService
		org.apache.nifi:nifi-file-resource-service-nar:2.6.0 || ./work/nar/extensions/nifi-file-resource-service-nar-2.6.0.nar-unpacked
	org.apache.nifi.services.azure.storage.ADLSCredentialsControllerServiceLookup
		org.apache.nifi:nifi-azure-nar:2.6.0 || ./work/nar/extensions/nifi-azure-nar-2.6.0.nar-unpacked
	org.apache.nifi.kerberos.KerberosPasswordUserService
		org.apache.nifi:nifi-kerberos-user-service-nar:2.6.0 || ./work/nar/extensions/nifi-kerberos-user-service-nar-2.6.0.nar-unpacked
	org.apache.nifi.apicurio.schemaregistry.ApicurioSchemaRegistry
		org.apache.nifi:nifi-apicurio-nar:2.6.0 || ./work/nar/extensions/nifi-apicurio-nar-2.6.0.nar-unpacked
	org.apache.nifi.lookup.XMLFileLookupService
		org.apache.nifi:nifi-lookup-services-nar:2.6.0 || ./work/nar/extensions/nifi-lookup-services-nar-2.6.0.nar-unpacked
	org.apache.nifi.reporting.sink.SiteToSiteReportingRecordSink
		org.apache.nifi:nifi-site-to-site-reporting-nar:2.6.0 || ./work/nar/extensions/nifi-site-to-site-reporting-nar-2.6.0.nar-unpacked
	org.apache.nifi.lookup.maxmind.IPLookupService
		org.apache.nifi:nifi-lookup-services-nar:2.6.0 || ./work/nar/extensions/nifi-lookup-services-nar-2.6.0.nar-unpacked
	org.apache.nifi.services.zendesk.ZendeskRecordSink
		org.apache.nifi:nifi-zendesk-services-nar:2.6.0 || ./work/nar/extensions/nifi-zendesk-services-nar-2.6.0.nar-unpacked
	org.apache.nifi.distributed.cache.client.SetCacheClientService
		org.apache.nifi:nifi-distributed-cache-services-nar:2.6.0 || ./work/nar/extensions/nifi-distributed-cache-services-nar-2.6.0.nar-unpacked
	org.apache.nifi.elasticsearch.ElasticSearchStringLookupService
		org.apache.nifi:nifi-elasticsearch-client-service-nar:2.6.0 || ./work/nar/extensions/nifi-elasticsearch-client-service-nar-2.6.0.nar-unpacked
	org.apache.nifi.hazelcast.services.cachemanager.EmbeddedHazelcastCacheManager
		org.apache.nifi:nifi-hazelcast-services-nar:2.6.0 || ./work/nar/extensions/nifi-hazelcast-services-nar-2.6.0.nar-unpacked
	org.apache.nifi.aws.schemaregistry.AmazonGlueEncodedSchemaReferenceReader
		org.apache.nifi:nifi-aws-nar:2.6.0 || ./work/nar/extensions/nifi-aws-nar-2.6.0.nar-unpacked
	org.apache.nifi.record.sink.LoggingRecordSink
		org.apache.nifi:nifi-record-sink-service-nar:2.6.0 || ./work/nar/extensions/nifi-record-sink-service-nar-2.6.0.nar-unpacked
	org.apache.nifi.record.sink.event.UDPEventRecordSink
		org.apache.nifi:nifi-record-sink-service-nar:2.6.0 || ./work/nar/extensions/nifi-record-sink-service-nar-2.6.0.nar-unpacked
	org.apache.nifi.db.schemaregistry.DatabaseTableSchemaRegistry
		org.apache.nifi:nifi-db-schema-registry-service-nar:2.6.0 || ./work/nar/extensions/nifi-db-schema-registry-service-nar-2.6.0.nar-unpacked
	org.apache.nifi.record.sink.HttpRecordSink
		org.apache.nifi:nifi-record-sink-service-nar:2.6.0 || ./work/nar/extensions/nifi-record-sink-service-nar-2.6.0.nar-unpacked
	org.apache.nifi.cef.CEFReader
		org.apache.nifi:nifi-record-serialization-services-nar:2.6.0 || ./work/nar/extensions/nifi-record-serialization-services-nar-2.6.0.nar-unpacked
	org.apache.nifi.lookup.RecordSetWriterLookup
		org.apache.nifi:nifi-record-serialization-services-nar:2.6.0 || ./work/nar/extensions/nifi-record-serialization-services-nar-2.6.0.nar-unpacked
	org.apache.nifi.syslog.Syslog5424Reader
		org.apache.nifi:nifi-record-serialization-services-nar:2.6.0 || ./work/nar/extensions/nifi-record-serialization-services-nar-2.6.0.nar-unpacked
	org.apache.nifi.record.script.ScriptedRecordSetWriter
		org.apache.nifi:nifi-scripting-nar:2.6.0 || ./work/nar/extensions/nifi-scripting-nar-2.6.0.nar-unpacked
	org.apache.nifi.distributed.cache.server.SetCacheServer
		org.apache.nifi:nifi-distributed-cache-services-nar:2.6.0 || ./work/nar/extensions/nifi-distributed-cache-services-nar-2.6.0.nar-unpacked
	org.apache.nifi.schemaregistry.services.AvroSchemaRegistry
		org.apache.nifi:nifi-registry-nar:2.6.0 || ./work/nar/extensions/nifi-registry-nar-2.6.0.nar-unpacked
	org.apache.nifi.services.azure.storage.ADLSCredentialsControllerService
		org.apache.nifi:nifi-azure-nar:2.6.0 || ./work/nar/extensions/nifi-azure-nar-2.6.0.nar-unpacked
	org.apache.nifi.ssl.StandardSSLContextService
		org.apache.nifi:nifi-ssl-context-service-nar:2.6.0 || ./work/nar/extensions/nifi-ssl-context-service-nar-2.6.0.nar-unpacked
	org.apache.nifi.services.azure.StandardAzureCredentialsControllerService
		org.apache.nifi:nifi-azure-nar:2.6.0 || ./work/nar/extensions/nifi-azure-nar-2.6.0.nar-unpacked
	org.apache.nifi.database.dialect.service.StandardDatabaseDialectService
		org.apache.nifi:nifi-database-dialect-service-nar:2.6.0 || ./work/nar/extensions/nifi-database-dialect-service-nar-2.6.0.nar-unpacked
	org.apache.nifi.excel.ExcelReader
		org.apache.nifi:nifi-poi-nar:2.6.0 || ./work/nar/extensions/nifi-poi-nar-2.6.0.nar-unpacked
	org.apache.nifi.key.service.StandardPrivateKeyService
		org.apache.nifi:nifi-key-service-nar:2.6.0 || ./work/nar/extensions/nifi-key-service-nar-2.6.0.nar-unpacked
	org.apache.nifi.dbcp.HikariCPConnectionPool
		org.apache.nifi:nifi-dbcp-service-nar:2.6.0 || ./work/nar/extensions/nifi-dbcp-service-nar-2.6.0.nar-unpacked
	org.apache.nifi.kerberos.KerberosTicketCacheUserService
		org.apache.nifi:nifi-kerberos-user-service-nar:2.6.0 || ./work/nar/extensions/nifi-kerberos-user-service-nar-2.6.0.nar-unpacked
	org.apache.nifi.aws.schemaregistry.AmazonGlueSchemaRegistry
		org.apache.nifi:nifi-aws-nar:2.6.0 || ./work/nar/extensions/nifi-aws-nar-2.6.0.nar-unpacked
	org.apache.nifi.hazelcast.services.cacheclient.HazelcastMapCacheClient
		org.apache.nifi:nifi-hazelcast-services-nar:2.6.0 || ./work/nar/extensions/nifi-hazelcast-services-nar-2.6.0.nar-unpacked
	org.apache.nifi.dbcp.DBCPConnectionPool
		org.apache.nifi:nifi-dbcp-service-nar:2.6.0 || ./work/nar/extensions/nifi-dbcp-service-nar-2.6.0.nar-unpacked
	org.apache.nifi.processors.aws.credentials.provider.service.AWSCredentialsProviderControllerService
		org.apache.nifi:nifi-aws-nar:2.6.0 || ./work/nar/extensions/nifi-aws-nar-2.6.0.nar-unpacked
	org.apache.nifi.avro.AvroReader
		org.apache.nifi:nifi-record-serialization-services-nar:2.6.0 || ./work/nar/extensions/nifi-record-serialization-services-nar-2.6.0.nar-unpacked
	org.apache.nifi.oauth2.StandardOauth2AccessTokenProvider
		org.apache.nifi:nifi-oauth2-provider-nar:2.6.0 || ./work/nar/extensions/nifi-oauth2-provider-nar-2.6.0.nar-unpacked
	org.apache.nifi.redis.service.RedisConnectionPoolService
		org.apache.nifi:nifi-redis-nar:2.6.0 || ./work/nar/extensions/nifi-redis-nar-2.6.0.nar-unpacked
	org.apache.nifi.services.azure.data.explorer.StandardKustoQueryService
		org.apache.nifi:nifi-azure-nar:2.6.0 || ./work/nar/extensions/nifi-azure-nar-2.6.0.nar-unpacked
	org.apache.nifi.json.JsonPathReader
		org.apache.nifi:nifi-record-serialization-services-nar:2.6.0 || ./work/nar/extensions/nifi-record-serialization-services-nar-2.6.0.nar-unpacked
	org.apache.nifi.processors.aws.s3.service.S3FileResourceService
		org.apache.nifi:nifi-aws-nar:2.6.0 || ./work/nar/extensions/nifi-aws-nar-2.6.0.nar-unpacked
	org.apache.nifi.lookup.db.DatabaseRecordLookupService
		org.apache.nifi:nifi-lookup-services-nar:2.6.0 || ./work/nar/extensions/nifi-lookup-services-nar-2.6.0.nar-unpacked
	org.apache.nifi.services.protobuf.StandardProtobufReader
		org.apache.nifi:nifi-protobuf-services-nar:2.6.0 || ./work/nar/extensions/nifi-protobuf-services-nar-2.6.0.nar-unpacked
	org.apache.nifi.grok.GrokReader
		org.apache.nifi:nifi-record-serialization-services-nar:2.6.0 || ./work/nar/extensions/nifi-record-serialization-services-nar-2.6.0.nar-unpacked
	org.apache.nifi.services.dropbox.StandardDropboxCredentialService
		org.apache.nifi:nifi-dropbox-services-nar:2.6.0 || ./work/nar/extensions/nifi-dropbox-services-nar-2.6.0.nar-unpacked
	org.apache.nifi.text.FreeFormTextRecordSetWriter
		org.apache.nifi:nifi-record-serialization-services-nar:2.6.0 || ./work/nar/extensions/nifi-record-serialization-services-nar-2.6.0.nar-unpacked
	org.apache.nifi.xml.XMLRecordSetWriter
		org.apache.nifi:nifi-record-serialization-services-nar:2.6.0 || ./work/nar/extensions/nifi-record-serialization-services-nar-2.6.0.nar-unpacked
	org.apache.nifi.processors.gcp.storage.GCSFileResourceService
		org.apache.nifi:nifi-gcp-nar:2.6.0 || ./work/nar/extensions/nifi-gcp-nar-2.6.0.nar-unpacked
	org.apache.nifi.kafka.service.aws.AmazonMSKConnectionService
		org.apache.nifi:nifi-kafka-service-aws-nar:2.6.0 || ./work/nar/extensions/nifi-kafka-service-aws-nar-2.6.0.nar-unpacked
	org.apache.nifi.services.azure.cosmos.document.AzureCosmosDBClientService
		org.apache.nifi:nifi-azure-nar:2.6.0 || ./work/nar/extensions/nifi-azure-nar-2.6.0.nar-unpacked
	org.apache.nifi.http.StandardHttpContextMap
		org.apache.nifi:nifi-http-context-map-nar:2.6.0 || ./work/nar/extensions/nifi-http-context-map-nar-2.6.0.nar-unpacked
	org.apache.nifi.distributed.cache.client.MapCacheClientService
		org.apache.nifi:nifi-distributed-cache-services-nar:2.6.0 || ./work/nar/extensions/nifi-distributed-cache-services-nar-2.6.0.nar-unpacked
	org.apache.nifi.kerberos.KerberosKeytabUserService
		org.apache.nifi:nifi-kerberos-user-service-nar:2.6.0 || ./work/nar/extensions/nifi-kerberos-user-service-nar-2.6.0.nar-unpacked
	org.apache.nifi.services.azure.storage.AzureDataLakeStorageFileResourceService
		org.apache.nifi:nifi-azure-nar:2.6.0 || ./work/nar/extensions/nifi-azure-nar-2.6.0.nar-unpacked
	org.apache.nifi.services.protobuf.ProtobufReader
		org.apache.nifi:nifi-protobuf-services-nar:2.6.0 || ./work/nar/extensions/nifi-protobuf-services-nar-2.6.0.nar-unpacked
	org.apache.nifi.lookup.SimpleKeyValueLookupService
		org.apache.nifi:nifi-lookup-services-nar:2.6.0 || ./work/nar/extensions/nifi-lookup-services-nar-2.6.0.nar-unpacked
	org.apache.nifi.csv.CSVReader
		org.apache.nifi:nifi-record-serialization-services-nar:2.6.0 || ./work/nar/extensions/nifi-record-serialization-services-nar-2.6.0.nar-unpacked
	org.apache.nifi.lookup.RestLookupService
		org.apache.nifi:nifi-lookup-services-nar:2.6.0 || ./work/nar/extensions/nifi-lookup-services-nar-2.6.0.nar-unpacked
	org.apache.nifi.processors.gcp.credentials.service.GCPCredentialsControllerService
		org.apache.nifi:nifi-gcp-nar:2.6.0 || ./work/nar/extensions/nifi-gcp-nar-2.6.0.nar-unpacked
	org.apache.nifi.avro.AvroRecordSetWriter
		org.apache.nifi:nifi-record-serialization-services-nar:2.6.0 || ./work/nar/extensions/nifi-record-serialization-services-nar-2.6.0.nar-unpacked
	org.apache.nifi.confluent.schemaregistry.ConfluentProtobufMessageNameResolver
		org.apache.nifi:nifi-confluent-platform-nar:2.6.0 || ./work/nar/extensions/nifi-confluent-platform-nar-2.6.0.nar-unpacked
	org.apache.nifi.record.sink.EmailRecordSink
		org.apache.nifi:nifi-record-sink-service-nar:2.6.0 || ./work/nar/extensions/nifi-record-sink-service-nar-2.6.0.nar-unpacked
	org.apache.nifi.windowsevent.WindowsEventLogReader
		org.apache.nifi:nifi-record-serialization-services-nar:2.6.0 || ./work/nar/extensions/nifi-record-serialization-services-nar-2.6.0.nar-unpacked
	org.apache.nifi.hazelcast.services.cachemanager.ExternalHazelcastCacheManager
		org.apache.nifi:nifi-hazelcast-services-nar:2.6.0 || ./work/nar/extensions/nifi-hazelcast-services-nar-2.6.0.nar-unpacked
	org.apache.nifi.distributed.cache.server.map.MapCacheServer
		org.apache.nifi:nifi-distributed-cache-services-nar:2.6.0 || ./work/nar/extensions/nifi-distributed-cache-services-nar-2.6.0.nar-unpacked
	org.apache.nifi.xml.XMLReader
		org.apache.nifi:nifi-record-serialization-services-nar:2.6.0 || ./work/nar/extensions/nifi-record-serialization-services-nar-2.6.0.nar-unpacked
	org.apache.nifi.schemaregistry.services.StandardJsonSchemaRegistry
		org.apache.nifi:nifi-registry-nar:2.6.0 || ./work/nar/extensions/nifi-registry-nar-2.6.0.nar-unpacked
	org.apache.nifi.record.script.ScriptedReader
		org.apache.nifi:nifi-scripting-nar:2.6.0 || ./work/nar/extensions/nifi-scripting-nar-2.6.0.nar-unpacked
	org.apache.nifi.redis.service.SimpleRedisDistributedMapCacheClientService
		org.apache.nifi:nifi-redis-nar:2.6.0 || ./work/nar/extensions/nifi-redis-nar-2.6.0.nar-unpacked
	org.apache.nifi.lookup.CSVRecordLookupService
		org.apache.nifi:nifi-lookup-services-nar:2.6.0 || ./work/nar/extensions/nifi-lookup-services-nar-2.6.0.nar-unpacked
	org.apache.nifi.pgp.service.standard.StandardPGPPublicKeyService
		org.apache.nifi:nifi-pgp-service-nar:2.6.0 || ./work/nar/extensions/nifi-pgp-service-nar-2.6.0.nar-unpacked
	org.apache.nifi.lookup.script.ScriptedLookupService
		org.apache.nifi:nifi-scripting-nar:2.6.0 || ./work/nar/extensions/nifi-scripting-nar-2.6.0.nar-unpacked
	org.apache.nifi.controller.asana.StandardAsanaClientProviderService
		org.apache.nifi:nifi-asana-services-nar:2.6.0 || ./work/nar/extensions/nifi-asana-services-nar-2.6.0.nar-unpacked
	org.apache.nifi.confluent.schemaregistry.ConfluentSchemaRegistry
		org.apache.nifi:nifi-confluent-platform-nar:2.6.0 || ./work/nar/extensions/nifi-confluent-platform-nar-2.6.0.nar-unpacked
	org.apache.nifi.jms.cf.JMSConnectionFactoryProvider
		org.apache.nifi:nifi-jms-processors-nar:2.6.0 || ./work/nar/extensions/nifi-jms-processors-nar-2.6.0.nar-unpacked
	org.apache.nifi.confluent.schemaregistry.ConfluentEncodedSchemaReferenceReader
		org.apache.nifi:nifi-confluent-platform-nar:2.6.0 || ./work/nar/extensions/nifi-confluent-platform-nar-2.6.0.nar-unpacked
	org.apache.nifi.web.client.provider.service.StandardWebClientServiceProvider
		org.apache.nifi:nifi-web-client-provider-service-nar:2.6.0 || ./work/nar/extensions/nifi-web-client-provider-service-nar-2.6.0.nar-unpacked
	org.apache.nifi.lookup.PropertiesFileLookupService
		org.apache.nifi:nifi-lookup-services-nar:2.6.0 || ./work/nar/extensions/nifi-lookup-services-nar-2.6.0.nar-unpacked
	org.apache.nifi.box.controllerservices.JsonConfigBasedBoxClientService
		org.apache.nifi:nifi-box-services-nar:2.6.0 || ./work/nar/extensions/nifi-box-services-nar-2.6.0.nar-unpacked
	org.apache.nifi.json.JsonTreeReader
		org.apache.nifi:nifi-record-serialization-services-nar:2.6.0 || ./work/nar/extensions/nifi-record-serialization-services-nar-2.6.0.nar-unpacked
	org.apache.nifi.record.sink.script.ScriptedRecordSink
		org.apache.nifi:nifi-scripting-nar:2.6.0 || ./work/nar/extensions/nifi-scripting-nar-2.6.0.nar-unpacked
	org.apache.nifi.lookup.ReaderLookup
		org.apache.nifi:nifi-record-serialization-services-nar:2.6.0 || ./work/nar/extensions/nifi-record-serialization-services-nar-2.6.0.nar-unpacked
	org.apache.nifi.oauth2.JWTBearerOAuth2AccessTokenProvider
		org.apache.nifi:nifi-oauth2-provider-nar:2.6.0 || ./work/nar/extensions/nifi-oauth2-provider-nar-2.6.0.nar-unpacked
	=== End ControllerService types ===
	=== StatusAnalyticsModel Type ===
	org.apache.nifi.controller.status.analytics.models.OrdinaryLeastSquares
		org.apache.nifi:nifi-framework-nar:2.6.0 || ./work/nar/framework/nifi-framework-nar-2.6.0.nar-unpacked
	org.apache.nifi.controller.status.analytics.models.SimpleRegression
		org.apache.nifi:nifi-framework-nar:2.6.0 || ./work/nar/framework/nifi-framework-nar-2.6.0.nar-unpacked
	=== End StatusAnalyticsModel types ===
	=== FlowFilePrioritizer Type ===
	org.apache.nifi.prioritizer.NewestFlowFileFirstPrioritizer
		org.apache.nifi:nifi-framework-nar:2.6.0 || ./work/nar/framework/nifi-framework-nar-2.6.0.nar-unpacked
	org.apache.nifi.prioritizer.FirstInFirstOutPrioritizer
		org.apache.nifi:nifi-framework-nar:2.6.0 || ./work/nar/framework/nifi-framework-nar-2.6.0.nar-unpacked
	org.apache.nifi.prioritizer.PriorityAttributePrioritizer
		org.apache.nifi:nifi-framework-nar:2.6.0 || ./work/nar/framework/nifi-framework-nar-2.6.0.nar-unpacked
	org.apache.nifi.prioritizer.OldestFlowFileFirstPrioritizer
		org.apache.nifi:nifi-framework-nar:2.6.0 || ./work/nar/framework/nifi-framework-nar-2.6.0.nar-unpacked
	=== End FlowFilePrioritizer types ===
	=== NarPersistenceProvider Type ===
	org.apache.nifi.nar.StandardNarPersistenceProvider
		org.apache.nifi:nifi-framework-nar:2.6.0 || ./work/nar/framework/nifi-framework-nar-2.6.0.nar-unpacked
	=== End NarPersistenceProvider types ===
	=== FlowFileSwapManager Type ===
	org.apache.nifi.controller.FileSystemSwapManager
		org.apache.nifi:nifi-framework-nar:2.6.0 || ./work/nar/framework/nifi-framework-nar-2.6.0.nar-unpacked
	=== End FlowFileSwapManager types ===
2025-10-16 10:50:25,683 INFO [main] o.a.n.f.r.CompositeExternalResourceProviderService Starting External Resource Provider Service ...
2025-10-16 10:50:25,684 INFO [main] o.a.n.f.r.CompositeExternalResourceProviderService External Resource Provider Service is started successfully
2025-10-16 10:50:25,684 INFO [main] org.apache.nifi.nar.NarAutoLoader Found 0 initial NARs from directory nar_extensions
2025-10-16 10:50:25,687 INFO [main] org.apache.nifi.nar.NarAutoLoader Starting NAR Auto-Loader Thread for directory /opt/nifi/nifi-current/nar_extensions ...
2025-10-16 10:50:25,688 INFO [main] org.eclipse.jetty.server.Server jetty-12.0.27; built: 2025-09-10T23:47:49.595Z; git: 3569a3e83ad136ee44e26b370b74c1c5e9f33e61; jvm 21.0.8+12-LTS
2025-10-16 10:50:26,047 INFO [main] o.e.j.session.DefaultSessionIdManager Session workerName=node0
2025-10-16 10:50:26,050 INFO [main] o.e.jetty.server.handler.ContextHandler Started oeje10w.WebAppContext@25d0b918{/nifi-standard-content-viewer-2.6.0,/nifi-standard-content-viewer-2.6.0,b=file:///opt/nifi/nifi-current/work/jetty/nifi-standard-content-viewer-2.6.0.war/webapp/,a=AVAILABLE,h=oeje10s.SessionHandler@218f2f51{STARTED}}{./work/nar/extensions/nifi-standard-content-viewer-nar-2.6.0.nar-unpacked/NAR-INF/bundled-dependencies/nifi-standard-content-viewer-2.6.0.war}
2025-10-16 10:50:26,052 INFO [main] o.a.n.w.c.v.StandardServletContextListener Standard Content Viewer Initialized
2025-10-16 10:50:26,075 INFO [main] o.e.j.ee10.servlet.ServletContextHandler Started oeje10w.WebAppContext@25d0b918{/nifi-standard-content-viewer-2.6.0,/nifi-standard-content-viewer-2.6.0,b=file:///opt/nifi/nifi-current/work/jetty/nifi-standard-content-viewer-2.6.0.war/webapp/,a=AVAILABLE,h=oeje10s.SessionHandler@218f2f51{STARTED}}{./work/nar/extensions/nifi-standard-content-viewer-nar-2.6.0.nar-unpacked/NAR-INF/bundled-dependencies/nifi-standard-content-viewer-2.6.0.war}
2025-10-16 10:50:26,332 INFO [main] o.e.jetty.server.handler.ContextHandler Started oeje10w.WebAppContext@280d6a20{/nifi-jolt-transform-json-ui-2.6.0,/nifi-jolt-transform-json-ui-2.6.0,b=file:///opt/nifi/nifi-current/work/jetty/nifi-jolt-transform-json-ui-2.6.0.war/webapp/,a=AVAILABLE,h=oeje10s.SessionHandler@4641f66c{STARTED}}{./work/nar/extensions/nifi-jolt-nar-2.6.0.nar-unpacked/NAR-INF/bundled-dependencies/nifi-jolt-transform-json-ui-2.6.0.war}
2025-10-16 10:50:26,334 INFO [main] o.e.j.ee10.servlet.ServletContextHandler Started oeje10w.WebAppContext@280d6a20{/nifi-jolt-transform-json-ui-2.6.0,/nifi-jolt-transform-json-ui-2.6.0,b=file:///opt/nifi/nifi-current/work/jetty/nifi-jolt-transform-json-ui-2.6.0.war/webapp/,a=AVAILABLE,h=oeje10s.SessionHandler@4641f66c{STARTED}}{./work/nar/extensions/nifi-jolt-nar-2.6.0.nar-unpacked/NAR-INF/bundled-dependencies/nifi-jolt-transform-json-ui-2.6.0.war}
2025-10-16 10:50:26,540 INFO [main] o.e.jetty.server.handler.ContextHandler Started oeje10w.WebAppContext@49f2646{/nifi-update-attribute-ui-2.6.0,/nifi-update-attribute-ui-2.6.0,b=file:///opt/nifi/nifi-current/work/jetty/nifi-update-attribute-ui-2.6.0.war/webapp/,a=AVAILABLE,h=oeje10s.SessionHandler@54b2d002{STARTED}}{./work/nar/extensions/nifi-update-attribute-nar-2.6.0.nar-unpacked/NAR-INF/bundled-dependencies/nifi-update-attribute-ui-2.6.0.war}
2025-10-16 10:50:26,542 INFO [main] o.e.j.ee10.servlet.ServletContextHandler Started oeje10w.WebAppContext@49f2646{/nifi-update-attribute-ui-2.6.0,/nifi-update-attribute-ui-2.6.0,b=file:///opt/nifi/nifi-current/work/jetty/nifi-update-attribute-ui-2.6.0.war/webapp/,a=AVAILABLE,h=oeje10s.SessionHandler@54b2d002{STARTED}}{./work/nar/extensions/nifi-update-attribute-nar-2.6.0.nar-unpacked/NAR-INF/bundled-dependencies/nifi-update-attribute-ui-2.6.0.war}
2025-10-16 10:50:26,633 INFO [main] o.e.j.s.handler.ContextHandler._nifi_api No Spring WebApplicationInitializer types detected on classpath
2025-10-16 10:50:26,667 INFO [main] o.e.jetty.server.handler.ContextHandler Started oeje10w.WebAppContext@44c27b8b{nifi-api,/nifi-api,b=file:///opt/nifi/nifi-current/work/jetty/nifi-web-api-2.6.0.war/webapp/,a=AVAILABLE,h=oeje10s.SessionHandler@77b22b05{STARTED}}{./work/nar/extensions/nifi-server-nar-2.6.0.nar-unpacked/NAR-INF/bundled-dependencies/nifi-web-api-2.6.0.war}
2025-10-16 10:50:26,667 INFO [main] o.e.j.s.handler.ContextHandler._nifi_api Initializing Spring root WebApplicationContext
2025-10-16 10:50:27,137 INFO [main] o.a.nifi.properties.NiFiPropertiesLoader Loading Application Properties [/opt/nifi/nifi-current/conf/nifi.properties]
2025-10-16 10:50:27,603 INFO [main] o.a.n.wali.SequentialAccessWriteAheadLog Recovering records from Write-Ahead Log at ./state/local
2025-10-16 10:50:27,604 INFO [main] org.apache.nifi.wali.HashMapSnapshot org.apache.nifi.wali.HashMapSnapshot@2e93f91d restored 2 Records and 0 Swap Files from Snapshot, ending with Transaction ID 4
2025-10-16 10:50:27,605 INFO [main] o.a.n.wali.SequentialAccessWriteAheadLog Successfully recovered 2 records and 0 swap files from Snapshot at ./state/local/checkpoint with Max Transaction ID of 4 in 1 milliseconds. Now recovering records from 1 journal files
2025-10-16 10:50:27,606 INFO [main] o.a.nifi.wali.LengthDelimitedJournal Recovering records from journal ./state/local/journals/5.journal
2025-10-16 10:50:27,607 INFO [main] o.a.nifi.wali.LengthDelimitedJournal Successfully recovered 2 updates from journal ./state/local/journals/5.journal
2025-10-16 10:50:27,607 INFO [main] o.a.n.wali.SequentialAccessWriteAheadLog Successfully recovered 2 records in 4 milliseconds. Now checkpointing to ensure that Write-Ahead Log is in a consistent state
2025-10-16 10:50:27,609 INFO [main] o.a.n.wali.SequentialAccessWriteAheadLog Checkpointed Write-Ahead Log with 2 Records and 0 Swap Files in 1 milliseconds (Stop-the-world time = 0 milliseconds), max Transaction ID 6
2025-10-16 10:50:27,818 INFO [main] jetbrains.exodus.env.EnvironmentImpl Exodus environment created: ./database_repository
2025-10-16 10:50:27,866 INFO [main] o.a.n.a.service.EntityStoreAuditService Environment configured with directory [./database_repository]
2025-10-16 10:50:27,941 WARN [main] org.apache.nifi.util.FlowParser Flow Configuration does not exist or was empty
2025-10-16 10:50:28,348 INFO [main] o.a.n.c.r.WriteAheadFlowFileRepository Initialized FlowFile Repository
2025-10-16 10:50:28,350 INFO [main] o.apache.nifi.controller.FlowController Creating Provenance Repository [org.apache.nifi.provenance.WriteAheadProvenanceRepository]
2025-10-16 10:50:28,366 INFO [main] o.a.n.p.store.WriteAheadStorePartition After recovering ./provenance_repository, next Event ID to be generated will be 0
2025-10-16 10:50:28,367 INFO [main] o.a.n.p.index.lucene.LuceneEventIndex Will avoid re-indexing Provenance Events because the newest index is defunct, so it will be re-indexed in the background
2025-10-16 10:50:28,367 INFO [main] o.apache.nifi.controller.FlowController Creating Content Repository [org.apache.nifi.controller.repository.FileSystemRepository]
2025-10-16 10:50:28,369 INFO [main] o.a.n.c.repository.FileSystemRepository Maximum Threshold for Container default set to 29412863508 bytes; if volume exceeds this size, archived data will be deleted until it no longer exceeds this size
2025-10-16 10:50:28,369 INFO [main] o.a.n.c.repository.FileSystemRepository Initializing FileSystemRepository with 'Always Sync' set to false
2025-10-16 10:50:28,617 INFO [main] org.apache.nifi.py4j.PythonProcess Launching Python Process python3 /opt/nifi/nifi-current/./python/framework/Controller.py with working directory ./work/python/controller to communicate with Java on Port 35459
2025-10-16 10:50:28,715 INFO [python-log-128] org.apache.nifi.py4j.Controller Listening for requests from Java side using Python Port 45241, communicating with Java on port 35459
2025-10-16 10:50:28,734 INFO [main] org.apache.nifi.py4j.PythonProcess Successfully started and pinged Python Server. Python Process = Process[pid=128, exitValue="not exited"]
2025-10-16 10:50:29,016 INFO [main] o.a.n.n.NarPersistenceProviderFactoryBean Creating NAR Persistence Provider [org.apache.nifi.nar.StandardNarPersistenceProvider]
2025-10-16 10:50:29,018 INFO [main] o.a.n.nar.StandardNarPersistenceProvider Loaded persistence info for 0 NARs
2025-10-16 10:50:29,018 INFO [main] o.a.n.nar.StandardNarPersistenceProvider Initialization completed with storage location [/opt/nifi/nifi-current/./nar_repository]
2025-10-16 10:50:29,023 INFO [main] org.apache.nifi.nar.StandardNarManager Loading stored NAR files [0]
2025-10-16 10:50:29,272 INFO [main] o.a.n.a.s.u.SingleUserLoginIdentityProvider 

Generated Username [5bb25232-72d5-43d4-ac93-dcc1d0f8db9c]
Generated Password [zz98C9ACMu9XBqem5xEPHr5WXDJCJF4f]

2025-10-16 10:50:29,272 INFO [main] o.a.n.a.s.u.SingleUserLoginIdentityProvider Run the following command to change credentials: nifi.sh set-single-user-credentials USERNAME PASSWORD
2025-10-16 10:50:29,543 INFO [main] o.a.n.a.s.u.SingleUserLoginIdentityProvider Updating Login Identity Providers Configuration [./conf/login-identity-providers.xml]
2025-10-16 10:50:30,302 INFO [main] o.s.s.c.a.a.c.InitializeAuthenticationProviderBeanManagerConfigurer$InitializeAuthenticationProviderManagerConfigurer Found 5 AuthenticationProvider beans, with names [anonymousAuthenticationProvider, jwtAuthenticationProvider, oidcAuthorizationCodeAuthenticationProvider, openSamlAuthenticationProvider, x509AuthenticationProvider]. Global Authentication Manager will not be configured with AuthenticationProviders. Consider publishing a single AuthenticationProvider bean, or wiring your Providers directly using the DSL.
2025-10-16 10:50:30,392 INFO [main] o.a.n.w.c.ApplicationStartupContextListener Starting Flow Controller...
2025-10-16 10:50:30,395 INFO [main] o.a.n.c.s.VersionedFlowSynchronizer Synchronizing FlowController with proposed flow: Controller Already Synchronized = false
2025-10-16 10:50:30,397 INFO [main] o.a.n.c.s.VersionedFlowSynchronizer Successfully synchronized dataflow with the proposed flow in 2 millis
2025-10-16 10:50:30,398 INFO [main] o.apache.nifi.controller.FlowController Successfully synchronized controller with proposed flow. Flow contains the following number of components: {Processors=0, Controller Services=0, Reporting Tasks=0, Flow Analysis Rules=0, Process Groups=0, Remote Process Groups=0, Parameter Providers=0, Flow Registry Clients=0, Local Input Ports=0, Local Output Ports=0, Public Input Ports=0, Public Output Ports=0}
2025-10-16 10:50:30,413 INFO [main] o.a.n.wali.SequentialAccessWriteAheadLog Recovering records from Write-Ahead Log at ./flowfile_repository
2025-10-16 10:50:30,416 INFO [main] org.apache.nifi.wali.HashMapSnapshot org.apache.nifi.wali.HashMapSnapshot@b9f4b1f restored 0 Records and 0 Swap Files from Snapshot, ending with Transaction ID -1
2025-10-16 10:50:30,417 INFO [main] o.a.n.wali.SequentialAccessWriteAheadLog Successfully recovered 0 records and 0 swap files from Snapshot at ./flowfile_repository/checkpoint with Max Transaction ID of -1 in 3 milliseconds. Now recovering records from 1 journal files
2025-10-16 10:50:30,417 INFO [main] o.a.nifi.wali.LengthDelimitedJournal Recovering records from journal ./flowfile_repository/journals/0.journal
2025-10-16 10:50:30,417 INFO [main] o.a.nifi.wali.LengthDelimitedJournal Successfully recovered 0 updates from journal ./flowfile_repository/journals/0.journal
2025-10-16 10:50:30,417 INFO [main] o.a.n.wali.SequentialAccessWriteAheadLog Successfully recovered 0 records in 4 milliseconds. Now checkpointing to ensure that Write-Ahead Log is in a consistent state
2025-10-16 10:50:30,419 INFO [main] o.a.n.wali.SequentialAccessWriteAheadLog Checkpointed Write-Ahead Log with 0 Records and 0 Swap Files in 1 milliseconds (Stop-the-world time = 0 milliseconds), max Transaction ID -1
2025-10-16 10:50:30,419 INFO [main] o.a.n.c.r.WriteAheadFlowFileRepository Successfully restored 0 FlowFiles and 0 Swap Files
2025-10-16 10:50:30,557 INFO [main] o.apache.nifi.controller.FlowController Scheduled Flow Registry synchronization every 30 min
2025-10-16 10:50:30,560 INFO [main] o.apache.nifi.controller.FlowController Performed initial validation of all components in 0 milliseconds
2025-10-16 10:50:30,560 INFO [main] o.apache.nifi.controller.FlowController Starting 0 Stateless Process Groups
2025-10-16 10:50:30,560 INFO [main] o.apache.nifi.controller.FlowController Starting 0 processors/ports/funnels
2025-10-16 10:50:30,560 INFO [main] o.apache.nifi.controller.FlowController Started 0 Remote Group Ports transmitting
2025-10-16 10:50:30,560 INFO [main] o.a.n.w.c.ApplicationStartupContextListener Flow Controller started successfully.
2025-10-16 10:50:31,040 INFO [main] o.e.j.ee10.servlet.ServletContextHandler Started oeje10w.WebAppContext@44c27b8b{nifi-api,/nifi-api,b=file:///opt/nifi/nifi-current/work/jetty/nifi-web-api-2.6.0.war/webapp/,a=AVAILABLE,h=oeje10s.SessionHandler@77b22b05{STARTED}}{./work/nar/extensions/nifi-server-nar-2.6.0.nar-unpacked/NAR-INF/bundled-dependencies/nifi-web-api-2.6.0.war}
2025-10-16 10:50:31,201 INFO [main] o.e.j.s.handler.ContextHandler._nifi No Spring WebApplicationInitializer types detected on classpath
2025-10-16 10:50:31,202 INFO [main] o.e.jetty.server.handler.ContextHandler Started oeje10w.WebAppContext@458d6519{/nifi,/nifi,b=file:///opt/nifi/nifi-current/work/jetty/nifi-ui-2.6.0.war/webapp/,a=AVAILABLE,h=oeje10s.SessionHandler@37da25c9{STARTED}}{./work/nar/extensions/nifi-server-nar-2.6.0.nar-unpacked/NAR-INF/bundled-dependencies/nifi-ui-2.6.0.war}
2025-10-16 10:50:31,203 INFO [main] o.e.j.ee10.servlet.ServletContextHandler Started oeje10w.WebAppContext@458d6519{/nifi,/nifi,b=file:///opt/nifi/nifi-current/work/jetty/nifi-ui-2.6.0.war/webapp/,a=AVAILABLE,h=oeje10s.SessionHandler@37da25c9{STARTED}}{./work/nar/extensions/nifi-server-nar-2.6.0.nar-unpacked/NAR-INF/bundled-dependencies/nifi-ui-2.6.0.war}
2025-10-16 10:50:31,209 INFO [main] o.eclipse.jetty.server.AbstractConnector Started ServerConnector@4e68c590{SSL, (ssl, alpn, h2, http/1.1)}{92def8ccbb94:8443}
2025-10-16 10:50:31,210 INFO [main] org.eclipse.jetty.server.Server Started oejs.Server@4cc7e3ad{STARTING}[12.0.27,sto=0] @9566ms
2025-10-16 10:50:31,211 INFO [main] org.apache.nifi.web.server.JettyServer Started Server on https://92def8ccbb94:8443/nifi
2025-10-16 10:50:31,221 INFO [main] o.a.n.runtime.StandardManagementServer Started Management Server on http://127.0.0.1:52020
2025-10-16 10:50:31,222 INFO [main] org.apache.nifi.runtime.Application Started Application in 9.347 seconds (9347979921 ns)
2025-10-16 10:50:35,004 INFO [ShutdownCommand] o.a.nifi.runtime.command.ShutdownCommand Application shutdown started
2025-10-16 10:50:35,005 INFO [ShutdownCommand] o.a.n.runtime.StandardManagementServer Management Server stopped
2025-10-16 10:50:35,006 INFO [ShutdownCommand] org.eclipse.jetty.server.Server Stopped oejs.Server@4cc7e3ad{STOPPING}[12.0.27,sto=0]
2025-10-16 10:50:35,008 INFO [ShutdownCommand] o.eclipse.jetty.server.AbstractConnector Stopped ServerConnector@4e68c590{SSL, (ssl, alpn, h2, http/1.1)}{92def8ccbb94:8443}
2025-10-16 10:50:35,016 INFO [ShutdownCommand] o.e.j.ee10.servlet.ServletContextHandler Stopped oeje10w.WebAppContext@458d6519{/nifi,/nifi,b=null,a=AVAILABLE,h=oeje10s.SessionHandler@37da25c9{STOPPED}}{./work/nar/extensions/nifi-server-nar-2.6.0.nar-unpacked/NAR-INF/bundled-dependencies/nifi-ui-2.6.0.war}
2025-10-16 10:50:35,020 INFO [ShutdownCommand] o.a.n.w.c.ApplicationStartupContextListener Flow Service shutdown started
2025-10-16 10:50:35,020 INFO [ShutdownCommand] o.apache.nifi.controller.FlowController Initiating shutdown of FlowController...
2025-10-16 10:50:35,022 INFO [ShutdownCommand] o.apache.nifi.controller.FlowController Initiated graceful shutdown of flow controller...waiting up to 10 seconds
2025-10-16 10:50:35,023 INFO [ShutdownCommand] o.apache.nifi.controller.FlowController Controller has been terminated successfully.
2025-10-16 10:50:35,023 INFO [ShutdownCommand] o.apache.nifi.py4j.StandardPythonBridge Shutting down Python Server
2025-10-16 10:50:35,023 INFO [ShutdownCommand] org.apache.nifi.py4j.PythonProcess Shutting down Python Process Process[pid=128, exitValue="not exited"]
2025-10-16 10:50:35,025 INFO [ShutdownCommand] o.apache.nifi.py4j.StandardPythonBridge Successfully shutdown Python Server
2025-10-16 10:50:35,027 INFO [ForkJoinPool.commonPool-worker-1] org.apache.nifi.py4j.PythonProcess Python Process Process[pid=128, exitValue=137] exited with code 137
2025-10-16 10:50:35,029 INFO [ShutdownCommand] o.a.n.w.c.ApplicationStartupContextListener Flow Service shutdown completed
2025-10-16 10:50:35,029 INFO [ShutdownCommand] o.e.j.s.handler.ContextHandler._nifi_api Closing Spring root WebApplicationContext
2025-10-16 10:50:35,042 INFO [ShutdownCommand] o.a.n.a.service.EntityStoreAuditService Environment closed
2025-10-16 10:50:35,047 INFO [ShutdownCommand] o.e.j.ee10.servlet.ServletContextHandler Stopped oeje10w.WebAppContext@44c27b8b{nifi-api,/nifi-api,b=null,a=AVAILABLE,h=oeje10s.SessionHandler@77b22b05{STOPPED}}{./work/nar/extensions/nifi-server-nar-2.6.0.nar-unpacked/NAR-INF/bundled-dependencies/nifi-web-api-2.6.0.war}
2025-10-16 10:50:35,049 INFO [ShutdownCommand] o.e.j.ee10.servlet.ServletContextHandler Stopped oeje10w.WebAppContext@49f2646{/nifi-update-attribute-ui-2.6.0,/nifi-update-attribute-ui-2.6.0,b=null,a=AVAILABLE,h=oeje10s.SessionHandler@54b2d002{STOPPED}}{./work/nar/extensions/nifi-update-attribute-nar-2.6.0.nar-unpacked/NAR-INF/bundled-dependencies/nifi-update-attribute-ui-2.6.0.war}
2025-10-16 10:50:35,051 INFO [ShutdownCommand] o.e.j.ee10.servlet.ServletContextHandler Stopped oeje10w.WebAppContext@280d6a20{/nifi-jolt-transform-json-ui-2.6.0,/nifi-jolt-transform-json-ui-2.6.0,b=null,a=AVAILABLE,h=oeje10s.SessionHandler@4641f66c{STOPPED}}{./work/nar/extensions/nifi-jolt-nar-2.6.0.nar-unpacked/NAR-INF/bundled-dependencies/nifi-jolt-transform-json-ui-2.6.0.war}
2025-10-16 10:50:35,053 INFO [ShutdownCommand] o.e.j.ee10.servlet.ServletContextHandler Stopped oeje10w.WebAppContext@25d0b918{/nifi-standard-content-viewer-2.6.0,/nifi-standard-content-viewer-2.6.0,b=null,a=AVAILABLE,h=oeje10s.SessionHandler@218f2f51{STOPPED}}{./work/nar/extensions/nifi-standard-content-viewer-nar-2.6.0.nar-unpacked/NAR-INF/bundled-dependencies/nifi-standard-content-viewer-2.6.0.war}
2025-10-16 10:50:35,055 INFO [ShutdownCommand] org.apache.nifi.nar.NarAutoLoaderTask Stopping NAR Auto-loader
2025-10-16 10:50:35,055 INFO [ShutdownCommand] org.apache.nifi.nar.NarAutoLoader NAR Auto-Loader stopped
2025-10-16 10:50:35,055 INFO [ShutdownCommand] o.a.n.f.r.CompositeExternalResourceProviderService External Resource Provider Service is stopped
2025-10-16 10:50:35,056 INFO [ShutdownCommand] o.a.nifi.runtime.command.ShutdownCommand Application shutdown completed
2025-10-16 10:51:01,570 INFO [main] org.apache.nifi.NiFi Launching NiFi...
2025-10-16 10:51:01,590 INFO [main] o.a.nifi.properties.NiFiPropertiesLoader Loading Application Properties [/opt/nifi/nifi-current/./conf/nifi.properties]
2025-10-16 10:51:01,593 INFO [main] org.apache.nifi.NiFi Application Properties loaded [204]
2025-10-16 10:51:01,602 INFO [main] org.apache.nifi.BootstrapListener Started Bootstrap Listener, Listening for incoming requests on port 35683
2025-10-16 10:51:01,606 INFO [main] org.apache.nifi.BootstrapListener Successfully initiated communication with Bootstrap
2025-10-16 10:51:01,612 INFO [main] org.apache.nifi.nar.NarUnpacker Expanding 131 NAR files started
2025-10-16 10:51:06,255 INFO [main] org.apache.nifi.nar.NarUnpacker Expanded 131 NAR files in 4.639 seconds (4639776002 ns)
2025-10-16 10:51:06,781 INFO [main] org.apache.nifi.nar.NarClassLoaders Loaded NAR file: /opt/nifi/nifi-current/./work/nar/extensions/nifi-jetty-bundle-1.24.0.nar-unpacked as class loader org.apache.nifi.nar.NarClassLoader[./work/nar/extensions/nifi-jetty-bundle-1.24.0.nar-unpacked]
2025-10-16 10:51:06,785 INFO [main] org.apache.nifi.nar.NarClassLoaders Loaded NAR file: /opt/nifi/nifi-current/./work/nar/framework/nifi-framework-nar-1.24.0.nar-unpacked as class loader org.apache.nifi.nar.NarClassLoader[./work/nar/framework/nifi-framework-nar-1.24.0.nar-unpacked]
2025-10-16 10:51:06,978 INFO [main] org.apache.nifi.nar.NarClassLoaders Loaded NAR file: /opt/nifi/nifi-current/./work/nar/extensions/nifi-update-attribute-nar-1.24.0.nar-unpacked as class loader org.apache.nifi.nar.NarClassLoader[./work/nar/extensions/nifi-update-attribute-nar-1.24.0.nar-unpacked]
2025-10-16 10:51:06,979 INFO [main] org.apache.nifi.nar.NarClassLoaders Loaded NAR file: /opt/nifi/nifi-current/./work/nar/extensions/nifi-spring-nar-1.24.0.nar-unpacked as class loader org.apache.nifi.nar.NarClassLoader[./work/nar/extensions/nifi-spring-nar-1.24.0.nar-unpacked]
2025-10-16 10:51:06,980 INFO [main] org.apache.nifi.nar.NarClassLoaders Loaded NAR file: /opt/nifi/nifi-current/./work/nar/extensions/nifi-compress-nar-1.24.0.nar-unpacked as class loader org.apache.nifi.nar.NarClassLoader[./work/nar/extensions/nifi-compress-nar-1.24.0.nar-unpacked]
2025-10-16 10:51:06,981 INFO [main] org.apache.nifi.nar.NarClassLoaders Loaded NAR file: /opt/nifi/nifi-current/./work/nar/extensions/nifi-image-viewer-nar-1.24.0.nar-unpacked as class loader org.apache.nifi.nar.NarClassLoader[./work/nar/extensions/nifi-image-viewer-nar-1.24.0.nar-unpacked]
2025-10-16 10:51:06,981 INFO [main] org.apache.nifi.nar.NarClassLoaders Loaded NAR file: /opt/nifi/nifi-current/./work/nar/extensions/nifi-ldap-iaa-providers-nar-1.24.0.nar-unpacked as class loader org.apache.nifi.nar.NarClassLoader[./work/nar/extensions/nifi-ldap-iaa-providers-nar-1.24.0.nar-unpacked]
2025-10-16 10:51:06,987 INFO [main] org.apache.nifi.nar.NarClassLoaders Loaded NAR file: /opt/nifi/nifi-current/./work/nar/extensions/nifi-provenance-repository-nar-1.24.0.nar-unpacked as class loader org.apache.nifi.nar.NarClassLoader[./work/nar/extensions/nifi-provenance-repository-nar-1.24.0.nar-unpacked]
2025-10-16 10:51:06,992 INFO [main] org.apache.nifi.nar.NarClassLoaders Loaded NAR file: /opt/nifi/nifi-current/./work/nar/extensions/nifi-standard-services-api-nar-1.24.0.nar-unpacked as class loader org.apache.nifi.nar.NarClassLoader[./work/nar/extensions/nifi-standard-services-api-nar-1.24.0.nar-unpacked]
2025-10-16 10:51:06,993 INFO [main] org.apache.nifi.nar.NarClassLoaders Loaded NAR file: /opt/nifi/nifi-current/./work/nar/extensions/nifi-email-nar-1.24.0.nar-unpacked as class loader org.apache.nifi.nar.NarClassLoader[./work/nar/extensions/nifi-email-nar-1.24.0.nar-unpacked]
2025-10-16 10:51:07,000 INFO [main] org.apache.nifi.nar.NarClassLoaders Loaded NAR file: /opt/nifi/nifi-current/./work/nar/extensions/nifi-asana-services-api-nar-1.24.0.nar-unpacked as class loader org.apache.nifi.nar.NarClassLoader[./work/nar/extensions/nifi-asana-services-api-nar-1.24.0.nar-unpacked]
2025-10-16 10:51:07,003 INFO [main] org.apache.nifi.nar.NarClassLoaders Loaded NAR file: /opt/nifi/nifi-current/./work/nar/extensions/nifi-ambari-nar-1.24.0.nar-unpacked as class loader org.apache.nifi.nar.NarClassLoader[./work/nar/extensions/nifi-ambari-nar-1.24.0.nar-unpacked]
2025-10-16 10:51:07,004 INFO [main] org.apache.nifi.nar.NarClassLoaders Loaded NAR file: /opt/nifi/nifi-current/./work/nar/extensions/nifi-windows-event-log-nar-1.24.0.nar-unpacked as class loader org.apache.nifi.nar.NarClassLoader[./work/nar/extensions/nifi-windows-event-log-nar-1.24.0.nar-unpacked]
2025-10-16 10:51:07,023 INFO [main] org.apache.nifi.nar.NarClassLoaders Loaded NAR file: /opt/nifi/nifi-current/./work/nar/extensions/nifi-ssl-context-service-nar-1.24.0.nar-unpacked as class loader org.apache.nifi.nar.NarClassLoader[./work/nar/extensions/nifi-ssl-context-service-nar-1.24.0.nar-unpacked]
2025-10-16 10:51:07,027 INFO [main] org.apache.nifi.nar.NarClassLoaders Loaded NAR file: /opt/nifi/nifi-current/./work/nar/extensions/nifi-kerberos-iaa-providers-nar-1.24.0.nar-unpacked as class loader org.apache.nifi.nar.NarClassLoader[./work/nar/extensions/nifi-kerberos-iaa-providers-nar-1.24.0.nar-unpacked]
2025-10-16 10:51:07,028 INFO [main] org.apache.nifi.nar.NarClassLoaders Loaded NAR file: /opt/nifi/nifi-current/./work/nar/extensions/nifi-html-nar-1.24.0.nar-unpacked as class loader org.apache.nifi.nar.NarClassLoader[./work/nar/extensions/nifi-html-nar-1.24.0.nar-unpacked]
2025-10-16 10:51:07,029 INFO [main] org.apache.nifi.nar.NarClassLoaders Loaded NAR file: /opt/nifi/nifi-current/./work/nar/extensions/nifi-rethinkdb-nar-1.24.0.nar-unpacked as class loader org.apache.nifi.nar.NarClassLoader[./work/nar/extensions/nifi-rethinkdb-nar-1.24.0.nar-unpacked]
2025-10-16 10:51:07,030 INFO [main] org.apache.nifi.nar.NarClassLoaders Loaded NAR file: /opt/nifi/nifi-current/./work/nar/extensions/nifi-hl7-nar-1.24.0.nar-unpacked as class loader org.apache.nifi.nar.NarClassLoader[./work/nar/extensions/nifi-hl7-nar-1.24.0.nar-unpacked]
2025-10-16 10:51:07,031 INFO [main] org.apache.nifi.nar.NarClassLoaders Loaded NAR file: /opt/nifi/nifi-current/./work/nar/extensions/nifi-cybersecurity-nar-1.24.0.nar-unpacked as class loader org.apache.nifi.nar.NarClassLoader[./work/nar/extensions/nifi-cybersecurity-nar-1.24.0.nar-unpacked]
2025-10-16 10:51:07,031 INFO [main] org.apache.nifi.nar.NarClassLoaders Loaded NAR file: /opt/nifi/nifi-current/./work/nar/extensions/nifi-http-context-map-nar-1.24.0.nar-unpacked as class loader org.apache.nifi.nar.NarClassLoader[./work/nar/extensions/nifi-http-context-map-nar-1.24.0.nar-unpacked]
2025-10-16 10:51:07,032 INFO [main] org.apache.nifi.nar.NarClassLoaders Loaded NAR file: /opt/nifi/nifi-current/./work/nar/extensions/nifi-kafka-2-0-nar-1.24.0.nar-unpacked as class loader org.apache.nifi.nar.NarClassLoader[./work/nar/extensions/nifi-kafka-2-0-nar-1.24.0.nar-unpacked]
2025-10-16 10:51:07,033 INFO [main] org.apache.nifi.nar.NarClassLoaders Loaded NAR file: /opt/nifi/nifi-current/./work/nar/extensions/nifi-ccda-nar-1.24.0.nar-unpacked as class loader org.apache.nifi.nar.NarClassLoader[./work/nar/extensions/nifi-ccda-nar-1.24.0.nar-unpacked]
2025-10-16 10:51:07,035 INFO [main] org.apache.nifi.nar.NarClassLoaders Loaded NAR file: /opt/nifi/nifi-current/./work/nar/extensions/nifi-stateless-nar-1.24.0.nar-unpacked as class loader org.apache.nifi.nar.NarClassLoader[./work/nar/extensions/nifi-stateless-nar-1.24.0.nar-unpacked]
2025-10-16 10:51:07,043 INFO [main] org.apache.nifi.nar.NarClassLoaders Loaded NAR file: /opt/nifi/nifi-current/./work/nar/extensions/nifi-server-nar-1.24.0.nar-unpacked as class loader org.apache.nifi.nar.NarClassLoader[./work/nar/extensions/nifi-server-nar-1.24.0.nar-unpacked]
2025-10-16 10:51:07,059 INFO [main] org.apache.nifi.nar.NarClassLoaders Loaded NAR file: /opt/nifi/nifi-current/./work/nar/extensions/nifi-metrics-reporter-service-api-nar-1.24.0.nar-unpacked as class loader org.apache.nifi.nar.NarClassLoader[./work/nar/extensions/nifi-metrics-reporter-service-api-nar-1.24.0.nar-unpacked]
2025-10-16 10:51:07,059 INFO [main] org.apache.nifi.nar.NarClassLoaders Loaded NAR file: /opt/nifi/nifi-current/./work/nar/extensions/nifi-prometheus-nar-1.24.0.nar-unpacked as class loader org.apache.nifi.nar.NarClassLoader[./work/nar/extensions/nifi-prometheus-nar-1.24.0.nar-unpacked]
2025-10-16 10:51:07,060 INFO [main] org.apache.nifi.nar.NarClassLoaders Loaded NAR file: /opt/nifi/nifi-current/./work/nar/extensions/nifi-evtx-nar-1.24.0.nar-unpacked as class loader org.apache.nifi.nar.NarClassLoader[./work/nar/extensions/nifi-evtx-nar-1.24.0.nar-unpacked]
2025-10-16 10:51:07,061 INFO [main] org.apache.nifi.nar.NarClassLoaders Loaded NAR file: /opt/nifi/nifi-current/./work/nar/extensions/nifi-single-user-iaa-providers-nar-1.24.0.nar-unpacked as class loader org.apache.nifi.nar.NarClassLoader[./work/nar/extensions/nifi-single-user-iaa-providers-nar-1.24.0.nar-unpacked]
2025-10-16 10:51:07,061 INFO [main] org.apache.nifi.nar.NarClassLoaders Loaded NAR file: /opt/nifi/nifi-current/./work/nar/extensions/nifi-workday-processors-nar-1.24.0.nar-unpacked as class loader org.apache.nifi.nar.NarClassLoader[./work/nar/extensions/nifi-workday-processors-nar-1.24.0.nar-unpacked]
2025-10-16 10:51:07,062 INFO [main] org.apache.nifi.nar.NarClassLoaders Loaded NAR file: /opt/nifi/nifi-current/./work/nar/extensions/nifi-asana-processors-nar-1.24.0.nar-unpacked as class loader org.apache.nifi.nar.NarClassLoader[./work/nar/extensions/nifi-asana-processors-nar-1.24.0.nar-unpacked]
2025-10-16 10:51:07,063 INFO [main] org.apache.nifi.nar.NarClassLoaders Loaded NAR file: /opt/nifi/nifi-current/./work/nar/extensions/nifi-websocket-services-api-nar-1.24.0.nar-unpacked as class loader org.apache.nifi.nar.NarClassLoader[./work/nar/extensions/nifi-websocket-services-api-nar-1.24.0.nar-unpacked]
2025-10-16 10:51:07,063 INFO [main] org.apache.nifi.nar.NarClassLoaders Loaded NAR file: /opt/nifi/nifi-current/./work/nar/extensions/nifi-kerberos-credentials-service-nar-1.24.0.nar-unpacked as class loader org.apache.nifi.nar.NarClassLoader[./work/nar/extensions/nifi-kerberos-credentials-service-nar-1.24.0.nar-unpacked]
2025-10-16 10:51:07,063 INFO [main] org.apache.nifi.nar.NarClassLoaders Loaded NAR file: /opt/nifi/nifi-current/./work/nar/extensions/nifi-tcp-nar-1.24.0.nar-unpacked as class loader org.apache.nifi.nar.NarClassLoader[./work/nar/extensions/nifi-tcp-nar-1.24.0.nar-unpacked]
2025-10-16 10:51:07,063 INFO [main] org.apache.nifi.nar.NarClassLoaders Loaded NAR file: /opt/nifi/nifi-current/./work/nar/extensions/nifi-file-resource-service-nar-1.24.0.nar-unpacked as class loader org.apache.nifi.nar.NarClassLoader[./work/nar/extensions/nifi-file-resource-service-nar-1.24.0.nar-unpacked]
2025-10-16 10:51:07,064 INFO [main] org.apache.nifi.nar.NarClassLoaders Loaded NAR file: /opt/nifi/nifi-current/./work/nar/extensions/nifi-amqp-nar-1.24.0.nar-unpacked as class loader org.apache.nifi.nar.NarClassLoader[./work/nar/extensions/nifi-amqp-nar-1.24.0.nar-unpacked]
2025-10-16 10:51:07,065 INFO [main] org.apache.nifi.nar.NarClassLoaders Loaded NAR file: /opt/nifi/nifi-current/./work/nar/extensions/nifi-kafka-1-0-nar-1.24.0.nar-unpacked as class loader org.apache.nifi.nar.NarClassLoader[./work/nar/extensions/nifi-kafka-1-0-nar-1.24.0.nar-unpacked]
2025-10-16 10:51:07,066 INFO [main] org.apache.nifi.nar.NarClassLoaders Loaded NAR file: /opt/nifi/nifi-current/./work/nar/extensions/nifi-websocket-processors-nar-1.24.0.nar-unpacked as class loader org.apache.nifi.nar.NarClassLoader[./work/nar/extensions/nifi-websocket-processors-nar-1.24.0.nar-unpacked]
2025-10-16 10:51:07,066 INFO [main] org.apache.nifi.nar.NarClassLoaders Loaded NAR file: /opt/nifi/nifi-current/./work/nar/extensions/nifi-distributed-cache-services-nar-1.24.0.nar-unpacked as class loader org.apache.nifi.nar.NarClassLoader[./work/nar/extensions/nifi-distributed-cache-services-nar-1.24.0.nar-unpacked]
2025-10-16 10:51:07,067 INFO [main] org.apache.nifi.nar.NarClassLoaders Loaded NAR file: /opt/nifi/nifi-current/./work/nar/extensions/nifi-hazelcast-services-api-nar-1.24.0.nar-unpacked as class loader org.apache.nifi.nar.NarClassLoader[./work/nar/extensions/nifi-hazelcast-services-api-nar-1.24.0.nar-unpacked]
2025-10-16 10:51:07,068 INFO [main] org.apache.nifi.nar.NarClassLoaders Loaded NAR file: /opt/nifi/nifi-current/./work/nar/extensions/nifi-stateful-analysis-nar-1.24.0.nar-unpacked as class loader org.apache.nifi.nar.NarClassLoader[./work/nar/extensions/nifi-stateful-analysis-nar-1.24.0.nar-unpacked]
2025-10-16 10:51:07,068 INFO [main] org.apache.nifi.nar.NarClassLoaders Loaded NAR file: /opt/nifi/nifi-current/./work/nar/extensions/nifi-proxy-configuration-nar-1.24.0.nar-unpacked as class loader org.apache.nifi.nar.NarClassLoader[./work/nar/extensions/nifi-proxy-configuration-nar-1.24.0.nar-unpacked]
2025-10-16 10:51:07,068 INFO [main] org.apache.nifi.nar.NarClassLoaders Loaded NAR file: /opt/nifi/nifi-current/./work/nar/extensions/nifi-kerberos-user-service-nar-1.24.0.nar-unpacked as class loader org.apache.nifi.nar.NarClassLoader[./work/nar/extensions/nifi-kerberos-user-service-nar-1.24.0.nar-unpacked]
2025-10-16 10:51:07,069 INFO [main] org.apache.nifi.nar.NarClassLoaders Loaded NAR file: /opt/nifi/nifi-current/./work/nar/extensions/nifi-websocket-services-jetty-nar-1.24.0.nar-unpacked as class loader org.apache.nifi.nar.NarClassLoader[./work/nar/extensions/nifi-websocket-services-jetty-nar-1.24.0.nar-unpacked]
2025-10-16 10:51:07,070 INFO [main] org.apache.nifi.nar.NarClassLoaders Loaded NAR file: /opt/nifi/nifi-current/./work/nar/extensions/nifi-asana-services-nar-1.24.0.nar-unpacked as class loader org.apache.nifi.nar.NarClassLoader[./work/nar/extensions/nifi-asana-services-nar-1.24.0.nar-unpacked]
2025-10-16 10:51:07,070 INFO [main] org.apache.nifi.nar.NarClassLoaders Loaded NAR file: /opt/nifi/nifi-current/./work/nar/extensions/nifi-hwx-schema-registry-nar-1.24.0.nar-unpacked as class loader org.apache.nifi.nar.NarClassLoader[./work/nar/extensions/nifi-hwx-schema-registry-nar-1.24.0.nar-unpacked]
2025-10-16 10:51:07,074 INFO [main] org.apache.nifi.nar.NarClassLoaders Loaded NAR file: /opt/nifi/nifi-current/./work/nar/extensions/nifi-couchbase-services-api-nar-1.24.0.nar-unpacked as class loader org.apache.nifi.nar.NarClassLoader[./work/nar/extensions/nifi-couchbase-services-api-nar-1.24.0.nar-unpacked]
2025-10-16 10:51:07,075 INFO [main] org.apache.nifi.nar.NarClassLoaders Loaded NAR file: /opt/nifi/nifi-current/./work/nar/extensions/nifi-hadoop-dbcp-service-nar-1.24.0.nar-unpacked as class loader org.apache.nifi.nar.NarClassLoader[./work/nar/extensions/nifi-hadoop-dbcp-service-nar-1.24.0.nar-unpacked]
2025-10-16 10:51:07,075 INFO [main] org.apache.nifi.nar.NarClassLoaders Loaded NAR file: /opt/nifi/nifi-current/./work/nar/extensions/nifi-dbcp-service-nar-1.24.0.nar-unpacked as class loader org.apache.nifi.nar.NarClassLoader[./work/nar/extensions/nifi-dbcp-service-nar-1.24.0.nar-unpacked]
2025-10-16 10:51:07,076 INFO [main] org.apache.nifi.nar.NarClassLoaders Loaded NAR file: /opt/nifi/nifi-current/./work/nar/extensions/nifi-standard-shared-nar-1.24.0.nar-unpacked as class loader org.apache.nifi.nar.NarClassLoader[./work/nar/extensions/nifi-standard-shared-nar-1.24.0.nar-unpacked]
2025-10-16 10:51:07,082 INFO [main] org.apache.nifi.nar.NarClassLoaders Loaded NAR file: /opt/nifi/nifi-current/./work/nar/extensions/nifi-hbase_2-client-service-nar-1.24.0.nar-unpacked as class loader org.apache.nifi.nar.NarClassLoader[./work/nar/extensions/nifi-hbase_2-client-service-nar-1.24.0.nar-unpacked]
2025-10-16 10:51:07,097 INFO [main] org.apache.nifi.nar.NarClassLoaders Loaded NAR file: /opt/nifi/nifi-current/./work/nar/extensions/nifi-hubspot-nar-1.24.0.nar-unpacked as class loader org.apache.nifi.nar.NarClassLoader[./work/nar/extensions/nifi-hubspot-nar-1.24.0.nar-unpacked]
2025-10-16 10:51:07,097 INFO [main] org.apache.nifi.nar.NarClassLoaders Loaded NAR file: /opt/nifi/nifi-current/./work/nar/extensions/nifi-cassandra-services-api-nar-1.24.0.nar-unpacked as class loader org.apache.nifi.nar.NarClassLoader[./work/nar/extensions/nifi-cassandra-services-api-nar-1.24.0.nar-unpacked]
2025-10-16 10:51:07,100 INFO [main] org.apache.nifi.nar.NarClassLoaders Loaded NAR file: /opt/nifi/nifi-current/./work/nar/extensions/nifi-mongodb-client-service-api-nar-1.24.0.nar-unpacked as class loader org.apache.nifi.nar.NarClassLoader[./work/nar/extensions/nifi-mongodb-client-service-api-nar-1.24.0.nar-unpacked]
2025-10-16 10:51:07,100 INFO [main] org.apache.nifi.nar.NarClassLoaders Loaded NAR file: /opt/nifi/nifi-current/./work/nar/extensions/nifi-grpc-nar-1.24.0.nar-unpacked as class loader org.apache.nifi.nar.NarClassLoader[./work/nar/extensions/nifi-grpc-nar-1.24.0.nar-unpacked]
2025-10-16 10:51:07,102 INFO [main] org.apache.nifi.nar.NarClassLoaders Loaded NAR file: /opt/nifi/nifi-current/./work/nar/extensions/nifi-web-client-provider-service-nar-1.24.0.nar-unpacked as class loader org.apache.nifi.nar.NarClassLoader[./work/nar/extensions/nifi-web-client-provider-service-nar-1.24.0.nar-unpacked]
2025-10-16 10:51:07,103 INFO [main] org.apache.nifi.nar.NarClassLoaders Loaded NAR file: /opt/nifi/nifi-current/./work/nar/extensions/nifi-metrics-reporting-nar-1.24.0.nar-unpacked as class loader org.apache.nifi.nar.NarClassLoader[./work/nar/extensions/nifi-metrics-reporting-nar-1.24.0.nar-unpacked]
2025-10-16 10:51:07,103 INFO [main] org.apache.nifi.nar.NarClassLoaders Loaded NAR file: /opt/nifi/nifi-current/./work/nar/extensions/nifi-zendesk-nar-1.24.0.nar-unpacked as class loader org.apache.nifi.nar.NarClassLoader[./work/nar/extensions/nifi-zendesk-nar-1.24.0.nar-unpacked]
2025-10-16 10:51:07,103 INFO [main] org.apache.nifi.nar.NarClassLoaders Loaded NAR file: /opt/nifi/nifi-current/./work/nar/extensions/nifi-shopify-nar-1.24.0.nar-unpacked as class loader org.apache.nifi.nar.NarClassLoader[./work/nar/extensions/nifi-shopify-nar-1.24.0.nar-unpacked]
2025-10-16 10:51:07,104 INFO [main] org.apache.nifi.nar.NarClassLoaders Loaded NAR file: /opt/nifi/nifi-current/./work/nar/extensions/nifi-cassandra-services-nar-1.24.0.nar-unpacked as class loader org.apache.nifi.nar.NarClassLoader[./work/nar/extensions/nifi-cassandra-services-nar-1.24.0.nar-unpacked]
2025-10-16 10:51:07,106 INFO [main] org.apache.nifi.nar.NarClassLoaders Loaded NAR file: /opt/nifi/nifi-current/./work/nar/extensions/nifi-redis-service-api-nar-1.24.0.nar-unpacked as class loader org.apache.nifi.nar.NarClassLoader[./work/nar/extensions/nifi-redis-service-api-nar-1.24.0.nar-unpacked]
2025-10-16 10:51:07,107 INFO [main] org.apache.nifi.nar.NarClassLoaders Loaded NAR file: /opt/nifi/nifi-current/./work/nar/extensions/nifi-jolt-record-nar-1.24.0.nar-unpacked as class loader org.apache.nifi.nar.NarClassLoader[./work/nar/extensions/nifi-jolt-record-nar-1.24.0.nar-unpacked]
2025-10-16 10:51:07,107 INFO [main] org.apache.nifi.nar.NarClassLoaders Loaded NAR file: /opt/nifi/nifi-current/./work/nar/extensions/nifi-site-to-site-reporting-nar-1.24.0.nar-unpacked as class loader org.apache.nifi.nar.NarClassLoader[./work/nar/extensions/nifi-site-to-site-reporting-nar-1.24.0.nar-unpacked]
2025-10-16 10:51:07,108 INFO [main] org.apache.nifi.nar.NarClassLoaders Loaded NAR file: /opt/nifi/nifi-current/./work/nar/extensions/nifi-hazelcast-services-nar-1.24.0.nar-unpacked as class loader org.apache.nifi.nar.NarClassLoader[./work/nar/extensions/nifi-hazelcast-services-nar-1.24.0.nar-unpacked]
2025-10-16 10:51:07,110 INFO [main] org.apache.nifi.nar.NarClassLoaders Loaded NAR file: /opt/nifi/nifi-current/./work/nar/extensions/nifi-datadog-nar-1.24.0.nar-unpacked as class loader org.apache.nifi.nar.NarClassLoader[./work/nar/extensions/nifi-datadog-nar-1.24.0.nar-unpacked]
2025-10-16 10:51:07,112 INFO [main] org.apache.nifi.nar.NarClassLoaders Loaded NAR file: /opt/nifi/nifi-current/./work/nar/extensions/nifi-couchbase-nar-1.24.0.nar-unpacked as class loader org.apache.nifi.nar.NarClassLoader[./work/nar/extensions/nifi-couchbase-nar-1.24.0.nar-unpacked]
2025-10-16 10:51:07,112 INFO [main] org.apache.nifi.nar.NarClassLoaders Loaded NAR file: /opt/nifi/nifi-current/./work/nar/extensions/nifi-kafka-2-6-nar-1.24.0.nar-unpacked as class loader org.apache.nifi.nar.NarClassLoader[./work/nar/extensions/nifi-kafka-2-6-nar-1.24.0.nar-unpacked]
2025-10-16 10:51:07,113 INFO [main] org.apache.nifi.nar.NarClassLoaders Loaded NAR file: /opt/nifi/nifi-current/./work/nar/extensions/nifi-network-processors-nar-1.24.0.nar-unpacked as class loader org.apache.nifi.nar.NarClassLoader[./work/nar/extensions/nifi-network-processors-nar-1.24.0.nar-unpacked]
2025-10-16 10:51:07,114 INFO [main] org.apache.nifi.nar.NarClassLoaders Loaded NAR file: /opt/nifi/nifi-current/./work/nar/extensions/nifi-record-sink-service-nar-1.24.0.nar-unpacked as class loader org.apache.nifi.nar.NarClassLoader[./work/nar/extensions/nifi-record-sink-service-nar-1.24.0.nar-unpacked]
2025-10-16 10:51:07,114 INFO [main] org.apache.nifi.nar.NarClassLoaders Loaded NAR file: /opt/nifi/nifi-current/./work/nar/extensions/nifi-key-service-nar-1.24.0.nar-unpacked as class loader org.apache.nifi.nar.NarClassLoader[./work/nar/extensions/nifi-key-service-nar-1.24.0.nar-unpacked]
2025-10-16 10:51:07,115 INFO [main] org.apache.nifi.nar.NarClassLoaders Loaded NAR file: /opt/nifi/nifi-current/./work/nar/extensions/nifi-stateless-processor-nar-1.24.0.nar-unpacked as class loader org.apache.nifi.nar.NarClassLoader[./work/nar/extensions/nifi-stateless-processor-nar-1.24.0.nar-unpacked]
2025-10-16 10:51:07,116 INFO [main] org.apache.nifi.nar.NarClassLoaders Loaded NAR file: /opt/nifi/nifi-current/./work/nar/extensions/nifi-hbase-nar-1.24.0.nar-unpacked as class loader org.apache.nifi.nar.NarClassLoader[./work/nar/extensions/nifi-hbase-nar-1.24.0.nar-unpacked]
2025-10-16 10:51:07,116 INFO [main] org.apache.nifi.nar.NarClassLoaders Loaded NAR file: /opt/nifi/nifi-current/./work/nar/extensions/nifi-jslt-nar-1.24.0.nar-unpacked as class loader org.apache.nifi.nar.NarClassLoader[./work/nar/extensions/nifi-jslt-nar-1.24.0.nar-unpacked]
2025-10-16 10:51:07,117 INFO [main] org.apache.nifi.nar.NarClassLoaders Loaded NAR file: /opt/nifi/nifi-current/./work/nar/extensions/nifi-smb-client-api-nar-1.24.0.nar-unpacked as class loader org.apache.nifi.nar.NarClassLoader[./work/nar/extensions/nifi-smb-client-api-nar-1.24.0.nar-unpacked]
2025-10-16 10:51:07,117 INFO [main] org.apache.nifi.nar.NarClassLoaders Loaded NAR file: /opt/nifi/nifi-current/./work/nar/extensions/nifi-registry-nar-1.24.0.nar-unpacked as class loader org.apache.nifi.nar.NarClassLoader[./work/nar/extensions/nifi-registry-nar-1.24.0.nar-unpacked]
2025-10-16 10:51:07,118 INFO [main] org.apache.nifi.nar.NarClassLoaders Loaded NAR file: /opt/nifi/nifi-current/./work/nar/extensions/nifi-redis-nar-1.24.0.nar-unpacked as class loader org.apache.nifi.nar.NarClassLoader[./work/nar/extensions/nifi-redis-nar-1.24.0.nar-unpacked]
2025-10-16 10:51:07,118 INFO [main] org.apache.nifi.nar.NarClassLoaders Loaded NAR file: /opt/nifi/nifi-current/./work/nar/extensions/nifi-pgp-service-api-nar-1.24.0.nar-unpacked as class loader org.apache.nifi.nar.NarClassLoader[./work/nar/extensions/nifi-pgp-service-api-nar-1.24.0.nar-unpacked]
2025-10-16 10:51:07,119 INFO [main] org.apache.nifi.nar.NarClassLoaders Loaded NAR file: /opt/nifi/nifi-current/./work/nar/extensions/nifi-aws-service-api-nar-1.24.0.nar-unpacked as class loader org.apache.nifi.nar.NarClassLoader[./work/nar/extensions/nifi-aws-service-api-nar-1.24.0.nar-unpacked]
2025-10-16 10:51:07,120 INFO [main] org.apache.nifi.nar.NarClassLoaders Loaded NAR file: /opt/nifi/nifi-current/./work/nar/extensions/nifi-dropbox-services-api-nar-1.24.0.nar-unpacked as class loader org.apache.nifi.nar.NarClassLoader[./work/nar/extensions/nifi-dropbox-services-api-nar-1.24.0.nar-unpacked]
2025-10-16 10:51:07,120 INFO [main] org.apache.nifi.nar.NarClassLoaders Loaded NAR file: /opt/nifi/nifi-current/./work/nar/extensions/nifi-flow-registry-client-nar-1.24.0.nar-unpacked as class loader org.apache.nifi.nar.NarClassLoader[./work/nar/extensions/nifi-flow-registry-client-nar-1.24.0.nar-unpacked]
2025-10-16 10:51:07,122 INFO [main] org.apache.nifi.nar.NarClassLoaders Loaded NAR file: /opt/nifi/nifi-current/./work/nar/extensions/nifi-gcp-services-api-nar-1.24.0.nar-unpacked as class loader org.apache.nifi.nar.NarClassLoader[./work/nar/extensions/nifi-gcp-services-api-nar-1.24.0.nar-unpacked]
2025-10-16 10:51:07,123 INFO [main] org.apache.nifi.nar.NarClassLoaders Loaded NAR file: /opt/nifi/nifi-current/./work/nar/extensions/nifi-elasticsearch-client-service-api-nar-1.24.0.nar-unpacked as class loader org.apache.nifi.nar.NarClassLoader[./work/nar/extensions/nifi-elasticsearch-client-service-api-nar-1.24.0.nar-unpacked]
2025-10-16 10:51:07,123 INFO [main] org.apache.nifi.nar.NarClassLoaders Loaded NAR file: /opt/nifi/nifi-current/./work/nar/extensions/nifi-airtable-nar-1.24.0.nar-unpacked as class loader org.apache.nifi.nar.NarClassLoader[./work/nar/extensions/nifi-airtable-nar-1.24.0.nar-unpacked]
2025-10-16 10:51:07,123 INFO [main] org.apache.nifi.nar.NarClassLoaders Loaded NAR file: /opt/nifi/nifi-current/./work/nar/extensions/nifi-language-translation-nar-1.24.0.nar-unpacked as class loader org.apache.nifi.nar.NarClassLoader[./work/nar/extensions/nifi-language-translation-nar-1.24.0.nar-unpacked]
2025-10-16 10:51:07,124 INFO [main] org.apache.nifi.nar.NarClassLoaders Loaded NAR file: /opt/nifi/nifi-current/./work/nar/extensions/nifi-cipher-nar-1.24.0.nar-unpacked as class loader org.apache.nifi.nar.NarClassLoader[./work/nar/extensions/nifi-cipher-nar-1.24.0.nar-unpacked]
2025-10-16 10:51:07,125 INFO [main] org.apache.nifi.nar.NarClassLoaders Loaded NAR file: /opt/nifi/nifi-current/./work/nar/extensions/nifi-snmp-nar-1.24.0.nar-unpacked as class loader org.apache.nifi.nar.NarClassLoader[./work/nar/extensions/nifi-snmp-nar-1.24.0.nar-unpacked]
2025-10-16 10:51:07,125 INFO [main] org.apache.nifi.nar.NarClassLoaders Loaded NAR file: /opt/nifi/nifi-current/./work/nar/extensions/nifi-oauth2-provider-nar-1.24.0.nar-unpacked as class loader org.apache.nifi.nar.NarClassLoader[./work/nar/extensions/nifi-oauth2-provider-nar-1.24.0.nar-unpacked]
2025-10-16 10:51:07,125 INFO [main] org.apache.nifi.nar.NarClassLoaders Loaded NAR file: /opt/nifi/nifi-current/./work/nar/extensions/nifi-elasticsearch-nar-1.24.0.nar-unpacked as class loader org.apache.nifi.nar.NarClassLoader[./work/nar/extensions/nifi-elasticsearch-nar-1.24.0.nar-unpacked]
2025-10-16 10:51:07,126 INFO [main] org.apache.nifi.nar.NarClassLoaders Loaded NAR file: /opt/nifi/nifi-current/./work/nar/extensions/nifi-elasticsearch-restapi-nar-1.24.0.nar-unpacked as class loader org.apache.nifi.nar.NarClassLoader[./work/nar/extensions/nifi-elasticsearch-restapi-nar-1.24.0.nar-unpacked]
2025-10-16 10:51:07,126 INFO [main] org.apache.nifi.nar.NarClassLoaders Loaded NAR file: /opt/nifi/nifi-current/./work/nar/extensions/nifi-box-services-api-nar-1.24.0.nar-unpacked as class loader org.apache.nifi.nar.NarClassLoader[./work/nar/extensions/nifi-box-services-api-nar-1.24.0.nar-unpacked]
2025-10-16 10:51:07,127 INFO [main] org.apache.nifi.nar.NarClassLoaders Loaded NAR file: /opt/nifi/nifi-current/./work/nar/extensions/nifi-salesforce-nar-1.24.0.nar-unpacked as class loader org.apache.nifi.nar.NarClassLoader[./work/nar/extensions/nifi-salesforce-nar-1.24.0.nar-unpacked]
2025-10-16 10:51:07,129 INFO [main] org.apache.nifi.nar.NarClassLoaders Loaded NAR file: /opt/nifi/nifi-current/./work/nar/extensions/nifi-geohash-nar-1.24.0.nar-unpacked as class loader org.apache.nifi.nar.NarClassLoader[./work/nar/extensions/nifi-geohash-nar-1.24.0.nar-unpacked]
2025-10-16 10:51:07,129 INFO [main] org.apache.nifi.nar.NarClassLoaders Loaded NAR file: /opt/nifi/nifi-current/./work/nar/extensions/nifi-cdc-mysql-nar-1.24.0.nar-unpacked as class loader org.apache.nifi.nar.NarClassLoader[./work/nar/extensions/nifi-cdc-mysql-nar-1.24.0.nar-unpacked]
2025-10-16 10:51:07,130 INFO [main] org.apache.nifi.nar.NarClassLoaders Loaded NAR file: /opt/nifi/nifi-current/./work/nar/extensions/nifi-slack-nar-1.24.0.nar-unpacked as class loader org.apache.nifi.nar.NarClassLoader[./work/nar/extensions/nifi-slack-nar-1.24.0.nar-unpacked]
2025-10-16 10:51:07,130 INFO [main] org.apache.nifi.nar.NarClassLoaders Loaded NAR file: /opt/nifi/nifi-current/./work/nar/extensions/nifi-hashicorp-vault-client-service-api-nar-1.24.0.nar-unpacked as class loader org.apache.nifi.nar.NarClassLoader[./work/nar/extensions/nifi-hashicorp-vault-client-service-api-nar-1.24.0.nar-unpacked]
2025-10-16 10:51:07,130 INFO [main] org.apache.nifi.nar.NarClassLoaders Loaded NAR file: /opt/nifi/nifi-current/./work/nar/extensions/nifi-pgp-nar-1.24.0.nar-unpacked as class loader org.apache.nifi.nar.NarClassLoader[./work/nar/extensions/nifi-pgp-nar-1.24.0.nar-unpacked]
2025-10-16 10:51:07,131 INFO [main] org.apache.nifi.nar.NarClassLoaders Loaded NAR file: /opt/nifi/nifi-current/./work/nar/extensions/nifi-scripting-nar-1.24.0.nar-unpacked as class loader org.apache.nifi.nar.NarClassLoader[./work/nar/extensions/nifi-scripting-nar-1.24.0.nar-unpacked]
2025-10-16 10:51:07,137 INFO [main] org.apache.nifi.nar.NarClassLoaders Loaded NAR file: /opt/nifi/nifi-current/./work/nar/extensions/nifi-elasticsearch-client-service-nar-1.24.0.nar-unpacked as class loader org.apache.nifi.nar.NarClassLoader[./work/nar/extensions/nifi-elasticsearch-client-service-nar-1.24.0.nar-unpacked]
2025-10-16 10:51:07,138 INFO [main] org.apache.nifi.nar.NarClassLoaders Loaded NAR file: /opt/nifi/nifi-current/./work/nar/extensions/nifi-mongodb-services-nar-1.24.0.nar-unpacked as class loader org.apache.nifi.nar.NarClassLoader[./work/nar/extensions/nifi-mongodb-services-nar-1.24.0.nar-unpacked]
2025-10-16 10:51:07,139 INFO [main] org.apache.nifi.nar.NarClassLoaders Loaded NAR file: /opt/nifi/nifi-current/./work/nar/extensions/nifi-record-serialization-services-nar-1.24.0.nar-unpacked as class loader org.apache.nifi.nar.NarClassLoader[./work/nar/extensions/nifi-record-serialization-services-nar-1.24.0.nar-unpacked]
2025-10-16 10:51:07,142 INFO [main] org.apache.nifi.nar.NarClassLoaders Loaded NAR file: /opt/nifi/nifi-current/./work/nar/extensions/nifi-social-media-nar-1.24.0.nar-unpacked as class loader org.apache.nifi.nar.NarClassLoader[./work/nar/extensions/nifi-social-media-nar-1.24.0.nar-unpacked]
2025-10-16 10:51:07,143 INFO [main] org.apache.nifi.nar.NarClassLoaders Loaded NAR file: /opt/nifi/nifi-current/./work/nar/extensions/nifi-jms-cf-service-nar-1.24.0.nar-unpacked as class loader org.apache.nifi.nar.NarClassLoader[./work/nar/extensions/nifi-jms-cf-service-nar-1.24.0.nar-unpacked]
2025-10-16 10:51:07,143 INFO [main] org.apache.nifi.nar.NarClassLoaders Loaded NAR file: /opt/nifi/nifi-current/./work/nar/extensions/nifi-hadoop-libraries-nar-1.24.0.nar-unpacked as class loader org.apache.nifi.nar.NarClassLoader[./work/nar/extensions/nifi-hadoop-libraries-nar-1.24.0.nar-unpacked]
2025-10-16 10:51:07,148 INFO [main] org.apache.nifi.nar.NarClassLoaders Loaded NAR file: /opt/nifi/nifi-current/./work/nar/extensions/nifi-poi-nar-1.24.0.nar-unpacked as class loader org.apache.nifi.nar.NarClassLoader[./work/nar/extensions/nifi-poi-nar-1.24.0.nar-unpacked]
2025-10-16 10:51:07,150 INFO [main] org.apache.nifi.nar.NarClassLoaders Loaded NAR file: /opt/nifi/nifi-current/./work/nar/extensions/nifi-dropbox-processors-nar-1.24.0.nar-unpacked as class loader org.apache.nifi.nar.NarClassLoader[./work/nar/extensions/nifi-dropbox-processors-nar-1.24.0.nar-unpacked]
2025-10-16 10:51:07,151 INFO [main] org.apache.nifi.nar.NarClassLoaders Loaded NAR file: /opt/nifi/nifi-current/./work/nar/extensions/nifi-hadoop-nar-1.24.0.nar-unpacked as class loader org.apache.nifi.nar.NarClassLoader[./work/nar/extensions/nifi-hadoop-nar-1.24.0.nar-unpacked]
2025-10-16 10:51:07,152 INFO [main] org.apache.nifi.nar.NarClassLoaders Loaded NAR file: /opt/nifi/nifi-current/./work/nar/extensions/nifi-dropbox-services-nar-1.24.0.nar-unpacked as class loader org.apache.nifi.nar.NarClassLoader[./work/nar/extensions/nifi-dropbox-services-nar-1.24.0.nar-unpacked]
2025-10-16 10:51:07,152 INFO [main] org.apache.nifi.nar.NarClassLoaders Loaded NAR file: /opt/nifi/nifi-current/./work/nar/extensions/nifi-parquet-nar-1.24.0.nar-unpacked as class loader org.apache.nifi.nar.NarClassLoader[./work/nar/extensions/nifi-parquet-nar-1.24.0.nar-unpacked]
2025-10-16 10:51:07,154 INFO [main] org.apache.nifi.nar.NarClassLoaders Loaded NAR file: /opt/nifi/nifi-current/./work/nar/extensions/nifi-solr-nar-1.24.0.nar-unpacked as class loader org.apache.nifi.nar.NarClassLoader[./work/nar/extensions/nifi-solr-nar-1.24.0.nar-unpacked]
2025-10-16 10:51:07,156 INFO [main] org.apache.nifi.nar.NarClassLoaders Loaded NAR file: /opt/nifi/nifi-current/./work/nar/extensions/nifi-confluent-platform-nar-1.24.0.nar-unpacked as class loader org.apache.nifi.nar.NarClassLoader[./work/nar/extensions/nifi-confluent-platform-nar-1.24.0.nar-unpacked]
2025-10-16 10:51:07,157 INFO [main] org.apache.nifi.nar.NarClassLoaders Loaded NAR file: /opt/nifi/nifi-current/./work/nar/extensions/nifi-groovyx-nar-1.24.0.nar-unpacked as class loader org.apache.nifi.nar.NarClassLoader[./work/nar/extensions/nifi-groovyx-nar-1.24.0.nar-unpacked]
2025-10-16 10:51:07,159 INFO [main] org.apache.nifi.nar.NarClassLoaders Loaded NAR file: /opt/nifi/nifi-current/./work/nar/extensions/nifi-kudu-nar-1.24.0.nar-unpacked as class loader org.apache.nifi.nar.NarClassLoader[./work/nar/extensions/nifi-kudu-nar-1.24.0.nar-unpacked]
2025-10-16 10:51:07,163 INFO [main] org.apache.nifi.nar.NarClassLoaders Loaded NAR file: /opt/nifi/nifi-current/./work/nar/extensions/nifi-enrich-nar-1.24.0.nar-unpacked as class loader org.apache.nifi.nar.NarClassLoader[./work/nar/extensions/nifi-enrich-nar-1.24.0.nar-unpacked]
2025-10-16 10:51:07,163 INFO [main] org.apache.nifi.nar.NarClassLoaders Loaded NAR file: /opt/nifi/nifi-current/./work/nar/extensions/nifi-cassandra-nar-1.24.0.nar-unpacked as class loader org.apache.nifi.nar.NarClassLoader[./work/nar/extensions/nifi-cassandra-nar-1.24.0.nar-unpacked]
2025-10-16 10:51:07,165 INFO [main] org.apache.nifi.nar.NarClassLoaders Loaded NAR file: /opt/nifi/nifi-current/./work/nar/extensions/nifi-gcp-nar-1.24.0.nar-unpacked as class loader org.apache.nifi.nar.NarClassLoader[./work/nar/extensions/nifi-gcp-nar-1.24.0.nar-unpacked]
2025-10-16 10:51:07,192 INFO [main] org.apache.nifi.nar.NarClassLoaders Loaded NAR file: /opt/nifi/nifi-current/./work/nar/extensions/nifi-box-nar-1.24.0.nar-unpacked as class loader org.apache.nifi.nar.NarClassLoader[./work/nar/extensions/nifi-box-nar-1.24.0.nar-unpacked]
2025-10-16 10:51:07,193 INFO [main] org.apache.nifi.nar.NarClassLoaders Loaded NAR file: /opt/nifi/nifi-current/./work/nar/extensions/nifi-avro-nar-1.24.0.nar-unpacked as class loader org.apache.nifi.nar.NarClassLoader[./work/nar/extensions/nifi-avro-nar-1.24.0.nar-unpacked]
2025-10-16 10:51:07,194 INFO [main] org.apache.nifi.nar.NarClassLoaders Loaded NAR file: /opt/nifi/nifi-current/./work/nar/extensions/nifi-standard-nar-1.24.0.nar-unpacked as class loader org.apache.nifi.nar.NarClassLoader[./work/nar/extensions/nifi-standard-nar-1.24.0.nar-unpacked]
2025-10-16 10:51:07,201 INFO [main] org.apache.nifi.nar.NarClassLoaders Loaded NAR file: /opt/nifi/nifi-current/./work/nar/extensions/nifi-mongodb-nar-1.24.0.nar-unpacked as class loader org.apache.nifi.nar.NarClassLoader[./work/nar/extensions/nifi-mongodb-nar-1.24.0.nar-unpacked]
2025-10-16 10:51:07,203 INFO [main] org.apache.nifi.nar.NarClassLoaders Loaded NAR file: /opt/nifi/nifi-current/./work/nar/extensions/nifi-hashicorp-vault-nar-1.24.0.nar-unpacked as class loader org.apache.nifi.nar.NarClassLoader[./work/nar/extensions/nifi-hashicorp-vault-nar-1.24.0.nar-unpacked]
2025-10-16 10:51:07,204 INFO [main] org.apache.nifi.nar.NarClassLoaders Loaded NAR file: /opt/nifi/nifi-current/./work/nar/extensions/nifi-smb-smbj-client-nar-1.24.0.nar-unpacked as class loader org.apache.nifi.nar.NarClassLoader[./work/nar/extensions/nifi-smb-smbj-client-nar-1.24.0.nar-unpacked]
2025-10-16 10:51:07,205 INFO [main] org.apache.nifi.nar.NarClassLoaders Loaded NAR file: /opt/nifi/nifi-current/./work/nar/extensions/nifi-mqtt-nar-1.24.0.nar-unpacked as class loader org.apache.nifi.nar.NarClassLoader[./work/nar/extensions/nifi-mqtt-nar-1.24.0.nar-unpacked]
2025-10-16 10:51:07,206 INFO [main] org.apache.nifi.nar.NarClassLoaders Loaded NAR file: /opt/nifi/nifi-current/./work/nar/extensions/nifi-azure-services-api-nar-1.24.0.nar-unpacked as class loader org.apache.nifi.nar.NarClassLoader[./work/nar/extensions/nifi-azure-services-api-nar-1.24.0.nar-unpacked]
2025-10-16 10:51:07,210 INFO [main] org.apache.nifi.nar.NarClassLoaders Loaded NAR file: /opt/nifi/nifi-current/./work/nar/extensions/nifi-lookup-services-nar-1.24.0.nar-unpacked as class loader org.apache.nifi.nar.NarClassLoader[./work/nar/extensions/nifi-lookup-services-nar-1.24.0.nar-unpacked]
2025-10-16 10:51:07,212 INFO [main] org.apache.nifi.nar.NarClassLoaders Loaded NAR file: /opt/nifi/nifi-current/./work/nar/extensions/nifi-opentelemetry-nar-1.24.0.nar-unpacked as class loader org.apache.nifi.nar.NarClassLoader[./work/nar/extensions/nifi-opentelemetry-nar-1.24.0.nar-unpacked]
2025-10-16 10:51:07,213 INFO [main] org.apache.nifi.nar.NarClassLoaders Loaded NAR file: /opt/nifi/nifi-current/./work/nar/extensions/nifi-smb-nar-1.24.0.nar-unpacked as class loader org.apache.nifi.nar.NarClassLoader[./work/nar/extensions/nifi-smb-nar-1.24.0.nar-unpacked]
2025-10-16 10:51:07,213 INFO [main] org.apache.nifi.nar.NarClassLoaders Loaded NAR file: /opt/nifi/nifi-current/./work/nar/extensions/nifi-splunk-nar-1.24.0.nar-unpacked as class loader org.apache.nifi.nar.NarClassLoader[./work/nar/extensions/nifi-splunk-nar-1.24.0.nar-unpacked]
2025-10-16 10:51:07,214 INFO [main] org.apache.nifi.nar.NarClassLoaders Loaded NAR file: /opt/nifi/nifi-current/./work/nar/extensions/nifi-aws-nar-1.24.0.nar-unpacked as class loader org.apache.nifi.nar.NarClassLoader[./work/nar/extensions/nifi-aws-nar-1.24.0.nar-unpacked]
2025-10-16 10:51:07,218 INFO [main] org.apache.nifi.nar.NarClassLoaders Loaded NAR file: /opt/nifi/nifi-current/./work/nar/extensions/nifi-jms-processors-nar-1.24.0.nar-unpacked as class loader org.apache.nifi.nar.NarClassLoader[./work/nar/extensions/nifi-jms-processors-nar-1.24.0.nar-unpacked]
2025-10-16 10:51:07,219 INFO [main] org.apache.nifi.nar.NarClassLoaders Loaded NAR file: /opt/nifi/nifi-current/./work/nar/extensions/nifi-pgp-service-nar-1.24.0.nar-unpacked as class loader org.apache.nifi.nar.NarClassLoader[./work/nar/extensions/nifi-pgp-service-nar-1.24.0.nar-unpacked]
2025-10-16 10:51:07,219 INFO [main] org.apache.nifi.nar.NarClassLoaders Loaded NAR file: /opt/nifi/nifi-current/./work/nar/extensions/nifi-box-services-nar-1.24.0.nar-unpacked as class loader org.apache.nifi.nar.NarClassLoader[./work/nar/extensions/nifi-box-services-nar-1.24.0.nar-unpacked]
2025-10-16 10:51:07,220 INFO [main] org.apache.nifi.nar.NarClassLoaders Loaded NAR file: /opt/nifi/nifi-current/./work/nar/extensions/nifi-azure-nar-1.24.0.nar-unpacked as class loader org.apache.nifi.nar.NarClassLoader[./work/nar/extensions/nifi-azure-nar-1.24.0.nar-unpacked]
2025-10-16 10:51:07,228 INFO [main] org.apache.nifi.nar.NarClassLoaders Found NiFiServer implementation org.apache.nifi.web.server.JettyServer in org.apache.nifi:nifi-server-nar:1.24.0
2025-10-16 10:51:07,248 INFO [main] org.eclipse.jetty.util.log Logging initialized @5842ms to org.eclipse.jetty.util.log.Slf4jLog
2025-10-16 10:51:07,318 INFO [main] org.apache.nifi.web.server.JettyServer Loading WAR [/opt/nifi/nifi-current/./work/nar/extensions/nifi-update-attribute-nar-1.24.0.nar-unpacked/NAR-INF/bundled-dependencies/nifi-update-attribute-ui-1.24.0.war] Context Path [/nifi-update-attribute-ui-1.24.0]
2025-10-16 10:51:07,318 INFO [main] org.apache.nifi.web.server.JettyServer Loading UI extension [ProcessorConfiguration, /nifi-update-attribute-ui-1.24.0] for org.apache.nifi.processors.attributes.UpdateAttribute:org.apache.nifi:nifi-update-attribute-nar:1.24.0
2025-10-16 10:51:07,319 INFO [main] org.apache.nifi.web.server.JettyServer Loading WAR [/opt/nifi/nifi-current/./work/nar/extensions/nifi-image-viewer-nar-1.24.0.nar-unpacked/NAR-INF/bundled-dependencies/nifi-image-viewer-1.24.0.war] Context Path [/nifi-image-viewer-1.24.0]
2025-10-16 10:51:07,319 INFO [main] org.apache.nifi.web.server.JettyServer Loading WAR [/opt/nifi/nifi-current/./work/nar/extensions/nifi-standard-nar-1.24.0.nar-unpacked/NAR-INF/bundled-dependencies/nifi-standard-content-viewer-1.24.0.war] Context Path [/nifi-standard-content-viewer-1.24.0]
2025-10-16 10:51:07,320 INFO [main] org.apache.nifi.web.server.JettyServer Loading WAR [/opt/nifi/nifi-current/./work/nar/extensions/nifi-standard-nar-1.24.0.nar-unpacked/NAR-INF/bundled-dependencies/nifi-jolt-transform-json-ui-1.24.0.war] Context Path [/nifi-jolt-transform-json-ui-1.24.0]
2025-10-16 10:51:07,321 INFO [main] org.apache.nifi.web.server.JettyServer Loading UI extension [ProcessorConfiguration, /nifi-jolt-transform-json-ui-1.24.0] for org.apache.nifi.processors.standard.JoltTransformJSON:org.apache.nifi:nifi-standard-nar:1.24.0
2025-10-16 10:51:07,322 INFO [main] org.apache.nifi.web.server.JettyServer Loading WAR [/opt/nifi/nifi-current/./work/nar/extensions/nifi-server-nar-1.24.0.nar-unpacked/NAR-INF/bundled-dependencies/nifi-web-ui-1.24.0.war] Context Path [/nifi]
2025-10-16 10:51:07,323 INFO [main] org.apache.nifi.web.server.JettyServer Loading WAR [/opt/nifi/nifi-current/./work/nar/extensions/nifi-server-nar-1.24.0.nar-unpacked/NAR-INF/bundled-dependencies/nifi-web-api-1.24.0.war] Context Path [/nifi-api]
2025-10-16 10:51:07,323 INFO [main] org.apache.nifi.web.server.JettyServer Loading WAR [/opt/nifi/nifi-current/./work/nar/extensions/nifi-server-nar-1.24.0.nar-unpacked/NAR-INF/bundled-dependencies/nifi-web-content-viewer-1.24.0.war] Context Path [/nifi-content-viewer]
2025-10-16 10:51:07,323 INFO [main] org.apache.nifi.web.server.JettyServer Loading WAR [/opt/nifi/nifi-current/./work/nar/extensions/nifi-server-nar-1.24.0.nar-unpacked/NAR-INF/bundled-dependencies/nifi-web-docs-1.24.0.war] Context Path [/nifi-docs]
2025-10-16 10:51:07,325 INFO [main] org.apache.nifi.web.server.JettyServer Loading Docs [/opt/nifi/nifi-current/docs] Context Path [/nifi-docs]
2025-10-16 10:51:07,326 INFO [main] org.apache.nifi.web.server.JettyServer Loading WAR [/opt/nifi/nifi-current/./work/nar/extensions/nifi-server-nar-1.24.0.nar-unpacked/NAR-INF/bundled-dependencies/nifi-web-error-1.24.0.war] Context Path [/]
2025-10-16 10:51:07,340 INFO [main] o.a.n.n.StandardExtensionDiscoveringManager Loaded extensions for org.apache.nifi:nifi-jetty-bundle:1.24.0 in 1 millis
2025-10-16 10:51:07,344 INFO [main] o.a.n.n.StandardExtensionDiscoveringManager Loaded extensions for org.apache.nifi:nifi-framework-nar:1.24.0 in 4 millis
2025-10-16 10:51:07,345 INFO [main] o.a.n.n.StandardExtensionDiscoveringManager Loaded extensions for org.apache.nifi:nifi-update-attribute-nar:1.24.0 in 1 millis
2025-10-16 10:51:07,346 INFO [main] o.a.n.n.StandardExtensionDiscoveringManager Loaded extensions for org.apache.nifi:nifi-spring-nar:1.24.0 in 1 millis
2025-10-16 10:51:07,347 INFO [main] o.a.n.n.StandardExtensionDiscoveringManager Loaded extensions for org.apache.nifi:nifi-compress-nar:1.24.0 in 1 millis
2025-10-16 10:51:07,348 INFO [main] o.a.n.n.StandardExtensionDiscoveringManager Loaded extensions for org.apache.nifi:nifi-image-viewer-nar:1.24.0 in 1 millis
2025-10-16 10:51:07,349 INFO [main] o.a.n.n.StandardExtensionDiscoveringManager Loaded extensions for org.apache.nifi:nifi-ldap-iaa-providers-nar:1.24.0 in 1 millis
2025-10-16 10:51:07,380 INFO [main] o.a.n.n.StandardExtensionDiscoveringManager Loaded extensions for org.apache.nifi:nifi-provenance-repository-nar:1.24.0 in 31 millis
2025-10-16 10:51:07,381 INFO [main] o.a.n.n.StandardExtensionDiscoveringManager Loaded extensions for org.apache.nifi:nifi-standard-services-api-nar:1.24.0 in 1 millis
2025-10-16 10:51:07,383 INFO [main] o.a.n.n.StandardExtensionDiscoveringManager Loaded extensions for org.apache.nifi:nifi-email-nar:1.24.0 in 2 millis
2025-10-16 10:51:07,384 INFO [main] o.a.n.n.StandardExtensionDiscoveringManager Loaded extensions for org.apache.nifi:nifi-asana-services-api-nar:1.24.0 in 1 millis
2025-10-16 10:51:07,385 INFO [main] o.a.n.n.StandardExtensionDiscoveringManager Loaded extensions for org.apache.nifi:nifi-ambari-nar:1.24.0 in 1 millis
2025-10-16 10:51:07,386 INFO [main] o.a.n.n.StandardExtensionDiscoveringManager Loaded extensions for org.apache.nifi:nifi-windows-event-log-nar:1.24.0 in 1 millis
2025-10-16 10:51:07,388 INFO [main] o.a.n.n.StandardExtensionDiscoveringManager Loaded extensions for org.apache.nifi:nifi-ssl-context-service-nar:1.24.0 in 2 millis
2025-10-16 10:51:07,389 INFO [main] o.a.n.n.StandardExtensionDiscoveringManager Loaded extensions for org.apache.nifi:nifi-kerberos-iaa-providers-nar:1.24.0 in 1 millis
2025-10-16 10:51:07,390 INFO [main] o.a.n.n.StandardExtensionDiscoveringManager Loaded extensions for org.apache.nifi:nifi-html-nar:1.24.0 in 1 millis
2025-10-16 10:51:07,391 INFO [main] o.a.n.n.StandardExtensionDiscoveringManager Loaded extensions for org.apache.nifi:nifi-rethinkdb-nar:1.24.0 in 1 millis
2025-10-16 10:51:07,392 INFO [main] o.a.n.n.StandardExtensionDiscoveringManager Loaded extensions for org.apache.nifi:nifi-hl7-nar:1.24.0 in 1 millis
2025-10-16 10:51:07,393 INFO [main] o.a.n.n.StandardExtensionDiscoveringManager Loaded extensions for org.apache.nifi:nifi-cybersecurity-nar:1.24.0 in 1 millis
2025-10-16 10:51:07,395 INFO [main] o.a.n.n.StandardExtensionDiscoveringManager Loaded extensions for org.apache.nifi:nifi-http-context-map-nar:1.24.0 in 2 millis
2025-10-16 10:51:07,396 INFO [main] o.a.n.n.StandardExtensionDiscoveringManager Loaded extensions for org.apache.nifi:nifi-kafka-2-0-nar:1.24.0 in 1 millis
2025-10-16 10:51:07,397 INFO [main] o.a.n.n.StandardExtensionDiscoveringManager Loaded extensions for org.apache.nifi:nifi-ccda-nar:1.24.0 in 1 millis
2025-10-16 10:51:07,398 INFO [main] o.a.n.n.StandardExtensionDiscoveringManager Loaded extensions for org.apache.nifi:nifi-stateless-nar:1.24.0 in 1 millis
2025-10-16 10:51:07,401 INFO [main] o.a.n.n.StandardExtensionDiscoveringManager Loaded extensions for org.apache.nifi:nifi-server-nar:1.24.0 in 3 millis
2025-10-16 10:51:07,403 INFO [main] o.a.n.n.StandardExtensionDiscoveringManager Loaded extensions for org.apache.nifi:nifi-metrics-reporter-service-api-nar:1.24.0 in 2 millis
2025-10-16 10:51:07,404 INFO [main] o.a.n.n.StandardExtensionDiscoveringManager Loaded extensions for org.apache.nifi:nifi-prometheus-nar:1.24.0 in 1 millis
2025-10-16 10:51:07,405 INFO [main] o.a.n.n.StandardExtensionDiscoveringManager Loaded extensions for org.apache.nifi:nifi-evtx-nar:1.24.0 in 1 millis
2025-10-16 10:51:07,406 INFO [main] o.a.n.n.StandardExtensionDiscoveringManager Loaded extensions for org.apache.nifi:nifi-single-user-iaa-providers-nar:1.24.0 in 1 millis
2025-10-16 10:51:07,407 INFO [main] o.a.n.n.StandardExtensionDiscoveringManager Loaded extensions for org.apache.nifi:nifi-workday-processors-nar:1.24.0 in 1 millis
2025-10-16 10:51:07,409 INFO [main] o.a.n.n.StandardExtensionDiscoveringManager Loaded extensions for org.apache.nifi:nifi-asana-processors-nar:1.24.0 in 2 millis
2025-10-16 10:51:07,410 INFO [main] o.a.n.n.StandardExtensionDiscoveringManager Loaded extensions for org.apache.nifi:nifi-websocket-services-api-nar:1.24.0 in 1 millis
2025-10-16 10:51:07,412 INFO [main] o.a.n.n.StandardExtensionDiscoveringManager Loaded extensions for org.apache.nifi:nifi-kerberos-credentials-service-nar:1.24.0 in 2 millis
2025-10-16 10:51:07,412 INFO [main] o.a.n.n.StandardExtensionDiscoveringManager Loaded extensions for org.apache.nifi:nifi-tcp-nar:1.24.0 in 0 millis
2025-10-16 10:51:07,414 INFO [main] o.a.n.n.StandardExtensionDiscoveringManager Loaded extensions for org.apache.nifi:nifi-file-resource-service-nar:1.24.0 in 2 millis
2025-10-16 10:51:07,415 INFO [main] o.a.n.n.StandardExtensionDiscoveringManager Loaded extensions for org.apache.nifi:nifi-amqp-nar:1.24.0 in 1 millis
2025-10-16 10:51:07,416 INFO [main] o.a.n.n.StandardExtensionDiscoveringManager Loaded extensions for org.apache.nifi:nifi-kafka-1-0-nar:1.24.0 in 1 millis
2025-10-16 10:51:07,418 INFO [main] o.a.n.n.StandardExtensionDiscoveringManager Loaded extensions for org.apache.nifi:nifi-websocket-processors-nar:1.24.0 in 2 millis
2025-10-16 10:51:07,419 INFO [main] o.a.n.n.StandardExtensionDiscoveringManager Loaded extensions for org.apache.nifi:nifi-distributed-cache-services-nar:1.24.0 in 1 millis
2025-10-16 10:51:07,420 INFO [main] o.a.n.n.StandardExtensionDiscoveringManager Loaded extensions for org.apache.nifi:nifi-hazelcast-services-api-nar:1.24.0 in 1 millis
2025-10-16 10:51:07,422 INFO [main] o.a.n.n.StandardExtensionDiscoveringManager Loaded extensions for org.apache.nifi:nifi-stateful-analysis-nar:1.24.0 in 1 millis
2025-10-16 10:51:07,423 INFO [main] o.a.n.n.StandardExtensionDiscoveringManager Loaded extensions for org.apache.nifi:nifi-proxy-configuration-nar:1.24.0 in 1 millis
2025-10-16 10:51:07,424 INFO [main] o.a.n.n.StandardExtensionDiscoveringManager Loaded extensions for org.apache.nifi:nifi-kerberos-user-service-nar:1.24.0 in 1 millis
2025-10-16 10:51:07,426 INFO [main] o.a.n.n.StandardExtensionDiscoveringManager Loaded extensions for org.apache.nifi:nifi-websocket-services-jetty-nar:1.24.0 in 2 millis
2025-10-16 10:51:07,427 INFO [main] o.a.n.n.StandardExtensionDiscoveringManager Loaded extensions for org.apache.nifi:nifi-asana-services-nar:1.24.0 in 1 millis
2025-10-16 10:51:07,429 INFO [main] o.a.n.n.StandardExtensionDiscoveringManager Loaded extensions for org.apache.nifi:nifi-hwx-schema-registry-nar:1.24.0 in 2 millis
2025-10-16 10:51:07,430 INFO [main] o.a.n.n.StandardExtensionDiscoveringManager Loaded extensions for org.apache.nifi:nifi-couchbase-services-api-nar:1.24.0 in 1 millis
2025-10-16 10:51:07,431 INFO [main] o.a.n.n.StandardExtensionDiscoveringManager Loaded extensions for org.apache.nifi:nifi-hadoop-dbcp-service-nar:1.24.0 in 1 millis
2025-10-16 10:51:07,433 INFO [main] o.a.n.n.StandardExtensionDiscoveringManager Loaded extensions for org.apache.nifi:nifi-dbcp-service-nar:1.24.0 in 2 millis
2025-10-16 10:51:07,434 INFO [main] o.a.n.n.StandardExtensionDiscoveringManager Loaded extensions for org.apache.nifi:nifi-standard-shared-nar:1.24.0 in 1 millis
2025-10-16 10:51:07,436 INFO [main] o.a.n.n.StandardExtensionDiscoveringManager Loaded extensions for org.apache.nifi:nifi-hbase_2-client-service-nar:1.24.0 in 2 millis
2025-10-16 10:51:07,438 INFO [main] o.a.n.n.StandardExtensionDiscoveringManager Loaded extensions for org.apache.nifi:nifi-hubspot-nar:1.24.0 in 2 millis
2025-10-16 10:51:07,440 INFO [main] o.a.n.n.StandardExtensionDiscoveringManager Loaded extensions for org.apache.nifi:nifi-cassandra-services-api-nar:1.24.0 in 2 millis
2025-10-16 10:51:07,441 INFO [main] o.a.n.n.StandardExtensionDiscoveringManager Loaded extensions for org.apache.nifi:nifi-mongodb-client-service-api-nar:1.24.0 in 1 millis
2025-10-16 10:51:07,443 INFO [main] o.a.n.n.StandardExtensionDiscoveringManager Loaded extensions for org.apache.nifi:nifi-grpc-nar:1.24.0 in 2 millis
2025-10-16 10:51:07,444 INFO [main] o.a.n.n.StandardExtensionDiscoveringManager Loaded extensions for org.apache.nifi:nifi-web-client-provider-service-nar:1.24.0 in 1 millis
2025-10-16 10:51:07,446 INFO [main] o.a.n.n.StandardExtensionDiscoveringManager Loaded extensions for org.apache.nifi:nifi-metrics-reporting-nar:1.24.0 in 1 millis
2025-10-16 10:51:07,448 INFO [main] o.a.n.n.StandardExtensionDiscoveringManager Loaded extensions for org.apache.nifi:nifi-zendesk-nar:1.24.0 in 2 millis
2025-10-16 10:51:07,450 INFO [main] o.a.n.n.StandardExtensionDiscoveringManager Loaded extensions for org.apache.nifi:nifi-shopify-nar:1.24.0 in 2 millis
2025-10-16 10:51:07,452 INFO [main] o.a.n.n.StandardExtensionDiscoveringManager Loaded extensions for org.apache.nifi:nifi-cassandra-services-nar:1.24.0 in 2 millis
2025-10-16 10:51:07,454 INFO [main] o.a.n.n.StandardExtensionDiscoveringManager Loaded extensions for org.apache.nifi:nifi-redis-service-api-nar:1.24.0 in 2 millis
2025-10-16 10:51:07,455 INFO [main] o.a.n.n.StandardExtensionDiscoveringManager Loaded extensions for org.apache.nifi:nifi-jolt-record-nar:1.24.0 in 1 millis
2025-10-16 10:51:07,457 INFO [main] o.a.n.n.StandardExtensionDiscoveringManager Loaded extensions for org.apache.nifi:nifi-site-to-site-reporting-nar:1.24.0 in 2 millis
2025-10-16 10:51:07,458 INFO [main] o.a.n.n.StandardExtensionDiscoveringManager Loaded extensions for org.apache.nifi:nifi-hazelcast-services-nar:1.24.0 in 1 millis
2025-10-16 10:51:07,460 INFO [main] o.a.n.n.StandardExtensionDiscoveringManager Loaded extensions for org.apache.nifi:nifi-datadog-nar:1.24.0 in 1 millis
2025-10-16 10:51:07,462 INFO [main] o.a.n.n.StandardExtensionDiscoveringManager Loaded extensions for org.apache.nifi:nifi-couchbase-nar:1.24.0 in 2 millis
2025-10-16 10:51:07,464 INFO [main] o.a.n.n.StandardExtensionDiscoveringManager Loaded extensions for org.apache.nifi:nifi-kafka-2-6-nar:1.24.0 in 2 millis
2025-10-16 10:51:07,465 INFO [main] o.a.n.n.StandardExtensionDiscoveringManager Loaded extensions for org.apache.nifi:nifi-network-processors-nar:1.24.0 in 1 millis
2025-10-16 10:51:07,467 INFO [main] o.a.n.n.StandardExtensionDiscoveringManager Loaded extensions for org.apache.nifi:nifi-record-sink-service-nar:1.24.0 in 2 millis
2025-10-16 10:51:07,468 INFO [main] o.a.n.n.StandardExtensionDiscoveringManager Loaded extensions for org.apache.nifi:nifi-key-service-nar:1.24.0 in 1 millis
2025-10-16 10:51:07,470 INFO [main] o.a.n.n.StandardExtensionDiscoveringManager Loaded extensions for org.apache.nifi:nifi-stateless-processor-nar:1.24.0 in 1 millis
2025-10-16 10:51:07,471 INFO [main] o.a.n.n.StandardExtensionDiscoveringManager Loaded extensions for org.apache.nifi:nifi-hbase-nar:1.24.0 in 1 millis
2025-10-16 10:51:07,473 INFO [main] o.a.n.n.StandardExtensionDiscoveringManager Loaded extensions for org.apache.nifi:nifi-jslt-nar:1.24.0 in 2 millis
2025-10-16 10:51:07,474 INFO [main] o.a.n.n.StandardExtensionDiscoveringManager Loaded extensions for org.apache.nifi:nifi-smb-client-api-nar:1.24.0 in 1 millis
2025-10-16 10:51:07,475 INFO [main] o.a.n.n.StandardExtensionDiscoveringManager Loaded extensions for org.apache.nifi:nifi-registry-nar:1.24.0 in 1 millis
2025-10-16 10:51:07,477 INFO [main] o.a.n.n.StandardExtensionDiscoveringManager Loaded extensions for org.apache.nifi:nifi-redis-nar:1.24.0 in 2 millis
2025-10-16 10:51:07,478 INFO [main] o.a.n.n.StandardExtensionDiscoveringManager Loaded extensions for org.apache.nifi:nifi-pgp-service-api-nar:1.24.0 in 1 millis
2025-10-16 10:51:07,479 INFO [main] o.a.n.n.StandardExtensionDiscoveringManager Loaded extensions for org.apache.nifi:nifi-aws-service-api-nar:1.24.0 in 1 millis
2025-10-16 10:51:07,480 INFO [main] o.a.n.n.StandardExtensionDiscoveringManager Loaded extensions for org.apache.nifi:nifi-dropbox-services-api-nar:1.24.0 in 1 millis
2025-10-16 10:51:07,482 INFO [main] o.a.n.n.StandardExtensionDiscoveringManager Loaded extensions for org.apache.nifi:nifi-flow-registry-client-nar:1.24.0 in 2 millis
2025-10-16 10:51:07,483 INFO [main] o.a.n.n.StandardExtensionDiscoveringManager Loaded extensions for org.apache.nifi:nifi-gcp-services-api-nar:1.24.0 in 1 millis
2025-10-16 10:51:07,484 INFO [main] o.a.n.n.StandardExtensionDiscoveringManager Loaded extensions for org.apache.nifi:nifi-elasticsearch-client-service-api-nar:1.24.0 in 1 millis
2025-10-16 10:51:07,486 INFO [main] o.a.n.n.StandardExtensionDiscoveringManager Loaded extensions for org.apache.nifi:nifi-airtable-nar:1.24.0 in 2 millis
2025-10-16 10:51:07,487 INFO [main] o.a.n.n.StandardExtensionDiscoveringManager Loaded extensions for org.apache.nifi:nifi-language-translation-nar:1.24.0 in 1 millis
2025-10-16 10:51:07,488 INFO [main] o.a.n.n.StandardExtensionDiscoveringManager Loaded extensions for org.apache.nifi:nifi-cipher-nar:1.24.0 in 1 millis
2025-10-16 10:51:07,490 INFO [main] o.a.n.n.StandardExtensionDiscoveringManager Loaded extensions for org.apache.nifi:nifi-snmp-nar:1.24.0 in 2 millis
2025-10-16 10:51:07,491 INFO [main] o.a.n.n.StandardExtensionDiscoveringManager Loaded extensions for org.apache.nifi:nifi-oauth2-provider-nar:1.24.0 in 1 millis
2025-10-16 10:51:07,492 INFO [main] o.a.n.n.StandardExtensionDiscoveringManager Loaded extensions for org.apache.nifi:nifi-elasticsearch-nar:1.24.0 in 1 millis
2025-10-16 10:51:07,494 INFO [main] o.a.n.n.StandardExtensionDiscoveringManager Loaded extensions for org.apache.nifi:nifi-elasticsearch-restapi-nar:1.24.0 in 2 millis
2025-10-16 10:51:07,495 INFO [main] o.a.n.n.StandardExtensionDiscoveringManager Loaded extensions for org.apache.nifi:nifi-box-services-api-nar:1.24.0 in 1 millis
2025-10-16 10:51:07,496 INFO [main] o.a.n.n.StandardExtensionDiscoveringManager Loaded extensions for org.apache.nifi:nifi-salesforce-nar:1.24.0 in 1 millis
2025-10-16 10:51:07,498 INFO [main] o.a.n.n.StandardExtensionDiscoveringManager Loaded extensions for org.apache.nifi:nifi-geohash-nar:1.24.0 in 1 millis
2025-10-16 10:51:07,499 INFO [main] o.a.n.n.StandardExtensionDiscoveringManager Loaded extensions for org.apache.nifi:nifi-cdc-mysql-nar:1.24.0 in 1 millis
2025-10-16 10:51:07,500 INFO [main] o.a.n.n.StandardExtensionDiscoveringManager Loaded extensions for org.apache.nifi:nifi-slack-nar:1.24.0 in 1 millis
2025-10-16 10:51:07,502 INFO [main] o.a.n.n.StandardExtensionDiscoveringManager Loaded extensions for org.apache.nifi:nifi-hashicorp-vault-client-service-api-nar:1.24.0 in 2 millis
2025-10-16 10:51:07,503 INFO [main] o.a.n.n.StandardExtensionDiscoveringManager Loaded extensions for org.apache.nifi:nifi-pgp-nar:1.24.0 in 1 millis
2025-10-16 10:51:07,505 INFO [main] o.a.n.n.StandardExtensionDiscoveringManager Loaded extensions for org.apache.nifi:nifi-scripting-nar:1.24.0 in 2 millis
2025-10-16 10:51:07,506 INFO [main] o.a.n.n.StandardExtensionDiscoveringManager Loaded extensions for org.apache.nifi:nifi-elasticsearch-client-service-nar:1.24.0 in 1 millis
2025-10-16 10:51:07,508 INFO [main] o.a.n.n.StandardExtensionDiscoveringManager Loaded extensions for org.apache.nifi:nifi-mongodb-services-nar:1.24.0 in 2 millis
2025-10-16 10:51:07,509 INFO [main] o.a.n.n.StandardExtensionDiscoveringManager Loaded extensions for org.apache.nifi:nifi-record-serialization-services-nar:1.24.0 in 1 millis
2025-10-16 10:51:07,511 INFO [main] o.a.n.n.StandardExtensionDiscoveringManager Loaded extensions for org.apache.nifi:nifi-social-media-nar:1.24.0 in 2 millis
2025-10-16 10:51:07,512 INFO [main] o.a.n.n.StandardExtensionDiscoveringManager Loaded extensions for org.apache.nifi:nifi-jms-cf-service-nar:1.24.0 in 1 millis
2025-10-16 10:51:07,513 INFO [main] o.a.n.n.StandardExtensionDiscoveringManager Loaded extensions for org.apache.nifi:nifi-hadoop-libraries-nar:1.24.0 in 1 millis
2025-10-16 10:51:07,515 INFO [main] o.a.n.n.StandardExtensionDiscoveringManager Loaded extensions for org.apache.nifi:nifi-poi-nar:1.24.0 in 1 millis
2025-10-16 10:51:07,516 INFO [main] o.a.n.n.StandardExtensionDiscoveringManager Loaded extensions for org.apache.nifi:nifi-dropbox-processors-nar:1.24.0 in 1 millis
2025-10-16 10:51:07,518 INFO [main] o.a.n.n.StandardExtensionDiscoveringManager Loaded extensions for org.apache.nifi:nifi-hadoop-nar:1.24.0 in 2 millis
2025-10-16 10:51:07,520 INFO [main] o.a.n.n.StandardExtensionDiscoveringManager Loaded extensions for org.apache.nifi:nifi-dropbox-services-nar:1.24.0 in 1 millis
2025-10-16 10:51:07,522 INFO [main] o.a.n.n.StandardExtensionDiscoveringManager Loaded extensions for org.apache.nifi:nifi-parquet-nar:1.24.0 in 2 millis
2025-10-16 10:51:07,523 INFO [main] o.a.n.n.StandardExtensionDiscoveringManager Loaded extensions for org.apache.nifi:nifi-solr-nar:1.24.0 in 1 millis
2025-10-16 10:51:07,525 INFO [main] o.a.n.n.StandardExtensionDiscoveringManager Loaded extensions for org.apache.nifi:nifi-confluent-platform-nar:1.24.0 in 2 millis
2025-10-16 10:51:07,526 INFO [main] o.a.n.n.StandardExtensionDiscoveringManager Loaded extensions for org.apache.nifi:nifi-groovyx-nar:1.24.0 in 1 millis
2025-10-16 10:51:07,528 INFO [main] o.a.n.n.StandardExtensionDiscoveringManager Loaded extensions for org.apache.nifi:nifi-kudu-nar:1.24.0 in 2 millis
2025-10-16 10:51:07,529 INFO [main] o.a.n.n.StandardExtensionDiscoveringManager Loaded extensions for org.apache.nifi:nifi-enrich-nar:1.24.0 in 1 millis
2025-10-16 10:51:07,531 INFO [main] o.a.n.n.StandardExtensionDiscoveringManager Loaded extensions for org.apache.nifi:nifi-cassandra-nar:1.24.0 in 2 millis
2025-10-16 10:51:07,533 INFO [main] o.a.n.n.StandardExtensionDiscoveringManager Loaded extensions for org.apache.nifi:nifi-gcp-nar:1.24.0 in 2 millis
2025-10-16 10:51:07,534 INFO [main] o.a.n.n.StandardExtensionDiscoveringManager Loaded extensions for org.apache.nifi:nifi-box-nar:1.24.0 in 1 millis
2025-10-16 10:51:07,536 INFO [main] o.a.n.n.StandardExtensionDiscoveringManager Loaded extensions for org.apache.nifi:nifi-avro-nar:1.24.0 in 1 millis
2025-10-16 10:51:07,538 INFO [main] o.a.n.n.StandardExtensionDiscoveringManager Loaded extensions for org.apache.nifi:nifi-standard-nar:1.24.0 in 2 millis
2025-10-16 10:51:07,539 INFO [main] o.a.n.n.StandardExtensionDiscoveringManager Loaded extensions for org.apache.nifi:nifi-mongodb-nar:1.24.0 in 1 millis
2025-10-16 10:51:07,541 INFO [main] o.a.n.n.StandardExtensionDiscoveringManager Loaded extensions for org.apache.nifi:nifi-hashicorp-vault-nar:1.24.0 in 2 millis
2025-10-16 10:51:07,542 INFO [main] o.a.n.n.StandardExtensionDiscoveringManager Loaded extensions for org.apache.nifi:nifi-smb-smbj-client-nar:1.24.0 in 1 millis
2025-10-16 10:51:07,544 INFO [main] o.a.n.n.StandardExtensionDiscoveringManager Loaded extensions for org.apache.nifi:nifi-mqtt-nar:1.24.0 in 2 millis
2025-10-16 10:51:07,545 INFO [main] o.a.n.n.StandardExtensionDiscoveringManager Loaded extensions for org.apache.nifi:nifi-azure-services-api-nar:1.24.0 in 1 millis
2025-10-16 10:51:07,546 INFO [main] o.a.n.n.StandardExtensionDiscoveringManager Loaded extensions for org.apache.nifi:nifi-lookup-services-nar:1.24.0 in 1 millis
2025-10-16 10:51:07,548 INFO [main] o.a.n.n.StandardExtensionDiscoveringManager Loaded extensions for org.apache.nifi:nifi-opentelemetry-nar:1.24.0 in 2 millis
2025-10-16 10:51:07,549 INFO [main] o.a.n.n.StandardExtensionDiscoveringManager Loaded extensions for org.apache.nifi:nifi-smb-nar:1.24.0 in 1 millis
2025-10-16 10:51:07,550 INFO [main] o.a.n.n.StandardExtensionDiscoveringManager Loaded extensions for org.apache.nifi:nifi-splunk-nar:1.24.0 in 1 millis
2025-10-16 10:51:07,552 INFO [main] o.a.n.n.StandardExtensionDiscoveringManager Loaded extensions for org.apache.nifi:nifi-aws-nar:1.24.0 in 2 millis
2025-10-16 10:51:07,554 INFO [main] o.a.n.n.StandardExtensionDiscoveringManager Loaded extensions for org.apache.nifi:nifi-jms-processors-nar:1.24.0 in 2 millis
2025-10-16 10:51:07,555 INFO [main] o.a.n.n.StandardExtensionDiscoveringManager Loaded extensions for org.apache.nifi:nifi-pgp-service-nar:1.24.0 in 1 millis
2025-10-16 10:51:07,556 INFO [main] o.a.n.n.StandardExtensionDiscoveringManager Loaded extensions for org.apache.nifi:nifi-box-services-nar:1.24.0 in 1 millis
2025-10-16 10:51:07,558 INFO [main] o.a.n.n.StandardExtensionDiscoveringManager Loaded extensions for org.apache.nifi:nifi-azure-nar:1.24.0 in 2 millis
2025-10-16 10:51:07,559 INFO [main] o.a.n.n.StandardExtensionDiscoveringManager Extension Type Mapping to Bundle:
	=== UserGroupProvider Type ===
	org.apache.nifi.authorization.FileUserGroupProvider
		org.apache.nifi:nifi-framework-nar:1.24.0 || ./work/nar/framework/nifi-framework-nar-1.24.0.nar-unpacked
	org.apache.nifi.authorization.azure.AzureGraphUserGroupProvider
		org.apache.nifi:nifi-azure-nar:1.24.0 || ./work/nar/extensions/nifi-azure-nar-1.24.0.nar-unpacked
	org.apache.nifi.authorization.CompositeUserGroupProvider
		org.apache.nifi:nifi-framework-nar:1.24.0 || ./work/nar/framework/nifi-framework-nar-1.24.0.nar-unpacked
	org.apache.nifi.authorization.ShellUserGroupProvider
		org.apache.nifi:nifi-framework-nar:1.24.0 || ./work/nar/framework/nifi-framework-nar-1.24.0.nar-unpacked
	org.apache.nifi.authorization.CompositeConfigurableUserGroupProvider
		org.apache.nifi:nifi-framework-nar:1.24.0 || ./work/nar/framework/nifi-framework-nar-1.24.0.nar-unpacked
	org.apache.nifi.ldap.tenants.LdapUserGroupProvider
		org.apache.nifi:nifi-ldap-iaa-providers-nar:1.24.0 || ./work/nar/extensions/nifi-ldap-iaa-providers-nar-1.24.0.nar-unpacked
	=== End UserGroupProvider types ===
	=== AccessPolicyProvider Type ===
	org.apache.nifi.authorization.FileAccessPolicyProvider
		org.apache.nifi:nifi-framework-nar:1.24.0 || ./work/nar/framework/nifi-framework-nar-1.24.0.nar-unpacked
	=== End AccessPolicyProvider types ===
	=== ContentRepository Type ===
	org.apache.nifi.controller.repository.FileSystemRepository
		org.apache.nifi:nifi-framework-nar:1.24.0 || ./work/nar/framework/nifi-framework-nar-1.24.0.nar-unpacked
	org.apache.nifi.controller.repository.crypto.EncryptedFileSystemRepository
		org.apache.nifi:nifi-framework-nar:1.24.0 || ./work/nar/framework/nifi-framework-nar-1.24.0.nar-unpacked
	=== End ContentRepository types ===
	=== StateProvider Type ===
	org.apache.nifi.controller.state.providers.zookeeper.ZooKeeperStateProvider
		org.apache.nifi:nifi-framework-nar:1.24.0 || ./work/nar/framework/nifi-framework-nar-1.24.0.nar-unpacked
	org.apache.nifi.controller.state.providers.local.WriteAheadLocalStateProvider
		org.apache.nifi:nifi-framework-nar:1.24.0 || ./work/nar/framework/nifi-framework-nar-1.24.0.nar-unpacked
	org.apache.nifi.redis.state.RedisStateProvider
		org.apache.nifi:nifi-redis-nar:1.24.0 || ./work/nar/extensions/nifi-redis-nar-1.24.0.nar-unpacked
	=== End StateProvider types ===
	=== ReportingTask Type ===
	org.apache.nifi.controller.MonitorDiskUsage
		org.apache.nifi:nifi-standard-nar:1.24.0 || ./work/nar/extensions/nifi-standard-nar-1.24.0.nar-unpacked
	org.apache.nifi.reporting.azure.loganalytics.AzureLogAnalyticsProvenanceReportingTask
		org.apache.nifi:nifi-azure-nar:1.24.0 || ./work/nar/extensions/nifi-azure-nar-1.24.0.nar-unpacked
	org.apache.nifi.reporting.script.ScriptedReportingTask
		org.apache.nifi:nifi-scripting-nar:1.24.0 || ./work/nar/extensions/nifi-scripting-nar-1.24.0.nar-unpacked
	org.apache.nifi.reporting.SiteToSiteStatusReportingTask
		org.apache.nifi:nifi-site-to-site-reporting-nar:1.24.0 || ./work/nar/extensions/nifi-site-to-site-reporting-nar-1.24.0.nar-unpacked
	org.apache.nifi.reporting.azure.loganalytics.AzureLogAnalyticsReportingTask
		org.apache.nifi:nifi-azure-nar:1.24.0 || ./work/nar/extensions/nifi-azure-nar-1.24.0.nar-unpacked
	org.apache.nifi.reporting.prometheus.PrometheusReportingTask
		org.apache.nifi:nifi-prometheus-nar:1.24.0 || ./work/nar/extensions/nifi-prometheus-nar-1.24.0.nar-unpacked
	org.apache.nifi.reporting.ganglia.StandardGangliaReporter
		org.apache.nifi:nifi-standard-nar:1.24.0 || ./work/nar/extensions/nifi-standard-nar-1.24.0.nar-unpacked
	org.apache.nifi.reporting.ambari.AmbariReportingTask
		org.apache.nifi:nifi-ambari-nar:1.24.0 || ./work/nar/extensions/nifi-ambari-nar-1.24.0.nar-unpacked
	org.apache.nifi.reporting.SiteToSiteMetricsReportingTask
		org.apache.nifi:nifi-site-to-site-reporting-nar:1.24.0 || ./work/nar/extensions/nifi-site-to-site-reporting-nar-1.24.0.nar-unpacked
	org.apache.nifi.reporting.SiteToSiteBulletinReportingTask
		org.apache.nifi:nifi-site-to-site-reporting-nar:1.24.0 || ./work/nar/extensions/nifi-site-to-site-reporting-nar-1.24.0.nar-unpacked
	org.apache.nifi.reporting.SiteToSiteProvenanceReportingTask
		org.apache.nifi:nifi-site-to-site-reporting-nar:1.24.0 || ./work/nar/extensions/nifi-site-to-site-reporting-nar-1.24.0.nar-unpacked
	org.apache.nifi.controller.ControllerStatusReportingTask
		org.apache.nifi:nifi-standard-nar:1.24.0 || ./work/nar/extensions/nifi-standard-nar-1.24.0.nar-unpacked
	org.apache.nifi.reporting.datadog.DataDogReportingTask
		org.apache.nifi:nifi-datadog-nar:1.24.0 || ./work/nar/extensions/nifi-datadog-nar-1.24.0.nar-unpacked
	org.apache.nifi.metrics.reporting.task.MetricsReportingTask
		org.apache.nifi:nifi-metrics-reporting-nar:1.24.0 || ./work/nar/extensions/nifi-metrics-reporting-nar-1.24.0.nar-unpacked
	org.apache.nifi.controller.MonitorMemory
		org.apache.nifi:nifi-standard-nar:1.24.0 || ./work/nar/extensions/nifi-standard-nar-1.24.0.nar-unpacked
	=== End ReportingTask types ===
	=== Authorizer Type ===
	org.apache.nifi.authorization.StandardManagedAuthorizer
		org.apache.nifi:nifi-framework-nar:1.24.0 || ./work/nar/framework/nifi-framework-nar-1.24.0.nar-unpacked
	org.apache.nifi.authorization.single.user.SingleUserAuthorizer
		org.apache.nifi:nifi-single-user-iaa-providers-nar:1.24.0 || ./work/nar/extensions/nifi-single-user-iaa-providers-nar-1.24.0.nar-unpacked
	org.apache.nifi.authorization.FileAuthorizer
		org.apache.nifi:nifi-framework-nar:1.24.0 || ./work/nar/framework/nifi-framework-nar-1.24.0.nar-unpacked
	=== End Authorizer types ===
	=== FlowFileSwapManager Type ===
	org.apache.nifi.controller.EncryptedFileSystemSwapManager
		org.apache.nifi:nifi-framework-nar:1.24.0 || ./work/nar/framework/nifi-framework-nar-1.24.0.nar-unpacked
	org.apache.nifi.controller.FileSystemSwapManager
		org.apache.nifi:nifi-framework-nar:1.24.0 || ./work/nar/framework/nifi-framework-nar-1.24.0.nar-unpacked
	=== End FlowFileSwapManager types ===
	=== LoginIdentityProvider Type ===
	org.apache.nifi.ldap.LdapProvider
		org.apache.nifi:nifi-ldap-iaa-providers-nar:1.24.0 || ./work/nar/extensions/nifi-ldap-iaa-providers-nar-1.24.0.nar-unpacked
	org.apache.nifi.kerberos.KerberosProvider
		org.apache.nifi:nifi-kerberos-iaa-providers-nar:1.24.0 || ./work/nar/extensions/nifi-kerberos-iaa-providers-nar-1.24.0.nar-unpacked
	org.apache.nifi.authentication.single.user.SingleUserLoginIdentityProvider
		org.apache.nifi:nifi-single-user-iaa-providers-nar:1.24.0 || ./work/nar/extensions/nifi-single-user-iaa-providers-nar-1.24.0.nar-unpacked
	=== End LoginIdentityProvider types ===
	=== FlowRegistryClient Type ===
	org.apache.nifi.registry.flow.NifiRegistryFlowRegistryClient
		org.apache.nifi:nifi-flow-registry-client-nar:1.24.0 || ./work/nar/extensions/nifi-flow-registry-client-nar-1.24.0.nar-unpacked
	=== End FlowRegistryClient types ===
	=== Processor Type ===
	org.apache.nifi.processors.standard.HashAttribute
		org.apache.nifi:nifi-standard-nar:1.24.0 || ./work/nar/extensions/nifi-standard-nar-1.24.0.nar-unpacked
	org.apache.nifi.processors.standard.ConvertRecord
		org.apache.nifi:nifi-standard-nar:1.24.0 || ./work/nar/extensions/nifi-standard-nar-1.24.0.nar-unpacked
	org.apache.nifi.processors.aws.dynamodb.GetDynamoDB
		org.apache.nifi:nifi-aws-nar:1.24.0 || ./work/nar/extensions/nifi-aws-nar-1.24.0.nar-unpacked
	org.apache.nifi.processors.slack.PutSlack
		org.apache.nifi:nifi-slack-nar:1.24.0 || ./work/nar/extensions/nifi-slack-nar-1.24.0.nar-unpacked
	org.apache.nifi.processors.standard.QueryDatabaseTable
		org.apache.nifi:nifi-standard-nar:1.24.0 || ./work/nar/extensions/nifi-standard-nar-1.24.0.nar-unpacked
	org.apache.nifi.processors.mongodb.gridfs.PutGridFS
		org.apache.nifi:nifi-mongodb-nar:1.24.0 || ./work/nar/extensions/nifi-mongodb-nar-1.24.0.nar-unpacked
	org.apache.nifi.processors.standard.LogAttribute
		org.apache.nifi:nifi-standard-nar:1.24.0 || ./work/nar/extensions/nifi-standard-nar-1.24.0.nar-unpacked
	org.apache.nifi.processors.cipher.DecryptContent
		org.apache.nifi:nifi-cipher-nar:1.24.0 || ./work/nar/extensions/nifi-cipher-nar-1.24.0.nar-unpacked
	org.apache.nifi.processors.standard.LookupRecord
		org.apache.nifi:nifi-standard-nar:1.24.0 || ./work/nar/extensions/nifi-standard-nar-1.24.0.nar-unpacked
	org.apache.nifi.processors.kafka.pubsub.PublishKafkaRecord_1_0
		org.apache.nifi:nifi-kafka-1-0-nar:1.24.0 || ./work/nar/extensions/nifi-kafka-1-0-nar-1.24.0.nar-unpacked
	org.apache.nifi.processors.standard.ExtractRecordSchema
		org.apache.nifi:nifi-standard-nar:1.24.0 || ./work/nar/extensions/nifi-standard-nar-1.24.0.nar-unpacked
	org.apache.nifi.processors.aws.s3.ListS3
		org.apache.nifi:nifi-aws-nar:1.24.0 || ./work/nar/extensions/nifi-aws-nar-1.24.0.nar-unpacked
	org.apache.nifi.processors.standard.LookupAttribute
		org.apache.nifi:nifi-standard-nar:1.24.0 || ./work/nar/extensions/nifi-standard-nar-1.24.0.nar-unpacked
	org.apache.nifi.processors.standard.SplitJson
		org.apache.nifi:nifi-standard-nar:1.24.0 || ./work/nar/extensions/nifi-standard-nar-1.24.0.nar-unpacked
	org.apache.nifi.processors.standard.HandleHttpRequest
		org.apache.nifi:nifi-standard-nar:1.24.0 || ./work/nar/extensions/nifi-standard-nar-1.24.0.nar-unpacked
	org.apache.nifi.processors.shopify.GetShopify
		org.apache.nifi:nifi-shopify-nar:1.24.0 || ./work/nar/extensions/nifi-shopify-nar-1.24.0.nar-unpacked
	org.apache.nifi.processors.network.ParseNetflowv5
		org.apache.nifi:nifi-network-processors-nar:1.24.0 || ./work/nar/extensions/nifi-network-processors-nar-1.24.0.nar-unpacked
	org.apache.nifi.hbase.PutHBaseCell
		org.apache.nifi:nifi-hbase-nar:1.24.0 || ./work/nar/extensions/nifi-hbase-nar-1.24.0.nar-unpacked
	org.apache.nifi.processors.standard.DetectDuplicate
		org.apache.nifi:nifi-standard-nar:1.24.0 || ./work/nar/extensions/nifi-standard-nar-1.24.0.nar-unpacked
	org.apache.nifi.processors.kafka.pubsub.PublishKafka_2_6
		org.apache.nifi:nifi-kafka-2-6-nar:1.24.0 || ./work/nar/extensions/nifi-kafka-2-6-nar-1.24.0.nar-unpacked
	org.apache.nifi.processors.poi.ConvertExcelToCSVProcessor
		org.apache.nifi:nifi-poi-nar:1.24.0 || ./work/nar/extensions/nifi-poi-nar-1.24.0.nar-unpacked
	org.apache.nifi.processors.standard.JoinEnrichment
		org.apache.nifi:nifi-standard-nar:1.24.0 || ./work/nar/extensions/nifi-standard-nar-1.24.0.nar-unpacked
	org.apache.nifi.hbase.ScanHBase
		org.apache.nifi:nifi-hbase-nar:1.24.0 || ./work/nar/extensions/nifi-hbase-nar-1.24.0.nar-unpacked
	org.apache.nifi.processors.elasticsearch.PutElasticsearchHttp
		org.apache.nifi:nifi-elasticsearch-nar:1.24.0 || ./work/nar/extensions/nifi-elasticsearch-nar-1.24.0.nar-unpacked
	org.apache.nifi.processors.gcp.storage.ListGCSBucket
		org.apache.nifi:nifi-gcp-nar:1.24.0 || ./work/nar/extensions/nifi-gcp-nar-1.24.0.nar-unpacked
	org.apache.nifi.processors.couchbase.PutCouchbaseKey
		org.apache.nifi:nifi-couchbase-nar:1.24.0 || ./work/nar/extensions/nifi-couchbase-nar-1.24.0.nar-unpacked
	org.apache.nifi.snmp.processors.SetSNMP
		org.apache.nifi:nifi-snmp-nar:1.24.0 || ./work/nar/extensions/nifi-snmp-nar-1.24.0.nar-unpacked
	org.apache.nifi.PutHTMLElement
		org.apache.nifi:nifi-html-nar:1.24.0 || ./work/nar/extensions/nifi-html-nar-1.24.0.nar-unpacked
	org.apache.nifi.processors.standard.CryptographicHashAttribute
		org.apache.nifi:nifi-standard-nar:1.24.0 || ./work/nar/extensions/nifi-standard-nar-1.24.0.nar-unpacked
	org.apache.nifi.processors.standard.ValidateCsv
		org.apache.nifi:nifi-standard-nar:1.24.0 || ./work/nar/extensions/nifi-standard-nar-1.24.0.nar-unpacked
	org.apache.nifi.processors.dropbox.ListDropbox
		org.apache.nifi:nifi-dropbox-processors-nar:1.24.0 || ./work/nar/extensions/nifi-dropbox-processors-nar-1.24.0.nar-unpacked
	org.apache.nifi.processors.script.ScriptedFilterRecord
		org.apache.nifi:nifi-scripting-nar:1.24.0 || ./work/nar/extensions/nifi-scripting-nar-1.24.0.nar-unpacked
	org.apache.nifi.processors.solr.QuerySolr
		org.apache.nifi:nifi-solr-nar:1.24.0 || ./work/nar/extensions/nifi-solr-nar-1.24.0.nar-unpacked
	org.apache.nifi.processors.standard.RouteText
		org.apache.nifi:nifi-standard-nar:1.24.0 || ./work/nar/extensions/nifi-standard-nar-1.24.0.nar-unpacked
	org.apache.nifi.processors.salesforce.PutSalesforceObject
		org.apache.nifi:nifi-salesforce-nar:1.24.0 || ./work/nar/extensions/nifi-salesforce-nar-1.24.0.nar-unpacked
	org.apache.nifi.processors.standard.PutSFTP
		org.apache.nifi:nifi-standard-nar:1.24.0 || ./work/nar/extensions/nifi-standard-nar-1.24.0.nar-unpacked
	org.apache.nifi.processors.azure.storage.queue.PutAzureQueueStorage_v12
		org.apache.nifi:nifi-azure-nar:1.24.0 || ./work/nar/extensions/nifi-azure-nar-1.24.0.nar-unpacked
	org.apache.nifi.hbase.GetHBase
		org.apache.nifi:nifi-hbase-nar:1.24.0 || ./work/nar/extensions/nifi-hbase-nar-1.24.0.nar-unpacked
	org.apache.nifi.processors.elasticsearch.SearchElasticsearch
		org.apache.nifi:nifi-elasticsearch-restapi-nar:1.24.0 || ./work/nar/extensions/nifi-elasticsearch-restapi-nar-1.24.0.nar-unpacked
	org.apache.nifi.processors.hadoop.ListHDFS
		org.apache.nifi:nifi-hadoop-nar:1.24.0 || ./work/nar/extensions/nifi-hadoop-nar-1.24.0.nar-unpacked
	org.apache.nifi.processors.gcp.bigquery.PutBigQueryStreaming
		org.apache.nifi:nifi-gcp-nar:1.24.0 || ./work/nar/extensions/nifi-gcp-nar-1.24.0.nar-unpacked
	org.apache.nifi.processors.script.ExecuteScript
		org.apache.nifi:nifi-scripting-nar:1.24.0 || ./work/nar/extensions/nifi-scripting-nar-1.24.0.nar-unpacked
	org.apache.nifi.processors.standard.HandleHttpResponse
		org.apache.nifi:nifi-standard-nar:1.24.0 || ./work/nar/extensions/nifi-standard-nar-1.24.0.nar-unpacked
	org.apache.nifi.processors.azure.storage.FetchAzureBlobStorage_v12
		org.apache.nifi:nifi-azure-nar:1.24.0 || ./work/nar/extensions/nifi-azure-nar-1.24.0.nar-unpacked
	org.apache.nifi.processors.standard.MonitorActivity
		org.apache.nifi:nifi-standard-nar:1.24.0 || ./work/nar/extensions/nifi-standard-nar-1.24.0.nar-unpacked
	org.apache.nifi.processors.standard.PutFTP
		org.apache.nifi:nifi-standard-nar:1.24.0 || ./work/nar/extensions/nifi-standard-nar-1.24.0.nar-unpacked
	org.apache.nifi.processors.splunk.GetSplunk
		org.apache.nifi:nifi-splunk-nar:1.24.0 || ./work/nar/extensions/nifi-splunk-nar-1.24.0.nar-unpacked
	org.apache.nifi.processors.kafka.pubsub.ConsumeKafka_2_0
		org.apache.nifi:nifi-kafka-2-0-nar:1.24.0 || ./work/nar/extensions/nifi-kafka-2-0-nar-1.24.0.nar-unpacked
	org.apache.nifi.hbase.DeleteHBaseRow
		org.apache.nifi:nifi-hbase-nar:1.24.0 || ./work/nar/extensions/nifi-hbase-nar-1.24.0.nar-unpacked
	org.apache.nifi.processors.standard.PutJMS
		org.apache.nifi:nifi-standard-nar:1.24.0 || ./work/nar/extensions/nifi-standard-nar-1.24.0.nar-unpacked
	org.apache.nifi.jms.processors.ConsumeJMS
		org.apache.nifi:nifi-jms-processors-nar:1.24.0 || ./work/nar/extensions/nifi-jms-processors-nar-1.24.0.nar-unpacked
	org.apache.nifi.processors.standard.ExecuteSQL
		org.apache.nifi:nifi-standard-nar:1.24.0 || ./work/nar/extensions/nifi-standard-nar-1.24.0.nar-unpacked
	org.apache.nifi.processors.elasticsearch.PaginatedJsonQueryElasticsearch
		org.apache.nifi:nifi-elasticsearch-restapi-nar:1.24.0 || ./work/nar/extensions/nifi-elasticsearch-restapi-nar-1.24.0.nar-unpacked
	org.apache.nifi.processors.hadoop.GetHDFS
		org.apache.nifi:nifi-hadoop-nar:1.24.0 || ./work/nar/extensions/nifi-hadoop-nar-1.24.0.nar-unpacked
	org.apache.nifi.processors.box.FetchBoxFile
		org.apache.nifi:nifi-box-nar:1.24.0 || ./work/nar/extensions/nifi-box-nar-1.24.0.nar-unpacked
	org.apache.nifi.processors.standard.JoltTransformJSON
		org.apache.nifi:nifi-standard-nar:1.24.0 || ./work/nar/extensions/nifi-standard-nar-1.24.0.nar-unpacked
	org.apache.nifi.processors.dropbox.FetchDropbox
		org.apache.nifi:nifi-dropbox-processors-nar:1.24.0 || ./work/nar/extensions/nifi-dropbox-processors-nar-1.24.0.nar-unpacked
	org.apache.nifi.processors.standard.DistributeLoad
		org.apache.nifi:nifi-standard-nar:1.24.0 || ./work/nar/extensions/nifi-standard-nar-1.24.0.nar-unpacked
	org.apache.nifi.processors.standard.UpdateDatabaseTable
		org.apache.nifi:nifi-standard-nar:1.24.0 || ./work/nar/extensions/nifi-standard-nar-1.24.0.nar-unpacked
	org.apache.nifi.processors.standard.GenerateFlowFile
		org.apache.nifi:nifi-standard-nar:1.24.0 || ./work/nar/extensions/nifi-standard-nar-1.24.0.nar-unpacked
	org.apache.nifi.processors.azure.storage.FetchAzureDataLakeStorage
		org.apache.nifi:nifi-azure-nar:1.24.0 || ./work/nar/extensions/nifi-azure-nar-1.24.0.nar-unpacked
	org.apache.nifi.processors.standard.UpdateRecord
		org.apache.nifi:nifi-standard-nar:1.24.0 || ./work/nar/extensions/nifi-standard-nar-1.24.0.nar-unpacked
	org.apache.nifi.processors.standard.QueryDatabaseTableRecord
		org.apache.nifi:nifi-standard-nar:1.24.0 || ./work/nar/extensions/nifi-standard-nar-1.24.0.nar-unpacked
	org.apache.nifi.processors.mongodb.DeleteMongo
		org.apache.nifi:nifi-mongodb-nar:1.24.0 || ./work/nar/extensions/nifi-mongodb-nar-1.24.0.nar-unpacked
	org.apache.nifi.processors.GeoEnrichIP
		org.apache.nifi:nifi-enrich-nar:1.24.0 || ./work/nar/extensions/nifi-enrich-nar-1.24.0.nar-unpacked
	org.apache.nifi.processors.cipher.VerifyContentMAC
		org.apache.nifi:nifi-cipher-nar:1.24.0 || ./work/nar/extensions/nifi-cipher-nar-1.24.0.nar-unpacked
	org.apache.nifi.processors.standard.AttributesToJSON
		org.apache.nifi:nifi-standard-nar:1.24.0 || ./work/nar/extensions/nifi-standard-nar-1.24.0.nar-unpacked
	org.apache.nifi.processors.standard.FlattenJson
		org.apache.nifi:nifi-standard-nar:1.24.0 || ./work/nar/extensions/nifi-standard-nar-1.24.0.nar-unpacked
	org.apache.nifi.processors.mongodb.GetMongo
		org.apache.nifi:nifi-mongodb-nar:1.24.0 || ./work/nar/extensions/nifi-mongodb-nar-1.24.0.nar-unpacked
	org.apache.nifi.processors.kafka.pubsub.ConsumeKafkaRecord_2_0
		org.apache.nifi:nifi-kafka-2-0-nar:1.24.0 || ./work/nar/extensions/nifi-kafka-2-0-nar-1.24.0.nar-unpacked
	org.apache.nifi.processors.gcp.vision.StartGcpVisionAnnotateFilesOperation
		org.apache.nifi:nifi-gcp-nar:1.24.0 || ./work/nar/extensions/nifi-gcp-nar-1.24.0.nar-unpacked
	org.apache.nifi.processors.standard.LogMessage
		org.apache.nifi:nifi-standard-nar:1.24.0 || ./work/nar/extensions/nifi-standard-nar-1.24.0.nar-unpacked
	org.apache.nifi.processors.gcp.drive.PutGoogleDrive
		org.apache.nifi:nifi-gcp-nar:1.24.0 || ./work/nar/extensions/nifi-gcp-nar-1.24.0.nar-unpacked
	org.apache.nifi.processors.hadoop.CreateHadoopSequenceFile
		org.apache.nifi:nifi-hadoop-nar:1.24.0 || ./work/nar/extensions/nifi-hadoop-nar-1.24.0.nar-unpacked
	org.apache.nifi.processors.rethinkdb.PutRethinkDB
		org.apache.nifi:nifi-rethinkdb-nar:1.24.0 || ./work/nar/extensions/nifi-rethinkdb-nar-1.24.0.nar-unpacked
	org.apache.nifi.processors.kafka.pubsub.ConsumeKafkaRecord_1_0
		org.apache.nifi:nifi-kafka-1-0-nar:1.24.0 || ./work/nar/extensions/nifi-kafka-1-0-nar-1.24.0.nar-unpacked
	org.apache.nifi.ModifyHTMLElement
		org.apache.nifi:nifi-html-nar:1.24.0 || ./work/nar/extensions/nifi-html-nar-1.24.0.nar-unpacked
	org.apache.nifi.amqp.processors.PublishAMQP
		org.apache.nifi:nifi-amqp-nar:1.24.0 || ./work/nar/extensions/nifi-amqp-nar-1.24.0.nar-unpacked
	org.apache.nifi.processors.standard.ScanAttribute
		org.apache.nifi:nifi-standard-nar:1.24.0 || ./work/nar/extensions/nifi-standard-nar-1.24.0.nar-unpacked
	org.apache.nifi.processors.standard.ParseSyslog5424
		org.apache.nifi:nifi-standard-nar:1.24.0 || ./work/nar/extensions/nifi-standard-nar-1.24.0.nar-unpacked
	org.apache.nifi.processors.azure.eventhub.GetAzureEventHub
		org.apache.nifi:nifi-azure-nar:1.24.0 || ./work/nar/extensions/nifi-azure-nar-1.24.0.nar-unpacked
	org.apache.nifi.processors.aws.ml.transcribe.GetAwsTranscribeJobStatus
		org.apache.nifi:nifi-aws-nar:1.24.0 || ./work/nar/extensions/nifi-aws-nar-1.24.0.nar-unpacked
	org.apache.nifi.processors.aws.ml.transcribe.StartAwsTranscribeJob
		org.apache.nifi:nifi-aws-nar:1.24.0 || ./work/nar/extensions/nifi-aws-nar-1.24.0.nar-unpacked
	org.apache.nifi.processors.aws.dynamodb.PutDynamoDBRecord
		org.apache.nifi:nifi-aws-nar:1.24.0 || ./work/nar/extensions/nifi-aws-nar-1.24.0.nar-unpacked
	org.apache.nifi.processors.cybersecurity.CompareFuzzyHash
		org.apache.nifi:nifi-cybersecurity-nar:1.24.0 || ./work/nar/extensions/nifi-cybersecurity-nar-1.24.0.nar-unpacked
	org.apache.nifi.processors.parquet.ConvertAvroToParquet
		org.apache.nifi:nifi-parquet-nar:1.24.0 || ./work/nar/extensions/nifi-parquet-nar-1.24.0.nar-unpacked
	org.apache.nifi.processors.hl7.RouteHL7
		org.apache.nifi:nifi-hl7-nar:1.24.0 || ./work/nar/extensions/nifi-hl7-nar-1.24.0.nar-unpacked
	org.apache.nifi.processors.standard.HashContent
		org.apache.nifi:nifi-standard-nar:1.24.0 || ./work/nar/extensions/nifi-standard-nar-1.24.0.nar-unpacked
	org.apache.nifi.jms.processors.PublishJMS
		org.apache.nifi:nifi-jms-processors-nar:1.24.0 || ./work/nar/extensions/nifi-jms-processors-nar-1.24.0.nar-unpacked
	org.apache.nifi.processors.kafka.pubsub.PublishKafka_2_0
		org.apache.nifi:nifi-kafka-2-0-nar:1.24.0 || ./work/nar/extensions/nifi-kafka-2-0-nar-1.24.0.nar-unpacked
	org.apache.nifi.processors.standard.RouteOnContent
		org.apache.nifi:nifi-standard-nar:1.24.0 || ./work/nar/extensions/nifi-standard-nar-1.24.0.nar-unpacked
	org.apache.nifi.processors.aws.dynamodb.DeleteDynamoDB
		org.apache.nifi:nifi-aws-nar:1.24.0 || ./work/nar/extensions/nifi-aws-nar-1.24.0.nar-unpacked
	org.apache.nifi.processors.parquet.PutParquet
		org.apache.nifi:nifi-parquet-nar:1.24.0 || ./work/nar/extensions/nifi-parquet-nar-1.24.0.nar-unpacked
	org.apache.nifi.processors.gcp.vision.GetGcpVisionAnnotateFilesOperationStatus
		org.apache.nifi:nifi-gcp-nar:1.24.0 || ./work/nar/extensions/nifi-gcp-nar-1.24.0.nar-unpacked
	org.apache.nifi.spring.SpringContextProcessor
		org.apache.nifi:nifi-spring-nar:1.24.0 || ./work/nar/extensions/nifi-spring-nar-1.24.0.nar-unpacked
	org.apache.nifi.processors.compress.ModifyCompression
		org.apache.nifi:nifi-compress-nar:1.24.0 || ./work/nar/extensions/nifi-compress-nar-1.24.0.nar-unpacked
	org.apache.nifi.processors.gcp.pubsub.PublishGCPubSub
		org.apache.nifi:nifi-gcp-nar:1.24.0 || ./work/nar/extensions/nifi-gcp-nar-1.24.0.nar-unpacked
	org.apache.nifi.processors.avro.ConvertAvroToJSON
		org.apache.nifi:nifi-avro-nar:1.24.0 || ./work/nar/extensions/nifi-avro-nar-1.24.0.nar-unpacked
	org.apache.nifi.processors.standard.GetJMSQueue
		org.apache.nifi:nifi-standard-nar:1.24.0 || ./work/nar/extensions/nifi-standard-nar-1.24.0.nar-unpacked
	org.apache.nifi.processors.standard.PutUDP
		org.apache.nifi:nifi-standard-nar:1.24.0 || ./work/nar/extensions/nifi-standard-nar-1.24.0.nar-unpacked
	org.apache.nifi.processors.rethinkdb.DeleteRethinkDB
		org.apache.nifi:nifi-rethinkdb-nar:1.24.0 || ./work/nar/extensions/nifi-rethinkdb-nar-1.24.0.nar-unpacked
	org.apache.nifi.processors.kafka.pubsub.PublishKafkaRecord_2_0
		org.apache.nifi:nifi-kafka-2-0-nar:1.24.0 || ./work/nar/extensions/nifi-kafka-2-0-nar-1.24.0.nar-unpacked
	org.apache.nifi.processors.gettcp.GetTCP
		org.apache.nifi:nifi-tcp-nar:1.24.0 || ./work/nar/extensions/nifi-tcp-nar-1.24.0.nar-unpacked
	org.apache.nifi.processors.aws.kinesis.firehose.PutKinesisFirehose
		org.apache.nifi:nifi-aws-nar:1.24.0 || ./work/nar/extensions/nifi-aws-nar-1.24.0.nar-unpacked
	org.apache.nifi.processors.azure.storage.DeleteAzureBlobStorage
		org.apache.nifi:nifi-azure-nar:1.24.0 || ./work/nar/extensions/nifi-azure-nar-1.24.0.nar-unpacked
	org.apache.nifi.processors.pgp.VerifyContentPGP
		org.apache.nifi:nifi-pgp-nar:1.24.0 || ./work/nar/extensions/nifi-pgp-nar-1.24.0.nar-unpacked
	org.apache.nifi.processors.azure.storage.PutAzureDataLakeStorage
		org.apache.nifi:nifi-azure-nar:1.24.0 || ./work/nar/extensions/nifi-azure-nar-1.24.0.nar-unpacked
	org.apache.nifi.processors.standard.EncryptContent
		org.apache.nifi:nifi-standard-nar:1.24.0 || ./work/nar/extensions/nifi-standard-nar-1.24.0.nar-unpacked
	org.apache.nifi.processors.standard.ListenUDPRecord
		org.apache.nifi:nifi-standard-nar:1.24.0 || ./work/nar/extensions/nifi-standard-nar-1.24.0.nar-unpacked
	org.apache.nifi.processors.elasticsearch.FetchElasticsearchHttp
		org.apache.nifi:nifi-elasticsearch-nar:1.24.0 || ./work/nar/extensions/nifi-elasticsearch-nar-1.24.0.nar-unpacked
	org.apache.nifi.processors.stateful.analysis.AttributeRollingWindow
		org.apache.nifi:nifi-stateful-analysis-nar:1.24.0 || ./work/nar/extensions/nifi-stateful-analysis-nar-1.24.0.nar-unpacked
	org.apache.nifi.processors.azure.eventhub.ConsumeAzureEventHub
		org.apache.nifi:nifi-azure-nar:1.24.0 || ./work/nar/extensions/nifi-azure-nar-1.24.0.nar-unpacked
	org.apache.nifi.processors.standard.ExecuteSQLRecord
		org.apache.nifi:nifi-standard-nar:1.24.0 || ./work/nar/extensions/nifi-standard-nar-1.24.0.nar-unpacked
	org.apache.nifi.processors.airtable.QueryAirtableTable
		org.apache.nifi:nifi-airtable-nar:1.24.0 || ./work/nar/extensions/nifi-airtable-nar-1.24.0.nar-unpacked
	org.apache.nifi.processors.aws.cloudwatch.PutCloudWatchMetric
		org.apache.nifi:nifi-aws-nar:1.24.0 || ./work/nar/extensions/nifi-aws-nar-1.24.0.nar-unpacked
	org.apache.nifi.processors.standard.PutFile
		org.apache.nifi:nifi-standard-nar:1.24.0 || ./work/nar/extensions/nifi-standard-nar-1.24.0.nar-unpacked
	org.apache.nifi.processors.azure.storage.ListAzureBlobStorage
		org.apache.nifi:nifi-azure-nar:1.24.0 || ./work/nar/extensions/nifi-azure-nar-1.24.0.nar-unpacked
	org.apache.nifi.processors.standard.EvaluateXPath
		org.apache.nifi:nifi-standard-nar:1.24.0 || ./work/nar/extensions/nifi-standard-nar-1.24.0.nar-unpacked
	org.apache.nifi.processors.twitter.GetTwitter
		org.apache.nifi:nifi-social-media-nar:1.24.0 || ./work/nar/extensions/nifi-social-media-nar-1.24.0.nar-unpacked
	org.apache.nifi.processors.standard.QueryRecord
		org.apache.nifi:nifi-standard-nar:1.24.0 || ./work/nar/extensions/nifi-standard-nar-1.24.0.nar-unpacked
	org.apache.nifi.processors.standard.ForkEnrichment
		org.apache.nifi:nifi-standard-nar:1.24.0 || ./work/nar/extensions/nifi-standard-nar-1.24.0.nar-unpacked
	org.apache.nifi.processors.smb.PutSmbFile
		org.apache.nifi:nifi-smb-nar:1.24.0 || ./work/nar/extensions/nifi-smb-nar-1.24.0.nar-unpacked
	org.apache.nifi.processors.pgp.SignContentPGP
		org.apache.nifi:nifi-pgp-nar:1.24.0 || ./work/nar/extensions/nifi-pgp-nar-1.24.0.nar-unpacked
	org.apache.nifi.processors.standard.GenerateTableFetch
		org.apache.nifi:nifi-standard-nar:1.24.0 || ./work/nar/extensions/nifi-standard-nar-1.24.0.nar-unpacked
	org.apache.nifi.processors.smb.GetSmbFile
		org.apache.nifi:nifi-smb-nar:1.24.0 || ./work/nar/extensions/nifi-smb-nar-1.24.0.nar-unpacked
	org.apache.nifi.processors.standard.EnforceOrder
		org.apache.nifi:nifi-standard-nar:1.24.0 || ./work/nar/extensions/nifi-standard-nar-1.24.0.nar-unpacked
	org.apache.nifi.processors.parquet.FetchParquet
		org.apache.nifi:nifi-parquet-nar:1.24.0 || ./work/nar/extensions/nifi-parquet-nar-1.24.0.nar-unpacked
	org.apache.nifi.processors.aws.sqs.GetSQS
		org.apache.nifi:nifi-aws-nar:1.24.0 || ./work/nar/extensions/nifi-aws-nar-1.24.0.nar-unpacked
	org.apache.nifi.processors.standard.DebugFlow
		org.apache.nifi:nifi-standard-nar:1.24.0 || ./work/nar/extensions/nifi-standard-nar-1.24.0.nar-unpacked
	org.apache.nifi.processors.standard.PutTCP
		org.apache.nifi:nifi-standard-nar:1.24.0 || ./work/nar/extensions/nifi-standard-nar-1.24.0.nar-unpacked
	org.apache.nifi.processors.hadoop.PutHDFS
		org.apache.nifi:nifi-hadoop-nar:1.24.0 || ./work/nar/extensions/nifi-hadoop-nar-1.24.0.nar-unpacked
	org.apache.nifi.processors.azure.storage.DeleteAzureBlobStorage_v12
		org.apache.nifi:nifi-azure-nar:1.24.0 || ./work/nar/extensions/nifi-azure-nar-1.24.0.nar-unpacked
	org.apache.nifi.processors.gcp.vision.GetGcpVisionAnnotateImagesOperationStatus
		org.apache.nifi:nifi-gcp-nar:1.24.0 || ./work/nar/extensions/nifi-gcp-nar-1.24.0.nar-unpacked
	org.apache.nifi.processors.cassandra.PutCassandraQL
		org.apache.nifi:nifi-cassandra-nar:1.24.0 || ./work/nar/extensions/nifi-cassandra-nar-1.24.0.nar-unpacked
	org.apache.nifi.processors.standard.SampleRecord
		org.apache.nifi:nifi-standard-nar:1.24.0 || ./work/nar/extensions/nifi-standard-nar-1.24.0.nar-unpacked
	org.apache.nifi.processors.mqtt.PublishMQTT
		org.apache.nifi:nifi-mqtt-nar:1.24.0 || ./work/nar/extensions/nifi-mqtt-nar-1.24.0.nar-unpacked
	org.apache.nifi.processors.azure.storage.queue.PutAzureQueueStorage
		org.apache.nifi:nifi-azure-nar:1.24.0 || ./work/nar/extensions/nifi-azure-nar-1.24.0.nar-unpacked
	org.apache.nifi.processors.azure.storage.PutAzureBlobStorage
		org.apache.nifi:nifi-azure-nar:1.24.0 || ./work/nar/extensions/nifi-azure-nar-1.24.0.nar-unpacked
	org.apache.nifi.processors.standard.ParseSyslog
		org.apache.nifi:nifi-standard-nar:1.24.0 || ./work/nar/extensions/nifi-standard-nar-1.24.0.nar-unpacked
	org.apache.nifi.processors.aws.kinesis.stream.PutKinesisStream
		org.apache.nifi:nifi-aws-nar:1.24.0 || ./work/nar/extensions/nifi-aws-nar-1.24.0.nar-unpacked
	org.apache.nifi.processors.couchbase.GetCouchbaseKey
		org.apache.nifi:nifi-couchbase-nar:1.24.0 || ./work/nar/extensions/nifi-couchbase-nar-1.24.0.nar-unpacked
	org.apache.nifi.processors.asana.GetAsanaObject
		org.apache.nifi:nifi-asana-processors-nar:1.24.0 || ./work/nar/extensions/nifi-asana-processors-nar-1.24.0.nar-unpacked
	org.apache.nifi.processors.zendesk.GetZendesk
		org.apache.nifi:nifi-zendesk-nar:1.24.0 || ./work/nar/extensions/nifi-zendesk-nar-1.24.0.nar-unpacked
	org.apache.nifi.processors.jslt.JSLTTransformJSON
		org.apache.nifi:nifi-jslt-nar:1.24.0 || ./work/nar/extensions/nifi-jslt-nar-1.24.0.nar-unpacked
	org.apache.nifi.processors.standard.TailFile
		org.apache.nifi:nifi-standard-nar:1.24.0 || ./work/nar/extensions/nifi-standard-nar-1.24.0.nar-unpacked
	org.apache.nifi.processors.gcp.pubsub.lite.ConsumeGCPubSubLite
		org.apache.nifi:nifi-gcp-nar:1.24.0 || ./work/nar/extensions/nifi-gcp-nar-1.24.0.nar-unpacked
	org.apache.nifi.processors.standard.EncodeContent
		org.apache.nifi:nifi-standard-nar:1.24.0 || ./work/nar/extensions/nifi-standard-nar-1.24.0.nar-unpacked
	org.apache.nifi.processors.standard.ExecuteProcess
		org.apache.nifi:nifi-standard-nar:1.24.0 || ./work/nar/extensions/nifi-standard-nar-1.24.0.nar-unpacked
	org.apache.nifi.processors.hadoop.inotify.GetHDFSEvents
		org.apache.nifi:nifi-hadoop-nar:1.24.0 || ./work/nar/extensions/nifi-hadoop-nar-1.24.0.nar-unpacked
	org.apache.nifi.processors.aws.ml.polly.StartAwsPollyJob
		org.apache.nifi:nifi-aws-nar:1.24.0 || ./work/nar/extensions/nifi-aws-nar-1.24.0.nar-unpacked
	org.apache.nifi.processors.standard.ParseCEF
		org.apache.nifi:nifi-standard-nar:1.24.0 || ./work/nar/extensions/nifi-standard-nar-1.24.0.nar-unpacked
	org.apache.nifi.processors.smb.ListSmb
		org.apache.nifi:nifi-smb-nar:1.24.0 || ./work/nar/extensions/nifi-smb-nar-1.24.0.nar-unpacked
	org.apache.nifi.processors.standard.ValidateRecord
		org.apache.nifi:nifi-standard-nar:1.24.0 || ./work/nar/extensions/nifi-standard-nar-1.24.0.nar-unpacked
	org.apache.nifi.processors.standard.PackageFlowFile
		org.apache.nifi:nifi-standard-nar:1.24.0 || ./work/nar/extensions/nifi-standard-nar-1.24.0.nar-unpacked
	org.apache.nifi.processors.elasticsearch.DeleteByQueryElasticsearch
		org.apache.nifi:nifi-elasticsearch-restapi-nar:1.24.0 || ./work/nar/extensions/nifi-elasticsearch-restapi-nar-1.24.0.nar-unpacked
	org.apache.nifi.processors.standard.GetJMSTopic
		org.apache.nifi:nifi-standard-nar:1.24.0 || ./work/nar/extensions/nifi-standard-nar-1.24.0.nar-unpacked
	org.apache.nifi.processors.websocket.PutWebSocket
		org.apache.nifi:nifi-websocket-processors-nar:1.24.0 || ./work/nar/extensions/nifi-websocket-processors-nar-1.24.0.nar-unpacked
	org.apache.nifi.processors.standard.ConvertJSONToSQL
		org.apache.nifi:nifi-standard-nar:1.24.0 || ./work/nar/extensions/nifi-standard-nar-1.24.0.nar-unpacked
	org.apache.nifi.processors.gcp.drive.FetchGoogleDrive
		org.apache.nifi:nifi-gcp-nar:1.24.0 || ./work/nar/extensions/nifi-gcp-nar-1.24.0.nar-unpacked
	org.apache.nifi.processors.jolt.record.JoltTransformRecord
		org.apache.nifi:nifi-jolt-record-nar:1.24.0 || ./work/nar/extensions/nifi-jolt-record-nar-1.24.0.nar-unpacked
	org.apache.nifi.processors.aws.s3.PutS3Object
		org.apache.nifi:nifi-aws-nar:1.24.0 || ./work/nar/extensions/nifi-aws-nar-1.24.0.nar-unpacked
	org.apache.nifi.processors.standard.ListenRELP
		org.apache.nifi:nifi-standard-nar:1.24.0 || ./work/nar/extensions/nifi-standard-nar-1.24.0.nar-unpacked
	org.apache.nifi.processors.azure.storage.queue.GetAzureQueueStorage_v12
		org.apache.nifi:nifi-azure-nar:1.24.0 || ./work/nar/extensions/nifi-azure-nar-1.24.0.nar-unpacked
	org.apache.nifi.processors.ccda.ExtractCCDAAttributes
		org.apache.nifi:nifi-ccda-nar:1.24.0 || ./work/nar/extensions/nifi-ccda-nar-1.24.0.nar-unpacked
	org.apache.nifi.processors.geohash.GeohashRecord
		org.apache.nifi:nifi-geohash-nar:1.24.0 || ./work/nar/extensions/nifi-geohash-nar-1.24.0.nar-unpacked
	org.apache.nifi.GetHTMLElement
		org.apache.nifi:nifi-html-nar:1.24.0 || ./work/nar/extensions/nifi-html-nar-1.24.0.nar-unpacked
	org.apache.nifi.processors.aws.ml.translate.GetAwsTranslateJobStatus
		org.apache.nifi:nifi-aws-nar:1.24.0 || ./work/nar/extensions/nifi-aws-nar-1.24.0.nar-unpacked
	org.apache.nifi.processors.elasticsearch.JsonQueryElasticsearch
		org.apache.nifi:nifi-elasticsearch-restapi-nar:1.24.0 || ./work/nar/extensions/nifi-elasticsearch-restapi-nar-1.24.0.nar-unpacked
	org.apache.nifi.processors.standard.CompressContent
		org.apache.nifi:nifi-standard-nar:1.24.0 || ./work/nar/extensions/nifi-standard-nar-1.24.0.nar-unpacked
	org.apache.nifi.processors.standard.ScanContent
		org.apache.nifi:nifi-standard-nar:1.24.0 || ./work/nar/extensions/nifi-standard-nar-1.24.0.nar-unpacked
	org.apache.nifi.processors.standard.ListenUDP
		org.apache.nifi:nifi-standard-nar:1.24.0 || ./work/nar/extensions/nifi-standard-nar-1.24.0.nar-unpacked
	org.apache.nifi.processors.opentelemetry.ListenOTLP
		org.apache.nifi:nifi-opentelemetry-nar:1.24.0 || ./work/nar/extensions/nifi-opentelemetry-nar-1.24.0.nar-unpacked
	org.apache.nifi.processors.avro.ExtractAvroMetadata
		org.apache.nifi:nifi-avro-nar:1.24.0 || ./work/nar/extensions/nifi-avro-nar-1.24.0.nar-unpacked
	org.apache.nifi.processors.hl7.ExtractHL7Attributes
		org.apache.nifi:nifi-hl7-nar:1.24.0 || ./work/nar/extensions/nifi-hl7-nar-1.24.0.nar-unpacked
	org.apache.nifi.processors.aws.wag.InvokeAWSGatewayApi
		org.apache.nifi:nifi-aws-nar:1.24.0 || ./work/nar/extensions/nifi-aws-nar-1.24.0.nar-unpacked
	org.apache.nifi.processors.azure.storage.queue.GetAzureQueueStorage
		org.apache.nifi:nifi-azure-nar:1.24.0 || ./work/nar/extensions/nifi-azure-nar-1.24.0.nar-unpacked
	org.apache.nifi.processors.azure.storage.ListAzureDataLakeStorage
		org.apache.nifi:nifi-azure-nar:1.24.0 || ./work/nar/extensions/nifi-azure-nar-1.24.0.nar-unpacked
	org.apache.nifi.processors.standard.ReplaceText
		org.apache.nifi:nifi-standard-nar:1.24.0 || ./work/nar/extensions/nifi-standard-nar-1.24.0.nar-unpacked
	org.apache.nifi.processors.solr.PutSolrRecord
		org.apache.nifi:nifi-solr-nar:1.24.0 || ./work/nar/extensions/nifi-solr-nar-1.24.0.nar-unpacked
	org.apache.nifi.processors.stateless.ExecuteStateless
		org.apache.nifi:nifi-stateless-processor-nar:1.24.0 || ./work/nar/extensions/nifi-stateless-processor-nar-1.24.0.nar-unpacked
	org.apache.nifi.processors.standard.SegmentContent
		org.apache.nifi:nifi-standard-nar:1.24.0 || ./work/nar/extensions/nifi-standard-nar-1.24.0.nar-unpacked
	org.apache.nifi.processors.standard.RemoveRecordField
		org.apache.nifi:nifi-standard-nar:1.24.0 || ./work/nar/extensions/nifi-standard-nar-1.24.0.nar-unpacked
	org.apache.nifi.processors.solr.PutSolrContentStream
		org.apache.nifi:nifi-solr-nar:1.24.0 || ./work/nar/extensions/nifi-solr-nar-1.24.0.nar-unpacked
	org.apache.nifi.processors.standard.ListenTCP
		org.apache.nifi:nifi-standard-nar:1.24.0 || ./work/nar/extensions/nifi-standard-nar-1.24.0.nar-unpacked
	org.apache.nifi.processors.grpc.ListenGRPC
		org.apache.nifi:nifi-grpc-nar:1.24.0 || ./work/nar/extensions/nifi-grpc-nar-1.24.0.nar-unpacked
	org.apache.nifi.processors.standard.ListenFTP
		org.apache.nifi:nifi-standard-nar:1.24.0 || ./work/nar/extensions/nifi-standard-nar-1.24.0.nar-unpacked
	org.apache.nifi.processors.gcp.storage.FetchGCSObject
		org.apache.nifi:nifi-gcp-nar:1.24.0 || ./work/nar/extensions/nifi-gcp-nar-1.24.0.nar-unpacked
	org.apache.nifi.processors.gcp.pubsub.lite.PublishGCPubSubLite
		org.apache.nifi:nifi-gcp-nar:1.24.0 || ./work/nar/extensions/nifi-gcp-nar-1.24.0.nar-unpacked
	org.apache.nifi.processors.kafka.pubsub.PublishKafka_1_0
		org.apache.nifi:nifi-kafka-1-0-nar:1.24.0 || ./work/nar/extensions/nifi-kafka-1-0-nar-1.24.0.nar-unpacked
	org.apache.nifi.processors.cipher.DecryptContentAge
		org.apache.nifi:nifi-cipher-nar:1.24.0 || ./work/nar/extensions/nifi-cipher-nar-1.24.0.nar-unpacked
	org.apache.nifi.processors.standard.ExtractText
		org.apache.nifi:nifi-standard-nar:1.24.0 || ./work/nar/extensions/nifi-standard-nar-1.24.0.nar-unpacked
	org.apache.nifi.snmp.processors.GetSNMP
		org.apache.nifi:nifi-snmp-nar:1.24.0 || ./work/nar/extensions/nifi-snmp-nar-1.24.0.nar-unpacked
	org.apache.nifi.processors.aws.s3.FetchS3Object
		org.apache.nifi:nifi-aws-nar:1.24.0 || ./work/nar/extensions/nifi-aws-nar-1.24.0.nar-unpacked
	org.apache.nifi.processors.standard.PutRecord
		org.apache.nifi:nifi-standard-nar:1.24.0 || ./work/nar/extensions/nifi-standard-nar-1.24.0.nar-unpacked
	org.apache.nifi.processors.GeoEnrichIPRecord
		org.apache.nifi:nifi-enrich-nar:1.24.0 || ./work/nar/extensions/nifi-enrich-nar-1.24.0.nar-unpacked
	org.apache.nifi.processors.gcp.vision.StartGcpVisionAnnotateImagesOperation
		org.apache.nifi:nifi-gcp-nar:1.24.0 || ./work/nar/extensions/nifi-gcp-nar-1.24.0.nar-unpacked
	org.apache.nifi.processors.standard.ExtractGrok
		org.apache.nifi:nifi-standard-nar:1.24.0 || ./work/nar/extensions/nifi-standard-nar-1.24.0.nar-unpacked
	org.apache.nifi.processors.email.ExtractEmailAttachments
		org.apache.nifi:nifi-email-nar:1.24.0 || ./work/nar/extensions/nifi-email-nar-1.24.0.nar-unpacked
	org.apache.nifi.processors.box.PutBoxFile
		org.apache.nifi:nifi-box-nar:1.24.0 || ./work/nar/extensions/nifi-box-nar-1.24.0.nar-unpacked
	org.apache.nifi.processors.standard.MergeRecord
		org.apache.nifi:nifi-standard-nar:1.24.0 || ./work/nar/extensions/nifi-standard-nar-1.24.0.nar-unpacked
	org.apache.nifi.processors.groovyx.ExecuteGroovyScript
		org.apache.nifi:nifi-groovyx-nar:1.24.0 || ./work/nar/extensions/nifi-groovyx-nar-1.24.0.nar-unpacked
	org.apache.nifi.processors.kudu.PutKudu
		org.apache.nifi:nifi-kudu-nar:1.24.0 || ./work/nar/extensions/nifi-kudu-nar-1.24.0.nar-unpacked
	org.apache.nifi.processors.email.ExtractTNEFAttachments
		org.apache.nifi:nifi-email-nar:1.24.0 || ./work/nar/extensions/nifi-email-nar-1.24.0.nar-unpacked
	org.apache.nifi.processors.aws.ml.polly.GetAwsPollyJobStatus
		org.apache.nifi:nifi-aws-nar:1.24.0 || ./work/nar/extensions/nifi-aws-nar-1.24.0.nar-unpacked
	org.apache.nifi.hbase.PutHBaseJSON
		org.apache.nifi:nifi-hbase-nar:1.24.0 || ./work/nar/extensions/nifi-hbase-nar-1.24.0.nar-unpacked
	org.apache.nifi.processors.elasticsearch.ScrollElasticsearchHttp
		org.apache.nifi:nifi-elasticsearch-nar:1.24.0 || ./work/nar/extensions/nifi-elasticsearch-nar-1.24.0.nar-unpacked
	org.apache.nifi.processors.standard.GenerateRecord
		org.apache.nifi:nifi-standard-nar:1.24.0 || ./work/nar/extensions/nifi-standard-nar-1.24.0.nar-unpacked
	org.apache.nifi.processors.aws.ml.textract.StartAwsTextractJob
		org.apache.nifi:nifi-aws-nar:1.24.0 || ./work/nar/extensions/nifi-aws-nar-1.24.0.nar-unpacked
	org.apache.nifi.processors.standard.ForkRecord
		org.apache.nifi:nifi-standard-nar:1.24.0 || ./work/nar/extensions/nifi-standard-nar-1.24.0.nar-unpacked
	org.apache.nifi.processors.standard.ListFTP
		org.apache.nifi:nifi-standard-nar:1.24.0 || ./work/nar/extensions/nifi-standard-nar-1.24.0.nar-unpacked
	org.apache.nifi.processors.elasticsearch.PutElasticsearchHttpRecord
		org.apache.nifi:nifi-elasticsearch-nar:1.24.0 || ./work/nar/extensions/nifi-elasticsearch-nar-1.24.0.nar-unpacked
	org.apache.nifi.processors.standard.FetchFile
		org.apache.nifi:nifi-standard-nar:1.24.0 || ./work/nar/extensions/nifi-standard-nar-1.24.0.nar-unpacked
	org.apache.nifi.processors.script.ScriptedValidateRecord
		org.apache.nifi:nifi-scripting-nar:1.24.0 || ./work/nar/extensions/nifi-scripting-nar-1.24.0.nar-unpacked
	org.apache.nifi.processors.standard.ValidateJson
		org.apache.nifi:nifi-standard-nar:1.24.0 || ./work/nar/extensions/nifi-standard-nar-1.24.0.nar-unpacked
	org.apache.nifi.processors.standard.DuplicateFlowFile
		org.apache.nifi:nifi-standard-nar:1.24.0 || ./work/nar/extensions/nifi-standard-nar-1.24.0.nar-unpacked
	org.apache.nifi.processors.standard.ValidateXml
		org.apache.nifi:nifi-standard-nar:1.24.0 || ./work/nar/extensions/nifi-standard-nar-1.24.0.nar-unpacked
	org.apache.nifi.processors.aws.dynamodb.PutDynamoDB
		org.apache.nifi:nifi-aws-nar:1.24.0 || ./work/nar/extensions/nifi-aws-nar-1.24.0.nar-unpacked
	org.apache.nifi.processors.websocket.ListenWebSocket
		org.apache.nifi:nifi-websocket-processors-nar:1.24.0 || ./work/nar/extensions/nifi-websocket-processors-nar-1.24.0.nar-unpacked
	org.apache.nifi.processors.enrich.QueryDNS
		org.apache.nifi:nifi-enrich-nar:1.24.0 || ./work/nar/extensions/nifi-enrich-nar-1.24.0.nar-unpacked
	org.apache.nifi.processors.elasticsearch.PutElasticsearchJson
		org.apache.nifi:nifi-elasticsearch-restapi-nar:1.24.0 || ./work/nar/extensions/nifi-elasticsearch-restapi-nar-1.24.0.nar-unpacked
	org.apache.nifi.processors.standard.ModifyBytes
		org.apache.nifi:nifi-standard-nar:1.24.0 || ./work/nar/extensions/nifi-standard-nar-1.24.0.nar-unpacked
	org.apache.nifi.processors.standard.PutDistributedMapCache
		org.apache.nifi:nifi-standard-nar:1.24.0 || ./work/nar/extensions/nifi-standard-nar-1.24.0.nar-unpacked
	org.apache.nifi.processors.mqtt.ConsumeMQTT
		org.apache.nifi:nifi-mqtt-nar:1.24.0 || ./work/nar/extensions/nifi-mqtt-nar-1.24.0.nar-unpacked
	org.apache.nifi.processors.gcp.bigquery.PutBigQueryBatch
		org.apache.nifi:nifi-gcp-nar:1.24.0 || ./work/nar/extensions/nifi-gcp-nar-1.24.0.nar-unpacked
	org.apache.nifi.processors.aws.ml.translate.StartAwsTranslateJob
		org.apache.nifi:nifi-aws-nar:1.24.0 || ./work/nar/extensions/nifi-aws-nar-1.24.0.nar-unpacked
	org.apache.nifi.processors.gcp.storage.DeleteGCSObject
		org.apache.nifi:nifi-gcp-nar:1.24.0 || ./work/nar/extensions/nifi-gcp-nar-1.24.0.nar-unpacked
	org.apache.nifi.processors.standard.EvaluateXQuery
		org.apache.nifi:nifi-standard-nar:1.24.0 || ./work/nar/extensions/nifi-standard-nar-1.24.0.nar-unpacked
	org.apache.nifi.processors.standard.ListenTCPRecord
		org.apache.nifi:nifi-standard-nar:1.24.0 || ./work/nar/extensions/nifi-standard-nar-1.24.0.nar-unpacked
	org.apache.nifi.hbase.DeleteHBaseCells
		org.apache.nifi:nifi-hbase-nar:1.24.0 || ./work/nar/extensions/nifi-hbase-nar-1.24.0.nar-unpacked
	org.apache.nifi.processors.mongodb.PutMongo
		org.apache.nifi:nifi-mongodb-nar:1.24.0 || ./work/nar/extensions/nifi-mongodb-nar-1.24.0.nar-unpacked
	org.apache.nifi.processors.elasticsearch.PutElasticsearchRecord
		org.apache.nifi:nifi-elasticsearch-restapi-nar:1.24.0 || ./work/nar/extensions/nifi-elasticsearch-restapi-nar-1.24.0.nar-unpacked
	org.apache.nifi.processors.email.ExtractEmailHeaders
		org.apache.nifi:nifi-email-nar:1.24.0 || ./work/nar/extensions/nifi-email-nar-1.24.0.nar-unpacked
	org.apache.nifi.processors.aws.sqs.DeleteSQS
		org.apache.nifi:nifi-aws-nar:1.24.0 || ./work/nar/extensions/nifi-aws-nar-1.24.0.nar-unpacked
	org.apache.nifi.processors.enrich.QueryWhois
		org.apache.nifi:nifi-enrich-nar:1.24.0 || ./work/nar/extensions/nifi-enrich-nar-1.24.0.nar-unpacked
	org.apache.nifi.processors.aws.s3.TagS3Object
		org.apache.nifi:nifi-aws-nar:1.24.0 || ./work/nar/extensions/nifi-aws-nar-1.24.0.nar-unpacked
	org.apache.nifi.processors.hadoop.DeleteHDFS
		org.apache.nifi:nifi-hadoop-nar:1.24.0 || ./work/nar/extensions/nifi-hadoop-nar-1.24.0.nar-unpacked
	org.apache.nifi.processors.standard.SplitContent
		org.apache.nifi:nifi-standard-nar:1.24.0 || ./work/nar/extensions/nifi-standard-nar-1.24.0.nar-unpacked
	org.apache.nifi.processors.workday.GetWorkdayReport
		org.apache.nifi:nifi-workday-processors-nar:1.24.0 || ./work/nar/extensions/nifi-workday-processors-nar-1.24.0.nar-unpacked
	org.apache.nifi.processors.smb.FetchSmb
		org.apache.nifi:nifi-smb-nar:1.24.0 || ./work/nar/extensions/nifi-smb-nar-1.24.0.nar-unpacked
	org.apache.nifi.cdc.mysql.processors.CaptureChangeMySQL
		org.apache.nifi:nifi-cdc-mysql-nar:1.24.0 || ./work/nar/extensions/nifi-cdc-mysql-nar-1.24.0.nar-unpacked
	org.apache.nifi.processors.gcp.storage.PutGCSObject
		org.apache.nifi:nifi-gcp-nar:1.24.0 || ./work/nar/extensions/nifi-gcp-nar-1.24.0.nar-unpacked
	org.apache.nifi.processors.standard.ControlRate
		org.apache.nifi:nifi-standard-nar:1.24.0 || ./work/nar/extensions/nifi-standard-nar-1.24.0.nar-unpacked
	org.apache.nifi.processors.azure.eventhub.PutAzureEventHub
		org.apache.nifi:nifi-azure-nar:1.24.0 || ./work/nar/extensions/nifi-azure-nar-1.24.0.nar-unpacked
	org.apache.nifi.processors.standard.SplitRecord
		org.apache.nifi:nifi-standard-nar:1.24.0 || ./work/nar/extensions/nifi-standard-nar-1.24.0.nar-unpacked
	org.apache.nifi.processors.standard.GetFTP
		org.apache.nifi:nifi-standard-nar:1.24.0 || ./work/nar/extensions/nifi-standard-nar-1.24.0.nar-unpacked
	org.apache.nifi.processors.standard.DeduplicateRecord
		org.apache.nifi:nifi-standard-nar:1.24.0 || ./work/nar/extensions/nifi-standard-nar-1.24.0.nar-unpacked
	org.apache.nifi.processors.grpc.InvokeGRPC
		org.apache.nifi:nifi-grpc-nar:1.24.0 || ./work/nar/extensions/nifi-grpc-nar-1.24.0.nar-unpacked
	org.apache.nifi.hbase.FetchHBaseRow
		org.apache.nifi:nifi-hbase-nar:1.24.0 || ./work/nar/extensions/nifi-hbase-nar-1.24.0.nar-unpacked
	org.apache.nifi.processors.standard.ListSFTP
		org.apache.nifi:nifi-standard-nar:1.24.0 || ./work/nar/extensions/nifi-standard-nar-1.24.0.nar-unpacked
	org.apache.nifi.processors.standard.SplitText
		org.apache.nifi:nifi-standard-nar:1.24.0 || ./work/nar/extensions/nifi-standard-nar-1.24.0.nar-unpacked
	org.apache.nifi.processors.websocket.ConnectWebSocket
		org.apache.nifi:nifi-websocket-processors-nar:1.24.0 || ./work/nar/extensions/nifi-websocket-processors-nar-1.24.0.nar-unpacked
	org.apache.nifi.processors.standard.SplitXml
		org.apache.nifi:nifi-standard-nar:1.24.0 || ./work/nar/extensions/nifi-standard-nar-1.24.0.nar-unpacked
	org.apache.nifi.processors.standard.PutEmail
		org.apache.nifi:nifi-standard-nar:1.24.0 || ./work/nar/extensions/nifi-standard-nar-1.24.0.nar-unpacked
	org.apache.nifi.processors.standard.ListFile
		org.apache.nifi:nifi-standard-nar:1.24.0 || ./work/nar/extensions/nifi-standard-nar-1.24.0.nar-unpacked
	org.apache.nifi.processors.mongodb.PutMongoRecord
		org.apache.nifi:nifi-mongodb-nar:1.24.0 || ./work/nar/extensions/nifi-mongodb-nar-1.24.0.nar-unpacked
	org.apache.nifi.processors.standard.Notify
		org.apache.nifi:nifi-standard-nar:1.24.0 || ./work/nar/extensions/nifi-standard-nar-1.24.0.nar-unpacked
	org.apache.nifi.processors.email.ConsumePOP3
		org.apache.nifi:nifi-email-nar:1.24.0 || ./work/nar/extensions/nifi-email-nar-1.24.0.nar-unpacked
	org.apache.nifi.processors.elasticsearch.UpdateByQueryElasticsearch
		org.apache.nifi:nifi-elasticsearch-restapi-nar:1.24.0 || ./work/nar/extensions/nifi-elasticsearch-restapi-nar-1.24.0.nar-unpacked
	org.apache.nifi.processors.aws.s3.DeleteS3Object
		org.apache.nifi:nifi-aws-nar:1.24.0 || ./work/nar/extensions/nifi-aws-nar-1.24.0.nar-unpacked
	org.apache.nifi.processors.elasticsearch.GetElasticsearch
		org.apache.nifi:nifi-elasticsearch-restapi-nar:1.24.0 || ./work/nar/extensions/nifi-elasticsearch-restapi-nar-1.24.0.nar-unpacked
	org.apache.nifi.processors.standard.ConvertCharacterSet
		org.apache.nifi:nifi-standard-nar:1.24.0 || ./work/nar/extensions/nifi-standard-nar-1.24.0.nar-unpacked
	org.apache.nifi.processors.email.ListenSMTP
		org.apache.nifi:nifi-email-nar:1.24.0 || ./work/nar/extensions/nifi-email-nar-1.24.0.nar-unpacked
	org.apache.nifi.processors.box.ListBoxFile
		org.apache.nifi:nifi-box-nar:1.24.0 || ./work/nar/extensions/nifi-box-nar-1.24.0.nar-unpacked
	org.apache.nifi.processors.standard.MergeContent
		org.apache.nifi:nifi-standard-nar:1.24.0 || ./work/nar/extensions/nifi-standard-nar-1.24.0.nar-unpacked
	org.apache.nifi.processors.splunk.PutSplunkHTTP
		org.apache.nifi:nifi-splunk-nar:1.24.0 || ./work/nar/extensions/nifi-splunk-nar-1.24.0.nar-unpacked
	org.apache.nifi.processors.kafka.pubsub.ConsumeKafka_1_0
		org.apache.nifi:nifi-kafka-1-0-nar:1.24.0 || ./work/nar/extensions/nifi-kafka-1-0-nar-1.24.0.nar-unpacked
	org.apache.nifi.processors.standard.ExecuteStreamCommand
		org.apache.nifi:nifi-standard-nar:1.24.0 || ./work/nar/extensions/nifi-standard-nar-1.24.0.nar-unpacked
	org.apache.nifi.hbase.PutHBaseRecord
		org.apache.nifi:nifi-hbase-nar:1.24.0 || ./work/nar/extensions/nifi-hbase-nar-1.24.0.nar-unpacked
	org.apache.nifi.processors.hadoop.GetHDFSFileInfo
		org.apache.nifi:nifi-hadoop-nar:1.24.0 || ./work/nar/extensions/nifi-hadoop-nar-1.24.0.nar-unpacked
	org.apache.nifi.processors.standard.Wait
		org.apache.nifi:nifi-standard-nar:1.24.0 || ./work/nar/extensions/nifi-standard-nar-1.24.0.nar-unpacked
	org.apache.nifi.processors.standard.PutSQL
		org.apache.nifi:nifi-standard-nar:1.24.0 || ./work/nar/extensions/nifi-standard-nar-1.24.0.nar-unpacked
	org.apache.nifi.processors.script.ScriptedPartitionRecord
		org.apache.nifi:nifi-scripting-nar:1.24.0 || ./work/nar/extensions/nifi-scripting-nar-1.24.0.nar-unpacked
	org.apache.nifi.processors.pgp.EncryptContentPGP
		org.apache.nifi:nifi-pgp-nar:1.24.0 || ./work/nar/extensions/nifi-pgp-nar-1.24.0.nar-unpacked
	org.apache.nifi.processors.mongodb.gridfs.FetchGridFS
		org.apache.nifi:nifi-mongodb-nar:1.24.0 || ./work/nar/extensions/nifi-mongodb-nar-1.24.0.nar-unpacked
	org.apache.nifi.processors.cassandra.PutCassandraRecord
		org.apache.nifi:nifi-cassandra-nar:1.24.0 || ./work/nar/extensions/nifi-cassandra-nar-1.24.0.nar-unpacked
	org.apache.nifi.processors.standard.PutSyslog
		org.apache.nifi:nifi-standard-nar:1.24.0 || ./work/nar/extensions/nifi-standard-nar-1.24.0.nar-unpacked
	org.apache.nifi.processors.aws.kinesis.stream.ConsumeKinesisStream
		org.apache.nifi:nifi-aws-nar:1.24.0 || ./work/nar/extensions/nifi-aws-nar-1.24.0.nar-unpacked
	org.apache.nifi.processors.gcp.pubsub.ConsumeGCPubSub
		org.apache.nifi:nifi-gcp-nar:1.24.0 || ./work/nar/extensions/nifi-gcp-nar-1.24.0.nar-unpacked
	org.apache.nifi.processors.hadoop.GetHDFSSequenceFile
		org.apache.nifi:nifi-hadoop-nar:1.24.0 || ./work/nar/extensions/nifi-hadoop-nar-1.24.0.nar-unpacked
	org.apache.nifi.processors.solr.GetSolr
		org.apache.nifi:nifi-solr-nar:1.24.0 || ./work/nar/extensions/nifi-solr-nar-1.24.0.nar-unpacked
	org.apache.nifi.processors.standard.TransformXml
		org.apache.nifi:nifi-standard-nar:1.24.0 || ./work/nar/extensions/nifi-standard-nar-1.24.0.nar-unpacked
	org.apache.nifi.processors.standard.Base64EncodeContent
		org.apache.nifi:nifi-standard-nar:1.24.0 || ./work/nar/extensions/nifi-standard-nar-1.24.0.nar-unpacked
	org.apache.nifi.processors.avro.SplitAvro
		org.apache.nifi:nifi-avro-nar:1.24.0 || ./work/nar/extensions/nifi-avro-nar-1.24.0.nar-unpacked
	org.apache.nifi.processors.cassandra.QueryCassandra
		org.apache.nifi:nifi-cassandra-nar:1.24.0 || ./work/nar/extensions/nifi-cassandra-nar-1.24.0.nar-unpacked
	org.apache.nifi.processors.yandex.YandexTranslate
		org.apache.nifi:nifi-language-translation-nar:1.24.0 || ./work/nar/extensions/nifi-language-translation-nar-1.24.0.nar-unpacked
	org.apache.nifi.processors.mongodb.GetMongoRecord
		org.apache.nifi:nifi-mongodb-nar:1.24.0 || ./work/nar/extensions/nifi-mongodb-nar-1.24.0.nar-unpacked
	org.apache.nifi.processors.email.ConsumeIMAP
		org.apache.nifi:nifi-email-nar:1.24.0 || ./work/nar/extensions/nifi-email-nar-1.24.0.nar-unpacked
	org.apache.nifi.processors.hadoop.FetchHDFS
		org.apache.nifi:nifi-hadoop-nar:1.24.0 || ./work/nar/extensions/nifi-hadoop-nar-1.24.0.nar-unpacked
	org.apache.nifi.snmp.processors.SendTrapSNMP
		org.apache.nifi:nifi-snmp-nar:1.24.0 || ./work/nar/extensions/nifi-snmp-nar-1.24.0.nar-unpacked
	org.apache.nifi.processors.kafka.pubsub.ConsumeKafkaRecord_2_6
		org.apache.nifi:nifi-kafka-2-6-nar:1.24.0 || ./work/nar/extensions/nifi-kafka-2-6-nar-1.24.0.nar-unpacked
	org.apache.nifi.processors.gcp.drive.ListGoogleDrive
		org.apache.nifi:nifi-gcp-nar:1.24.0 || ./work/nar/extensions/nifi-gcp-nar-1.24.0.nar-unpacked
	org.apache.nifi.processors.standard.PutDatabaseRecord
		org.apache.nifi:nifi-standard-nar:1.24.0 || ./work/nar/extensions/nifi-standard-nar-1.24.0.nar-unpacked
	org.apache.nifi.amqp.processors.ConsumeAMQP
		org.apache.nifi:nifi-amqp-nar:1.24.0 || ./work/nar/extensions/nifi-amqp-nar-1.24.0.nar-unpacked
	org.apache.nifi.processors.slack.PostSlack
		org.apache.nifi:nifi-slack-nar:1.24.0 || ./work/nar/extensions/nifi-slack-nar-1.24.0.nar-unpacked
	org.apache.nifi.processors.standard.RetryFlowFile
		org.apache.nifi:nifi-standard-nar:1.24.0 || ./work/nar/extensions/nifi-standard-nar-1.24.0.nar-unpacked
	org.apache.nifi.processors.standard.PartitionRecord
		org.apache.nifi:nifi-standard-nar:1.24.0 || ./work/nar/extensions/nifi-standard-nar-1.24.0.nar-unpacked
	org.apache.nifi.processors.azure.cosmos.document.PutAzureCosmosDBRecord
		org.apache.nifi:nifi-azure-nar:1.24.0 || ./work/nar/extensions/nifi-azure-nar-1.24.0.nar-unpacked
	org.apache.nifi.processors.standard.GetSFTP
		org.apache.nifi:nifi-standard-nar:1.24.0 || ./work/nar/extensions/nifi-standard-nar-1.24.0.nar-unpacked
	org.apache.nifi.processors.azure.storage.FetchAzureBlobStorage
		org.apache.nifi:nifi-azure-nar:1.24.0 || ./work/nar/extensions/nifi-azure-nar-1.24.0.nar-unpacked
	org.apache.nifi.processors.kafka.pubsub.ConsumeKafka_2_6
		org.apache.nifi:nifi-kafka-2-6-nar:1.24.0 || ./work/nar/extensions/nifi-kafka-2-6-nar-1.24.0.nar-unpacked
	org.apache.nifi.processors.hadoop.MoveHDFS
		org.apache.nifi:nifi-hadoop-nar:1.24.0 || ./work/nar/extensions/nifi-hadoop-nar-1.24.0.nar-unpacked
	org.apache.nifi.processors.elasticsearch.ConsumeElasticsearch
		org.apache.nifi:nifi-elasticsearch-restapi-nar:1.24.0 || ./work/nar/extensions/nifi-elasticsearch-restapi-nar-1.24.0.nar-unpacked
	org.apache.nifi.processors.mongodb.gridfs.DeleteGridFS
		org.apache.nifi:nifi-mongodb-nar:1.24.0 || ./work/nar/extensions/nifi-mongodb-nar-1.24.0.nar-unpacked
	org.apache.nifi.processors.elasticsearch.QueryElasticsearchHttp
		org.apache.nifi:nifi-elasticsearch-nar:1.24.0 || ./work/nar/extensions/nifi-elasticsearch-nar-1.24.0.nar-unpacked
	org.apache.nifi.processors.email.ConsumeEWS
		org.apache.nifi:nifi-email-nar:1.24.0 || ./work/nar/extensions/nifi-email-nar-1.24.0.nar-unpacked
	org.apache.nifi.processors.gcp.bigquery.PutBigQuery
		org.apache.nifi:nifi-gcp-nar:1.24.0 || ./work/nar/extensions/nifi-gcp-nar-1.24.0.nar-unpacked
	org.apache.nifi.processors.standard.CalculateRecordStats
		org.apache.nifi:nifi-standard-nar:1.24.0 || ./work/nar/extensions/nifi-standard-nar-1.24.0.nar-unpacked
	org.apache.nifi.processors.standard.ListenSyslog
		org.apache.nifi:nifi-standard-nar:1.24.0 || ./work/nar/extensions/nifi-standard-nar-1.24.0.nar-unpacked
	org.apache.nifi.processors.aws.sns.PutSNS
		org.apache.nifi:nifi-aws-nar:1.24.0 || ./work/nar/extensions/nifi-aws-nar-1.24.0.nar-unpacked
	org.apache.nifi.processors.rethinkdb.GetRethinkDB
		org.apache.nifi:nifi-rethinkdb-nar:1.24.0 || ./work/nar/extensions/nifi-rethinkdb-nar-1.24.0.nar-unpacked
	org.apache.nifi.processors.standard.InvokeHTTP
		org.apache.nifi:nifi-standard-nar:1.24.0 || ./work/nar/extensions/nifi-standard-nar-1.24.0.nar-unpacked
	org.apache.nifi.processors.standard.RouteOnAttribute
		org.apache.nifi:nifi-standard-nar:1.24.0 || ./work/nar/extensions/nifi-standard-nar-1.24.0.nar-unpacked
	org.apache.nifi.processors.evtx.ParseEvtx
		org.apache.nifi:nifi-evtx-nar:1.24.0 || ./work/nar/extensions/nifi-evtx-nar-1.24.0.nar-unpacked
	org.apache.nifi.processors.aws.lambda.PutLambda
		org.apache.nifi:nifi-aws-nar:1.24.0 || ./work/nar/extensions/nifi-aws-nar-1.24.0.nar-unpacked
	org.apache.nifi.processors.standard.AttributesToCSV
		org.apache.nifi:nifi-standard-nar:1.24.0 || ./work/nar/extensions/nifi-standard-nar-1.24.0.nar-unpacked
	org.apache.nifi.processors.standard.FetchSFTP
		org.apache.nifi:nifi-standard-nar:1.24.0 || ./work/nar/extensions/nifi-standard-nar-1.24.0.nar-unpacked
	org.apache.nifi.processors.ISPEnrichIP
		org.apache.nifi:nifi-enrich-nar:1.24.0 || ./work/nar/extensions/nifi-enrich-nar-1.24.0.nar-unpacked
	org.apache.nifi.processors.salesforce.QuerySalesforceObject
		org.apache.nifi:nifi-salesforce-nar:1.24.0 || ./work/nar/extensions/nifi-salesforce-nar-1.24.0.nar-unpacked
	org.apache.nifi.processors.twitter.ConsumeTwitter
		org.apache.nifi:nifi-social-media-nar:1.24.0 || ./work/nar/extensions/nifi-social-media-nar-1.24.0.nar-unpacked
	org.apache.nifi.processors.standard.GetFile
		org.apache.nifi:nifi-standard-nar:1.24.0 || ./work/nar/extensions/nifi-standard-nar-1.24.0.nar-unpacked
	org.apache.nifi.processors.aws.ml.textract.GetAwsTextractJobStatus
		org.apache.nifi:nifi-aws-nar:1.24.0 || ./work/nar/extensions/nifi-aws-nar-1.24.0.nar-unpacked
	org.apache.nifi.processors.azure.storage.DeleteAzureDataLakeStorage
		org.apache.nifi:nifi-azure-nar:1.24.0 || ./work/nar/extensions/nifi-azure-nar-1.24.0.nar-unpacked
	org.apache.nifi.processors.splunk.QuerySplunkIndexingStatus
		org.apache.nifi:nifi-splunk-nar:1.24.0 || ./work/nar/extensions/nifi-splunk-nar-1.24.0.nar-unpacked
	org.apache.nifi.processors.azure.storage.ListAzureBlobStorage_v12
		org.apache.nifi:nifi-azure-nar:1.24.0 || ./work/nar/extensions/nifi-azure-nar-1.24.0.nar-unpacked
	org.apache.nifi.processors.cipher.EncryptContentAge
		org.apache.nifi:nifi-cipher-nar:1.24.0 || ./work/nar/extensions/nifi-cipher-nar-1.24.0.nar-unpacked
	org.apache.nifi.processors.standard.FetchFTP
		org.apache.nifi:nifi-standard-nar:1.24.0 || ./work/nar/extensions/nifi-standard-nar-1.24.0.nar-unpacked
	org.apache.nifi.processors.standard.CountText
		org.apache.nifi:nifi-standard-nar:1.24.0 || ./work/nar/extensions/nifi-standard-nar-1.24.0.nar-unpacked
	org.apache.nifi.processors.standard.ListenHTTP
		org.apache.nifi:nifi-standard-nar:1.24.0 || ./work/nar/extensions/nifi-standard-nar-1.24.0.nar-unpacked
	org.apache.nifi.processors.standard.PostHTTP
		org.apache.nifi:nifi-standard-nar:1.24.0 || ./work/nar/extensions/nifi-standard-nar-1.24.0.nar-unpacked
	org.apache.nifi.processors.splunk.PutSplunk
		org.apache.nifi:nifi-splunk-nar:1.24.0 || ./work/nar/extensions/nifi-splunk-nar-1.24.0.nar-unpacked
	org.apache.nifi.processors.attributes.UpdateAttribute
		org.apache.nifi:nifi-update-attribute-nar:1.24.0 || ./work/nar/extensions/nifi-update-attribute-nar-1.24.0.nar-unpacked
	org.apache.nifi.snmp.processors.ListenTrapSNMP
		org.apache.nifi:nifi-snmp-nar:1.24.0 || ./work/nar/extensions/nifi-snmp-nar-1.24.0.nar-unpacked
	org.apache.nifi.processors.standard.FetchDistributedMapCache
		org.apache.nifi:nifi-standard-nar:1.24.0 || ./work/nar/extensions/nifi-standard-nar-1.24.0.nar-unpacked
	org.apache.nifi.processors.kafka.pubsub.PublishKafkaRecord_2_6
		org.apache.nifi:nifi-kafka-2-6-nar:1.24.0 || ./work/nar/extensions/nifi-kafka-2-6-nar-1.24.0.nar-unpacked
	org.apache.nifi.processors.dropbox.PutDropbox
		org.apache.nifi:nifi-dropbox-processors-nar:1.24.0 || ./work/nar/extensions/nifi-dropbox-processors-nar-1.24.0.nar-unpacked
	org.apache.nifi.processors.standard.ReplaceTextWithMapping
		org.apache.nifi:nifi-standard-nar:1.24.0 || ./work/nar/extensions/nifi-standard-nar-1.24.0.nar-unpacked
	org.apache.nifi.processors.windows.event.log.ConsumeWindowsEventLog
		org.apache.nifi:nifi-windows-event-log-nar:1.24.0 || ./work/nar/extensions/nifi-windows-event-log-nar-1.24.0.nar-unpacked
	org.apache.nifi.processors.standard.EvaluateJsonPath
		org.apache.nifi:nifi-standard-nar:1.24.0 || ./work/nar/extensions/nifi-standard-nar-1.24.0.nar-unpacked
	org.apache.nifi.processors.standard.ListDatabaseTables
		org.apache.nifi:nifi-standard-nar:1.24.0 || ./work/nar/extensions/nifi-standard-nar-1.24.0.nar-unpacked
	org.apache.nifi.processors.hubspot.GetHubSpot
		org.apache.nifi:nifi-hubspot-nar:1.24.0 || ./work/nar/extensions/nifi-hubspot-nar-1.24.0.nar-unpacked
	org.apache.nifi.processors.cipher.DecryptContentCompatibility
		org.apache.nifi:nifi-cipher-nar:1.24.0 || ./work/nar/extensions/nifi-cipher-nar-1.24.0.nar-unpacked
	org.apache.nifi.processors.standard.GetHTTP
		org.apache.nifi:nifi-standard-nar:1.24.0 || ./work/nar/extensions/nifi-standard-nar-1.24.0.nar-unpacked
	org.apache.nifi.processors.azure.storage.MoveAzureDataLakeStorage
		org.apache.nifi:nifi-azure-nar:1.24.0 || ./work/nar/extensions/nifi-azure-nar-1.24.0.nar-unpacked
	org.apache.nifi.processors.standard.IdentifyMimeType
		org.apache.nifi:nifi-standard-nar:1.24.0 || ./work/nar/extensions/nifi-standard-nar-1.24.0.nar-unpacked
	org.apache.nifi.processors.standard.UnpackContent
		org.apache.nifi:nifi-standard-nar:1.24.0 || ./work/nar/extensions/nifi-standard-nar-1.24.0.nar-unpacked
	org.apache.nifi.processors.standard.CryptographicHashContent
		org.apache.nifi:nifi-standard-nar:1.24.0 || ./work/nar/extensions/nifi-standard-nar-1.24.0.nar-unpacked
	org.apache.nifi.processors.aws.sqs.PutSQS
		org.apache.nifi:nifi-aws-nar:1.24.0 || ./work/nar/extensions/nifi-aws-nar-1.24.0.nar-unpacked
	org.apache.nifi.processors.cybersecurity.FuzzyHashContent
		org.apache.nifi:nifi-cybersecurity-nar:1.24.0 || ./work/nar/extensions/nifi-cybersecurity-nar-1.24.0.nar-unpacked
	org.apache.nifi.processors.script.InvokeScriptedProcessor
		org.apache.nifi:nifi-scripting-nar:1.24.0 || ./work/nar/extensions/nifi-scripting-nar-1.24.0.nar-unpacked
	org.apache.nifi.processors.azure.storage.PutAzureBlobStorage_v12
		org.apache.nifi:nifi-azure-nar:1.24.0 || ./work/nar/extensions/nifi-azure-nar-1.24.0.nar-unpacked
	org.apache.nifi.processors.pgp.DecryptContentPGP
		org.apache.nifi:nifi-pgp-nar:1.24.0 || ./work/nar/extensions/nifi-pgp-nar-1.24.0.nar-unpacked
	org.apache.nifi.processors.standard.UpdateCounter
		org.apache.nifi:nifi-standard-nar:1.24.0 || ./work/nar/extensions/nifi-standard-nar-1.24.0.nar-unpacked
	org.apache.nifi.processors.script.ScriptedTransformRecord
		org.apache.nifi:nifi-scripting-nar:1.24.0 || ./work/nar/extensions/nifi-scripting-nar-1.24.0.nar-unpacked
	org.apache.nifi.processors.mongodb.RunMongoAggregation
		org.apache.nifi:nifi-mongodb-nar:1.24.0 || ./work/nar/extensions/nifi-mongodb-nar-1.24.0.nar-unpacked
	=== End Processor types ===
	=== ExternalResourceProvider Type ===
	org.apache.nifi.registry.extension.NiFiRegistryExternalResourceProvider
		org.apache.nifi:nifi-framework-nar:1.24.0 || ./work/nar/framework/nifi-framework-nar-1.24.0.nar-unpacked
	org.apache.nifi.flow.resource.hadoop.HDFSExternalResourceProvider
		org.apache.nifi:nifi-hadoop-nar:1.24.0 || ./work/nar/extensions/nifi-hadoop-nar-1.24.0.nar-unpacked
	=== End ExternalResourceProvider types ===
	=== FlowFileRepository Type ===
	org.apache.nifi.controller.repository.WriteAheadFlowFileRepository
		org.apache.nifi:nifi-framework-nar:1.24.0 || ./work/nar/framework/nifi-framework-nar-1.24.0.nar-unpacked
	org.apache.nifi.controller.repository.VolatileFlowFileRepository
		org.apache.nifi:nifi-framework-nar:1.24.0 || ./work/nar/framework/nifi-framework-nar-1.24.0.nar-unpacked
	=== End FlowFileRepository types ===
	=== ProvenanceRepository Type ===
	org.apache.nifi.provenance.PersistentProvenanceRepository
		org.apache.nifi:nifi-provenance-repository-nar:1.24.0 || ./work/nar/extensions/nifi-provenance-repository-nar-1.24.0.nar-unpacked
	org.apache.nifi.provenance.WriteAheadProvenanceRepository
		org.apache.nifi:nifi-provenance-repository-nar:1.24.0 || ./work/nar/extensions/nifi-provenance-repository-nar-1.24.0.nar-unpacked
	org.apache.nifi.provenance.VolatileProvenanceRepository
		org.apache.nifi:nifi-provenance-repository-nar:1.24.0 || ./work/nar/extensions/nifi-provenance-repository-nar-1.24.0.nar-unpacked
	org.apache.nifi.provenance.EncryptedWriteAheadProvenanceRepository
		org.apache.nifi:nifi-provenance-repository-nar:1.24.0 || ./work/nar/extensions/nifi-provenance-repository-nar-1.24.0.nar-unpacked
	=== End ProvenanceRepository types ===
	=== ParameterProvider Type ===
	org.apache.nifi.vault.hashicorp.HashiCorpVaultParameterProvider
		org.apache.nifi:nifi-hashicorp-vault-nar:1.24.0 || ./work/nar/extensions/nifi-hashicorp-vault-nar-1.24.0.nar-unpacked
	org.apache.nifi.parameter.FileParameterProvider
		org.apache.nifi:nifi-standard-nar:1.24.0 || ./work/nar/extensions/nifi-standard-nar-1.24.0.nar-unpacked
	org.apache.nifi.parameter.azure.AzureKeyVaultSecretsParameterProvider
		org.apache.nifi:nifi-azure-nar:1.24.0 || ./work/nar/extensions/nifi-azure-nar-1.24.0.nar-unpacked
	org.apache.nifi.parameter.EnvironmentVariableParameterProvider
		org.apache.nifi:nifi-standard-nar:1.24.0 || ./work/nar/extensions/nifi-standard-nar-1.24.0.nar-unpacked
	org.apache.nifi.parameter.gcp.GcpSecretManagerParameterProvider
		org.apache.nifi:nifi-gcp-nar:1.24.0 || ./work/nar/extensions/nifi-gcp-nar-1.24.0.nar-unpacked
	org.apache.nifi.parameter.DatabaseParameterProvider
		org.apache.nifi:nifi-standard-nar:1.24.0 || ./work/nar/extensions/nifi-standard-nar-1.24.0.nar-unpacked
	org.apache.nifi.parameter.aws.AwsSecretsManagerParameterProvider
		org.apache.nifi:nifi-aws-nar:1.24.0 || ./work/nar/extensions/nifi-aws-nar-1.24.0.nar-unpacked
	=== End ParameterProvider types ===
	=== NarProvider Type ===
	org.apache.nifi.nar.hadoop.HDFSNarProvider
		org.apache.nifi:nifi-hadoop-nar:1.24.0 || ./work/nar/extensions/nifi-hadoop-nar-1.24.0.nar-unpacked
	org.apache.nifi.registry.extension.NiFiRegistryNarProvider
		org.apache.nifi:nifi-framework-nar:1.24.0 || ./work/nar/framework/nifi-framework-nar-1.24.0.nar-unpacked
	=== End NarProvider types ===
	=== StatusAnalyticsModel Type ===
	org.apache.nifi.controller.status.analytics.models.SimpleRegression
		org.apache.nifi:nifi-framework-nar:1.24.0 || ./work/nar/framework/nifi-framework-nar-1.24.0.nar-unpacked
	org.apache.nifi.controller.status.analytics.models.OrdinaryLeastSquares
		org.apache.nifi:nifi-framework-nar:1.24.0 || ./work/nar/framework/nifi-framework-nar-1.24.0.nar-unpacked
	=== End StatusAnalyticsModel types ===
	=== ControllerService Type ===
	org.apache.nifi.distributed.cache.client.DistributedSetCacheClientService
		org.apache.nifi:nifi-distributed-cache-services-nar:1.24.0 || ./work/nar/extensions/nifi-distributed-cache-services-nar-1.24.0.nar-unpacked
	org.apache.nifi.couchbase.CouchbaseRecordLookupService
		org.apache.nifi:nifi-couchbase-nar:1.24.0 || ./work/nar/extensions/nifi-couchbase-nar-1.24.0.nar-unpacked
	org.apache.nifi.mongodb.MongoDBLookupService
		org.apache.nifi:nifi-mongodb-services-nar:1.24.0 || ./work/nar/extensions/nifi-mongodb-services-nar-1.24.0.nar-unpacked
	org.apache.nifi.cef.CEFReader
		org.apache.nifi:nifi-record-serialization-services-nar:1.24.0 || ./work/nar/extensions/nifi-record-serialization-services-nar-1.24.0.nar-unpacked
	org.apache.nifi.syslog.Syslog5424Reader
		org.apache.nifi:nifi-record-serialization-services-nar:1.24.0 || ./work/nar/extensions/nifi-record-serialization-services-nar-1.24.0.nar-unpacked
	org.apache.nifi.processors.aws.s3.encryption.StandardS3EncryptionService
		org.apache.nifi:nifi-aws-nar:1.24.0 || ./work/nar/extensions/nifi-aws-nar-1.24.0.nar-unpacked
	org.apache.nifi.excel.ExcelReader
		org.apache.nifi:nifi-poi-nar:1.24.0 || ./work/nar/extensions/nifi-poi-nar-1.24.0.nar-unpacked
	org.apache.nifi.redis.service.RedisConnectionPoolService
		org.apache.nifi:nifi-redis-nar:1.24.0 || ./work/nar/extensions/nifi-redis-nar-1.24.0.nar-unpacked
	org.apache.nifi.syslog.SyslogReader
		org.apache.nifi:nifi-record-serialization-services-nar:1.24.0 || ./work/nar/extensions/nifi-record-serialization-services-nar-1.24.0.nar-unpacked
	org.apache.nifi.ssl.StandardSSLContextService
		org.apache.nifi:nifi-ssl-context-service-nar:1.24.0 || ./work/nar/extensions/nifi-ssl-context-service-nar-1.24.0.nar-unpacked
	org.apache.nifi.processors.gcp.credentials.service.GCPCredentialsControllerService
		org.apache.nifi:nifi-gcp-nar:1.24.0 || ./work/nar/extensions/nifi-gcp-nar-1.24.0.nar-unpacked
	org.apache.nifi.confluent.schemaregistry.ConfluentSchemaRegistry
		org.apache.nifi:nifi-confluent-platform-nar:1.24.0 || ./work/nar/extensions/nifi-confluent-platform-nar-1.24.0.nar-unpacked
	org.apache.nifi.services.azure.StandardAzureCredentialsControllerService
		org.apache.nifi:nifi-azure-nar:1.24.0 || ./work/nar/extensions/nifi-azure-nar-1.24.0.nar-unpacked
	org.apache.nifi.services.smb.SmbjClientProviderService
		org.apache.nifi:nifi-smb-smbj-client-nar:1.24.0 || ./work/nar/extensions/nifi-smb-smbj-client-nar-1.24.0.nar-unpacked
	org.apache.nifi.dbcp.HikariCPConnectionPool
		org.apache.nifi:nifi-dbcp-service-nar:1.24.0 || ./work/nar/extensions/nifi-dbcp-service-nar-1.24.0.nar-unpacked
	org.apache.nifi.distributed.cache.server.DistributedSetCacheServer
		org.apache.nifi:nifi-distributed-cache-services-nar:1.24.0 || ./work/nar/extensions/nifi-distributed-cache-services-nar-1.24.0.nar-unpacked
	org.apache.nifi.record.sink.lookup.RecordSinkServiceLookup
		org.apache.nifi:nifi-record-sink-service-nar:1.24.0 || ./work/nar/extensions/nifi-record-sink-service-nar-1.24.0.nar-unpacked
	org.apache.nifi.couchbase.CouchbaseKeyValueLookupService
		org.apache.nifi:nifi-couchbase-nar:1.24.0 || ./work/nar/extensions/nifi-couchbase-nar-1.24.0.nar-unpacked
	org.apache.nifi.lookup.maxmind.IPLookupService
		org.apache.nifi:nifi-lookup-services-nar:1.24.0 || ./work/nar/extensions/nifi-lookup-services-nar-1.24.0.nar-unpacked
	org.apache.nifi.hazelcast.services.cachemanager.ExternalHazelcastCacheManager
		org.apache.nifi:nifi-hazelcast-services-nar:1.24.0 || ./work/nar/extensions/nifi-hazelcast-services-nar-1.24.0.nar-unpacked
	org.apache.nifi.record.script.ScriptedRecordSetWriter
		org.apache.nifi:nifi-scripting-nar:1.24.0 || ./work/nar/extensions/nifi-scripting-nar-1.24.0.nar-unpacked
	org.apache.nifi.elasticsearch.ElasticSearchStringLookupService
		org.apache.nifi:nifi-elasticsearch-client-service-nar:1.24.0 || ./work/nar/extensions/nifi-elasticsearch-client-service-nar-1.24.0.nar-unpacked
	org.apache.nifi.distributed.cache.server.map.DistributedMapCacheServer
		org.apache.nifi:nifi-distributed-cache-services-nar:1.24.0 || ./work/nar/extensions/nifi-distributed-cache-services-nar-1.24.0.nar-unpacked
	org.apache.nifi.couchbase.CouchbaseClusterService
		org.apache.nifi:nifi-couchbase-nar:1.24.0 || ./work/nar/extensions/nifi-couchbase-nar-1.24.0.nar-unpacked
	org.apache.nifi.controller.asana.StandardAsanaClientProviderService
		org.apache.nifi:nifi-asana-services-nar:1.24.0 || ./work/nar/extensions/nifi-asana-services-nar-1.24.0.nar-unpacked
	org.apache.nifi.pgp.service.standard.StandardPGPPrivateKeyService
		org.apache.nifi:nifi-pgp-service-nar:1.24.0 || ./work/nar/extensions/nifi-pgp-service-nar-1.24.0.nar-unpacked
	org.apache.nifi.yaml.YamlTreeReader
		org.apache.nifi:nifi-record-serialization-services-nar:1.24.0 || ./work/nar/extensions/nifi-record-serialization-services-nar-1.24.0.nar-unpacked
	org.apache.nifi.lookup.DistributedMapCacheLookupService
		org.apache.nifi:nifi-lookup-services-nar:1.24.0 || ./work/nar/extensions/nifi-lookup-services-nar-1.24.0.nar-unpacked
	org.apache.nifi.record.sink.script.ScriptedRecordSink
		org.apache.nifi:nifi-scripting-nar:1.24.0 || ./work/nar/extensions/nifi-scripting-nar-1.24.0.nar-unpacked
	org.apache.nifi.lookup.script.SimpleScriptedLookupService
		org.apache.nifi:nifi-scripting-nar:1.24.0 || ./work/nar/extensions/nifi-scripting-nar-1.24.0.nar-unpacked
	org.apache.nifi.web.client.provider.service.StandardWebClientServiceProvider
		org.apache.nifi:nifi-web-client-provider-service-nar:1.24.0 || ./work/nar/extensions/nifi-web-client-provider-service-nar-1.24.0.nar-unpacked
	org.apache.nifi.lookup.XMLFileLookupService
		org.apache.nifi:nifi-lookup-services-nar:1.24.0 || ./work/nar/extensions/nifi-lookup-services-nar-1.24.0.nar-unpacked
	org.apache.nifi.services.azure.eventhub.AzureEventHubRecordSink
		org.apache.nifi:nifi-azure-nar:1.24.0 || ./work/nar/extensions/nifi-azure-nar-1.24.0.nar-unpacked
	org.apache.nifi.service.CassandraSessionProvider
		org.apache.nifi:nifi-cassandra-services-nar:1.24.0 || ./work/nar/extensions/nifi-cassandra-services-nar-1.24.0.nar-unpacked
	org.apache.nifi.oauth2.OAuth2TokenProviderImpl
		org.apache.nifi:nifi-oauth2-provider-nar:1.24.0 || ./work/nar/extensions/nifi-oauth2-provider-nar-1.24.0.nar-unpacked
	org.apache.nifi.record.sink.db.DatabaseRecordSink
		org.apache.nifi:nifi-dbcp-service-nar:1.24.0 || ./work/nar/extensions/nifi-dbcp-service-nar-1.24.0.nar-unpacked
	org.apache.nifi.schema.inference.VolatileSchemaCache
		org.apache.nifi:nifi-record-serialization-services-nar:1.24.0 || ./work/nar/extensions/nifi-record-serialization-services-nar-1.24.0.nar-unpacked
	org.apache.nifi.services.azure.storage.ADLSCredentialsControllerService
		org.apache.nifi:nifi-azure-nar:1.24.0 || ./work/nar/extensions/nifi-azure-nar-1.24.0.nar-unpacked
	org.apache.nifi.reporting.prometheus.PrometheusRecordSink
		org.apache.nifi:nifi-prometheus-nar:1.24.0 || ./work/nar/extensions/nifi-prometheus-nar-1.24.0.nar-unpacked
	org.apache.nifi.kerberos.KerberosKeytabUserService
		org.apache.nifi:nifi-kerberos-user-service-nar:1.24.0 || ./work/nar/extensions/nifi-kerberos-user-service-nar-1.24.0.nar-unpacked
	org.apache.nifi.record.sink.kafka.KafkaRecordSink_2_6
		org.apache.nifi:nifi-kafka-2-6-nar:1.24.0 || ./work/nar/extensions/nifi-kafka-2-6-nar-1.24.0.nar-unpacked
	org.apache.nifi.box.controllerservices.JsonConfigBasedBoxClientService
		org.apache.nifi:nifi-box-services-nar:1.24.0 || ./work/nar/extensions/nifi-box-services-nar-1.24.0.nar-unpacked
	org.apache.nifi.schemaregistry.hortonworks.HortonworksSchemaRegistry
		org.apache.nifi:nifi-hwx-schema-registry-nar:1.24.0 || ./work/nar/extensions/nifi-hwx-schema-registry-nar-1.24.0.nar-unpacked
	org.apache.nifi.record.sink.LoggingRecordSink
		org.apache.nifi:nifi-record-sink-service-nar:1.24.0 || ./work/nar/extensions/nifi-record-sink-service-nar-1.24.0.nar-unpacked
	org.apache.nifi.record.sink.event.UDPEventRecordSink
		org.apache.nifi:nifi-record-sink-service-nar:1.24.0 || ./work/nar/extensions/nifi-record-sink-service-nar-1.24.0.nar-unpacked
	org.apache.nifi.proxy.StandardProxyConfigurationService
		org.apache.nifi:nifi-proxy-configuration-nar:1.24.0 || ./work/nar/extensions/nifi-proxy-configuration-nar-1.24.0.nar-unpacked
	org.apache.nifi.websocket.jetty.JettyWebSocketClient
		org.apache.nifi:nifi-websocket-services-jetty-nar:1.24.0 || ./work/nar/extensions/nifi-websocket-services-jetty-nar-1.24.0.nar-unpacked
	org.apache.nifi.processors.aws.credentials.provider.service.AWSCredentialsProviderControllerService
		org.apache.nifi:nifi-aws-nar:1.24.0 || ./work/nar/extensions/nifi-aws-nar-1.24.0.nar-unpacked
	org.apache.nifi.controller.kudu.KuduLookupService
		org.apache.nifi:nifi-kudu-nar:1.24.0 || ./work/nar/extensions/nifi-kudu-nar-1.24.0.nar-unpacked
	org.apache.nifi.windowsevent.WindowsEventLogReader
		org.apache.nifi:nifi-record-serialization-services-nar:1.24.0 || ./work/nar/extensions/nifi-record-serialization-services-nar-1.24.0.nar-unpacked
	org.apache.nifi.distributed.cache.client.DistributedMapCacheClientService
		org.apache.nifi:nifi-distributed-cache-services-nar:1.24.0 || ./work/nar/extensions/nifi-distributed-cache-services-nar-1.24.0.nar-unpacked
	org.apache.nifi.dbcp.DBCPConnectionPoolLookup
		org.apache.nifi:nifi-dbcp-service-nar:1.24.0 || ./work/nar/extensions/nifi-dbcp-service-nar-1.24.0.nar-unpacked
	org.apache.nifi.services.azure.storage.AzureStorageCredentialsControllerServiceLookup_v12
		org.apache.nifi:nifi-azure-nar:1.24.0 || ./work/nar/extensions/nifi-azure-nar-1.24.0.nar-unpacked
	org.apache.nifi.mongodb.MongoDBControllerService
		org.apache.nifi:nifi-mongodb-services-nar:1.24.0 || ./work/nar/extensions/nifi-mongodb-services-nar-1.24.0.nar-unpacked
	org.apache.nifi.parquet.ParquetRecordSetWriter
		org.apache.nifi:nifi-parquet-nar:1.24.0 || ./work/nar/extensions/nifi-parquet-nar-1.24.0.nar-unpacked
	org.apache.nifi.lookup.script.ScriptedLookupService
		org.apache.nifi:nifi-scripting-nar:1.24.0 || ./work/nar/extensions/nifi-scripting-nar-1.24.0.nar-unpacked
	org.apache.nifi.json.JsonPathReader
		org.apache.nifi:nifi-record-serialization-services-nar:1.24.0 || ./work/nar/extensions/nifi-record-serialization-services-nar-1.24.0.nar-unpacked
	org.apache.nifi.json.JsonRecordSetWriter
		org.apache.nifi:nifi-record-serialization-services-nar:1.24.0 || ./work/nar/extensions/nifi-record-serialization-services-nar-1.24.0.nar-unpacked
	org.apache.nifi.lookup.ReaderLookup
		org.apache.nifi:nifi-record-serialization-services-nar:1.24.0 || ./work/nar/extensions/nifi-record-serialization-services-nar-1.24.0.nar-unpacked
	org.apache.nifi.avro.AvroRecordSetWriter
		org.apache.nifi:nifi-record-serialization-services-nar:1.24.0 || ./work/nar/extensions/nifi-record-serialization-services-nar-1.24.0.nar-unpacked
	org.apache.nifi.fileresource.service.StandardFileResourceService
		org.apache.nifi:nifi-file-resource-service-nar:1.24.0 || ./work/nar/extensions/nifi-file-resource-service-nar-1.24.0.nar-unpacked
	org.apache.nifi.dbcp.HadoopDBCPConnectionPool
		org.apache.nifi:nifi-hadoop-dbcp-service-nar:1.24.0 || ./work/nar/extensions/nifi-hadoop-dbcp-service-nar-1.24.0.nar-unpacked
	org.apache.nifi.record.sink.EmailRecordSink
		org.apache.nifi:nifi-record-sink-service-nar:1.24.0 || ./work/nar/extensions/nifi-record-sink-service-nar-1.24.0.nar-unpacked
	org.apache.nifi.dbcp.DBCPConnectionPool
		org.apache.nifi:nifi-dbcp-service-nar:1.24.0 || ./work/nar/extensions/nifi-dbcp-service-nar-1.24.0.nar-unpacked
	org.apache.nifi.xml.XMLRecordSetWriter
		org.apache.nifi:nifi-record-serialization-services-nar:1.24.0 || ./work/nar/extensions/nifi-record-serialization-services-nar-1.24.0.nar-unpacked
	org.apache.nifi.kerberos.KerberosTicketCacheUserService
		org.apache.nifi:nifi-kerberos-user-service-nar:1.24.0 || ./work/nar/extensions/nifi-kerberos-user-service-nar-1.24.0.nar-unpacked
	org.apache.nifi.xml.XMLReader
		org.apache.nifi:nifi-record-serialization-services-nar:1.24.0 || ./work/nar/extensions/nifi-record-serialization-services-nar-1.24.0.nar-unpacked
	org.apache.nifi.lookup.PropertiesFileLookupService
		org.apache.nifi:nifi-lookup-services-nar:1.24.0 || ./work/nar/extensions/nifi-lookup-services-nar-1.24.0.nar-unpacked
	org.apache.nifi.aws.schemaregistry.AmazonGlueSchemaRegistry
		org.apache.nifi:nifi-aws-nar:1.24.0 || ./work/nar/extensions/nifi-aws-nar-1.24.0.nar-unpacked
	org.apache.nifi.lookup.CSVRecordLookupService
		org.apache.nifi:nifi-lookup-services-nar:1.24.0 || ./work/nar/extensions/nifi-lookup-services-nar-1.24.0.nar-unpacked
	org.apache.nifi.pgp.service.standard.StandardPGPPublicKeyService
		org.apache.nifi:nifi-pgp-service-nar:1.24.0 || ./work/nar/extensions/nifi-pgp-service-nar-1.24.0.nar-unpacked
	org.apache.nifi.lookup.db.DatabaseRecordLookupService
		org.apache.nifi:nifi-lookup-services-nar:1.24.0 || ./work/nar/extensions/nifi-lookup-services-nar-1.24.0.nar-unpacked
	org.apache.nifi.rules.handlers.script.ScriptedActionHandler
		org.apache.nifi:nifi-scripting-nar:1.24.0 || ./work/nar/extensions/nifi-scripting-nar-1.24.0.nar-unpacked
	org.apache.nifi.lookup.SimpleKeyValueLookupService
		org.apache.nifi:nifi-lookup-services-nar:1.24.0 || ./work/nar/extensions/nifi-lookup-services-nar-1.24.0.nar-unpacked
	org.apache.nifi.elasticsearch.ElasticSearchLookupService
		org.apache.nifi:nifi-elasticsearch-client-service-nar:1.24.0 || ./work/nar/extensions/nifi-elasticsearch-client-service-nar-1.24.0.nar-unpacked
	org.apache.nifi.hbase.HBase_2_ClientService
		org.apache.nifi:nifi-hbase_2-client-service-nar:1.24.0 || ./work/nar/extensions/nifi-hbase_2-client-service-nar-1.24.0.nar-unpacked
	org.apache.nifi.avro.AvroReader
		org.apache.nifi:nifi-record-serialization-services-nar:1.24.0 || ./work/nar/extensions/nifi-record-serialization-services-nar-1.24.0.nar-unpacked
	org.apache.nifi.services.azure.storage.AzureStorageCredentialsControllerService_v12
		org.apache.nifi:nifi-azure-nar:1.24.0 || ./work/nar/extensions/nifi-azure-nar-1.24.0.nar-unpacked
	org.apache.nifi.hazelcast.services.cacheclient.HazelcastMapCacheClient
		org.apache.nifi:nifi-hazelcast-services-nar:1.24.0 || ./work/nar/extensions/nifi-hazelcast-services-nar-1.24.0.nar-unpacked
	org.apache.nifi.http.StandardHttpContextMap
		org.apache.nifi:nifi-http-context-map-nar:1.24.0 || ./work/nar/extensions/nifi-http-context-map-nar-1.24.0.nar-unpacked
	org.apache.nifi.redis.service.SimpleRedisDistributedMapCacheClientService
		org.apache.nifi:nifi-redis-nar:1.24.0 || ./work/nar/extensions/nifi-redis-nar-1.24.0.nar-unpacked
	org.apache.nifi.hbase.HBase_2_RecordLookupService
		org.apache.nifi:nifi-hbase_2-client-service-nar:1.24.0 || ./work/nar/extensions/nifi-hbase_2-client-service-nar-1.24.0.nar-unpacked
	org.apache.nifi.record.script.ScriptedReader
		org.apache.nifi:nifi-scripting-nar:1.24.0 || ./work/nar/extensions/nifi-scripting-nar-1.24.0.nar-unpacked
	org.apache.nifi.ssl.StandardRestrictedSSLContextService
		org.apache.nifi:nifi-ssl-context-service-nar:1.24.0 || ./work/nar/extensions/nifi-ssl-context-service-nar-1.24.0.nar-unpacked
	org.apache.nifi.controller.cassandra.CassandraDistributedMapCache
		org.apache.nifi:nifi-cassandra-services-nar:1.24.0 || ./work/nar/extensions/nifi-cassandra-services-nar-1.24.0.nar-unpacked
	org.apache.nifi.parquet.ParquetReader
		org.apache.nifi:nifi-parquet-nar:1.24.0 || ./work/nar/extensions/nifi-parquet-nar-1.24.0.nar-unpacked
	org.apache.nifi.rules.engine.script.ScriptedRulesEngine
		org.apache.nifi:nifi-scripting-nar:1.24.0 || ./work/nar/extensions/nifi-scripting-nar-1.24.0.nar-unpacked
	org.apache.nifi.reporting.sink.SiteToSiteReportingRecordSink
		org.apache.nifi:nifi-site-to-site-reporting-nar:1.24.0 || ./work/nar/extensions/nifi-site-to-site-reporting-nar-1.24.0.nar-unpacked
	org.apache.nifi.metrics.reporting.reporter.service.GraphiteMetricReporterService
		org.apache.nifi:nifi-metrics-reporting-nar:1.24.0 || ./work/nar/extensions/nifi-metrics-reporting-nar-1.24.0.nar-unpacked
	org.apache.nifi.kerberos.KeytabCredentialsService
		org.apache.nifi:nifi-kerberos-credentials-service-nar:1.24.0 || ./work/nar/extensions/nifi-kerberos-credentials-service-nar-1.24.0.nar-unpacked
	org.apache.nifi.services.dropbox.StandardDropboxCredentialService
		org.apache.nifi:nifi-dropbox-services-nar:1.24.0 || ./work/nar/extensions/nifi-dropbox-services-nar-1.24.0.nar-unpacked
	org.apache.nifi.services.azure.cosmos.document.AzureCosmosDBClientService
		org.apache.nifi:nifi-azure-nar:1.24.0 || ./work/nar/extensions/nifi-azure-nar-1.24.0.nar-unpacked
	org.apache.nifi.oauth2.StandardOauth2AccessTokenProvider
		org.apache.nifi:nifi-oauth2-provider-nar:1.24.0 || ./work/nar/extensions/nifi-oauth2-provider-nar-1.24.0.nar-unpacked
	org.apache.nifi.elasticsearch.ElasticSearchClientServiceImpl
		org.apache.nifi:nifi-elasticsearch-client-service-nar:1.24.0 || ./work/nar/extensions/nifi-elasticsearch-client-service-nar-1.24.0.nar-unpacked
	org.apache.nifi.record.sink.kafka.KafkaRecordSink_2_0
		org.apache.nifi:nifi-kafka-2-0-nar:1.24.0 || ./work/nar/extensions/nifi-kafka-2-0-nar-1.24.0.nar-unpacked
	org.apache.nifi.vault.hashicorp.StandardHashiCorpVaultClientService
		org.apache.nifi:nifi-hashicorp-vault-nar:1.24.0 || ./work/nar/extensions/nifi-hashicorp-vault-nar-1.24.0.nar-unpacked
	org.apache.nifi.grok.GrokReader
		org.apache.nifi:nifi-record-serialization-services-nar:1.24.0 || ./work/nar/extensions/nifi-record-serialization-services-nar-1.24.0.nar-unpacked
	org.apache.nifi.hazelcast.services.cachemanager.EmbeddedHazelcastCacheManager
		org.apache.nifi:nifi-hazelcast-services-nar:1.24.0 || ./work/nar/extensions/nifi-hazelcast-services-nar-1.24.0.nar-unpacked
	org.apache.nifi.services.azure.storage.ADLSCredentialsControllerServiceLookup
		org.apache.nifi:nifi-azure-nar:1.24.0 || ./work/nar/extensions/nifi-azure-nar-1.24.0.nar-unpacked
	org.apache.nifi.services.azure.storage.AzureStorageEmulatorCredentialsControllerService
		org.apache.nifi:nifi-azure-nar:1.24.0 || ./work/nar/extensions/nifi-azure-nar-1.24.0.nar-unpacked
	org.apache.nifi.record.sink.kafka.KafkaRecordSink_1_0
		org.apache.nifi:nifi-kafka-1-0-nar:1.24.0 || ./work/nar/extensions/nifi-kafka-1-0-nar-1.24.0.nar-unpacked
	org.apache.nifi.kerberos.KerberosPasswordUserService
		org.apache.nifi:nifi-kerberos-user-service-nar:1.24.0 || ./work/nar/extensions/nifi-kerberos-user-service-nar-1.24.0.nar-unpacked
	org.apache.nifi.csv.CSVRecordSetWriter
		org.apache.nifi:nifi-record-serialization-services-nar:1.24.0 || ./work/nar/extensions/nifi-record-serialization-services-nar-1.24.0.nar-unpacked
	org.apache.nifi.lookup.RestLookupService
		org.apache.nifi:nifi-lookup-services-nar:1.24.0 || ./work/nar/extensions/nifi-lookup-services-nar-1.24.0.nar-unpacked
	org.apache.nifi.hbase.HBase_2_ClientMapCacheService
		org.apache.nifi:nifi-hbase_2-client-service-nar:1.24.0 || ./work/nar/extensions/nifi-hbase_2-client-service-nar-1.24.0.nar-unpacked
	org.apache.nifi.json.JsonTreeReader
		org.apache.nifi:nifi-record-serialization-services-nar:1.24.0 || ./work/nar/extensions/nifi-record-serialization-services-nar-1.24.0.nar-unpacked
	org.apache.nifi.services.azure.storage.AzureStorageCredentialsControllerService
		org.apache.nifi:nifi-azure-nar:1.24.0 || ./work/nar/extensions/nifi-azure-nar-1.24.0.nar-unpacked
	org.apache.nifi.key.service.StandardPrivateKeyService
		org.apache.nifi:nifi-key-service-nar:1.24.0 || ./work/nar/extensions/nifi-key-service-nar-1.24.0.nar-unpacked
	org.apache.nifi.websocket.jetty.JettyWebSocketServer
		org.apache.nifi:nifi-websocket-services-jetty-nar:1.24.0 || ./work/nar/extensions/nifi-websocket-services-jetty-nar-1.24.0.nar-unpacked
	org.apache.nifi.schemaregistry.services.AvroSchemaRegistry
		org.apache.nifi:nifi-registry-nar:1.24.0 || ./work/nar/extensions/nifi-registry-nar-1.24.0.nar-unpacked
	org.apache.nifi.lookup.SimpleCsvFileLookupService
		org.apache.nifi:nifi-lookup-services-nar:1.24.0 || ./work/nar/extensions/nifi-lookup-services-nar-1.24.0.nar-unpacked
	org.apache.nifi.lookup.RecordSetWriterLookup
		org.apache.nifi:nifi-record-serialization-services-nar:1.24.0 || ./work/nar/extensions/nifi-record-serialization-services-nar-1.24.0.nar-unpacked
	org.apache.nifi.text.FreeFormTextRecordSetWriter
		org.apache.nifi:nifi-record-serialization-services-nar:1.24.0 || ./work/nar/extensions/nifi-record-serialization-services-nar-1.24.0.nar-unpacked
	org.apache.nifi.csv.CSVReader
		org.apache.nifi:nifi-record-serialization-services-nar:1.24.0 || ./work/nar/extensions/nifi-record-serialization-services-nar-1.24.0.nar-unpacked
	org.apache.nifi.couchbase.CouchbaseMapCacheClient
		org.apache.nifi:nifi-couchbase-nar:1.24.0 || ./work/nar/extensions/nifi-couchbase-nar-1.24.0.nar-unpacked
	org.apache.nifi.jms.cf.JndiJmsConnectionFactoryProvider
		org.apache.nifi:nifi-jms-processors-nar:1.24.0 || ./work/nar/extensions/nifi-jms-processors-nar-1.24.0.nar-unpacked
	org.apache.nifi.lookup.db.SimpleDatabaseLookupService
		org.apache.nifi:nifi-lookup-services-nar:1.24.0 || ./work/nar/extensions/nifi-lookup-services-nar-1.24.0.nar-unpacked
	org.apache.nifi.services.azure.storage.AzureStorageCredentialsControllerServiceLookup
		org.apache.nifi:nifi-azure-nar:1.24.0 || ./work/nar/extensions/nifi-azure-nar-1.24.0.nar-unpacked
	org.apache.nifi.jms.cf.JMSConnectionFactoryProvider
		org.apache.nifi:nifi-jms-processors-nar:1.24.0 || ./work/nar/extensions/nifi-jms-processors-nar-1.24.0.nar-unpacked
	org.apache.nifi.redis.service.RedisDistributedMapCacheClientService
		org.apache.nifi:nifi-redis-nar:1.24.0 || ./work/nar/extensions/nifi-redis-nar-1.24.0.nar-unpacked
	=== End ControllerService types ===
	=== FlowFilePrioritizer Type ===
	org.apache.nifi.prioritizer.FirstInFirstOutPrioritizer
		org.apache.nifi:nifi-framework-nar:1.24.0 || ./work/nar/framework/nifi-framework-nar-1.24.0.nar-unpacked
	org.apache.nifi.prioritizer.PriorityAttributePrioritizer
		org.apache.nifi:nifi-framework-nar:1.24.0 || ./work/nar/framework/nifi-framework-nar-1.24.0.nar-unpacked
	org.apache.nifi.prioritizer.NewestFlowFileFirstPrioritizer
		org.apache.nifi:nifi-framework-nar:1.24.0 || ./work/nar/framework/nifi-framework-nar-1.24.0.nar-unpacked
	org.apache.nifi.prioritizer.OldestFlowFileFirstPrioritizer
		org.apache.nifi:nifi-framework-nar:1.24.0 || ./work/nar/framework/nifi-framework-nar-1.24.0.nar-unpacked
	=== End FlowFilePrioritizer types ===
	=== StatusHistoryRepository Type ===
	org.apache.nifi.controller.status.history.VolatileComponentStatusRepository
		org.apache.nifi:nifi-framework-nar:1.24.0 || ./work/nar/framework/nifi-framework-nar-1.24.0.nar-unpacked
	org.apache.nifi.controller.status.history.EmbeddedQuestDbStatusHistoryRepository
		org.apache.nifi:nifi-framework-nar:1.24.0 || ./work/nar/framework/nifi-framework-nar-1.24.0.nar-unpacked
	=== End StatusHistoryRepository types ===
2025-10-16 10:51:10,075 INFO [main] o.a.n.f.r.CompositeExternalResourceProviderService Starting External Resource Provider Service ...
2025-10-16 10:51:10,076 INFO [main] o.a.n.f.r.CompositeExternalResourceProviderService External Resource Provider Service is started successfully
2025-10-16 10:51:10,077 INFO [main] org.apache.nifi.nar.NarAutoLoader Found 0 initial NARs from directory extensions
2025-10-16 10:51:10,079 INFO [main] org.apache.nifi.nar.NarAutoLoader Starting NAR Auto-Loader Thread for directory ./extensions ...
2025-10-16 10:51:10,079 INFO [main] org.eclipse.jetty.server.Server jetty-9.4.53.v20231009; built: 2023-10-09T12:29:09.265Z; git: 27bde00a0b95a1d5bbee0eae7984f891d2d0f8c9; jvm 11.0.21+9
2025-10-16 10:51:10,350 INFO [main] o.e.j.a.AnnotationConfiguration Scanning elapsed time=178ms
2025-10-16 10:51:10,385 INFO [main] org.eclipse.jetty.server.session DefaultSessionIdManager workerName=node0
2025-10-16 10:51:10,386 INFO [main] org.eclipse.jetty.server.session No SessionScavenger set, using defaults
2025-10-16 10:51:10,386 INFO [main] org.eclipse.jetty.server.session node0 Scavenging every 660000ms
2025-10-16 10:51:10,403 INFO [main] o.e.jetty.server.handler.ContextHandler Started o.e.j.w.WebAppContext@cfb94fd{/nifi-update-attribute-ui-1.24.0,/nifi-update-attribute-ui-1.24.0,file:///opt/nifi/nifi-current/work/jetty/nifi-update-attribute-ui-1.24.0.war/webapp/,AVAILABLE}{./work/nar/extensions/nifi-update-attribute-nar-1.24.0.nar-unpacked/NAR-INF/bundled-dependencies/nifi-update-attribute-ui-1.24.0.war}
2025-10-16 10:51:10,412 INFO [main] o.e.j.a.AnnotationConfiguration Scanning elapsed time=3ms
2025-10-16 10:51:10,423 INFO [main] o.e.jetty.server.handler.ContextHandler Started o.e.j.w.WebAppContext@4ebd8d2{nifi-image-viewer,/nifi-image-viewer-1.24.0,file:///opt/nifi/nifi-current/work/jetty/nifi-image-viewer-1.24.0.war/webapp/,AVAILABLE}{./work/nar/extensions/nifi-image-viewer-nar-1.24.0.nar-unpacked/NAR-INF/bundled-dependencies/nifi-image-viewer-1.24.0.war}
2025-10-16 10:51:10,458 INFO [main] o.e.j.a.AnnotationConfiguration Scanning elapsed time=11ms
2025-10-16 10:51:10,470 INFO [main] o.e.jetty.server.handler.ContextHandler Started o.e.j.w.WebAppContext@44a44a04{nifi-standard-content-viewer,/nifi-standard-content-viewer-1.24.0,file:///opt/nifi/nifi-current/work/jetty/nifi-standard-content-viewer-1.24.0.war/webapp/,AVAILABLE}{./work/nar/extensions/nifi-standard-nar-1.24.0.nar-unpacked/NAR-INF/bundled-dependencies/nifi-standard-content-viewer-1.24.0.war}
2025-10-16 10:51:10,576 INFO [main] o.e.j.a.AnnotationConfiguration Scanning elapsed time=53ms
2025-10-16 10:51:10,588 INFO [main] o.e.jetty.server.handler.ContextHandler Started o.e.j.w.WebAppContext@5a63fa71{/nifi-jolt-transform-json-ui-1.24.0,/nifi-jolt-transform-json-ui-1.24.0,file:///opt/nifi/nifi-current/work/jetty/nifi-jolt-transform-json-ui-1.24.0.war/webapp/,AVAILABLE}{./work/nar/extensions/nifi-standard-nar-1.24.0.nar-unpacked/NAR-INF/bundled-dependencies/nifi-jolt-transform-json-ui-1.24.0.war}
2025-10-16 10:51:10,655 INFO [main] o.e.j.a.AnnotationConfiguration Scanning elapsed time=9ms
2025-10-16 10:51:10,658 INFO [main] o.e.j.s.handler.ContextHandler._nifi No Spring WebApplicationInitializer types detected on classpath
2025-10-16 10:51:10,668 INFO [main] o.e.jetty.server.handler.ContextHandler Started o.e.j.w.WebAppContext@a6fc1bc{nifi,/nifi,file:///opt/nifi/nifi-current/work/jetty/nifi-web-ui-1.24.0.war/webapp/,AVAILABLE}{./work/nar/extensions/nifi-server-nar-1.24.0.nar-unpacked/NAR-INF/bundled-dependencies/nifi-web-ui-1.24.0.war}
2025-10-16 10:51:10,766 INFO [main] o.e.j.a.AnnotationConfiguration Scanning elapsed time=37ms
2025-10-16 10:51:10,774 INFO [main] o.e.j.s.handler.ContextHandler._nifi_api No Spring WebApplicationInitializer types detected on classpath
2025-10-16 10:51:10,782 INFO [main] o.e.j.s.handler.ContextHandler._nifi_api Initializing Spring root WebApplicationContext
2025-10-16 10:51:11,481 INFO [main] o.a.nifi.properties.NiFiPropertiesLoader Loading Application Properties [/opt/nifi/nifi-current/./conf/nifi.properties]
2025-10-16 10:51:11,930 INFO [main] jetbrains.exodus.env.EnvironmentImpl Exodus environment created: ./database_repository
2025-10-16 10:51:12,179 INFO [main] o.a.n.a.service.EntityStoreAuditService Environment configured with directory [./database_repository]
2025-10-16 10:51:12,604 INFO [main] o.a.n.r.v.FileBasedVariableRegistry Loaded 94 properties from system properties and environment variables
2025-10-16 10:51:12,604 INFO [main] o.a.n.r.v.FileBasedVariableRegistry Loaded a total of 94 properties.  Including precedence overrides effective accessible registry key size is 94
2025-10-16 10:51:12,768 INFO [main] o.a.n.c.r.WriteAheadFlowFileRepository Initialized FlowFile Repository
2025-10-16 10:51:12,770 INFO [main] o.apache.nifi.controller.FlowController Creating Provenance Repository [org.apache.nifi.provenance.WriteAheadProvenanceRepository]
2025-10-16 10:51:12,788 INFO [main] o.a.n.p.store.WriteAheadStorePartition After recovering ./provenance_repository, next Event ID to be generated will be 0
2025-10-16 10:51:12,790 INFO [main] o.a.n.p.index.lucene.LuceneEventIndex Will avoid re-indexing Provenance Events because the newest index is defunct, so it will be re-indexed in the background
2025-10-16 10:51:12,790 INFO [main] o.apache.nifi.controller.FlowController Creating Content Repository [org.apache.nifi.controller.repository.FileSystemRepository]
2025-10-16 10:51:12,794 INFO [main] o.a.n.c.repository.FileSystemRepository Maximum Threshold for Container default set to 127455741870 bytes; if volume exceeds this size, archived data will be deleted until it no longer exceeds this size
2025-10-16 10:51:12,795 INFO [main] o.a.n.c.repository.FileSystemRepository Initializing FileSystemRepository with 'Always Sync' set to false
2025-10-16 10:51:13,153 INFO [main] org.wali.MinimalLockingWriteAheadLog org.wali.MinimalLockingWriteAheadLog@229050ef finished recovering records. Performing Checkpoint to ensure proper state of Partitions before updates
2025-10-16 10:51:13,153 INFO [main] org.wali.MinimalLockingWriteAheadLog Successfully recovered 0 records in 4 milliseconds
2025-10-16 10:51:13,167 INFO [main] org.wali.MinimalLockingWriteAheadLog org.wali.MinimalLockingWriteAheadLog@229050ef checkpointed with 0 Records and 0 Swap Files in 14 milliseconds (Stop-the-world time = 6 milliseconds, Clear Edit Logs time = 6 millis), max Transaction ID -1
2025-10-16 10:51:14,380 INFO [main] o.s.s.web.DefaultSecurityFilterChain Will secure any request with [org.springframework.security.web.context.request.async.WebAsyncManagerIntegrationFilter@4df30827, org.apache.nifi.web.security.csrf.SkipReplicatedCsrfFilter@4008caaf, org.springframework.security.web.csrf.CsrfFilter@1e287251, org.apache.nifi.web.security.x509.X509AuthenticationFilter@e36bbb9, org.springframework.security.oauth2.server.resource.web.authentication.BearerTokenAuthenticationFilter@6cfaed, org.apache.nifi.web.security.anonymous.NiFiAnonymousAuthenticationFilter@550b68f7, org.apache.nifi.web.security.log.AuthenticationUserFilter@53508d4b, org.springframework.security.web.access.ExceptionTranslationFilter@d5ec8e7, org.springframework.security.web.access.intercept.AuthorizationFilter@7864ec9e]
2025-10-16 10:51:14,523 INFO [main] o.a.n.w.c.ApplicationStartupContextListener Starting Flow Controller...
2025-10-16 10:51:14,531 INFO [main] o.apache.nifi.controller.FlowController Successfully synchronized controller with proposed flow. Flow contains the following number of components: {Processors=0, Controller Services=0, Reporting Tasks=0, Process Groups=0, Remote Process Groups=0, Parameter Providers=0, Flow Registry Clients=0, Local Input Ports=0, Local Output Ports=0, Public Input Ports=0, Public Output Ports=0}
2025-10-16 10:51:14,575 INFO [main] o.a.n.wali.SequentialAccessWriteAheadLog Recovering records from Write-Ahead Log at ./flowfile_repository
2025-10-16 10:51:14,579 INFO [main] org.apache.nifi.wali.HashMapSnapshot org.apache.nifi.wali.HashMapSnapshot@47e4126a restored 0 Records and 0 Swap Files from Snapshot, ending with Transaction ID -1
2025-10-16 10:51:14,580 INFO [main] o.a.n.wali.SequentialAccessWriteAheadLog Successfully recovered 0 records and 0 swap files from Snapshot at ./flowfile_repository/checkpoint with Max Transaction ID of -1 in 4 milliseconds. Now recovering records from 1 journal files
2025-10-16 10:51:14,582 INFO [main] o.a.nifi.wali.LengthDelimitedJournal Recovering records from journal ./flowfile_repository/journals/1.journal
2025-10-16 10:51:14,583 INFO [main] o.a.nifi.wali.LengthDelimitedJournal Successfully recovered 0 updates from journal ./flowfile_repository/journals/1.journal
2025-10-16 10:51:14,583 INFO [main] o.a.n.wali.SequentialAccessWriteAheadLog Successfully recovered 0 records in 7 milliseconds. Now checkpointing to ensure that Write-Ahead Log is in a consistent state
2025-10-16 10:51:14,584 INFO [main] o.a.n.wali.SequentialAccessWriteAheadLog Checkpointed Write-Ahead Log with 0 Records and 0 Swap Files in 1 milliseconds (Stop-the-world time = 0 milliseconds), max Transaction ID -1
2025-10-16 10:51:14,585 INFO [main] o.a.n.c.r.WriteAheadFlowFileRepository Successfully restored 0 FlowFiles and 0 Swap Files
2025-10-16 10:51:14,690 INFO [main] o.apache.nifi.controller.FlowController Performed initial validation of all components in 0 milliseconds
2025-10-16 10:51:14,690 INFO [main] o.apache.nifi.controller.FlowController Starting 0 processors/ports/funnels
2025-10-16 10:51:14,690 INFO [main] o.apache.nifi.controller.FlowController Started 0 Remote Group Ports transmitting
2025-10-16 10:51:14,691 INFO [main] o.a.n.w.c.ApplicationStartupContextListener Flow Controller started successfully.
2025-10-16 10:51:15,484 INFO [main] o.e.jetty.server.handler.ContextHandler Started o.e.j.w.WebAppContext@5018b56b{nifi-api,/nifi-api,file:///opt/nifi/nifi-current/work/jetty/nifi-web-api-1.24.0.war/webapp/,AVAILABLE}{./work/nar/extensions/nifi-server-nar-1.24.0.nar-unpacked/NAR-INF/bundled-dependencies/nifi-web-api-1.24.0.war}
2025-10-16 10:51:15,601 INFO [main] o.e.j.a.AnnotationConfiguration Scanning elapsed time=39ms
2025-10-16 10:51:15,610 INFO [main] o.e.j.s.h.C._nifi_content_viewer No Spring WebApplicationInitializer types detected on classpath
2025-10-16 10:51:15,611 INFO [main] o.e.jetty.server.handler.ContextHandler Started o.e.j.w.WebAppContext@360a3106{nifi-content-viewer,/nifi-content-viewer,file:///opt/nifi/nifi-current/work/jetty/nifi-web-content-viewer-1.24.0.war/webapp/,AVAILABLE}{./work/nar/extensions/nifi-server-nar-1.24.0.nar-unpacked/NAR-INF/bundled-dependencies/nifi-web-content-viewer-1.24.0.war}
2025-10-16 10:51:15,620 INFO [main] o.e.j.a.AnnotationConfiguration Scanning elapsed time=2ms
2025-10-16 10:51:15,626 INFO [main] o.e.j.s.h.ContextHandler._nifi_docs No Spring WebApplicationInitializer types detected on classpath
2025-10-16 10:51:15,628 INFO [main] o.e.jetty.server.handler.ContextHandler Started o.e.j.w.WebAppContext@737ff5c4{nifi-docs,/nifi-docs,file:///opt/nifi/nifi-current/work/jetty/nifi-web-docs-1.24.0.war/webapp/,AVAILABLE}{./work/nar/extensions/nifi-server-nar-1.24.0.nar-unpacked/NAR-INF/bundled-dependencies/nifi-web-docs-1.24.0.war}
2025-10-16 10:51:15,634 INFO [main] o.e.j.a.AnnotationConfiguration Scanning elapsed time=2ms
2025-10-16 10:51:15,635 INFO [main] o.e.j.server.handler.ContextHandler._ No Spring WebApplicationInitializer types detected on classpath
2025-10-16 10:51:15,641 INFO [main] o.e.jetty.server.handler.ContextHandler Started o.e.j.w.WebAppContext@7e9a836{nifi-error,/,file:///opt/nifi/nifi-current/work/jetty/nifi-web-error-1.24.0.war/webapp/,AVAILABLE}{./work/nar/extensions/nifi-server-nar-1.24.0.nar-unpacked/NAR-INF/bundled-dependencies/nifi-web-error-1.24.0.war}
2025-10-16 10:51:15,649 INFO [main] o.eclipse.jetty.server.AbstractConnector Started ServerConnector@229cb4d8{HTTP/1.1, (http/1.1)}{0.0.0.0:8080}
2025-10-16 10:51:15,649 INFO [main] org.eclipse.jetty.server.Server Started @14243ms
2025-10-16 10:51:15,658 INFO [main] org.apache.nifi.web.server.JettyServer NiFi has started. The UI is available at the following URLs:
2025-10-16 10:51:15,658 INFO [main] org.apache.nifi.web.server.JettyServer http://0.0.0.0:8080/nifi
2025-10-16 10:51:15,672 INFO [main] org.apache.nifi.BootstrapListener Successfully initiated communication with Bootstrap
2025-10-16 10:51:15,673 INFO [main] org.apache.nifi.NiFi Started Application Controller in 8.441 seconds (8441786587 ns)
2025-10-16 10:51:34,591 INFO [pool-7-thread-1] o.a.n.c.r.WriteAheadFlowFileRepository Initiating checkpoint of FlowFile Repository
2025-10-16 10:51:34,593 INFO [pool-7-thread-1] o.a.n.c.r.WriteAheadFlowFileRepository Successfully checkpointed FlowFile Repository with 0 records in 0 milliseconds
2025-10-16 10:51:46,129 INFO [NiFi Web Server-29] o.a.nifi.groups.StandardProcessGroup GetFile[id=eca5b223-0199-1000-5d1b-8e0748550f43] added to StandardProcessGroup[identifier=eca531e5-0199-1000-e2c2-ece5a8bb3933,name=NiFi Flow]
2025-10-16 10:51:46,727 INFO [Flow Service Tasks Thread-1] o.a.nifi.controller.StandardFlowService Saved flow controller org.apache.nifi.controller.FlowController@c321018 // Another save pending = false
2025-10-16 10:51:54,542 INFO [NiFi Web Server-23] o.a.nifi.groups.StandardProcessGroup ConvertRecord[id=eca5d327-0199-1000-59e6-a4c43dc982af] added to StandardProcessGroup[identifier=eca531e5-0199-1000-e2c2-ece5a8bb3933,name=NiFi Flow]
2025-10-16 10:51:54,595 INFO [pool-7-thread-1] o.a.n.c.r.WriteAheadFlowFileRepository Initiating checkpoint of FlowFile Repository
2025-10-16 10:51:54,596 INFO [pool-7-thread-1] o.a.n.c.r.WriteAheadFlowFileRepository Successfully checkpointed FlowFile Repository with 0 records in 0 milliseconds
2025-10-16 10:51:54,780 INFO [Flow Service Tasks Thread-1] o.a.nifi.controller.StandardFlowService Saved flow controller org.apache.nifi.controller.FlowController@c321018 // Another save pending = false
2025-10-16 10:51:56,803 INFO [Flow Service Tasks Thread-2] o.a.nifi.controller.StandardFlowService Saved flow controller org.apache.nifi.controller.FlowController@c321018 // Another save pending = false
2025-10-16 10:52:13,389 INFO [Cleanup Archive for default] o.a.n.c.repository.FileSystemRepository Successfully deleted 0 files (0 bytes) from archive
2025-10-16 10:52:13,389 INFO [Cleanup Archive for default] o.a.n.c.repository.FileSystemRepository Archive cleanup completed for container default; will now allow writing to this container. Bytes used = 176.19 GB, bytes free = 52.08 GB, capacity = 228.27 GB
2025-10-16 10:52:14,256 INFO [NiFi Web Server-25] o.a.nifi.groups.StandardProcessGroup SplitJson[id=eca6202c-0199-1000-f6ea-3fe5afe00d8d] added to StandardProcessGroup[identifier=eca531e5-0199-1000-e2c2-ece5a8bb3933,name=NiFi Flow]
2025-10-16 10:52:14,421 INFO [Flow Service Tasks Thread-1] o.a.nifi.controller.StandardFlowService Saved flow controller org.apache.nifi.controller.FlowController@c321018 // Another save pending = false
2025-10-16 10:52:14,599 INFO [pool-7-thread-1] o.a.n.c.r.WriteAheadFlowFileRepository Initiating checkpoint of FlowFile Repository
2025-10-16 10:52:14,602 INFO [pool-7-thread-1] o.a.n.c.r.WriteAheadFlowFileRepository Successfully checkpointed FlowFile Repository with 0 records in 0 milliseconds
2025-10-16 10:52:21,623 INFO [NiFi Web Server-23] o.a.nifi.groups.StandardProcessGroup ConvertJSONToSQL[id=eca63cf1-0199-1000-2b14-6ff3261af767] added to StandardProcessGroup[identifier=eca531e5-0199-1000-e2c2-ece5a8bb3933,name=NiFi Flow]
2025-10-16 10:52:21,962 INFO [Flow Service Tasks Thread-1] o.a.nifi.controller.StandardFlowService Saved flow controller org.apache.nifi.controller.FlowController@c321018 // Another save pending = false
2025-10-16 10:52:29,439 INFO [NiFi Web Server-25] o.a.nifi.groups.StandardProcessGroup PutSQL[id=eca65b7b-0199-1000-7b9b-467ad90b813b] added to StandardProcessGroup[identifier=eca531e5-0199-1000-e2c2-ece5a8bb3933,name=NiFi Flow]
2025-10-16 10:52:29,491 INFO [Flow Service Tasks Thread-1] o.a.nifi.controller.StandardFlowService Saved flow controller org.apache.nifi.controller.FlowController@c321018 // Another save pending = false
2025-10-16 10:52:31,006 INFO [Flow Service Tasks Thread-1] o.a.nifi.controller.StandardFlowService Saved flow controller org.apache.nifi.controller.FlowController@c321018 // Another save pending = false
2025-10-16 10:52:34,606 INFO [pool-7-thread-1] o.a.n.c.r.WriteAheadFlowFileRepository Initiating checkpoint of FlowFile Repository
2025-10-16 10:52:34,609 INFO [pool-7-thread-1] o.a.n.c.r.WriteAheadFlowFileRepository Successfully checkpointed FlowFile Repository with 0 records in 0 milliseconds
2025-10-16 10:52:44,980 INFO [NiFi Web Server-22] o.a.nifi.groups.StandardProcessGroup LogAttribute[id=eca6982d-0199-1000-bc5e-23887100fc2d] added to StandardProcessGroup[identifier=eca531e5-0199-1000-e2c2-ece5a8bb3933,name=NiFi Flow]
2025-10-16 10:52:45,120 INFO [Flow Service Tasks Thread-1] o.a.nifi.controller.StandardFlowService Saved flow controller org.apache.nifi.controller.FlowController@c321018 // Another save pending = false
2025-10-16 10:52:46,148 INFO [Flow Service Tasks Thread-1] o.a.nifi.controller.StandardFlowService Saved flow controller org.apache.nifi.controller.FlowController@c321018 // Another save pending = false
2025-10-16 10:52:47,209 INFO [Flow Service Tasks Thread-1] o.a.nifi.controller.StandardFlowService Saved flow controller org.apache.nifi.controller.FlowController@c321018 // Another save pending = false
2025-10-16 10:52:54,618 INFO [pool-7-thread-1] o.a.n.c.r.WriteAheadFlowFileRepository Initiating checkpoint of FlowFile Repository
2025-10-16 10:52:54,620 INFO [pool-7-thread-1] o.a.n.c.r.WriteAheadFlowFileRepository Successfully checkpointed FlowFile Repository with 0 records in 0 milliseconds
2025-10-16 10:56:03,173 INFO [Write-Ahead Local State Provider Maintenance] org.wali.MinimalLockingWriteAheadLog org.wali.MinimalLockingWriteAheadLog@229050ef checkpointed with 2 Records and 0 Swap Files in 44 milliseconds (Stop-the-world time = 30 milliseconds, Clear Edit Logs time = 10 millis), max Transaction ID 1
2025-10-16 10:56:03,658 INFO [Cleanup Archive for default] o.a.n.c.repository.FileSystemRepository Successfully deleted 0 files (0 bytes) from archive
2025-10-16 10:56:03,658 INFO [Cleanup Archive for default] o.a.n.c.repository.FileSystemRepository Archive cleanup completed for container default; will now allow writing to this container. Bytes used = 176.24 GB, bytes free = 52.03 GB, capacity = 228.27 GB
2025-10-16 10:56:04,578 INFO [pool-7-thread-1] o.a.n.c.r.WriteAheadFlowFileRepository Initiating checkpoint of FlowFile Repository
2025-10-16 10:56:04,579 INFO [pool-7-thread-1] o.a.n.c.r.WriteAheadFlowFileRepository Successfully checkpointed FlowFile Repository with 0 records in 0 milliseconds
2025-10-16 10:56:24,581 INFO [pool-7-thread-1] o.a.n.c.r.WriteAheadFlowFileRepository Initiating checkpoint of FlowFile Repository
2025-10-16 10:56:24,583 INFO [pool-7-thread-1] o.a.n.c.r.WriteAheadFlowFileRepository Successfully checkpointed FlowFile Repository with 0 records in 0 milliseconds
2025-10-16 10:56:44,589 INFO [pool-7-thread-1] o.a.n.c.r.WriteAheadFlowFileRepository Initiating checkpoint of FlowFile Repository
2025-10-16 10:56:44,590 INFO [pool-7-thread-1] o.a.n.c.r.WriteAheadFlowFileRepository Successfully checkpointed FlowFile Repository with 0 records in 0 milliseconds
