2025-10-16 19:04:46,141 INFO [NiFi Web Server-108] o.a.n.c.s.StandardProcessScheduler Starting ConvertJSONToSQL[id=ecbdae1f-0199-1000-49b3-be0d5b14ce1b]
2025-10-16 19:04:46,146 INFO [NiFi Web Server-108] o.a.n.controller.StandardProcessorNode Starting ConvertJSONToSQL[id=ecbdae1f-0199-1000-49b3-be0d5b14ce1b]
2025-10-16 19:04:46,151 INFO [Timer-Driven Process Thread-7] o.a.n.c.s.TimerDrivenSchedulingAgent Scheduled ConvertJSONToSQL[id=ecbdae1f-0199-1000-49b3-be0d5b14ce1b] to run with 1 threads
2025-10-16 19:04:46,328 INFO [Flow Service Tasks Thread-1] o.a.nifi.controller.StandardFlowService Saved flow controller org.apache.nifi.controller.FlowController@5a33fa7d // Another save pending = false
2025-10-16 19:04:50,188 INFO [NiFi Web Server-25] o.a.n.c.s.StandardProcessScheduler Starting PutSQL[id=ecbdc9be-0199-1000-9cbe-29d38cd766d6]
2025-10-16 19:04:50,189 INFO [NiFi Web Server-25] o.a.n.controller.StandardProcessorNode Starting PutSQL[id=ecbdc9be-0199-1000-9cbe-29d38cd766d6]
2025-10-16 19:04:50,191 INFO [Timer-Driven Process Thread-6] o.a.n.c.s.TimerDrivenSchedulingAgent Scheduled PutSQL[id=ecbdc9be-0199-1000-9cbe-29d38cd766d6] to run with 1 threads
2025-10-16 19:04:50,360 INFO [Flow Service Tasks Thread-1] o.a.nifi.controller.StandardFlowService Saved flow controller org.apache.nifi.controller.FlowController@5a33fa7d // Another save pending = false
2025-10-16 19:04:50,632 INFO [pool-7-thread-1] o.a.n.c.r.WriteAheadFlowFileRepository Initiating checkpoint of FlowFile Repository
2025-10-16 19:04:50,633 INFO [pool-7-thread-1] o.a.n.c.r.WriteAheadFlowFileRepository Successfully checkpointed FlowFile Repository with 0 records in 0 milliseconds
2025-10-16 19:05:09,695 INFO [Write-Ahead Local State Provider Maintenance] org.wali.MinimalLockingWriteAheadLog org.wali.MinimalLockingWriteAheadLog@e6fbf82 checkpointed with 2 Records and 0 Swap Files in 26 milliseconds (Stop-the-world time = 17 milliseconds, Clear Edit Logs time = 6 millis), max Transaction ID 9
2025-10-16 19:05:10,633 INFO [pool-7-thread-1] o.a.n.c.r.WriteAheadFlowFileRepository Initiating checkpoint of FlowFile Repository
2025-10-16 19:05:10,634 INFO [pool-7-thread-1] o.a.n.c.r.WriteAheadFlowFileRepository Successfully checkpointed FlowFile Repository with 0 records in 0 milliseconds
2025-10-16 19:05:13,747 INFO [Cleanup Archive for default] o.a.n.c.repository.FileSystemRepository Successfully deleted 0 files (0 bytes) from archive
2025-10-16 19:05:13,748 INFO [Cleanup Archive for default] o.a.n.c.repository.FileSystemRepository Archive cleanup completed for container default; will now allow writing to this container. Bytes used = 176.45 GB, bytes free = 51.82 GB, capacity = 228.27 GB
2025-10-16 19:05:24,040 INFO [Timer-Driven Process Thread-8] o.a.n.p.store.WriteAheadStorePartition Successfully rolled over Event Writer for Provenance Event Store Partition[directory=./provenance_repository] after writing 1 events due to MAX_TIME_REACHED
2025-10-16 19:05:24,095 INFO [Timer-Driven Process Thread-7] o.a.n.processors.standard.LogAttribute LogAttribute[id=ecbfe9b0-0199-1000-b14b-ba021bb0c2ce] logging for flow file StandardFlowFileRecord[uuid=e8285fb1-c356-44a1-b7cd-930527e2d803,claim=StandardContentClaim [resourceClaim=StandardResourceClaim[id=1760614923338-1, container=default, section=1], offset=3469, length=1204],offset=0,name=2025-10-16_22:05:23_car.csv,size=1204]
--------------------------------------------------
FlowFile Properties
Key: 'entryDate'
	Value: 'Thu Oct 16 19:05:24 UTC 2025'
Key: 'lineageStartDate'
	Value: 'Thu Oct 16 19:05:24 UTC 2025'
Key: 'fileSize'
	Value: '1204'
FlowFile Attribute Map Content
Key: 'absolute.path'
	Value: '/data/'
Key: 'file.creationTime'
	Value: '2025-10-16T19:05:23+0000'
Key: 'file.group'
	Value: 'nifi'
Key: 'file.lastAccessTime'
	Value: '2025-10-16T19:05:23+0000'
Key: 'file.lastModifiedTime'
	Value: '2025-10-16T19:05:23+0000'
Key: 'file.owner'
	Value: 'nifi'
Key: 'file.permissions'
	Value: 'rw-r--r--'
Key: 'filename'
	Value: '2025-10-16_22:05:23_car.csv'
Key: 'fragment.count'
	Value: '10'
Key: 'fragment.identifier'
	Value: '2405c61b-9298-4bcd-9e01-9c9964b95b2e'
Key: 'mime.type'
	Value: 'application/json'
Key: 'path'
	Value: '/'
Key: 'record.count'
	Value: '10'
Key: 'uuid'
	Value: 'e8285fb1-c356-44a1-b7cd-930527e2d803'
--------------------------------------------------
2025-10-16 19:05:24,264 INFO [Timer-Driven Process Thread-1] o.a.n.processors.standard.LogAttribute LogAttribute[id=ecc05f84-0199-1000-3197-08d7447c99f8] logging for flow file StandardFlowFileRecord[uuid=1bbd81ce-6957-4f03-93d3-cc914994dfdf,claim=StandardContentClaim [resourceClaim=StandardResourceClaim[id=1760614923338-1, container=default, section=1], offset=4673, length=122],offset=0,name=2025-10-16_22:05:23_car.csv,size=122]
--------------------------------------------------
FlowFile Properties
Key: 'entryDate'
	Value: 'Thu Oct 16 19:05:24 UTC 2025'
Key: 'lineageStartDate'
	Value: 'Thu Oct 16 19:05:24 UTC 2025'
Key: 'fileSize'
	Value: '122'
FlowFile Attribute Map Content
Key: 'absolute.path'
	Value: '/data/'
Key: 'file.creationTime'
	Value: '2025-10-16T19:05:23+0000'
Key: 'file.group'
	Value: 'nifi'
Key: 'file.lastAccessTime'
	Value: '2025-10-16T19:05:23+0000'
Key: 'file.lastModifiedTime'
	Value: '2025-10-16T19:05:23+0000'
Key: 'file.owner'
	Value: 'nifi'
Key: 'file.permissions'
	Value: 'rw-r--r--'
Key: 'filename'
	Value: '2025-10-16_22:05:23_car.csv'
Key: 'fragment.count'
	Value: '1'
Key: 'fragment.identifier'
	Value: '68f0cc0e-7e4d-4607-bbc9-05eaf8983086'
Key: 'fragment.index'
	Value: '0'
Key: 'mime.type'
	Value: 'application/json'
Key: 'path'
	Value: '/'
Key: 'record.count'
	Value: '10'
Key: 'segment.original.filename'
	Value: '2025-10-16_22:05:23_car.csv'
Key: 'uuid'
	Value: '1bbd81ce-6957-4f03-93d3-cc914994dfdf'
--------------------------------------------------
2025-10-16 19:05:24,265 INFO [Timer-Driven Process Thread-1] o.a.n.processors.standard.LogAttribute LogAttribute[id=ecc05f84-0199-1000-3197-08d7447c99f8] logging for flow file StandardFlowFileRecord[uuid=ed3546af-8cb8-4b7a-9e31-c6a0de099e6b,claim=StandardContentClaim [resourceClaim=StandardResourceClaim[id=1760614923338-1, container=default, section=1], offset=4795, length=117],offset=0,name=2025-10-16_22:05:23_car.csv,size=117]
--------------------------------------------------
FlowFile Properties
Key: 'entryDate'
	Value: 'Thu Oct 16 19:05:24 UTC 2025'
Key: 'lineageStartDate'
	Value: 'Thu Oct 16 19:05:24 UTC 2025'
Key: 'fileSize'
	Value: '117'
FlowFile Attribute Map Content
Key: 'absolute.path'
	Value: '/data/'
Key: 'file.creationTime'
	Value: '2025-10-16T19:05:23+0000'
Key: 'file.group'
	Value: 'nifi'
Key: 'file.lastAccessTime'
	Value: '2025-10-16T19:05:23+0000'
Key: 'file.lastModifiedTime'
	Value: '2025-10-16T19:05:23+0000'
Key: 'file.owner'
	Value: 'nifi'
Key: 'file.permissions'
	Value: 'rw-r--r--'
Key: 'filename'
	Value: '2025-10-16_22:05:23_car.csv'
Key: 'fragment.count'
	Value: '1'
Key: 'fragment.identifier'
	Value: 'e3da31f6-6684-4e0c-aafb-049c19729a3b'
Key: 'fragment.index'
	Value: '1'
Key: 'mime.type'
	Value: 'application/json'
Key: 'path'
	Value: '/'
Key: 'record.count'
	Value: '10'
Key: 'segment.original.filename'
	Value: '2025-10-16_22:05:23_car.csv'
Key: 'uuid'
	Value: 'ed3546af-8cb8-4b7a-9e31-c6a0de099e6b'
--------------------------------------------------
2025-10-16 19:05:24,265 INFO [Timer-Driven Process Thread-1] o.a.n.processors.standard.LogAttribute LogAttribute[id=ecc05f84-0199-1000-3197-08d7447c99f8] logging for flow file StandardFlowFileRecord[uuid=06c7438e-af0a-4886-9d69-5a0b80e757c2,claim=StandardContentClaim [resourceClaim=StandardResourceClaim[id=1760614923338-1, container=default, section=1], offset=4912, length=117],offset=0,name=2025-10-16_22:05:23_car.csv,size=117]
--------------------------------------------------
FlowFile Properties
Key: 'entryDate'
	Value: 'Thu Oct 16 19:05:24 UTC 2025'
Key: 'lineageStartDate'
	Value: 'Thu Oct 16 19:05:24 UTC 2025'
Key: 'fileSize'
	Value: '117'
FlowFile Attribute Map Content
Key: 'absolute.path'
	Value: '/data/'
Key: 'file.creationTime'
	Value: '2025-10-16T19:05:23+0000'
Key: 'file.group'
	Value: 'nifi'
Key: 'file.lastAccessTime'
	Value: '2025-10-16T19:05:23+0000'
Key: 'file.lastModifiedTime'
	Value: '2025-10-16T19:05:23+0000'
Key: 'file.owner'
	Value: 'nifi'
Key: 'file.permissions'
	Value: 'rw-r--r--'
Key: 'filename'
	Value: '2025-10-16_22:05:23_car.csv'
Key: 'fragment.count'
	Value: '1'
Key: 'fragment.identifier'
	Value: '856877fb-57fd-46b5-b1e9-065307e7d3d8'
Key: 'fragment.index'
	Value: '2'
Key: 'mime.type'
	Value: 'application/json'
Key: 'path'
	Value: '/'
Key: 'record.count'
	Value: '10'
Key: 'segment.original.filename'
	Value: '2025-10-16_22:05:23_car.csv'
Key: 'uuid'
	Value: '06c7438e-af0a-4886-9d69-5a0b80e757c2'
--------------------------------------------------
2025-10-16 19:05:24,265 INFO [Timer-Driven Process Thread-1] o.a.n.processors.standard.LogAttribute LogAttribute[id=ecc05f84-0199-1000-3197-08d7447c99f8] logging for flow file StandardFlowFileRecord[uuid=9cbeb0f8-930b-4cae-98a3-75821432b026,claim=StandardContentClaim [resourceClaim=StandardResourceClaim[id=1760614923338-1, container=default, section=1], offset=5029, length=121],offset=0,name=2025-10-16_22:05:23_car.csv,size=121]
--------------------------------------------------
FlowFile Properties
Key: 'entryDate'
	Value: 'Thu Oct 16 19:05:24 UTC 2025'
Key: 'lineageStartDate'
	Value: 'Thu Oct 16 19:05:24 UTC 2025'
Key: 'fileSize'
	Value: '121'
FlowFile Attribute Map Content
Key: 'absolute.path'
	Value: '/data/'
Key: 'file.creationTime'
	Value: '2025-10-16T19:05:23+0000'
Key: 'file.group'
	Value: 'nifi'
Key: 'file.lastAccessTime'
	Value: '2025-10-16T19:05:23+0000'
Key: 'file.lastModifiedTime'
	Value: '2025-10-16T19:05:23+0000'
Key: 'file.owner'
	Value: 'nifi'
Key: 'file.permissions'
	Value: 'rw-r--r--'
Key: 'filename'
	Value: '2025-10-16_22:05:23_car.csv'
Key: 'fragment.count'
	Value: '1'
Key: 'fragment.identifier'
	Value: '838a33f5-2172-4779-b6db-98961f4a0ffd'
Key: 'fragment.index'
	Value: '3'
Key: 'mime.type'
	Value: 'application/json'
Key: 'path'
	Value: '/'
Key: 'record.count'
	Value: '10'
Key: 'segment.original.filename'
	Value: '2025-10-16_22:05:23_car.csv'
Key: 'uuid'
	Value: '9cbeb0f8-930b-4cae-98a3-75821432b026'
--------------------------------------------------
2025-10-16 19:05:24,266 INFO [Timer-Driven Process Thread-1] o.a.n.processors.standard.LogAttribute LogAttribute[id=ecc05f84-0199-1000-3197-08d7447c99f8] logging for flow file StandardFlowFileRecord[uuid=1e510ff4-b997-4227-9485-c915f50bacfa,claim=StandardContentClaim [resourceClaim=StandardResourceClaim[id=1760614923338-1, container=default, section=1], offset=5150, length=117],offset=0,name=2025-10-16_22:05:23_car.csv,size=117]
--------------------------------------------------
FlowFile Properties
Key: 'entryDate'
	Value: 'Thu Oct 16 19:05:24 UTC 2025'
Key: 'lineageStartDate'
	Value: 'Thu Oct 16 19:05:24 UTC 2025'
Key: 'fileSize'
	Value: '117'
FlowFile Attribute Map Content
Key: 'absolute.path'
	Value: '/data/'
Key: 'file.creationTime'
	Value: '2025-10-16T19:05:23+0000'
Key: 'file.group'
	Value: 'nifi'
Key: 'file.lastAccessTime'
	Value: '2025-10-16T19:05:23+0000'
Key: 'file.lastModifiedTime'
	Value: '2025-10-16T19:05:23+0000'
Key: 'file.owner'
	Value: 'nifi'
Key: 'file.permissions'
	Value: 'rw-r--r--'
Key: 'filename'
	Value: '2025-10-16_22:05:23_car.csv'
Key: 'fragment.count'
	Value: '1'
Key: 'fragment.identifier'
	Value: 'a33e42d0-7c9e-4001-acfd-68a6242c6a3d'
Key: 'fragment.index'
	Value: '4'
Key: 'mime.type'
	Value: 'application/json'
Key: 'path'
	Value: '/'
Key: 'record.count'
	Value: '10'
Key: 'segment.original.filename'
	Value: '2025-10-16_22:05:23_car.csv'
Key: 'uuid'
	Value: '1e510ff4-b997-4227-9485-c915f50bacfa'
--------------------------------------------------
2025-10-16 19:05:24,267 INFO [Timer-Driven Process Thread-1] o.a.n.processors.standard.LogAttribute LogAttribute[id=ecc05f84-0199-1000-3197-08d7447c99f8] logging for flow file StandardFlowFileRecord[uuid=cd087b89-3e2d-411f-a7e2-72855cd0b306,claim=StandardContentClaim [resourceClaim=StandardResourceClaim[id=1760614923338-1, container=default, section=1], offset=5267, length=117],offset=0,name=2025-10-16_22:05:23_car.csv,size=117]
--------------------------------------------------
FlowFile Properties
Key: 'entryDate'
	Value: 'Thu Oct 16 19:05:24 UTC 2025'
Key: 'lineageStartDate'
	Value: 'Thu Oct 16 19:05:24 UTC 2025'
Key: 'fileSize'
	Value: '117'
FlowFile Attribute Map Content
Key: 'absolute.path'
	Value: '/data/'
Key: 'file.creationTime'
	Value: '2025-10-16T19:05:23+0000'
Key: 'file.group'
	Value: 'nifi'
Key: 'file.lastAccessTime'
	Value: '2025-10-16T19:05:23+0000'
Key: 'file.lastModifiedTime'
	Value: '2025-10-16T19:05:23+0000'
Key: 'file.owner'
	Value: 'nifi'
Key: 'file.permissions'
	Value: 'rw-r--r--'
Key: 'filename'
	Value: '2025-10-16_22:05:23_car.csv'
Key: 'fragment.count'
	Value: '1'
Key: 'fragment.identifier'
	Value: '28fa466d-4b76-4c7b-a987-ae71852a7ee5'
Key: 'fragment.index'
	Value: '5'
Key: 'mime.type'
	Value: 'application/json'
Key: 'path'
	Value: '/'
Key: 'record.count'
	Value: '10'
Key: 'segment.original.filename'
	Value: '2025-10-16_22:05:23_car.csv'
Key: 'uuid'
	Value: 'cd087b89-3e2d-411f-a7e2-72855cd0b306'
--------------------------------------------------
2025-10-16 19:05:24,279 INFO [Timer-Driven Process Thread-5] o.a.n.processors.standard.LogAttribute LogAttribute[id=ecc05f84-0199-1000-3197-08d7447c99f8] logging for flow file StandardFlowFileRecord[uuid=c7991c3b-0748-49f7-ab23-2fdc535c7078,claim=StandardContentClaim [resourceClaim=StandardResourceClaim[id=1760614923338-1, container=default, section=1], offset=5384, length=120],offset=0,name=2025-10-16_22:05:23_car.csv,size=120]
--------------------------------------------------
FlowFile Properties
Key: 'entryDate'
	Value: 'Thu Oct 16 19:05:24 UTC 2025'
Key: 'lineageStartDate'
	Value: 'Thu Oct 16 19:05:24 UTC 2025'
Key: 'fileSize'
	Value: '120'
FlowFile Attribute Map Content
Key: 'absolute.path'
	Value: '/data/'
Key: 'file.creationTime'
	Value: '2025-10-16T19:05:23+0000'
Key: 'file.group'
	Value: 'nifi'
Key: 'file.lastAccessTime'
	Value: '2025-10-16T19:05:23+0000'
Key: 'file.lastModifiedTime'
	Value: '2025-10-16T19:05:23+0000'
Key: 'file.owner'
	Value: 'nifi'
Key: 'file.permissions'
	Value: 'rw-r--r--'
Key: 'filename'
	Value: '2025-10-16_22:05:23_car.csv'
Key: 'fragment.count'
	Value: '1'
Key: 'fragment.identifier'
	Value: 'aae1276a-74c7-40b6-946d-e3652ce1f3db'
Key: 'fragment.index'
	Value: '6'
Key: 'mime.type'
	Value: 'application/json'
Key: 'path'
	Value: '/'
Key: 'record.count'
	Value: '10'
Key: 'segment.original.filename'
	Value: '2025-10-16_22:05:23_car.csv'
Key: 'uuid'
	Value: 'c7991c3b-0748-49f7-ab23-2fdc535c7078'
--------------------------------------------------
2025-10-16 19:05:24,280 INFO [Timer-Driven Process Thread-5] o.a.n.processors.standard.LogAttribute LogAttribute[id=ecc05f84-0199-1000-3197-08d7447c99f8] logging for flow file StandardFlowFileRecord[uuid=1369ba53-adac-4a1f-95fd-89ad3e2d5aab,claim=StandardContentClaim [resourceClaim=StandardResourceClaim[id=1760614923338-1, container=default, section=1], offset=5504, length=118],offset=0,name=2025-10-16_22:05:23_car.csv,size=118]
--------------------------------------------------
FlowFile Properties
Key: 'entryDate'
	Value: 'Thu Oct 16 19:05:24 UTC 2025'
Key: 'lineageStartDate'
	Value: 'Thu Oct 16 19:05:24 UTC 2025'
Key: 'fileSize'
	Value: '118'
FlowFile Attribute Map Content
Key: 'absolute.path'
	Value: '/data/'
Key: 'file.creationTime'
	Value: '2025-10-16T19:05:23+0000'
Key: 'file.group'
	Value: 'nifi'
Key: 'file.lastAccessTime'
	Value: '2025-10-16T19:05:23+0000'
Key: 'file.lastModifiedTime'
	Value: '2025-10-16T19:05:23+0000'
Key: 'file.owner'
	Value: 'nifi'
Key: 'file.permissions'
	Value: 'rw-r--r--'
Key: 'filename'
	Value: '2025-10-16_22:05:23_car.csv'
Key: 'fragment.count'
	Value: '1'
Key: 'fragment.identifier'
	Value: '34229fff-61c4-4165-8cc0-4cf6c175aefa'
Key: 'fragment.index'
	Value: '7'
Key: 'mime.type'
	Value: 'application/json'
Key: 'path'
	Value: '/'
Key: 'record.count'
	Value: '10'
Key: 'segment.original.filename'
	Value: '2025-10-16_22:05:23_car.csv'
Key: 'uuid'
	Value: '1369ba53-adac-4a1f-95fd-89ad3e2d5aab'
--------------------------------------------------
2025-10-16 19:05:24,280 INFO [Timer-Driven Process Thread-5] o.a.n.processors.standard.LogAttribute LogAttribute[id=ecc05f84-0199-1000-3197-08d7447c99f8] logging for flow file StandardFlowFileRecord[uuid=fcadd107-f98c-4bdd-bf06-ab587997902c,claim=StandardContentClaim [resourceClaim=StandardResourceClaim[id=1760614923338-1, container=default, section=1], offset=5622, length=126],offset=0,name=2025-10-16_22:05:23_car.csv,size=126]
--------------------------------------------------
FlowFile Properties
Key: 'entryDate'
	Value: 'Thu Oct 16 19:05:24 UTC 2025'
Key: 'lineageStartDate'
	Value: 'Thu Oct 16 19:05:24 UTC 2025'
Key: 'fileSize'
	Value: '126'
FlowFile Attribute Map Content
Key: 'absolute.path'
	Value: '/data/'
Key: 'file.creationTime'
	Value: '2025-10-16T19:05:23+0000'
Key: 'file.group'
	Value: 'nifi'
Key: 'file.lastAccessTime'
	Value: '2025-10-16T19:05:23+0000'
Key: 'file.lastModifiedTime'
	Value: '2025-10-16T19:05:23+0000'
Key: 'file.owner'
	Value: 'nifi'
Key: 'file.permissions'
	Value: 'rw-r--r--'
Key: 'filename'
	Value: '2025-10-16_22:05:23_car.csv'
Key: 'fragment.count'
	Value: '1'
Key: 'fragment.identifier'
	Value: '877f4626-ff26-42d7-941e-c84126eabab1'
Key: 'fragment.index'
	Value: '8'
Key: 'mime.type'
	Value: 'application/json'
Key: 'path'
	Value: '/'
Key: 'record.count'
	Value: '10'
Key: 'segment.original.filename'
	Value: '2025-10-16_22:05:23_car.csv'
Key: 'uuid'
	Value: 'fcadd107-f98c-4bdd-bf06-ab587997902c'
--------------------------------------------------
2025-10-16 19:05:24,280 INFO [Timer-Driven Process Thread-5] o.a.n.processors.standard.LogAttribute LogAttribute[id=ecc05f84-0199-1000-3197-08d7447c99f8] logging for flow file StandardFlowFileRecord[uuid=d4bd06f2-e5e1-4650-9234-eaa569c0c812,claim=StandardContentClaim [resourceClaim=StandardResourceClaim[id=1760614923338-1, container=default, section=1], offset=5748, length=118],offset=0,name=2025-10-16_22:05:23_car.csv,size=118]
--------------------------------------------------
FlowFile Properties
Key: 'entryDate'
	Value: 'Thu Oct 16 19:05:24 UTC 2025'
Key: 'lineageStartDate'
	Value: 'Thu Oct 16 19:05:24 UTC 2025'
Key: 'fileSize'
	Value: '118'
FlowFile Attribute Map Content
Key: 'absolute.path'
	Value: '/data/'
Key: 'file.creationTime'
	Value: '2025-10-16T19:05:23+0000'
Key: 'file.group'
	Value: 'nifi'
Key: 'file.lastAccessTime'
	Value: '2025-10-16T19:05:23+0000'
Key: 'file.lastModifiedTime'
	Value: '2025-10-16T19:05:23+0000'
Key: 'file.owner'
	Value: 'nifi'
Key: 'file.permissions'
	Value: 'rw-r--r--'
Key: 'filename'
	Value: '2025-10-16_22:05:23_car.csv'
Key: 'fragment.count'
	Value: '1'
Key: 'fragment.identifier'
	Value: 'ab777f5d-5285-4d69-ace5-98841e2daf23'
Key: 'fragment.index'
	Value: '9'
Key: 'mime.type'
	Value: 'application/json'
Key: 'path'
	Value: '/'
Key: 'record.count'
	Value: '10'
Key: 'segment.original.filename'
	Value: '2025-10-16_22:05:23_car.csv'
Key: 'uuid'
	Value: 'd4bd06f2-e5e1-4650-9234-eaa569c0c812'
--------------------------------------------------
2025-10-16 19:05:24,329 INFO [Timer-Driven Process Thread-3] o.a.n.processors.standard.LogAttribute LogAttribute[id=ecbbdccf-0199-1000-5cee-1e19b9364109] logging for flow file StandardFlowFileRecord[uuid=61f2c63f-d9e1-4780-8d44-a492ab9bf927,claim=StandardContentClaim [resourceClaim=StandardResourceClaim[id=1760614923338-1, container=default, section=1], offset=5866, length=101],offset=0,name=2025-10-16_22:05:23_car.csv,size=101]
--------------------------------------------------
FlowFile Properties
Key: 'entryDate'
	Value: 'Thu Oct 16 19:05:24 UTC 2025'
Key: 'lineageStartDate'
	Value: 'Thu Oct 16 19:05:24 UTC 2025'
Key: 'fileSize'
	Value: '101'
FlowFile Attribute Map Content
Key: 'absolute.path'
	Value: '/data/'
Key: 'file.creationTime'
	Value: '2025-10-16T19:05:23+0000'
Key: 'file.group'
	Value: 'nifi'
Key: 'file.lastAccessTime'
	Value: '2025-10-16T19:05:23+0000'
Key: 'file.lastModifiedTime'
	Value: '2025-10-16T19:05:23+0000'
Key: 'file.owner'
	Value: 'nifi'
Key: 'file.permissions'
	Value: 'rw-r--r--'
Key: 'filename'
	Value: '2025-10-16_22:05:23_car.csv'
Key: 'fragment.count'
	Value: '1'
Key: 'fragment.identifier'
	Value: '68f0cc0e-7e4d-4607-bbc9-05eaf8983086'
Key: 'fragment.index'
	Value: '0'
Key: 'mime.type'
	Value: 'text/plain'
Key: 'path'
	Value: '/'
Key: 'record.count'
	Value: '10'
Key: 'segment.original.filename'
	Value: '2025-10-16_22:05:23_car.csv'
Key: 'sql.args.1.type'
	Value: '4'
Key: 'sql.args.1.value'
	Value: '1001'
Key: 'sql.args.2.type'
	Value: '12'
Key: 'sql.args.2.value'
	Value: 'A70HKE9ESQ'
Key: 'sql.args.3.type'
	Value: '12'
Key: 'sql.args.3.value'
	Value: 'Z238AR62'
Key: 'sql.args.4.type'
	Value: '12'
Key: 'sql.args.4.value'
	Value: 'McLaren'
Key: 'sql.args.5.type'
	Value: '12'
Key: 'sql.args.5.value'
	Value: 'MP4-12C'
Key: 'sql.args.6.type'
	Value: '4'
Key: 'sql.args.6.value'
	Value: '474529'
Key: 'sql.table'
	Value: 'car'
Key: 'uuid'
	Value: '61f2c63f-d9e1-4780-8d44-a492ab9bf927'
--------------------------------------------------
2025-10-16 19:05:24,329 INFO [Timer-Driven Process Thread-3] o.a.n.processors.standard.LogAttribute LogAttribute[id=ecbbdccf-0199-1000-5cee-1e19b9364109] logging for flow file StandardFlowFileRecord[uuid=0fd0e8b7-4a22-4838-b395-e34518dd6a3b,claim=StandardContentClaim [resourceClaim=StandardResourceClaim[id=1760614923338-1, container=default, section=1], offset=5967, length=101],offset=0,name=2025-10-16_22:05:23_car.csv,size=101]
--------------------------------------------------
FlowFile Properties
Key: 'entryDate'
	Value: 'Thu Oct 16 19:05:24 UTC 2025'
Key: 'lineageStartDate'
	Value: 'Thu Oct 16 19:05:24 UTC 2025'
Key: 'fileSize'
	Value: '101'
FlowFile Attribute Map Content
Key: 'absolute.path'
	Value: '/data/'
Key: 'file.creationTime'
	Value: '2025-10-16T19:05:23+0000'
Key: 'file.group'
	Value: 'nifi'
Key: 'file.lastAccessTime'
	Value: '2025-10-16T19:05:23+0000'
Key: 'file.lastModifiedTime'
	Value: '2025-10-16T19:05:23+0000'
Key: 'file.owner'
	Value: 'nifi'
Key: 'file.permissions'
	Value: 'rw-r--r--'
Key: 'filename'
	Value: '2025-10-16_22:05:23_car.csv'
Key: 'fragment.count'
	Value: '1'
Key: 'fragment.identifier'
	Value: 'e3da31f6-6684-4e0c-aafb-049c19729a3b'
Key: 'fragment.index'
	Value: '0'
Key: 'mime.type'
	Value: 'text/plain'
Key: 'path'
	Value: '/'
Key: 'record.count'
	Value: '10'
Key: 'segment.original.filename'
	Value: '2025-10-16_22:05:23_car.csv'
Key: 'sql.args.1.type'
	Value: '4'
Key: 'sql.args.1.value'
	Value: '1002'
Key: 'sql.args.2.type'
	Value: '12'
Key: 'sql.args.2.value'
	Value: 'U5VG76YT2S'
Key: 'sql.args.3.type'
	Value: '12'
Key: 'sql.args.3.value'
	Value: 'J663BY58'
Key: 'sql.args.4.type'
	Value: '12'
Key: 'sql.args.4.value'
	Value: 'Honda'
Key: 'sql.args.5.type'
	Value: '12'
Key: 'sql.args.5.value'
	Value: 'HR-V'
Key: 'sql.args.6.type'
	Value: '4'
Key: 'sql.args.6.value'
	Value: '294414'
Key: 'sql.table'
	Value: 'car'
Key: 'uuid'
	Value: '0fd0e8b7-4a22-4838-b395-e34518dd6a3b'
--------------------------------------------------
2025-10-16 19:05:24,330 INFO [Timer-Driven Process Thread-3] o.a.n.processors.standard.LogAttribute LogAttribute[id=ecbbdccf-0199-1000-5cee-1e19b9364109] logging for flow file StandardFlowFileRecord[uuid=b3276949-0f64-4770-94e2-bde3c784251f,claim=StandardContentClaim [resourceClaim=StandardResourceClaim[id=1760614923338-1, container=default, section=1], offset=6068, length=101],offset=0,name=2025-10-16_22:05:23_car.csv,size=101]
--------------------------------------------------
FlowFile Properties
Key: 'entryDate'
	Value: 'Thu Oct 16 19:05:24 UTC 2025'
Key: 'lineageStartDate'
	Value: 'Thu Oct 16 19:05:24 UTC 2025'
Key: 'fileSize'
	Value: '101'
FlowFile Attribute Map Content
Key: 'absolute.path'
	Value: '/data/'
Key: 'file.creationTime'
	Value: '2025-10-16T19:05:23+0000'
Key: 'file.group'
	Value: 'nifi'
Key: 'file.lastAccessTime'
	Value: '2025-10-16T19:05:23+0000'
Key: 'file.lastModifiedTime'
	Value: '2025-10-16T19:05:23+0000'
Key: 'file.owner'
	Value: 'nifi'
Key: 'file.permissions'
	Value: 'rw-r--r--'
Key: 'filename'
	Value: '2025-10-16_22:05:23_car.csv'
Key: 'fragment.count'
	Value: '1'
Key: 'fragment.identifier'
	Value: '856877fb-57fd-46b5-b1e9-065307e7d3d8'
Key: 'fragment.index'
	Value: '0'
Key: 'mime.type'
	Value: 'text/plain'
Key: 'path'
	Value: '/'
Key: 'record.count'
	Value: '10'
Key: 'segment.original.filename'
	Value: '2025-10-16_22:05:23_car.csv'
Key: 'sql.args.1.type'
	Value: '4'
Key: 'sql.args.1.value'
	Value: '1003'
Key: 'sql.args.2.type'
	Value: '12'
Key: 'sql.args.2.value'
	Value: '9KCHJ72WEA'
Key: 'sql.args.3.type'
	Value: '12'
Key: 'sql.args.3.value'
	Value: 'H607CA61'
Key: 'sql.args.4.type'
	Value: '12'
Key: 'sql.args.4.value'
	Value: 'Volvo'
Key: 'sql.args.5.type'
	Value: '12'
Key: 'sql.args.5.value'
	Value: 'XC40'
Key: 'sql.args.6.type'
	Value: '4'
Key: 'sql.args.6.value'
	Value: '868618'
Key: 'sql.table'
	Value: 'car'
Key: 'uuid'
	Value: 'b3276949-0f64-4770-94e2-bde3c784251f'
--------------------------------------------------
2025-10-16 19:05:24,330 INFO [Timer-Driven Process Thread-3] o.a.n.processors.standard.LogAttribute LogAttribute[id=ecbbdccf-0199-1000-5cee-1e19b9364109] logging for flow file StandardFlowFileRecord[uuid=d76b9b5d-9b9d-4637-b0c2-fa786d0b42ab,claim=StandardContentClaim [resourceClaim=StandardResourceClaim[id=1760614923338-1, container=default, section=1], offset=6169, length=101],offset=0,name=2025-10-16_22:05:23_car.csv,size=101]
--------------------------------------------------
FlowFile Properties
Key: 'entryDate'
	Value: 'Thu Oct 16 19:05:24 UTC 2025'
Key: 'lineageStartDate'
	Value: 'Thu Oct 16 19:05:24 UTC 2025'
Key: 'fileSize'
	Value: '101'
FlowFile Attribute Map Content
Key: 'absolute.path'
	Value: '/data/'
Key: 'file.creationTime'
	Value: '2025-10-16T19:05:23+0000'
Key: 'file.group'
	Value: 'nifi'
Key: 'file.lastAccessTime'
	Value: '2025-10-16T19:05:23+0000'
Key: 'file.lastModifiedTime'
	Value: '2025-10-16T19:05:23+0000'
Key: 'file.owner'
	Value: 'nifi'
Key: 'file.permissions'
	Value: 'rw-r--r--'
Key: 'filename'
	Value: '2025-10-16_22:05:23_car.csv'
Key: 'fragment.count'
	Value: '1'
Key: 'fragment.identifier'
	Value: '838a33f5-2172-4779-b6db-98961f4a0ffd'
Key: 'fragment.index'
	Value: '0'
Key: 'mime.type'
	Value: 'text/plain'
Key: 'path'
	Value: '/'
Key: 'record.count'
	Value: '10'
Key: 'segment.original.filename'
	Value: '2025-10-16_22:05:23_car.csv'
Key: 'sql.args.1.type'
	Value: '4'
Key: 'sql.args.1.value'
	Value: '1004'
Key: 'sql.args.2.type'
	Value: '12'
Key: 'sql.args.2.value'
	Value: 'GV1QDJXBZU'
Key: 'sql.args.3.type'
	Value: '12'
Key: 'sql.args.3.value'
	Value: 'I576BT86'
Key: 'sql.args.4.type'
	Value: '12'
Key: 'sql.args.4.value'
	Value: 'Porsche'
Key: 'sql.args.5.type'
	Value: '12'
Key: 'sql.args.5.value'
	Value: 'Taycan'
Key: 'sql.args.6.type'
	Value: '4'
Key: 'sql.args.6.value'
	Value: '100596'
Key: 'sql.table'
	Value: 'car'
Key: 'uuid'
	Value: 'd76b9b5d-9b9d-4637-b0c2-fa786d0b42ab'
--------------------------------------------------
2025-10-16 19:05:24,330 INFO [Timer-Driven Process Thread-3] o.a.n.processors.standard.LogAttribute LogAttribute[id=ecbbdccf-0199-1000-5cee-1e19b9364109] logging for flow file StandardFlowFileRecord[uuid=6d1f9196-3a47-40a2-aeba-2db23dfc2537,claim=StandardContentClaim [resourceClaim=StandardResourceClaim[id=1760614923338-1, container=default, section=1], offset=6270, length=101],offset=0,name=2025-10-16_22:05:23_car.csv,size=101]
--------------------------------------------------
FlowFile Properties
Key: 'entryDate'
	Value: 'Thu Oct 16 19:05:24 UTC 2025'
Key: 'lineageStartDate'
	Value: 'Thu Oct 16 19:05:24 UTC 2025'
Key: 'fileSize'
	Value: '101'
FlowFile Attribute Map Content
Key: 'absolute.path'
	Value: '/data/'
Key: 'file.creationTime'
	Value: '2025-10-16T19:05:23+0000'
Key: 'file.group'
	Value: 'nifi'
Key: 'file.lastAccessTime'
	Value: '2025-10-16T19:05:23+0000'
Key: 'file.lastModifiedTime'
	Value: '2025-10-16T19:05:23+0000'
Key: 'file.owner'
	Value: 'nifi'
Key: 'file.permissions'
	Value: 'rw-r--r--'
Key: 'filename'
	Value: '2025-10-16_22:05:23_car.csv'
Key: 'fragment.count'
	Value: '1'
Key: 'fragment.identifier'
	Value: 'a33e42d0-7c9e-4001-acfd-68a6242c6a3d'
Key: 'fragment.index'
	Value: '0'
Key: 'mime.type'
	Value: 'text/plain'
Key: 'path'
	Value: '/'
Key: 'record.count'
	Value: '10'
Key: 'segment.original.filename'
	Value: '2025-10-16_22:05:23_car.csv'
Key: 'sql.args.1.type'
	Value: '4'
Key: 'sql.args.1.value'
	Value: '1005'
Key: 'sql.args.2.type'
	Value: '12'
Key: 'sql.args.2.value'
	Value: 'LBC8ZMY9I9'
Key: 'sql.args.3.type'
	Value: '12'
Key: 'sql.args.3.value'
	Value: 'K361CM39'
Key: 'sql.args.4.type'
	Value: '12'
Key: 'sql.args.4.value'
	Value: 'Mazda'
Key: 'sql.args.5.type'
	Value: '12'
Key: 'sql.args.5.value'
	Value: 'RX-8'
Key: 'sql.args.6.type'
	Value: '4'
Key: 'sql.args.6.value'
	Value: '311611'
Key: 'sql.table'
	Value: 'car'
Key: 'uuid'
	Value: '6d1f9196-3a47-40a2-aeba-2db23dfc2537'
--------------------------------------------------
2025-10-16 19:05:24,330 INFO [Timer-Driven Process Thread-3] o.a.n.processors.standard.LogAttribute LogAttribute[id=ecbbdccf-0199-1000-5cee-1e19b9364109] logging for flow file StandardFlowFileRecord[uuid=260a716d-cf7d-4271-b413-e7dbed56d980,claim=StandardContentClaim [resourceClaim=StandardResourceClaim[id=1760614923338-1, container=default, section=1], offset=6371, length=101],offset=0,name=2025-10-16_22:05:23_car.csv,size=101]
--------------------------------------------------
FlowFile Properties
Key: 'entryDate'
	Value: 'Thu Oct 16 19:05:24 UTC 2025'
Key: 'lineageStartDate'
	Value: 'Thu Oct 16 19:05:24 UTC 2025'
Key: 'fileSize'
	Value: '101'
FlowFile Attribute Map Content
Key: 'absolute.path'
	Value: '/data/'
Key: 'file.creationTime'
	Value: '2025-10-16T19:05:23+0000'
Key: 'file.group'
	Value: 'nifi'
Key: 'file.lastAccessTime'
	Value: '2025-10-16T19:05:23+0000'
Key: 'file.lastModifiedTime'
	Value: '2025-10-16T19:05:23+0000'
Key: 'file.owner'
	Value: 'nifi'
Key: 'file.permissions'
	Value: 'rw-r--r--'
Key: 'filename'
	Value: '2025-10-16_22:05:23_car.csv'
Key: 'fragment.count'
	Value: '1'
Key: 'fragment.identifier'
	Value: '28fa466d-4b76-4c7b-a987-ae71852a7ee5'
Key: 'fragment.index'
	Value: '0'
Key: 'mime.type'
	Value: 'text/plain'
Key: 'path'
	Value: '/'
Key: 'record.count'
	Value: '10'
Key: 'segment.original.filename'
	Value: '2025-10-16_22:05:23_car.csv'
Key: 'sql.args.1.type'
	Value: '4'
Key: 'sql.args.1.value'
	Value: '1006'
Key: 'sql.args.2.type'
	Value: '12'
Key: 'sql.args.2.value'
	Value: 'BVCRNRK76P'
Key: 'sql.args.3.type'
	Value: '12'
Key: 'sql.args.3.value'
	Value: 'D475QX76'
Key: 'sql.args.4.type'
	Value: '12'
Key: 'sql.args.4.value'
	Value: 'Peugeot'
Key: 'sql.args.5.type'
	Value: '12'
Key: 'sql.args.5.value'
	Value: '3008'
Key: 'sql.args.6.type'
	Value: '4'
Key: 'sql.args.6.value'
	Value: '489082'
Key: 'sql.table'
	Value: 'car'
Key: 'uuid'
	Value: '260a716d-cf7d-4271-b413-e7dbed56d980'
--------------------------------------------------
2025-10-16 19:05:24,331 INFO [Timer-Driven Process Thread-3] o.a.n.processors.standard.LogAttribute LogAttribute[id=ecbbdccf-0199-1000-5cee-1e19b9364109] logging for flow file StandardFlowFileRecord[uuid=9b395233-1754-4063-8fde-09158ad41fc8,claim=StandardContentClaim [resourceClaim=StandardResourceClaim[id=1760614923338-1, container=default, section=1], offset=6472, length=101],offset=0,name=2025-10-16_22:05:23_car.csv,size=101]
--------------------------------------------------
FlowFile Properties
Key: 'entryDate'
	Value: 'Thu Oct 16 19:05:24 UTC 2025'
Key: 'lineageStartDate'
	Value: 'Thu Oct 16 19:05:24 UTC 2025'
Key: 'fileSize'
	Value: '101'
FlowFile Attribute Map Content
Key: 'absolute.path'
	Value: '/data/'
Key: 'file.creationTime'
	Value: '2025-10-16T19:05:23+0000'
Key: 'file.group'
	Value: 'nifi'
Key: 'file.lastAccessTime'
	Value: '2025-10-16T19:05:23+0000'
Key: 'file.lastModifiedTime'
	Value: '2025-10-16T19:05:23+0000'
Key: 'file.owner'
	Value: 'nifi'
Key: 'file.permissions'
	Value: 'rw-r--r--'
Key: 'filename'
	Value: '2025-10-16_22:05:23_car.csv'
Key: 'fragment.count'
	Value: '1'
Key: 'fragment.identifier'
	Value: 'aae1276a-74c7-40b6-946d-e3652ce1f3db'
Key: 'fragment.index'
	Value: '0'
Key: 'mime.type'
	Value: 'text/plain'
Key: 'path'
	Value: '/'
Key: 'record.count'
	Value: '10'
Key: 'segment.original.filename'
	Value: '2025-10-16_22:05:23_car.csv'
Key: 'sql.args.1.type'
	Value: '4'
Key: 'sql.args.1.value'
	Value: '1007'
Key: 'sql.args.2.type'
	Value: '12'
Key: 'sql.args.2.value'
	Value: '3OSMLX03QG'
Key: 'sql.args.3.type'
	Value: '12'
Key: 'sql.args.3.value'
	Value: 'K536QQ23'
Key: 'sql.args.4.type'
	Value: '12'
Key: 'sql.args.4.value'
	Value: 'Nissan'
Key: 'sql.args.5.type'
	Value: '12'
Key: 'sql.args.5.value'
	Value: 'Armada'
Key: 'sql.args.6.type'
	Value: '4'
Key: 'sql.args.6.value'
	Value: '196155'
Key: 'sql.table'
	Value: 'car'
Key: 'uuid'
	Value: '9b395233-1754-4063-8fde-09158ad41fc8'
--------------------------------------------------
2025-10-16 19:05:24,331 INFO [Timer-Driven Process Thread-3] o.a.n.processors.standard.LogAttribute LogAttribute[id=ecbbdccf-0199-1000-5cee-1e19b9364109] logging for flow file StandardFlowFileRecord[uuid=7e768345-9159-481b-b402-85606c70afa3,claim=StandardContentClaim [resourceClaim=StandardResourceClaim[id=1760614923338-1, container=default, section=1], offset=6573, length=101],offset=0,name=2025-10-16_22:05:23_car.csv,size=101]
--------------------------------------------------
FlowFile Properties
Key: 'entryDate'
	Value: 'Thu Oct 16 19:05:24 UTC 2025'
Key: 'lineageStartDate'
	Value: 'Thu Oct 16 19:05:24 UTC 2025'
Key: 'fileSize'
	Value: '101'
FlowFile Attribute Map Content
Key: 'absolute.path'
	Value: '/data/'
Key: 'file.creationTime'
	Value: '2025-10-16T19:05:23+0000'
Key: 'file.group'
	Value: 'nifi'
Key: 'file.lastAccessTime'
	Value: '2025-10-16T19:05:23+0000'
Key: 'file.lastModifiedTime'
	Value: '2025-10-16T19:05:23+0000'
Key: 'file.owner'
	Value: 'nifi'
Key: 'file.permissions'
	Value: 'rw-r--r--'
Key: 'filename'
	Value: '2025-10-16_22:05:23_car.csv'
Key: 'fragment.count'
	Value: '1'
Key: 'fragment.identifier'
	Value: '34229fff-61c4-4165-8cc0-4cf6c175aefa'
Key: 'fragment.index'
	Value: '0'
Key: 'mime.type'
	Value: 'text/plain'
Key: 'path'
	Value: '/'
Key: 'record.count'
	Value: '10'
Key: 'segment.original.filename'
	Value: '2025-10-16_22:05:23_car.csv'
Key: 'sql.args.1.type'
	Value: '4'
Key: 'sql.args.1.value'
	Value: '1008'
Key: 'sql.args.2.type'
	Value: '12'
Key: 'sql.args.2.value'
	Value: 'JOGTF4WPDQ'
Key: 'sql.args.3.type'
	Value: '12'
Key: 'sql.args.3.value'
	Value: 'Y551VJ35'
Key: 'sql.args.4.type'
	Value: '12'
Key: 'sql.args.4.value'
	Value: 'Lincoln'
Key: 'sql.args.5.type'
	Value: '12'
Key: 'sql.args.5.value'
	Value: 'MKZ'
Key: 'sql.args.6.type'
	Value: '4'
Key: 'sql.args.6.value'
	Value: '377497'
Key: 'sql.table'
	Value: 'car'
Key: 'uuid'
	Value: '7e768345-9159-481b-b402-85606c70afa3'
--------------------------------------------------
2025-10-16 19:05:24,331 INFO [Timer-Driven Process Thread-3] o.a.n.processors.standard.LogAttribute LogAttribute[id=ecbbdccf-0199-1000-5cee-1e19b9364109] logging for flow file StandardFlowFileRecord[uuid=57c2ae10-6be0-4a18-9628-e965fe9c7d42,claim=StandardContentClaim [resourceClaim=StandardResourceClaim[id=1760614923338-1, container=default, section=1], offset=6674, length=101],offset=0,name=2025-10-16_22:05:23_car.csv,size=101]
--------------------------------------------------
FlowFile Properties
Key: 'entryDate'
	Value: 'Thu Oct 16 19:05:24 UTC 2025'
Key: 'lineageStartDate'
	Value: 'Thu Oct 16 19:05:24 UTC 2025'
Key: 'fileSize'
	Value: '101'
FlowFile Attribute Map Content
Key: 'absolute.path'
	Value: '/data/'
Key: 'file.creationTime'
	Value: '2025-10-16T19:05:23+0000'
Key: 'file.group'
	Value: 'nifi'
Key: 'file.lastAccessTime'
	Value: '2025-10-16T19:05:23+0000'
Key: 'file.lastModifiedTime'
	Value: '2025-10-16T19:05:23+0000'
Key: 'file.owner'
	Value: 'nifi'
Key: 'file.permissions'
	Value: 'rw-r--r--'
Key: 'filename'
	Value: '2025-10-16_22:05:23_car.csv'
Key: 'fragment.count'
	Value: '1'
Key: 'fragment.identifier'
	Value: '877f4626-ff26-42d7-941e-c84126eabab1'
Key: 'fragment.index'
	Value: '0'
Key: 'mime.type'
	Value: 'text/plain'
Key: 'path'
	Value: '/'
Key: 'record.count'
	Value: '10'
Key: 'segment.original.filename'
	Value: '2025-10-16_22:05:23_car.csv'
Key: 'sql.args.1.type'
	Value: '4'
Key: 'sql.args.1.value'
	Value: '1009'
Key: 'sql.args.2.type'
	Value: '12'
Key: 'sql.args.2.value'
	Value: 'P4MYRFY1Q2'
Key: 'sql.args.3.type'
	Value: '12'
Key: 'sql.args.3.value'
	Value: 'C388CO71'
Key: 'sql.args.4.type'
	Value: '12'
Key: 'sql.args.4.value'
	Value: 'Rolls-Royce'
Key: 'sql.args.5.type'
	Value: '12'
Key: 'sql.args.5.value'
	Value: 'Phantom'
Key: 'sql.args.6.type'
	Value: '4'
Key: 'sql.args.6.value'
	Value: '370847'
Key: 'sql.table'
	Value: 'car'
Key: 'uuid'
	Value: '57c2ae10-6be0-4a18-9628-e965fe9c7d42'
--------------------------------------------------
2025-10-16 19:05:24,331 INFO [Timer-Driven Process Thread-3] o.a.n.processors.standard.LogAttribute LogAttribute[id=ecbbdccf-0199-1000-5cee-1e19b9364109] logging for flow file StandardFlowFileRecord[uuid=1384731e-c169-4d6c-9c7a-dc30faf960d1,claim=StandardContentClaim [resourceClaim=StandardResourceClaim[id=1760614923338-1, container=default, section=1], offset=6775, length=101],offset=0,name=2025-10-16_22:05:23_car.csv,size=101]
--------------------------------------------------
FlowFile Properties
Key: 'entryDate'
	Value: 'Thu Oct 16 19:05:24 UTC 2025'
Key: 'lineageStartDate'
	Value: 'Thu Oct 16 19:05:24 UTC 2025'
Key: 'fileSize'
	Value: '101'
FlowFile Attribute Map Content
Key: 'absolute.path'
	Value: '/data/'
Key: 'file.creationTime'
	Value: '2025-10-16T19:05:23+0000'
Key: 'file.group'
	Value: 'nifi'
Key: 'file.lastAccessTime'
	Value: '2025-10-16T19:05:23+0000'
Key: 'file.lastModifiedTime'
	Value: '2025-10-16T19:05:23+0000'
Key: 'file.owner'
	Value: 'nifi'
Key: 'file.permissions'
	Value: 'rw-r--r--'
Key: 'filename'
	Value: '2025-10-16_22:05:23_car.csv'
Key: 'fragment.count'
	Value: '1'
Key: 'fragment.identifier'
	Value: 'ab777f5d-5285-4d69-ace5-98841e2daf23'
Key: 'fragment.index'
	Value: '0'
Key: 'mime.type'
	Value: 'text/plain'
Key: 'path'
	Value: '/'
Key: 'record.count'
	Value: '10'
Key: 'segment.original.filename'
	Value: '2025-10-16_22:05:23_car.csv'
Key: 'sql.args.1.type'
	Value: '4'
Key: 'sql.args.1.value'
	Value: '1010'
Key: 'sql.args.2.type'
	Value: '12'
Key: 'sql.args.2.value'
	Value: 'FJ9B18TIK2'
Key: 'sql.args.3.type'
	Value: '12'
Key: 'sql.args.3.value'
	Value: 'F707IY13'
Key: 'sql.args.4.type'
	Value: '12'
Key: 'sql.args.4.value'
	Value: 'Skoda'
Key: 'sql.args.5.type'
	Value: '12'
Key: 'sql.args.5.value'
	Value: 'Kamiq'
Key: 'sql.args.6.type'
	Value: '4'
Key: 'sql.args.6.value'
	Value: '246528'
Key: 'sql.table'
	Value: 'car'
Key: 'uuid'
	Value: '1384731e-c169-4d6c-9c7a-dc30faf960d1'
--------------------------------------------------
2025-10-16 19:05:30,637 INFO [pool-7-thread-1] o.a.n.c.r.WriteAheadFlowFileRepository Initiating checkpoint of FlowFile Repository
2025-10-16 19:05:30,650 INFO [pool-7-thread-1] o.a.n.wali.SequentialAccessWriteAheadLog Checkpointed Write-Ahead Log with 0 Records and 0 Swap Files in 10 milliseconds (Stop-the-world time = 7 milliseconds), max Transaction ID 58
2025-10-16 19:05:30,651 INFO [pool-7-thread-1] o.a.n.c.r.WriteAheadFlowFileRepository Successfully checkpointed FlowFile Repository with 0 records in 10 milliseconds
2025-10-16 19:05:50,649 INFO [pool-7-thread-1] o.a.n.c.r.WriteAheadFlowFileRepository Initiating checkpoint of FlowFile Repository
2025-10-16 19:05:50,652 INFO [pool-7-thread-1] o.a.n.c.r.WriteAheadFlowFileRepository Successfully checkpointed FlowFile Repository with 0 records in 0 milliseconds
2025-10-16 19:06:10,652 INFO [pool-7-thread-1] o.a.n.c.r.WriteAheadFlowFileRepository Initiating checkpoint of FlowFile Repository
2025-10-16 19:06:10,653 INFO [pool-7-thread-1] o.a.n.c.r.WriteAheadFlowFileRepository Successfully checkpointed FlowFile Repository with 0 records in 0 milliseconds
2025-10-16 19:06:14,068 INFO [Cleanup Archive for default] o.a.n.c.repository.FileSystemRepository Successfully deleted 0 files (0 bytes) from archive
2025-10-16 19:06:14,068 INFO [Cleanup Archive for default] o.a.n.c.repository.FileSystemRepository Archive cleanup completed for container default; will now allow writing to this container. Bytes used = 176.45 GB, bytes free = 51.82 GB, capacity = 228.27 GB
2025-10-16 19:06:30,657 INFO [pool-7-thread-1] o.a.n.c.r.WriteAheadFlowFileRepository Initiating checkpoint of FlowFile Repository
2025-10-16 19:06:30,664 INFO [pool-7-thread-1] o.a.n.c.r.WriteAheadFlowFileRepository Successfully checkpointed FlowFile Repository with 0 records in 0 milliseconds
2025-10-16 19:06:50,666 INFO [pool-7-thread-1] o.a.n.c.r.WriteAheadFlowFileRepository Initiating checkpoint of FlowFile Repository
2025-10-16 19:06:50,669 INFO [pool-7-thread-1] o.a.n.c.r.WriteAheadFlowFileRepository Successfully checkpointed FlowFile Repository with 0 records in 0 milliseconds
2025-10-16 19:07:09,737 INFO [Write-Ahead Local State Provider Maintenance] org.wali.MinimalLockingWriteAheadLog org.wali.MinimalLockingWriteAheadLog@e6fbf82 checkpointed with 2 Records and 0 Swap Files in 46 milliseconds (Stop-the-world time = 31 milliseconds, Clear Edit Logs time = 11 millis), max Transaction ID 9
2025-10-16 19:07:10,669 INFO [pool-7-thread-1] o.a.n.c.r.WriteAheadFlowFileRepository Initiating checkpoint of FlowFile Repository
2025-10-16 19:07:10,670 INFO [pool-7-thread-1] o.a.n.c.r.WriteAheadFlowFileRepository Successfully checkpointed FlowFile Repository with 0 records in 0 milliseconds
2025-10-16 19:07:14,291 INFO [Cleanup Archive for default] o.a.n.c.repository.FileSystemRepository Successfully deleted 0 files (0 bytes) from archive
2025-10-16 19:07:14,291 INFO [Cleanup Archive for default] o.a.n.c.repository.FileSystemRepository Archive cleanup completed for container default; will now allow writing to this container. Bytes used = 174.63 GB, bytes free = 53.64 GB, capacity = 228.27 GB
2025-10-16 19:07:30,673 INFO [pool-7-thread-1] o.a.n.c.r.WriteAheadFlowFileRepository Initiating checkpoint of FlowFile Repository
2025-10-16 19:07:30,681 INFO [pool-7-thread-1] o.a.n.c.r.WriteAheadFlowFileRepository Successfully checkpointed FlowFile Repository with 0 records in 0 milliseconds
2025-10-16 19:07:50,680 INFO [pool-7-thread-1] o.a.n.c.r.WriteAheadFlowFileRepository Initiating checkpoint of FlowFile Repository
2025-10-16 19:07:50,682 INFO [pool-7-thread-1] o.a.n.c.r.WriteAheadFlowFileRepository Successfully checkpointed FlowFile Repository with 0 records in 0 milliseconds
2025-10-16 19:08:10,682 INFO [pool-7-thread-1] o.a.n.c.r.WriteAheadFlowFileRepository Initiating checkpoint of FlowFile Repository
2025-10-16 19:08:10,684 INFO [pool-7-thread-1] o.a.n.c.r.WriteAheadFlowFileRepository Successfully checkpointed FlowFile Repository with 0 records in 0 milliseconds
2025-10-16 19:08:11,836 INFO [Timer-Driven Process Thread-8] o.a.n.processors.standard.LogAttribute LogAttribute[id=ecbfe9b0-0199-1000-b14b-ba021bb0c2ce] logging for flow file StandardFlowFileRecord[uuid=cf967ed5-c4e1-4443-a44e-749745aeedc3,claim=StandardContentClaim [resourceClaim=StandardResourceClaim[id=1760614923338-1, container=default, section=1], offset=7354, length=1118],offset=0,name=2025-10-16_22:08:11_car.csv,size=1118]
--------------------------------------------------
FlowFile Properties
Key: 'entryDate'
	Value: 'Thu Oct 16 19:08:11 UTC 2025'
Key: 'lineageStartDate'
	Value: 'Thu Oct 16 19:08:11 UTC 2025'
Key: 'fileSize'
	Value: '1118'
FlowFile Attribute Map Content
Key: 'absolute.path'
	Value: '/data/'
Key: 'file.creationTime'
	Value: '2025-10-16T19:08:11+0000'
Key: 'file.group'
	Value: 'nifi'
Key: 'file.lastAccessTime'
	Value: '2025-10-16T19:08:11+0000'
Key: 'file.lastModifiedTime'
	Value: '2025-10-16T19:08:11+0000'
Key: 'file.owner'
	Value: 'nifi'
Key: 'file.permissions'
	Value: 'rw-r--r--'
Key: 'filename'
	Value: '2025-10-16_22:08:11_car.csv'
Key: 'fragment.count'
	Value: '10'
Key: 'fragment.identifier'
	Value: 'b869a15b-2cb3-4b0c-b6ef-cb7bf118e4fe'
Key: 'mime.type'
	Value: 'application/json'
Key: 'path'
	Value: '/'
Key: 'record.count'
	Value: '10'
Key: 'uuid'
	Value: 'cf967ed5-c4e1-4443-a44e-749745aeedc3'
--------------------------------------------------
2025-10-16 19:08:11,848 INFO [Timer-Driven Process Thread-10] o.a.n.processors.standard.LogAttribute LogAttribute[id=ecc05f84-0199-1000-3197-08d7447c99f8] logging for flow file StandardFlowFileRecord[uuid=8ae3a86f-40e1-43a4-b9ee-ba7c1c645163,claim=StandardContentClaim [resourceClaim=StandardResourceClaim[id=1760614923338-1, container=default, section=1], offset=8472, length=114],offset=0,name=2025-10-16_22:08:11_car.csv,size=114]
--------------------------------------------------
FlowFile Properties
Key: 'entryDate'
	Value: 'Thu Oct 16 19:08:11 UTC 2025'
Key: 'lineageStartDate'
	Value: 'Thu Oct 16 19:08:11 UTC 2025'
Key: 'fileSize'
	Value: '114'
FlowFile Attribute Map Content
Key: 'absolute.path'
	Value: '/data/'
Key: 'file.creationTime'
	Value: '2025-10-16T19:08:11+0000'
Key: 'file.group'
	Value: 'nifi'
Key: 'file.lastAccessTime'
	Value: '2025-10-16T19:08:11+0000'
Key: 'file.lastModifiedTime'
	Value: '2025-10-16T19:08:11+0000'
Key: 'file.owner'
	Value: 'nifi'
Key: 'file.permissions'
	Value: 'rw-r--r--'
Key: 'filename'
	Value: '2025-10-16_22:08:11_car.csv'
Key: 'fragment.count'
	Value: '1'
Key: 'fragment.identifier'
	Value: 'e194a7c5-db4b-49f9-98a4-515c683dd40d'
Key: 'fragment.index'
	Value: '0'
Key: 'mime.type'
	Value: 'application/json'
Key: 'path'
	Value: '/'
Key: 'record.count'
	Value: '10'
Key: 'segment.original.filename'
	Value: '2025-10-16_22:08:11_car.csv'
Key: 'uuid'
	Value: '8ae3a86f-40e1-43a4-b9ee-ba7c1c645163'
--------------------------------------------------
2025-10-16 19:08:11,849 INFO [Timer-Driven Process Thread-10] o.a.n.processors.standard.LogAttribute LogAttribute[id=ecc05f84-0199-1000-3197-08d7447c99f8] logging for flow file StandardFlowFileRecord[uuid=4eb8d3a0-583c-4917-ab15-6a16a0109b2c,claim=StandardContentClaim [resourceClaim=StandardResourceClaim[id=1760614923338-1, container=default, section=1], offset=8586, length=107],offset=0,name=2025-10-16_22:08:11_car.csv,size=107]
--------------------------------------------------
FlowFile Properties
Key: 'entryDate'
	Value: 'Thu Oct 16 19:08:11 UTC 2025'
Key: 'lineageStartDate'
	Value: 'Thu Oct 16 19:08:11 UTC 2025'
Key: 'fileSize'
	Value: '107'
FlowFile Attribute Map Content
Key: 'absolute.path'
	Value: '/data/'
Key: 'file.creationTime'
	Value: '2025-10-16T19:08:11+0000'
Key: 'file.group'
	Value: 'nifi'
Key: 'file.lastAccessTime'
	Value: '2025-10-16T19:08:11+0000'
Key: 'file.lastModifiedTime'
	Value: '2025-10-16T19:08:11+0000'
Key: 'file.owner'
	Value: 'nifi'
Key: 'file.permissions'
	Value: 'rw-r--r--'
Key: 'filename'
	Value: '2025-10-16_22:08:11_car.csv'
Key: 'fragment.count'
	Value: '1'
Key: 'fragment.identifier'
	Value: '49914e08-46f3-4422-9d77-cd6f4771b853'
Key: 'fragment.index'
	Value: '1'
Key: 'mime.type'
	Value: 'application/json'
Key: 'path'
	Value: '/'
Key: 'record.count'
	Value: '10'
Key: 'segment.original.filename'
	Value: '2025-10-16_22:08:11_car.csv'
Key: 'uuid'
	Value: '4eb8d3a0-583c-4917-ab15-6a16a0109b2c'
--------------------------------------------------
2025-10-16 19:08:11,852 INFO [Timer-Driven Process Thread-10] o.a.n.processors.standard.LogAttribute LogAttribute[id=ecc05f84-0199-1000-3197-08d7447c99f8] logging for flow file StandardFlowFileRecord[uuid=e3f146f8-cbe1-4523-adb4-c7efdf623e4f,claim=StandardContentClaim [resourceClaim=StandardResourceClaim[id=1760614923338-1, container=default, section=1], offset=8693, length=107],offset=0,name=2025-10-16_22:08:11_car.csv,size=107]
--------------------------------------------------
FlowFile Properties
Key: 'entryDate'
	Value: 'Thu Oct 16 19:08:11 UTC 2025'
Key: 'lineageStartDate'
	Value: 'Thu Oct 16 19:08:11 UTC 2025'
Key: 'fileSize'
	Value: '107'
FlowFile Attribute Map Content
Key: 'absolute.path'
	Value: '/data/'
Key: 'file.creationTime'
	Value: '2025-10-16T19:08:11+0000'
Key: 'file.group'
	Value: 'nifi'
Key: 'file.lastAccessTime'
	Value: '2025-10-16T19:08:11+0000'
Key: 'file.lastModifiedTime'
	Value: '2025-10-16T19:08:11+0000'
Key: 'file.owner'
	Value: 'nifi'
Key: 'file.permissions'
	Value: 'rw-r--r--'
Key: 'filename'
	Value: '2025-10-16_22:08:11_car.csv'
Key: 'fragment.count'
	Value: '1'
Key: 'fragment.identifier'
	Value: '6e1f99e3-8e7a-4b3d-aca2-8d7199a08d44'
Key: 'fragment.index'
	Value: '2'
Key: 'mime.type'
	Value: 'application/json'
Key: 'path'
	Value: '/'
Key: 'record.count'
	Value: '10'
Key: 'segment.original.filename'
	Value: '2025-10-16_22:08:11_car.csv'
Key: 'uuid'
	Value: 'e3f146f8-cbe1-4523-adb4-c7efdf623e4f'
--------------------------------------------------
2025-10-16 19:08:11,854 INFO [Timer-Driven Process Thread-10] o.a.n.processors.standard.LogAttribute LogAttribute[id=ecc05f84-0199-1000-3197-08d7447c99f8] logging for flow file StandardFlowFileRecord[uuid=43939681-448c-43c3-bb43-eae60bb8c469,claim=StandardContentClaim [resourceClaim=StandardResourceClaim[id=1760614923338-1, container=default, section=1], offset=8800, length=106],offset=0,name=2025-10-16_22:08:11_car.csv,size=106]
--------------------------------------------------
FlowFile Properties
Key: 'entryDate'
	Value: 'Thu Oct 16 19:08:11 UTC 2025'
Key: 'lineageStartDate'
	Value: 'Thu Oct 16 19:08:11 UTC 2025'
Key: 'fileSize'
	Value: '106'
FlowFile Attribute Map Content
Key: 'absolute.path'
	Value: '/data/'
Key: 'file.creationTime'
	Value: '2025-10-16T19:08:11+0000'
Key: 'file.group'
	Value: 'nifi'
Key: 'file.lastAccessTime'
	Value: '2025-10-16T19:08:11+0000'
Key: 'file.lastModifiedTime'
	Value: '2025-10-16T19:08:11+0000'
Key: 'file.owner'
	Value: 'nifi'
Key: 'file.permissions'
	Value: 'rw-r--r--'
Key: 'filename'
	Value: '2025-10-16_22:08:11_car.csv'
Key: 'fragment.count'
	Value: '1'
Key: 'fragment.identifier'
	Value: '261cf101-157a-435f-b1e4-2b079a614943'
Key: 'fragment.index'
	Value: '3'
Key: 'mime.type'
	Value: 'application/json'
Key: 'path'
	Value: '/'
Key: 'record.count'
	Value: '10'
Key: 'segment.original.filename'
	Value: '2025-10-16_22:08:11_car.csv'
Key: 'uuid'
	Value: '43939681-448c-43c3-bb43-eae60bb8c469'
--------------------------------------------------
2025-10-16 19:08:11,855 INFO [Timer-Driven Process Thread-10] o.a.n.processors.standard.LogAttribute LogAttribute[id=ecc05f84-0199-1000-3197-08d7447c99f8] logging for flow file StandardFlowFileRecord[uuid=10f6278a-2878-45ff-8c5a-9b9a8dfc05d4,claim=StandardContentClaim [resourceClaim=StandardResourceClaim[id=1760614923338-1, container=default, section=1], offset=8906, length=111],offset=0,name=2025-10-16_22:08:11_car.csv,size=111]
--------------------------------------------------
FlowFile Properties
Key: 'entryDate'
	Value: 'Thu Oct 16 19:08:11 UTC 2025'
Key: 'lineageStartDate'
	Value: 'Thu Oct 16 19:08:11 UTC 2025'
Key: 'fileSize'
	Value: '111'
FlowFile Attribute Map Content
Key: 'absolute.path'
	Value: '/data/'
Key: 'file.creationTime'
	Value: '2025-10-16T19:08:11+0000'
Key: 'file.group'
	Value: 'nifi'
Key: 'file.lastAccessTime'
	Value: '2025-10-16T19:08:11+0000'
Key: 'file.lastModifiedTime'
	Value: '2025-10-16T19:08:11+0000'
Key: 'file.owner'
	Value: 'nifi'
Key: 'file.permissions'
	Value: 'rw-r--r--'
Key: 'filename'
	Value: '2025-10-16_22:08:11_car.csv'
Key: 'fragment.count'
	Value: '1'
Key: 'fragment.identifier'
	Value: '1183acd8-927e-412a-ba38-5ec358142fdd'
Key: 'fragment.index'
	Value: '4'
Key: 'mime.type'
	Value: 'application/json'
Key: 'path'
	Value: '/'
Key: 'record.count'
	Value: '10'
Key: 'segment.original.filename'
	Value: '2025-10-16_22:08:11_car.csv'
Key: 'uuid'
	Value: '10f6278a-2878-45ff-8c5a-9b9a8dfc05d4'
--------------------------------------------------
2025-10-16 19:08:11,856 INFO [Timer-Driven Process Thread-10] o.a.n.processors.standard.LogAttribute LogAttribute[id=ecc05f84-0199-1000-3197-08d7447c99f8] logging for flow file StandardFlowFileRecord[uuid=caa6c876-8885-4cba-b93b-a9aec8d1ca27,claim=StandardContentClaim [resourceClaim=StandardResourceClaim[id=1760614923338-1, container=default, section=1], offset=9017, length=114],offset=0,name=2025-10-16_22:08:11_car.csv,size=114]
--------------------------------------------------
FlowFile Properties
Key: 'entryDate'
	Value: 'Thu Oct 16 19:08:11 UTC 2025'
Key: 'lineageStartDate'
	Value: 'Thu Oct 16 19:08:11 UTC 2025'
Key: 'fileSize'
	Value: '114'
FlowFile Attribute Map Content
Key: 'absolute.path'
	Value: '/data/'
Key: 'file.creationTime'
	Value: '2025-10-16T19:08:11+0000'
Key: 'file.group'
	Value: 'nifi'
Key: 'file.lastAccessTime'
	Value: '2025-10-16T19:08:11+0000'
Key: 'file.lastModifiedTime'
	Value: '2025-10-16T19:08:11+0000'
Key: 'file.owner'
	Value: 'nifi'
Key: 'file.permissions'
	Value: 'rw-r--r--'
Key: 'filename'
	Value: '2025-10-16_22:08:11_car.csv'
Key: 'fragment.count'
	Value: '1'
Key: 'fragment.identifier'
	Value: 'aaa20e4c-264b-4c24-ab73-369422ee9b07'
Key: 'fragment.index'
	Value: '5'
Key: 'mime.type'
	Value: 'application/json'
Key: 'path'
	Value: '/'
Key: 'record.count'
	Value: '10'
Key: 'segment.original.filename'
	Value: '2025-10-16_22:08:11_car.csv'
Key: 'uuid'
	Value: 'caa6c876-8885-4cba-b93b-a9aec8d1ca27'
--------------------------------------------------
2025-10-16 19:08:11,857 INFO [Timer-Driven Process Thread-10] o.a.n.processors.standard.LogAttribute LogAttribute[id=ecc05f84-0199-1000-3197-08d7447c99f8] logging for flow file StandardFlowFileRecord[uuid=5ce94f93-0ecd-418f-83eb-0cea08d8d1d8,claim=StandardContentClaim [resourceClaim=StandardResourceClaim[id=1760614923338-1, container=default, section=1], offset=9131, length=110],offset=0,name=2025-10-16_22:08:11_car.csv,size=110]
--------------------------------------------------
FlowFile Properties
Key: 'entryDate'
	Value: 'Thu Oct 16 19:08:11 UTC 2025'
Key: 'lineageStartDate'
	Value: 'Thu Oct 16 19:08:11 UTC 2025'
Key: 'fileSize'
	Value: '110'
FlowFile Attribute Map Content
Key: 'absolute.path'
	Value: '/data/'
Key: 'file.creationTime'
	Value: '2025-10-16T19:08:11+0000'
Key: 'file.group'
	Value: 'nifi'
Key: 'file.lastAccessTime'
	Value: '2025-10-16T19:08:11+0000'
Key: 'file.lastModifiedTime'
	Value: '2025-10-16T19:08:11+0000'
Key: 'file.owner'
	Value: 'nifi'
Key: 'file.permissions'
	Value: 'rw-r--r--'
Key: 'filename'
	Value: '2025-10-16_22:08:11_car.csv'
Key: 'fragment.count'
	Value: '1'
Key: 'fragment.identifier'
	Value: '17ae240e-a5a5-4cc1-a940-a454d3ca7561'
Key: 'fragment.index'
	Value: '6'
Key: 'mime.type'
	Value: 'application/json'
Key: 'path'
	Value: '/'
Key: 'record.count'
	Value: '10'
Key: 'segment.original.filename'
	Value: '2025-10-16_22:08:11_car.csv'
Key: 'uuid'
	Value: '5ce94f93-0ecd-418f-83eb-0cea08d8d1d8'
--------------------------------------------------
2025-10-16 19:08:11,860 INFO [Timer-Driven Process Thread-10] o.a.n.processors.standard.LogAttribute LogAttribute[id=ecc05f84-0199-1000-3197-08d7447c99f8] logging for flow file StandardFlowFileRecord[uuid=e25e555a-0f93-48eb-bfab-eed7700eba38,claim=StandardContentClaim [resourceClaim=StandardResourceClaim[id=1760614923338-1, container=default, section=1], offset=9241, length=122],offset=0,name=2025-10-16_22:08:11_car.csv,size=122]
--------------------------------------------------
FlowFile Properties
Key: 'entryDate'
	Value: 'Thu Oct 16 19:08:11 UTC 2025'
Key: 'lineageStartDate'
	Value: 'Thu Oct 16 19:08:11 UTC 2025'
Key: 'fileSize'
	Value: '122'
FlowFile Attribute Map Content
Key: 'absolute.path'
	Value: '/data/'
Key: 'file.creationTime'
	Value: '2025-10-16T19:08:11+0000'
Key: 'file.group'
	Value: 'nifi'
Key: 'file.lastAccessTime'
	Value: '2025-10-16T19:08:11+0000'
Key: 'file.lastModifiedTime'
	Value: '2025-10-16T19:08:11+0000'
Key: 'file.owner'
	Value: 'nifi'
Key: 'file.permissions'
	Value: 'rw-r--r--'
Key: 'filename'
	Value: '2025-10-16_22:08:11_car.csv'
Key: 'fragment.count'
	Value: '1'
Key: 'fragment.identifier'
	Value: 'd3b28a52-1d8d-45bc-993d-065bb348e426'
Key: 'fragment.index'
	Value: '7'
Key: 'mime.type'
	Value: 'application/json'
Key: 'path'
	Value: '/'
Key: 'record.count'
	Value: '10'
Key: 'segment.original.filename'
	Value: '2025-10-16_22:08:11_car.csv'
Key: 'uuid'
	Value: 'e25e555a-0f93-48eb-bfab-eed7700eba38'
--------------------------------------------------
2025-10-16 19:08:11,892 INFO [Timer-Driven Process Thread-3] o.a.n.processors.standard.LogAttribute LogAttribute[id=ecc05f84-0199-1000-3197-08d7447c99f8] logging for flow file StandardFlowFileRecord[uuid=fe5f9aa4-6220-4569-abad-175ef09bb3fa,claim=StandardContentClaim [resourceClaim=StandardResourceClaim[id=1760614923338-1, container=default, section=1], offset=9363, length=109],offset=0,name=2025-10-16_22:08:11_car.csv,size=109]
--------------------------------------------------
FlowFile Properties
Key: 'entryDate'
	Value: 'Thu Oct 16 19:08:11 UTC 2025'
Key: 'lineageStartDate'
	Value: 'Thu Oct 16 19:08:11 UTC 2025'
Key: 'fileSize'
	Value: '109'
FlowFile Attribute Map Content
Key: 'absolute.path'
	Value: '/data/'
Key: 'file.creationTime'
	Value: '2025-10-16T19:08:11+0000'
Key: 'file.group'
	Value: 'nifi'
Key: 'file.lastAccessTime'
	Value: '2025-10-16T19:08:11+0000'
Key: 'file.lastModifiedTime'
	Value: '2025-10-16T19:08:11+0000'
Key: 'file.owner'
	Value: 'nifi'
Key: 'file.permissions'
	Value: 'rw-r--r--'
Key: 'filename'
	Value: '2025-10-16_22:08:11_car.csv'
Key: 'fragment.count'
	Value: '1'
Key: 'fragment.identifier'
	Value: '75d9f3a4-674e-42d4-8ae9-c7d1b1f432d2'
Key: 'fragment.index'
	Value: '8'
Key: 'mime.type'
	Value: 'application/json'
Key: 'path'
	Value: '/'
Key: 'record.count'
	Value: '10'
Key: 'segment.original.filename'
	Value: '2025-10-16_22:08:11_car.csv'
Key: 'uuid'
	Value: 'fe5f9aa4-6220-4569-abad-175ef09bb3fa'
--------------------------------------------------
2025-10-16 19:08:11,894 INFO [Timer-Driven Process Thread-3] o.a.n.processors.standard.LogAttribute LogAttribute[id=ecc05f84-0199-1000-3197-08d7447c99f8] logging for flow file StandardFlowFileRecord[uuid=4dd3a627-fb4f-43d2-bc8a-264c50a4ffc4,claim=StandardContentClaim [resourceClaim=StandardResourceClaim[id=1760614923338-1, container=default, section=1], offset=9472, length=107],offset=0,name=2025-10-16_22:08:11_car.csv,size=107]
--------------------------------------------------
FlowFile Properties
Key: 'entryDate'
	Value: 'Thu Oct 16 19:08:11 UTC 2025'
Key: 'lineageStartDate'
	Value: 'Thu Oct 16 19:08:11 UTC 2025'
Key: 'fileSize'
	Value: '107'
FlowFile Attribute Map Content
Key: 'absolute.path'
	Value: '/data/'
Key: 'file.creationTime'
	Value: '2025-10-16T19:08:11+0000'
Key: 'file.group'
	Value: 'nifi'
Key: 'file.lastAccessTime'
	Value: '2025-10-16T19:08:11+0000'
Key: 'file.lastModifiedTime'
	Value: '2025-10-16T19:08:11+0000'
Key: 'file.owner'
	Value: 'nifi'
Key: 'file.permissions'
	Value: 'rw-r--r--'
Key: 'filename'
	Value: '2025-10-16_22:08:11_car.csv'
Key: 'fragment.count'
	Value: '1'
Key: 'fragment.identifier'
	Value: '28ce4c90-6f18-4707-86d2-35e16eb23374'
Key: 'fragment.index'
	Value: '9'
Key: 'mime.type'
	Value: 'application/json'
Key: 'path'
	Value: '/'
Key: 'record.count'
	Value: '10'
Key: 'segment.original.filename'
	Value: '2025-10-16_22:08:11_car.csv'
Key: 'uuid'
	Value: '4dd3a627-fb4f-43d2-bc8a-264c50a4ffc4'
--------------------------------------------------
2025-10-16 19:08:11,914 ERROR [Timer-Driven Process Thread-7] o.apache.nifi.processors.standard.PutSQL PutSQL[id=ecbdc9be-0199-1000-9cbe-29d38cd766d6] Failed to update database due to a failed batch update, java.sql.BatchUpdateException: Batch entry 0 INSERT INTO car (vin_number, registration_plate, brand, model, mileage) VALUES (('U63HV69ZK7'), ('D430ZB37'), ('Mercedes-Benz'), ('GLS'), ('171880'::int4)) was aborted: ERROR: duplicate key value violates unique constraint "car_pkey"
  Detail: Key (id)=(1) already exists.  Call getNextException to see other errors in the batch.. There were a total of 4 FlowFiles that failed, 0 that succeeded, and 0 that were not execute and will be routed to retry; 
java.sql.BatchUpdateException: Batch entry 0 INSERT INTO car (vin_number, registration_plate, brand, model, mileage) VALUES (('U63HV69ZK7'), ('D430ZB37'), ('Mercedes-Benz'), ('GLS'), ('171880'::int4)) was aborted: ERROR: duplicate key value violates unique constraint "car_pkey"
  Detail: Key (id)=(1) already exists.  Call getNextException to see other errors in the batch.
	at org.postgresql.jdbc.BatchResultHandler.handleError(BatchResultHandler.java:165)
	at org.postgresql.core.v3.QueryExecutorImpl.processResults(QueryExecutorImpl.java:2413)
	at org.postgresql.core.v3.QueryExecutorImpl.execute(QueryExecutorImpl.java:579)
	at org.postgresql.jdbc.PgStatement.internalExecuteBatch(PgStatement.java:912)
	at org.postgresql.jdbc.PgStatement.executeBatch(PgStatement.java:936)
	at org.postgresql.jdbc.PgPreparedStatement.executeBatch(PgPreparedStatement.java:1733)
	at org.apache.commons.dbcp2.DelegatingStatement.executeBatch(DelegatingStatement.java:230)
	at org.apache.commons.dbcp2.DelegatingStatement.executeBatch(DelegatingStatement.java:230)
	at java.base/jdk.internal.reflect.NativeMethodAccessorImpl.invoke0(Native Method)
	at java.base/jdk.internal.reflect.NativeMethodAccessorImpl.invoke(Unknown Source)
	at java.base/jdk.internal.reflect.DelegatingMethodAccessorImpl.invoke(Unknown Source)
	at java.base/java.lang.reflect.Method.invoke(Unknown Source)
	at org.apache.nifi.controller.service.StandardControllerServiceInvocationHandler.invoke(StandardControllerServiceInvocationHandler.java:254)
	at org.apache.nifi.controller.service.StandardControllerServiceInvocationHandler.access$100(StandardControllerServiceInvocationHandler.java:38)
	at org.apache.nifi.controller.service.StandardControllerServiceInvocationHandler$ProxiedReturnObjectInvocationHandler.invoke(StandardControllerServiceInvocationHandler.java:240)
	at com.sun.proxy.$Proxy169.executeBatch(Unknown Source)
	at org.apache.nifi.processors.standard.PutSQL.lambda$null$8(PutSQL.java:412)
	at org.apache.nifi.processor.util.pattern.ExceptionHandler.execute(ExceptionHandler.java:127)
	at org.apache.nifi.processors.standard.PutSQL.lambda$new$10(PutSQL.java:410)
	at org.apache.nifi.processor.util.pattern.PutGroup.putFlowFiles(PutGroup.java:94)
	at org.apache.nifi.processor.util.pattern.Put.onTrigger(Put.java:103)
	at org.apache.nifi.processors.standard.PutSQL.lambda$onTrigger$21(PutSQL.java:678)
	at org.apache.nifi.processor.util.pattern.PartialFunctions.onTrigger(PartialFunctions.java:120)
	at org.apache.nifi.processor.util.pattern.RollbackOnFailure.onTrigger(RollbackOnFailure.java:184)
	at org.apache.nifi.processors.standard.PutSQL.onTrigger(PutSQL.java:678)
	at org.apache.nifi.controller.StandardProcessorNode.onTrigger(StandardProcessorNode.java:1361)
	at org.apache.nifi.controller.tasks.ConnectableTask.invoke(ConnectableTask.java:247)
	at org.apache.nifi.controller.scheduling.TimerDrivenSchedulingAgent$1.run(TimerDrivenSchedulingAgent.java:102)
	at org.apache.nifi.engine.FlowEngine$2.run(FlowEngine.java:110)
	at java.base/java.util.concurrent.Executors$RunnableAdapter.call(Unknown Source)
	at java.base/java.util.concurrent.FutureTask.runAndReset(Unknown Source)
	at java.base/java.util.concurrent.ScheduledThreadPoolExecutor$ScheduledFutureTask.run(Unknown Source)
	at java.base/java.util.concurrent.ThreadPoolExecutor.runWorker(Unknown Source)
	at java.base/java.util.concurrent.ThreadPoolExecutor$Worker.run(Unknown Source)
	at java.base/java.lang.Thread.run(Unknown Source)
Caused by: org.postgresql.util.PSQLException: ERROR: duplicate key value violates unique constraint "car_pkey"
  Detail: Key (id)=(1) already exists.
	at org.postgresql.core.v3.QueryExecutorImpl.receiveErrorResponse(QueryExecutorImpl.java:2725)
	at org.postgresql.core.v3.QueryExecutorImpl.processResults(QueryExecutorImpl.java:2412)
	... 33 common frames omitted
2025-10-16 19:08:11,918 INFO [Timer-Driven Process Thread-7] o.a.n.processors.standard.LogAttribute LogAttribute[id=ecc64f65-0199-1000-4c54-54f9bea4096b] logging for flow file StandardFlowFileRecord[uuid=a60cfd1a-49f5-4d72-8e2e-2316e24cddac,claim=StandardContentClaim [resourceClaim=StandardResourceClaim[id=1760614923338-1, container=default, section=1], offset=9579, length=94],offset=0,name=2025-10-16_22:08:11_car.csv,size=94]
--------------------------------------------------
FlowFile Properties
Key: 'entryDate'
	Value: 'Thu Oct 16 19:08:11 UTC 2025'
Key: 'lineageStartDate'
	Value: 'Thu Oct 16 19:08:11 UTC 2025'
Key: 'fileSize'
	Value: '94'
FlowFile Attribute Map Content
Key: 'absolute.path'
	Value: '/data/'
Key: 'error.message'
	Value: 'Batch entry 0 INSERT INTO car (vin_number, registration_plate, brand, model, mileage) VALUES (('U63HV69ZK7'), ('D430ZB37'), ('Mercedes-Benz'), ('GLS'), ('171880'::int4)) was aborted: ERROR: duplicate key value violates unique constraint "car_pkey"
  Detail: Key (id)=(1) already exists.  Call getNextException to see other errors in the batch.'
Key: 'error.sql.state'
	Value: '23505'
Key: 'file.creationTime'
	Value: '2025-10-16T19:08:11+0000'
Key: 'file.group'
	Value: 'nifi'
Key: 'file.lastAccessTime'
	Value: '2025-10-16T19:08:11+0000'
Key: 'file.lastModifiedTime'
	Value: '2025-10-16T19:08:11+0000'
Key: 'file.owner'
	Value: 'nifi'
Key: 'file.permissions'
	Value: 'rw-r--r--'
Key: 'filename'
	Value: '2025-10-16_22:08:11_car.csv'
Key: 'fragment.count'
	Value: '1'
Key: 'fragment.identifier'
	Value: 'e194a7c5-db4b-49f9-98a4-515c683dd40d'
Key: 'fragment.index'
	Value: '0'
Key: 'mime.type'
	Value: 'text/plain'
Key: 'path'
	Value: '/'
Key: 'record.count'
	Value: '10'
Key: 'segment.original.filename'
	Value: '2025-10-16_22:08:11_car.csv'
Key: 'sql.args.1.type'
	Value: '12'
Key: 'sql.args.1.value'
	Value: 'U63HV69ZK7'
Key: 'sql.args.2.type'
	Value: '12'
Key: 'sql.args.2.value'
	Value: 'D430ZB37'
Key: 'sql.args.3.type'
	Value: '12'
Key: 'sql.args.3.value'
	Value: 'Mercedes-Benz'
Key: 'sql.args.4.type'
	Value: '12'
Key: 'sql.args.4.value'
	Value: 'GLS'
Key: 'sql.args.5.type'
	Value: '4'
Key: 'sql.args.5.value'
	Value: '171880'
Key: 'sql.table'
	Value: 'car'
Key: 'uuid'
	Value: 'a60cfd1a-49f5-4d72-8e2e-2316e24cddac'
--------------------------------------------------
2025-10-16 19:08:11,919 INFO [Timer-Driven Process Thread-7] o.a.n.processors.standard.LogAttribute LogAttribute[id=ecc64f65-0199-1000-4c54-54f9bea4096b] logging for flow file StandardFlowFileRecord[uuid=14f004fe-b313-40b5-b6e0-dd099509e4ae,claim=StandardContentClaim [resourceClaim=StandardResourceClaim[id=1760614923338-1, container=default, section=1], offset=9673, length=94],offset=0,name=2025-10-16_22:08:11_car.csv,size=94]
--------------------------------------------------
FlowFile Properties
Key: 'entryDate'
	Value: 'Thu Oct 16 19:08:11 UTC 2025'
Key: 'lineageStartDate'
	Value: 'Thu Oct 16 19:08:11 UTC 2025'
Key: 'fileSize'
	Value: '94'
FlowFile Attribute Map Content
Key: 'absolute.path'
	Value: '/data/'
Key: 'error.message'
	Value: 'Batch entry 0 INSERT INTO car (vin_number, registration_plate, brand, model, mileage) VALUES (('U63HV69ZK7'), ('D430ZB37'), ('Mercedes-Benz'), ('GLS'), ('171880'::int4)) was aborted: ERROR: duplicate key value violates unique constraint "car_pkey"
  Detail: Key (id)=(1) already exists.  Call getNextException to see other errors in the batch.'
Key: 'error.sql.state'
	Value: '23505'
Key: 'file.creationTime'
	Value: '2025-10-16T19:08:11+0000'
Key: 'file.group'
	Value: 'nifi'
Key: 'file.lastAccessTime'
	Value: '2025-10-16T19:08:11+0000'
Key: 'file.lastModifiedTime'
	Value: '2025-10-16T19:08:11+0000'
Key: 'file.owner'
	Value: 'nifi'
Key: 'file.permissions'
	Value: 'rw-r--r--'
Key: 'filename'
	Value: '2025-10-16_22:08:11_car.csv'
Key: 'fragment.count'
	Value: '1'
Key: 'fragment.identifier'
	Value: '49914e08-46f3-4422-9d77-cd6f4771b853'
Key: 'fragment.index'
	Value: '0'
Key: 'mime.type'
	Value: 'text/plain'
Key: 'path'
	Value: '/'
Key: 'record.count'
	Value: '10'
Key: 'segment.original.filename'
	Value: '2025-10-16_22:08:11_car.csv'
Key: 'sql.args.1.type'
	Value: '12'
Key: 'sql.args.1.value'
	Value: 'YLQOFQUDCI'
Key: 'sql.args.2.type'
	Value: '12'
Key: 'sql.args.2.value'
	Value: 'J341SA92'
Key: 'sql.args.3.type'
	Value: '12'
Key: 'sql.args.3.value'
	Value: 'Volvo'
Key: 'sql.args.4.type'
	Value: '12'
Key: 'sql.args.4.value'
	Value: 'XC90'
Key: 'sql.args.5.type'
	Value: '4'
Key: 'sql.args.5.value'
	Value: '340914'
Key: 'sql.table'
	Value: 'car'
Key: 'uuid'
	Value: '14f004fe-b313-40b5-b6e0-dd099509e4ae'
--------------------------------------------------
2025-10-16 19:08:11,919 INFO [Timer-Driven Process Thread-7] o.a.n.processors.standard.LogAttribute LogAttribute[id=ecc64f65-0199-1000-4c54-54f9bea4096b] logging for flow file StandardFlowFileRecord[uuid=6e6deece-7f5b-47fd-ab0b-7bb4833b1a6b,claim=StandardContentClaim [resourceClaim=StandardResourceClaim[id=1760614923338-1, container=default, section=1], offset=9767, length=94],offset=0,name=2025-10-16_22:08:11_car.csv,size=94]
--------------------------------------------------
FlowFile Properties
Key: 'entryDate'
	Value: 'Thu Oct 16 19:08:11 UTC 2025'
Key: 'lineageStartDate'
	Value: 'Thu Oct 16 19:08:11 UTC 2025'
Key: 'fileSize'
	Value: '94'
FlowFile Attribute Map Content
Key: 'absolute.path'
	Value: '/data/'
Key: 'error.message'
	Value: 'Batch entry 0 INSERT INTO car (vin_number, registration_plate, brand, model, mileage) VALUES (('U63HV69ZK7'), ('D430ZB37'), ('Mercedes-Benz'), ('GLS'), ('171880'::int4)) was aborted: ERROR: duplicate key value violates unique constraint "car_pkey"
  Detail: Key (id)=(1) already exists.  Call getNextException to see other errors in the batch.'
Key: 'error.sql.state'
	Value: '23505'
Key: 'file.creationTime'
	Value: '2025-10-16T19:08:11+0000'
Key: 'file.group'
	Value: 'nifi'
Key: 'file.lastAccessTime'
	Value: '2025-10-16T19:08:11+0000'
Key: 'file.lastModifiedTime'
	Value: '2025-10-16T19:08:11+0000'
Key: 'file.owner'
	Value: 'nifi'
Key: 'file.permissions'
	Value: 'rw-r--r--'
Key: 'filename'
	Value: '2025-10-16_22:08:11_car.csv'
Key: 'fragment.count'
	Value: '1'
Key: 'fragment.identifier'
	Value: '6e1f99e3-8e7a-4b3d-aca2-8d7199a08d44'
Key: 'fragment.index'
	Value: '0'
Key: 'mime.type'
	Value: 'text/plain'
Key: 'path'
	Value: '/'
Key: 'record.count'
	Value: '10'
Key: 'segment.original.filename'
	Value: '2025-10-16_22:08:11_car.csv'
Key: 'sql.args.1.type'
	Value: '12'
Key: 'sql.args.1.value'
	Value: 'B5O1ISTPC2'
Key: 'sql.args.2.type'
	Value: '12'
Key: 'sql.args.2.value'
	Value: 'A964DB48'
Key: 'sql.args.3.type'
	Value: '12'
Key: 'sql.args.3.value'
	Value: 'Volvo'
Key: 'sql.args.4.type'
	Value: '12'
Key: 'sql.args.4.value'
	Value: 'XC90'
Key: 'sql.args.5.type'
	Value: '4'
Key: 'sql.args.5.value'
	Value: '250290'
Key: 'sql.table'
	Value: 'car'
Key: 'uuid'
	Value: '6e6deece-7f5b-47fd-ab0b-7bb4833b1a6b'
--------------------------------------------------
2025-10-16 19:08:11,919 ERROR [Timer-Driven Process Thread-2] o.apache.nifi.processors.standard.PutSQL PutSQL[id=ecbdc9be-0199-1000-9cbe-29d38cd766d6] Failed to update database due to a failed batch update, java.sql.BatchUpdateException: Batch entry 0 INSERT INTO car (vin_number, registration_plate, brand, model, mileage) VALUES (('JOBKDX5CK9'), ('A904UU65'), ('Renault'), ('Arkana'), ('568502'::int4)) was aborted: ERROR: duplicate key value violates unique constraint "car_pkey"
  Detail: Key (id)=(2) already exists.  Call getNextException to see other errors in the batch.. There were a total of 6 FlowFiles that failed, 0 that succeeded, and 0 that were not execute and will be routed to retry; 
java.sql.BatchUpdateException: Batch entry 0 INSERT INTO car (vin_number, registration_plate, brand, model, mileage) VALUES (('JOBKDX5CK9'), ('A904UU65'), ('Renault'), ('Arkana'), ('568502'::int4)) was aborted: ERROR: duplicate key value violates unique constraint "car_pkey"
  Detail: Key (id)=(2) already exists.  Call getNextException to see other errors in the batch.
	at org.postgresql.jdbc.BatchResultHandler.handleError(BatchResultHandler.java:165)
	at org.postgresql.core.ResultHandlerDelegate.handleError(ResultHandlerDelegate.java:52)
	at org.postgresql.core.v3.QueryExecutorImpl.processResults(QueryExecutorImpl.java:2413)
	at org.postgresql.core.v3.QueryExecutorImpl.execute(QueryExecutorImpl.java:579)
	at org.postgresql.jdbc.PgStatement.internalExecuteBatch(PgStatement.java:912)
	at org.postgresql.jdbc.PgStatement.executeBatch(PgStatement.java:936)
	at org.postgresql.jdbc.PgPreparedStatement.executeBatch(PgPreparedStatement.java:1733)
	at org.apache.commons.dbcp2.DelegatingStatement.executeBatch(DelegatingStatement.java:230)
	at org.apache.commons.dbcp2.DelegatingStatement.executeBatch(DelegatingStatement.java:230)
	at java.base/jdk.internal.reflect.NativeMethodAccessorImpl.invoke0(Native Method)
	at java.base/jdk.internal.reflect.NativeMethodAccessorImpl.invoke(Unknown Source)
	at java.base/jdk.internal.reflect.DelegatingMethodAccessorImpl.invoke(Unknown Source)
	at java.base/java.lang.reflect.Method.invoke(Unknown Source)
	at org.apache.nifi.controller.service.StandardControllerServiceInvocationHandler.invoke(StandardControllerServiceInvocationHandler.java:254)
	at org.apache.nifi.controller.service.StandardControllerServiceInvocationHandler.access$100(StandardControllerServiceInvocationHandler.java:38)
	at org.apache.nifi.controller.service.StandardControllerServiceInvocationHandler$ProxiedReturnObjectInvocationHandler.invoke(StandardControllerServiceInvocationHandler.java:240)
	at com.sun.proxy.$Proxy169.executeBatch(Unknown Source)
	at org.apache.nifi.processors.standard.PutSQL.lambda$null$8(PutSQL.java:412)
	at org.apache.nifi.processor.util.pattern.ExceptionHandler.execute(ExceptionHandler.java:127)
	at org.apache.nifi.processors.standard.PutSQL.lambda$new$10(PutSQL.java:410)
	at org.apache.nifi.processor.util.pattern.PutGroup.putFlowFiles(PutGroup.java:94)
	at org.apache.nifi.processor.util.pattern.Put.onTrigger(Put.java:103)
	at org.apache.nifi.processors.standard.PutSQL.lambda$onTrigger$21(PutSQL.java:678)
	at org.apache.nifi.processor.util.pattern.PartialFunctions.onTrigger(PartialFunctions.java:120)
	at org.apache.nifi.processor.util.pattern.RollbackOnFailure.onTrigger(RollbackOnFailure.java:184)
	at org.apache.nifi.processors.standard.PutSQL.onTrigger(PutSQL.java:678)
	at org.apache.nifi.controller.StandardProcessorNode.onTrigger(StandardProcessorNode.java:1361)
	at org.apache.nifi.controller.tasks.ConnectableTask.invoke(ConnectableTask.java:247)
	at org.apache.nifi.controller.scheduling.TimerDrivenSchedulingAgent$1.run(TimerDrivenSchedulingAgent.java:102)
	at org.apache.nifi.engine.FlowEngine$2.run(FlowEngine.java:110)
	at java.base/java.util.concurrent.Executors$RunnableAdapter.call(Unknown Source)
	at java.base/java.util.concurrent.FutureTask.runAndReset(Unknown Source)
	at java.base/java.util.concurrent.ScheduledThreadPoolExecutor$ScheduledFutureTask.run(Unknown Source)
	at java.base/java.util.concurrent.ThreadPoolExecutor.runWorker(Unknown Source)
	at java.base/java.util.concurrent.ThreadPoolExecutor$Worker.run(Unknown Source)
	at java.base/java.lang.Thread.run(Unknown Source)
Caused by: org.postgresql.util.PSQLException: ERROR: duplicate key value violates unique constraint "car_pkey"
  Detail: Key (id)=(2) already exists.
	at org.postgresql.core.v3.QueryExecutorImpl.receiveErrorResponse(QueryExecutorImpl.java:2725)
	at org.postgresql.core.v3.QueryExecutorImpl.processResults(QueryExecutorImpl.java:2412)
	... 33 common frames omitted
2025-10-16 19:08:11,920 INFO [Timer-Driven Process Thread-7] o.a.n.processors.standard.LogAttribute LogAttribute[id=ecc64f65-0199-1000-4c54-54f9bea4096b] logging for flow file StandardFlowFileRecord[uuid=8e00a390-b73f-460d-bd5b-d917b465f36c,claim=StandardContentClaim [resourceClaim=StandardResourceClaim[id=1760614923338-1, container=default, section=1], offset=9861, length=94],offset=0,name=2025-10-16_22:08:11_car.csv,size=94]
--------------------------------------------------
FlowFile Properties
Key: 'entryDate'
	Value: 'Thu Oct 16 19:08:11 UTC 2025'
Key: 'lineageStartDate'
	Value: 'Thu Oct 16 19:08:11 UTC 2025'
Key: 'fileSize'
	Value: '94'
FlowFile Attribute Map Content
Key: 'absolute.path'
	Value: '/data/'
Key: 'error.message'
	Value: 'Batch entry 0 INSERT INTO car (vin_number, registration_plate, brand, model, mileage) VALUES (('U63HV69ZK7'), ('D430ZB37'), ('Mercedes-Benz'), ('GLS'), ('171880'::int4)) was aborted: ERROR: duplicate key value violates unique constraint "car_pkey"
  Detail: Key (id)=(1) already exists.  Call getNextException to see other errors in the batch.'
Key: 'error.sql.state'
	Value: '23505'
Key: 'file.creationTime'
	Value: '2025-10-16T19:08:11+0000'
Key: 'file.group'
	Value: 'nifi'
Key: 'file.lastAccessTime'
	Value: '2025-10-16T19:08:11+0000'
Key: 'file.lastModifiedTime'
	Value: '2025-10-16T19:08:11+0000'
Key: 'file.owner'
	Value: 'nifi'
Key: 'file.permissions'
	Value: 'rw-r--r--'
Key: 'filename'
	Value: '2025-10-16_22:08:11_car.csv'
Key: 'fragment.count'
	Value: '1'
Key: 'fragment.identifier'
	Value: '261cf101-157a-435f-b1e4-2b079a614943'
Key: 'fragment.index'
	Value: '0'
Key: 'mime.type'
	Value: 'text/plain'
Key: 'path'
	Value: '/'
Key: 'record.count'
	Value: '10'
Key: 'segment.original.filename'
	Value: '2025-10-16_22:08:11_car.csv'
Key: 'sql.args.1.type'
	Value: '12'
Key: 'sql.args.1.value'
	Value: 'JUVJ64MIKT'
Key: 'sql.args.2.type'
	Value: '12'
Key: 'sql.args.2.value'
	Value: 'A879XY34'
Key: 'sql.args.3.type'
	Value: '12'
Key: 'sql.args.3.value'
	Value: 'Kia'
Key: 'sql.args.4.type'
	Value: '12'
Key: 'sql.args.4.value'
	Value: 'Forte'
Key: 'sql.args.5.type'
	Value: '4'
Key: 'sql.args.5.value'
	Value: '877432'
Key: 'sql.table'
	Value: 'car'
Key: 'uuid'
	Value: '8e00a390-b73f-460d-bd5b-d917b465f36c'
--------------------------------------------------
2025-10-16 19:08:11,933 INFO [Timer-Driven Process Thread-2] o.a.n.processors.standard.LogAttribute LogAttribute[id=ecc64f65-0199-1000-4c54-54f9bea4096b] logging for flow file StandardFlowFileRecord[uuid=a55c2163-dcc8-4a46-bb6e-8e61f996cc63,claim=StandardContentClaim [resourceClaim=StandardResourceClaim[id=1760614923338-1, container=default, section=1], offset=9955, length=94],offset=0,name=2025-10-16_22:08:11_car.csv,size=94]
--------------------------------------------------
FlowFile Properties
Key: 'entryDate'
	Value: 'Thu Oct 16 19:08:11 UTC 2025'
Key: 'lineageStartDate'
	Value: 'Thu Oct 16 19:08:11 UTC 2025'
Key: 'fileSize'
	Value: '94'
FlowFile Attribute Map Content
Key: 'absolute.path'
	Value: '/data/'
Key: 'error.message'
	Value: 'Batch entry 0 INSERT INTO car (vin_number, registration_plate, brand, model, mileage) VALUES (('JOBKDX5CK9'), ('A904UU65'), ('Renault'), ('Arkana'), ('568502'::int4)) was aborted: ERROR: duplicate key value violates unique constraint "car_pkey"
  Detail: Key (id)=(2) already exists.  Call getNextException to see other errors in the batch.'
Key: 'error.sql.state'
	Value: '23505'
Key: 'file.creationTime'
	Value: '2025-10-16T19:08:11+0000'
Key: 'file.group'
	Value: 'nifi'
Key: 'file.lastAccessTime'
	Value: '2025-10-16T19:08:11+0000'
Key: 'file.lastModifiedTime'
	Value: '2025-10-16T19:08:11+0000'
Key: 'file.owner'
	Value: 'nifi'
Key: 'file.permissions'
	Value: 'rw-r--r--'
Key: 'filename'
	Value: '2025-10-16_22:08:11_car.csv'
Key: 'fragment.count'
	Value: '1'
Key: 'fragment.identifier'
	Value: '1183acd8-927e-412a-ba38-5ec358142fdd'
Key: 'fragment.index'
	Value: '0'
Key: 'mime.type'
	Value: 'text/plain'
Key: 'path'
	Value: '/'
Key: 'record.count'
	Value: '10'
Key: 'segment.original.filename'
	Value: '2025-10-16_22:08:11_car.csv'
Key: 'sql.args.1.type'
	Value: '12'
Key: 'sql.args.1.value'
	Value: 'JOBKDX5CK9'
Key: 'sql.args.2.type'
	Value: '12'
Key: 'sql.args.2.value'
	Value: 'A904UU65'
Key: 'sql.args.3.type'
	Value: '12'
Key: 'sql.args.3.value'
	Value: 'Renault'
Key: 'sql.args.4.type'
	Value: '12'
Key: 'sql.args.4.value'
	Value: 'Arkana'
Key: 'sql.args.5.type'
	Value: '4'
Key: 'sql.args.5.value'
	Value: '568502'
Key: 'sql.table'
	Value: 'car'
Key: 'uuid'
	Value: 'a55c2163-dcc8-4a46-bb6e-8e61f996cc63'
--------------------------------------------------
2025-10-16 19:08:11,933 INFO [Timer-Driven Process Thread-2] o.a.n.processors.standard.LogAttribute LogAttribute[id=ecc64f65-0199-1000-4c54-54f9bea4096b] logging for flow file StandardFlowFileRecord[uuid=9dca432e-1e47-4cb0-b77d-6cde700ccb6f,claim=StandardContentClaim [resourceClaim=StandardResourceClaim[id=1760614923338-1, container=default, section=1], offset=10049, length=94],offset=0,name=2025-10-16_22:08:11_car.csv,size=94]
--------------------------------------------------
FlowFile Properties
Key: 'entryDate'
	Value: 'Thu Oct 16 19:08:11 UTC 2025'
Key: 'lineageStartDate'
	Value: 'Thu Oct 16 19:08:11 UTC 2025'
Key: 'fileSize'
	Value: '94'
FlowFile Attribute Map Content
Key: 'absolute.path'
	Value: '/data/'
Key: 'error.message'
	Value: 'Batch entry 0 INSERT INTO car (vin_number, registration_plate, brand, model, mileage) VALUES (('JOBKDX5CK9'), ('A904UU65'), ('Renault'), ('Arkana'), ('568502'::int4)) was aborted: ERROR: duplicate key value violates unique constraint "car_pkey"
  Detail: Key (id)=(2) already exists.  Call getNextException to see other errors in the batch.'
Key: 'error.sql.state'
	Value: '23505'
Key: 'file.creationTime'
	Value: '2025-10-16T19:08:11+0000'
Key: 'file.group'
	Value: 'nifi'
Key: 'file.lastAccessTime'
	Value: '2025-10-16T19:08:11+0000'
Key: 'file.lastModifiedTime'
	Value: '2025-10-16T19:08:11+0000'
Key: 'file.owner'
	Value: 'nifi'
Key: 'file.permissions'
	Value: 'rw-r--r--'
Key: 'filename'
	Value: '2025-10-16_22:08:11_car.csv'
Key: 'fragment.count'
	Value: '1'
Key: 'fragment.identifier'
	Value: 'aaa20e4c-264b-4c24-ab73-369422ee9b07'
Key: 'fragment.index'
	Value: '0'
Key: 'mime.type'
	Value: 'text/plain'
Key: 'path'
	Value: '/'
Key: 'record.count'
	Value: '10'
Key: 'segment.original.filename'
	Value: '2025-10-16_22:08:11_car.csv'
Key: 'sql.args.1.type'
	Value: '12'
Key: 'sql.args.1.value'
	Value: 'M1TK1U5PA5'
Key: 'sql.args.2.type'
	Value: '12'
Key: 'sql.args.2.value'
	Value: 'Z988ZH79'
Key: 'sql.args.3.type'
	Value: '12'
Key: 'sql.args.3.value'
	Value: 'Ferrari'
Key: 'sql.args.4.type'
	Value: '12'
Key: 'sql.args.4.value'
	Value: 'Portofino'
Key: 'sql.args.5.type'
	Value: '4'
Key: 'sql.args.5.value'
	Value: '179981'
Key: 'sql.table'
	Value: 'car'
Key: 'uuid'
	Value: '9dca432e-1e47-4cb0-b77d-6cde700ccb6f'
--------------------------------------------------
2025-10-16 19:08:11,935 INFO [Timer-Driven Process Thread-2] o.a.n.processors.standard.LogAttribute LogAttribute[id=ecc64f65-0199-1000-4c54-54f9bea4096b] logging for flow file StandardFlowFileRecord[uuid=04fe3712-c0ce-4a64-964a-bcec20891c00,claim=StandardContentClaim [resourceClaim=StandardResourceClaim[id=1760614923338-1, container=default, section=1], offset=10143, length=94],offset=0,name=2025-10-16_22:08:11_car.csv,size=94]
--------------------------------------------------
FlowFile Properties
Key: 'entryDate'
	Value: 'Thu Oct 16 19:08:11 UTC 2025'
Key: 'lineageStartDate'
	Value: 'Thu Oct 16 19:08:11 UTC 2025'
Key: 'fileSize'
	Value: '94'
FlowFile Attribute Map Content
Key: 'absolute.path'
	Value: '/data/'
Key: 'error.message'
	Value: 'Batch entry 0 INSERT INTO car (vin_number, registration_plate, brand, model, mileage) VALUES (('JOBKDX5CK9'), ('A904UU65'), ('Renault'), ('Arkana'), ('568502'::int4)) was aborted: ERROR: duplicate key value violates unique constraint "car_pkey"
  Detail: Key (id)=(2) already exists.  Call getNextException to see other errors in the batch.'
Key: 'error.sql.state'
	Value: '23505'
Key: 'file.creationTime'
	Value: '2025-10-16T19:08:11+0000'
Key: 'file.group'
	Value: 'nifi'
Key: 'file.lastAccessTime'
	Value: '2025-10-16T19:08:11+0000'
Key: 'file.lastModifiedTime'
	Value: '2025-10-16T19:08:11+0000'
Key: 'file.owner'
	Value: 'nifi'
Key: 'file.permissions'
	Value: 'rw-r--r--'
Key: 'filename'
	Value: '2025-10-16_22:08:11_car.csv'
Key: 'fragment.count'
	Value: '1'
Key: 'fragment.identifier'
	Value: '17ae240e-a5a5-4cc1-a940-a454d3ca7561'
Key: 'fragment.index'
	Value: '0'
Key: 'mime.type'
	Value: 'text/plain'
Key: 'path'
	Value: '/'
Key: 'record.count'
	Value: '10'
Key: 'segment.original.filename'
	Value: '2025-10-16_22:08:11_car.csv'
Key: 'sql.args.1.type'
	Value: '12'
Key: 'sql.args.1.value'
	Value: '271I6QLRGV'
Key: 'sql.args.2.type'
	Value: '12'
Key: 'sql.args.2.value'
	Value: 'J935WN87'
Key: 'sql.args.3.type'
	Value: '12'
Key: 'sql.args.3.value'
	Value: 'Jeep'
Key: 'sql.args.4.type'
	Value: '12'
Key: 'sql.args.4.value'
	Value: 'Cherokee'
Key: 'sql.args.5.type'
	Value: '4'
Key: 'sql.args.5.value'
	Value: '829072'
Key: 'sql.table'
	Value: 'car'
Key: 'uuid'
	Value: '04fe3712-c0ce-4a64-964a-bcec20891c00'
--------------------------------------------------
2025-10-16 19:08:11,935 INFO [Timer-Driven Process Thread-2] o.a.n.processors.standard.LogAttribute LogAttribute[id=ecc64f65-0199-1000-4c54-54f9bea4096b] logging for flow file StandardFlowFileRecord[uuid=b3fb52b5-930f-4f99-bec8-b2a5151a9b2d,claim=StandardContentClaim [resourceClaim=StandardResourceClaim[id=1760614923338-1, container=default, section=1], offset=10237, length=94],offset=0,name=2025-10-16_22:08:11_car.csv,size=94]
--------------------------------------------------
FlowFile Properties
Key: 'entryDate'
	Value: 'Thu Oct 16 19:08:11 UTC 2025'
Key: 'lineageStartDate'
	Value: 'Thu Oct 16 19:08:11 UTC 2025'
Key: 'fileSize'
	Value: '94'
FlowFile Attribute Map Content
Key: 'absolute.path'
	Value: '/data/'
Key: 'error.message'
	Value: 'Batch entry 0 INSERT INTO car (vin_number, registration_plate, brand, model, mileage) VALUES (('JOBKDX5CK9'), ('A904UU65'), ('Renault'), ('Arkana'), ('568502'::int4)) was aborted: ERROR: duplicate key value violates unique constraint "car_pkey"
  Detail: Key (id)=(2) already exists.  Call getNextException to see other errors in the batch.'
Key: 'error.sql.state'
	Value: '23505'
Key: 'file.creationTime'
	Value: '2025-10-16T19:08:11+0000'
Key: 'file.group'
	Value: 'nifi'
Key: 'file.lastAccessTime'
	Value: '2025-10-16T19:08:11+0000'
Key: 'file.lastModifiedTime'
	Value: '2025-10-16T19:08:11+0000'
Key: 'file.owner'
	Value: 'nifi'
Key: 'file.permissions'
	Value: 'rw-r--r--'
Key: 'filename'
	Value: '2025-10-16_22:08:11_car.csv'
Key: 'fragment.count'
	Value: '1'
Key: 'fragment.identifier'
	Value: 'd3b28a52-1d8d-45bc-993d-065bb348e426'
Key: 'fragment.index'
	Value: '0'
Key: 'mime.type'
	Value: 'text/plain'
Key: 'path'
	Value: '/'
Key: 'record.count'
	Value: '10'
Key: 'segment.original.filename'
	Value: '2025-10-16_22:08:11_car.csv'
Key: 'sql.args.1.type'
	Value: '12'
Key: 'sql.args.1.value'
	Value: 'Z2TTHVQFML'
Key: 'sql.args.2.type'
	Value: '12'
Key: 'sql.args.2.value'
	Value: 'B885DT88'
Key: 'sql.args.3.type'
	Value: '12'
Key: 'sql.args.3.value'
	Value: 'Rolls-Royce'
Key: 'sql.args.4.type'
	Value: '12'
Key: 'sql.args.4.value'
	Value: 'Silver Shadow'
Key: 'sql.args.5.type'
	Value: '4'
Key: 'sql.args.5.value'
	Value: '204043'
Key: 'sql.table'
	Value: 'car'
Key: 'uuid'
	Value: 'b3fb52b5-930f-4f99-bec8-b2a5151a9b2d'
--------------------------------------------------
2025-10-16 19:08:11,936 INFO [Timer-Driven Process Thread-2] o.a.n.processors.standard.LogAttribute LogAttribute[id=ecc64f65-0199-1000-4c54-54f9bea4096b] logging for flow file StandardFlowFileRecord[uuid=f46f705b-746f-4dbd-a846-0bcf8422f6ab,claim=StandardContentClaim [resourceClaim=StandardResourceClaim[id=1760614923338-1, container=default, section=1], offset=10331, length=94],offset=0,name=2025-10-16_22:08:11_car.csv,size=94]
--------------------------------------------------
FlowFile Properties
Key: 'entryDate'
	Value: 'Thu Oct 16 19:08:11 UTC 2025'
Key: 'lineageStartDate'
	Value: 'Thu Oct 16 19:08:11 UTC 2025'
Key: 'fileSize'
	Value: '94'
FlowFile Attribute Map Content
Key: 'absolute.path'
	Value: '/data/'
Key: 'error.message'
	Value: 'Batch entry 0 INSERT INTO car (vin_number, registration_plate, brand, model, mileage) VALUES (('JOBKDX5CK9'), ('A904UU65'), ('Renault'), ('Arkana'), ('568502'::int4)) was aborted: ERROR: duplicate key value violates unique constraint "car_pkey"
  Detail: Key (id)=(2) already exists.  Call getNextException to see other errors in the batch.'
Key: 'error.sql.state'
	Value: '23505'
Key: 'file.creationTime'
	Value: '2025-10-16T19:08:11+0000'
Key: 'file.group'
	Value: 'nifi'
Key: 'file.lastAccessTime'
	Value: '2025-10-16T19:08:11+0000'
Key: 'file.lastModifiedTime'
	Value: '2025-10-16T19:08:11+0000'
Key: 'file.owner'
	Value: 'nifi'
Key: 'file.permissions'
	Value: 'rw-r--r--'
Key: 'filename'
	Value: '2025-10-16_22:08:11_car.csv'
Key: 'fragment.count'
	Value: '1'
Key: 'fragment.identifier'
	Value: '75d9f3a4-674e-42d4-8ae9-c7d1b1f432d2'
Key: 'fragment.index'
	Value: '0'
Key: 'mime.type'
	Value: 'text/plain'
Key: 'path'
	Value: '/'
Key: 'record.count'
	Value: '10'
Key: 'segment.original.filename'
	Value: '2025-10-16_22:08:11_car.csv'
Key: 'sql.args.1.type'
	Value: '12'
Key: 'sql.args.1.value'
	Value: 'L6X629ULFR'
Key: 'sql.args.2.type'
	Value: '12'
Key: 'sql.args.2.value'
	Value: 'H399OF76'
Key: 'sql.args.3.type'
	Value: '12'
Key: 'sql.args.3.value'
	Value: 'Cadillac'
Key: 'sql.args.4.type'
	Value: '12'
Key: 'sql.args.4.value'
	Value: 'CT4'
Key: 'sql.args.5.type'
	Value: '4'
Key: 'sql.args.5.value'
	Value: '583445'
Key: 'sql.table'
	Value: 'car'
Key: 'uuid'
	Value: 'f46f705b-746f-4dbd-a846-0bcf8422f6ab'
--------------------------------------------------
2025-10-16 19:08:11,936 INFO [Timer-Driven Process Thread-2] o.a.n.processors.standard.LogAttribute LogAttribute[id=ecc64f65-0199-1000-4c54-54f9bea4096b] logging for flow file StandardFlowFileRecord[uuid=f0b8e59b-213e-410d-8b80-458c72e97d60,claim=StandardContentClaim [resourceClaim=StandardResourceClaim[id=1760614923338-1, container=default, section=1], offset=10425, length=94],offset=0,name=2025-10-16_22:08:11_car.csv,size=94]
--------------------------------------------------
FlowFile Properties
Key: 'entryDate'
	Value: 'Thu Oct 16 19:08:11 UTC 2025'
Key: 'lineageStartDate'
	Value: 'Thu Oct 16 19:08:11 UTC 2025'
Key: 'fileSize'
	Value: '94'
FlowFile Attribute Map Content
Key: 'absolute.path'
	Value: '/data/'
Key: 'error.message'
	Value: 'Batch entry 0 INSERT INTO car (vin_number, registration_plate, brand, model, mileage) VALUES (('JOBKDX5CK9'), ('A904UU65'), ('Renault'), ('Arkana'), ('568502'::int4)) was aborted: ERROR: duplicate key value violates unique constraint "car_pkey"
  Detail: Key (id)=(2) already exists.  Call getNextException to see other errors in the batch.'
Key: 'error.sql.state'
	Value: '23505'
Key: 'file.creationTime'
	Value: '2025-10-16T19:08:11+0000'
Key: 'file.group'
	Value: 'nifi'
Key: 'file.lastAccessTime'
	Value: '2025-10-16T19:08:11+0000'
Key: 'file.lastModifiedTime'
	Value: '2025-10-16T19:08:11+0000'
Key: 'file.owner'
	Value: 'nifi'
Key: 'file.permissions'
	Value: 'rw-r--r--'
Key: 'filename'
	Value: '2025-10-16_22:08:11_car.csv'
Key: 'fragment.count'
	Value: '1'
Key: 'fragment.identifier'
	Value: '28ce4c90-6f18-4707-86d2-35e16eb23374'
Key: 'fragment.index'
	Value: '0'
Key: 'mime.type'
	Value: 'text/plain'
Key: 'path'
	Value: '/'
Key: 'record.count'
	Value: '10'
Key: 'segment.original.filename'
	Value: '2025-10-16_22:08:11_car.csv'
Key: 'sql.args.1.type'
	Value: '12'
Key: 'sql.args.1.value'
	Value: '6JLSJQZH25'
Key: 'sql.args.2.type'
	Value: '12'
Key: 'sql.args.2.value'
	Value: 'X408FX62'
Key: 'sql.args.3.type'
	Value: '12'
Key: 'sql.args.3.value'
	Value: 'Honda'
Key: 'sql.args.4.type'
	Value: '12'
Key: 'sql.args.4.value'
	Value: 'HR-V'
Key: 'sql.args.5.type'
	Value: '4'
Key: 'sql.args.5.value'
	Value: '306212'
Key: 'sql.table'
	Value: 'car'
Key: 'uuid'
	Value: 'f0b8e59b-213e-410d-8b80-458c72e97d60'
--------------------------------------------------
2025-10-16 19:08:14,686 INFO [Cleanup Archive for default] o.a.n.c.repository.FileSystemRepository Successfully deleted 0 files (0 bytes) from archive
2025-10-16 19:08:14,686 INFO [Cleanup Archive for default] o.a.n.c.repository.FileSystemRepository Archive cleanup completed for container default; will now allow writing to this container. Bytes used = 174.64 GB, bytes free = 53.63 GB, capacity = 228.27 GB
2025-10-16 19:08:30,686 INFO [pool-7-thread-1] o.a.n.c.r.WriteAheadFlowFileRepository Initiating checkpoint of FlowFile Repository
2025-10-16 19:08:30,692 INFO [pool-7-thread-1] o.a.n.wali.SequentialAccessWriteAheadLog Checkpointed Write-Ahead Log with 0 Records and 0 Swap Files in 2 milliseconds (Stop-the-world time = 1 milliseconds), max Transaction ID 79
2025-10-16 19:08:30,692 INFO [pool-7-thread-1] o.a.n.c.r.WriteAheadFlowFileRepository Successfully checkpointed FlowFile Repository with 0 records in 2 milliseconds
2025-10-16 19:09:21,934 INFO [pool-7-thread-1] o.a.n.c.r.WriteAheadFlowFileRepository Initiating checkpoint of FlowFile Repository
2025-10-16 19:09:21,939 INFO [pool-7-thread-1] o.a.n.c.r.WriteAheadFlowFileRepository Successfully checkpointed FlowFile Repository with 0 records in 0 milliseconds
2025-10-16 19:09:41,008 INFO [Write-Ahead Local State Provider Maintenance] org.wali.MinimalLockingWriteAheadLog org.wali.MinimalLockingWriteAheadLog@e6fbf82 checkpointed with 2 Records and 0 Swap Files in 35 milliseconds (Stop-the-world time = 24 milliseconds, Clear Edit Logs time = 9 millis), max Transaction ID 9
2025-10-16 19:09:41,939 INFO [pool-7-thread-1] o.a.n.c.r.WriteAheadFlowFileRepository Initiating checkpoint of FlowFile Repository
2025-10-16 19:09:41,946 INFO [pool-7-thread-1] o.a.n.c.r.WriteAheadFlowFileRepository Successfully checkpointed FlowFile Repository with 0 records in 0 milliseconds
2025-10-16 19:09:46,242 INFO [Cleanup Archive for default] o.a.n.c.repository.FileSystemRepository Successfully deleted 0 files (0 bytes) from archive
2025-10-16 19:09:46,243 INFO [Cleanup Archive for default] o.a.n.c.repository.FileSystemRepository Archive cleanup completed for container default; will now allow writing to this container. Bytes used = 174.63 GB, bytes free = 53.64 GB, capacity = 228.27 GB
2025-10-16 19:10:01,948 INFO [pool-7-thread-1] o.a.n.c.r.WriteAheadFlowFileRepository Initiating checkpoint of FlowFile Repository
2025-10-16 19:10:01,952 INFO [pool-7-thread-1] o.a.n.c.r.WriteAheadFlowFileRepository Successfully checkpointed FlowFile Repository with 0 records in 0 milliseconds
2025-10-16 19:10:53,008 INFO [pool-7-thread-1] o.a.n.c.r.WriteAheadFlowFileRepository Initiating checkpoint of FlowFile Repository
2025-10-16 19:10:53,010 INFO [pool-7-thread-1] o.a.n.c.r.WriteAheadFlowFileRepository Successfully checkpointed FlowFile Repository with 0 records in 0 milliseconds
2025-10-16 19:11:44,015 INFO [pool-7-thread-1] o.a.n.c.r.WriteAheadFlowFileRepository Initiating checkpoint of FlowFile Repository
2025-10-16 19:11:44,016 INFO [pool-7-thread-1] o.a.n.c.r.WriteAheadFlowFileRepository Successfully checkpointed FlowFile Repository with 0 records in 0 milliseconds
2025-10-16 19:11:48,605 INFO [Cleanup Archive for default] o.a.n.c.repository.FileSystemRepository Successfully deleted 0 files (0 bytes) from archive
2025-10-16 19:11:48,606 INFO [Cleanup Archive for default] o.a.n.c.repository.FileSystemRepository Archive cleanup completed for container default; will now allow writing to this container. Bytes used = 174.65 GB, bytes free = 53.63 GB, capacity = 228.27 GB
2025-10-16 19:12:04,021 INFO [pool-7-thread-1] o.a.n.c.r.WriteAheadFlowFileRepository Initiating checkpoint of FlowFile Repository
2025-10-16 19:12:04,023 INFO [pool-7-thread-1] o.a.n.c.r.WriteAheadFlowFileRepository Successfully checkpointed FlowFile Repository with 0 records in 0 milliseconds
2025-10-16 19:12:24,031 INFO [pool-7-thread-1] o.a.n.c.r.WriteAheadFlowFileRepository Initiating checkpoint of FlowFile Repository
2025-10-16 19:12:24,104 INFO [pool-7-thread-1] o.a.n.c.r.WriteAheadFlowFileRepository Successfully checkpointed FlowFile Repository with 0 records in 0 milliseconds
2025-10-16 19:13:13,824 INFO [Write-Ahead Local State Provider Maintenance] org.wali.MinimalLockingWriteAheadLog org.wali.MinimalLockingWriteAheadLog@e6fbf82 checkpointed with 2 Records and 0 Swap Files in 46 milliseconds (Stop-the-world time = 33 milliseconds, Clear Edit Logs time = 9 millis), max Transaction ID 9
2025-10-16 19:13:14,819 INFO [pool-7-thread-1] o.a.n.c.r.WriteAheadFlowFileRepository Initiating checkpoint of FlowFile Repository
2025-10-16 19:13:14,820 INFO [pool-7-thread-1] o.a.n.c.r.WriteAheadFlowFileRepository Successfully checkpointed FlowFile Repository with 0 records in 0 milliseconds
2025-10-16 19:13:19,615 INFO [Cleanup Archive for default] o.a.n.c.repository.FileSystemRepository Successfully deleted 0 files (0 bytes) from archive
2025-10-16 19:13:19,616 INFO [Cleanup Archive for default] o.a.n.c.repository.FileSystemRepository Archive cleanup completed for container default; will now allow writing to this container. Bytes used = 174.65 GB, bytes free = 53.62 GB, capacity = 228.27 GB
2025-10-16 19:13:34,824 INFO [pool-7-thread-1] o.a.n.c.r.WriteAheadFlowFileRepository Initiating checkpoint of FlowFile Repository
2025-10-16 19:13:34,826 INFO [pool-7-thread-1] o.a.n.c.r.WriteAheadFlowFileRepository Successfully checkpointed FlowFile Repository with 0 records in 0 milliseconds
2025-10-16 19:14:26,438 INFO [pool-7-thread-1] o.a.n.c.r.WriteAheadFlowFileRepository Initiating checkpoint of FlowFile Repository
2025-10-16 19:14:26,446 INFO [pool-7-thread-1] o.a.n.c.r.WriteAheadFlowFileRepository Successfully checkpointed FlowFile Repository with 0 records in 0 milliseconds
2025-10-16 19:14:46,447 INFO [pool-7-thread-1] o.a.n.c.r.WriteAheadFlowFileRepository Initiating checkpoint of FlowFile Repository
2025-10-16 19:14:46,450 INFO [pool-7-thread-1] o.a.n.c.r.WriteAheadFlowFileRepository Successfully checkpointed FlowFile Repository with 0 records in 0 milliseconds
2025-10-16 19:14:51,450 INFO [Cleanup Archive for default] o.a.n.c.repository.FileSystemRepository Successfully deleted 0 files (0 bytes) from archive
2025-10-16 19:14:51,451 INFO [Cleanup Archive for default] o.a.n.c.repository.FileSystemRepository Archive cleanup completed for container default; will now allow writing to this container. Bytes used = 174.64 GB, bytes free = 53.63 GB, capacity = 228.27 GB
2025-10-16 19:15:06,451 INFO [pool-7-thread-1] o.a.n.c.r.WriteAheadFlowFileRepository Initiating checkpoint of FlowFile Repository
2025-10-16 19:15:06,453 INFO [pool-7-thread-1] o.a.n.c.r.WriteAheadFlowFileRepository Successfully checkpointed FlowFile Repository with 0 records in 0 milliseconds
2025-10-16 19:15:46,176 INFO [Timer-Driven Process Thread-1] o.a.n.p.store.WriteAheadStorePartition Successfully rolled over Event Writer for Provenance Event Store Partition[directory=./provenance_repository] due to MAX_TIME_REACHED. Event File was 103.1 KB and contained 87 events.
2025-10-16 19:15:57,740 INFO [pool-7-thread-1] o.a.n.c.r.WriteAheadFlowFileRepository Initiating checkpoint of FlowFile Repository
2025-10-16 19:15:57,743 INFO [pool-7-thread-1] o.a.n.c.r.WriteAheadFlowFileRepository Successfully checkpointed FlowFile Repository with 0 records in 0 milliseconds
2025-10-16 19:16:04,428 INFO [Timer-Driven Process Thread-5] o.a.n.processors.standard.LogAttribute LogAttribute[id=ecbfe9b0-0199-1000-b14b-ba021bb0c2ce] logging for flow file StandardFlowFileRecord[uuid=ef48af1f-52c3-4b93-aafb-2279b5a508c6,claim=StandardContentClaim [resourceClaim=StandardResourceClaim[id=1760614923338-1, container=default, section=1], offset=11006, length=1125],offset=0,name=2025-10-16_22:16:04_car.csv,size=1125]
--------------------------------------------------
FlowFile Properties
Key: 'entryDate'
	Value: 'Thu Oct 16 19:16:04 UTC 2025'
Key: 'lineageStartDate'
	Value: 'Thu Oct 16 19:16:04 UTC 2025'
Key: 'fileSize'
	Value: '1125'
FlowFile Attribute Map Content
Key: 'absolute.path'
	Value: '/data/'
Key: 'file.creationTime'
	Value: '2025-10-16T19:16:04+0000'
Key: 'file.group'
	Value: 'nifi'
Key: 'file.lastAccessTime'
	Value: '2025-10-16T19:16:04+0000'
Key: 'file.lastModifiedTime'
	Value: '2025-10-16T19:16:04+0000'
Key: 'file.owner'
	Value: 'nifi'
Key: 'file.permissions'
	Value: 'rw-r--r--'
Key: 'filename'
	Value: '2025-10-16_22:16:04_car.csv'
Key: 'fragment.count'
	Value: '10'
Key: 'fragment.identifier'
	Value: '03f3b8c8-adbb-4332-a7d8-75c0d16a1772'
Key: 'mime.type'
	Value: 'application/json'
Key: 'path'
	Value: '/'
Key: 'record.count'
	Value: '10'
Key: 'uuid'
	Value: 'ef48af1f-52c3-4b93-aafb-2279b5a508c6'
--------------------------------------------------
2025-10-16 19:16:04,438 INFO [Timer-Driven Process Thread-9] o.a.n.processors.standard.LogAttribute LogAttribute[id=ecc05f84-0199-1000-3197-08d7447c99f8] logging for flow file StandardFlowFileRecord[uuid=366cfb8a-f55b-4862-8a40-7cec60553c9c,claim=StandardContentClaim [resourceClaim=StandardResourceClaim[id=1760614923338-1, container=default, section=1], offset=12131, length=114],offset=0,name=2025-10-16_22:16:04_car.csv,size=114]
--------------------------------------------------
FlowFile Properties
Key: 'entryDate'
	Value: 'Thu Oct 16 19:16:04 UTC 2025'
Key: 'lineageStartDate'
	Value: 'Thu Oct 16 19:16:04 UTC 2025'
Key: 'fileSize'
	Value: '114'
FlowFile Attribute Map Content
Key: 'absolute.path'
	Value: '/data/'
Key: 'file.creationTime'
	Value: '2025-10-16T19:16:04+0000'
Key: 'file.group'
	Value: 'nifi'
Key: 'file.lastAccessTime'
	Value: '2025-10-16T19:16:04+0000'
Key: 'file.lastModifiedTime'
	Value: '2025-10-16T19:16:04+0000'
Key: 'file.owner'
	Value: 'nifi'
Key: 'file.permissions'
	Value: 'rw-r--r--'
Key: 'filename'
	Value: '2025-10-16_22:16:04_car.csv'
Key: 'fragment.count'
	Value: '1'
Key: 'fragment.identifier'
	Value: 'c74207ea-e2d7-4198-a24a-3ec3ddc1b1b5'
Key: 'fragment.index'
	Value: '0'
Key: 'mime.type'
	Value: 'application/json'
Key: 'path'
	Value: '/'
Key: 'record.count'
	Value: '10'
Key: 'segment.original.filename'
	Value: '2025-10-16_22:16:04_car.csv'
Key: 'uuid'
	Value: '366cfb8a-f55b-4862-8a40-7cec60553c9c'
--------------------------------------------------
2025-10-16 19:16:04,438 INFO [Timer-Driven Process Thread-9] o.a.n.processors.standard.LogAttribute LogAttribute[id=ecc05f84-0199-1000-3197-08d7447c99f8] logging for flow file StandardFlowFileRecord[uuid=1fabb21b-7e6f-4873-a8a2-92a60128a686,claim=StandardContentClaim [resourceClaim=StandardResourceClaim[id=1760614923338-1, container=default, section=1], offset=12245, length=106],offset=0,name=2025-10-16_22:16:04_car.csv,size=106]
--------------------------------------------------
FlowFile Properties
Key: 'entryDate'
	Value: 'Thu Oct 16 19:16:04 UTC 2025'
Key: 'lineageStartDate'
	Value: 'Thu Oct 16 19:16:04 UTC 2025'
Key: 'fileSize'
	Value: '106'
FlowFile Attribute Map Content
Key: 'absolute.path'
	Value: '/data/'
Key: 'file.creationTime'
	Value: '2025-10-16T19:16:04+0000'
Key: 'file.group'
	Value: 'nifi'
Key: 'file.lastAccessTime'
	Value: '2025-10-16T19:16:04+0000'
Key: 'file.lastModifiedTime'
	Value: '2025-10-16T19:16:04+0000'
Key: 'file.owner'
	Value: 'nifi'
Key: 'file.permissions'
	Value: 'rw-r--r--'
Key: 'filename'
	Value: '2025-10-16_22:16:04_car.csv'
Key: 'fragment.count'
	Value: '1'
Key: 'fragment.identifier'
	Value: '88f92893-6859-4dd6-b4a3-76985e565158'
Key: 'fragment.index'
	Value: '1'
Key: 'mime.type'
	Value: 'application/json'
Key: 'path'
	Value: '/'
Key: 'record.count'
	Value: '10'
Key: 'segment.original.filename'
	Value: '2025-10-16_22:16:04_car.csv'
Key: 'uuid'
	Value: '1fabb21b-7e6f-4873-a8a2-92a60128a686'
--------------------------------------------------
2025-10-16 19:16:04,439 INFO [Timer-Driven Process Thread-9] o.a.n.processors.standard.LogAttribute LogAttribute[id=ecc05f84-0199-1000-3197-08d7447c99f8] logging for flow file StandardFlowFileRecord[uuid=7466484a-8a96-470a-9adf-dc4aa28c723e,claim=StandardContentClaim [resourceClaim=StandardResourceClaim[id=1760614923338-1, container=default, section=1], offset=12351, length=108],offset=0,name=2025-10-16_22:16:04_car.csv,size=108]
--------------------------------------------------
FlowFile Properties
Key: 'entryDate'
	Value: 'Thu Oct 16 19:16:04 UTC 2025'
Key: 'lineageStartDate'
	Value: 'Thu Oct 16 19:16:04 UTC 2025'
Key: 'fileSize'
	Value: '108'
FlowFile Attribute Map Content
Key: 'absolute.path'
	Value: '/data/'
Key: 'file.creationTime'
	Value: '2025-10-16T19:16:04+0000'
Key: 'file.group'
	Value: 'nifi'
Key: 'file.lastAccessTime'
	Value: '2025-10-16T19:16:04+0000'
Key: 'file.lastModifiedTime'
	Value: '2025-10-16T19:16:04+0000'
Key: 'file.owner'
	Value: 'nifi'
Key: 'file.permissions'
	Value: 'rw-r--r--'
Key: 'filename'
	Value: '2025-10-16_22:16:04_car.csv'
Key: 'fragment.count'
	Value: '1'
Key: 'fragment.identifier'
	Value: '2af86ee5-7336-49e3-a8db-a589a85e9498'
Key: 'fragment.index'
	Value: '2'
Key: 'mime.type'
	Value: 'application/json'
Key: 'path'
	Value: '/'
Key: 'record.count'
	Value: '10'
Key: 'segment.original.filename'
	Value: '2025-10-16_22:16:04_car.csv'
Key: 'uuid'
	Value: '7466484a-8a96-470a-9adf-dc4aa28c723e'
--------------------------------------------------
2025-10-16 19:16:04,439 INFO [Timer-Driven Process Thread-9] o.a.n.processors.standard.LogAttribute LogAttribute[id=ecc05f84-0199-1000-3197-08d7447c99f8] logging for flow file StandardFlowFileRecord[uuid=d63ced90-4a29-4a19-832c-503a75b9cfce,claim=StandardContentClaim [resourceClaim=StandardResourceClaim[id=1760614923338-1, container=default, section=1], offset=12459, length=110],offset=0,name=2025-10-16_22:16:04_car.csv,size=110]
--------------------------------------------------
FlowFile Properties
Key: 'entryDate'
	Value: 'Thu Oct 16 19:16:04 UTC 2025'
Key: 'lineageStartDate'
	Value: 'Thu Oct 16 19:16:04 UTC 2025'
Key: 'fileSize'
	Value: '110'
FlowFile Attribute Map Content
Key: 'absolute.path'
	Value: '/data/'
Key: 'file.creationTime'
	Value: '2025-10-16T19:16:04+0000'
Key: 'file.group'
	Value: 'nifi'
Key: 'file.lastAccessTime'
	Value: '2025-10-16T19:16:04+0000'
Key: 'file.lastModifiedTime'
	Value: '2025-10-16T19:16:04+0000'
Key: 'file.owner'
	Value: 'nifi'
Key: 'file.permissions'
	Value: 'rw-r--r--'
Key: 'filename'
	Value: '2025-10-16_22:16:04_car.csv'
Key: 'fragment.count'
	Value: '1'
Key: 'fragment.identifier'
	Value: 'af0c055c-aea7-4e85-9f0f-a6e6dfde14d8'
Key: 'fragment.index'
	Value: '3'
Key: 'mime.type'
	Value: 'application/json'
Key: 'path'
	Value: '/'
Key: 'record.count'
	Value: '10'
Key: 'segment.original.filename'
	Value: '2025-10-16_22:16:04_car.csv'
Key: 'uuid'
	Value: 'd63ced90-4a29-4a19-832c-503a75b9cfce'
--------------------------------------------------
2025-10-16 19:16:04,443 INFO [Timer-Driven Process Thread-9] o.a.n.processors.standard.LogAttribute LogAttribute[id=ecc05f84-0199-1000-3197-08d7447c99f8] logging for flow file StandardFlowFileRecord[uuid=2cc04d5d-df9c-4d3b-a770-54dd43d37efd,claim=StandardContentClaim [resourceClaim=StandardResourceClaim[id=1760614923338-1, container=default, section=1], offset=12569, length=109],offset=0,name=2025-10-16_22:16:04_car.csv,size=109]
--------------------------------------------------
FlowFile Properties
Key: 'entryDate'
	Value: 'Thu Oct 16 19:16:04 UTC 2025'
Key: 'lineageStartDate'
	Value: 'Thu Oct 16 19:16:04 UTC 2025'
Key: 'fileSize'
	Value: '109'
FlowFile Attribute Map Content
Key: 'absolute.path'
	Value: '/data/'
Key: 'file.creationTime'
	Value: '2025-10-16T19:16:04+0000'
Key: 'file.group'
	Value: 'nifi'
Key: 'file.lastAccessTime'
	Value: '2025-10-16T19:16:04+0000'
Key: 'file.lastModifiedTime'
	Value: '2025-10-16T19:16:04+0000'
Key: 'file.owner'
	Value: 'nifi'
Key: 'file.permissions'
	Value: 'rw-r--r--'
Key: 'filename'
	Value: '2025-10-16_22:16:04_car.csv'
Key: 'fragment.count'
	Value: '1'
Key: 'fragment.identifier'
	Value: '60f397b9-0e9d-4327-ae23-42cfbe027099'
Key: 'fragment.index'
	Value: '4'
Key: 'mime.type'
	Value: 'application/json'
Key: 'path'
	Value: '/'
Key: 'record.count'
	Value: '10'
Key: 'segment.original.filename'
	Value: '2025-10-16_22:16:04_car.csv'
Key: 'uuid'
	Value: '2cc04d5d-df9c-4d3b-a770-54dd43d37efd'
--------------------------------------------------
2025-10-16 19:16:04,453 ERROR [Timer-Driven Process Thread-1] o.apache.nifi.processors.standard.PutSQL PutSQL[id=ecbdc9be-0199-1000-9cbe-29d38cd766d6] Failed to update database due to a failed batch update, java.sql.BatchUpdateException: Batch entry 0 INSERT INTO car (vin_number, registration_plate, brand, model, mileage) VALUES (('UHKPKO5ABM'), ('K601EA22'), ('Chrysler'), ('Pacifica'), ('933420'::int4)) was aborted: ERROR: duplicate key value violates unique constraint "car_pkey"
  Detail: Key (id)=(3) already exists.  Call getNextException to see other errors in the batch.. There were a total of 4 FlowFiles that failed, 0 that succeeded, and 0 that were not execute and will be routed to retry; 
java.sql.BatchUpdateException: Batch entry 0 INSERT INTO car (vin_number, registration_plate, brand, model, mileage) VALUES (('UHKPKO5ABM'), ('K601EA22'), ('Chrysler'), ('Pacifica'), ('933420'::int4)) was aborted: ERROR: duplicate key value violates unique constraint "car_pkey"
  Detail: Key (id)=(3) already exists.  Call getNextException to see other errors in the batch.
	at org.postgresql.jdbc.BatchResultHandler.handleError(BatchResultHandler.java:165)
	at org.postgresql.core.ResultHandlerDelegate.handleError(ResultHandlerDelegate.java:52)
	at org.postgresql.core.v3.QueryExecutorImpl.processResults(QueryExecutorImpl.java:2413)
	at org.postgresql.core.v3.QueryExecutorImpl.execute(QueryExecutorImpl.java:579)
	at org.postgresql.jdbc.PgStatement.internalExecuteBatch(PgStatement.java:912)
	at org.postgresql.jdbc.PgStatement.executeBatch(PgStatement.java:936)
	at org.postgresql.jdbc.PgPreparedStatement.executeBatch(PgPreparedStatement.java:1733)
	at org.apache.commons.dbcp2.DelegatingStatement.executeBatch(DelegatingStatement.java:230)
	at org.apache.commons.dbcp2.DelegatingStatement.executeBatch(DelegatingStatement.java:230)
	at java.base/jdk.internal.reflect.NativeMethodAccessorImpl.invoke0(Native Method)
	at java.base/jdk.internal.reflect.NativeMethodAccessorImpl.invoke(Unknown Source)
	at java.base/jdk.internal.reflect.DelegatingMethodAccessorImpl.invoke(Unknown Source)
	at java.base/java.lang.reflect.Method.invoke(Unknown Source)
	at org.apache.nifi.controller.service.StandardControllerServiceInvocationHandler.invoke(StandardControllerServiceInvocationHandler.java:254)
	at org.apache.nifi.controller.service.StandardControllerServiceInvocationHandler.access$100(StandardControllerServiceInvocationHandler.java:38)
	at org.apache.nifi.controller.service.StandardControllerServiceInvocationHandler$ProxiedReturnObjectInvocationHandler.invoke(StandardControllerServiceInvocationHandler.java:240)
	at com.sun.proxy.$Proxy169.executeBatch(Unknown Source)
	at org.apache.nifi.processors.standard.PutSQL.lambda$null$8(PutSQL.java:412)
	at org.apache.nifi.processor.util.pattern.ExceptionHandler.execute(ExceptionHandler.java:127)
	at org.apache.nifi.processors.standard.PutSQL.lambda$new$10(PutSQL.java:410)
	at org.apache.nifi.processor.util.pattern.PutGroup.putFlowFiles(PutGroup.java:94)
	at org.apache.nifi.processor.util.pattern.Put.onTrigger(Put.java:103)
	at org.apache.nifi.processors.standard.PutSQL.lambda$onTrigger$21(PutSQL.java:678)
	at org.apache.nifi.processor.util.pattern.PartialFunctions.onTrigger(PartialFunctions.java:120)
	at org.apache.nifi.processor.util.pattern.RollbackOnFailure.onTrigger(RollbackOnFailure.java:184)
	at org.apache.nifi.processors.standard.PutSQL.onTrigger(PutSQL.java:678)
	at org.apache.nifi.controller.StandardProcessorNode.onTrigger(StandardProcessorNode.java:1361)
	at org.apache.nifi.controller.tasks.ConnectableTask.invoke(ConnectableTask.java:247)
	at org.apache.nifi.controller.scheduling.TimerDrivenSchedulingAgent$1.run(TimerDrivenSchedulingAgent.java:102)
	at org.apache.nifi.engine.FlowEngine$2.run(FlowEngine.java:110)
	at java.base/java.util.concurrent.Executors$RunnableAdapter.call(Unknown Source)
	at java.base/java.util.concurrent.FutureTask.runAndReset(Unknown Source)
	at java.base/java.util.concurrent.ScheduledThreadPoolExecutor$ScheduledFutureTask.run(Unknown Source)
	at java.base/java.util.concurrent.ThreadPoolExecutor.runWorker(Unknown Source)
	at java.base/java.util.concurrent.ThreadPoolExecutor$Worker.run(Unknown Source)
	at java.base/java.lang.Thread.run(Unknown Source)
Caused by: org.postgresql.util.PSQLException: ERROR: duplicate key value violates unique constraint "car_pkey"
  Detail: Key (id)=(3) already exists.
	at org.postgresql.core.v3.QueryExecutorImpl.receiveErrorResponse(QueryExecutorImpl.java:2725)
	at org.postgresql.core.v3.QueryExecutorImpl.processResults(QueryExecutorImpl.java:2412)
	... 33 common frames omitted
2025-10-16 19:16:04,470 INFO [Timer-Driven Process Thread-3] o.a.n.processors.standard.LogAttribute LogAttribute[id=ecc05f84-0199-1000-3197-08d7447c99f8] logging for flow file StandardFlowFileRecord[uuid=9f4fc8fe-393f-4a29-96f7-9e7ee47c31ec,claim=StandardContentClaim [resourceClaim=StandardResourceClaim[id=1760614923338-1, container=default, section=1], offset=12678, length=116],offset=0,name=2025-10-16_22:16:04_car.csv,size=116]
--------------------------------------------------
FlowFile Properties
Key: 'entryDate'
	Value: 'Thu Oct 16 19:16:04 UTC 2025'
Key: 'lineageStartDate'
	Value: 'Thu Oct 16 19:16:04 UTC 2025'
Key: 'fileSize'
	Value: '116'
FlowFile Attribute Map Content
Key: 'absolute.path'
	Value: '/data/'
Key: 'file.creationTime'
	Value: '2025-10-16T19:16:04+0000'
Key: 'file.group'
	Value: 'nifi'
Key: 'file.lastAccessTime'
	Value: '2025-10-16T19:16:04+0000'
Key: 'file.lastModifiedTime'
	Value: '2025-10-16T19:16:04+0000'
Key: 'file.owner'
	Value: 'nifi'
Key: 'file.permissions'
	Value: 'rw-r--r--'
Key: 'filename'
	Value: '2025-10-16_22:16:04_car.csv'
Key: 'fragment.count'
	Value: '1'
Key: 'fragment.identifier'
	Value: 'b83966ca-503f-4f29-bfed-ee934749ed23'
Key: 'fragment.index'
	Value: '5'
Key: 'mime.type'
	Value: 'application/json'
Key: 'path'
	Value: '/'
Key: 'record.count'
	Value: '10'
Key: 'segment.original.filename'
	Value: '2025-10-16_22:16:04_car.csv'
Key: 'uuid'
	Value: '9f4fc8fe-393f-4a29-96f7-9e7ee47c31ec'
--------------------------------------------------
2025-10-16 19:16:04,470 INFO [Timer-Driven Process Thread-3] o.a.n.processors.standard.LogAttribute LogAttribute[id=ecc05f84-0199-1000-3197-08d7447c99f8] logging for flow file StandardFlowFileRecord[uuid=6b6009ad-f695-418d-8b89-63d84a2f37b7,claim=StandardContentClaim [resourceClaim=StandardResourceClaim[id=1760614923338-1, container=default, section=1], offset=12794, length=114],offset=0,name=2025-10-16_22:16:04_car.csv,size=114]
--------------------------------------------------
FlowFile Properties
Key: 'entryDate'
	Value: 'Thu Oct 16 19:16:04 UTC 2025'
Key: 'lineageStartDate'
	Value: 'Thu Oct 16 19:16:04 UTC 2025'
Key: 'fileSize'
	Value: '114'
FlowFile Attribute Map Content
Key: 'absolute.path'
	Value: '/data/'
Key: 'file.creationTime'
	Value: '2025-10-16T19:16:04+0000'
Key: 'file.group'
	Value: 'nifi'
Key: 'file.lastAccessTime'
	Value: '2025-10-16T19:16:04+0000'
Key: 'file.lastModifiedTime'
	Value: '2025-10-16T19:16:04+0000'
Key: 'file.owner'
	Value: 'nifi'
Key: 'file.permissions'
	Value: 'rw-r--r--'
Key: 'filename'
	Value: '2025-10-16_22:16:04_car.csv'
Key: 'fragment.count'
	Value: '1'
Key: 'fragment.identifier'
	Value: 'dfb3b316-17b7-4f2b-a1b3-a427a1bd2b11'
Key: 'fragment.index'
	Value: '6'
Key: 'mime.type'
	Value: 'application/json'
Key: 'path'
	Value: '/'
Key: 'record.count'
	Value: '10'
Key: 'segment.original.filename'
	Value: '2025-10-16_22:16:04_car.csv'
Key: 'uuid'
	Value: '6b6009ad-f695-418d-8b89-63d84a2f37b7'
--------------------------------------------------
2025-10-16 19:16:04,471 INFO [Timer-Driven Process Thread-3] o.a.n.processors.standard.LogAttribute LogAttribute[id=ecc05f84-0199-1000-3197-08d7447c99f8] logging for flow file StandardFlowFileRecord[uuid=d0caf911-9bab-4f6e-89ab-8ca6b0af0ea6,claim=StandardContentClaim [resourceClaim=StandardResourceClaim[id=1760614923338-1, container=default, section=1], offset=12908, length=107],offset=0,name=2025-10-16_22:16:04_car.csv,size=107]
--------------------------------------------------
FlowFile Properties
Key: 'entryDate'
	Value: 'Thu Oct 16 19:16:04 UTC 2025'
Key: 'lineageStartDate'
	Value: 'Thu Oct 16 19:16:04 UTC 2025'
Key: 'fileSize'
	Value: '107'
FlowFile Attribute Map Content
Key: 'absolute.path'
	Value: '/data/'
Key: 'file.creationTime'
	Value: '2025-10-16T19:16:04+0000'
Key: 'file.group'
	Value: 'nifi'
Key: 'file.lastAccessTime'
	Value: '2025-10-16T19:16:04+0000'
Key: 'file.lastModifiedTime'
	Value: '2025-10-16T19:16:04+0000'
Key: 'file.owner'
	Value: 'nifi'
Key: 'file.permissions'
	Value: 'rw-r--r--'
Key: 'filename'
	Value: '2025-10-16_22:16:04_car.csv'
Key: 'fragment.count'
	Value: '1'
Key: 'fragment.identifier'
	Value: '01810f35-68ad-4e8a-b6fe-5f732f6b1dc6'
Key: 'fragment.index'
	Value: '7'
Key: 'mime.type'
	Value: 'application/json'
Key: 'path'
	Value: '/'
Key: 'record.count'
	Value: '10'
Key: 'segment.original.filename'
	Value: '2025-10-16_22:16:04_car.csv'
Key: 'uuid'
	Value: 'd0caf911-9bab-4f6e-89ab-8ca6b0af0ea6'
--------------------------------------------------
2025-10-16 19:16:04,471 INFO [Timer-Driven Process Thread-3] o.a.n.processors.standard.LogAttribute LogAttribute[id=ecc05f84-0199-1000-3197-08d7447c99f8] logging for flow file StandardFlowFileRecord[uuid=dbd744b9-0d7f-4b5e-9444-0de319864054,claim=StandardContentClaim [resourceClaim=StandardResourceClaim[id=1760614923338-1, container=default, section=1], offset=13015, length=112],offset=0,name=2025-10-16_22:16:04_car.csv,size=112]
--------------------------------------------------
FlowFile Properties
Key: 'entryDate'
	Value: 'Thu Oct 16 19:16:04 UTC 2025'
Key: 'lineageStartDate'
	Value: 'Thu Oct 16 19:16:04 UTC 2025'
Key: 'fileSize'
	Value: '112'
FlowFile Attribute Map Content
Key: 'absolute.path'
	Value: '/data/'
Key: 'file.creationTime'
	Value: '2025-10-16T19:16:04+0000'
Key: 'file.group'
	Value: 'nifi'
Key: 'file.lastAccessTime'
	Value: '2025-10-16T19:16:04+0000'
Key: 'file.lastModifiedTime'
	Value: '2025-10-16T19:16:04+0000'
Key: 'file.owner'
	Value: 'nifi'
Key: 'file.permissions'
	Value: 'rw-r--r--'
Key: 'filename'
	Value: '2025-10-16_22:16:04_car.csv'
Key: 'fragment.count'
	Value: '1'
Key: 'fragment.identifier'
	Value: '59ce40b5-de0d-4fb3-ae83-28d3970d8661'
Key: 'fragment.index'
	Value: '8'
Key: 'mime.type'
	Value: 'application/json'
Key: 'path'
	Value: '/'
Key: 'record.count'
	Value: '10'
Key: 'segment.original.filename'
	Value: '2025-10-16_22:16:04_car.csv'
Key: 'uuid'
	Value: 'dbd744b9-0d7f-4b5e-9444-0de319864054'
--------------------------------------------------
2025-10-16 19:16:04,472 INFO [Timer-Driven Process Thread-3] o.a.n.processors.standard.LogAttribute LogAttribute[id=ecc05f84-0199-1000-3197-08d7447c99f8] logging for flow file StandardFlowFileRecord[uuid=0a5490c5-f6be-4485-bac9-7886ceea0197,claim=StandardContentClaim [resourceClaim=StandardResourceClaim[id=1760614923338-1, container=default, section=1], offset=13127, length=118],offset=0,name=2025-10-16_22:16:04_car.csv,size=118]
--------------------------------------------------
FlowFile Properties
Key: 'entryDate'
	Value: 'Thu Oct 16 19:16:04 UTC 2025'
Key: 'lineageStartDate'
	Value: 'Thu Oct 16 19:16:04 UTC 2025'
Key: 'fileSize'
	Value: '118'
FlowFile Attribute Map Content
Key: 'absolute.path'
	Value: '/data/'
Key: 'file.creationTime'
	Value: '2025-10-16T19:16:04+0000'
Key: 'file.group'
	Value: 'nifi'
Key: 'file.lastAccessTime'
	Value: '2025-10-16T19:16:04+0000'
Key: 'file.lastModifiedTime'
	Value: '2025-10-16T19:16:04+0000'
Key: 'file.owner'
	Value: 'nifi'
Key: 'file.permissions'
	Value: 'rw-r--r--'
Key: 'filename'
	Value: '2025-10-16_22:16:04_car.csv'
Key: 'fragment.count'
	Value: '1'
Key: 'fragment.identifier'
	Value: '0663fb8a-d08c-4bfd-98a5-bee9067c1369'
Key: 'fragment.index'
	Value: '9'
Key: 'mime.type'
	Value: 'application/json'
Key: 'path'
	Value: '/'
Key: 'record.count'
	Value: '10'
Key: 'segment.original.filename'
	Value: '2025-10-16_22:16:04_car.csv'
Key: 'uuid'
	Value: '0a5490c5-f6be-4485-bac9-7886ceea0197'
--------------------------------------------------
2025-10-16 19:16:04,475 ERROR [Timer-Driven Process Thread-1] o.apache.nifi.processors.standard.PutSQL PutSQL[id=ecbdc9be-0199-1000-9cbe-29d38cd766d6] Failed to update database due to a failed batch update, java.sql.BatchUpdateException: Batch entry 0 INSERT INTO car (vin_number, registration_plate, brand, model, mileage) VALUES (('L9ZHWMG8I5'), ('V828UE56'), ('Ferrari'), ('Enzo'), ('145392'::int4)) was aborted: ERROR: duplicate key value violates unique constraint "car_pkey"
  Detail: Key (id)=(4) already exists.  Call getNextException to see other errors in the batch.. There were a total of 6 FlowFiles that failed, 0 that succeeded, and 0 that were not execute and will be routed to retry; 
java.sql.BatchUpdateException: Batch entry 0 INSERT INTO car (vin_number, registration_plate, brand, model, mileage) VALUES (('L9ZHWMG8I5'), ('V828UE56'), ('Ferrari'), ('Enzo'), ('145392'::int4)) was aborted: ERROR: duplicate key value violates unique constraint "car_pkey"
  Detail: Key (id)=(4) already exists.  Call getNextException to see other errors in the batch.
	at org.postgresql.jdbc.BatchResultHandler.handleError(BatchResultHandler.java:165)
	at org.postgresql.core.ResultHandlerDelegate.handleError(ResultHandlerDelegate.java:52)
	at org.postgresql.core.v3.QueryExecutorImpl.processResults(QueryExecutorImpl.java:2413)
	at org.postgresql.core.v3.QueryExecutorImpl.execute(QueryExecutorImpl.java:579)
	at org.postgresql.jdbc.PgStatement.internalExecuteBatch(PgStatement.java:912)
	at org.postgresql.jdbc.PgStatement.executeBatch(PgStatement.java:936)
	at org.postgresql.jdbc.PgPreparedStatement.executeBatch(PgPreparedStatement.java:1733)
	at org.apache.commons.dbcp2.DelegatingStatement.executeBatch(DelegatingStatement.java:230)
	at org.apache.commons.dbcp2.DelegatingStatement.executeBatch(DelegatingStatement.java:230)
	at java.base/jdk.internal.reflect.NativeMethodAccessorImpl.invoke0(Native Method)
	at java.base/jdk.internal.reflect.NativeMethodAccessorImpl.invoke(Unknown Source)
	at java.base/jdk.internal.reflect.DelegatingMethodAccessorImpl.invoke(Unknown Source)
	at java.base/java.lang.reflect.Method.invoke(Unknown Source)
	at org.apache.nifi.controller.service.StandardControllerServiceInvocationHandler.invoke(StandardControllerServiceInvocationHandler.java:254)
	at org.apache.nifi.controller.service.StandardControllerServiceInvocationHandler.access$100(StandardControllerServiceInvocationHandler.java:38)
	at org.apache.nifi.controller.service.StandardControllerServiceInvocationHandler$ProxiedReturnObjectInvocationHandler.invoke(StandardControllerServiceInvocationHandler.java:240)
	at com.sun.proxy.$Proxy169.executeBatch(Unknown Source)
	at org.apache.nifi.processors.standard.PutSQL.lambda$null$8(PutSQL.java:412)
	at org.apache.nifi.processor.util.pattern.ExceptionHandler.execute(ExceptionHandler.java:127)
	at org.apache.nifi.processors.standard.PutSQL.lambda$new$10(PutSQL.java:410)
	at org.apache.nifi.processor.util.pattern.PutGroup.putFlowFiles(PutGroup.java:94)
	at org.apache.nifi.processor.util.pattern.Put.onTrigger(Put.java:103)
	at org.apache.nifi.processors.standard.PutSQL.lambda$onTrigger$21(PutSQL.java:678)
	at org.apache.nifi.processor.util.pattern.PartialFunctions.onTrigger(PartialFunctions.java:120)
	at org.apache.nifi.processor.util.pattern.RollbackOnFailure.onTrigger(RollbackOnFailure.java:184)
	at org.apache.nifi.processors.standard.PutSQL.onTrigger(PutSQL.java:678)
	at org.apache.nifi.controller.StandardProcessorNode.onTrigger(StandardProcessorNode.java:1361)
	at org.apache.nifi.controller.tasks.ConnectableTask.invoke(ConnectableTask.java:247)
	at org.apache.nifi.controller.scheduling.TimerDrivenSchedulingAgent$1.run(TimerDrivenSchedulingAgent.java:102)
	at org.apache.nifi.engine.FlowEngine$2.run(FlowEngine.java:110)
	at java.base/java.util.concurrent.Executors$RunnableAdapter.call(Unknown Source)
	at java.base/java.util.concurrent.FutureTask.runAndReset(Unknown Source)
	at java.base/java.util.concurrent.ScheduledThreadPoolExecutor$ScheduledFutureTask.run(Unknown Source)
	at java.base/java.util.concurrent.ThreadPoolExecutor.runWorker(Unknown Source)
	at java.base/java.util.concurrent.ThreadPoolExecutor$Worker.run(Unknown Source)
	at java.base/java.lang.Thread.run(Unknown Source)
Caused by: org.postgresql.util.PSQLException: ERROR: duplicate key value violates unique constraint "car_pkey"
  Detail: Key (id)=(4) already exists.
	at org.postgresql.core.v3.QueryExecutorImpl.receiveErrorResponse(QueryExecutorImpl.java:2725)
	at org.postgresql.core.v3.QueryExecutorImpl.processResults(QueryExecutorImpl.java:2412)
	... 33 common frames omitted
2025-10-16 19:16:04,481 INFO [Timer-Driven Process Thread-1] o.a.n.processors.standard.LogAttribute LogAttribute[id=ecc64f65-0199-1000-4c54-54f9bea4096b] logging for flow file StandardFlowFileRecord[uuid=f6635540-564d-42c9-9a9d-9c45f7af758d,claim=StandardContentClaim [resourceClaim=StandardResourceClaim[id=1760614923338-1, container=default, section=1], offset=13245, length=94],offset=0,name=2025-10-16_22:16:04_car.csv,size=94]
--------------------------------------------------
FlowFile Properties
Key: 'entryDate'
	Value: 'Thu Oct 16 19:16:04 UTC 2025'
Key: 'lineageStartDate'
	Value: 'Thu Oct 16 19:16:04 UTC 2025'
Key: 'fileSize'
	Value: '94'
FlowFile Attribute Map Content
Key: 'absolute.path'
	Value: '/data/'
Key: 'error.message'
	Value: 'Batch entry 0 INSERT INTO car (vin_number, registration_plate, brand, model, mileage) VALUES (('UHKPKO5ABM'), ('K601EA22'), ('Chrysler'), ('Pacifica'), ('933420'::int4)) was aborted: ERROR: duplicate key value violates unique constraint "car_pkey"
  Detail: Key (id)=(3) already exists.  Call getNextException to see other errors in the batch.'
Key: 'error.sql.state'
	Value: '23505'
Key: 'file.creationTime'
	Value: '2025-10-16T19:16:04+0000'
Key: 'file.group'
	Value: 'nifi'
Key: 'file.lastAccessTime'
	Value: '2025-10-16T19:16:04+0000'
Key: 'file.lastModifiedTime'
	Value: '2025-10-16T19:16:04+0000'
Key: 'file.owner'
	Value: 'nifi'
Key: 'file.permissions'
	Value: 'rw-r--r--'
Key: 'filename'
	Value: '2025-10-16_22:16:04_car.csv'
Key: 'fragment.count'
	Value: '1'
Key: 'fragment.identifier'
	Value: 'c74207ea-e2d7-4198-a24a-3ec3ddc1b1b5'
Key: 'fragment.index'
	Value: '0'
Key: 'mime.type'
	Value: 'text/plain'
Key: 'path'
	Value: '/'
Key: 'record.count'
	Value: '10'
Key: 'segment.original.filename'
	Value: '2025-10-16_22:16:04_car.csv'
Key: 'sql.args.1.type'
	Value: '12'
Key: 'sql.args.1.value'
	Value: 'UHKPKO5ABM'
Key: 'sql.args.2.type'
	Value: '12'
Key: 'sql.args.2.value'
	Value: 'K601EA22'
Key: 'sql.args.3.type'
	Value: '12'
Key: 'sql.args.3.value'
	Value: 'Chrysler'
Key: 'sql.args.4.type'
	Value: '12'
Key: 'sql.args.4.value'
	Value: 'Pacifica'
Key: 'sql.args.5.type'
	Value: '4'
Key: 'sql.args.5.value'
	Value: '933420'
Key: 'sql.table'
	Value: 'car'
Key: 'uuid'
	Value: 'f6635540-564d-42c9-9a9d-9c45f7af758d'
--------------------------------------------------
2025-10-16 19:16:04,482 INFO [Timer-Driven Process Thread-1] o.a.n.processors.standard.LogAttribute LogAttribute[id=ecc64f65-0199-1000-4c54-54f9bea4096b] logging for flow file StandardFlowFileRecord[uuid=0f76b8b0-1eea-4140-a670-8f25b17a09d2,claim=StandardContentClaim [resourceClaim=StandardResourceClaim[id=1760614923338-1, container=default, section=1], offset=13339, length=94],offset=0,name=2025-10-16_22:16:04_car.csv,size=94]
--------------------------------------------------
FlowFile Properties
Key: 'entryDate'
	Value: 'Thu Oct 16 19:16:04 UTC 2025'
Key: 'lineageStartDate'
	Value: 'Thu Oct 16 19:16:04 UTC 2025'
Key: 'fileSize'
	Value: '94'
FlowFile Attribute Map Content
Key: 'absolute.path'
	Value: '/data/'
Key: 'error.message'
	Value: 'Batch entry 0 INSERT INTO car (vin_number, registration_plate, brand, model, mileage) VALUES (('UHKPKO5ABM'), ('K601EA22'), ('Chrysler'), ('Pacifica'), ('933420'::int4)) was aborted: ERROR: duplicate key value violates unique constraint "car_pkey"
  Detail: Key (id)=(3) already exists.  Call getNextException to see other errors in the batch.'
Key: 'error.sql.state'
	Value: '23505'
Key: 'file.creationTime'
	Value: '2025-10-16T19:16:04+0000'
Key: 'file.group'
	Value: 'nifi'
Key: 'file.lastAccessTime'
	Value: '2025-10-16T19:16:04+0000'
Key: 'file.lastModifiedTime'
	Value: '2025-10-16T19:16:04+0000'
Key: 'file.owner'
	Value: 'nifi'
Key: 'file.permissions'
	Value: 'rw-r--r--'
Key: 'filename'
	Value: '2025-10-16_22:16:04_car.csv'
Key: 'fragment.count'
	Value: '1'
Key: 'fragment.identifier'
	Value: '88f92893-6859-4dd6-b4a3-76985e565158'
Key: 'fragment.index'
	Value: '0'
Key: 'mime.type'
	Value: 'text/plain'
Key: 'path'
	Value: '/'
Key: 'record.count'
	Value: '10'
Key: 'segment.original.filename'
	Value: '2025-10-16_22:16:04_car.csv'
Key: 'sql.args.1.type'
	Value: '12'
Key: 'sql.args.1.value'
	Value: 'CS7H3W5Q1F'
Key: 'sql.args.2.type'
	Value: '12'
Key: 'sql.args.2.value'
	Value: 'I891LH74'
Key: 'sql.args.3.type'
	Value: '12'
Key: 'sql.args.3.value'
	Value: 'Peugeot'
Key: 'sql.args.4.type'
	Value: '12'
Key: 'sql.args.4.value'
	Value: '2008'
Key: 'sql.args.5.type'
	Value: '4'
Key: 'sql.args.5.value'
	Value: '85296'
Key: 'sql.table'
	Value: 'car'
Key: 'uuid'
	Value: '0f76b8b0-1eea-4140-a670-8f25b17a09d2'
--------------------------------------------------
2025-10-16 19:16:04,482 INFO [Timer-Driven Process Thread-1] o.a.n.processors.standard.LogAttribute LogAttribute[id=ecc64f65-0199-1000-4c54-54f9bea4096b] logging for flow file StandardFlowFileRecord[uuid=9b693581-8ad3-4296-a64d-368a50c9170f,claim=StandardContentClaim [resourceClaim=StandardResourceClaim[id=1760614923338-1, container=default, section=1], offset=13433, length=94],offset=0,name=2025-10-16_22:16:04_car.csv,size=94]
--------------------------------------------------
FlowFile Properties
Key: 'entryDate'
	Value: 'Thu Oct 16 19:16:04 UTC 2025'
Key: 'lineageStartDate'
	Value: 'Thu Oct 16 19:16:04 UTC 2025'
Key: 'fileSize'
	Value: '94'
FlowFile Attribute Map Content
Key: 'absolute.path'
	Value: '/data/'
Key: 'error.message'
	Value: 'Batch entry 0 INSERT INTO car (vin_number, registration_plate, brand, model, mileage) VALUES (('UHKPKO5ABM'), ('K601EA22'), ('Chrysler'), ('Pacifica'), ('933420'::int4)) was aborted: ERROR: duplicate key value violates unique constraint "car_pkey"
  Detail: Key (id)=(3) already exists.  Call getNextException to see other errors in the batch.'
Key: 'error.sql.state'
	Value: '23505'
Key: 'file.creationTime'
	Value: '2025-10-16T19:16:04+0000'
Key: 'file.group'
	Value: 'nifi'
Key: 'file.lastAccessTime'
	Value: '2025-10-16T19:16:04+0000'
Key: 'file.lastModifiedTime'
	Value: '2025-10-16T19:16:04+0000'
Key: 'file.owner'
	Value: 'nifi'
Key: 'file.permissions'
	Value: 'rw-r--r--'
Key: 'filename'
	Value: '2025-10-16_22:16:04_car.csv'
Key: 'fragment.count'
	Value: '1'
Key: 'fragment.identifier'
	Value: '2af86ee5-7336-49e3-a8db-a589a85e9498'
Key: 'fragment.index'
	Value: '0'
Key: 'mime.type'
	Value: 'text/plain'
Key: 'path'
	Value: '/'
Key: 'record.count'
	Value: '10'
Key: 'segment.original.filename'
	Value: '2025-10-16_22:16:04_car.csv'
Key: 'sql.args.1.type'
	Value: '12'
Key: 'sql.args.1.value'
	Value: 'O0KRCFI7RM'
Key: 'sql.args.2.type'
	Value: '12'
Key: 'sql.args.2.value'
	Value: 'I253UB50'
Key: 'sql.args.3.type'
	Value: '12'
Key: 'sql.args.3.value'
	Value: 'Ford'
Key: 'sql.args.4.type'
	Value: '12'
Key: 'sql.args.4.value'
	Value: 'Ranger'
Key: 'sql.args.5.type'
	Value: '4'
Key: 'sql.args.5.value'
	Value: '380648'
Key: 'sql.table'
	Value: 'car'
Key: 'uuid'
	Value: '9b693581-8ad3-4296-a64d-368a50c9170f'
--------------------------------------------------
2025-10-16 19:16:04,482 INFO [Timer-Driven Process Thread-1] o.a.n.processors.standard.LogAttribute LogAttribute[id=ecc64f65-0199-1000-4c54-54f9bea4096b] logging for flow file StandardFlowFileRecord[uuid=c3bd86b2-faf5-44e4-8e6d-4c8675ed2470,claim=StandardContentClaim [resourceClaim=StandardResourceClaim[id=1760614923338-1, container=default, section=1], offset=13527, length=94],offset=0,name=2025-10-16_22:16:04_car.csv,size=94]
--------------------------------------------------
FlowFile Properties
Key: 'entryDate'
	Value: 'Thu Oct 16 19:16:04 UTC 2025'
Key: 'lineageStartDate'
	Value: 'Thu Oct 16 19:16:04 UTC 2025'
Key: 'fileSize'
	Value: '94'
FlowFile Attribute Map Content
Key: 'absolute.path'
	Value: '/data/'
Key: 'error.message'
	Value: 'Batch entry 0 INSERT INTO car (vin_number, registration_plate, brand, model, mileage) VALUES (('UHKPKO5ABM'), ('K601EA22'), ('Chrysler'), ('Pacifica'), ('933420'::int4)) was aborted: ERROR: duplicate key value violates unique constraint "car_pkey"
  Detail: Key (id)=(3) already exists.  Call getNextException to see other errors in the batch.'
Key: 'error.sql.state'
	Value: '23505'
Key: 'file.creationTime'
	Value: '2025-10-16T19:16:04+0000'
Key: 'file.group'
	Value: 'nifi'
Key: 'file.lastAccessTime'
	Value: '2025-10-16T19:16:04+0000'
Key: 'file.lastModifiedTime'
	Value: '2025-10-16T19:16:04+0000'
Key: 'file.owner'
	Value: 'nifi'
Key: 'file.permissions'
	Value: 'rw-r--r--'
Key: 'filename'
	Value: '2025-10-16_22:16:04_car.csv'
Key: 'fragment.count'
	Value: '1'
Key: 'fragment.identifier'
	Value: 'af0c055c-aea7-4e85-9f0f-a6e6dfde14d8'
Key: 'fragment.index'
	Value: '0'
Key: 'mime.type'
	Value: 'text/plain'
Key: 'path'
	Value: '/'
Key: 'record.count'
	Value: '10'
Key: 'segment.original.filename'
	Value: '2025-10-16_22:16:04_car.csv'
Key: 'sql.args.1.type'
	Value: '12'
Key: 'sql.args.1.value'
	Value: 'ZFTO6882VT'
Key: 'sql.args.2.type'
	Value: '12'
Key: 'sql.args.2.value'
	Value: 'U409GP38'
Key: 'sql.args.3.type'
	Value: '12'
Key: 'sql.args.3.value'
	Value: 'Tesla'
Key: 'sql.args.4.type'
	Value: '12'
Key: 'sql.args.4.value'
	Value: 'Model Y'
Key: 'sql.args.5.type'
	Value: '4'
Key: 'sql.args.5.value'
	Value: '917093'
Key: 'sql.table'
	Value: 'car'
Key: 'uuid'
	Value: 'c3bd86b2-faf5-44e4-8e6d-4c8675ed2470'
--------------------------------------------------
2025-10-16 19:16:04,483 INFO [Timer-Driven Process Thread-1] o.a.n.processors.standard.LogAttribute LogAttribute[id=ecc64f65-0199-1000-4c54-54f9bea4096b] logging for flow file StandardFlowFileRecord[uuid=ce5a8aab-3815-4a98-ad57-83f4ea2f86db,claim=StandardContentClaim [resourceClaim=StandardResourceClaim[id=1760614923338-1, container=default, section=1], offset=13621, length=94],offset=0,name=2025-10-16_22:16:04_car.csv,size=94]
--------------------------------------------------
FlowFile Properties
Key: 'entryDate'
	Value: 'Thu Oct 16 19:16:04 UTC 2025'
Key: 'lineageStartDate'
	Value: 'Thu Oct 16 19:16:04 UTC 2025'
Key: 'fileSize'
	Value: '94'
FlowFile Attribute Map Content
Key: 'absolute.path'
	Value: '/data/'
Key: 'error.message'
	Value: 'Batch entry 0 INSERT INTO car (vin_number, registration_plate, brand, model, mileage) VALUES (('L9ZHWMG8I5'), ('V828UE56'), ('Ferrari'), ('Enzo'), ('145392'::int4)) was aborted: ERROR: duplicate key value violates unique constraint "car_pkey"
  Detail: Key (id)=(4) already exists.  Call getNextException to see other errors in the batch.'
Key: 'error.sql.state'
	Value: '23505'
Key: 'file.creationTime'
	Value: '2025-10-16T19:16:04+0000'
Key: 'file.group'
	Value: 'nifi'
Key: 'file.lastAccessTime'
	Value: '2025-10-16T19:16:04+0000'
Key: 'file.lastModifiedTime'
	Value: '2025-10-16T19:16:04+0000'
Key: 'file.owner'
	Value: 'nifi'
Key: 'file.permissions'
	Value: 'rw-r--r--'
Key: 'filename'
	Value: '2025-10-16_22:16:04_car.csv'
Key: 'fragment.count'
	Value: '1'
Key: 'fragment.identifier'
	Value: '60f397b9-0e9d-4327-ae23-42cfbe027099'
Key: 'fragment.index'
	Value: '0'
Key: 'mime.type'
	Value: 'text/plain'
Key: 'path'
	Value: '/'
Key: 'record.count'
	Value: '10'
Key: 'segment.original.filename'
	Value: '2025-10-16_22:16:04_car.csv'
Key: 'sql.args.1.type'
	Value: '12'
Key: 'sql.args.1.value'
	Value: 'L9ZHWMG8I5'
Key: 'sql.args.2.type'
	Value: '12'
Key: 'sql.args.2.value'
	Value: 'V828UE56'
Key: 'sql.args.3.type'
	Value: '12'
Key: 'sql.args.3.value'
	Value: 'Ferrari'
Key: 'sql.args.4.type'
	Value: '12'
Key: 'sql.args.4.value'
	Value: 'Enzo'
Key: 'sql.args.5.type'
	Value: '4'
Key: 'sql.args.5.value'
	Value: '145392'
Key: 'sql.table'
	Value: 'car'
Key: 'uuid'
	Value: 'ce5a8aab-3815-4a98-ad57-83f4ea2f86db'
--------------------------------------------------
2025-10-16 19:16:04,483 INFO [Timer-Driven Process Thread-1] o.a.n.processors.standard.LogAttribute LogAttribute[id=ecc64f65-0199-1000-4c54-54f9bea4096b] logging for flow file StandardFlowFileRecord[uuid=ecab30d4-8999-435c-b1b5-4bf489b4d353,claim=StandardContentClaim [resourceClaim=StandardResourceClaim[id=1760614923338-1, container=default, section=1], offset=13715, length=94],offset=0,name=2025-10-16_22:16:04_car.csv,size=94]
--------------------------------------------------
FlowFile Properties
Key: 'entryDate'
	Value: 'Thu Oct 16 19:16:04 UTC 2025'
Key: 'lineageStartDate'
	Value: 'Thu Oct 16 19:16:04 UTC 2025'
Key: 'fileSize'
	Value: '94'
FlowFile Attribute Map Content
Key: 'absolute.path'
	Value: '/data/'
Key: 'error.message'
	Value: 'Batch entry 0 INSERT INTO car (vin_number, registration_plate, brand, model, mileage) VALUES (('L9ZHWMG8I5'), ('V828UE56'), ('Ferrari'), ('Enzo'), ('145392'::int4)) was aborted: ERROR: duplicate key value violates unique constraint "car_pkey"
  Detail: Key (id)=(4) already exists.  Call getNextException to see other errors in the batch.'
Key: 'error.sql.state'
	Value: '23505'
Key: 'file.creationTime'
	Value: '2025-10-16T19:16:04+0000'
Key: 'file.group'
	Value: 'nifi'
Key: 'file.lastAccessTime'
	Value: '2025-10-16T19:16:04+0000'
Key: 'file.lastModifiedTime'
	Value: '2025-10-16T19:16:04+0000'
Key: 'file.owner'
	Value: 'nifi'
Key: 'file.permissions'
	Value: 'rw-r--r--'
Key: 'filename'
	Value: '2025-10-16_22:16:04_car.csv'
Key: 'fragment.count'
	Value: '1'
Key: 'fragment.identifier'
	Value: 'b83966ca-503f-4f29-bfed-ee934749ed23'
Key: 'fragment.index'
	Value: '0'
Key: 'mime.type'
	Value: 'text/plain'
Key: 'path'
	Value: '/'
Key: 'record.count'
	Value: '10'
Key: 'segment.original.filename'
	Value: '2025-10-16_22:16:04_car.csv'
Key: 'sql.args.1.type'
	Value: '12'
Key: 'sql.args.1.value'
	Value: '8DQS0YR5IQ'
Key: 'sql.args.2.type'
	Value: '12'
Key: 'sql.args.2.value'
	Value: 'M200XI70'
Key: 'sql.args.3.type'
	Value: '12'
Key: 'sql.args.3.value'
	Value: 'Bentley'
Key: 'sql.args.4.type'
	Value: '12'
Key: 'sql.args.4.value'
	Value: 'Flying Spur'
Key: 'sql.args.5.type'
	Value: '4'
Key: 'sql.args.5.value'
	Value: '182889'
Key: 'sql.table'
	Value: 'car'
Key: 'uuid'
	Value: 'ecab30d4-8999-435c-b1b5-4bf489b4d353'
--------------------------------------------------
2025-10-16 19:16:04,483 INFO [Timer-Driven Process Thread-1] o.a.n.processors.standard.LogAttribute LogAttribute[id=ecc64f65-0199-1000-4c54-54f9bea4096b] logging for flow file StandardFlowFileRecord[uuid=8b3cce58-e8c8-4bd1-95df-cf853380fd97,claim=StandardContentClaim [resourceClaim=StandardResourceClaim[id=1760614923338-1, container=default, section=1], offset=13809, length=94],offset=0,name=2025-10-16_22:16:04_car.csv,size=94]
--------------------------------------------------
FlowFile Properties
Key: 'entryDate'
	Value: 'Thu Oct 16 19:16:04 UTC 2025'
Key: 'lineageStartDate'
	Value: 'Thu Oct 16 19:16:04 UTC 2025'
Key: 'fileSize'
	Value: '94'
FlowFile Attribute Map Content
Key: 'absolute.path'
	Value: '/data/'
Key: 'error.message'
	Value: 'Batch entry 0 INSERT INTO car (vin_number, registration_plate, brand, model, mileage) VALUES (('L9ZHWMG8I5'), ('V828UE56'), ('Ferrari'), ('Enzo'), ('145392'::int4)) was aborted: ERROR: duplicate key value violates unique constraint "car_pkey"
  Detail: Key (id)=(4) already exists.  Call getNextException to see other errors in the batch.'
Key: 'error.sql.state'
	Value: '23505'
Key: 'file.creationTime'
	Value: '2025-10-16T19:16:04+0000'
Key: 'file.group'
	Value: 'nifi'
Key: 'file.lastAccessTime'
	Value: '2025-10-16T19:16:04+0000'
Key: 'file.lastModifiedTime'
	Value: '2025-10-16T19:16:04+0000'
Key: 'file.owner'
	Value: 'nifi'
Key: 'file.permissions'
	Value: 'rw-r--r--'
Key: 'filename'
	Value: '2025-10-16_22:16:04_car.csv'
Key: 'fragment.count'
	Value: '1'
Key: 'fragment.identifier'
	Value: 'dfb3b316-17b7-4f2b-a1b3-a427a1bd2b11'
Key: 'fragment.index'
	Value: '0'
Key: 'mime.type'
	Value: 'text/plain'
Key: 'path'
	Value: '/'
Key: 'record.count'
	Value: '10'
Key: 'segment.original.filename'
	Value: '2025-10-16_22:16:04_car.csv'
Key: 'sql.args.1.type'
	Value: '12'
Key: 'sql.args.1.value'
	Value: 'ULIUF5D30V'
Key: 'sql.args.2.type'
	Value: '12'
Key: 'sql.args.2.value'
	Value: 'H378YT33'
Key: 'sql.args.3.type'
	Value: '12'
Key: 'sql.args.3.value'
	Value: 'Volkswagen'
Key: 'sql.args.4.type'
	Value: '12'
Key: 'sql.args.4.value'
	Value: 'Passat'
Key: 'sql.args.5.type'
	Value: '4'
Key: 'sql.args.5.value'
	Value: '139746'
Key: 'sql.table'
	Value: 'car'
Key: 'uuid'
	Value: '8b3cce58-e8c8-4bd1-95df-cf853380fd97'
--------------------------------------------------
2025-10-16 19:16:04,484 INFO [Timer-Driven Process Thread-1] o.a.n.processors.standard.LogAttribute LogAttribute[id=ecc64f65-0199-1000-4c54-54f9bea4096b] logging for flow file StandardFlowFileRecord[uuid=cf266a4a-36c6-4c03-ba80-5516e2cdf5a9,claim=StandardContentClaim [resourceClaim=StandardResourceClaim[id=1760614923338-1, container=default, section=1], offset=13903, length=94],offset=0,name=2025-10-16_22:16:04_car.csv,size=94]
--------------------------------------------------
FlowFile Properties
Key: 'entryDate'
	Value: 'Thu Oct 16 19:16:04 UTC 2025'
Key: 'lineageStartDate'
	Value: 'Thu Oct 16 19:16:04 UTC 2025'
Key: 'fileSize'
	Value: '94'
FlowFile Attribute Map Content
Key: 'absolute.path'
	Value: '/data/'
Key: 'error.message'
	Value: 'Batch entry 0 INSERT INTO car (vin_number, registration_plate, brand, model, mileage) VALUES (('L9ZHWMG8I5'), ('V828UE56'), ('Ferrari'), ('Enzo'), ('145392'::int4)) was aborted: ERROR: duplicate key value violates unique constraint "car_pkey"
  Detail: Key (id)=(4) already exists.  Call getNextException to see other errors in the batch.'
Key: 'error.sql.state'
	Value: '23505'
Key: 'file.creationTime'
	Value: '2025-10-16T19:16:04+0000'
Key: 'file.group'
	Value: 'nifi'
Key: 'file.lastAccessTime'
	Value: '2025-10-16T19:16:04+0000'
Key: 'file.lastModifiedTime'
	Value: '2025-10-16T19:16:04+0000'
Key: 'file.owner'
	Value: 'nifi'
Key: 'file.permissions'
	Value: 'rw-r--r--'
Key: 'filename'
	Value: '2025-10-16_22:16:04_car.csv'
Key: 'fragment.count'
	Value: '1'
Key: 'fragment.identifier'
	Value: '01810f35-68ad-4e8a-b6fe-5f732f6b1dc6'
Key: 'fragment.index'
	Value: '0'
Key: 'mime.type'
	Value: 'text/plain'
Key: 'path'
	Value: '/'
Key: 'record.count'
	Value: '10'
Key: 'segment.original.filename'
	Value: '2025-10-16_22:16:04_car.csv'
Key: 'sql.args.1.type'
	Value: '12'
Key: 'sql.args.1.value'
	Value: '2JRL99MM55'
Key: 'sql.args.2.type'
	Value: '12'
Key: 'sql.args.2.value'
	Value: 'L307PM63'
Key: 'sql.args.3.type'
	Value: '12'
Key: 'sql.args.3.value'
	Value: 'GMC'
Key: 'sql.args.4.type'
	Value: '12'
Key: 'sql.args.4.value'
	Value: 'Canyon'
Key: 'sql.args.5.type'
	Value: '4'
Key: 'sql.args.5.value'
	Value: '818392'
Key: 'sql.table'
	Value: 'car'
Key: 'uuid'
	Value: 'cf266a4a-36c6-4c03-ba80-5516e2cdf5a9'
--------------------------------------------------
2025-10-16 19:16:04,484 INFO [Timer-Driven Process Thread-1] o.a.n.processors.standard.LogAttribute LogAttribute[id=ecc64f65-0199-1000-4c54-54f9bea4096b] logging for flow file StandardFlowFileRecord[uuid=e68815b5-92dc-4ec9-809c-c0d4688ecebb,claim=StandardContentClaim [resourceClaim=StandardResourceClaim[id=1760614923338-1, container=default, section=1], offset=13997, length=94],offset=0,name=2025-10-16_22:16:04_car.csv,size=94]
--------------------------------------------------
FlowFile Properties
Key: 'entryDate'
	Value: 'Thu Oct 16 19:16:04 UTC 2025'
Key: 'lineageStartDate'
	Value: 'Thu Oct 16 19:16:04 UTC 2025'
Key: 'fileSize'
	Value: '94'
FlowFile Attribute Map Content
Key: 'absolute.path'
	Value: '/data/'
Key: 'error.message'
	Value: 'Batch entry 0 INSERT INTO car (vin_number, registration_plate, brand, model, mileage) VALUES (('L9ZHWMG8I5'), ('V828UE56'), ('Ferrari'), ('Enzo'), ('145392'::int4)) was aborted: ERROR: duplicate key value violates unique constraint "car_pkey"
  Detail: Key (id)=(4) already exists.  Call getNextException to see other errors in the batch.'
Key: 'error.sql.state'
	Value: '23505'
Key: 'file.creationTime'
	Value: '2025-10-16T19:16:04+0000'
Key: 'file.group'
	Value: 'nifi'
Key: 'file.lastAccessTime'
	Value: '2025-10-16T19:16:04+0000'
Key: 'file.lastModifiedTime'
	Value: '2025-10-16T19:16:04+0000'
Key: 'file.owner'
	Value: 'nifi'
Key: 'file.permissions'
	Value: 'rw-r--r--'
Key: 'filename'
	Value: '2025-10-16_22:16:04_car.csv'
Key: 'fragment.count'
	Value: '1'
Key: 'fragment.identifier'
	Value: '59ce40b5-de0d-4fb3-ae83-28d3970d8661'
Key: 'fragment.index'
	Value: '0'
Key: 'mime.type'
	Value: 'text/plain'
Key: 'path'
	Value: '/'
Key: 'record.count'
	Value: '10'
Key: 'segment.original.filename'
	Value: '2025-10-16_22:16:04_car.csv'
Key: 'sql.args.1.type'
	Value: '12'
Key: 'sql.args.1.value'
	Value: 'NOBVKULN19'
Key: 'sql.args.2.type'
	Value: '12'
Key: 'sql.args.2.value'
	Value: 'K404LP47'
Key: 'sql.args.3.type'
	Value: '12'
Key: 'sql.args.3.value'
	Value: 'Dodge'
Key: 'sql.args.4.type'
	Value: '12'
Key: 'sql.args.4.value'
	Value: 'Challenger'
Key: 'sql.args.5.type'
	Value: '4'
Key: 'sql.args.5.value'
	Value: '45607'
Key: 'sql.table'
	Value: 'car'
Key: 'uuid'
	Value: 'e68815b5-92dc-4ec9-809c-c0d4688ecebb'
--------------------------------------------------
2025-10-16 19:16:04,484 INFO [Timer-Driven Process Thread-1] o.a.n.processors.standard.LogAttribute LogAttribute[id=ecc64f65-0199-1000-4c54-54f9bea4096b] logging for flow file StandardFlowFileRecord[uuid=ca42d595-d140-44ad-87fa-53d918b49644,claim=StandardContentClaim [resourceClaim=StandardResourceClaim[id=1760614923338-1, container=default, section=1], offset=14091, length=94],offset=0,name=2025-10-16_22:16:04_car.csv,size=94]
--------------------------------------------------
FlowFile Properties
Key: 'entryDate'
	Value: 'Thu Oct 16 19:16:04 UTC 2025'
Key: 'lineageStartDate'
	Value: 'Thu Oct 16 19:16:04 UTC 2025'
Key: 'fileSize'
	Value: '94'
FlowFile Attribute Map Content
Key: 'absolute.path'
	Value: '/data/'
Key: 'error.message'
	Value: 'Batch entry 0 INSERT INTO car (vin_number, registration_plate, brand, model, mileage) VALUES (('L9ZHWMG8I5'), ('V828UE56'), ('Ferrari'), ('Enzo'), ('145392'::int4)) was aborted: ERROR: duplicate key value violates unique constraint "car_pkey"
  Detail: Key (id)=(4) already exists.  Call getNextException to see other errors in the batch.'
Key: 'error.sql.state'
	Value: '23505'
Key: 'file.creationTime'
	Value: '2025-10-16T19:16:04+0000'
Key: 'file.group'
	Value: 'nifi'
Key: 'file.lastAccessTime'
	Value: '2025-10-16T19:16:04+0000'
Key: 'file.lastModifiedTime'
	Value: '2025-10-16T19:16:04+0000'
Key: 'file.owner'
	Value: 'nifi'
Key: 'file.permissions'
	Value: 'rw-r--r--'
Key: 'filename'
	Value: '2025-10-16_22:16:04_car.csv'
Key: 'fragment.count'
	Value: '1'
Key: 'fragment.identifier'
	Value: '0663fb8a-d08c-4bfd-98a5-bee9067c1369'
Key: 'fragment.index'
	Value: '0'
Key: 'mime.type'
	Value: 'text/plain'
Key: 'path'
	Value: '/'
Key: 'record.count'
	Value: '10'
Key: 'segment.original.filename'
	Value: '2025-10-16_22:16:04_car.csv'
Key: 'sql.args.1.type'
	Value: '12'
Key: 'sql.args.1.value'
	Value: 'P4RQ1ER1LP'
Key: 'sql.args.2.type'
	Value: '12'
Key: 'sql.args.2.value'
	Value: 'S782QV19'
Key: 'sql.args.3.type'
	Value: '12'
Key: 'sql.args.3.value'
	Value: 'Ferrari'
Key: 'sql.args.4.type'
	Value: '12'
Key: 'sql.args.4.value'
	Value: 'SF90 Stradale'
Key: 'sql.args.5.type'
	Value: '4'
Key: 'sql.args.5.value'
	Value: '607125'
Key: 'sql.table'
	Value: 'car'
Key: 'uuid'
	Value: 'ca42d595-d140-44ad-87fa-53d918b49644'
--------------------------------------------------
2025-10-16 19:16:16,765 INFO [Write-Ahead Local State Provider Maintenance] org.wali.MinimalLockingWriteAheadLog org.wali.MinimalLockingWriteAheadLog@e6fbf82 checkpointed with 2 Records and 0 Swap Files in 45 milliseconds (Stop-the-world time = 33 milliseconds, Clear Edit Logs time = 9 millis), max Transaction ID 9
2025-10-16 19:16:17,742 INFO [pool-7-thread-1] o.a.n.c.r.WriteAheadFlowFileRepository Initiating checkpoint of FlowFile Repository
2025-10-16 19:16:17,755 INFO [pool-7-thread-1] o.a.n.wali.SequentialAccessWriteAheadLog Checkpointed Write-Ahead Log with 0 Records and 0 Swap Files in 8 milliseconds (Stop-the-world time = 5 milliseconds), max Transaction ID 99
2025-10-16 19:16:17,756 INFO [pool-7-thread-1] o.a.n.c.r.WriteAheadFlowFileRepository Successfully checkpointed FlowFile Repository with 0 records in 9 milliseconds
2025-10-16 19:16:23,056 INFO [Cleanup Archive for default] o.a.n.c.repository.FileSystemRepository Successfully deleted 0 files (0 bytes) from archive
2025-10-16 19:16:23,057 INFO [Cleanup Archive for default] o.a.n.c.repository.FileSystemRepository Archive cleanup completed for container default; will now allow writing to this container. Bytes used = 174.65 GB, bytes free = 53.62 GB, capacity = 228.27 GB
2025-10-16 19:16:37,757 INFO [pool-7-thread-1] o.a.n.c.r.WriteAheadFlowFileRepository Initiating checkpoint of FlowFile Repository
2025-10-16 19:16:37,760 INFO [pool-7-thread-1] o.a.n.c.r.WriteAheadFlowFileRepository Successfully checkpointed FlowFile Repository with 0 records in 0 milliseconds
2025-10-16 19:16:57,759 INFO [pool-7-thread-1] o.a.n.c.r.WriteAheadFlowFileRepository Initiating checkpoint of FlowFile Repository
2025-10-16 19:16:57,763 INFO [pool-7-thread-1] o.a.n.c.r.WriteAheadFlowFileRepository Successfully checkpointed FlowFile Repository with 0 records in 0 milliseconds
2025-10-16 19:17:17,763 INFO [pool-7-thread-1] o.a.n.c.r.WriteAheadFlowFileRepository Initiating checkpoint of FlowFile Repository
2025-10-16 19:17:17,765 INFO [pool-7-thread-1] o.a.n.c.r.WriteAheadFlowFileRepository Successfully checkpointed FlowFile Repository with 0 records in 0 milliseconds
2025-10-16 19:17:23,389 INFO [Cleanup Archive for default] o.a.n.c.repository.FileSystemRepository Successfully deleted 0 files (0 bytes) from archive
2025-10-16 19:17:23,390 INFO [Cleanup Archive for default] o.a.n.c.repository.FileSystemRepository Archive cleanup completed for container default; will now allow writing to this container. Bytes used = 174.65 GB, bytes free = 53.62 GB, capacity = 228.27 GB
2025-10-16 19:17:37,766 INFO [pool-7-thread-1] o.a.n.c.r.WriteAheadFlowFileRepository Initiating checkpoint of FlowFile Repository
2025-10-16 19:17:37,771 INFO [pool-7-thread-1] o.a.n.c.r.WriteAheadFlowFileRepository Successfully checkpointed FlowFile Repository with 0 records in 0 milliseconds
2025-10-16 19:17:57,772 INFO [pool-7-thread-1] o.a.n.c.r.WriteAheadFlowFileRepository Initiating checkpoint of FlowFile Repository
2025-10-16 19:17:57,779 INFO [pool-7-thread-1] o.a.n.c.r.WriteAheadFlowFileRepository Successfully checkpointed FlowFile Repository with 0 records in 0 milliseconds
2025-10-16 19:18:16,800 INFO [Write-Ahead Local State Provider Maintenance] org.wali.MinimalLockingWriteAheadLog org.wali.MinimalLockingWriteAheadLog@e6fbf82 checkpointed with 2 Records and 0 Swap Files in 39 milliseconds (Stop-the-world time = 25 milliseconds, Clear Edit Logs time = 10 millis), max Transaction ID 9
2025-10-16 19:18:17,780 INFO [pool-7-thread-1] o.a.n.c.r.WriteAheadFlowFileRepository Initiating checkpoint of FlowFile Repository
2025-10-16 19:18:17,784 INFO [pool-7-thread-1] o.a.n.c.r.WriteAheadFlowFileRepository Successfully checkpointed FlowFile Repository with 0 records in 0 milliseconds
2025-10-16 19:18:23,701 INFO [Cleanup Archive for default] o.a.n.c.repository.FileSystemRepository Successfully deleted 0 files (0 bytes) from archive
2025-10-16 19:18:23,703 INFO [Cleanup Archive for default] o.a.n.c.repository.FileSystemRepository Archive cleanup completed for container default; will now allow writing to this container. Bytes used = 174.66 GB, bytes free = 53.62 GB, capacity = 228.27 GB
2025-10-16 19:18:37,787 INFO [pool-7-thread-1] o.a.n.c.r.WriteAheadFlowFileRepository Initiating checkpoint of FlowFile Repository
2025-10-16 19:18:37,792 INFO [pool-7-thread-1] o.a.n.c.r.WriteAheadFlowFileRepository Successfully checkpointed FlowFile Repository with 0 records in 0 milliseconds
2025-10-16 19:18:45,320 INFO [Timer-Driven Process Thread-7] o.a.n.processors.standard.LogAttribute LogAttribute[id=ecbfe9b0-0199-1000-b14b-ba021bb0c2ce] logging for flow file StandardFlowFileRecord[uuid=d6e2f35b-8aa7-4d26-a2a8-a0fec58ad1ac,claim=StandardContentClaim [resourceClaim=StandardResourceClaim[id=1760614923338-1, container=default, section=1], offset=14655, length=1108],offset=0,name=2025-10-16_22:18:44_car.csv,size=1108]
--------------------------------------------------
FlowFile Properties
Key: 'entryDate'
	Value: 'Thu Oct 16 19:18:45 UTC 2025'
Key: 'lineageStartDate'
	Value: 'Thu Oct 16 19:18:45 UTC 2025'
Key: 'fileSize'
	Value: '1108'
FlowFile Attribute Map Content
Key: 'absolute.path'
	Value: '/data/'
Key: 'file.creationTime'
	Value: '2025-10-16T19:18:44+0000'
Key: 'file.group'
	Value: 'nifi'
Key: 'file.lastAccessTime'
	Value: '2025-10-16T19:18:44+0000'
Key: 'file.lastModifiedTime'
	Value: '2025-10-16T19:18:44+0000'
Key: 'file.owner'
	Value: 'nifi'
Key: 'file.permissions'
	Value: 'rw-r--r--'
Key: 'filename'
	Value: '2025-10-16_22:18:44_car.csv'
Key: 'fragment.count'
	Value: '10'
Key: 'fragment.identifier'
	Value: '9d4f8cca-09cc-48fd-8313-e478d7ce5335'
Key: 'mime.type'
	Value: 'application/json'
Key: 'path'
	Value: '/'
Key: 'record.count'
	Value: '10'
Key: 'uuid'
	Value: 'd6e2f35b-8aa7-4d26-a2a8-a0fec58ad1ac'
--------------------------------------------------
2025-10-16 19:18:45,330 INFO [Timer-Driven Process Thread-3] o.a.n.processors.standard.LogAttribute LogAttribute[id=ecc05f84-0199-1000-3197-08d7447c99f8] logging for flow file StandardFlowFileRecord[uuid=bed037ab-a874-4e0e-882f-0b06ecd124a7,claim=StandardContentClaim [resourceClaim=StandardResourceClaim[id=1760614923338-1, container=default, section=1], offset=15763, length=107],offset=0,name=2025-10-16_22:18:44_car.csv,size=107]
--------------------------------------------------
FlowFile Properties
Key: 'entryDate'
	Value: 'Thu Oct 16 19:18:45 UTC 2025'
Key: 'lineageStartDate'
	Value: 'Thu Oct 16 19:18:45 UTC 2025'
Key: 'fileSize'
	Value: '107'
FlowFile Attribute Map Content
Key: 'absolute.path'
	Value: '/data/'
Key: 'file.creationTime'
	Value: '2025-10-16T19:18:44+0000'
Key: 'file.group'
	Value: 'nifi'
Key: 'file.lastAccessTime'
	Value: '2025-10-16T19:18:44+0000'
Key: 'file.lastModifiedTime'
	Value: '2025-10-16T19:18:44+0000'
Key: 'file.owner'
	Value: 'nifi'
Key: 'file.permissions'
	Value: 'rw-r--r--'
Key: 'filename'
	Value: '2025-10-16_22:18:44_car.csv'
Key: 'fragment.count'
	Value: '1'
Key: 'fragment.identifier'
	Value: '43bd9ed0-9e46-4b4c-a68f-c7727ea0f672'
Key: 'fragment.index'
	Value: '0'
Key: 'mime.type'
	Value: 'application/json'
Key: 'path'
	Value: '/'
Key: 'record.count'
	Value: '10'
Key: 'segment.original.filename'
	Value: '2025-10-16_22:18:44_car.csv'
Key: 'uuid'
	Value: 'bed037ab-a874-4e0e-882f-0b06ecd124a7'
--------------------------------------------------
2025-10-16 19:18:45,331 INFO [Timer-Driven Process Thread-3] o.a.n.processors.standard.LogAttribute LogAttribute[id=ecc05f84-0199-1000-3197-08d7447c99f8] logging for flow file StandardFlowFileRecord[uuid=f8760f94-d219-42b5-9878-79980cd91c1f,claim=StandardContentClaim [resourceClaim=StandardResourceClaim[id=1760614923338-1, container=default, section=1], offset=15870, length=110],offset=0,name=2025-10-16_22:18:44_car.csv,size=110]
--------------------------------------------------
FlowFile Properties
Key: 'entryDate'
	Value: 'Thu Oct 16 19:18:45 UTC 2025'
Key: 'lineageStartDate'
	Value: 'Thu Oct 16 19:18:45 UTC 2025'
Key: 'fileSize'
	Value: '110'
FlowFile Attribute Map Content
Key: 'absolute.path'
	Value: '/data/'
Key: 'file.creationTime'
	Value: '2025-10-16T19:18:44+0000'
Key: 'file.group'
	Value: 'nifi'
Key: 'file.lastAccessTime'
	Value: '2025-10-16T19:18:44+0000'
Key: 'file.lastModifiedTime'
	Value: '2025-10-16T19:18:44+0000'
Key: 'file.owner'
	Value: 'nifi'
Key: 'file.permissions'
	Value: 'rw-r--r--'
Key: 'filename'
	Value: '2025-10-16_22:18:44_car.csv'
Key: 'fragment.count'
	Value: '1'
Key: 'fragment.identifier'
	Value: '32730451-9822-4ef2-a33a-c46ab10aeed9'
Key: 'fragment.index'
	Value: '1'
Key: 'mime.type'
	Value: 'application/json'
Key: 'path'
	Value: '/'
Key: 'record.count'
	Value: '10'
Key: 'segment.original.filename'
	Value: '2025-10-16_22:18:44_car.csv'
Key: 'uuid'
	Value: 'f8760f94-d219-42b5-9878-79980cd91c1f'
--------------------------------------------------
2025-10-16 19:18:45,331 INFO [Timer-Driven Process Thread-3] o.a.n.processors.standard.LogAttribute LogAttribute[id=ecc05f84-0199-1000-3197-08d7447c99f8] logging for flow file StandardFlowFileRecord[uuid=c5785225-ff11-40b8-a083-1c7099d02c4f,claim=StandardContentClaim [resourceClaim=StandardResourceClaim[id=1760614923338-1, container=default, section=1], offset=15980, length=119],offset=0,name=2025-10-16_22:18:44_car.csv,size=119]
--------------------------------------------------
FlowFile Properties
Key: 'entryDate'
	Value: 'Thu Oct 16 19:18:45 UTC 2025'
Key: 'lineageStartDate'
	Value: 'Thu Oct 16 19:18:45 UTC 2025'
Key: 'fileSize'
	Value: '119'
FlowFile Attribute Map Content
Key: 'absolute.path'
	Value: '/data/'
Key: 'file.creationTime'
	Value: '2025-10-16T19:18:44+0000'
Key: 'file.group'
	Value: 'nifi'
Key: 'file.lastAccessTime'
	Value: '2025-10-16T19:18:44+0000'
Key: 'file.lastModifiedTime'
	Value: '2025-10-16T19:18:44+0000'
Key: 'file.owner'
	Value: 'nifi'
Key: 'file.permissions'
	Value: 'rw-r--r--'
Key: 'filename'
	Value: '2025-10-16_22:18:44_car.csv'
Key: 'fragment.count'
	Value: '1'
Key: 'fragment.identifier'
	Value: '4aeb46c4-fe03-4780-8087-d1b6299be729'
Key: 'fragment.index'
	Value: '2'
Key: 'mime.type'
	Value: 'application/json'
Key: 'path'
	Value: '/'
Key: 'record.count'
	Value: '10'
Key: 'segment.original.filename'
	Value: '2025-10-16_22:18:44_car.csv'
Key: 'uuid'
	Value: 'c5785225-ff11-40b8-a083-1c7099d02c4f'
--------------------------------------------------
2025-10-16 19:18:45,332 INFO [Timer-Driven Process Thread-3] o.a.n.processors.standard.LogAttribute LogAttribute[id=ecc05f84-0199-1000-3197-08d7447c99f8] logging for flow file StandardFlowFileRecord[uuid=b4321b07-7970-4200-8f80-0ef5de33f788,claim=StandardContentClaim [resourceClaim=StandardResourceClaim[id=1760614923338-1, container=default, section=1], offset=16099, length=106],offset=0,name=2025-10-16_22:18:44_car.csv,size=106]
--------------------------------------------------
FlowFile Properties
Key: 'entryDate'
	Value: 'Thu Oct 16 19:18:45 UTC 2025'
Key: 'lineageStartDate'
	Value: 'Thu Oct 16 19:18:45 UTC 2025'
Key: 'fileSize'
	Value: '106'
FlowFile Attribute Map Content
Key: 'absolute.path'
	Value: '/data/'
Key: 'file.creationTime'
	Value: '2025-10-16T19:18:44+0000'
Key: 'file.group'
	Value: 'nifi'
Key: 'file.lastAccessTime'
	Value: '2025-10-16T19:18:44+0000'
Key: 'file.lastModifiedTime'
	Value: '2025-10-16T19:18:44+0000'
Key: 'file.owner'
	Value: 'nifi'
Key: 'file.permissions'
	Value: 'rw-r--r--'
Key: 'filename'
	Value: '2025-10-16_22:18:44_car.csv'
Key: 'fragment.count'
	Value: '1'
Key: 'fragment.identifier'
	Value: '654abbcf-2d18-4fcf-b745-95f1e4b58a23'
Key: 'fragment.index'
	Value: '3'
Key: 'mime.type'
	Value: 'application/json'
Key: 'path'
	Value: '/'
Key: 'record.count'
	Value: '10'
Key: 'segment.original.filename'
	Value: '2025-10-16_22:18:44_car.csv'
Key: 'uuid'
	Value: 'b4321b07-7970-4200-8f80-0ef5de33f788'
--------------------------------------------------
2025-10-16 19:18:45,334 INFO [Timer-Driven Process Thread-3] o.a.n.processors.standard.LogAttribute LogAttribute[id=ecc05f84-0199-1000-3197-08d7447c99f8] logging for flow file StandardFlowFileRecord[uuid=269a0b09-931d-461d-934e-1035ea37467d,claim=StandardContentClaim [resourceClaim=StandardResourceClaim[id=1760614923338-1, container=default, section=1], offset=16205, length=110],offset=0,name=2025-10-16_22:18:44_car.csv,size=110]
--------------------------------------------------
FlowFile Properties
Key: 'entryDate'
	Value: 'Thu Oct 16 19:18:45 UTC 2025'
Key: 'lineageStartDate'
	Value: 'Thu Oct 16 19:18:45 UTC 2025'
Key: 'fileSize'
	Value: '110'
FlowFile Attribute Map Content
Key: 'absolute.path'
	Value: '/data/'
Key: 'file.creationTime'
	Value: '2025-10-16T19:18:44+0000'
Key: 'file.group'
	Value: 'nifi'
Key: 'file.lastAccessTime'
	Value: '2025-10-16T19:18:44+0000'
Key: 'file.lastModifiedTime'
	Value: '2025-10-16T19:18:44+0000'
Key: 'file.owner'
	Value: 'nifi'
Key: 'file.permissions'
	Value: 'rw-r--r--'
Key: 'filename'
	Value: '2025-10-16_22:18:44_car.csv'
Key: 'fragment.count'
	Value: '1'
Key: 'fragment.identifier'
	Value: '5b4f3fbc-e227-4f51-a6d8-d05b4a460db6'
Key: 'fragment.index'
	Value: '4'
Key: 'mime.type'
	Value: 'application/json'
Key: 'path'
	Value: '/'
Key: 'record.count'
	Value: '10'
Key: 'segment.original.filename'
	Value: '2025-10-16_22:18:44_car.csv'
Key: 'uuid'
	Value: '269a0b09-931d-461d-934e-1035ea37467d'
--------------------------------------------------
2025-10-16 19:18:45,334 INFO [Timer-Driven Process Thread-3] o.a.n.processors.standard.LogAttribute LogAttribute[id=ecc05f84-0199-1000-3197-08d7447c99f8] logging for flow file StandardFlowFileRecord[uuid=0b3c28ac-4b0e-42e2-86d7-68323ea13a32,claim=StandardContentClaim [resourceClaim=StandardResourceClaim[id=1760614923338-1, container=default, section=1], offset=16315, length=114],offset=0,name=2025-10-16_22:18:44_car.csv,size=114]
--------------------------------------------------
FlowFile Properties
Key: 'entryDate'
	Value: 'Thu Oct 16 19:18:45 UTC 2025'
Key: 'lineageStartDate'
	Value: 'Thu Oct 16 19:18:45 UTC 2025'
Key: 'fileSize'
	Value: '114'
FlowFile Attribute Map Content
Key: 'absolute.path'
	Value: '/data/'
Key: 'file.creationTime'
	Value: '2025-10-16T19:18:44+0000'
Key: 'file.group'
	Value: 'nifi'
Key: 'file.lastAccessTime'
	Value: '2025-10-16T19:18:44+0000'
Key: 'file.lastModifiedTime'
	Value: '2025-10-16T19:18:44+0000'
Key: 'file.owner'
	Value: 'nifi'
Key: 'file.permissions'
	Value: 'rw-r--r--'
Key: 'filename'
	Value: '2025-10-16_22:18:44_car.csv'
Key: 'fragment.count'
	Value: '1'
Key: 'fragment.identifier'
	Value: 'bb43daf4-2d1f-4d9c-a3fb-71bb256ed5fd'
Key: 'fragment.index'
	Value: '5'
Key: 'mime.type'
	Value: 'application/json'
Key: 'path'
	Value: '/'
Key: 'record.count'
	Value: '10'
Key: 'segment.original.filename'
	Value: '2025-10-16_22:18:44_car.csv'
Key: 'uuid'
	Value: '0b3c28ac-4b0e-42e2-86d7-68323ea13a32'
--------------------------------------------------
2025-10-16 19:18:45,335 INFO [Timer-Driven Process Thread-3] o.a.n.processors.standard.LogAttribute LogAttribute[id=ecc05f84-0199-1000-3197-08d7447c99f8] logging for flow file StandardFlowFileRecord[uuid=90c0f8f3-29fe-4924-9a56-07df811bf55e,claim=StandardContentClaim [resourceClaim=StandardResourceClaim[id=1760614923338-1, container=default, section=1], offset=16429, length=105],offset=0,name=2025-10-16_22:18:44_car.csv,size=105]
--------------------------------------------------
FlowFile Properties
Key: 'entryDate'
	Value: 'Thu Oct 16 19:18:45 UTC 2025'
Key: 'lineageStartDate'
	Value: 'Thu Oct 16 19:18:45 UTC 2025'
Key: 'fileSize'
	Value: '105'
FlowFile Attribute Map Content
Key: 'absolute.path'
	Value: '/data/'
Key: 'file.creationTime'
	Value: '2025-10-16T19:18:44+0000'
Key: 'file.group'
	Value: 'nifi'
Key: 'file.lastAccessTime'
	Value: '2025-10-16T19:18:44+0000'
Key: 'file.lastModifiedTime'
	Value: '2025-10-16T19:18:44+0000'
Key: 'file.owner'
	Value: 'nifi'
Key: 'file.permissions'
	Value: 'rw-r--r--'
Key: 'filename'
	Value: '2025-10-16_22:18:44_car.csv'
Key: 'fragment.count'
	Value: '1'
Key: 'fragment.identifier'
	Value: '38197787-d69e-4458-bcb6-ec6b83e44625'
Key: 'fragment.index'
	Value: '6'
Key: 'mime.type'
	Value: 'application/json'
Key: 'path'
	Value: '/'
Key: 'record.count'
	Value: '10'
Key: 'segment.original.filename'
	Value: '2025-10-16_22:18:44_car.csv'
Key: 'uuid'
	Value: '90c0f8f3-29fe-4924-9a56-07df811bf55e'
--------------------------------------------------
2025-10-16 19:18:45,335 INFO [Timer-Driven Process Thread-3] o.a.n.processors.standard.LogAttribute LogAttribute[id=ecc05f84-0199-1000-3197-08d7447c99f8] logging for flow file StandardFlowFileRecord[uuid=ae4f7abd-70cc-4789-9239-23f6ff566fa3,claim=StandardContentClaim [resourceClaim=StandardResourceClaim[id=1760614923338-1, container=default, section=1], offset=16534, length=103],offset=0,name=2025-10-16_22:18:44_car.csv,size=103]
--------------------------------------------------
FlowFile Properties
Key: 'entryDate'
	Value: 'Thu Oct 16 19:18:45 UTC 2025'
Key: 'lineageStartDate'
	Value: 'Thu Oct 16 19:18:45 UTC 2025'
Key: 'fileSize'
	Value: '103'
FlowFile Attribute Map Content
Key: 'absolute.path'
	Value: '/data/'
Key: 'file.creationTime'
	Value: '2025-10-16T19:18:44+0000'
Key: 'file.group'
	Value: 'nifi'
Key: 'file.lastAccessTime'
	Value: '2025-10-16T19:18:44+0000'
Key: 'file.lastModifiedTime'
	Value: '2025-10-16T19:18:44+0000'
Key: 'file.owner'
	Value: 'nifi'
Key: 'file.permissions'
	Value: 'rw-r--r--'
Key: 'filename'
	Value: '2025-10-16_22:18:44_car.csv'
Key: 'fragment.count'
	Value: '1'
Key: 'fragment.identifier'
	Value: 'b833ba45-d027-4c15-80a5-3df13a6a7391'
Key: 'fragment.index'
	Value: '7'
Key: 'mime.type'
	Value: 'application/json'
Key: 'path'
	Value: '/'
Key: 'record.count'
	Value: '10'
Key: 'segment.original.filename'
	Value: '2025-10-16_22:18:44_car.csv'
Key: 'uuid'
	Value: 'ae4f7abd-70cc-4789-9239-23f6ff566fa3'
--------------------------------------------------
2025-10-16 19:18:45,335 INFO [Timer-Driven Process Thread-3] o.a.n.processors.standard.LogAttribute LogAttribute[id=ecc05f84-0199-1000-3197-08d7447c99f8] logging for flow file StandardFlowFileRecord[uuid=0e58163d-0dd9-45c8-8610-155a9da69031,claim=StandardContentClaim [resourceClaim=StandardResourceClaim[id=1760614923338-1, container=default, section=1], offset=16637, length=111],offset=0,name=2025-10-16_22:18:44_car.csv,size=111]
--------------------------------------------------
FlowFile Properties
Key: 'entryDate'
	Value: 'Thu Oct 16 19:18:45 UTC 2025'
Key: 'lineageStartDate'
	Value: 'Thu Oct 16 19:18:45 UTC 2025'
Key: 'fileSize'
	Value: '111'
FlowFile Attribute Map Content
Key: 'absolute.path'
	Value: '/data/'
Key: 'file.creationTime'
	Value: '2025-10-16T19:18:44+0000'
Key: 'file.group'
	Value: 'nifi'
Key: 'file.lastAccessTime'
	Value: '2025-10-16T19:18:44+0000'
Key: 'file.lastModifiedTime'
	Value: '2025-10-16T19:18:44+0000'
Key: 'file.owner'
	Value: 'nifi'
Key: 'file.permissions'
	Value: 'rw-r--r--'
Key: 'filename'
	Value: '2025-10-16_22:18:44_car.csv'
Key: 'fragment.count'
	Value: '1'
Key: 'fragment.identifier'
	Value: '438edb3d-005f-41fd-92d6-f6b841eaa71e'
Key: 'fragment.index'
	Value: '8'
Key: 'mime.type'
	Value: 'application/json'
Key: 'path'
	Value: '/'
Key: 'record.count'
	Value: '10'
Key: 'segment.original.filename'
	Value: '2025-10-16_22:18:44_car.csv'
Key: 'uuid'
	Value: '0e58163d-0dd9-45c8-8610-155a9da69031'
--------------------------------------------------
2025-10-16 19:18:45,352 INFO [Timer-Driven Process Thread-5] o.a.n.processors.standard.LogAttribute LogAttribute[id=ecc05f84-0199-1000-3197-08d7447c99f8] logging for flow file StandardFlowFileRecord[uuid=f84fb060-72b1-40ca-bc3a-941756d25fb9,claim=StandardContentClaim [resourceClaim=StandardResourceClaim[id=1760614923338-1, container=default, section=1], offset=16748, length=112],offset=0,name=2025-10-16_22:18:44_car.csv,size=112]
--------------------------------------------------
FlowFile Properties
Key: 'entryDate'
	Value: 'Thu Oct 16 19:18:45 UTC 2025'
Key: 'lineageStartDate'
	Value: 'Thu Oct 16 19:18:45 UTC 2025'
Key: 'fileSize'
	Value: '112'
FlowFile Attribute Map Content
Key: 'absolute.path'
	Value: '/data/'
Key: 'file.creationTime'
	Value: '2025-10-16T19:18:44+0000'
Key: 'file.group'
	Value: 'nifi'
Key: 'file.lastAccessTime'
	Value: '2025-10-16T19:18:44+0000'
Key: 'file.lastModifiedTime'
	Value: '2025-10-16T19:18:44+0000'
Key: 'file.owner'
	Value: 'nifi'
Key: 'file.permissions'
	Value: 'rw-r--r--'
Key: 'filename'
	Value: '2025-10-16_22:18:44_car.csv'
Key: 'fragment.count'
	Value: '1'
Key: 'fragment.identifier'
	Value: '0eedcc8d-e884-47fe-910e-3895b052537f'
Key: 'fragment.index'
	Value: '9'
Key: 'mime.type'
	Value: 'application/json'
Key: 'path'
	Value: '/'
Key: 'record.count'
	Value: '10'
Key: 'segment.original.filename'
	Value: '2025-10-16_22:18:44_car.csv'
Key: 'uuid'
	Value: 'f84fb060-72b1-40ca-bc3a-941756d25fb9'
--------------------------------------------------
2025-10-16 19:18:45,364 INFO [Timer-Driven Process Thread-8] o.a.n.processors.standard.LogAttribute LogAttribute[id=ecbbdccf-0199-1000-5cee-1e19b9364109] logging for flow file StandardFlowFileRecord[uuid=6eeb9c6f-572f-41ff-9fd2-c9ebcc298add,claim=StandardContentClaim [resourceClaim=StandardResourceClaim[id=1760614923338-1, container=default, section=1], offset=16860, length=94],offset=0,name=2025-10-16_22:18:44_car.csv,size=94]
--------------------------------------------------
FlowFile Properties
Key: 'entryDate'
	Value: 'Thu Oct 16 19:18:45 UTC 2025'
Key: 'lineageStartDate'
	Value: 'Thu Oct 16 19:18:45 UTC 2025'
Key: 'fileSize'
	Value: '94'
FlowFile Attribute Map Content
Key: 'absolute.path'
	Value: '/data/'
Key: 'file.creationTime'
	Value: '2025-10-16T19:18:44+0000'
Key: 'file.group'
	Value: 'nifi'
Key: 'file.lastAccessTime'
	Value: '2025-10-16T19:18:44+0000'
Key: 'file.lastModifiedTime'
	Value: '2025-10-16T19:18:44+0000'
Key: 'file.owner'
	Value: 'nifi'
Key: 'file.permissions'
	Value: 'rw-r--r--'
Key: 'filename'
	Value: '2025-10-16_22:18:44_car.csv'
Key: 'fragment.count'
	Value: '1'
Key: 'fragment.identifier'
	Value: '43bd9ed0-9e46-4b4c-a68f-c7727ea0f672'
Key: 'fragment.index'
	Value: '0'
Key: 'mime.type'
	Value: 'text/plain'
Key: 'path'
	Value: '/'
Key: 'record.count'
	Value: '10'
Key: 'segment.original.filename'
	Value: '2025-10-16_22:18:44_car.csv'
Key: 'sql.args.1.type'
	Value: '12'
Key: 'sql.args.1.value'
	Value: 'Z3PUBWMGUO'
Key: 'sql.args.2.type'
	Value: '12'
Key: 'sql.args.2.value'
	Value: 'T123GM30'
Key: 'sql.args.3.type'
	Value: '12'
Key: 'sql.args.3.value'
	Value: 'Peugeot'
Key: 'sql.args.4.type'
	Value: '12'
Key: 'sql.args.4.value'
	Value: '3008'
Key: 'sql.args.5.type'
	Value: '4'
Key: 'sql.args.5.value'
	Value: '123458'
Key: 'sql.table'
	Value: 'car'
Key: 'uuid'
	Value: '6eeb9c6f-572f-41ff-9fd2-c9ebcc298add'
--------------------------------------------------
2025-10-16 19:18:45,364 INFO [Timer-Driven Process Thread-8] o.a.n.processors.standard.LogAttribute LogAttribute[id=ecbbdccf-0199-1000-5cee-1e19b9364109] logging for flow file StandardFlowFileRecord[uuid=e0914f82-d63d-466f-b3cf-a2bd1c943902,claim=StandardContentClaim [resourceClaim=StandardResourceClaim[id=1760614923338-1, container=default, section=1], offset=16954, length=94],offset=0,name=2025-10-16_22:18:44_car.csv,size=94]
--------------------------------------------------
FlowFile Properties
Key: 'entryDate'
	Value: 'Thu Oct 16 19:18:45 UTC 2025'
Key: 'lineageStartDate'
	Value: 'Thu Oct 16 19:18:45 UTC 2025'
Key: 'fileSize'
	Value: '94'
FlowFile Attribute Map Content
Key: 'absolute.path'
	Value: '/data/'
Key: 'file.creationTime'
	Value: '2025-10-16T19:18:44+0000'
Key: 'file.group'
	Value: 'nifi'
Key: 'file.lastAccessTime'
	Value: '2025-10-16T19:18:44+0000'
Key: 'file.lastModifiedTime'
	Value: '2025-10-16T19:18:44+0000'
Key: 'file.owner'
	Value: 'nifi'
Key: 'file.permissions'
	Value: 'rw-r--r--'
Key: 'filename'
	Value: '2025-10-16_22:18:44_car.csv'
Key: 'fragment.count'
	Value: '1'
Key: 'fragment.identifier'
	Value: '32730451-9822-4ef2-a33a-c46ab10aeed9'
Key: 'fragment.index'
	Value: '0'
Key: 'mime.type'
	Value: 'text/plain'
Key: 'path'
	Value: '/'
Key: 'record.count'
	Value: '10'
Key: 'segment.original.filename'
	Value: '2025-10-16_22:18:44_car.csv'
Key: 'sql.args.1.type'
	Value: '12'
Key: 'sql.args.1.value'
	Value: '8OV8INS1L1'
Key: 'sql.args.2.type'
	Value: '12'
Key: 'sql.args.2.value'
	Value: 'D214OA71'
Key: 'sql.args.3.type'
	Value: '12'
Key: 'sql.args.3.value'
	Value: 'Toyota'
Key: 'sql.args.4.type'
	Value: '12'
Key: 'sql.args.4.value'
	Value: 'Tundra'
Key: 'sql.args.5.type'
	Value: '4'
Key: 'sql.args.5.value'
	Value: '964940'
Key: 'sql.table'
	Value: 'car'
Key: 'uuid'
	Value: 'e0914f82-d63d-466f-b3cf-a2bd1c943902'
--------------------------------------------------
2025-10-16 19:18:45,364 INFO [Timer-Driven Process Thread-8] o.a.n.processors.standard.LogAttribute LogAttribute[id=ecbbdccf-0199-1000-5cee-1e19b9364109] logging for flow file StandardFlowFileRecord[uuid=1775614c-0d3e-425a-b484-c408261c5de7,claim=StandardContentClaim [resourceClaim=StandardResourceClaim[id=1760614923338-1, container=default, section=1], offset=17048, length=94],offset=0,name=2025-10-16_22:18:44_car.csv,size=94]
--------------------------------------------------
FlowFile Properties
Key: 'entryDate'
	Value: 'Thu Oct 16 19:18:45 UTC 2025'
Key: 'lineageStartDate'
	Value: 'Thu Oct 16 19:18:45 UTC 2025'
Key: 'fileSize'
	Value: '94'
FlowFile Attribute Map Content
Key: 'absolute.path'
	Value: '/data/'
Key: 'file.creationTime'
	Value: '2025-10-16T19:18:44+0000'
Key: 'file.group'
	Value: 'nifi'
Key: 'file.lastAccessTime'
	Value: '2025-10-16T19:18:44+0000'
Key: 'file.lastModifiedTime'
	Value: '2025-10-16T19:18:44+0000'
Key: 'file.owner'
	Value: 'nifi'
Key: 'file.permissions'
	Value: 'rw-r--r--'
Key: 'filename'
	Value: '2025-10-16_22:18:44_car.csv'
Key: 'fragment.count'
	Value: '1'
Key: 'fragment.identifier'
	Value: '4aeb46c4-fe03-4780-8087-d1b6299be729'
Key: 'fragment.index'
	Value: '0'
Key: 'mime.type'
	Value: 'text/plain'
Key: 'path'
	Value: '/'
Key: 'record.count'
	Value: '10'
Key: 'segment.original.filename'
	Value: '2025-10-16_22:18:44_car.csv'
Key: 'sql.args.1.type'
	Value: '12'
Key: 'sql.args.1.value'
	Value: 'C7AK7UDUHB'
Key: 'sql.args.2.type'
	Value: '12'
Key: 'sql.args.2.value'
	Value: 'S612NY84'
Key: 'sql.args.3.type'
	Value: '12'
Key: 'sql.args.3.value'
	Value: 'Lamborghini'
Key: 'sql.args.4.type'
	Value: '12'
Key: 'sql.args.4.value'
	Value: 'Murcielago'
Key: 'sql.args.5.type'
	Value: '4'
Key: 'sql.args.5.value'
	Value: '770366'
Key: 'sql.table'
	Value: 'car'
Key: 'uuid'
	Value: '1775614c-0d3e-425a-b484-c408261c5de7'
--------------------------------------------------
2025-10-16 19:18:45,365 INFO [Timer-Driven Process Thread-8] o.a.n.processors.standard.LogAttribute LogAttribute[id=ecbbdccf-0199-1000-5cee-1e19b9364109] logging for flow file StandardFlowFileRecord[uuid=8651b4bc-1f02-43d6-9033-a3bed786d7c9,claim=StandardContentClaim [resourceClaim=StandardResourceClaim[id=1760614923338-1, container=default, section=1], offset=17142, length=94],offset=0,name=2025-10-16_22:18:44_car.csv,size=94]
--------------------------------------------------
FlowFile Properties
Key: 'entryDate'
	Value: 'Thu Oct 16 19:18:45 UTC 2025'
Key: 'lineageStartDate'
	Value: 'Thu Oct 16 19:18:45 UTC 2025'
Key: 'fileSize'
	Value: '94'
FlowFile Attribute Map Content
Key: 'absolute.path'
	Value: '/data/'
Key: 'file.creationTime'
	Value: '2025-10-16T19:18:44+0000'
Key: 'file.group'
	Value: 'nifi'
Key: 'file.lastAccessTime'
	Value: '2025-10-16T19:18:44+0000'
Key: 'file.lastModifiedTime'
	Value: '2025-10-16T19:18:44+0000'
Key: 'file.owner'
	Value: 'nifi'
Key: 'file.permissions'
	Value: 'rw-r--r--'
Key: 'filename'
	Value: '2025-10-16_22:18:44_car.csv'
Key: 'fragment.count'
	Value: '1'
Key: 'fragment.identifier'
	Value: '654abbcf-2d18-4fcf-b745-95f1e4b58a23'
Key: 'fragment.index'
	Value: '0'
Key: 'mime.type'
	Value: 'text/plain'
Key: 'path'
	Value: '/'
Key: 'record.count'
	Value: '10'
Key: 'segment.original.filename'
	Value: '2025-10-16_22:18:44_car.csv'
Key: 'sql.args.1.type'
	Value: '12'
Key: 'sql.args.1.value'
	Value: 'IPNRUBK6EM'
Key: 'sql.args.2.type'
	Value: '12'
Key: 'sql.args.2.value'
	Value: 'W978PA23'
Key: 'sql.args.3.type'
	Value: '12'
Key: 'sql.args.3.value'
	Value: 'Ford'
Key: 'sql.args.4.type'
	Value: '12'
Key: 'sql.args.4.value'
	Value: 'Edge'
Key: 'sql.args.5.type'
	Value: '4'
Key: 'sql.args.5.value'
	Value: '279410'
Key: 'sql.table'
	Value: 'car'
Key: 'uuid'
	Value: '8651b4bc-1f02-43d6-9033-a3bed786d7c9'
--------------------------------------------------
2025-10-16 19:18:45,365 INFO [Timer-Driven Process Thread-8] o.a.n.processors.standard.LogAttribute LogAttribute[id=ecbbdccf-0199-1000-5cee-1e19b9364109] logging for flow file StandardFlowFileRecord[uuid=1c8b742d-3fb1-4791-982f-276b825936b9,claim=StandardContentClaim [resourceClaim=StandardResourceClaim[id=1760614923338-1, container=default, section=1], offset=17236, length=94],offset=0,name=2025-10-16_22:18:44_car.csv,size=94]
--------------------------------------------------
FlowFile Properties
Key: 'entryDate'
	Value: 'Thu Oct 16 19:18:45 UTC 2025'
Key: 'lineageStartDate'
	Value: 'Thu Oct 16 19:18:45 UTC 2025'
Key: 'fileSize'
	Value: '94'
FlowFile Attribute Map Content
Key: 'absolute.path'
	Value: '/data/'
Key: 'file.creationTime'
	Value: '2025-10-16T19:18:44+0000'
Key: 'file.group'
	Value: 'nifi'
Key: 'file.lastAccessTime'
	Value: '2025-10-16T19:18:44+0000'
Key: 'file.lastModifiedTime'
	Value: '2025-10-16T19:18:44+0000'
Key: 'file.owner'
	Value: 'nifi'
Key: 'file.permissions'
	Value: 'rw-r--r--'
Key: 'filename'
	Value: '2025-10-16_22:18:44_car.csv'
Key: 'fragment.count'
	Value: '1'
Key: 'fragment.identifier'
	Value: '5b4f3fbc-e227-4f51-a6d8-d05b4a460db6'
Key: 'fragment.index'
	Value: '0'
Key: 'mime.type'
	Value: 'text/plain'
Key: 'path'
	Value: '/'
Key: 'record.count'
	Value: '10'
Key: 'segment.original.filename'
	Value: '2025-10-16_22:18:44_car.csv'
Key: 'sql.args.1.type'
	Value: '12'
Key: 'sql.args.1.value'
	Value: 'WIN3K6KWIS'
Key: 'sql.args.2.type'
	Value: '12'
Key: 'sql.args.2.value'
	Value: 'S366WY30'
Key: 'sql.args.3.type'
	Value: '12'
Key: 'sql.args.3.value'
	Value: 'Dodge'
Key: 'sql.args.4.type'
	Value: '12'
Key: 'sql.args.4.value'
	Value: 'Durango'
Key: 'sql.args.5.type'
	Value: '4'
Key: 'sql.args.5.value'
	Value: '636700'
Key: 'sql.table'
	Value: 'car'
Key: 'uuid'
	Value: '1c8b742d-3fb1-4791-982f-276b825936b9'
--------------------------------------------------
2025-10-16 19:18:45,365 INFO [Timer-Driven Process Thread-8] o.a.n.processors.standard.LogAttribute LogAttribute[id=ecbbdccf-0199-1000-5cee-1e19b9364109] logging for flow file StandardFlowFileRecord[uuid=8405135b-b764-4e39-9cab-df13d6b26b56,claim=StandardContentClaim [resourceClaim=StandardResourceClaim[id=1760614923338-1, container=default, section=1], offset=17330, length=94],offset=0,name=2025-10-16_22:18:44_car.csv,size=94]
--------------------------------------------------
FlowFile Properties
Key: 'entryDate'
	Value: 'Thu Oct 16 19:18:45 UTC 2025'
Key: 'lineageStartDate'
	Value: 'Thu Oct 16 19:18:45 UTC 2025'
Key: 'fileSize'
	Value: '94'
FlowFile Attribute Map Content
Key: 'absolute.path'
	Value: '/data/'
Key: 'file.creationTime'
	Value: '2025-10-16T19:18:44+0000'
Key: 'file.group'
	Value: 'nifi'
Key: 'file.lastAccessTime'
	Value: '2025-10-16T19:18:44+0000'
Key: 'file.lastModifiedTime'
	Value: '2025-10-16T19:18:44+0000'
Key: 'file.owner'
	Value: 'nifi'
Key: 'file.permissions'
	Value: 'rw-r--r--'
Key: 'filename'
	Value: '2025-10-16_22:18:44_car.csv'
Key: 'fragment.count'
	Value: '1'
Key: 'fragment.identifier'
	Value: 'bb43daf4-2d1f-4d9c-a3fb-71bb256ed5fd'
Key: 'fragment.index'
	Value: '0'
Key: 'mime.type'
	Value: 'text/plain'
Key: 'path'
	Value: '/'
Key: 'record.count'
	Value: '10'
Key: 'segment.original.filename'
	Value: '2025-10-16_22:18:44_car.csv'
Key: 'sql.args.1.type'
	Value: '12'
Key: 'sql.args.1.value'
	Value: 'CYAQ50ZRB7'
Key: 'sql.args.2.type'
	Value: '12'
Key: 'sql.args.2.value'
	Value: 'K764QW17'
Key: 'sql.args.3.type'
	Value: '12'
Key: 'sql.args.3.value'
	Value: 'Mercedes-Benz'
Key: 'sql.args.4.type'
	Value: '12'
Key: 'sql.args.4.value'
	Value: 'GLE'
Key: 'sql.args.5.type'
	Value: '4'
Key: 'sql.args.5.value'
	Value: '967684'
Key: 'sql.table'
	Value: 'car'
Key: 'uuid'
	Value: '8405135b-b764-4e39-9cab-df13d6b26b56'
--------------------------------------------------
2025-10-16 19:18:45,365 INFO [Timer-Driven Process Thread-8] o.a.n.processors.standard.LogAttribute LogAttribute[id=ecbbdccf-0199-1000-5cee-1e19b9364109] logging for flow file StandardFlowFileRecord[uuid=1e694ad9-2f99-46be-bbe8-c18c06b4382e,claim=StandardContentClaim [resourceClaim=StandardResourceClaim[id=1760614923338-1, container=default, section=1], offset=17424, length=94],offset=0,name=2025-10-16_22:18:44_car.csv,size=94]
--------------------------------------------------
FlowFile Properties
Key: 'entryDate'
	Value: 'Thu Oct 16 19:18:45 UTC 2025'
Key: 'lineageStartDate'
	Value: 'Thu Oct 16 19:18:45 UTC 2025'
Key: 'fileSize'
	Value: '94'
FlowFile Attribute Map Content
Key: 'absolute.path'
	Value: '/data/'
Key: 'file.creationTime'
	Value: '2025-10-16T19:18:44+0000'
Key: 'file.group'
	Value: 'nifi'
Key: 'file.lastAccessTime'
	Value: '2025-10-16T19:18:44+0000'
Key: 'file.lastModifiedTime'
	Value: '2025-10-16T19:18:44+0000'
Key: 'file.owner'
	Value: 'nifi'
Key: 'file.permissions'
	Value: 'rw-r--r--'
Key: 'filename'
	Value: '2025-10-16_22:18:44_car.csv'
Key: 'fragment.count'
	Value: '1'
Key: 'fragment.identifier'
	Value: '38197787-d69e-4458-bcb6-ec6b83e44625'
Key: 'fragment.index'
	Value: '0'
Key: 'mime.type'
	Value: 'text/plain'
Key: 'path'
	Value: '/'
Key: 'record.count'
	Value: '10'
Key: 'segment.original.filename'
	Value: '2025-10-16_22:18:44_car.csv'
Key: 'sql.args.1.type'
	Value: '12'
Key: 'sql.args.1.value'
	Value: 'PV8NUIM8S4'
Key: 'sql.args.2.type'
	Value: '12'
Key: 'sql.args.2.value'
	Value: 'U462EB75'
Key: 'sql.args.3.type'
	Value: '12'
Key: 'sql.args.3.value'
	Value: 'Lexus'
Key: 'sql.args.4.type'
	Value: '12'
Key: 'sql.args.4.value'
	Value: 'LC'
Key: 'sql.args.5.type'
	Value: '4'
Key: 'sql.args.5.value'
	Value: '139875'
Key: 'sql.table'
	Value: 'car'
Key: 'uuid'
	Value: '1e694ad9-2f99-46be-bbe8-c18c06b4382e'
--------------------------------------------------
2025-10-16 19:18:45,365 INFO [Timer-Driven Process Thread-8] o.a.n.processors.standard.LogAttribute LogAttribute[id=ecbbdccf-0199-1000-5cee-1e19b9364109] logging for flow file StandardFlowFileRecord[uuid=270eb490-22e9-469c-ae0a-7e8bc3c554e8,claim=StandardContentClaim [resourceClaim=StandardResourceClaim[id=1760614923338-1, container=default, section=1], offset=17518, length=94],offset=0,name=2025-10-16_22:18:44_car.csv,size=94]
--------------------------------------------------
FlowFile Properties
Key: 'entryDate'
	Value: 'Thu Oct 16 19:18:45 UTC 2025'
Key: 'lineageStartDate'
	Value: 'Thu Oct 16 19:18:45 UTC 2025'
Key: 'fileSize'
	Value: '94'
FlowFile Attribute Map Content
Key: 'absolute.path'
	Value: '/data/'
Key: 'file.creationTime'
	Value: '2025-10-16T19:18:44+0000'
Key: 'file.group'
	Value: 'nifi'
Key: 'file.lastAccessTime'
	Value: '2025-10-16T19:18:44+0000'
Key: 'file.lastModifiedTime'
	Value: '2025-10-16T19:18:44+0000'
Key: 'file.owner'
	Value: 'nifi'
Key: 'file.permissions'
	Value: 'rw-r--r--'
Key: 'filename'
	Value: '2025-10-16_22:18:44_car.csv'
Key: 'fragment.count'
	Value: '1'
Key: 'fragment.identifier'
	Value: 'b833ba45-d027-4c15-80a5-3df13a6a7391'
Key: 'fragment.index'
	Value: '0'
Key: 'mime.type'
	Value: 'text/plain'
Key: 'path'
	Value: '/'
Key: 'record.count'
	Value: '10'
Key: 'segment.original.filename'
	Value: '2025-10-16_22:18:44_car.csv'
Key: 'sql.args.1.type'
	Value: '12'
Key: 'sql.args.1.value'
	Value: '5XLCJAE2OC'
Key: 'sql.args.2.type'
	Value: '12'
Key: 'sql.args.2.value'
	Value: 'M380AK70'
Key: 'sql.args.3.type'
	Value: '12'
Key: 'sql.args.3.value'
	Value: 'BMW'
Key: 'sql.args.4.type'
	Value: '12'
Key: 'sql.args.4.value'
	Value: 'X3'
Key: 'sql.args.5.type'
	Value: '4'
Key: 'sql.args.5.value'
	Value: '491268'
Key: 'sql.table'
	Value: 'car'
Key: 'uuid'
	Value: '270eb490-22e9-469c-ae0a-7e8bc3c554e8'
--------------------------------------------------
2025-10-16 19:18:45,366 INFO [Timer-Driven Process Thread-8] o.a.n.processors.standard.LogAttribute LogAttribute[id=ecbbdccf-0199-1000-5cee-1e19b9364109] logging for flow file StandardFlowFileRecord[uuid=970896f2-f962-4dea-a427-5a4965e0ca50,claim=StandardContentClaim [resourceClaim=StandardResourceClaim[id=1760614923338-1, container=default, section=1], offset=17612, length=94],offset=0,name=2025-10-16_22:18:44_car.csv,size=94]
--------------------------------------------------
FlowFile Properties
Key: 'entryDate'
	Value: 'Thu Oct 16 19:18:45 UTC 2025'
Key: 'lineageStartDate'
	Value: 'Thu Oct 16 19:18:45 UTC 2025'
Key: 'fileSize'
	Value: '94'
FlowFile Attribute Map Content
Key: 'absolute.path'
	Value: '/data/'
Key: 'file.creationTime'
	Value: '2025-10-16T19:18:44+0000'
Key: 'file.group'
	Value: 'nifi'
Key: 'file.lastAccessTime'
	Value: '2025-10-16T19:18:44+0000'
Key: 'file.lastModifiedTime'
	Value: '2025-10-16T19:18:44+0000'
Key: 'file.owner'
	Value: 'nifi'
Key: 'file.permissions'
	Value: 'rw-r--r--'
Key: 'filename'
	Value: '2025-10-16_22:18:44_car.csv'
Key: 'fragment.count'
	Value: '1'
Key: 'fragment.identifier'
	Value: '438edb3d-005f-41fd-92d6-f6b841eaa71e'
Key: 'fragment.index'
	Value: '0'
Key: 'mime.type'
	Value: 'text/plain'
Key: 'path'
	Value: '/'
Key: 'record.count'
	Value: '10'
Key: 'segment.original.filename'
	Value: '2025-10-16_22:18:44_car.csv'
Key: 'sql.args.1.type'
	Value: '12'
Key: 'sql.args.1.value'
	Value: '4A0MFZ5OGX'
Key: 'sql.args.2.type'
	Value: '12'
Key: 'sql.args.2.value'
	Value: 'F697UL66'
Key: 'sql.args.3.type'
	Value: '12'
Key: 'sql.args.3.value'
	Value: 'Mitsubishi'
Key: 'sql.args.4.type'
	Value: '12'
Key: 'sql.args.4.value'
	Value: 'ASX'
Key: 'sql.args.5.type'
	Value: '4'
Key: 'sql.args.5.value'
	Value: '777173'
Key: 'sql.table'
	Value: 'car'
Key: 'uuid'
	Value: '970896f2-f962-4dea-a427-5a4965e0ca50'
--------------------------------------------------
2025-10-16 19:18:45,366 INFO [Timer-Driven Process Thread-8] o.a.n.processors.standard.LogAttribute LogAttribute[id=ecbbdccf-0199-1000-5cee-1e19b9364109] logging for flow file StandardFlowFileRecord[uuid=74091f34-88fd-42e4-9d23-75d4c567db57,claim=StandardContentClaim [resourceClaim=StandardResourceClaim[id=1760614923338-1, container=default, section=1], offset=17706, length=94],offset=0,name=2025-10-16_22:18:44_car.csv,size=94]
--------------------------------------------------
FlowFile Properties
Key: 'entryDate'
	Value: 'Thu Oct 16 19:18:45 UTC 2025'
Key: 'lineageStartDate'
	Value: 'Thu Oct 16 19:18:45 UTC 2025'
Key: 'fileSize'
	Value: '94'
FlowFile Attribute Map Content
Key: 'absolute.path'
	Value: '/data/'
Key: 'file.creationTime'
	Value: '2025-10-16T19:18:44+0000'
Key: 'file.group'
	Value: 'nifi'
Key: 'file.lastAccessTime'
	Value: '2025-10-16T19:18:44+0000'
Key: 'file.lastModifiedTime'
	Value: '2025-10-16T19:18:44+0000'
Key: 'file.owner'
	Value: 'nifi'
Key: 'file.permissions'
	Value: 'rw-r--r--'
Key: 'filename'
	Value: '2025-10-16_22:18:44_car.csv'
Key: 'fragment.count'
	Value: '1'
Key: 'fragment.identifier'
	Value: '0eedcc8d-e884-47fe-910e-3895b052537f'
Key: 'fragment.index'
	Value: '0'
Key: 'mime.type'
	Value: 'text/plain'
Key: 'path'
	Value: '/'
Key: 'record.count'
	Value: '10'
Key: 'segment.original.filename'
	Value: '2025-10-16_22:18:44_car.csv'
Key: 'sql.args.1.type'
	Value: '12'
Key: 'sql.args.1.value'
	Value: '4BEGS19PH2'
Key: 'sql.args.2.type'
	Value: '12'
Key: 'sql.args.2.value'
	Value: 'Z160CF81'
Key: 'sql.args.3.type'
	Value: '12'
Key: 'sql.args.3.value'
	Value: 'Volkswagen'
Key: 'sql.args.4.type'
	Value: '12'
Key: 'sql.args.4.value'
	Value: 'Golf'
Key: 'sql.args.5.type'
	Value: '4'
Key: 'sql.args.5.value'
	Value: '202819'
Key: 'sql.table'
	Value: 'car'
Key: 'uuid'
	Value: '74091f34-88fd-42e4-9d23-75d4c567db57'
--------------------------------------------------
2025-10-16 19:18:57,792 INFO [pool-7-thread-1] o.a.n.c.r.WriteAheadFlowFileRepository Initiating checkpoint of FlowFile Repository
2025-10-16 19:18:57,810 INFO [pool-7-thread-1] o.a.n.wali.SequentialAccessWriteAheadLog Checkpointed Write-Ahead Log with 0 Records and 0 Swap Files in 9 milliseconds (Stop-the-world time = 6 milliseconds), max Transaction ID 118
2025-10-16 19:18:57,811 INFO [pool-7-thread-1] o.a.n.c.r.WriteAheadFlowFileRepository Successfully checkpointed FlowFile Repository with 0 records in 10 milliseconds
2025-10-16 19:19:17,811 INFO [pool-7-thread-1] o.a.n.c.r.WriteAheadFlowFileRepository Initiating checkpoint of FlowFile Repository
2025-10-16 19:19:17,814 INFO [pool-7-thread-1] o.a.n.c.r.WriteAheadFlowFileRepository Successfully checkpointed FlowFile Repository with 0 records in 0 milliseconds
2025-10-16 19:19:24,016 INFO [Cleanup Archive for default] o.a.n.c.repository.FileSystemRepository Successfully deleted 0 files (0 bytes) from archive
2025-10-16 19:19:24,017 INFO [Cleanup Archive for default] o.a.n.c.repository.FileSystemRepository Archive cleanup completed for container default; will now allow writing to this container. Bytes used = 174.65 GB, bytes free = 53.62 GB, capacity = 228.27 GB
2025-10-16 19:19:37,816 INFO [pool-7-thread-1] o.a.n.c.r.WriteAheadFlowFileRepository Initiating checkpoint of FlowFile Repository
2025-10-16 19:19:37,825 INFO [pool-7-thread-1] o.a.n.c.r.WriteAheadFlowFileRepository Successfully checkpointed FlowFile Repository with 0 records in 0 milliseconds
2025-10-16 19:19:57,825 INFO [pool-7-thread-1] o.a.n.c.r.WriteAheadFlowFileRepository Initiating checkpoint of FlowFile Repository
2025-10-16 19:19:57,829 INFO [pool-7-thread-1] o.a.n.c.r.WriteAheadFlowFileRepository Successfully checkpointed FlowFile Repository with 0 records in 0 milliseconds
2025-10-16 19:20:16,832 INFO [Write-Ahead Local State Provider Maintenance] org.wali.MinimalLockingWriteAheadLog org.wali.MinimalLockingWriteAheadLog@e6fbf82 checkpointed with 2 Records and 0 Swap Files in 37 milliseconds (Stop-the-world time = 24 milliseconds, Clear Edit Logs time = 9 millis), max Transaction ID 9
2025-10-16 19:20:17,829 INFO [pool-7-thread-1] o.a.n.c.r.WriteAheadFlowFileRepository Initiating checkpoint of FlowFile Repository
2025-10-16 19:20:17,830 INFO [pool-7-thread-1] o.a.n.c.r.WriteAheadFlowFileRepository Successfully checkpointed FlowFile Repository with 0 records in 0 milliseconds
2025-10-16 19:20:24,318 INFO [Cleanup Archive for default] o.a.n.c.repository.FileSystemRepository Successfully deleted 0 files (0 bytes) from archive
2025-10-16 19:20:24,319 INFO [Cleanup Archive for default] o.a.n.c.repository.FileSystemRepository Archive cleanup completed for container default; will now allow writing to this container. Bytes used = 174.65 GB, bytes free = 53.62 GB, capacity = 228.27 GB
2025-10-16 19:20:37,832 INFO [pool-7-thread-1] o.a.n.c.r.WriteAheadFlowFileRepository Initiating checkpoint of FlowFile Repository
2025-10-16 19:20:37,837 INFO [pool-7-thread-1] o.a.n.c.r.WriteAheadFlowFileRepository Successfully checkpointed FlowFile Repository with 0 records in 0 milliseconds
2025-10-16 19:20:57,837 INFO [pool-7-thread-1] o.a.n.c.r.WriteAheadFlowFileRepository Initiating checkpoint of FlowFile Repository
2025-10-16 19:20:57,843 INFO [pool-7-thread-1] o.a.n.c.r.WriteAheadFlowFileRepository Successfully checkpointed FlowFile Repository with 0 records in 0 milliseconds
2025-10-16 19:21:17,844 INFO [pool-7-thread-1] o.a.n.c.r.WriteAheadFlowFileRepository Initiating checkpoint of FlowFile Repository
2025-10-16 19:21:17,845 INFO [pool-7-thread-1] o.a.n.c.r.WriteAheadFlowFileRepository Successfully checkpointed FlowFile Repository with 0 records in 0 milliseconds
2025-10-16 19:21:24,631 INFO [Cleanup Archive for default] o.a.n.c.repository.FileSystemRepository Successfully deleted 0 files (0 bytes) from archive
2025-10-16 19:21:24,633 INFO [Cleanup Archive for default] o.a.n.c.repository.FileSystemRepository Archive cleanup completed for container default; will now allow writing to this container. Bytes used = 174.65 GB, bytes free = 53.62 GB, capacity = 228.27 GB
2025-10-16 19:21:37,847 INFO [pool-7-thread-1] o.a.n.c.r.WriteAheadFlowFileRepository Initiating checkpoint of FlowFile Repository
2025-10-16 19:21:37,850 INFO [pool-7-thread-1] o.a.n.c.r.WriteAheadFlowFileRepository Successfully checkpointed FlowFile Repository with 0 records in 0 milliseconds
2025-10-16 19:21:57,851 INFO [pool-7-thread-1] o.a.n.c.r.WriteAheadFlowFileRepository Initiating checkpoint of FlowFile Repository
2025-10-16 19:21:57,855 INFO [pool-7-thread-1] o.a.n.c.r.WriteAheadFlowFileRepository Successfully checkpointed FlowFile Repository with 0 records in 0 milliseconds
2025-10-16 19:22:16,862 INFO [Write-Ahead Local State Provider Maintenance] org.wali.MinimalLockingWriteAheadLog org.wali.MinimalLockingWriteAheadLog@e6fbf82 checkpointed with 2 Records and 0 Swap Files in 34 milliseconds (Stop-the-world time = 19 milliseconds, Clear Edit Logs time = 9 millis), max Transaction ID 9
2025-10-16 19:22:17,856 INFO [pool-7-thread-1] o.a.n.c.r.WriteAheadFlowFileRepository Initiating checkpoint of FlowFile Repository
2025-10-16 19:22:17,858 INFO [pool-7-thread-1] o.a.n.c.r.WriteAheadFlowFileRepository Successfully checkpointed FlowFile Repository with 0 records in 0 milliseconds
2025-10-16 19:22:24,945 INFO [Cleanup Archive for default] o.a.n.c.repository.FileSystemRepository Successfully deleted 0 files (0 bytes) from archive
2025-10-16 19:22:24,945 INFO [Cleanup Archive for default] o.a.n.c.repository.FileSystemRepository Archive cleanup completed for container default; will now allow writing to this container. Bytes used = 174.66 GB, bytes free = 53.62 GB, capacity = 228.27 GB
2025-10-16 19:22:37,859 INFO [pool-7-thread-1] o.a.n.c.r.WriteAheadFlowFileRepository Initiating checkpoint of FlowFile Repository
2025-10-16 19:22:37,862 INFO [pool-7-thread-1] o.a.n.c.r.WriteAheadFlowFileRepository Successfully checkpointed FlowFile Repository with 0 records in 0 milliseconds
2025-10-16 19:22:57,862 INFO [pool-7-thread-1] o.a.n.c.r.WriteAheadFlowFileRepository Initiating checkpoint of FlowFile Repository
2025-10-16 19:22:57,866 INFO [pool-7-thread-1] o.a.n.c.r.WriteAheadFlowFileRepository Successfully checkpointed FlowFile Repository with 0 records in 0 milliseconds
2025-10-16 19:23:17,867 INFO [pool-7-thread-1] o.a.n.c.r.WriteAheadFlowFileRepository Initiating checkpoint of FlowFile Repository
2025-10-16 19:23:17,870 INFO [pool-7-thread-1] o.a.n.c.r.WriteAheadFlowFileRepository Successfully checkpointed FlowFile Repository with 0 records in 0 milliseconds
2025-10-16 19:23:25,162 INFO [Cleanup Archive for default] o.a.n.c.repository.FileSystemRepository Successfully deleted 0 files (0 bytes) from archive
2025-10-16 19:23:25,163 INFO [Cleanup Archive for default] o.a.n.c.repository.FileSystemRepository Archive cleanup completed for container default; will now allow writing to this container. Bytes used = 174.65 GB, bytes free = 53.62 GB, capacity = 228.27 GB
2025-10-16 19:23:37,872 INFO [pool-7-thread-1] o.a.n.c.r.WriteAheadFlowFileRepository Initiating checkpoint of FlowFile Repository
2025-10-16 19:23:37,878 INFO [pool-7-thread-1] o.a.n.c.r.WriteAheadFlowFileRepository Successfully checkpointed FlowFile Repository with 0 records in 0 milliseconds
2025-10-16 19:23:43,959 INFO [Timer-Driven Process Thread-7] o.a.n.processors.standard.LogAttribute LogAttribute[id=ecbfe9b0-0199-1000-b14b-ba021bb0c2ce] logging for flow file StandardFlowFileRecord[uuid=54a86372-3a1b-475f-80bf-1f2c0b356f3a,claim=StandardContentClaim [resourceClaim=StandardResourceClaim[id=1760614923338-1, container=default, section=1], offset=18278, length=1118],offset=0,name=2025-10-16_22:23:43_car.csv,size=1118]
--------------------------------------------------
FlowFile Properties
Key: 'entryDate'
	Value: 'Thu Oct 16 19:23:43 UTC 2025'
Key: 'lineageStartDate'
	Value: 'Thu Oct 16 19:23:43 UTC 2025'
Key: 'fileSize'
	Value: '1118'
FlowFile Attribute Map Content
Key: 'absolute.path'
	Value: '/data/'
Key: 'file.creationTime'
	Value: '2025-10-16T19:23:43+0000'
Key: 'file.group'
	Value: 'nifi'
Key: 'file.lastAccessTime'
	Value: '2025-10-16T19:23:43+0000'
Key: 'file.lastModifiedTime'
	Value: '2025-10-16T19:23:43+0000'
Key: 'file.owner'
	Value: 'nifi'
Key: 'file.permissions'
	Value: 'rw-r--r--'
Key: 'filename'
	Value: '2025-10-16_22:23:43_car.csv'
Key: 'fragment.count'
	Value: '10'
Key: 'fragment.identifier'
	Value: '3821df8f-c8be-424e-9efd-61fde04e6ed8'
Key: 'mime.type'
	Value: 'application/json'
Key: 'path'
	Value: '/'
Key: 'record.count'
	Value: '10'
Key: 'uuid'
	Value: '54a86372-3a1b-475f-80bf-1f2c0b356f3a'
--------------------------------------------------
2025-10-16 19:23:43,970 INFO [Timer-Driven Process Thread-6] o.a.n.processors.standard.LogAttribute LogAttribute[id=ecc05f84-0199-1000-3197-08d7447c99f8] logging for flow file StandardFlowFileRecord[uuid=f395f2d2-35f7-4c27-b5c2-6286dae7b91e,claim=StandardContentClaim [resourceClaim=StandardResourceClaim[id=1760614923338-1, container=default, section=1], offset=19396, length=110],offset=0,name=2025-10-16_22:23:43_car.csv,size=110]
--------------------------------------------------
FlowFile Properties
Key: 'entryDate'
	Value: 'Thu Oct 16 19:23:43 UTC 2025'
Key: 'lineageStartDate'
	Value: 'Thu Oct 16 19:23:43 UTC 2025'
Key: 'fileSize'
	Value: '110'
FlowFile Attribute Map Content
Key: 'absolute.path'
	Value: '/data/'
Key: 'file.creationTime'
	Value: '2025-10-16T19:23:43+0000'
Key: 'file.group'
	Value: 'nifi'
Key: 'file.lastAccessTime'
	Value: '2025-10-16T19:23:43+0000'
Key: 'file.lastModifiedTime'
	Value: '2025-10-16T19:23:43+0000'
Key: 'file.owner'
	Value: 'nifi'
Key: 'file.permissions'
	Value: 'rw-r--r--'
Key: 'filename'
	Value: '2025-10-16_22:23:43_car.csv'
Key: 'fragment.count'
	Value: '1'
Key: 'fragment.identifier'
	Value: '623774b4-7dbc-4c20-bdd2-75712f6c9611'
Key: 'fragment.index'
	Value: '0'
Key: 'mime.type'
	Value: 'application/json'
Key: 'path'
	Value: '/'
Key: 'record.count'
	Value: '10'
Key: 'segment.original.filename'
	Value: '2025-10-16_22:23:43_car.csv'
Key: 'uuid'
	Value: 'f395f2d2-35f7-4c27-b5c2-6286dae7b91e'
--------------------------------------------------
2025-10-16 19:23:43,971 INFO [Timer-Driven Process Thread-6] o.a.n.processors.standard.LogAttribute LogAttribute[id=ecc05f84-0199-1000-3197-08d7447c99f8] logging for flow file StandardFlowFileRecord[uuid=7df167a1-efb4-4a59-ba22-e3932fc93335,claim=StandardContentClaim [resourceClaim=StandardResourceClaim[id=1760614923338-1, container=default, section=1], offset=19506, length=110],offset=0,name=2025-10-16_22:23:43_car.csv,size=110]
--------------------------------------------------
FlowFile Properties
Key: 'entryDate'
	Value: 'Thu Oct 16 19:23:43 UTC 2025'
Key: 'lineageStartDate'
	Value: 'Thu Oct 16 19:23:43 UTC 2025'
Key: 'fileSize'
	Value: '110'
FlowFile Attribute Map Content
Key: 'absolute.path'
	Value: '/data/'
Key: 'file.creationTime'
	Value: '2025-10-16T19:23:43+0000'
Key: 'file.group'
	Value: 'nifi'
Key: 'file.lastAccessTime'
	Value: '2025-10-16T19:23:43+0000'
Key: 'file.lastModifiedTime'
	Value: '2025-10-16T19:23:43+0000'
Key: 'file.owner'
	Value: 'nifi'
Key: 'file.permissions'
	Value: 'rw-r--r--'
Key: 'filename'
	Value: '2025-10-16_22:23:43_car.csv'
Key: 'fragment.count'
	Value: '1'
Key: 'fragment.identifier'
	Value: 'e901f197-435f-4131-a874-5c3cfb4e9f52'
Key: 'fragment.index'
	Value: '1'
Key: 'mime.type'
	Value: 'application/json'
Key: 'path'
	Value: '/'
Key: 'record.count'
	Value: '10'
Key: 'segment.original.filename'
	Value: '2025-10-16_22:23:43_car.csv'
Key: 'uuid'
	Value: '7df167a1-efb4-4a59-ba22-e3932fc93335'
--------------------------------------------------
2025-10-16 19:23:43,971 INFO [Timer-Driven Process Thread-6] o.a.n.processors.standard.LogAttribute LogAttribute[id=ecc05f84-0199-1000-3197-08d7447c99f8] logging for flow file StandardFlowFileRecord[uuid=2f29b20e-abb2-44a8-901c-8ace5dfbe763,claim=StandardContentClaim [resourceClaim=StandardResourceClaim[id=1760614923338-1, container=default, section=1], offset=19616, length=107],offset=0,name=2025-10-16_22:23:43_car.csv,size=107]
--------------------------------------------------
FlowFile Properties
Key: 'entryDate'
	Value: 'Thu Oct 16 19:23:43 UTC 2025'
Key: 'lineageStartDate'
	Value: 'Thu Oct 16 19:23:43 UTC 2025'
Key: 'fileSize'
	Value: '107'
FlowFile Attribute Map Content
Key: 'absolute.path'
	Value: '/data/'
Key: 'file.creationTime'
	Value: '2025-10-16T19:23:43+0000'
Key: 'file.group'
	Value: 'nifi'
Key: 'file.lastAccessTime'
	Value: '2025-10-16T19:23:43+0000'
Key: 'file.lastModifiedTime'
	Value: '2025-10-16T19:23:43+0000'
Key: 'file.owner'
	Value: 'nifi'
Key: 'file.permissions'
	Value: 'rw-r--r--'
Key: 'filename'
	Value: '2025-10-16_22:23:43_car.csv'
Key: 'fragment.count'
	Value: '1'
Key: 'fragment.identifier'
	Value: 'cb210440-d1f6-47c0-932d-ce3ba309e129'
Key: 'fragment.index'
	Value: '2'
Key: 'mime.type'
	Value: 'application/json'
Key: 'path'
	Value: '/'
Key: 'record.count'
	Value: '10'
Key: 'segment.original.filename'
	Value: '2025-10-16_22:23:43_car.csv'
Key: 'uuid'
	Value: '2f29b20e-abb2-44a8-901c-8ace5dfbe763'
--------------------------------------------------
2025-10-16 19:23:43,972 INFO [Timer-Driven Process Thread-6] o.a.n.processors.standard.LogAttribute LogAttribute[id=ecc05f84-0199-1000-3197-08d7447c99f8] logging for flow file StandardFlowFileRecord[uuid=f91432a9-4659-45b6-b847-5209744aa4c8,claim=StandardContentClaim [resourceClaim=StandardResourceClaim[id=1760614923338-1, container=default, section=1], offset=19723, length=108],offset=0,name=2025-10-16_22:23:43_car.csv,size=108]
--------------------------------------------------
FlowFile Properties
Key: 'entryDate'
	Value: 'Thu Oct 16 19:23:43 UTC 2025'
Key: 'lineageStartDate'
	Value: 'Thu Oct 16 19:23:43 UTC 2025'
Key: 'fileSize'
	Value: '108'
FlowFile Attribute Map Content
Key: 'absolute.path'
	Value: '/data/'
Key: 'file.creationTime'
	Value: '2025-10-16T19:23:43+0000'
Key: 'file.group'
	Value: 'nifi'
Key: 'file.lastAccessTime'
	Value: '2025-10-16T19:23:43+0000'
Key: 'file.lastModifiedTime'
	Value: '2025-10-16T19:23:43+0000'
Key: 'file.owner'
	Value: 'nifi'
Key: 'file.permissions'
	Value: 'rw-r--r--'
Key: 'filename'
	Value: '2025-10-16_22:23:43_car.csv'
Key: 'fragment.count'
	Value: '1'
Key: 'fragment.identifier'
	Value: '42ce62d1-8b0e-45eb-8eca-b8974c2ae7d9'
Key: 'fragment.index'
	Value: '3'
Key: 'mime.type'
	Value: 'application/json'
Key: 'path'
	Value: '/'
Key: 'record.count'
	Value: '10'
Key: 'segment.original.filename'
	Value: '2025-10-16_22:23:43_car.csv'
Key: 'uuid'
	Value: 'f91432a9-4659-45b6-b847-5209744aa4c8'
--------------------------------------------------
2025-10-16 19:23:43,972 INFO [Timer-Driven Process Thread-6] o.a.n.processors.standard.LogAttribute LogAttribute[id=ecc05f84-0199-1000-3197-08d7447c99f8] logging for flow file StandardFlowFileRecord[uuid=8673d094-1df0-4fcc-a1bd-69671eae51fc,claim=StandardContentClaim [resourceClaim=StandardResourceClaim[id=1760614923338-1, container=default, section=1], offset=19831, length=122],offset=0,name=2025-10-16_22:23:43_car.csv,size=122]
--------------------------------------------------
FlowFile Properties
Key: 'entryDate'
	Value: 'Thu Oct 16 19:23:43 UTC 2025'
Key: 'lineageStartDate'
	Value: 'Thu Oct 16 19:23:43 UTC 2025'
Key: 'fileSize'
	Value: '122'
FlowFile Attribute Map Content
Key: 'absolute.path'
	Value: '/data/'
Key: 'file.creationTime'
	Value: '2025-10-16T19:23:43+0000'
Key: 'file.group'
	Value: 'nifi'
Key: 'file.lastAccessTime'
	Value: '2025-10-16T19:23:43+0000'
Key: 'file.lastModifiedTime'
	Value: '2025-10-16T19:23:43+0000'
Key: 'file.owner'
	Value: 'nifi'
Key: 'file.permissions'
	Value: 'rw-r--r--'
Key: 'filename'
	Value: '2025-10-16_22:23:43_car.csv'
Key: 'fragment.count'
	Value: '1'
Key: 'fragment.identifier'
	Value: 'b7a30127-910f-4221-9baf-61114ecc3b1e'
Key: 'fragment.index'
	Value: '4'
Key: 'mime.type'
	Value: 'application/json'
Key: 'path'
	Value: '/'
Key: 'record.count'
	Value: '10'
Key: 'segment.original.filename'
	Value: '2025-10-16_22:23:43_car.csv'
Key: 'uuid'
	Value: '8673d094-1df0-4fcc-a1bd-69671eae51fc'
--------------------------------------------------
2025-10-16 19:23:43,972 INFO [Timer-Driven Process Thread-6] o.a.n.processors.standard.LogAttribute LogAttribute[id=ecc05f84-0199-1000-3197-08d7447c99f8] logging for flow file StandardFlowFileRecord[uuid=9705b638-827a-427e-960f-1abd6467a7b5,claim=StandardContentClaim [resourceClaim=StandardResourceClaim[id=1760614923338-1, container=default, section=1], offset=19953, length=116],offset=0,name=2025-10-16_22:23:43_car.csv,size=116]
--------------------------------------------------
FlowFile Properties
Key: 'entryDate'
	Value: 'Thu Oct 16 19:23:43 UTC 2025'
Key: 'lineageStartDate'
	Value: 'Thu Oct 16 19:23:43 UTC 2025'
Key: 'fileSize'
	Value: '116'
FlowFile Attribute Map Content
Key: 'absolute.path'
	Value: '/data/'
Key: 'file.creationTime'
	Value: '2025-10-16T19:23:43+0000'
Key: 'file.group'
	Value: 'nifi'
Key: 'file.lastAccessTime'
	Value: '2025-10-16T19:23:43+0000'
Key: 'file.lastModifiedTime'
	Value: '2025-10-16T19:23:43+0000'
Key: 'file.owner'
	Value: 'nifi'
Key: 'file.permissions'
	Value: 'rw-r--r--'
Key: 'filename'
	Value: '2025-10-16_22:23:43_car.csv'
Key: 'fragment.count'
	Value: '1'
Key: 'fragment.identifier'
	Value: 'a32a1a8b-31d6-47eb-9868-9348b6adbb65'
Key: 'fragment.index'
	Value: '5'
Key: 'mime.type'
	Value: 'application/json'
Key: 'path'
	Value: '/'
Key: 'record.count'
	Value: '10'
Key: 'segment.original.filename'
	Value: '2025-10-16_22:23:43_car.csv'
Key: 'uuid'
	Value: '9705b638-827a-427e-960f-1abd6467a7b5'
--------------------------------------------------
2025-10-16 19:23:43,973 INFO [Timer-Driven Process Thread-6] o.a.n.processors.standard.LogAttribute LogAttribute[id=ecc05f84-0199-1000-3197-08d7447c99f8] logging for flow file StandardFlowFileRecord[uuid=a0cd99cc-a6c5-4e54-b9ee-13541d199b07,claim=StandardContentClaim [resourceClaim=StandardResourceClaim[id=1760614923338-1, container=default, section=1], offset=20069, length=113],offset=0,name=2025-10-16_22:23:43_car.csv,size=113]
--------------------------------------------------
FlowFile Properties
Key: 'entryDate'
	Value: 'Thu Oct 16 19:23:43 UTC 2025'
Key: 'lineageStartDate'
	Value: 'Thu Oct 16 19:23:43 UTC 2025'
Key: 'fileSize'
	Value: '113'
FlowFile Attribute Map Content
Key: 'absolute.path'
	Value: '/data/'
Key: 'file.creationTime'
	Value: '2025-10-16T19:23:43+0000'
Key: 'file.group'
	Value: 'nifi'
Key: 'file.lastAccessTime'
	Value: '2025-10-16T19:23:43+0000'
Key: 'file.lastModifiedTime'
	Value: '2025-10-16T19:23:43+0000'
Key: 'file.owner'
	Value: 'nifi'
Key: 'file.permissions'
	Value: 'rw-r--r--'
Key: 'filename'
	Value: '2025-10-16_22:23:43_car.csv'
Key: 'fragment.count'
	Value: '1'
Key: 'fragment.identifier'
	Value: '9c3ae139-b68e-4d64-bdef-120137c28ee6'
Key: 'fragment.index'
	Value: '6'
Key: 'mime.type'
	Value: 'application/json'
Key: 'path'
	Value: '/'
Key: 'record.count'
	Value: '10'
Key: 'segment.original.filename'
	Value: '2025-10-16_22:23:43_car.csv'
Key: 'uuid'
	Value: 'a0cd99cc-a6c5-4e54-b9ee-13541d199b07'
--------------------------------------------------
2025-10-16 19:23:43,973 INFO [Timer-Driven Process Thread-6] o.a.n.processors.standard.LogAttribute LogAttribute[id=ecc05f84-0199-1000-3197-08d7447c99f8] logging for flow file StandardFlowFileRecord[uuid=03db38ba-024c-4832-acbc-0b4b1ee83f92,claim=StandardContentClaim [resourceClaim=StandardResourceClaim[id=1760614923338-1, container=default, section=1], offset=20182, length=111],offset=0,name=2025-10-16_22:23:43_car.csv,size=111]
--------------------------------------------------
FlowFile Properties
Key: 'entryDate'
	Value: 'Thu Oct 16 19:23:43 UTC 2025'
Key: 'lineageStartDate'
	Value: 'Thu Oct 16 19:23:43 UTC 2025'
Key: 'fileSize'
	Value: '111'
FlowFile Attribute Map Content
Key: 'absolute.path'
	Value: '/data/'
Key: 'file.creationTime'
	Value: '2025-10-16T19:23:43+0000'
Key: 'file.group'
	Value: 'nifi'
Key: 'file.lastAccessTime'
	Value: '2025-10-16T19:23:43+0000'
Key: 'file.lastModifiedTime'
	Value: '2025-10-16T19:23:43+0000'
Key: 'file.owner'
	Value: 'nifi'
Key: 'file.permissions'
	Value: 'rw-r--r--'
Key: 'filename'
	Value: '2025-10-16_22:23:43_car.csv'
Key: 'fragment.count'
	Value: '1'
Key: 'fragment.identifier'
	Value: '6ddee396-be43-4cbe-9d64-3ddb645f1dab'
Key: 'fragment.index'
	Value: '7'
Key: 'mime.type'
	Value: 'application/json'
Key: 'path'
	Value: '/'
Key: 'record.count'
	Value: '10'
Key: 'segment.original.filename'
	Value: '2025-10-16_22:23:43_car.csv'
Key: 'uuid'
	Value: '03db38ba-024c-4832-acbc-0b4b1ee83f92'
--------------------------------------------------
2025-10-16 19:23:43,974 INFO [Timer-Driven Process Thread-6] o.a.n.processors.standard.LogAttribute LogAttribute[id=ecc05f84-0199-1000-3197-08d7447c99f8] logging for flow file StandardFlowFileRecord[uuid=0161051d-c387-4e93-859c-197c19193e5f,claim=StandardContentClaim [resourceClaim=StandardResourceClaim[id=1760614923338-1, container=default, section=1], offset=20293, length=104],offset=0,name=2025-10-16_22:23:43_car.csv,size=104]
--------------------------------------------------
FlowFile Properties
Key: 'entryDate'
	Value: 'Thu Oct 16 19:23:43 UTC 2025'
Key: 'lineageStartDate'
	Value: 'Thu Oct 16 19:23:43 UTC 2025'
Key: 'fileSize'
	Value: '104'
FlowFile Attribute Map Content
Key: 'absolute.path'
	Value: '/data/'
Key: 'file.creationTime'
	Value: '2025-10-16T19:23:43+0000'
Key: 'file.group'
	Value: 'nifi'
Key: 'file.lastAccessTime'
	Value: '2025-10-16T19:23:43+0000'
Key: 'file.lastModifiedTime'
	Value: '2025-10-16T19:23:43+0000'
Key: 'file.owner'
	Value: 'nifi'
Key: 'file.permissions'
	Value: 'rw-r--r--'
Key: 'filename'
	Value: '2025-10-16_22:23:43_car.csv'
Key: 'fragment.count'
	Value: '1'
Key: 'fragment.identifier'
	Value: '5b2e43c9-02cd-4e99-a7d2-aae619d0d053'
Key: 'fragment.index'
	Value: '8'
Key: 'mime.type'
	Value: 'application/json'
Key: 'path'
	Value: '/'
Key: 'record.count'
	Value: '10'
Key: 'segment.original.filename'
	Value: '2025-10-16_22:23:43_car.csv'
Key: 'uuid'
	Value: '0161051d-c387-4e93-859c-197c19193e5f'
--------------------------------------------------
2025-10-16 19:23:43,975 INFO [Timer-Driven Process Thread-6] o.a.n.processors.standard.LogAttribute LogAttribute[id=ecc05f84-0199-1000-3197-08d7447c99f8] logging for flow file StandardFlowFileRecord[uuid=8ec88c0d-e541-4804-8cb9-f33085e612c8,claim=StandardContentClaim [resourceClaim=StandardResourceClaim[id=1760614923338-1, container=default, section=1], offset=20397, length=106],offset=0,name=2025-10-16_22:23:43_car.csv,size=106]
--------------------------------------------------
FlowFile Properties
Key: 'entryDate'
	Value: 'Thu Oct 16 19:23:43 UTC 2025'
Key: 'lineageStartDate'
	Value: 'Thu Oct 16 19:23:43 UTC 2025'
Key: 'fileSize'
	Value: '106'
FlowFile Attribute Map Content
Key: 'absolute.path'
	Value: '/data/'
Key: 'file.creationTime'
	Value: '2025-10-16T19:23:43+0000'
Key: 'file.group'
	Value: 'nifi'
Key: 'file.lastAccessTime'
	Value: '2025-10-16T19:23:43+0000'
Key: 'file.lastModifiedTime'
	Value: '2025-10-16T19:23:43+0000'
Key: 'file.owner'
	Value: 'nifi'
Key: 'file.permissions'
	Value: 'rw-r--r--'
Key: 'filename'
	Value: '2025-10-16_22:23:43_car.csv'
Key: 'fragment.count'
	Value: '1'
Key: 'fragment.identifier'
	Value: '626187e1-1163-4861-89ed-b772498ed059'
Key: 'fragment.index'
	Value: '9'
Key: 'mime.type'
	Value: 'application/json'
Key: 'path'
	Value: '/'
Key: 'record.count'
	Value: '10'
Key: 'segment.original.filename'
	Value: '2025-10-16_22:23:43_car.csv'
Key: 'uuid'
	Value: '8ec88c0d-e541-4804-8cb9-f33085e612c8'
--------------------------------------------------
2025-10-16 19:23:43,992 INFO [Timer-Driven Process Thread-9] o.a.n.processors.standard.LogAttribute LogAttribute[id=ecbbdccf-0199-1000-5cee-1e19b9364109] logging for flow file StandardFlowFileRecord[uuid=09a98766-2448-4691-b0de-377dd838a42f,claim=StandardContentClaim [resourceClaim=StandardResourceClaim[id=1760614923338-1, container=default, section=1], offset=20503, length=94],offset=0,name=2025-10-16_22:23:43_car.csv,size=94]
--------------------------------------------------
FlowFile Properties
Key: 'entryDate'
	Value: 'Thu Oct 16 19:23:43 UTC 2025'
Key: 'lineageStartDate'
	Value: 'Thu Oct 16 19:23:43 UTC 2025'
Key: 'fileSize'
	Value: '94'
FlowFile Attribute Map Content
Key: 'absolute.path'
	Value: '/data/'
Key: 'file.creationTime'
	Value: '2025-10-16T19:23:43+0000'
Key: 'file.group'
	Value: 'nifi'
Key: 'file.lastAccessTime'
	Value: '2025-10-16T19:23:43+0000'
Key: 'file.lastModifiedTime'
	Value: '2025-10-16T19:23:43+0000'
Key: 'file.owner'
	Value: 'nifi'
Key: 'file.permissions'
	Value: 'rw-r--r--'
Key: 'filename'
	Value: '2025-10-16_22:23:43_car.csv'
Key: 'fragment.count'
	Value: '1'
Key: 'fragment.identifier'
	Value: '623774b4-7dbc-4c20-bdd2-75712f6c9611'
Key: 'fragment.index'
	Value: '0'
Key: 'mime.type'
	Value: 'text/plain'
Key: 'path'
	Value: '/'
Key: 'record.count'
	Value: '10'
Key: 'segment.original.filename'
	Value: '2025-10-16_22:23:43_car.csv'
Key: 'sql.args.1.type'
	Value: '12'
Key: 'sql.args.1.value'
	Value: 'P2GSJ2BCBX'
Key: 'sql.args.2.type'
	Value: '12'
Key: 'sql.args.2.value'
	Value: 'P468YM14'
Key: 'sql.args.3.type'
	Value: '12'
Key: 'sql.args.3.value'
	Value: 'Toyota'
Key: 'sql.args.4.type'
	Value: '12'
Key: 'sql.args.4.value'
	Value: 'Tundra'
Key: 'sql.args.5.type'
	Value: '4'
Key: 'sql.args.5.value'
	Value: '766883'
Key: 'sql.table'
	Value: 'car'
Key: 'uuid'
	Value: '09a98766-2448-4691-b0de-377dd838a42f'
--------------------------------------------------
2025-10-16 19:23:43,992 INFO [Timer-Driven Process Thread-9] o.a.n.processors.standard.LogAttribute LogAttribute[id=ecbbdccf-0199-1000-5cee-1e19b9364109] logging for flow file StandardFlowFileRecord[uuid=c3d77953-b925-4fc8-b157-bb61f8876c2c,claim=StandardContentClaim [resourceClaim=StandardResourceClaim[id=1760614923338-1, container=default, section=1], offset=20597, length=94],offset=0,name=2025-10-16_22:23:43_car.csv,size=94]
--------------------------------------------------
FlowFile Properties
Key: 'entryDate'
	Value: 'Thu Oct 16 19:23:43 UTC 2025'
Key: 'lineageStartDate'
	Value: 'Thu Oct 16 19:23:43 UTC 2025'
Key: 'fileSize'
	Value: '94'
FlowFile Attribute Map Content
Key: 'absolute.path'
	Value: '/data/'
Key: 'file.creationTime'
	Value: '2025-10-16T19:23:43+0000'
Key: 'file.group'
	Value: 'nifi'
Key: 'file.lastAccessTime'
	Value: '2025-10-16T19:23:43+0000'
Key: 'file.lastModifiedTime'
	Value: '2025-10-16T19:23:43+0000'
Key: 'file.owner'
	Value: 'nifi'
Key: 'file.permissions'
	Value: 'rw-r--r--'
Key: 'filename'
	Value: '2025-10-16_22:23:43_car.csv'
Key: 'fragment.count'
	Value: '1'
Key: 'fragment.identifier'
	Value: 'e901f197-435f-4131-a874-5c3cfb4e9f52'
Key: 'fragment.index'
	Value: '0'
Key: 'mime.type'
	Value: 'text/plain'
Key: 'path'
	Value: '/'
Key: 'record.count'
	Value: '10'
Key: 'segment.original.filename'
	Value: '2025-10-16_22:23:43_car.csv'
Key: 'sql.args.1.type'
	Value: '12'
Key: 'sql.args.1.value'
	Value: 'LQQT9GOL3A'
Key: 'sql.args.2.type'
	Value: '12'
Key: 'sql.args.2.value'
	Value: 'S510MP84'
Key: 'sql.args.3.type'
	Value: '12'
Key: 'sql.args.3.value'
	Value: 'Dodge'
Key: 'sql.args.4.type'
	Value: '12'
Key: 'sql.args.4.value'
	Value: 'Ram 1500'
Key: 'sql.args.5.type'
	Value: '4'
Key: 'sql.args.5.value'
	Value: '51912'
Key: 'sql.table'
	Value: 'car'
Key: 'uuid'
	Value: 'c3d77953-b925-4fc8-b157-bb61f8876c2c'
--------------------------------------------------
2025-10-16 19:23:43,992 INFO [Timer-Driven Process Thread-9] o.a.n.processors.standard.LogAttribute LogAttribute[id=ecbbdccf-0199-1000-5cee-1e19b9364109] logging for flow file StandardFlowFileRecord[uuid=2d3581d0-9e5e-4159-9fd4-3238b0a4fcf9,claim=StandardContentClaim [resourceClaim=StandardResourceClaim[id=1760614923338-1, container=default, section=1], offset=20691, length=94],offset=0,name=2025-10-16_22:23:43_car.csv,size=94]
--------------------------------------------------
FlowFile Properties
Key: 'entryDate'
	Value: 'Thu Oct 16 19:23:43 UTC 2025'
Key: 'lineageStartDate'
	Value: 'Thu Oct 16 19:23:43 UTC 2025'
Key: 'fileSize'
	Value: '94'
FlowFile Attribute Map Content
Key: 'absolute.path'
	Value: '/data/'
Key: 'file.creationTime'
	Value: '2025-10-16T19:23:43+0000'
Key: 'file.group'
	Value: 'nifi'
Key: 'file.lastAccessTime'
	Value: '2025-10-16T19:23:43+0000'
Key: 'file.lastModifiedTime'
	Value: '2025-10-16T19:23:43+0000'
Key: 'file.owner'
	Value: 'nifi'
Key: 'file.permissions'
	Value: 'rw-r--r--'
Key: 'filename'
	Value: '2025-10-16_22:23:43_car.csv'
Key: 'fragment.count'
	Value: '1'
Key: 'fragment.identifier'
	Value: 'cb210440-d1f6-47c0-932d-ce3ba309e129'
Key: 'fragment.index'
	Value: '0'
Key: 'mime.type'
	Value: 'text/plain'
Key: 'path'
	Value: '/'
Key: 'record.count'
	Value: '10'
Key: 'segment.original.filename'
	Value: '2025-10-16_22:23:43_car.csv'
Key: 'sql.args.1.type'
	Value: '12'
Key: 'sql.args.1.value'
	Value: 'Z4BC77O10Y'
Key: 'sql.args.2.type'
	Value: '12'
Key: 'sql.args.2.value'
	Value: 'O316JQ79'
Key: 'sql.args.3.type'
	Value: '12'
Key: 'sql.args.3.value'
	Value: 'Honda'
Key: 'sql.args.4.type'
	Value: '12'
Key: 'sql.args.4.value'
	Value: 'HR-V'
Key: 'sql.args.5.type'
	Value: '4'
Key: 'sql.args.5.value'
	Value: '948440'
Key: 'sql.table'
	Value: 'car'
Key: 'uuid'
	Value: '2d3581d0-9e5e-4159-9fd4-3238b0a4fcf9'
--------------------------------------------------
2025-10-16 19:23:43,993 INFO [Timer-Driven Process Thread-9] o.a.n.processors.standard.LogAttribute LogAttribute[id=ecbbdccf-0199-1000-5cee-1e19b9364109] logging for flow file StandardFlowFileRecord[uuid=5790b833-fd90-41e9-9a11-8b668fd4b3a7,claim=StandardContentClaim [resourceClaim=StandardResourceClaim[id=1760614923338-1, container=default, section=1], offset=20785, length=94],offset=0,name=2025-10-16_22:23:43_car.csv,size=94]
--------------------------------------------------
FlowFile Properties
Key: 'entryDate'
	Value: 'Thu Oct 16 19:23:43 UTC 2025'
Key: 'lineageStartDate'
	Value: 'Thu Oct 16 19:23:43 UTC 2025'
Key: 'fileSize'
	Value: '94'
FlowFile Attribute Map Content
Key: 'absolute.path'
	Value: '/data/'
Key: 'file.creationTime'
	Value: '2025-10-16T19:23:43+0000'
Key: 'file.group'
	Value: 'nifi'
Key: 'file.lastAccessTime'
	Value: '2025-10-16T19:23:43+0000'
Key: 'file.lastModifiedTime'
	Value: '2025-10-16T19:23:43+0000'
Key: 'file.owner'
	Value: 'nifi'
Key: 'file.permissions'
	Value: 'rw-r--r--'
Key: 'filename'
	Value: '2025-10-16_22:23:43_car.csv'
Key: 'fragment.count'
	Value: '1'
Key: 'fragment.identifier'
	Value: '42ce62d1-8b0e-45eb-8eca-b8974c2ae7d9'
Key: 'fragment.index'
	Value: '0'
Key: 'mime.type'
	Value: 'text/plain'
Key: 'path'
	Value: '/'
Key: 'record.count'
	Value: '10'
Key: 'segment.original.filename'
	Value: '2025-10-16_22:23:43_car.csv'
Key: 'sql.args.1.type'
	Value: '12'
Key: 'sql.args.1.value'
	Value: 'OIM2ECMOZ3'
Key: 'sql.args.2.type'
	Value: '12'
Key: 'sql.args.2.value'
	Value: 'K838SU15'
Key: 'sql.args.3.type'
	Value: '12'
Key: 'sql.args.3.value'
	Value: 'Mazda'
Key: 'sql.args.4.type'
	Value: '12'
Key: 'sql.args.4.value'
	Value: 'CX-30'
Key: 'sql.args.5.type'
	Value: '4'
Key: 'sql.args.5.value'
	Value: '842983'
Key: 'sql.table'
	Value: 'car'
Key: 'uuid'
	Value: '5790b833-fd90-41e9-9a11-8b668fd4b3a7'
--------------------------------------------------
2025-10-16 19:23:43,993 INFO [Timer-Driven Process Thread-9] o.a.n.processors.standard.LogAttribute LogAttribute[id=ecbbdccf-0199-1000-5cee-1e19b9364109] logging for flow file StandardFlowFileRecord[uuid=4feeb8c7-d43a-4429-a750-bd3dfdd2f7f6,claim=StandardContentClaim [resourceClaim=StandardResourceClaim[id=1760614923338-1, container=default, section=1], offset=20879, length=94],offset=0,name=2025-10-16_22:23:43_car.csv,size=94]
--------------------------------------------------
FlowFile Properties
Key: 'entryDate'
	Value: 'Thu Oct 16 19:23:43 UTC 2025'
Key: 'lineageStartDate'
	Value: 'Thu Oct 16 19:23:43 UTC 2025'
Key: 'fileSize'
	Value: '94'
FlowFile Attribute Map Content
Key: 'absolute.path'
	Value: '/data/'
Key: 'file.creationTime'
	Value: '2025-10-16T19:23:43+0000'
Key: 'file.group'
	Value: 'nifi'
Key: 'file.lastAccessTime'
	Value: '2025-10-16T19:23:43+0000'
Key: 'file.lastModifiedTime'
	Value: '2025-10-16T19:23:43+0000'
Key: 'file.owner'
	Value: 'nifi'
Key: 'file.permissions'
	Value: 'rw-r--r--'
Key: 'filename'
	Value: '2025-10-16_22:23:43_car.csv'
Key: 'fragment.count'
	Value: '1'
Key: 'fragment.identifier'
	Value: 'b7a30127-910f-4221-9baf-61114ecc3b1e'
Key: 'fragment.index'
	Value: '0'
Key: 'mime.type'
	Value: 'text/plain'
Key: 'path'
	Value: '/'
Key: 'record.count'
	Value: '10'
Key: 'segment.original.filename'
	Value: '2025-10-16_22:23:43_car.csv'
Key: 'sql.args.1.type'
	Value: '12'
Key: 'sql.args.1.value'
	Value: 'IDP2PSFLW4'
Key: 'sql.args.2.type'
	Value: '12'
Key: 'sql.args.2.value'
	Value: 'U370YY62'
Key: 'sql.args.3.type'
	Value: '12'
Key: 'sql.args.3.value'
	Value: 'Rolls-Royce'
Key: 'sql.args.4.type'
	Value: '12'
Key: 'sql.args.4.value'
	Value: 'Silver Shadow'
Key: 'sql.args.5.type'
	Value: '4'
Key: 'sql.args.5.value'
	Value: '506454'
Key: 'sql.table'
	Value: 'car'
Key: 'uuid'
	Value: '4feeb8c7-d43a-4429-a750-bd3dfdd2f7f6'
--------------------------------------------------
2025-10-16 19:23:43,993 INFO [Timer-Driven Process Thread-9] o.a.n.processors.standard.LogAttribute LogAttribute[id=ecbbdccf-0199-1000-5cee-1e19b9364109] logging for flow file StandardFlowFileRecord[uuid=9352cc70-be82-40d4-b786-da6ca05a945b,claim=StandardContentClaim [resourceClaim=StandardResourceClaim[id=1760614923338-1, container=default, section=1], offset=20973, length=94],offset=0,name=2025-10-16_22:23:43_car.csv,size=94]
--------------------------------------------------
FlowFile Properties
Key: 'entryDate'
	Value: 'Thu Oct 16 19:23:43 UTC 2025'
Key: 'lineageStartDate'
	Value: 'Thu Oct 16 19:23:43 UTC 2025'
Key: 'fileSize'
	Value: '94'
FlowFile Attribute Map Content
Key: 'absolute.path'
	Value: '/data/'
Key: 'file.creationTime'
	Value: '2025-10-16T19:23:43+0000'
Key: 'file.group'
	Value: 'nifi'
Key: 'file.lastAccessTime'
	Value: '2025-10-16T19:23:43+0000'
Key: 'file.lastModifiedTime'
	Value: '2025-10-16T19:23:43+0000'
Key: 'file.owner'
	Value: 'nifi'
Key: 'file.permissions'
	Value: 'rw-r--r--'
Key: 'filename'
	Value: '2025-10-16_22:23:43_car.csv'
Key: 'fragment.count'
	Value: '1'
Key: 'fragment.identifier'
	Value: 'a32a1a8b-31d6-47eb-9868-9348b6adbb65'
Key: 'fragment.index'
	Value: '0'
Key: 'mime.type'
	Value: 'text/plain'
Key: 'path'
	Value: '/'
Key: 'record.count'
	Value: '10'
Key: 'segment.original.filename'
	Value: '2025-10-16_22:23:43_car.csv'
Key: 'sql.args.1.type'
	Value: '12'
Key: 'sql.args.1.value'
	Value: 'RVSXKIEE42'
Key: 'sql.args.2.type'
	Value: '12'
Key: 'sql.args.2.value'
	Value: 'L946XN73'
Key: 'sql.args.3.type'
	Value: '12'
Key: 'sql.args.3.value'
	Value: 'Chrysler'
Key: 'sql.args.4.type'
	Value: '12'
Key: 'sql.args.4.value'
	Value: 'PT Cruiser'
Key: 'sql.args.5.type'
	Value: '4'
Key: 'sql.args.5.value'
	Value: '938905'
Key: 'sql.table'
	Value: 'car'
Key: 'uuid'
	Value: '9352cc70-be82-40d4-b786-da6ca05a945b'
--------------------------------------------------
2025-10-16 19:23:43,993 INFO [Timer-Driven Process Thread-9] o.a.n.processors.standard.LogAttribute LogAttribute[id=ecbbdccf-0199-1000-5cee-1e19b9364109] logging for flow file StandardFlowFileRecord[uuid=f716e4d4-63ef-44f8-93b6-a92a47408814,claim=StandardContentClaim [resourceClaim=StandardResourceClaim[id=1760614923338-1, container=default, section=1], offset=21067, length=94],offset=0,name=2025-10-16_22:23:43_car.csv,size=94]
--------------------------------------------------
FlowFile Properties
Key: 'entryDate'
	Value: 'Thu Oct 16 19:23:43 UTC 2025'
Key: 'lineageStartDate'
	Value: 'Thu Oct 16 19:23:43 UTC 2025'
Key: 'fileSize'
	Value: '94'
FlowFile Attribute Map Content
Key: 'absolute.path'
	Value: '/data/'
Key: 'file.creationTime'
	Value: '2025-10-16T19:23:43+0000'
Key: 'file.group'
	Value: 'nifi'
Key: 'file.lastAccessTime'
	Value: '2025-10-16T19:23:43+0000'
Key: 'file.lastModifiedTime'
	Value: '2025-10-16T19:23:43+0000'
Key: 'file.owner'
	Value: 'nifi'
Key: 'file.permissions'
	Value: 'rw-r--r--'
Key: 'filename'
	Value: '2025-10-16_22:23:43_car.csv'
Key: 'fragment.count'
	Value: '1'
Key: 'fragment.identifier'
	Value: '9c3ae139-b68e-4d64-bdef-120137c28ee6'
Key: 'fragment.index'
	Value: '0'
Key: 'mime.type'
	Value: 'text/plain'
Key: 'path'
	Value: '/'
Key: 'record.count'
	Value: '10'
Key: 'segment.original.filename'
	Value: '2025-10-16_22:23:43_car.csv'
Key: 'sql.args.1.type'
	Value: '12'
Key: 'sql.args.1.value'
	Value: '1WFU395W3G'
Key: 'sql.args.2.type'
	Value: '12'
Key: 'sql.args.2.value'
	Value: 'Q365DD74'
Key: 'sql.args.3.type'
	Value: '12'
Key: 'sql.args.3.value'
	Value: 'Maserati'
Key: 'sql.args.4.type'
	Value: '12'
Key: 'sql.args.4.value'
	Value: '3200 GT'
Key: 'sql.args.5.type'
	Value: '4'
Key: 'sql.args.5.value'
	Value: '671909'
Key: 'sql.table'
	Value: 'car'
Key: 'uuid'
	Value: 'f716e4d4-63ef-44f8-93b6-a92a47408814'
--------------------------------------------------
2025-10-16 19:23:43,993 INFO [Timer-Driven Process Thread-9] o.a.n.processors.standard.LogAttribute LogAttribute[id=ecbbdccf-0199-1000-5cee-1e19b9364109] logging for flow file StandardFlowFileRecord[uuid=7a478e27-8289-4b2c-a911-ee7fec98b88d,claim=StandardContentClaim [resourceClaim=StandardResourceClaim[id=1760614923338-1, container=default, section=1], offset=21161, length=94],offset=0,name=2025-10-16_22:23:43_car.csv,size=94]
--------------------------------------------------
FlowFile Properties
Key: 'entryDate'
	Value: 'Thu Oct 16 19:23:43 UTC 2025'
Key: 'lineageStartDate'
	Value: 'Thu Oct 16 19:23:43 UTC 2025'
Key: 'fileSize'
	Value: '94'
FlowFile Attribute Map Content
Key: 'absolute.path'
	Value: '/data/'
Key: 'file.creationTime'
	Value: '2025-10-16T19:23:43+0000'
Key: 'file.group'
	Value: 'nifi'
Key: 'file.lastAccessTime'
	Value: '2025-10-16T19:23:43+0000'
Key: 'file.lastModifiedTime'
	Value: '2025-10-16T19:23:43+0000'
Key: 'file.owner'
	Value: 'nifi'
Key: 'file.permissions'
	Value: 'rw-r--r--'
Key: 'filename'
	Value: '2025-10-16_22:23:43_car.csv'
Key: 'fragment.count'
	Value: '1'
Key: 'fragment.identifier'
	Value: '6ddee396-be43-4cbe-9d64-3ddb645f1dab'
Key: 'fragment.index'
	Value: '0'
Key: 'mime.type'
	Value: 'text/plain'
Key: 'path'
	Value: '/'
Key: 'record.count'
	Value: '10'
Key: 'segment.original.filename'
	Value: '2025-10-16_22:23:43_car.csv'
Key: 'sql.args.1.type'
	Value: '12'
Key: 'sql.args.1.value'
	Value: 'HOZDN5YE1F'
Key: 'sql.args.2.type'
	Value: '12'
Key: 'sql.args.2.value'
	Value: 'T490GT77'
Key: 'sql.args.3.type'
	Value: '12'
Key: 'sql.args.3.value'
	Value: 'Renault'
Key: 'sql.args.4.type'
	Value: '12'
Key: 'sql.args.4.value'
	Value: 'Kadjar'
Key: 'sql.args.5.type'
	Value: '4'
Key: 'sql.args.5.value'
	Value: '974147'
Key: 'sql.table'
	Value: 'car'
Key: 'uuid'
	Value: '7a478e27-8289-4b2c-a911-ee7fec98b88d'
--------------------------------------------------
2025-10-16 19:23:43,994 INFO [Timer-Driven Process Thread-9] o.a.n.processors.standard.LogAttribute LogAttribute[id=ecbbdccf-0199-1000-5cee-1e19b9364109] logging for flow file StandardFlowFileRecord[uuid=f1e0ded9-3ce8-41d0-9fb3-d24d4d530b53,claim=StandardContentClaim [resourceClaim=StandardResourceClaim[id=1760614923338-1, container=default, section=1], offset=21255, length=94],offset=0,name=2025-10-16_22:23:43_car.csv,size=94]
--------------------------------------------------
FlowFile Properties
Key: 'entryDate'
	Value: 'Thu Oct 16 19:23:43 UTC 2025'
Key: 'lineageStartDate'
	Value: 'Thu Oct 16 19:23:43 UTC 2025'
Key: 'fileSize'
	Value: '94'
FlowFile Attribute Map Content
Key: 'absolute.path'
	Value: '/data/'
Key: 'file.creationTime'
	Value: '2025-10-16T19:23:43+0000'
Key: 'file.group'
	Value: 'nifi'
Key: 'file.lastAccessTime'
	Value: '2025-10-16T19:23:43+0000'
Key: 'file.lastModifiedTime'
	Value: '2025-10-16T19:23:43+0000'
Key: 'file.owner'
	Value: 'nifi'
Key: 'file.permissions'
	Value: 'rw-r--r--'
Key: 'filename'
	Value: '2025-10-16_22:23:43_car.csv'
Key: 'fragment.count'
	Value: '1'
Key: 'fragment.identifier'
	Value: '5b2e43c9-02cd-4e99-a7d2-aae619d0d053'
Key: 'fragment.index'
	Value: '0'
Key: 'mime.type'
	Value: 'text/plain'
Key: 'path'
	Value: '/'
Key: 'record.count'
	Value: '10'
Key: 'segment.original.filename'
	Value: '2025-10-16_22:23:43_car.csv'
Key: 'sql.args.1.type'
	Value: '12'
Key: 'sql.args.1.value'
	Value: 'V1E73XQIVI'
Key: 'sql.args.2.type'
	Value: '12'
Key: 'sql.args.2.value'
	Value: 'Z335IZ56'
Key: 'sql.args.3.type'
	Value: '12'
Key: 'sql.args.3.value'
	Value: 'Audi'
Key: 'sql.args.4.type'
	Value: '12'
Key: 'sql.args.4.value'
	Value: 'Q3'
Key: 'sql.args.5.type'
	Value: '4'
Key: 'sql.args.5.value'
	Value: '378702'
Key: 'sql.table'
	Value: 'car'
Key: 'uuid'
	Value: 'f1e0ded9-3ce8-41d0-9fb3-d24d4d530b53'
--------------------------------------------------
2025-10-16 19:23:43,994 INFO [Timer-Driven Process Thread-9] o.a.n.processors.standard.LogAttribute LogAttribute[id=ecbbdccf-0199-1000-5cee-1e19b9364109] logging for flow file StandardFlowFileRecord[uuid=16059b4c-148e-44dd-bdb7-231125bae0a9,claim=StandardContentClaim [resourceClaim=StandardResourceClaim[id=1760614923338-1, container=default, section=1], offset=21349, length=94],offset=0,name=2025-10-16_22:23:43_car.csv,size=94]
--------------------------------------------------
FlowFile Properties
Key: 'entryDate'
	Value: 'Thu Oct 16 19:23:43 UTC 2025'
Key: 'lineageStartDate'
	Value: 'Thu Oct 16 19:23:43 UTC 2025'
Key: 'fileSize'
	Value: '94'
FlowFile Attribute Map Content
Key: 'absolute.path'
	Value: '/data/'
Key: 'file.creationTime'
	Value: '2025-10-16T19:23:43+0000'
Key: 'file.group'
	Value: 'nifi'
Key: 'file.lastAccessTime'
	Value: '2025-10-16T19:23:43+0000'
Key: 'file.lastModifiedTime'
	Value: '2025-10-16T19:23:43+0000'
Key: 'file.owner'
	Value: 'nifi'
Key: 'file.permissions'
	Value: 'rw-r--r--'
Key: 'filename'
	Value: '2025-10-16_22:23:43_car.csv'
Key: 'fragment.count'
	Value: '1'
Key: 'fragment.identifier'
	Value: '626187e1-1163-4861-89ed-b772498ed059'
Key: 'fragment.index'
	Value: '0'
Key: 'mime.type'
	Value: 'text/plain'
Key: 'path'
	Value: '/'
Key: 'record.count'
	Value: '10'
Key: 'segment.original.filename'
	Value: '2025-10-16_22:23:43_car.csv'
Key: 'sql.args.1.type'
	Value: '12'
Key: 'sql.args.1.value'
	Value: 'UO58Q0R6LP'
Key: 'sql.args.2.type'
	Value: '12'
Key: 'sql.args.2.value'
	Value: 'S561EO56'
Key: 'sql.args.3.type'
	Value: '12'
Key: 'sql.args.3.value'
	Value: 'Volvo'
Key: 'sql.args.4.type'
	Value: '12'
Key: 'sql.args.4.value'
	Value: 'V60'
Key: 'sql.args.5.type'
	Value: '4'
Key: 'sql.args.5.value'
	Value: '339257'
Key: 'sql.table'
	Value: 'car'
Key: 'uuid'
	Value: '16059b4c-148e-44dd-bdb7-231125bae0a9'
--------------------------------------------------
2025-10-16 19:23:57,880 INFO [pool-7-thread-1] o.a.n.c.r.WriteAheadFlowFileRepository Initiating checkpoint of FlowFile Repository
2025-10-16 19:23:57,889 INFO [pool-7-thread-1] o.a.n.wali.SequentialAccessWriteAheadLog Checkpointed Write-Ahead Log with 0 Records and 0 Swap Files in 4 milliseconds (Stop-the-world time = 3 milliseconds), max Transaction ID 138
2025-10-16 19:23:57,890 INFO [pool-7-thread-1] o.a.n.c.r.WriteAheadFlowFileRepository Successfully checkpointed FlowFile Repository with 0 records in 4 milliseconds
2025-10-16 19:24:16,887 INFO [Write-Ahead Local State Provider Maintenance] org.wali.MinimalLockingWriteAheadLog org.wali.MinimalLockingWriteAheadLog@e6fbf82 checkpointed with 2 Records and 0 Swap Files in 30 milliseconds (Stop-the-world time = 15 milliseconds, Clear Edit Logs time = 11 millis), max Transaction ID 9
2025-10-16 19:24:17,889 INFO [pool-7-thread-1] o.a.n.c.r.WriteAheadFlowFileRepository Initiating checkpoint of FlowFile Repository
2025-10-16 19:24:17,892 INFO [pool-7-thread-1] o.a.n.c.r.WriteAheadFlowFileRepository Successfully checkpointed FlowFile Repository with 0 records in 0 milliseconds
2025-10-16 19:24:25,513 INFO [Cleanup Archive for default] o.a.n.c.repository.FileSystemRepository Successfully deleted 0 files (0 bytes) from archive
2025-10-16 19:24:25,514 INFO [Cleanup Archive for default] o.a.n.c.repository.FileSystemRepository Archive cleanup completed for container default; will now allow writing to this container. Bytes used = 174.65 GB, bytes free = 53.62 GB, capacity = 228.27 GB
2025-10-16 19:24:37,894 INFO [pool-7-thread-1] o.a.n.c.r.WriteAheadFlowFileRepository Initiating checkpoint of FlowFile Repository
2025-10-16 19:24:37,898 INFO [pool-7-thread-1] o.a.n.c.r.WriteAheadFlowFileRepository Successfully checkpointed FlowFile Repository with 0 records in 0 milliseconds
2025-10-16 19:24:57,897 INFO [pool-7-thread-1] o.a.n.c.r.WriteAheadFlowFileRepository Initiating checkpoint of FlowFile Repository
2025-10-16 19:24:57,897 INFO [pool-7-thread-1] o.a.n.c.r.WriteAheadFlowFileRepository Successfully checkpointed FlowFile Repository with 0 records in 0 milliseconds
2025-10-16 19:25:17,898 INFO [pool-7-thread-1] o.a.n.c.r.WriteAheadFlowFileRepository Initiating checkpoint of FlowFile Repository
2025-10-16 19:25:17,902 INFO [pool-7-thread-1] o.a.n.c.r.WriteAheadFlowFileRepository Successfully checkpointed FlowFile Repository with 0 records in 0 milliseconds
2025-10-16 19:25:25,764 INFO [Cleanup Archive for default] o.a.n.c.repository.FileSystemRepository Successfully deleted 0 files (0 bytes) from archive
2025-10-16 19:25:25,765 INFO [Cleanup Archive for default] o.a.n.c.repository.FileSystemRepository Archive cleanup completed for container default; will now allow writing to this container. Bytes used = 174.65 GB, bytes free = 53.62 GB, capacity = 228.27 GB
2025-10-16 19:25:37,905 INFO [pool-7-thread-1] o.a.n.c.r.WriteAheadFlowFileRepository Initiating checkpoint of FlowFile Repository
2025-10-16 19:25:37,910 INFO [pool-7-thread-1] o.a.n.c.r.WriteAheadFlowFileRepository Successfully checkpointed FlowFile Repository with 0 records in 0 milliseconds
2025-10-16 19:25:46,729 INFO [Timer-Driven Process Thread-3] o.a.n.p.store.WriteAheadStorePartition Successfully rolled over Event Writer for Provenance Event Store Partition[directory=./provenance_repository] due to MAX_TIME_REACHED. Event File was 143.78 KB and contained 132 events.
2025-10-16 19:25:57,908 INFO [pool-7-thread-1] o.a.n.c.r.WriteAheadFlowFileRepository Initiating checkpoint of FlowFile Repository
2025-10-16 19:25:57,909 INFO [pool-7-thread-1] o.a.n.c.r.WriteAheadFlowFileRepository Successfully checkpointed FlowFile Repository with 0 records in 0 milliseconds
2025-10-16 19:26:16,921 INFO [Write-Ahead Local State Provider Maintenance] org.wali.MinimalLockingWriteAheadLog org.wali.MinimalLockingWriteAheadLog@e6fbf82 checkpointed with 2 Records and 0 Swap Files in 39 milliseconds (Stop-the-world time = 25 milliseconds, Clear Edit Logs time = 9 millis), max Transaction ID 9
2025-10-16 19:26:17,909 INFO [pool-7-thread-1] o.a.n.c.r.WriteAheadFlowFileRepository Initiating checkpoint of FlowFile Repository
2025-10-16 19:26:17,911 INFO [pool-7-thread-1] o.a.n.c.r.WriteAheadFlowFileRepository Successfully checkpointed FlowFile Repository with 0 records in 0 milliseconds
2025-10-16 19:26:26,078 INFO [Cleanup Archive for default] o.a.n.c.repository.FileSystemRepository Successfully deleted 0 files (0 bytes) from archive
2025-10-16 19:26:26,078 INFO [Cleanup Archive for default] o.a.n.c.repository.FileSystemRepository Archive cleanup completed for container default; will now allow writing to this container. Bytes used = 174.66 GB, bytes free = 53.62 GB, capacity = 228.27 GB
2025-10-16 19:26:37,912 INFO [pool-7-thread-1] o.a.n.c.r.WriteAheadFlowFileRepository Initiating checkpoint of FlowFile Repository
2025-10-16 19:26:37,920 INFO [pool-7-thread-1] o.a.n.c.r.WriteAheadFlowFileRepository Successfully checkpointed FlowFile Repository with 0 records in 0 milliseconds
2025-10-16 19:26:57,922 INFO [pool-7-thread-1] o.a.n.c.r.WriteAheadFlowFileRepository Initiating checkpoint of FlowFile Repository
2025-10-16 19:26:57,925 INFO [pool-7-thread-1] o.a.n.c.r.WriteAheadFlowFileRepository Successfully checkpointed FlowFile Repository with 0 records in 0 milliseconds
2025-10-16 19:27:17,926 INFO [pool-7-thread-1] o.a.n.c.r.WriteAheadFlowFileRepository Initiating checkpoint of FlowFile Repository
2025-10-16 19:27:17,928 INFO [pool-7-thread-1] o.a.n.c.r.WriteAheadFlowFileRepository Successfully checkpointed FlowFile Repository with 0 records in 0 milliseconds
2025-10-16 19:27:26,362 INFO [Cleanup Archive for default] o.a.n.c.repository.FileSystemRepository Successfully deleted 0 files (0 bytes) from archive
2025-10-16 19:27:26,363 INFO [Cleanup Archive for default] o.a.n.c.repository.FileSystemRepository Archive cleanup completed for container default; will now allow writing to this container. Bytes used = 174.66 GB, bytes free = 53.62 GB, capacity = 228.27 GB
2025-10-16 19:27:37,928 INFO [pool-7-thread-1] o.a.n.c.r.WriteAheadFlowFileRepository Initiating checkpoint of FlowFile Repository
2025-10-16 19:27:37,933 INFO [pool-7-thread-1] o.a.n.c.r.WriteAheadFlowFileRepository Successfully checkpointed FlowFile Repository with 0 records in 0 milliseconds
2025-10-16 19:27:57,932 INFO [pool-7-thread-1] o.a.n.c.r.WriteAheadFlowFileRepository Initiating checkpoint of FlowFile Repository
2025-10-16 19:27:57,938 INFO [pool-7-thread-1] o.a.n.c.r.WriteAheadFlowFileRepository Successfully checkpointed FlowFile Repository with 0 records in 0 milliseconds
2025-10-16 19:28:16,955 INFO [Write-Ahead Local State Provider Maintenance] org.wali.MinimalLockingWriteAheadLog org.wali.MinimalLockingWriteAheadLog@e6fbf82 checkpointed with 2 Records and 0 Swap Files in 37 milliseconds (Stop-the-world time = 20 milliseconds, Clear Edit Logs time = 12 millis), max Transaction ID 9
2025-10-16 19:28:17,940 INFO [pool-7-thread-1] o.a.n.c.r.WriteAheadFlowFileRepository Initiating checkpoint of FlowFile Repository
2025-10-16 19:28:17,941 INFO [pool-7-thread-1] o.a.n.c.r.WriteAheadFlowFileRepository Successfully checkpointed FlowFile Repository with 0 records in 0 milliseconds
2025-10-16 19:28:26,676 INFO [Cleanup Archive for default] o.a.n.c.repository.FileSystemRepository Successfully deleted 0 files (0 bytes) from archive
2025-10-16 19:28:26,677 INFO [Cleanup Archive for default] o.a.n.c.repository.FileSystemRepository Archive cleanup completed for container default; will now allow writing to this container. Bytes used = 174.66 GB, bytes free = 53.62 GB, capacity = 228.27 GB
2025-10-16 19:28:37,944 INFO [pool-7-thread-1] o.a.n.c.r.WriteAheadFlowFileRepository Initiating checkpoint of FlowFile Repository
2025-10-16 19:28:37,948 INFO [pool-7-thread-1] o.a.n.c.r.WriteAheadFlowFileRepository Successfully checkpointed FlowFile Repository with 0 records in 0 milliseconds
2025-10-16 19:28:57,948 INFO [pool-7-thread-1] o.a.n.c.r.WriteAheadFlowFileRepository Initiating checkpoint of FlowFile Repository
2025-10-16 19:28:57,951 INFO [pool-7-thread-1] o.a.n.c.r.WriteAheadFlowFileRepository Successfully checkpointed FlowFile Repository with 0 records in 0 milliseconds
2025-10-16 19:29:19,983 INFO [pool-7-thread-1] o.a.n.c.r.WriteAheadFlowFileRepository Initiating checkpoint of FlowFile Repository
2025-10-16 19:29:19,985 INFO [pool-7-thread-1] o.a.n.c.r.WriteAheadFlowFileRepository Successfully checkpointed FlowFile Repository with 0 records in 0 milliseconds
2025-10-16 19:29:29,028 INFO [Cleanup Archive for default] o.a.n.c.repository.FileSystemRepository Successfully deleted 0 files (0 bytes) from archive
2025-10-16 19:29:29,029 INFO [Cleanup Archive for default] o.a.n.c.repository.FileSystemRepository Archive cleanup completed for container default; will now allow writing to this container. Bytes used = 174.66 GB, bytes free = 53.62 GB, capacity = 228.27 GB
2025-10-16 19:29:39,986 INFO [pool-7-thread-1] o.a.n.c.r.WriteAheadFlowFileRepository Initiating checkpoint of FlowFile Repository
2025-10-16 19:29:39,989 INFO [pool-7-thread-1] o.a.n.c.r.WriteAheadFlowFileRepository Successfully checkpointed FlowFile Repository with 0 records in 0 milliseconds
2025-10-16 19:29:40,828 INFO [NiFi Web Server-117] o.a.n.c.s.StandardProcessScheduler Stopping ConvertRecord[id=ecbc19c0-0199-1000-df2c-1dfb00b8a42a]
2025-10-16 19:29:40,828 INFO [NiFi Web Server-117] o.a.n.controller.StandardProcessorNode Stopping processor: ConvertRecord[id=ecbc19c0-0199-1000-df2c-1dfb00b8a42a]
2025-10-16 19:29:40,829 INFO [Timer-Driven Process Thread-3] o.a.n.c.s.TimerDrivenSchedulingAgent Stopped scheduling ConvertRecord[id=ecbc19c0-0199-1000-df2c-1dfb00b8a42a] to run
2025-10-16 19:29:40,831 INFO [Timer-Driven Process Thread-3] o.a.n.controller.StandardProcessorNode ConvertRecord[id=ecbc19c0-0199-1000-df2c-1dfb00b8a42a] has completely stopped. Completing any associated Futures.
2025-10-16 19:29:40,855 INFO [NiFi Web Server-117] o.a.n.c.s.StandardProcessScheduler Disabling StandardControllerServiceNode[service=CSVReader[id=ecbea2b7-0199-1000-e4f6-48d22f543b06], name=CSVReader, active=true]
2025-10-16 19:29:40,859 INFO [Timer-Driven Process Thread-3] o.a.n.c.service.ServiceStateTransition StandardControllerServiceNode[service=CSVReader[id=ecbea2b7-0199-1000-e4f6-48d22f543b06], name=CSVReader, active=false] is now fully DISABLED
2025-10-16 19:29:41,080 INFO [Flow Service Tasks Thread-1] o.a.nifi.controller.StandardFlowService Saved flow controller org.apache.nifi.controller.FlowController@5a33fa7d // Another save pending = false
2025-10-16 19:29:46,004 INFO [NiFi Web Server-123] o.a.n.c.s.StandardProcessScheduler Disabling StandardControllerServiceNode[service=JsonRecordSetWriter[id=ecbe8761-0199-1000-4d18-946d7fe27c98], name=JsonRecordSetWriter, active=true]
2025-10-16 19:29:46,005 INFO [Timer-Driven Process Thread-3] o.a.n.c.service.ServiceStateTransition StandardControllerServiceNode[service=JsonRecordSetWriter[id=ecbe8761-0199-1000-4d18-946d7fe27c98], name=JsonRecordSetWriter, active=false] is now fully DISABLED
2025-10-16 19:29:46,109 INFO [Flow Service Tasks Thread-1] o.a.nifi.controller.StandardFlowService Saved flow controller org.apache.nifi.controller.FlowController@5a33fa7d // Another save pending = false
2025-10-16 19:29:59,993 INFO [pool-7-thread-1] o.a.n.c.r.WriteAheadFlowFileRepository Initiating checkpoint of FlowFile Repository
2025-10-16 19:29:59,996 INFO [pool-7-thread-1] o.a.n.c.r.WriteAheadFlowFileRepository Successfully checkpointed FlowFile Repository with 0 records in 0 milliseconds
2025-10-16 19:30:19,015 INFO [Write-Ahead Local State Provider Maintenance] org.wali.MinimalLockingWriteAheadLog org.wali.MinimalLockingWriteAheadLog@e6fbf82 checkpointed with 2 Records and 0 Swap Files in 31 milliseconds (Stop-the-world time = 19 milliseconds, Clear Edit Logs time = 9 millis), max Transaction ID 9
2025-10-16 19:30:19,996 INFO [pool-7-thread-1] o.a.n.c.r.WriteAheadFlowFileRepository Initiating checkpoint of FlowFile Repository
2025-10-16 19:30:19,997 INFO [pool-7-thread-1] o.a.n.c.r.WriteAheadFlowFileRepository Successfully checkpointed FlowFile Repository with 0 records in 0 milliseconds
2025-10-16 19:30:29,335 INFO [Cleanup Archive for default] o.a.n.c.repository.FileSystemRepository Successfully deleted 0 files (0 bytes) from archive
2025-10-16 19:30:29,336 INFO [Cleanup Archive for default] o.a.n.c.repository.FileSystemRepository Archive cleanup completed for container default; will now allow writing to this container. Bytes used = 174.66 GB, bytes free = 53.61 GB, capacity = 228.27 GB
2025-10-16 19:30:31,281 INFO [NiFi Web Server-123] o.a.nifi.controller.ExtensionBuilder Created Controller Service of type org.apache.nifi.csv.CSVReader with identifier ee80a0e8-0199-1000-dccb-62504ebf842d
2025-10-16 19:30:31,282 INFO [NiFi Web Server-123] o.a.nifi.groups.StandardProcessGroup StandardControllerServiceNode[service=CSVReader[id=ee80a0e8-0199-1000-dccb-62504ebf842d], name=CSVCarReader, active=false] added to StandardProcessGroup[identifier=ecba9bfb-0199-1000-35f6-b3d6044d7b9b,name=NiFi Flow]
2025-10-16 19:30:31,794 INFO [Flow Service Tasks Thread-2] o.a.nifi.controller.StandardFlowService Saved flow controller org.apache.nifi.controller.FlowController@5a33fa7d // Another save pending = false
2025-10-16 19:30:39,998 INFO [pool-7-thread-1] o.a.n.c.r.WriteAheadFlowFileRepository Initiating checkpoint of FlowFile Repository
2025-10-16 19:30:40,008 INFO [pool-7-thread-1] o.a.n.c.r.WriteAheadFlowFileRepository Successfully checkpointed FlowFile Repository with 0 records in 0 milliseconds
2025-10-16 19:30:48,359 INFO [Flow Service Tasks Thread-1] o.a.nifi.controller.StandardFlowService Saved flow controller org.apache.nifi.controller.FlowController@5a33fa7d // Another save pending = false
2025-10-16 19:31:00,009 INFO [pool-7-thread-1] o.a.n.c.r.WriteAheadFlowFileRepository Initiating checkpoint of FlowFile Repository
2025-10-16 19:31:00,018 INFO [pool-7-thread-1] o.a.n.c.r.WriteAheadFlowFileRepository Successfully checkpointed FlowFile Repository with 0 records in 0 milliseconds
2025-10-16 19:31:20,019 INFO [pool-7-thread-1] o.a.n.c.r.WriteAheadFlowFileRepository Initiating checkpoint of FlowFile Repository
2025-10-16 19:31:20,027 INFO [pool-7-thread-1] o.a.n.c.r.WriteAheadFlowFileRepository Successfully checkpointed FlowFile Repository with 0 records in 0 milliseconds
2025-10-16 19:31:29,645 INFO [Cleanup Archive for default] o.a.n.c.repository.FileSystemRepository Successfully deleted 0 files (0 bytes) from archive
2025-10-16 19:31:29,645 INFO [Cleanup Archive for default] o.a.n.c.repository.FileSystemRepository Archive cleanup completed for container default; will now allow writing to this container. Bytes used = 174.66 GB, bytes free = 53.61 GB, capacity = 228.27 GB
2025-10-16 19:31:40,029 INFO [pool-7-thread-1] o.a.n.c.r.WriteAheadFlowFileRepository Initiating checkpoint of FlowFile Repository
2025-10-16 19:31:40,033 INFO [pool-7-thread-1] o.a.n.c.r.WriteAheadFlowFileRepository Successfully checkpointed FlowFile Repository with 0 records in 0 milliseconds
2025-10-16 19:32:00,035 INFO [pool-7-thread-1] o.a.n.c.r.WriteAheadFlowFileRepository Initiating checkpoint of FlowFile Repository
2025-10-16 19:32:00,040 INFO [pool-7-thread-1] o.a.n.c.r.WriteAheadFlowFileRepository Successfully checkpointed FlowFile Repository with 0 records in 0 milliseconds
2025-10-16 19:32:19,053 INFO [Write-Ahead Local State Provider Maintenance] org.wali.MinimalLockingWriteAheadLog org.wali.MinimalLockingWriteAheadLog@e6fbf82 checkpointed with 2 Records and 0 Swap Files in 40 milliseconds (Stop-the-world time = 27 milliseconds, Clear Edit Logs time = 9 millis), max Transaction ID 9
2025-10-16 19:32:20,042 INFO [pool-7-thread-1] o.a.n.c.r.WriteAheadFlowFileRepository Initiating checkpoint of FlowFile Repository
2025-10-16 19:32:20,051 INFO [pool-7-thread-1] o.a.n.c.r.WriteAheadFlowFileRepository Successfully checkpointed FlowFile Repository with 0 records in 0 milliseconds
2025-10-16 19:32:29,930 INFO [Cleanup Archive for default] o.a.n.c.repository.FileSystemRepository Successfully deleted 0 files (0 bytes) from archive
2025-10-16 19:32:29,932 INFO [Cleanup Archive for default] o.a.n.c.repository.FileSystemRepository Archive cleanup completed for container default; will now allow writing to this container. Bytes used = 174.66 GB, bytes free = 53.61 GB, capacity = 228.27 GB
2025-10-16 19:32:40,054 INFO [pool-7-thread-1] o.a.n.c.r.WriteAheadFlowFileRepository Initiating checkpoint of FlowFile Repository
2025-10-16 19:32:40,069 INFO [pool-7-thread-1] o.a.n.c.r.WriteAheadFlowFileRepository Successfully checkpointed FlowFile Repository with 0 records in 1 milliseconds
2025-10-16 19:33:00,070 INFO [pool-7-thread-1] o.a.n.c.r.WriteAheadFlowFileRepository Initiating checkpoint of FlowFile Repository
2025-10-16 19:33:00,078 INFO [pool-7-thread-1] o.a.n.c.r.WriteAheadFlowFileRepository Successfully checkpointed FlowFile Repository with 0 records in 0 milliseconds
2025-10-16 19:33:20,081 INFO [pool-7-thread-1] o.a.n.c.r.WriteAheadFlowFileRepository Initiating checkpoint of FlowFile Repository
2025-10-16 19:33:20,091 INFO [pool-7-thread-1] o.a.n.c.r.WriteAheadFlowFileRepository Successfully checkpointed FlowFile Repository with 0 records in 0 milliseconds
2025-10-16 19:33:30,251 INFO [Cleanup Archive for default] o.a.n.c.repository.FileSystemRepository Successfully deleted 0 files (0 bytes) from archive
2025-10-16 19:33:30,252 INFO [Cleanup Archive for default] o.a.n.c.repository.FileSystemRepository Archive cleanup completed for container default; will now allow writing to this container. Bytes used = 174.66 GB, bytes free = 53.61 GB, capacity = 228.27 GB
2025-10-16 19:33:40,094 INFO [pool-7-thread-1] o.a.n.c.r.WriteAheadFlowFileRepository Initiating checkpoint of FlowFile Repository
2025-10-16 19:33:40,099 INFO [pool-7-thread-1] o.a.n.c.r.WriteAheadFlowFileRepository Successfully checkpointed FlowFile Repository with 0 records in 0 milliseconds
2025-10-16 19:34:00,100 INFO [pool-7-thread-1] o.a.n.c.r.WriteAheadFlowFileRepository Initiating checkpoint of FlowFile Repository
2025-10-16 19:34:00,105 INFO [pool-7-thread-1] o.a.n.c.r.WriteAheadFlowFileRepository Successfully checkpointed FlowFile Repository with 0 records in 0 milliseconds
2025-10-16 19:34:17,152 INFO [Flow Service Tasks Thread-2] o.a.nifi.controller.StandardFlowService Saved flow controller org.apache.nifi.controller.FlowController@5a33fa7d // Another save pending = false
2025-10-16 19:34:19,094 INFO [Write-Ahead Local State Provider Maintenance] org.wali.MinimalLockingWriteAheadLog org.wali.MinimalLockingWriteAheadLog@e6fbf82 checkpointed with 2 Records and 0 Swap Files in 43 milliseconds (Stop-the-world time = 29 milliseconds, Clear Edit Logs time = 8 millis), max Transaction ID 9
2025-10-16 19:34:20,107 INFO [pool-7-thread-1] o.a.n.c.r.WriteAheadFlowFileRepository Initiating checkpoint of FlowFile Repository
2025-10-16 19:34:20,116 INFO [pool-7-thread-1] o.a.n.c.r.WriteAheadFlowFileRepository Successfully checkpointed FlowFile Repository with 0 records in 0 milliseconds
2025-10-16 19:34:26,208 INFO [Flow Service Tasks Thread-2] o.a.nifi.controller.StandardFlowService Saved flow controller org.apache.nifi.controller.FlowController@5a33fa7d // Another save pending = false
2025-10-16 19:34:30,565 INFO [Cleanup Archive for default] o.a.n.c.repository.FileSystemRepository Successfully deleted 0 files (0 bytes) from archive
2025-10-16 19:34:30,565 INFO [Cleanup Archive for default] o.a.n.c.repository.FileSystemRepository Archive cleanup completed for container default; will now allow writing to this container. Bytes used = 174.67 GB, bytes free = 53.61 GB, capacity = 228.27 GB
2025-10-16 19:34:40,118 INFO [pool-7-thread-1] o.a.n.c.r.WriteAheadFlowFileRepository Initiating checkpoint of FlowFile Repository
2025-10-16 19:34:40,122 INFO [pool-7-thread-1] o.a.n.c.r.WriteAheadFlowFileRepository Successfully checkpointed FlowFile Repository with 0 records in 0 milliseconds
2025-10-16 19:34:49,284 INFO [Flow Service Tasks Thread-1] o.a.nifi.controller.StandardFlowService Saved flow controller org.apache.nifi.controller.FlowController@5a33fa7d // Another save pending = false
2025-10-16 19:34:53,637 INFO [NiFi Web Server-122] o.a.n.c.s.StandardProcessScheduler Enabling StandardControllerServiceNode[service=CSVReader[id=ee80a0e8-0199-1000-dccb-62504ebf842d], name=CSVCarReader, active=false]
2025-10-16 19:34:53,650 INFO [Timer-Driven Process Thread-10] o.a.n.c.s.StandardControllerServiceNode Successfully enabled StandardControllerServiceNode[service=CSVReader[id=ee80a0e8-0199-1000-dccb-62504ebf842d], name=CSVCarReader, active=true]
2025-10-16 19:34:53,835 INFO [Flow Service Tasks Thread-1] o.a.nifi.controller.StandardFlowService Saved flow controller org.apache.nifi.controller.FlowController@5a33fa7d // Another save pending = false
2025-10-16 19:35:00,122 INFO [pool-7-thread-1] o.a.n.c.r.WriteAheadFlowFileRepository Initiating checkpoint of FlowFile Repository
2025-10-16 19:35:00,125 INFO [pool-7-thread-1] o.a.n.c.r.WriteAheadFlowFileRepository Successfully checkpointed FlowFile Repository with 0 records in 0 milliseconds
2025-10-16 19:35:20,072 INFO [pool-7-thread-1] o.a.n.c.r.WriteAheadFlowFileRepository Initiating checkpoint of FlowFile Repository
2025-10-16 19:35:20,082 INFO [pool-7-thread-1] o.a.n.c.r.WriteAheadFlowFileRepository Successfully checkpointed FlowFile Repository with 0 records in 0 milliseconds
2025-10-16 19:35:30,813 INFO [Cleanup Archive for default] o.a.n.c.repository.FileSystemRepository Successfully deleted 0 files (0 bytes) from archive
2025-10-16 19:35:30,814 INFO [Cleanup Archive for default] o.a.n.c.repository.FileSystemRepository Archive cleanup completed for container default; will now allow writing to this container. Bytes used = 174.67 GB, bytes free = 53.6 GB, capacity = 228.27 GB
2025-10-16 19:35:40,084 INFO [pool-7-thread-1] o.a.n.c.r.WriteAheadFlowFileRepository Initiating checkpoint of FlowFile Repository
2025-10-16 19:35:40,091 INFO [pool-7-thread-1] o.a.n.c.r.WriteAheadFlowFileRepository Successfully checkpointed FlowFile Repository with 0 records in 0 milliseconds
2025-10-16 19:35:46,585 INFO [NiFi Web Server-107] o.a.n.c.s.StandardProcessScheduler Disabling StandardControllerServiceNode[service=CSVReader[id=ee80a0e8-0199-1000-dccb-62504ebf842d], name=CSVCarReader, active=true]
2025-10-16 19:35:46,587 INFO [Timer-Driven Process Thread-2] o.a.n.c.service.ServiceStateTransition StandardControllerServiceNode[service=CSVReader[id=ee80a0e8-0199-1000-dccb-62504ebf842d], name=CSVCarReader, active=false] is now fully DISABLED
2025-10-16 19:35:46,982 INFO [Flow Service Tasks Thread-1] o.a.nifi.controller.StandardFlowService Saved flow controller org.apache.nifi.controller.FlowController@5a33fa7d // Another save pending = false
2025-10-16 19:36:00,090 INFO [pool-7-thread-1] o.a.n.c.r.WriteAheadFlowFileRepository Initiating checkpoint of FlowFile Repository
2025-10-16 19:36:00,102 INFO [pool-7-thread-1] o.a.n.c.r.WriteAheadFlowFileRepository Successfully checkpointed FlowFile Repository with 0 records in 0 milliseconds
2025-10-16 19:36:19,070 INFO [Write-Ahead Local State Provider Maintenance] org.wali.MinimalLockingWriteAheadLog org.wali.MinimalLockingWriteAheadLog@e6fbf82 checkpointed with 2 Records and 0 Swap Files in 35 milliseconds (Stop-the-world time = 21 milliseconds, Clear Edit Logs time = 10 millis), max Transaction ID 9
2025-10-16 19:36:20,103 INFO [pool-7-thread-1] o.a.n.c.r.WriteAheadFlowFileRepository Initiating checkpoint of FlowFile Repository
2025-10-16 19:36:20,112 INFO [pool-7-thread-1] o.a.n.c.r.WriteAheadFlowFileRepository Successfully checkpointed FlowFile Repository with 0 records in 0 milliseconds
2025-10-16 19:36:31,126 INFO [Cleanup Archive for default] o.a.n.c.repository.FileSystemRepository Successfully deleted 0 files (0 bytes) from archive
2025-10-16 19:36:31,126 INFO [Cleanup Archive for default] o.a.n.c.repository.FileSystemRepository Archive cleanup completed for container default; will now allow writing to this container. Bytes used = 174.67 GB, bytes free = 53.61 GB, capacity = 228.27 GB
2025-10-16 19:36:37,201 INFO [Flow Service Tasks Thread-1] o.a.nifi.controller.StandardFlowService Saved flow controller org.apache.nifi.controller.FlowController@5a33fa7d // Another save pending = false
2025-10-16 19:36:40,037 INFO [NiFi Web Server-123] o.a.n.c.s.StandardProcessScheduler Enabling StandardControllerServiceNode[service=CSVReader[id=ee80a0e8-0199-1000-dccb-62504ebf842d], name=CSVCarReader, active=false]
2025-10-16 19:36:40,039 INFO [Timer-Driven Process Thread-1] o.a.n.c.s.StandardControllerServiceNode Successfully enabled StandardControllerServiceNode[service=CSVReader[id=ee80a0e8-0199-1000-dccb-62504ebf842d], name=CSVCarReader, active=true]
2025-10-16 19:36:40,114 INFO [pool-7-thread-1] o.a.n.c.r.WriteAheadFlowFileRepository Initiating checkpoint of FlowFile Repository
2025-10-16 19:36:40,114 INFO [pool-7-thread-1] o.a.n.c.r.WriteAheadFlowFileRepository Successfully checkpointed FlowFile Repository with 0 records in 0 milliseconds
2025-10-16 19:36:40,237 INFO [Flow Service Tasks Thread-1] o.a.nifi.controller.StandardFlowService Saved flow controller org.apache.nifi.controller.FlowController@5a33fa7d // Another save pending = false
2025-10-16 19:37:00,114 INFO [pool-7-thread-1] o.a.n.c.r.WriteAheadFlowFileRepository Initiating checkpoint of FlowFile Repository
2025-10-16 19:37:00,129 INFO [pool-7-thread-1] o.a.n.c.r.WriteAheadFlowFileRepository Successfully checkpointed FlowFile Repository with 0 records in 0 milliseconds
2025-10-16 19:37:51,469 INFO [pool-7-thread-1] o.a.n.c.r.WriteAheadFlowFileRepository Initiating checkpoint of FlowFile Repository
2025-10-16 19:37:51,479 INFO [pool-7-thread-1] o.a.n.c.r.WriteAheadFlowFileRepository Successfully checkpointed FlowFile Repository with 0 records in 0 milliseconds
2025-10-16 19:38:02,699 INFO [Cleanup Archive for default] o.a.n.c.repository.FileSystemRepository Successfully deleted 0 files (0 bytes) from archive
2025-10-16 19:38:02,700 INFO [Cleanup Archive for default] o.a.n.c.repository.FileSystemRepository Archive cleanup completed for container default; will now allow writing to this container. Bytes used = 174.66 GB, bytes free = 53.62 GB, capacity = 228.27 GB
2025-10-16 19:38:11,482 INFO [pool-7-thread-1] o.a.n.c.r.WriteAheadFlowFileRepository Initiating checkpoint of FlowFile Repository
2025-10-16 19:38:11,492 INFO [pool-7-thread-1] o.a.n.c.r.WriteAheadFlowFileRepository Successfully checkpointed FlowFile Repository with 0 records in 0 milliseconds
2025-10-16 19:39:03,090 INFO [pool-7-thread-1] o.a.n.c.r.WriteAheadFlowFileRepository Initiating checkpoint of FlowFile Repository
2025-10-16 19:39:03,094 INFO [pool-7-thread-1] o.a.n.c.r.WriteAheadFlowFileRepository Successfully checkpointed FlowFile Repository with 0 records in 0 milliseconds
2025-10-16 19:39:22,061 INFO [Write-Ahead Local State Provider Maintenance] org.wali.MinimalLockingWriteAheadLog org.wali.MinimalLockingWriteAheadLog@e6fbf82 checkpointed with 2 Records and 0 Swap Files in 53 milliseconds (Stop-the-world time = 39 milliseconds, Clear Edit Logs time = 8 millis), max Transaction ID 9
2025-10-16 19:39:23,095 INFO [pool-7-thread-1] o.a.n.c.r.WriteAheadFlowFileRepository Initiating checkpoint of FlowFile Repository
2025-10-16 19:39:23,096 INFO [pool-7-thread-1] o.a.n.c.r.WriteAheadFlowFileRepository Successfully checkpointed FlowFile Repository with 0 records in 0 milliseconds
2025-10-16 19:39:34,599 INFO [Cleanup Archive for default] o.a.n.c.repository.FileSystemRepository Successfully deleted 0 files (0 bytes) from archive
2025-10-16 19:39:34,600 INFO [Cleanup Archive for default] o.a.n.c.repository.FileSystemRepository Archive cleanup completed for container default; will now allow writing to this container. Bytes used = 174.66 GB, bytes free = 53.61 GB, capacity = 228.27 GB
2025-10-16 19:39:43,098 INFO [pool-7-thread-1] o.a.n.c.r.WriteAheadFlowFileRepository Initiating checkpoint of FlowFile Repository
2025-10-16 19:39:43,100 INFO [pool-7-thread-1] o.a.n.c.r.WriteAheadFlowFileRepository Successfully checkpointed FlowFile Repository with 0 records in 0 milliseconds
2025-10-16 19:40:03,217 INFO [pool-7-thread-1] o.a.n.c.r.WriteAheadFlowFileRepository Initiating checkpoint of FlowFile Repository
2025-10-16 19:40:03,220 INFO [pool-7-thread-1] o.a.n.c.r.WriteAheadFlowFileRepository Successfully checkpointed FlowFile Repository with 0 records in 0 milliseconds
2025-10-16 19:40:23,228 INFO [pool-7-thread-1] o.a.n.c.r.WriteAheadFlowFileRepository Initiating checkpoint of FlowFile Repository
2025-10-16 19:40:23,229 INFO [pool-7-thread-1] o.a.n.c.r.WriteAheadFlowFileRepository Successfully checkpointed FlowFile Repository with 0 records in 0 milliseconds
2025-10-16 19:40:34,973 INFO [Cleanup Archive for default] o.a.n.c.repository.FileSystemRepository Successfully deleted 0 files (0 bytes) from archive
2025-10-16 19:40:34,973 INFO [Cleanup Archive for default] o.a.n.c.repository.FileSystemRepository Archive cleanup completed for container default; will now allow writing to this container. Bytes used = 174.66 GB, bytes free = 53.61 GB, capacity = 228.27 GB
2025-10-16 19:40:43,233 INFO [pool-7-thread-1] o.a.n.c.r.WriteAheadFlowFileRepository Initiating checkpoint of FlowFile Repository
2025-10-16 19:40:43,234 INFO [pool-7-thread-1] o.a.n.c.r.WriteAheadFlowFileRepository Successfully checkpointed FlowFile Repository with 0 records in 0 milliseconds
2025-10-16 19:41:34,414 INFO [pool-7-thread-1] o.a.n.c.r.WriteAheadFlowFileRepository Initiating checkpoint of FlowFile Repository
2025-10-16 19:41:34,417 INFO [pool-7-thread-1] o.a.n.c.r.WriteAheadFlowFileRepository Successfully checkpointed FlowFile Repository with 0 records in 0 milliseconds
2025-10-16 19:42:23,806 INFO [Write-Ahead Local State Provider Maintenance] org.wali.MinimalLockingWriteAheadLog org.wali.MinimalLockingWriteAheadLog@e6fbf82 checkpointed with 2 Records and 0 Swap Files in 45 milliseconds (Stop-the-world time = 30 milliseconds, Clear Edit Logs time = 11 millis), max Transaction ID 9
2025-10-16 19:42:24,822 INFO [pool-7-thread-1] o.a.n.c.r.WriteAheadFlowFileRepository Initiating checkpoint of FlowFile Repository
2025-10-16 19:42:24,824 INFO [pool-7-thread-1] o.a.n.c.r.WriteAheadFlowFileRepository Successfully checkpointed FlowFile Repository with 0 records in 0 milliseconds
2025-10-16 19:42:36,866 INFO [Cleanup Archive for default] o.a.n.c.repository.FileSystemRepository Successfully deleted 0 files (0 bytes) from archive
2025-10-16 19:42:36,866 INFO [Cleanup Archive for default] o.a.n.c.repository.FileSystemRepository Archive cleanup completed for container default; will now allow writing to this container. Bytes used = 174.66 GB, bytes free = 53.61 GB, capacity = 228.27 GB
2025-10-16 19:42:44,827 INFO [pool-7-thread-1] o.a.n.c.r.WriteAheadFlowFileRepository Initiating checkpoint of FlowFile Repository
2025-10-16 19:42:44,829 INFO [pool-7-thread-1] o.a.n.c.r.WriteAheadFlowFileRepository Successfully checkpointed FlowFile Repository with 0 records in 0 milliseconds
2025-10-16 19:43:04,830 INFO [pool-7-thread-1] o.a.n.c.r.WriteAheadFlowFileRepository Initiating checkpoint of FlowFile Repository
2025-10-16 19:43:04,832 INFO [pool-7-thread-1] o.a.n.c.r.WriteAheadFlowFileRepository Successfully checkpointed FlowFile Repository with 0 records in 0 milliseconds
2025-10-16 19:43:56,165 INFO [pool-7-thread-1] o.a.n.c.r.WriteAheadFlowFileRepository Initiating checkpoint of FlowFile Repository
2025-10-16 19:43:56,166 INFO [pool-7-thread-1] o.a.n.c.r.WriteAheadFlowFileRepository Successfully checkpointed FlowFile Repository with 0 records in 0 milliseconds
2025-10-16 19:44:08,495 INFO [Cleanup Archive for default] o.a.n.c.repository.FileSystemRepository Successfully deleted 0 files (0 bytes) from archive
2025-10-16 19:44:08,495 INFO [Cleanup Archive for default] o.a.n.c.repository.FileSystemRepository Archive cleanup completed for container default; will now allow writing to this container. Bytes used = 175.96 GB, bytes free = 52.31 GB, capacity = 228.27 GB
2025-10-16 19:44:16,172 INFO [pool-7-thread-1] o.a.n.c.r.WriteAheadFlowFileRepository Initiating checkpoint of FlowFile Repository
2025-10-16 19:44:16,177 INFO [pool-7-thread-1] o.a.n.c.r.WriteAheadFlowFileRepository Successfully checkpointed FlowFile Repository with 0 records in 0 milliseconds
2025-10-16 19:45:07,236 INFO [pool-7-thread-1] o.a.n.c.r.WriteAheadFlowFileRepository Initiating checkpoint of FlowFile Repository
2025-10-16 19:45:07,238 INFO [pool-7-thread-1] o.a.n.c.r.WriteAheadFlowFileRepository Successfully checkpointed FlowFile Repository with 0 records in 0 milliseconds
2025-10-16 19:45:26,232 INFO [Write-Ahead Local State Provider Maintenance] org.wali.MinimalLockingWriteAheadLog org.wali.MinimalLockingWriteAheadLog@e6fbf82 checkpointed with 2 Records and 0 Swap Files in 43 milliseconds (Stop-the-world time = 29 milliseconds, Clear Edit Logs time = 11 millis), max Transaction ID 9
2025-10-16 19:45:27,239 INFO [pool-7-thread-1] o.a.n.c.r.WriteAheadFlowFileRepository Initiating checkpoint of FlowFile Repository
2025-10-16 19:45:27,240 INFO [pool-7-thread-1] o.a.n.c.r.WriteAheadFlowFileRepository Successfully checkpointed FlowFile Repository with 0 records in 0 milliseconds
2025-10-16 19:45:40,006 INFO [Cleanup Archive for default] o.a.n.c.repository.FileSystemRepository Successfully deleted 0 files (0 bytes) from archive
2025-10-16 19:45:40,006 INFO [Cleanup Archive for default] o.a.n.c.repository.FileSystemRepository Archive cleanup completed for container default; will now allow writing to this container. Bytes used = 175.96 GB, bytes free = 52.31 GB, capacity = 228.27 GB
2025-10-16 19:45:47,241 INFO [pool-7-thread-1] o.a.n.c.r.WriteAheadFlowFileRepository Initiating checkpoint of FlowFile Repository
2025-10-16 19:45:47,244 INFO [pool-7-thread-1] o.a.n.c.r.WriteAheadFlowFileRepository Successfully checkpointed FlowFile Repository with 0 records in 0 milliseconds
