2025-10-16 11:04:04,071 INFO [Cleanup Archive for default] o.a.n.c.repository.FileSystemRepository Successfully deleted 0 files (0 bytes) from archive
2025-10-16 11:04:04,075 INFO [Cleanup Archive for default] o.a.n.c.repository.FileSystemRepository Archive cleanup completed for container default; will now allow writing to this container. Bytes used = 176.26 GB, bytes free = 52.02 GB, capacity = 228.27 GB
2025-10-16 11:04:04,677 INFO [pool-7-thread-1] o.a.n.c.r.WriteAheadFlowFileRepository Initiating checkpoint of FlowFile Repository
2025-10-16 11:04:04,679 INFO [pool-7-thread-1] o.a.n.c.r.WriteAheadFlowFileRepository Successfully checkpointed FlowFile Repository with 0 records in 0 milliseconds
2025-10-16 11:04:24,681 INFO [pool-7-thread-1] o.a.n.c.r.WriteAheadFlowFileRepository Initiating checkpoint of FlowFile Repository
2025-10-16 11:04:24,684 INFO [pool-7-thread-1] o.a.n.c.r.WriteAheadFlowFileRepository Successfully checkpointed FlowFile Repository with 0 records in 0 milliseconds
2025-10-16 11:04:27,716 INFO [NiFi Web Server-85] o.a.nifi.groups.StandardProcessGroup LogAttribute[id=ecb150ee-0199-1000-ac4d-3e881271ad48] added to StandardProcessGroup[identifier=eca531e5-0199-1000-e2c2-ece5a8bb3933,name=NiFi Flow]
2025-10-16 11:04:27,813 INFO [Flow Service Tasks Thread-1] o.a.nifi.controller.StandardFlowService Saved flow controller org.apache.nifi.controller.FlowController@c321018 // Another save pending = false
2025-10-16 11:04:28,847 INFO [Flow Service Tasks Thread-1] o.a.nifi.controller.StandardFlowService Saved flow controller org.apache.nifi.controller.FlowController@c321018 // Another save pending = false
2025-10-16 11:12:30,705 INFO [Flow Service Tasks Thread-1] o.a.nifi.controller.StandardFlowService Saved flow controller org.apache.nifi.controller.FlowController@c321018 // Another save pending = false
2025-10-16 11:12:45,534 INFO [pool-7-thread-1] o.a.n.c.r.WriteAheadFlowFileRepository Initiating checkpoint of FlowFile Repository
2025-10-16 11:12:45,535 INFO [pool-7-thread-1] o.a.n.c.r.WriteAheadFlowFileRepository Successfully checkpointed FlowFile Repository with 0 records in 0 milliseconds
2025-10-16 11:13:04,156 INFO [Write-Ahead Local State Provider Maintenance] org.wali.MinimalLockingWriteAheadLog org.wali.MinimalLockingWriteAheadLog@229050ef checkpointed with 2 Records and 0 Swap Files in 46 milliseconds (Stop-the-world time = 34 milliseconds, Clear Edit Logs time = 9 millis), max Transaction ID 1
2025-10-16 11:13:05,244 INFO [Cleanup Archive for default] o.a.n.c.repository.FileSystemRepository Successfully deleted 0 files (0 bytes) from archive
2025-10-16 11:13:05,244 INFO [Cleanup Archive for default] o.a.n.c.repository.FileSystemRepository Archive cleanup completed for container default; will now allow writing to this container. Bytes used = 176.2 GB, bytes free = 52.07 GB, capacity = 228.27 GB
2025-10-16 11:13:05,535 INFO [pool-7-thread-1] o.a.n.c.r.WriteAheadFlowFileRepository Initiating checkpoint of FlowFile Repository
2025-10-16 11:13:05,537 INFO [pool-7-thread-1] o.a.n.c.r.WriteAheadFlowFileRepository Successfully checkpointed FlowFile Repository with 0 records in 0 milliseconds
2025-10-16 11:13:21,087 INFO [Flow Service Tasks Thread-2] o.a.nifi.controller.StandardFlowService Saved flow controller org.apache.nifi.controller.FlowController@c321018 // Another save pending = false
2025-10-16 11:13:22,095 INFO [Flow Service Tasks Thread-2] o.a.nifi.controller.StandardFlowService Saved flow controller org.apache.nifi.controller.FlowController@c321018 // Another save pending = false
2025-10-16 11:13:25,539 INFO [pool-7-thread-1] o.a.n.c.r.WriteAheadFlowFileRepository Initiating checkpoint of FlowFile Repository
2025-10-16 11:13:25,540 INFO [pool-7-thread-1] o.a.n.c.r.WriteAheadFlowFileRepository Successfully checkpointed FlowFile Repository with 0 records in 0 milliseconds
2025-10-16 11:13:44,214 INFO [Flow Service Tasks Thread-2] o.a.nifi.controller.StandardFlowService Saved flow controller org.apache.nifi.controller.FlowController@c321018 // Another save pending = false
2025-10-16 11:13:45,541 INFO [pool-7-thread-1] o.a.n.c.r.WriteAheadFlowFileRepository Initiating checkpoint of FlowFile Repository
2025-10-16 11:13:45,544 INFO [pool-7-thread-1] o.a.n.c.r.WriteAheadFlowFileRepository Successfully checkpointed FlowFile Repository with 0 records in 0 milliseconds
2025-10-16 11:14:05,423 INFO [Cleanup Archive for default] o.a.n.c.repository.FileSystemRepository Successfully deleted 0 files (0 bytes) from archive
2025-10-16 11:14:05,424 INFO [Cleanup Archive for default] o.a.n.c.repository.FileSystemRepository Archive cleanup completed for container default; will now allow writing to this container. Bytes used = 176.2 GB, bytes free = 52.08 GB, capacity = 228.27 GB
2025-10-16 11:14:05,550 INFO [pool-7-thread-1] o.a.n.c.r.WriteAheadFlowFileRepository Initiating checkpoint of FlowFile Repository
2025-10-16 11:14:05,550 INFO [pool-7-thread-1] o.a.n.c.r.WriteAheadFlowFileRepository Successfully checkpointed FlowFile Repository with 0 records in 0 milliseconds
2025-10-16 11:14:15,040 INFO [pool-2-thread-2] org.apache.nifi.BootstrapListener Received SHUTDOWN request from Bootstrap
2025-10-16 11:14:15,041 INFO [pool-2-thread-2] org.apache.nifi.NiFi Application Server shutdown started
2025-10-16 11:14:15,052 INFO [pool-2-thread-2] o.eclipse.jetty.server.AbstractConnector Stopped ServerConnector@229cb4d8{HTTP/1.1, (http/1.1)}{0.0.0.0:8080}
2025-10-16 11:14:15,052 INFO [pool-2-thread-2] org.eclipse.jetty.server.session node0 Stopped scavenging
2025-10-16 11:14:24,856 INFO [main] org.apache.nifi.NiFi Launching NiFi...
2025-10-16 11:14:24,887 INFO [main] o.a.nifi.properties.NiFiPropertiesLoader Loading Application Properties [/opt/nifi/nifi-current/./conf/nifi.properties]
2025-10-16 11:14:24,891 INFO [main] org.apache.nifi.NiFi Application Properties loaded [204]
2025-10-16 11:14:24,905 INFO [main] org.apache.nifi.BootstrapListener Started Bootstrap Listener, Listening for incoming requests on port 39571
2025-10-16 11:14:24,910 INFO [main] org.apache.nifi.BootstrapListener Successfully initiated communication with Bootstrap
2025-10-16 11:14:24,918 INFO [main] org.apache.nifi.nar.NarUnpacker Expanding 131 NAR files started
2025-10-16 11:14:29,298 INFO [main] org.apache.nifi.nar.NarUnpacker Expanded 131 NAR files in 4.38 seconds (4380493294 ns)
2025-10-16 11:14:30,615 INFO [main] org.apache.nifi.nar.NarClassLoaders Loaded NAR file: /opt/nifi/nifi-current/./work/nar/extensions/nifi-jetty-bundle-1.24.0.nar-unpacked as class loader org.apache.nifi.nar.NarClassLoader[./work/nar/extensions/nifi-jetty-bundle-1.24.0.nar-unpacked]
2025-10-16 11:14:30,619 INFO [main] org.apache.nifi.nar.NarClassLoaders Loaded NAR file: /opt/nifi/nifi-current/./work/nar/framework/nifi-framework-nar-1.24.0.nar-unpacked as class loader org.apache.nifi.nar.NarClassLoader[./work/nar/framework/nifi-framework-nar-1.24.0.nar-unpacked]
2025-10-16 11:14:30,693 INFO [main] org.apache.nifi.nar.NarClassLoaders Loaded NAR file: /opt/nifi/nifi-current/./work/nar/extensions/nifi-update-attribute-nar-1.24.0.nar-unpacked as class loader org.apache.nifi.nar.NarClassLoader[./work/nar/extensions/nifi-update-attribute-nar-1.24.0.nar-unpacked]
2025-10-16 11:14:30,694 INFO [main] org.apache.nifi.nar.NarClassLoaders Loaded NAR file: /opt/nifi/nifi-current/./work/nar/extensions/nifi-spring-nar-1.24.0.nar-unpacked as class loader org.apache.nifi.nar.NarClassLoader[./work/nar/extensions/nifi-spring-nar-1.24.0.nar-unpacked]
2025-10-16 11:14:30,695 INFO [main] org.apache.nifi.nar.NarClassLoaders Loaded NAR file: /opt/nifi/nifi-current/./work/nar/extensions/nifi-compress-nar-1.24.0.nar-unpacked as class loader org.apache.nifi.nar.NarClassLoader[./work/nar/extensions/nifi-compress-nar-1.24.0.nar-unpacked]
2025-10-16 11:14:30,696 INFO [main] org.apache.nifi.nar.NarClassLoaders Loaded NAR file: /opt/nifi/nifi-current/./work/nar/extensions/nifi-image-viewer-nar-1.24.0.nar-unpacked as class loader org.apache.nifi.nar.NarClassLoader[./work/nar/extensions/nifi-image-viewer-nar-1.24.0.nar-unpacked]
2025-10-16 11:14:30,696 INFO [main] org.apache.nifi.nar.NarClassLoaders Loaded NAR file: /opt/nifi/nifi-current/./work/nar/extensions/nifi-ldap-iaa-providers-nar-1.24.0.nar-unpacked as class loader org.apache.nifi.nar.NarClassLoader[./work/nar/extensions/nifi-ldap-iaa-providers-nar-1.24.0.nar-unpacked]
2025-10-16 11:14:30,701 INFO [main] org.apache.nifi.nar.NarClassLoaders Loaded NAR file: /opt/nifi/nifi-current/./work/nar/extensions/nifi-provenance-repository-nar-1.24.0.nar-unpacked as class loader org.apache.nifi.nar.NarClassLoader[./work/nar/extensions/nifi-provenance-repository-nar-1.24.0.nar-unpacked]
2025-10-16 11:14:30,708 INFO [main] org.apache.nifi.nar.NarClassLoaders Loaded NAR file: /opt/nifi/nifi-current/./work/nar/extensions/nifi-standard-services-api-nar-1.24.0.nar-unpacked as class loader org.apache.nifi.nar.NarClassLoader[./work/nar/extensions/nifi-standard-services-api-nar-1.24.0.nar-unpacked]
2025-10-16 11:14:30,711 INFO [main] org.apache.nifi.nar.NarClassLoaders Loaded NAR file: /opt/nifi/nifi-current/./work/nar/extensions/nifi-email-nar-1.24.0.nar-unpacked as class loader org.apache.nifi.nar.NarClassLoader[./work/nar/extensions/nifi-email-nar-1.24.0.nar-unpacked]
2025-10-16 11:14:30,722 INFO [main] org.apache.nifi.nar.NarClassLoaders Loaded NAR file: /opt/nifi/nifi-current/./work/nar/extensions/nifi-asana-services-api-nar-1.24.0.nar-unpacked as class loader org.apache.nifi.nar.NarClassLoader[./work/nar/extensions/nifi-asana-services-api-nar-1.24.0.nar-unpacked]
2025-10-16 11:14:30,726 INFO [main] org.apache.nifi.nar.NarClassLoaders Loaded NAR file: /opt/nifi/nifi-current/./work/nar/extensions/nifi-ambari-nar-1.24.0.nar-unpacked as class loader org.apache.nifi.nar.NarClassLoader[./work/nar/extensions/nifi-ambari-nar-1.24.0.nar-unpacked]
2025-10-16 11:14:30,727 INFO [main] org.apache.nifi.nar.NarClassLoaders Loaded NAR file: /opt/nifi/nifi-current/./work/nar/extensions/nifi-windows-event-log-nar-1.24.0.nar-unpacked as class loader org.apache.nifi.nar.NarClassLoader[./work/nar/extensions/nifi-windows-event-log-nar-1.24.0.nar-unpacked]
2025-10-16 11:14:30,746 INFO [main] org.apache.nifi.nar.NarClassLoaders Loaded NAR file: /opt/nifi/nifi-current/./work/nar/extensions/nifi-ssl-context-service-nar-1.24.0.nar-unpacked as class loader org.apache.nifi.nar.NarClassLoader[./work/nar/extensions/nifi-ssl-context-service-nar-1.24.0.nar-unpacked]
2025-10-16 11:14:30,750 INFO [main] org.apache.nifi.nar.NarClassLoaders Loaded NAR file: /opt/nifi/nifi-current/./work/nar/extensions/nifi-kerberos-iaa-providers-nar-1.24.0.nar-unpacked as class loader org.apache.nifi.nar.NarClassLoader[./work/nar/extensions/nifi-kerberos-iaa-providers-nar-1.24.0.nar-unpacked]
2025-10-16 11:14:30,751 INFO [main] org.apache.nifi.nar.NarClassLoaders Loaded NAR file: /opt/nifi/nifi-current/./work/nar/extensions/nifi-html-nar-1.24.0.nar-unpacked as class loader org.apache.nifi.nar.NarClassLoader[./work/nar/extensions/nifi-html-nar-1.24.0.nar-unpacked]
2025-10-16 11:14:30,752 INFO [main] org.apache.nifi.nar.NarClassLoaders Loaded NAR file: /opt/nifi/nifi-current/./work/nar/extensions/nifi-rethinkdb-nar-1.24.0.nar-unpacked as class loader org.apache.nifi.nar.NarClassLoader[./work/nar/extensions/nifi-rethinkdb-nar-1.24.0.nar-unpacked]
2025-10-16 11:14:30,753 INFO [main] org.apache.nifi.nar.NarClassLoaders Loaded NAR file: /opt/nifi/nifi-current/./work/nar/extensions/nifi-hl7-nar-1.24.0.nar-unpacked as class loader org.apache.nifi.nar.NarClassLoader[./work/nar/extensions/nifi-hl7-nar-1.24.0.nar-unpacked]
2025-10-16 11:14:30,754 INFO [main] org.apache.nifi.nar.NarClassLoaders Loaded NAR file: /opt/nifi/nifi-current/./work/nar/extensions/nifi-cybersecurity-nar-1.24.0.nar-unpacked as class loader org.apache.nifi.nar.NarClassLoader[./work/nar/extensions/nifi-cybersecurity-nar-1.24.0.nar-unpacked]
2025-10-16 11:14:30,754 INFO [main] org.apache.nifi.nar.NarClassLoaders Loaded NAR file: /opt/nifi/nifi-current/./work/nar/extensions/nifi-http-context-map-nar-1.24.0.nar-unpacked as class loader org.apache.nifi.nar.NarClassLoader[./work/nar/extensions/nifi-http-context-map-nar-1.24.0.nar-unpacked]
2025-10-16 11:14:30,755 INFO [main] org.apache.nifi.nar.NarClassLoaders Loaded NAR file: /opt/nifi/nifi-current/./work/nar/extensions/nifi-kafka-2-0-nar-1.24.0.nar-unpacked as class loader org.apache.nifi.nar.NarClassLoader[./work/nar/extensions/nifi-kafka-2-0-nar-1.24.0.nar-unpacked]
2025-10-16 11:14:30,756 INFO [main] org.apache.nifi.nar.NarClassLoaders Loaded NAR file: /opt/nifi/nifi-current/./work/nar/extensions/nifi-ccda-nar-1.24.0.nar-unpacked as class loader org.apache.nifi.nar.NarClassLoader[./work/nar/extensions/nifi-ccda-nar-1.24.0.nar-unpacked]
2025-10-16 11:14:30,758 INFO [main] org.apache.nifi.nar.NarClassLoaders Loaded NAR file: /opt/nifi/nifi-current/./work/nar/extensions/nifi-stateless-nar-1.24.0.nar-unpacked as class loader org.apache.nifi.nar.NarClassLoader[./work/nar/extensions/nifi-stateless-nar-1.24.0.nar-unpacked]
2025-10-16 11:14:30,765 INFO [main] org.apache.nifi.nar.NarClassLoaders Loaded NAR file: /opt/nifi/nifi-current/./work/nar/extensions/nifi-server-nar-1.24.0.nar-unpacked as class loader org.apache.nifi.nar.NarClassLoader[./work/nar/extensions/nifi-server-nar-1.24.0.nar-unpacked]
2025-10-16 11:14:30,778 INFO [main] org.apache.nifi.nar.NarClassLoaders Loaded NAR file: /opt/nifi/nifi-current/./work/nar/extensions/nifi-metrics-reporter-service-api-nar-1.24.0.nar-unpacked as class loader org.apache.nifi.nar.NarClassLoader[./work/nar/extensions/nifi-metrics-reporter-service-api-nar-1.24.0.nar-unpacked]
2025-10-16 11:14:30,779 INFO [main] org.apache.nifi.nar.NarClassLoaders Loaded NAR file: /opt/nifi/nifi-current/./work/nar/extensions/nifi-prometheus-nar-1.24.0.nar-unpacked as class loader org.apache.nifi.nar.NarClassLoader[./work/nar/extensions/nifi-prometheus-nar-1.24.0.nar-unpacked]
2025-10-16 11:14:30,780 INFO [main] org.apache.nifi.nar.NarClassLoaders Loaded NAR file: /opt/nifi/nifi-current/./work/nar/extensions/nifi-evtx-nar-1.24.0.nar-unpacked as class loader org.apache.nifi.nar.NarClassLoader[./work/nar/extensions/nifi-evtx-nar-1.24.0.nar-unpacked]
2025-10-16 11:14:30,781 INFO [main] org.apache.nifi.nar.NarClassLoaders Loaded NAR file: /opt/nifi/nifi-current/./work/nar/extensions/nifi-single-user-iaa-providers-nar-1.24.0.nar-unpacked as class loader org.apache.nifi.nar.NarClassLoader[./work/nar/extensions/nifi-single-user-iaa-providers-nar-1.24.0.nar-unpacked]
2025-10-16 11:14:30,781 INFO [main] org.apache.nifi.nar.NarClassLoaders Loaded NAR file: /opt/nifi/nifi-current/./work/nar/extensions/nifi-workday-processors-nar-1.24.0.nar-unpacked as class loader org.apache.nifi.nar.NarClassLoader[./work/nar/extensions/nifi-workday-processors-nar-1.24.0.nar-unpacked]
2025-10-16 11:14:30,782 INFO [main] org.apache.nifi.nar.NarClassLoaders Loaded NAR file: /opt/nifi/nifi-current/./work/nar/extensions/nifi-asana-processors-nar-1.24.0.nar-unpacked as class loader org.apache.nifi.nar.NarClassLoader[./work/nar/extensions/nifi-asana-processors-nar-1.24.0.nar-unpacked]
2025-10-16 11:14:30,783 INFO [main] org.apache.nifi.nar.NarClassLoaders Loaded NAR file: /opt/nifi/nifi-current/./work/nar/extensions/nifi-websocket-services-api-nar-1.24.0.nar-unpacked as class loader org.apache.nifi.nar.NarClassLoader[./work/nar/extensions/nifi-websocket-services-api-nar-1.24.0.nar-unpacked]
2025-10-16 11:14:30,783 INFO [main] org.apache.nifi.nar.NarClassLoaders Loaded NAR file: /opt/nifi/nifi-current/./work/nar/extensions/nifi-kerberos-credentials-service-nar-1.24.0.nar-unpacked as class loader org.apache.nifi.nar.NarClassLoader[./work/nar/extensions/nifi-kerberos-credentials-service-nar-1.24.0.nar-unpacked]
2025-10-16 11:14:30,784 INFO [main] org.apache.nifi.nar.NarClassLoaders Loaded NAR file: /opt/nifi/nifi-current/./work/nar/extensions/nifi-tcp-nar-1.24.0.nar-unpacked as class loader org.apache.nifi.nar.NarClassLoader[./work/nar/extensions/nifi-tcp-nar-1.24.0.nar-unpacked]
2025-10-16 11:14:30,784 INFO [main] org.apache.nifi.nar.NarClassLoaders Loaded NAR file: /opt/nifi/nifi-current/./work/nar/extensions/nifi-file-resource-service-nar-1.24.0.nar-unpacked as class loader org.apache.nifi.nar.NarClassLoader[./work/nar/extensions/nifi-file-resource-service-nar-1.24.0.nar-unpacked]
2025-10-16 11:14:30,784 INFO [main] org.apache.nifi.nar.NarClassLoaders Loaded NAR file: /opt/nifi/nifi-current/./work/nar/extensions/nifi-amqp-nar-1.24.0.nar-unpacked as class loader org.apache.nifi.nar.NarClassLoader[./work/nar/extensions/nifi-amqp-nar-1.24.0.nar-unpacked]
2025-10-16 11:14:30,785 INFO [main] org.apache.nifi.nar.NarClassLoaders Loaded NAR file: /opt/nifi/nifi-current/./work/nar/extensions/nifi-kafka-1-0-nar-1.24.0.nar-unpacked as class loader org.apache.nifi.nar.NarClassLoader[./work/nar/extensions/nifi-kafka-1-0-nar-1.24.0.nar-unpacked]
2025-10-16 11:14:30,786 INFO [main] org.apache.nifi.nar.NarClassLoaders Loaded NAR file: /opt/nifi/nifi-current/./work/nar/extensions/nifi-websocket-processors-nar-1.24.0.nar-unpacked as class loader org.apache.nifi.nar.NarClassLoader[./work/nar/extensions/nifi-websocket-processors-nar-1.24.0.nar-unpacked]
2025-10-16 11:14:30,787 INFO [main] org.apache.nifi.nar.NarClassLoaders Loaded NAR file: /opt/nifi/nifi-current/./work/nar/extensions/nifi-distributed-cache-services-nar-1.24.0.nar-unpacked as class loader org.apache.nifi.nar.NarClassLoader[./work/nar/extensions/nifi-distributed-cache-services-nar-1.24.0.nar-unpacked]
2025-10-16 11:14:30,789 INFO [main] org.apache.nifi.nar.NarClassLoaders Loaded NAR file: /opt/nifi/nifi-current/./work/nar/extensions/nifi-hazelcast-services-api-nar-1.24.0.nar-unpacked as class loader org.apache.nifi.nar.NarClassLoader[./work/nar/extensions/nifi-hazelcast-services-api-nar-1.24.0.nar-unpacked]
2025-10-16 11:14:30,790 INFO [main] org.apache.nifi.nar.NarClassLoaders Loaded NAR file: /opt/nifi/nifi-current/./work/nar/extensions/nifi-stateful-analysis-nar-1.24.0.nar-unpacked as class loader org.apache.nifi.nar.NarClassLoader[./work/nar/extensions/nifi-stateful-analysis-nar-1.24.0.nar-unpacked]
2025-10-16 11:14:30,790 INFO [main] org.apache.nifi.nar.NarClassLoaders Loaded NAR file: /opt/nifi/nifi-current/./work/nar/extensions/nifi-proxy-configuration-nar-1.24.0.nar-unpacked as class loader org.apache.nifi.nar.NarClassLoader[./work/nar/extensions/nifi-proxy-configuration-nar-1.24.0.nar-unpacked]
2025-10-16 11:14:30,791 INFO [main] org.apache.nifi.nar.NarClassLoaders Loaded NAR file: /opt/nifi/nifi-current/./work/nar/extensions/nifi-kerberos-user-service-nar-1.24.0.nar-unpacked as class loader org.apache.nifi.nar.NarClassLoader[./work/nar/extensions/nifi-kerberos-user-service-nar-1.24.0.nar-unpacked]
2025-10-16 11:14:30,791 INFO [main] org.apache.nifi.nar.NarClassLoaders Loaded NAR file: /opt/nifi/nifi-current/./work/nar/extensions/nifi-websocket-services-jetty-nar-1.24.0.nar-unpacked as class loader org.apache.nifi.nar.NarClassLoader[./work/nar/extensions/nifi-websocket-services-jetty-nar-1.24.0.nar-unpacked]
2025-10-16 11:14:30,792 INFO [main] org.apache.nifi.nar.NarClassLoaders Loaded NAR file: /opt/nifi/nifi-current/./work/nar/extensions/nifi-asana-services-nar-1.24.0.nar-unpacked as class loader org.apache.nifi.nar.NarClassLoader[./work/nar/extensions/nifi-asana-services-nar-1.24.0.nar-unpacked]
2025-10-16 11:14:30,793 INFO [main] org.apache.nifi.nar.NarClassLoaders Loaded NAR file: /opt/nifi/nifi-current/./work/nar/extensions/nifi-hwx-schema-registry-nar-1.24.0.nar-unpacked as class loader org.apache.nifi.nar.NarClassLoader[./work/nar/extensions/nifi-hwx-schema-registry-nar-1.24.0.nar-unpacked]
2025-10-16 11:14:30,796 INFO [main] org.apache.nifi.nar.NarClassLoaders Loaded NAR file: /opt/nifi/nifi-current/./work/nar/extensions/nifi-couchbase-services-api-nar-1.24.0.nar-unpacked as class loader org.apache.nifi.nar.NarClassLoader[./work/nar/extensions/nifi-couchbase-services-api-nar-1.24.0.nar-unpacked]
2025-10-16 11:14:30,797 INFO [main] org.apache.nifi.nar.NarClassLoaders Loaded NAR file: /opt/nifi/nifi-current/./work/nar/extensions/nifi-hadoop-dbcp-service-nar-1.24.0.nar-unpacked as class loader org.apache.nifi.nar.NarClassLoader[./work/nar/extensions/nifi-hadoop-dbcp-service-nar-1.24.0.nar-unpacked]
2025-10-16 11:14:30,798 INFO [main] org.apache.nifi.nar.NarClassLoaders Loaded NAR file: /opt/nifi/nifi-current/./work/nar/extensions/nifi-dbcp-service-nar-1.24.0.nar-unpacked as class loader org.apache.nifi.nar.NarClassLoader[./work/nar/extensions/nifi-dbcp-service-nar-1.24.0.nar-unpacked]
2025-10-16 11:14:30,799 INFO [main] org.apache.nifi.nar.NarClassLoaders Loaded NAR file: /opt/nifi/nifi-current/./work/nar/extensions/nifi-standard-shared-nar-1.24.0.nar-unpacked as class loader org.apache.nifi.nar.NarClassLoader[./work/nar/extensions/nifi-standard-shared-nar-1.24.0.nar-unpacked]
2025-10-16 11:14:30,805 INFO [main] org.apache.nifi.nar.NarClassLoaders Loaded NAR file: /opt/nifi/nifi-current/./work/nar/extensions/nifi-hbase_2-client-service-nar-1.24.0.nar-unpacked as class loader org.apache.nifi.nar.NarClassLoader[./work/nar/extensions/nifi-hbase_2-client-service-nar-1.24.0.nar-unpacked]
2025-10-16 11:14:30,831 INFO [main] org.apache.nifi.nar.NarClassLoaders Loaded NAR file: /opt/nifi/nifi-current/./work/nar/extensions/nifi-hubspot-nar-1.24.0.nar-unpacked as class loader org.apache.nifi.nar.NarClassLoader[./work/nar/extensions/nifi-hubspot-nar-1.24.0.nar-unpacked]
2025-10-16 11:14:30,832 INFO [main] org.apache.nifi.nar.NarClassLoaders Loaded NAR file: /opt/nifi/nifi-current/./work/nar/extensions/nifi-cassandra-services-api-nar-1.24.0.nar-unpacked as class loader org.apache.nifi.nar.NarClassLoader[./work/nar/extensions/nifi-cassandra-services-api-nar-1.24.0.nar-unpacked]
2025-10-16 11:14:30,833 INFO [main] org.apache.nifi.nar.NarClassLoaders Loaded NAR file: /opt/nifi/nifi-current/./work/nar/extensions/nifi-mongodb-client-service-api-nar-1.24.0.nar-unpacked as class loader org.apache.nifi.nar.NarClassLoader[./work/nar/extensions/nifi-mongodb-client-service-api-nar-1.24.0.nar-unpacked]
2025-10-16 11:14:30,834 INFO [main] org.apache.nifi.nar.NarClassLoaders Loaded NAR file: /opt/nifi/nifi-current/./work/nar/extensions/nifi-grpc-nar-1.24.0.nar-unpacked as class loader org.apache.nifi.nar.NarClassLoader[./work/nar/extensions/nifi-grpc-nar-1.24.0.nar-unpacked]
2025-10-16 11:14:30,836 INFO [main] org.apache.nifi.nar.NarClassLoaders Loaded NAR file: /opt/nifi/nifi-current/./work/nar/extensions/nifi-web-client-provider-service-nar-1.24.0.nar-unpacked as class loader org.apache.nifi.nar.NarClassLoader[./work/nar/extensions/nifi-web-client-provider-service-nar-1.24.0.nar-unpacked]
2025-10-16 11:14:30,838 INFO [main] org.apache.nifi.nar.NarClassLoaders Loaded NAR file: /opt/nifi/nifi-current/./work/nar/extensions/nifi-metrics-reporting-nar-1.24.0.nar-unpacked as class loader org.apache.nifi.nar.NarClassLoader[./work/nar/extensions/nifi-metrics-reporting-nar-1.24.0.nar-unpacked]
2025-10-16 11:14:30,838 INFO [main] org.apache.nifi.nar.NarClassLoaders Loaded NAR file: /opt/nifi/nifi-current/./work/nar/extensions/nifi-zendesk-nar-1.24.0.nar-unpacked as class loader org.apache.nifi.nar.NarClassLoader[./work/nar/extensions/nifi-zendesk-nar-1.24.0.nar-unpacked]
2025-10-16 11:14:30,839 INFO [main] org.apache.nifi.nar.NarClassLoaders Loaded NAR file: /opt/nifi/nifi-current/./work/nar/extensions/nifi-shopify-nar-1.24.0.nar-unpacked as class loader org.apache.nifi.nar.NarClassLoader[./work/nar/extensions/nifi-shopify-nar-1.24.0.nar-unpacked]
2025-10-16 11:14:30,839 INFO [main] org.apache.nifi.nar.NarClassLoaders Loaded NAR file: /opt/nifi/nifi-current/./work/nar/extensions/nifi-cassandra-services-nar-1.24.0.nar-unpacked as class loader org.apache.nifi.nar.NarClassLoader[./work/nar/extensions/nifi-cassandra-services-nar-1.24.0.nar-unpacked]
2025-10-16 11:14:30,842 INFO [main] org.apache.nifi.nar.NarClassLoaders Loaded NAR file: /opt/nifi/nifi-current/./work/nar/extensions/nifi-redis-service-api-nar-1.24.0.nar-unpacked as class loader org.apache.nifi.nar.NarClassLoader[./work/nar/extensions/nifi-redis-service-api-nar-1.24.0.nar-unpacked]
2025-10-16 11:14:30,843 INFO [main] org.apache.nifi.nar.NarClassLoaders Loaded NAR file: /opt/nifi/nifi-current/./work/nar/extensions/nifi-jolt-record-nar-1.24.0.nar-unpacked as class loader org.apache.nifi.nar.NarClassLoader[./work/nar/extensions/nifi-jolt-record-nar-1.24.0.nar-unpacked]
2025-10-16 11:14:30,843 INFO [main] org.apache.nifi.nar.NarClassLoaders Loaded NAR file: /opt/nifi/nifi-current/./work/nar/extensions/nifi-site-to-site-reporting-nar-1.24.0.nar-unpacked as class loader org.apache.nifi.nar.NarClassLoader[./work/nar/extensions/nifi-site-to-site-reporting-nar-1.24.0.nar-unpacked]
2025-10-16 11:14:30,844 INFO [main] org.apache.nifi.nar.NarClassLoaders Loaded NAR file: /opt/nifi/nifi-current/./work/nar/extensions/nifi-hazelcast-services-nar-1.24.0.nar-unpacked as class loader org.apache.nifi.nar.NarClassLoader[./work/nar/extensions/nifi-hazelcast-services-nar-1.24.0.nar-unpacked]
2025-10-16 11:14:30,847 INFO [main] org.apache.nifi.nar.NarClassLoaders Loaded NAR file: /opt/nifi/nifi-current/./work/nar/extensions/nifi-datadog-nar-1.24.0.nar-unpacked as class loader org.apache.nifi.nar.NarClassLoader[./work/nar/extensions/nifi-datadog-nar-1.24.0.nar-unpacked]
2025-10-16 11:14:30,848 INFO [main] org.apache.nifi.nar.NarClassLoaders Loaded NAR file: /opt/nifi/nifi-current/./work/nar/extensions/nifi-couchbase-nar-1.24.0.nar-unpacked as class loader org.apache.nifi.nar.NarClassLoader[./work/nar/extensions/nifi-couchbase-nar-1.24.0.nar-unpacked]
2025-10-16 11:14:30,848 INFO [main] org.apache.nifi.nar.NarClassLoaders Loaded NAR file: /opt/nifi/nifi-current/./work/nar/extensions/nifi-kafka-2-6-nar-1.24.0.nar-unpacked as class loader org.apache.nifi.nar.NarClassLoader[./work/nar/extensions/nifi-kafka-2-6-nar-1.24.0.nar-unpacked]
2025-10-16 11:14:30,851 INFO [main] org.apache.nifi.nar.NarClassLoaders Loaded NAR file: /opt/nifi/nifi-current/./work/nar/extensions/nifi-network-processors-nar-1.24.0.nar-unpacked as class loader org.apache.nifi.nar.NarClassLoader[./work/nar/extensions/nifi-network-processors-nar-1.24.0.nar-unpacked]
2025-10-16 11:14:30,852 INFO [main] org.apache.nifi.nar.NarClassLoaders Loaded NAR file: /opt/nifi/nifi-current/./work/nar/extensions/nifi-record-sink-service-nar-1.24.0.nar-unpacked as class loader org.apache.nifi.nar.NarClassLoader[./work/nar/extensions/nifi-record-sink-service-nar-1.24.0.nar-unpacked]
2025-10-16 11:14:30,853 INFO [main] org.apache.nifi.nar.NarClassLoaders Loaded NAR file: /opt/nifi/nifi-current/./work/nar/extensions/nifi-key-service-nar-1.24.0.nar-unpacked as class loader org.apache.nifi.nar.NarClassLoader[./work/nar/extensions/nifi-key-service-nar-1.24.0.nar-unpacked]
2025-10-16 11:14:30,854 INFO [main] org.apache.nifi.nar.NarClassLoaders Loaded NAR file: /opt/nifi/nifi-current/./work/nar/extensions/nifi-stateless-processor-nar-1.24.0.nar-unpacked as class loader org.apache.nifi.nar.NarClassLoader[./work/nar/extensions/nifi-stateless-processor-nar-1.24.0.nar-unpacked]
2025-10-16 11:14:30,855 INFO [main] org.apache.nifi.nar.NarClassLoaders Loaded NAR file: /opt/nifi/nifi-current/./work/nar/extensions/nifi-hbase-nar-1.24.0.nar-unpacked as class loader org.apache.nifi.nar.NarClassLoader[./work/nar/extensions/nifi-hbase-nar-1.24.0.nar-unpacked]
2025-10-16 11:14:30,855 INFO [main] org.apache.nifi.nar.NarClassLoaders Loaded NAR file: /opt/nifi/nifi-current/./work/nar/extensions/nifi-jslt-nar-1.24.0.nar-unpacked as class loader org.apache.nifi.nar.NarClassLoader[./work/nar/extensions/nifi-jslt-nar-1.24.0.nar-unpacked]
2025-10-16 11:14:30,856 INFO [main] org.apache.nifi.nar.NarClassLoaders Loaded NAR file: /opt/nifi/nifi-current/./work/nar/extensions/nifi-smb-client-api-nar-1.24.0.nar-unpacked as class loader org.apache.nifi.nar.NarClassLoader[./work/nar/extensions/nifi-smb-client-api-nar-1.24.0.nar-unpacked]
2025-10-16 11:14:30,856 INFO [main] org.apache.nifi.nar.NarClassLoaders Loaded NAR file: /opt/nifi/nifi-current/./work/nar/extensions/nifi-registry-nar-1.24.0.nar-unpacked as class loader org.apache.nifi.nar.NarClassLoader[./work/nar/extensions/nifi-registry-nar-1.24.0.nar-unpacked]
2025-10-16 11:14:30,857 INFO [main] org.apache.nifi.nar.NarClassLoaders Loaded NAR file: /opt/nifi/nifi-current/./work/nar/extensions/nifi-redis-nar-1.24.0.nar-unpacked as class loader org.apache.nifi.nar.NarClassLoader[./work/nar/extensions/nifi-redis-nar-1.24.0.nar-unpacked]
2025-10-16 11:14:30,858 INFO [main] org.apache.nifi.nar.NarClassLoaders Loaded NAR file: /opt/nifi/nifi-current/./work/nar/extensions/nifi-pgp-service-api-nar-1.24.0.nar-unpacked as class loader org.apache.nifi.nar.NarClassLoader[./work/nar/extensions/nifi-pgp-service-api-nar-1.24.0.nar-unpacked]
2025-10-16 11:14:30,858 INFO [main] org.apache.nifi.nar.NarClassLoaders Loaded NAR file: /opt/nifi/nifi-current/./work/nar/extensions/nifi-aws-service-api-nar-1.24.0.nar-unpacked as class loader org.apache.nifi.nar.NarClassLoader[./work/nar/extensions/nifi-aws-service-api-nar-1.24.0.nar-unpacked]
2025-10-16 11:14:30,867 INFO [main] org.apache.nifi.nar.NarClassLoaders Loaded NAR file: /opt/nifi/nifi-current/./work/nar/extensions/nifi-dropbox-services-api-nar-1.24.0.nar-unpacked as class loader org.apache.nifi.nar.NarClassLoader[./work/nar/extensions/nifi-dropbox-services-api-nar-1.24.0.nar-unpacked]
2025-10-16 11:14:30,868 INFO [main] org.apache.nifi.nar.NarClassLoaders Loaded NAR file: /opt/nifi/nifi-current/./work/nar/extensions/nifi-flow-registry-client-nar-1.24.0.nar-unpacked as class loader org.apache.nifi.nar.NarClassLoader[./work/nar/extensions/nifi-flow-registry-client-nar-1.24.0.nar-unpacked]
2025-10-16 11:14:30,869 INFO [main] org.apache.nifi.nar.NarClassLoaders Loaded NAR file: /opt/nifi/nifi-current/./work/nar/extensions/nifi-gcp-services-api-nar-1.24.0.nar-unpacked as class loader org.apache.nifi.nar.NarClassLoader[./work/nar/extensions/nifi-gcp-services-api-nar-1.24.0.nar-unpacked]
2025-10-16 11:14:30,871 INFO [main] org.apache.nifi.nar.NarClassLoaders Loaded NAR file: /opt/nifi/nifi-current/./work/nar/extensions/nifi-elasticsearch-client-service-api-nar-1.24.0.nar-unpacked as class loader org.apache.nifi.nar.NarClassLoader[./work/nar/extensions/nifi-elasticsearch-client-service-api-nar-1.24.0.nar-unpacked]
2025-10-16 11:14:30,872 INFO [main] org.apache.nifi.nar.NarClassLoaders Loaded NAR file: /opt/nifi/nifi-current/./work/nar/extensions/nifi-airtable-nar-1.24.0.nar-unpacked as class loader org.apache.nifi.nar.NarClassLoader[./work/nar/extensions/nifi-airtable-nar-1.24.0.nar-unpacked]
2025-10-16 11:14:30,872 INFO [main] org.apache.nifi.nar.NarClassLoaders Loaded NAR file: /opt/nifi/nifi-current/./work/nar/extensions/nifi-language-translation-nar-1.24.0.nar-unpacked as class loader org.apache.nifi.nar.NarClassLoader[./work/nar/extensions/nifi-language-translation-nar-1.24.0.nar-unpacked]
2025-10-16 11:14:30,878 INFO [main] org.apache.nifi.nar.NarClassLoaders Loaded NAR file: /opt/nifi/nifi-current/./work/nar/extensions/nifi-cipher-nar-1.24.0.nar-unpacked as class loader org.apache.nifi.nar.NarClassLoader[./work/nar/extensions/nifi-cipher-nar-1.24.0.nar-unpacked]
2025-10-16 11:14:30,879 INFO [main] org.apache.nifi.nar.NarClassLoaders Loaded NAR file: /opt/nifi/nifi-current/./work/nar/extensions/nifi-snmp-nar-1.24.0.nar-unpacked as class loader org.apache.nifi.nar.NarClassLoader[./work/nar/extensions/nifi-snmp-nar-1.24.0.nar-unpacked]
2025-10-16 11:14:30,880 INFO [main] org.apache.nifi.nar.NarClassLoaders Loaded NAR file: /opt/nifi/nifi-current/./work/nar/extensions/nifi-oauth2-provider-nar-1.24.0.nar-unpacked as class loader org.apache.nifi.nar.NarClassLoader[./work/nar/extensions/nifi-oauth2-provider-nar-1.24.0.nar-unpacked]
2025-10-16 11:14:30,880 INFO [main] org.apache.nifi.nar.NarClassLoaders Loaded NAR file: /opt/nifi/nifi-current/./work/nar/extensions/nifi-elasticsearch-nar-1.24.0.nar-unpacked as class loader org.apache.nifi.nar.NarClassLoader[./work/nar/extensions/nifi-elasticsearch-nar-1.24.0.nar-unpacked]
2025-10-16 11:14:30,880 INFO [main] org.apache.nifi.nar.NarClassLoaders Loaded NAR file: /opt/nifi/nifi-current/./work/nar/extensions/nifi-elasticsearch-restapi-nar-1.24.0.nar-unpacked as class loader org.apache.nifi.nar.NarClassLoader[./work/nar/extensions/nifi-elasticsearch-restapi-nar-1.24.0.nar-unpacked]
2025-10-16 11:14:30,882 INFO [main] org.apache.nifi.nar.NarClassLoaders Loaded NAR file: /opt/nifi/nifi-current/./work/nar/extensions/nifi-box-services-api-nar-1.24.0.nar-unpacked as class loader org.apache.nifi.nar.NarClassLoader[./work/nar/extensions/nifi-box-services-api-nar-1.24.0.nar-unpacked]
2025-10-16 11:14:30,882 INFO [main] org.apache.nifi.nar.NarClassLoaders Loaded NAR file: /opt/nifi/nifi-current/./work/nar/extensions/nifi-salesforce-nar-1.24.0.nar-unpacked as class loader org.apache.nifi.nar.NarClassLoader[./work/nar/extensions/nifi-salesforce-nar-1.24.0.nar-unpacked]
2025-10-16 11:14:30,883 INFO [main] org.apache.nifi.nar.NarClassLoaders Loaded NAR file: /opt/nifi/nifi-current/./work/nar/extensions/nifi-geohash-nar-1.24.0.nar-unpacked as class loader org.apache.nifi.nar.NarClassLoader[./work/nar/extensions/nifi-geohash-nar-1.24.0.nar-unpacked]
2025-10-16 11:14:30,883 INFO [main] org.apache.nifi.nar.NarClassLoaders Loaded NAR file: /opt/nifi/nifi-current/./work/nar/extensions/nifi-cdc-mysql-nar-1.24.0.nar-unpacked as class loader org.apache.nifi.nar.NarClassLoader[./work/nar/extensions/nifi-cdc-mysql-nar-1.24.0.nar-unpacked]
2025-10-16 11:14:30,884 INFO [main] org.apache.nifi.nar.NarClassLoaders Loaded NAR file: /opt/nifi/nifi-current/./work/nar/extensions/nifi-slack-nar-1.24.0.nar-unpacked as class loader org.apache.nifi.nar.NarClassLoader[./work/nar/extensions/nifi-slack-nar-1.24.0.nar-unpacked]
2025-10-16 11:14:30,884 INFO [main] org.apache.nifi.nar.NarClassLoaders Loaded NAR file: /opt/nifi/nifi-current/./work/nar/extensions/nifi-hashicorp-vault-client-service-api-nar-1.24.0.nar-unpacked as class loader org.apache.nifi.nar.NarClassLoader[./work/nar/extensions/nifi-hashicorp-vault-client-service-api-nar-1.24.0.nar-unpacked]
2025-10-16 11:14:30,884 INFO [main] org.apache.nifi.nar.NarClassLoaders Loaded NAR file: /opt/nifi/nifi-current/./work/nar/extensions/nifi-pgp-nar-1.24.0.nar-unpacked as class loader org.apache.nifi.nar.NarClassLoader[./work/nar/extensions/nifi-pgp-nar-1.24.0.nar-unpacked]
2025-10-16 11:14:30,885 INFO [main] org.apache.nifi.nar.NarClassLoaders Loaded NAR file: /opt/nifi/nifi-current/./work/nar/extensions/nifi-scripting-nar-1.24.0.nar-unpacked as class loader org.apache.nifi.nar.NarClassLoader[./work/nar/extensions/nifi-scripting-nar-1.24.0.nar-unpacked]
2025-10-16 11:14:30,891 INFO [main] org.apache.nifi.nar.NarClassLoaders Loaded NAR file: /opt/nifi/nifi-current/./work/nar/extensions/nifi-elasticsearch-client-service-nar-1.24.0.nar-unpacked as class loader org.apache.nifi.nar.NarClassLoader[./work/nar/extensions/nifi-elasticsearch-client-service-nar-1.24.0.nar-unpacked]
2025-10-16 11:14:30,892 INFO [main] org.apache.nifi.nar.NarClassLoaders Loaded NAR file: /opt/nifi/nifi-current/./work/nar/extensions/nifi-mongodb-services-nar-1.24.0.nar-unpacked as class loader org.apache.nifi.nar.NarClassLoader[./work/nar/extensions/nifi-mongodb-services-nar-1.24.0.nar-unpacked]
2025-10-16 11:14:30,893 INFO [main] org.apache.nifi.nar.NarClassLoaders Loaded NAR file: /opt/nifi/nifi-current/./work/nar/extensions/nifi-record-serialization-services-nar-1.24.0.nar-unpacked as class loader org.apache.nifi.nar.NarClassLoader[./work/nar/extensions/nifi-record-serialization-services-nar-1.24.0.nar-unpacked]
2025-10-16 11:14:30,897 INFO [main] org.apache.nifi.nar.NarClassLoaders Loaded NAR file: /opt/nifi/nifi-current/./work/nar/extensions/nifi-social-media-nar-1.24.0.nar-unpacked as class loader org.apache.nifi.nar.NarClassLoader[./work/nar/extensions/nifi-social-media-nar-1.24.0.nar-unpacked]
2025-10-16 11:14:30,906 INFO [main] org.apache.nifi.nar.NarClassLoaders Loaded NAR file: /opt/nifi/nifi-current/./work/nar/extensions/nifi-jms-cf-service-nar-1.24.0.nar-unpacked as class loader org.apache.nifi.nar.NarClassLoader[./work/nar/extensions/nifi-jms-cf-service-nar-1.24.0.nar-unpacked]
2025-10-16 11:14:30,906 INFO [main] org.apache.nifi.nar.NarClassLoaders Loaded NAR file: /opt/nifi/nifi-current/./work/nar/extensions/nifi-hadoop-libraries-nar-1.24.0.nar-unpacked as class loader org.apache.nifi.nar.NarClassLoader[./work/nar/extensions/nifi-hadoop-libraries-nar-1.24.0.nar-unpacked]
2025-10-16 11:14:30,917 INFO [main] org.apache.nifi.nar.NarClassLoaders Loaded NAR file: /opt/nifi/nifi-current/./work/nar/extensions/nifi-poi-nar-1.24.0.nar-unpacked as class loader org.apache.nifi.nar.NarClassLoader[./work/nar/extensions/nifi-poi-nar-1.24.0.nar-unpacked]
2025-10-16 11:14:30,919 INFO [main] org.apache.nifi.nar.NarClassLoaders Loaded NAR file: /opt/nifi/nifi-current/./work/nar/extensions/nifi-dropbox-processors-nar-1.24.0.nar-unpacked as class loader org.apache.nifi.nar.NarClassLoader[./work/nar/extensions/nifi-dropbox-processors-nar-1.24.0.nar-unpacked]
2025-10-16 11:14:30,920 INFO [main] org.apache.nifi.nar.NarClassLoaders Loaded NAR file: /opt/nifi/nifi-current/./work/nar/extensions/nifi-hadoop-nar-1.24.0.nar-unpacked as class loader org.apache.nifi.nar.NarClassLoader[./work/nar/extensions/nifi-hadoop-nar-1.24.0.nar-unpacked]
2025-10-16 11:14:30,922 INFO [main] org.apache.nifi.nar.NarClassLoaders Loaded NAR file: /opt/nifi/nifi-current/./work/nar/extensions/nifi-dropbox-services-nar-1.24.0.nar-unpacked as class loader org.apache.nifi.nar.NarClassLoader[./work/nar/extensions/nifi-dropbox-services-nar-1.24.0.nar-unpacked]
2025-10-16 11:14:30,923 INFO [main] org.apache.nifi.nar.NarClassLoaders Loaded NAR file: /opt/nifi/nifi-current/./work/nar/extensions/nifi-parquet-nar-1.24.0.nar-unpacked as class loader org.apache.nifi.nar.NarClassLoader[./work/nar/extensions/nifi-parquet-nar-1.24.0.nar-unpacked]
2025-10-16 11:14:30,925 INFO [main] org.apache.nifi.nar.NarClassLoaders Loaded NAR file: /opt/nifi/nifi-current/./work/nar/extensions/nifi-solr-nar-1.24.0.nar-unpacked as class loader org.apache.nifi.nar.NarClassLoader[./work/nar/extensions/nifi-solr-nar-1.24.0.nar-unpacked]
2025-10-16 11:14:30,930 INFO [main] org.apache.nifi.nar.NarClassLoaders Loaded NAR file: /opt/nifi/nifi-current/./work/nar/extensions/nifi-confluent-platform-nar-1.24.0.nar-unpacked as class loader org.apache.nifi.nar.NarClassLoader[./work/nar/extensions/nifi-confluent-platform-nar-1.24.0.nar-unpacked]
2025-10-16 11:14:30,933 INFO [main] org.apache.nifi.nar.NarClassLoaders Loaded NAR file: /opt/nifi/nifi-current/./work/nar/extensions/nifi-groovyx-nar-1.24.0.nar-unpacked as class loader org.apache.nifi.nar.NarClassLoader[./work/nar/extensions/nifi-groovyx-nar-1.24.0.nar-unpacked]
2025-10-16 11:14:30,935 INFO [main] org.apache.nifi.nar.NarClassLoaders Loaded NAR file: /opt/nifi/nifi-current/./work/nar/extensions/nifi-kudu-nar-1.24.0.nar-unpacked as class loader org.apache.nifi.nar.NarClassLoader[./work/nar/extensions/nifi-kudu-nar-1.24.0.nar-unpacked]
2025-10-16 11:14:30,937 INFO [main] org.apache.nifi.nar.NarClassLoaders Loaded NAR file: /opt/nifi/nifi-current/./work/nar/extensions/nifi-enrich-nar-1.24.0.nar-unpacked as class loader org.apache.nifi.nar.NarClassLoader[./work/nar/extensions/nifi-enrich-nar-1.24.0.nar-unpacked]
2025-10-16 11:14:30,939 INFO [main] org.apache.nifi.nar.NarClassLoaders Loaded NAR file: /opt/nifi/nifi-current/./work/nar/extensions/nifi-cassandra-nar-1.24.0.nar-unpacked as class loader org.apache.nifi.nar.NarClassLoader[./work/nar/extensions/nifi-cassandra-nar-1.24.0.nar-unpacked]
2025-10-16 11:14:30,940 INFO [main] org.apache.nifi.nar.NarClassLoaders Loaded NAR file: /opt/nifi/nifi-current/./work/nar/extensions/nifi-gcp-nar-1.24.0.nar-unpacked as class loader org.apache.nifi.nar.NarClassLoader[./work/nar/extensions/nifi-gcp-nar-1.24.0.nar-unpacked]
2025-10-16 11:14:30,966 INFO [main] org.apache.nifi.nar.NarClassLoaders Loaded NAR file: /opt/nifi/nifi-current/./work/nar/extensions/nifi-box-nar-1.24.0.nar-unpacked as class loader org.apache.nifi.nar.NarClassLoader[./work/nar/extensions/nifi-box-nar-1.24.0.nar-unpacked]
2025-10-16 11:14:30,966 INFO [main] org.apache.nifi.nar.NarClassLoaders Loaded NAR file: /opt/nifi/nifi-current/./work/nar/extensions/nifi-avro-nar-1.24.0.nar-unpacked as class loader org.apache.nifi.nar.NarClassLoader[./work/nar/extensions/nifi-avro-nar-1.24.0.nar-unpacked]
2025-10-16 11:14:30,993 INFO [main] org.apache.nifi.nar.NarClassLoaders Loaded NAR file: /opt/nifi/nifi-current/./work/nar/extensions/nifi-standard-nar-1.24.0.nar-unpacked as class loader org.apache.nifi.nar.NarClassLoader[./work/nar/extensions/nifi-standard-nar-1.24.0.nar-unpacked]
2025-10-16 11:14:31,010 INFO [main] org.apache.nifi.nar.NarClassLoaders Loaded NAR file: /opt/nifi/nifi-current/./work/nar/extensions/nifi-mongodb-nar-1.24.0.nar-unpacked as class loader org.apache.nifi.nar.NarClassLoader[./work/nar/extensions/nifi-mongodb-nar-1.24.0.nar-unpacked]
2025-10-16 11:14:31,012 INFO [main] org.apache.nifi.nar.NarClassLoaders Loaded NAR file: /opt/nifi/nifi-current/./work/nar/extensions/nifi-hashicorp-vault-nar-1.24.0.nar-unpacked as class loader org.apache.nifi.nar.NarClassLoader[./work/nar/extensions/nifi-hashicorp-vault-nar-1.24.0.nar-unpacked]
2025-10-16 11:14:31,018 INFO [main] org.apache.nifi.nar.NarClassLoaders Loaded NAR file: /opt/nifi/nifi-current/./work/nar/extensions/nifi-smb-smbj-client-nar-1.24.0.nar-unpacked as class loader org.apache.nifi.nar.NarClassLoader[./work/nar/extensions/nifi-smb-smbj-client-nar-1.24.0.nar-unpacked]
2025-10-16 11:14:31,018 INFO [main] org.apache.nifi.nar.NarClassLoaders Loaded NAR file: /opt/nifi/nifi-current/./work/nar/extensions/nifi-mqtt-nar-1.24.0.nar-unpacked as class loader org.apache.nifi.nar.NarClassLoader[./work/nar/extensions/nifi-mqtt-nar-1.24.0.nar-unpacked]
2025-10-16 11:14:31,019 INFO [main] org.apache.nifi.nar.NarClassLoaders Loaded NAR file: /opt/nifi/nifi-current/./work/nar/extensions/nifi-azure-services-api-nar-1.24.0.nar-unpacked as class loader org.apache.nifi.nar.NarClassLoader[./work/nar/extensions/nifi-azure-services-api-nar-1.24.0.nar-unpacked]
2025-10-16 11:14:31,024 INFO [main] org.apache.nifi.nar.NarClassLoaders Loaded NAR file: /opt/nifi/nifi-current/./work/nar/extensions/nifi-lookup-services-nar-1.24.0.nar-unpacked as class loader org.apache.nifi.nar.NarClassLoader[./work/nar/extensions/nifi-lookup-services-nar-1.24.0.nar-unpacked]
2025-10-16 11:14:31,026 INFO [main] org.apache.nifi.nar.NarClassLoaders Loaded NAR file: /opt/nifi/nifi-current/./work/nar/extensions/nifi-opentelemetry-nar-1.24.0.nar-unpacked as class loader org.apache.nifi.nar.NarClassLoader[./work/nar/extensions/nifi-opentelemetry-nar-1.24.0.nar-unpacked]
2025-10-16 11:14:31,027 INFO [main] org.apache.nifi.nar.NarClassLoaders Loaded NAR file: /opt/nifi/nifi-current/./work/nar/extensions/nifi-smb-nar-1.24.0.nar-unpacked as class loader org.apache.nifi.nar.NarClassLoader[./work/nar/extensions/nifi-smb-nar-1.24.0.nar-unpacked]
2025-10-16 11:14:31,027 INFO [main] org.apache.nifi.nar.NarClassLoaders Loaded NAR file: /opt/nifi/nifi-current/./work/nar/extensions/nifi-splunk-nar-1.24.0.nar-unpacked as class loader org.apache.nifi.nar.NarClassLoader[./work/nar/extensions/nifi-splunk-nar-1.24.0.nar-unpacked]
2025-10-16 11:14:31,029 INFO [main] org.apache.nifi.nar.NarClassLoaders Loaded NAR file: /opt/nifi/nifi-current/./work/nar/extensions/nifi-aws-nar-1.24.0.nar-unpacked as class loader org.apache.nifi.nar.NarClassLoader[./work/nar/extensions/nifi-aws-nar-1.24.0.nar-unpacked]
2025-10-16 11:14:31,039 INFO [main] org.apache.nifi.nar.NarClassLoaders Loaded NAR file: /opt/nifi/nifi-current/./work/nar/extensions/nifi-jms-processors-nar-1.24.0.nar-unpacked as class loader org.apache.nifi.nar.NarClassLoader[./work/nar/extensions/nifi-jms-processors-nar-1.24.0.nar-unpacked]
2025-10-16 11:14:31,047 INFO [main] org.apache.nifi.nar.NarClassLoaders Loaded NAR file: /opt/nifi/nifi-current/./work/nar/extensions/nifi-pgp-service-nar-1.24.0.nar-unpacked as class loader org.apache.nifi.nar.NarClassLoader[./work/nar/extensions/nifi-pgp-service-nar-1.24.0.nar-unpacked]
2025-10-16 11:14:31,047 INFO [main] org.apache.nifi.nar.NarClassLoaders Loaded NAR file: /opt/nifi/nifi-current/./work/nar/extensions/nifi-box-services-nar-1.24.0.nar-unpacked as class loader org.apache.nifi.nar.NarClassLoader[./work/nar/extensions/nifi-box-services-nar-1.24.0.nar-unpacked]
2025-10-16 11:14:31,048 INFO [main] org.apache.nifi.nar.NarClassLoaders Loaded NAR file: /opt/nifi/nifi-current/./work/nar/extensions/nifi-azure-nar-1.24.0.nar-unpacked as class loader org.apache.nifi.nar.NarClassLoader[./work/nar/extensions/nifi-azure-nar-1.24.0.nar-unpacked]
2025-10-16 11:14:31,093 INFO [main] org.apache.nifi.nar.NarClassLoaders Found NiFiServer implementation org.apache.nifi.web.server.JettyServer in org.apache.nifi:nifi-server-nar:1.24.0
2025-10-16 11:14:31,102 INFO [main] org.eclipse.jetty.util.log Logging initialized @6410ms to org.eclipse.jetty.util.log.Slf4jLog
2025-10-16 11:14:31,166 INFO [main] org.apache.nifi.web.server.JettyServer Loading WAR [/opt/nifi/nifi-current/./work/nar/extensions/nifi-update-attribute-nar-1.24.0.nar-unpacked/NAR-INF/bundled-dependencies/nifi-update-attribute-ui-1.24.0.war] Context Path [/nifi-update-attribute-ui-1.24.0]
2025-10-16 11:14:31,166 INFO [main] org.apache.nifi.web.server.JettyServer Loading UI extension [ProcessorConfiguration, /nifi-update-attribute-ui-1.24.0] for org.apache.nifi.processors.attributes.UpdateAttribute:org.apache.nifi:nifi-update-attribute-nar:1.24.0
2025-10-16 11:14:31,167 INFO [main] org.apache.nifi.web.server.JettyServer Loading WAR [/opt/nifi/nifi-current/./work/nar/extensions/nifi-image-viewer-nar-1.24.0.nar-unpacked/NAR-INF/bundled-dependencies/nifi-image-viewer-1.24.0.war] Context Path [/nifi-image-viewer-1.24.0]
2025-10-16 11:14:31,168 INFO [main] org.apache.nifi.web.server.JettyServer Loading WAR [/opt/nifi/nifi-current/./work/nar/extensions/nifi-standard-nar-1.24.0.nar-unpacked/NAR-INF/bundled-dependencies/nifi-standard-content-viewer-1.24.0.war] Context Path [/nifi-standard-content-viewer-1.24.0]
2025-10-16 11:14:31,168 INFO [main] org.apache.nifi.web.server.JettyServer Loading WAR [/opt/nifi/nifi-current/./work/nar/extensions/nifi-standard-nar-1.24.0.nar-unpacked/NAR-INF/bundled-dependencies/nifi-jolt-transform-json-ui-1.24.0.war] Context Path [/nifi-jolt-transform-json-ui-1.24.0]
2025-10-16 11:14:31,169 INFO [main] org.apache.nifi.web.server.JettyServer Loading UI extension [ProcessorConfiguration, /nifi-jolt-transform-json-ui-1.24.0] for org.apache.nifi.processors.standard.JoltTransformJSON:org.apache.nifi:nifi-standard-nar:1.24.0
2025-10-16 11:14:31,170 INFO [main] org.apache.nifi.web.server.JettyServer Loading WAR [/opt/nifi/nifi-current/./work/nar/extensions/nifi-server-nar-1.24.0.nar-unpacked/NAR-INF/bundled-dependencies/nifi-web-ui-1.24.0.war] Context Path [/nifi]
2025-10-16 11:14:31,170 INFO [main] org.apache.nifi.web.server.JettyServer Loading WAR [/opt/nifi/nifi-current/./work/nar/extensions/nifi-server-nar-1.24.0.nar-unpacked/NAR-INF/bundled-dependencies/nifi-web-api-1.24.0.war] Context Path [/nifi-api]
2025-10-16 11:14:31,171 INFO [main] org.apache.nifi.web.server.JettyServer Loading WAR [/opt/nifi/nifi-current/./work/nar/extensions/nifi-server-nar-1.24.0.nar-unpacked/NAR-INF/bundled-dependencies/nifi-web-content-viewer-1.24.0.war] Context Path [/nifi-content-viewer]
2025-10-16 11:14:31,171 INFO [main] org.apache.nifi.web.server.JettyServer Loading WAR [/opt/nifi/nifi-current/./work/nar/extensions/nifi-server-nar-1.24.0.nar-unpacked/NAR-INF/bundled-dependencies/nifi-web-docs-1.24.0.war] Context Path [/nifi-docs]
2025-10-16 11:14:31,173 INFO [main] org.apache.nifi.web.server.JettyServer Loading Docs [/opt/nifi/nifi-current/docs] Context Path [/nifi-docs]
2025-10-16 11:14:31,174 INFO [main] org.apache.nifi.web.server.JettyServer Loading WAR [/opt/nifi/nifi-current/./work/nar/extensions/nifi-server-nar-1.24.0.nar-unpacked/NAR-INF/bundled-dependencies/nifi-web-error-1.24.0.war] Context Path [/]
2025-10-16 11:14:31,187 INFO [main] o.a.n.n.StandardExtensionDiscoveringManager Loaded extensions for org.apache.nifi:nifi-jetty-bundle:1.24.0 in 1 millis
2025-10-16 11:14:31,191 INFO [main] o.a.n.n.StandardExtensionDiscoveringManager Loaded extensions for org.apache.nifi:nifi-framework-nar:1.24.0 in 4 millis
2025-10-16 11:14:31,192 INFO [main] o.a.n.n.StandardExtensionDiscoveringManager Loaded extensions for org.apache.nifi:nifi-update-attribute-nar:1.24.0 in 1 millis
2025-10-16 11:14:31,194 INFO [main] o.a.n.n.StandardExtensionDiscoveringManager Loaded extensions for org.apache.nifi:nifi-spring-nar:1.24.0 in 2 millis
2025-10-16 11:14:31,195 INFO [main] o.a.n.n.StandardExtensionDiscoveringManager Loaded extensions for org.apache.nifi:nifi-compress-nar:1.24.0 in 1 millis
2025-10-16 11:14:31,196 INFO [main] o.a.n.n.StandardExtensionDiscoveringManager Loaded extensions for org.apache.nifi:nifi-image-viewer-nar:1.24.0 in 1 millis
2025-10-16 11:14:31,197 INFO [main] o.a.n.n.StandardExtensionDiscoveringManager Loaded extensions for org.apache.nifi:nifi-ldap-iaa-providers-nar:1.24.0 in 1 millis
2025-10-16 11:14:31,198 INFO [main] o.a.n.n.StandardExtensionDiscoveringManager Loaded extensions for org.apache.nifi:nifi-provenance-repository-nar:1.24.0 in 1 millis
2025-10-16 11:14:31,243 INFO [main] o.a.n.n.StandardExtensionDiscoveringManager Loaded extensions for org.apache.nifi:nifi-standard-services-api-nar:1.24.0 in 45 millis
2025-10-16 11:14:31,245 INFO [main] o.a.n.n.StandardExtensionDiscoveringManager Loaded extensions for org.apache.nifi:nifi-email-nar:1.24.0 in 2 millis
2025-10-16 11:14:31,250 INFO [main] o.a.n.n.StandardExtensionDiscoveringManager Loaded extensions for org.apache.nifi:nifi-asana-services-api-nar:1.24.0 in 5 millis
2025-10-16 11:14:31,252 INFO [main] o.a.n.n.StandardExtensionDiscoveringManager Loaded extensions for org.apache.nifi:nifi-ambari-nar:1.24.0 in 2 millis
2025-10-16 11:14:31,253 INFO [main] o.a.n.n.StandardExtensionDiscoveringManager Loaded extensions for org.apache.nifi:nifi-windows-event-log-nar:1.24.0 in 1 millis
2025-10-16 11:14:31,255 INFO [main] o.a.n.n.StandardExtensionDiscoveringManager Loaded extensions for org.apache.nifi:nifi-ssl-context-service-nar:1.24.0 in 2 millis
2025-10-16 11:14:31,257 INFO [main] o.a.n.n.StandardExtensionDiscoveringManager Loaded extensions for org.apache.nifi:nifi-kerberos-iaa-providers-nar:1.24.0 in 2 millis
2025-10-16 11:14:31,259 INFO [main] o.a.n.n.StandardExtensionDiscoveringManager Loaded extensions for org.apache.nifi:nifi-html-nar:1.24.0 in 2 millis
2025-10-16 11:14:31,260 INFO [main] o.a.n.n.StandardExtensionDiscoveringManager Loaded extensions for org.apache.nifi:nifi-rethinkdb-nar:1.24.0 in 1 millis
2025-10-16 11:14:31,261 INFO [main] o.a.n.n.StandardExtensionDiscoveringManager Loaded extensions for org.apache.nifi:nifi-hl7-nar:1.24.0 in 1 millis
2025-10-16 11:14:31,262 INFO [main] o.a.n.n.StandardExtensionDiscoveringManager Loaded extensions for org.apache.nifi:nifi-cybersecurity-nar:1.24.0 in 1 millis
2025-10-16 11:14:31,264 INFO [main] o.a.n.n.StandardExtensionDiscoveringManager Loaded extensions for org.apache.nifi:nifi-http-context-map-nar:1.24.0 in 2 millis
2025-10-16 11:14:31,265 INFO [main] o.a.n.n.StandardExtensionDiscoveringManager Loaded extensions for org.apache.nifi:nifi-kafka-2-0-nar:1.24.0 in 1 millis
2025-10-16 11:14:31,266 INFO [main] o.a.n.n.StandardExtensionDiscoveringManager Loaded extensions for org.apache.nifi:nifi-ccda-nar:1.24.0 in 1 millis
2025-10-16 11:14:31,267 INFO [main] o.a.n.n.StandardExtensionDiscoveringManager Loaded extensions for org.apache.nifi:nifi-stateless-nar:1.24.0 in 1 millis
2025-10-16 11:14:31,270 INFO [main] o.a.n.n.StandardExtensionDiscoveringManager Loaded extensions for org.apache.nifi:nifi-server-nar:1.24.0 in 3 millis
2025-10-16 11:14:31,271 INFO [main] o.a.n.n.StandardExtensionDiscoveringManager Loaded extensions for org.apache.nifi:nifi-metrics-reporter-service-api-nar:1.24.0 in 1 millis
2025-10-16 11:14:31,273 INFO [main] o.a.n.n.StandardExtensionDiscoveringManager Loaded extensions for org.apache.nifi:nifi-prometheus-nar:1.24.0 in 2 millis
2025-10-16 11:14:31,275 INFO [main] o.a.n.n.StandardExtensionDiscoveringManager Loaded extensions for org.apache.nifi:nifi-evtx-nar:1.24.0 in 1 millis
2025-10-16 11:14:31,276 INFO [main] o.a.n.n.StandardExtensionDiscoveringManager Loaded extensions for org.apache.nifi:nifi-single-user-iaa-providers-nar:1.24.0 in 1 millis
2025-10-16 11:14:31,277 INFO [main] o.a.n.n.StandardExtensionDiscoveringManager Loaded extensions for org.apache.nifi:nifi-workday-processors-nar:1.24.0 in 1 millis
2025-10-16 11:14:31,278 INFO [main] o.a.n.n.StandardExtensionDiscoveringManager Loaded extensions for org.apache.nifi:nifi-asana-processors-nar:1.24.0 in 1 millis
2025-10-16 11:14:31,280 INFO [main] o.a.n.n.StandardExtensionDiscoveringManager Loaded extensions for org.apache.nifi:nifi-websocket-services-api-nar:1.24.0 in 2 millis
2025-10-16 11:14:31,281 INFO [main] o.a.n.n.StandardExtensionDiscoveringManager Loaded extensions for org.apache.nifi:nifi-kerberos-credentials-service-nar:1.24.0 in 1 millis
2025-10-16 11:14:31,282 INFO [main] o.a.n.n.StandardExtensionDiscoveringManager Loaded extensions for org.apache.nifi:nifi-tcp-nar:1.24.0 in 1 millis
2025-10-16 11:14:31,283 INFO [main] o.a.n.n.StandardExtensionDiscoveringManager Loaded extensions for org.apache.nifi:nifi-file-resource-service-nar:1.24.0 in 1 millis
2025-10-16 11:14:31,284 INFO [main] o.a.n.n.StandardExtensionDiscoveringManager Loaded extensions for org.apache.nifi:nifi-amqp-nar:1.24.0 in 1 millis
2025-10-16 11:14:31,286 INFO [main] o.a.n.n.StandardExtensionDiscoveringManager Loaded extensions for org.apache.nifi:nifi-kafka-1-0-nar:1.24.0 in 1 millis
2025-10-16 11:14:31,287 INFO [main] o.a.n.n.StandardExtensionDiscoveringManager Loaded extensions for org.apache.nifi:nifi-websocket-processors-nar:1.24.0 in 1 millis
2025-10-16 11:14:31,289 INFO [main] o.a.n.n.StandardExtensionDiscoveringManager Loaded extensions for org.apache.nifi:nifi-distributed-cache-services-nar:1.24.0 in 2 millis
2025-10-16 11:14:31,289 INFO [main] o.a.n.n.StandardExtensionDiscoveringManager Loaded extensions for org.apache.nifi:nifi-hazelcast-services-api-nar:1.24.0 in 0 millis
2025-10-16 11:14:31,291 INFO [main] o.a.n.n.StandardExtensionDiscoveringManager Loaded extensions for org.apache.nifi:nifi-stateful-analysis-nar:1.24.0 in 2 millis
2025-10-16 11:14:31,292 INFO [main] o.a.n.n.StandardExtensionDiscoveringManager Loaded extensions for org.apache.nifi:nifi-proxy-configuration-nar:1.24.0 in 1 millis
2025-10-16 11:14:31,293 INFO [main] o.a.n.n.StandardExtensionDiscoveringManager Loaded extensions for org.apache.nifi:nifi-kerberos-user-service-nar:1.24.0 in 1 millis
2025-10-16 11:14:31,294 INFO [main] o.a.n.n.StandardExtensionDiscoveringManager Loaded extensions for org.apache.nifi:nifi-websocket-services-jetty-nar:1.24.0 in 1 millis
2025-10-16 11:14:31,295 INFO [main] o.a.n.n.StandardExtensionDiscoveringManager Loaded extensions for org.apache.nifi:nifi-asana-services-nar:1.24.0 in 1 millis
2025-10-16 11:14:31,297 INFO [main] o.a.n.n.StandardExtensionDiscoveringManager Loaded extensions for org.apache.nifi:nifi-hwx-schema-registry-nar:1.24.0 in 1 millis
2025-10-16 11:14:31,298 INFO [main] o.a.n.n.StandardExtensionDiscoveringManager Loaded extensions for org.apache.nifi:nifi-couchbase-services-api-nar:1.24.0 in 1 millis
2025-10-16 11:14:31,299 INFO [main] o.a.n.n.StandardExtensionDiscoveringManager Loaded extensions for org.apache.nifi:nifi-hadoop-dbcp-service-nar:1.24.0 in 1 millis
2025-10-16 11:14:31,300 INFO [main] o.a.n.n.StandardExtensionDiscoveringManager Loaded extensions for org.apache.nifi:nifi-dbcp-service-nar:1.24.0 in 1 millis
2025-10-16 11:14:31,301 INFO [main] o.a.n.n.StandardExtensionDiscoveringManager Loaded extensions for org.apache.nifi:nifi-standard-shared-nar:1.24.0 in 1 millis
2025-10-16 11:14:31,303 INFO [main] o.a.n.n.StandardExtensionDiscoveringManager Loaded extensions for org.apache.nifi:nifi-hbase_2-client-service-nar:1.24.0 in 2 millis
2025-10-16 11:14:31,304 INFO [main] o.a.n.n.StandardExtensionDiscoveringManager Loaded extensions for org.apache.nifi:nifi-hubspot-nar:1.24.0 in 1 millis
2025-10-16 11:14:31,305 INFO [main] o.a.n.n.StandardExtensionDiscoveringManager Loaded extensions for org.apache.nifi:nifi-cassandra-services-api-nar:1.24.0 in 1 millis
2025-10-16 11:14:31,307 INFO [main] o.a.n.n.StandardExtensionDiscoveringManager Loaded extensions for org.apache.nifi:nifi-mongodb-client-service-api-nar:1.24.0 in 2 millis
2025-10-16 11:14:31,308 INFO [main] o.a.n.n.StandardExtensionDiscoveringManager Loaded extensions for org.apache.nifi:nifi-grpc-nar:1.24.0 in 1 millis
2025-10-16 11:14:31,309 INFO [main] o.a.n.n.StandardExtensionDiscoveringManager Loaded extensions for org.apache.nifi:nifi-web-client-provider-service-nar:1.24.0 in 1 millis
2025-10-16 11:14:31,310 INFO [main] o.a.n.n.StandardExtensionDiscoveringManager Loaded extensions for org.apache.nifi:nifi-metrics-reporting-nar:1.24.0 in 1 millis
2025-10-16 11:14:31,311 INFO [main] o.a.n.n.StandardExtensionDiscoveringManager Loaded extensions for org.apache.nifi:nifi-zendesk-nar:1.24.0 in 1 millis
2025-10-16 11:14:31,313 INFO [main] o.a.n.n.StandardExtensionDiscoveringManager Loaded extensions for org.apache.nifi:nifi-shopify-nar:1.24.0 in 2 millis
2025-10-16 11:14:31,314 INFO [main] o.a.n.n.StandardExtensionDiscoveringManager Loaded extensions for org.apache.nifi:nifi-cassandra-services-nar:1.24.0 in 1 millis
2025-10-16 11:14:31,315 INFO [main] o.a.n.n.StandardExtensionDiscoveringManager Loaded extensions for org.apache.nifi:nifi-redis-service-api-nar:1.24.0 in 1 millis
2025-10-16 11:14:31,317 INFO [main] o.a.n.n.StandardExtensionDiscoveringManager Loaded extensions for org.apache.nifi:nifi-jolt-record-nar:1.24.0 in 2 millis
2025-10-16 11:14:31,318 INFO [main] o.a.n.n.StandardExtensionDiscoveringManager Loaded extensions for org.apache.nifi:nifi-site-to-site-reporting-nar:1.24.0 in 1 millis
2025-10-16 11:14:31,319 INFO [main] o.a.n.n.StandardExtensionDiscoveringManager Loaded extensions for org.apache.nifi:nifi-hazelcast-services-nar:1.24.0 in 1 millis
2025-10-16 11:14:31,320 INFO [main] o.a.n.n.StandardExtensionDiscoveringManager Loaded extensions for org.apache.nifi:nifi-datadog-nar:1.24.0 in 1 millis
2025-10-16 11:14:31,321 INFO [main] o.a.n.n.StandardExtensionDiscoveringManager Loaded extensions for org.apache.nifi:nifi-couchbase-nar:1.24.0 in 1 millis
2025-10-16 11:14:31,323 INFO [main] o.a.n.n.StandardExtensionDiscoveringManager Loaded extensions for org.apache.nifi:nifi-kafka-2-6-nar:1.24.0 in 1 millis
2025-10-16 11:14:31,324 INFO [main] o.a.n.n.StandardExtensionDiscoveringManager Loaded extensions for org.apache.nifi:nifi-network-processors-nar:1.24.0 in 1 millis
2025-10-16 11:14:31,325 INFO [main] o.a.n.n.StandardExtensionDiscoveringManager Loaded extensions for org.apache.nifi:nifi-record-sink-service-nar:1.24.0 in 1 millis
2025-10-16 11:14:31,326 INFO [main] o.a.n.n.StandardExtensionDiscoveringManager Loaded extensions for org.apache.nifi:nifi-key-service-nar:1.24.0 in 1 millis
2025-10-16 11:14:31,328 INFO [main] o.a.n.n.StandardExtensionDiscoveringManager Loaded extensions for org.apache.nifi:nifi-stateless-processor-nar:1.24.0 in 2 millis
2025-10-16 11:14:31,329 INFO [main] o.a.n.n.StandardExtensionDiscoveringManager Loaded extensions for org.apache.nifi:nifi-hbase-nar:1.24.0 in 1 millis
2025-10-16 11:14:31,330 INFO [main] o.a.n.n.StandardExtensionDiscoveringManager Loaded extensions for org.apache.nifi:nifi-jslt-nar:1.24.0 in 1 millis
2025-10-16 11:14:31,331 INFO [main] o.a.n.n.StandardExtensionDiscoveringManager Loaded extensions for org.apache.nifi:nifi-smb-client-api-nar:1.24.0 in 1 millis
2025-10-16 11:14:31,332 INFO [main] o.a.n.n.StandardExtensionDiscoveringManager Loaded extensions for org.apache.nifi:nifi-registry-nar:1.24.0 in 1 millis
2025-10-16 11:14:31,334 INFO [main] o.a.n.n.StandardExtensionDiscoveringManager Loaded extensions for org.apache.nifi:nifi-redis-nar:1.24.0 in 2 millis
2025-10-16 11:14:31,335 INFO [main] o.a.n.n.StandardExtensionDiscoveringManager Loaded extensions for org.apache.nifi:nifi-pgp-service-api-nar:1.24.0 in 1 millis
2025-10-16 11:14:31,336 INFO [main] o.a.n.n.StandardExtensionDiscoveringManager Loaded extensions for org.apache.nifi:nifi-aws-service-api-nar:1.24.0 in 1 millis
2025-10-16 11:14:31,337 INFO [main] o.a.n.n.StandardExtensionDiscoveringManager Loaded extensions for org.apache.nifi:nifi-dropbox-services-api-nar:1.24.0 in 1 millis
2025-10-16 11:14:31,339 INFO [main] o.a.n.n.StandardExtensionDiscoveringManager Loaded extensions for org.apache.nifi:nifi-flow-registry-client-nar:1.24.0 in 2 millis
2025-10-16 11:14:31,340 INFO [main] o.a.n.n.StandardExtensionDiscoveringManager Loaded extensions for org.apache.nifi:nifi-gcp-services-api-nar:1.24.0 in 1 millis
2025-10-16 11:14:31,341 INFO [main] o.a.n.n.StandardExtensionDiscoveringManager Loaded extensions for org.apache.nifi:nifi-elasticsearch-client-service-api-nar:1.24.0 in 1 millis
2025-10-16 11:14:31,342 INFO [main] o.a.n.n.StandardExtensionDiscoveringManager Loaded extensions for org.apache.nifi:nifi-airtable-nar:1.24.0 in 1 millis
2025-10-16 11:14:31,344 INFO [main] o.a.n.n.StandardExtensionDiscoveringManager Loaded extensions for org.apache.nifi:nifi-language-translation-nar:1.24.0 in 2 millis
2025-10-16 11:14:31,345 INFO [main] o.a.n.n.StandardExtensionDiscoveringManager Loaded extensions for org.apache.nifi:nifi-cipher-nar:1.24.0 in 1 millis
2025-10-16 11:14:31,346 INFO [main] o.a.n.n.StandardExtensionDiscoveringManager Loaded extensions for org.apache.nifi:nifi-snmp-nar:1.24.0 in 1 millis
2025-10-16 11:14:31,347 INFO [main] o.a.n.n.StandardExtensionDiscoveringManager Loaded extensions for org.apache.nifi:nifi-oauth2-provider-nar:1.24.0 in 1 millis
2025-10-16 11:14:31,348 INFO [main] o.a.n.n.StandardExtensionDiscoveringManager Loaded extensions for org.apache.nifi:nifi-elasticsearch-nar:1.24.0 in 1 millis
2025-10-16 11:14:31,350 INFO [main] o.a.n.n.StandardExtensionDiscoveringManager Loaded extensions for org.apache.nifi:nifi-elasticsearch-restapi-nar:1.24.0 in 2 millis
2025-10-16 11:14:31,351 INFO [main] o.a.n.n.StandardExtensionDiscoveringManager Loaded extensions for org.apache.nifi:nifi-box-services-api-nar:1.24.0 in 1 millis
2025-10-16 11:14:31,352 INFO [main] o.a.n.n.StandardExtensionDiscoveringManager Loaded extensions for org.apache.nifi:nifi-salesforce-nar:1.24.0 in 1 millis
2025-10-16 11:14:31,353 INFO [main] o.a.n.n.StandardExtensionDiscoveringManager Loaded extensions for org.apache.nifi:nifi-geohash-nar:1.24.0 in 1 millis
2025-10-16 11:14:31,354 INFO [main] o.a.n.n.StandardExtensionDiscoveringManager Loaded extensions for org.apache.nifi:nifi-cdc-mysql-nar:1.24.0 in 1 millis
2025-10-16 11:14:31,356 INFO [main] o.a.n.n.StandardExtensionDiscoveringManager Loaded extensions for org.apache.nifi:nifi-slack-nar:1.24.0 in 1 millis
2025-10-16 11:14:31,357 INFO [main] o.a.n.n.StandardExtensionDiscoveringManager Loaded extensions for org.apache.nifi:nifi-hashicorp-vault-client-service-api-nar:1.24.0 in 1 millis
2025-10-16 11:14:31,358 INFO [main] o.a.n.n.StandardExtensionDiscoveringManager Loaded extensions for org.apache.nifi:nifi-pgp-nar:1.24.0 in 1 millis
2025-10-16 11:14:31,360 INFO [main] o.a.n.n.StandardExtensionDiscoveringManager Loaded extensions for org.apache.nifi:nifi-scripting-nar:1.24.0 in 1 millis
2025-10-16 11:14:31,361 INFO [main] o.a.n.n.StandardExtensionDiscoveringManager Loaded extensions for org.apache.nifi:nifi-elasticsearch-client-service-nar:1.24.0 in 1 millis
2025-10-16 11:14:31,363 INFO [main] o.a.n.n.StandardExtensionDiscoveringManager Loaded extensions for org.apache.nifi:nifi-mongodb-services-nar:1.24.0 in 1 millis
2025-10-16 11:14:31,364 INFO [main] o.a.n.n.StandardExtensionDiscoveringManager Loaded extensions for org.apache.nifi:nifi-record-serialization-services-nar:1.24.0 in 1 millis
2025-10-16 11:14:31,365 INFO [main] o.a.n.n.StandardExtensionDiscoveringManager Loaded extensions for org.apache.nifi:nifi-social-media-nar:1.24.0 in 1 millis
2025-10-16 11:14:31,367 INFO [main] o.a.n.n.StandardExtensionDiscoveringManager Loaded extensions for org.apache.nifi:nifi-jms-cf-service-nar:1.24.0 in 2 millis
2025-10-16 11:14:31,368 INFO [main] o.a.n.n.StandardExtensionDiscoveringManager Loaded extensions for org.apache.nifi:nifi-hadoop-libraries-nar:1.24.0 in 1 millis
2025-10-16 11:14:31,370 INFO [main] o.a.n.n.StandardExtensionDiscoveringManager Loaded extensions for org.apache.nifi:nifi-poi-nar:1.24.0 in 2 millis
2025-10-16 11:14:31,371 INFO [main] o.a.n.n.StandardExtensionDiscoveringManager Loaded extensions for org.apache.nifi:nifi-dropbox-processors-nar:1.24.0 in 1 millis
2025-10-16 11:14:31,374 INFO [main] o.a.n.n.StandardExtensionDiscoveringManager Loaded extensions for org.apache.nifi:nifi-hadoop-nar:1.24.0 in 3 millis
2025-10-16 11:14:31,375 INFO [main] o.a.n.n.StandardExtensionDiscoveringManager Loaded extensions for org.apache.nifi:nifi-dropbox-services-nar:1.24.0 in 1 millis
2025-10-16 11:14:31,377 INFO [main] o.a.n.n.StandardExtensionDiscoveringManager Loaded extensions for org.apache.nifi:nifi-parquet-nar:1.24.0 in 2 millis
2025-10-16 11:14:31,378 INFO [main] o.a.n.n.StandardExtensionDiscoveringManager Loaded extensions for org.apache.nifi:nifi-solr-nar:1.24.0 in 1 millis
2025-10-16 11:14:31,380 INFO [main] o.a.n.n.StandardExtensionDiscoveringManager Loaded extensions for org.apache.nifi:nifi-confluent-platform-nar:1.24.0 in 2 millis
2025-10-16 11:14:31,381 INFO [main] o.a.n.n.StandardExtensionDiscoveringManager Loaded extensions for org.apache.nifi:nifi-groovyx-nar:1.24.0 in 1 millis
2025-10-16 11:14:31,383 INFO [main] o.a.n.n.StandardExtensionDiscoveringManager Loaded extensions for org.apache.nifi:nifi-kudu-nar:1.24.0 in 2 millis
2025-10-16 11:14:31,384 INFO [main] o.a.n.n.StandardExtensionDiscoveringManager Loaded extensions for org.apache.nifi:nifi-enrich-nar:1.24.0 in 1 millis
2025-10-16 11:14:31,386 INFO [main] o.a.n.n.StandardExtensionDiscoveringManager Loaded extensions for org.apache.nifi:nifi-cassandra-nar:1.24.0 in 2 millis
2025-10-16 11:14:31,388 INFO [main] o.a.n.n.StandardExtensionDiscoveringManager Loaded extensions for org.apache.nifi:nifi-gcp-nar:1.24.0 in 2 millis
2025-10-16 11:14:31,389 INFO [main] o.a.n.n.StandardExtensionDiscoveringManager Loaded extensions for org.apache.nifi:nifi-box-nar:1.24.0 in 1 millis
2025-10-16 11:14:31,390 INFO [main] o.a.n.n.StandardExtensionDiscoveringManager Loaded extensions for org.apache.nifi:nifi-avro-nar:1.24.0 in 1 millis
2025-10-16 11:14:31,392 INFO [main] o.a.n.n.StandardExtensionDiscoveringManager Loaded extensions for org.apache.nifi:nifi-standard-nar:1.24.0 in 2 millis
2025-10-16 11:14:31,394 INFO [main] o.a.n.n.StandardExtensionDiscoveringManager Loaded extensions for org.apache.nifi:nifi-mongodb-nar:1.24.0 in 2 millis
2025-10-16 11:14:31,395 INFO [main] o.a.n.n.StandardExtensionDiscoveringManager Loaded extensions for org.apache.nifi:nifi-hashicorp-vault-nar:1.24.0 in 1 millis
2025-10-16 11:14:31,397 INFO [main] o.a.n.n.StandardExtensionDiscoveringManager Loaded extensions for org.apache.nifi:nifi-smb-smbj-client-nar:1.24.0 in 2 millis
2025-10-16 11:14:31,398 INFO [main] o.a.n.n.StandardExtensionDiscoveringManager Loaded extensions for org.apache.nifi:nifi-mqtt-nar:1.24.0 in 1 millis
2025-10-16 11:14:31,399 INFO [main] o.a.n.n.StandardExtensionDiscoveringManager Loaded extensions for org.apache.nifi:nifi-azure-services-api-nar:1.24.0 in 1 millis
2025-10-16 11:14:31,401 INFO [main] o.a.n.n.StandardExtensionDiscoveringManager Loaded extensions for org.apache.nifi:nifi-lookup-services-nar:1.24.0 in 2 millis
2025-10-16 11:14:31,402 INFO [main] o.a.n.n.StandardExtensionDiscoveringManager Loaded extensions for org.apache.nifi:nifi-opentelemetry-nar:1.24.0 in 1 millis
2025-10-16 11:14:31,403 INFO [main] o.a.n.n.StandardExtensionDiscoveringManager Loaded extensions for org.apache.nifi:nifi-smb-nar:1.24.0 in 1 millis
2025-10-16 11:14:31,405 INFO [main] o.a.n.n.StandardExtensionDiscoveringManager Loaded extensions for org.apache.nifi:nifi-splunk-nar:1.24.0 in 2 millis
2025-10-16 11:14:31,407 INFO [main] o.a.n.n.StandardExtensionDiscoveringManager Loaded extensions for org.apache.nifi:nifi-aws-nar:1.24.0 in 2 millis
2025-10-16 11:14:31,409 INFO [main] o.a.n.n.StandardExtensionDiscoveringManager Loaded extensions for org.apache.nifi:nifi-jms-processors-nar:1.24.0 in 2 millis
2025-10-16 11:14:31,410 INFO [main] o.a.n.n.StandardExtensionDiscoveringManager Loaded extensions for org.apache.nifi:nifi-pgp-service-nar:1.24.0 in 1 millis
2025-10-16 11:14:31,412 INFO [main] o.a.n.n.StandardExtensionDiscoveringManager Loaded extensions for org.apache.nifi:nifi-box-services-nar:1.24.0 in 2 millis
2025-10-16 11:14:31,414 INFO [main] o.a.n.n.StandardExtensionDiscoveringManager Loaded extensions for org.apache.nifi:nifi-azure-nar:1.24.0 in 2 millis
2025-10-16 11:14:31,414 INFO [main] o.a.n.n.StandardExtensionDiscoveringManager Extension Type Mapping to Bundle:
	=== UserGroupProvider Type ===
	org.apache.nifi.authorization.FileUserGroupProvider
		org.apache.nifi:nifi-framework-nar:1.24.0 || ./work/nar/framework/nifi-framework-nar-1.24.0.nar-unpacked
	org.apache.nifi.authorization.azure.AzureGraphUserGroupProvider
		org.apache.nifi:nifi-azure-nar:1.24.0 || ./work/nar/extensions/nifi-azure-nar-1.24.0.nar-unpacked
	org.apache.nifi.authorization.CompositeUserGroupProvider
		org.apache.nifi:nifi-framework-nar:1.24.0 || ./work/nar/framework/nifi-framework-nar-1.24.0.nar-unpacked
	org.apache.nifi.authorization.ShellUserGroupProvider
		org.apache.nifi:nifi-framework-nar:1.24.0 || ./work/nar/framework/nifi-framework-nar-1.24.0.nar-unpacked
	org.apache.nifi.authorization.CompositeConfigurableUserGroupProvider
		org.apache.nifi:nifi-framework-nar:1.24.0 || ./work/nar/framework/nifi-framework-nar-1.24.0.nar-unpacked
	org.apache.nifi.ldap.tenants.LdapUserGroupProvider
		org.apache.nifi:nifi-ldap-iaa-providers-nar:1.24.0 || ./work/nar/extensions/nifi-ldap-iaa-providers-nar-1.24.0.nar-unpacked
	=== End UserGroupProvider types ===
	=== AccessPolicyProvider Type ===
	org.apache.nifi.authorization.FileAccessPolicyProvider
		org.apache.nifi:nifi-framework-nar:1.24.0 || ./work/nar/framework/nifi-framework-nar-1.24.0.nar-unpacked
	=== End AccessPolicyProvider types ===
	=== ContentRepository Type ===
	org.apache.nifi.controller.repository.FileSystemRepository
		org.apache.nifi:nifi-framework-nar:1.24.0 || ./work/nar/framework/nifi-framework-nar-1.24.0.nar-unpacked
	org.apache.nifi.controller.repository.crypto.EncryptedFileSystemRepository
		org.apache.nifi:nifi-framework-nar:1.24.0 || ./work/nar/framework/nifi-framework-nar-1.24.0.nar-unpacked
	=== End ContentRepository types ===
	=== StateProvider Type ===
	org.apache.nifi.controller.state.providers.zookeeper.ZooKeeperStateProvider
		org.apache.nifi:nifi-framework-nar:1.24.0 || ./work/nar/framework/nifi-framework-nar-1.24.0.nar-unpacked
	org.apache.nifi.controller.state.providers.local.WriteAheadLocalStateProvider
		org.apache.nifi:nifi-framework-nar:1.24.0 || ./work/nar/framework/nifi-framework-nar-1.24.0.nar-unpacked
	org.apache.nifi.redis.state.RedisStateProvider
		org.apache.nifi:nifi-redis-nar:1.24.0 || ./work/nar/extensions/nifi-redis-nar-1.24.0.nar-unpacked
	=== End StateProvider types ===
	=== ReportingTask Type ===
	org.apache.nifi.controller.MonitorDiskUsage
		org.apache.nifi:nifi-standard-nar:1.24.0 || ./work/nar/extensions/nifi-standard-nar-1.24.0.nar-unpacked
	org.apache.nifi.reporting.azure.loganalytics.AzureLogAnalyticsProvenanceReportingTask
		org.apache.nifi:nifi-azure-nar:1.24.0 || ./work/nar/extensions/nifi-azure-nar-1.24.0.nar-unpacked
	org.apache.nifi.reporting.script.ScriptedReportingTask
		org.apache.nifi:nifi-scripting-nar:1.24.0 || ./work/nar/extensions/nifi-scripting-nar-1.24.0.nar-unpacked
	org.apache.nifi.reporting.SiteToSiteStatusReportingTask
		org.apache.nifi:nifi-site-to-site-reporting-nar:1.24.0 || ./work/nar/extensions/nifi-site-to-site-reporting-nar-1.24.0.nar-unpacked
	org.apache.nifi.reporting.azure.loganalytics.AzureLogAnalyticsReportingTask
		org.apache.nifi:nifi-azure-nar:1.24.0 || ./work/nar/extensions/nifi-azure-nar-1.24.0.nar-unpacked
	org.apache.nifi.reporting.prometheus.PrometheusReportingTask
		org.apache.nifi:nifi-prometheus-nar:1.24.0 || ./work/nar/extensions/nifi-prometheus-nar-1.24.0.nar-unpacked
	org.apache.nifi.reporting.ganglia.StandardGangliaReporter
		org.apache.nifi:nifi-standard-nar:1.24.0 || ./work/nar/extensions/nifi-standard-nar-1.24.0.nar-unpacked
	org.apache.nifi.reporting.ambari.AmbariReportingTask
		org.apache.nifi:nifi-ambari-nar:1.24.0 || ./work/nar/extensions/nifi-ambari-nar-1.24.0.nar-unpacked
	org.apache.nifi.reporting.SiteToSiteMetricsReportingTask
		org.apache.nifi:nifi-site-to-site-reporting-nar:1.24.0 || ./work/nar/extensions/nifi-site-to-site-reporting-nar-1.24.0.nar-unpacked
	org.apache.nifi.reporting.SiteToSiteBulletinReportingTask
		org.apache.nifi:nifi-site-to-site-reporting-nar:1.24.0 || ./work/nar/extensions/nifi-site-to-site-reporting-nar-1.24.0.nar-unpacked
	org.apache.nifi.reporting.SiteToSiteProvenanceReportingTask
		org.apache.nifi:nifi-site-to-site-reporting-nar:1.24.0 || ./work/nar/extensions/nifi-site-to-site-reporting-nar-1.24.0.nar-unpacked
	org.apache.nifi.controller.ControllerStatusReportingTask
		org.apache.nifi:nifi-standard-nar:1.24.0 || ./work/nar/extensions/nifi-standard-nar-1.24.0.nar-unpacked
	org.apache.nifi.reporting.datadog.DataDogReportingTask
		org.apache.nifi:nifi-datadog-nar:1.24.0 || ./work/nar/extensions/nifi-datadog-nar-1.24.0.nar-unpacked
	org.apache.nifi.metrics.reporting.task.MetricsReportingTask
		org.apache.nifi:nifi-metrics-reporting-nar:1.24.0 || ./work/nar/extensions/nifi-metrics-reporting-nar-1.24.0.nar-unpacked
	org.apache.nifi.controller.MonitorMemory
		org.apache.nifi:nifi-standard-nar:1.24.0 || ./work/nar/extensions/nifi-standard-nar-1.24.0.nar-unpacked
	=== End ReportingTask types ===
	=== Authorizer Type ===
	org.apache.nifi.authorization.StandardManagedAuthorizer
		org.apache.nifi:nifi-framework-nar:1.24.0 || ./work/nar/framework/nifi-framework-nar-1.24.0.nar-unpacked
	org.apache.nifi.authorization.single.user.SingleUserAuthorizer
		org.apache.nifi:nifi-single-user-iaa-providers-nar:1.24.0 || ./work/nar/extensions/nifi-single-user-iaa-providers-nar-1.24.0.nar-unpacked
	org.apache.nifi.authorization.FileAuthorizer
		org.apache.nifi:nifi-framework-nar:1.24.0 || ./work/nar/framework/nifi-framework-nar-1.24.0.nar-unpacked
	=== End Authorizer types ===
	=== FlowFileSwapManager Type ===
	org.apache.nifi.controller.EncryptedFileSystemSwapManager
		org.apache.nifi:nifi-framework-nar:1.24.0 || ./work/nar/framework/nifi-framework-nar-1.24.0.nar-unpacked
	org.apache.nifi.controller.FileSystemSwapManager
		org.apache.nifi:nifi-framework-nar:1.24.0 || ./work/nar/framework/nifi-framework-nar-1.24.0.nar-unpacked
	=== End FlowFileSwapManager types ===
	=== LoginIdentityProvider Type ===
	org.apache.nifi.ldap.LdapProvider
		org.apache.nifi:nifi-ldap-iaa-providers-nar:1.24.0 || ./work/nar/extensions/nifi-ldap-iaa-providers-nar-1.24.0.nar-unpacked
	org.apache.nifi.kerberos.KerberosProvider
		org.apache.nifi:nifi-kerberos-iaa-providers-nar:1.24.0 || ./work/nar/extensions/nifi-kerberos-iaa-providers-nar-1.24.0.nar-unpacked
	org.apache.nifi.authentication.single.user.SingleUserLoginIdentityProvider
		org.apache.nifi:nifi-single-user-iaa-providers-nar:1.24.0 || ./work/nar/extensions/nifi-single-user-iaa-providers-nar-1.24.0.nar-unpacked
	=== End LoginIdentityProvider types ===
	=== FlowRegistryClient Type ===
	org.apache.nifi.registry.flow.NifiRegistryFlowRegistryClient
		org.apache.nifi:nifi-flow-registry-client-nar:1.24.0 || ./work/nar/extensions/nifi-flow-registry-client-nar-1.24.0.nar-unpacked
	=== End FlowRegistryClient types ===
	=== Processor Type ===
	org.apache.nifi.processors.standard.HashAttribute
		org.apache.nifi:nifi-standard-nar:1.24.0 || ./work/nar/extensions/nifi-standard-nar-1.24.0.nar-unpacked
	org.apache.nifi.processors.standard.ConvertRecord
		org.apache.nifi:nifi-standard-nar:1.24.0 || ./work/nar/extensions/nifi-standard-nar-1.24.0.nar-unpacked
	org.apache.nifi.processors.aws.dynamodb.GetDynamoDB
		org.apache.nifi:nifi-aws-nar:1.24.0 || ./work/nar/extensions/nifi-aws-nar-1.24.0.nar-unpacked
	org.apache.nifi.processors.slack.PutSlack
		org.apache.nifi:nifi-slack-nar:1.24.0 || ./work/nar/extensions/nifi-slack-nar-1.24.0.nar-unpacked
	org.apache.nifi.processors.standard.QueryDatabaseTable
		org.apache.nifi:nifi-standard-nar:1.24.0 || ./work/nar/extensions/nifi-standard-nar-1.24.0.nar-unpacked
	org.apache.nifi.processors.mongodb.gridfs.PutGridFS
		org.apache.nifi:nifi-mongodb-nar:1.24.0 || ./work/nar/extensions/nifi-mongodb-nar-1.24.0.nar-unpacked
	org.apache.nifi.processors.standard.LogAttribute
		org.apache.nifi:nifi-standard-nar:1.24.0 || ./work/nar/extensions/nifi-standard-nar-1.24.0.nar-unpacked
	org.apache.nifi.processors.cipher.DecryptContent
		org.apache.nifi:nifi-cipher-nar:1.24.0 || ./work/nar/extensions/nifi-cipher-nar-1.24.0.nar-unpacked
	org.apache.nifi.processors.standard.LookupRecord
		org.apache.nifi:nifi-standard-nar:1.24.0 || ./work/nar/extensions/nifi-standard-nar-1.24.0.nar-unpacked
	org.apache.nifi.processors.kafka.pubsub.PublishKafkaRecord_1_0
		org.apache.nifi:nifi-kafka-1-0-nar:1.24.0 || ./work/nar/extensions/nifi-kafka-1-0-nar-1.24.0.nar-unpacked
	org.apache.nifi.processors.standard.ExtractRecordSchema
		org.apache.nifi:nifi-standard-nar:1.24.0 || ./work/nar/extensions/nifi-standard-nar-1.24.0.nar-unpacked
	org.apache.nifi.processors.aws.s3.ListS3
		org.apache.nifi:nifi-aws-nar:1.24.0 || ./work/nar/extensions/nifi-aws-nar-1.24.0.nar-unpacked
	org.apache.nifi.processors.standard.LookupAttribute
		org.apache.nifi:nifi-standard-nar:1.24.0 || ./work/nar/extensions/nifi-standard-nar-1.24.0.nar-unpacked
	org.apache.nifi.processors.standard.SplitJson
		org.apache.nifi:nifi-standard-nar:1.24.0 || ./work/nar/extensions/nifi-standard-nar-1.24.0.nar-unpacked
	org.apache.nifi.processors.standard.HandleHttpRequest
		org.apache.nifi:nifi-standard-nar:1.24.0 || ./work/nar/extensions/nifi-standard-nar-1.24.0.nar-unpacked
	org.apache.nifi.processors.shopify.GetShopify
		org.apache.nifi:nifi-shopify-nar:1.24.0 || ./work/nar/extensions/nifi-shopify-nar-1.24.0.nar-unpacked
	org.apache.nifi.processors.network.ParseNetflowv5
		org.apache.nifi:nifi-network-processors-nar:1.24.0 || ./work/nar/extensions/nifi-network-processors-nar-1.24.0.nar-unpacked
	org.apache.nifi.hbase.PutHBaseCell
		org.apache.nifi:nifi-hbase-nar:1.24.0 || ./work/nar/extensions/nifi-hbase-nar-1.24.0.nar-unpacked
	org.apache.nifi.processors.standard.DetectDuplicate
		org.apache.nifi:nifi-standard-nar:1.24.0 || ./work/nar/extensions/nifi-standard-nar-1.24.0.nar-unpacked
	org.apache.nifi.processors.kafka.pubsub.PublishKafka_2_6
		org.apache.nifi:nifi-kafka-2-6-nar:1.24.0 || ./work/nar/extensions/nifi-kafka-2-6-nar-1.24.0.nar-unpacked
	org.apache.nifi.processors.poi.ConvertExcelToCSVProcessor
		org.apache.nifi:nifi-poi-nar:1.24.0 || ./work/nar/extensions/nifi-poi-nar-1.24.0.nar-unpacked
	org.apache.nifi.processors.standard.JoinEnrichment
		org.apache.nifi:nifi-standard-nar:1.24.0 || ./work/nar/extensions/nifi-standard-nar-1.24.0.nar-unpacked
	org.apache.nifi.hbase.ScanHBase
		org.apache.nifi:nifi-hbase-nar:1.24.0 || ./work/nar/extensions/nifi-hbase-nar-1.24.0.nar-unpacked
	org.apache.nifi.processors.elasticsearch.PutElasticsearchHttp
		org.apache.nifi:nifi-elasticsearch-nar:1.24.0 || ./work/nar/extensions/nifi-elasticsearch-nar-1.24.0.nar-unpacked
	org.apache.nifi.processors.gcp.storage.ListGCSBucket
		org.apache.nifi:nifi-gcp-nar:1.24.0 || ./work/nar/extensions/nifi-gcp-nar-1.24.0.nar-unpacked
	org.apache.nifi.processors.couchbase.PutCouchbaseKey
		org.apache.nifi:nifi-couchbase-nar:1.24.0 || ./work/nar/extensions/nifi-couchbase-nar-1.24.0.nar-unpacked
	org.apache.nifi.snmp.processors.SetSNMP
		org.apache.nifi:nifi-snmp-nar:1.24.0 || ./work/nar/extensions/nifi-snmp-nar-1.24.0.nar-unpacked
	org.apache.nifi.PutHTMLElement
		org.apache.nifi:nifi-html-nar:1.24.0 || ./work/nar/extensions/nifi-html-nar-1.24.0.nar-unpacked
	org.apache.nifi.processors.standard.CryptographicHashAttribute
		org.apache.nifi:nifi-standard-nar:1.24.0 || ./work/nar/extensions/nifi-standard-nar-1.24.0.nar-unpacked
	org.apache.nifi.processors.standard.ValidateCsv
		org.apache.nifi:nifi-standard-nar:1.24.0 || ./work/nar/extensions/nifi-standard-nar-1.24.0.nar-unpacked
	org.apache.nifi.processors.dropbox.ListDropbox
		org.apache.nifi:nifi-dropbox-processors-nar:1.24.0 || ./work/nar/extensions/nifi-dropbox-processors-nar-1.24.0.nar-unpacked
	org.apache.nifi.processors.script.ScriptedFilterRecord
		org.apache.nifi:nifi-scripting-nar:1.24.0 || ./work/nar/extensions/nifi-scripting-nar-1.24.0.nar-unpacked
	org.apache.nifi.processors.solr.QuerySolr
		org.apache.nifi:nifi-solr-nar:1.24.0 || ./work/nar/extensions/nifi-solr-nar-1.24.0.nar-unpacked
	org.apache.nifi.processors.standard.RouteText
		org.apache.nifi:nifi-standard-nar:1.24.0 || ./work/nar/extensions/nifi-standard-nar-1.24.0.nar-unpacked
	org.apache.nifi.processors.salesforce.PutSalesforceObject
		org.apache.nifi:nifi-salesforce-nar:1.24.0 || ./work/nar/extensions/nifi-salesforce-nar-1.24.0.nar-unpacked
	org.apache.nifi.processors.standard.PutSFTP
		org.apache.nifi:nifi-standard-nar:1.24.0 || ./work/nar/extensions/nifi-standard-nar-1.24.0.nar-unpacked
	org.apache.nifi.processors.azure.storage.queue.PutAzureQueueStorage_v12
		org.apache.nifi:nifi-azure-nar:1.24.0 || ./work/nar/extensions/nifi-azure-nar-1.24.0.nar-unpacked
	org.apache.nifi.hbase.GetHBase
		org.apache.nifi:nifi-hbase-nar:1.24.0 || ./work/nar/extensions/nifi-hbase-nar-1.24.0.nar-unpacked
	org.apache.nifi.processors.elasticsearch.SearchElasticsearch
		org.apache.nifi:nifi-elasticsearch-restapi-nar:1.24.0 || ./work/nar/extensions/nifi-elasticsearch-restapi-nar-1.24.0.nar-unpacked
	org.apache.nifi.processors.hadoop.ListHDFS
		org.apache.nifi:nifi-hadoop-nar:1.24.0 || ./work/nar/extensions/nifi-hadoop-nar-1.24.0.nar-unpacked
	org.apache.nifi.processors.gcp.bigquery.PutBigQueryStreaming
		org.apache.nifi:nifi-gcp-nar:1.24.0 || ./work/nar/extensions/nifi-gcp-nar-1.24.0.nar-unpacked
	org.apache.nifi.processors.script.ExecuteScript
		org.apache.nifi:nifi-scripting-nar:1.24.0 || ./work/nar/extensions/nifi-scripting-nar-1.24.0.nar-unpacked
	org.apache.nifi.processors.standard.HandleHttpResponse
		org.apache.nifi:nifi-standard-nar:1.24.0 || ./work/nar/extensions/nifi-standard-nar-1.24.0.nar-unpacked
	org.apache.nifi.processors.azure.storage.FetchAzureBlobStorage_v12
		org.apache.nifi:nifi-azure-nar:1.24.0 || ./work/nar/extensions/nifi-azure-nar-1.24.0.nar-unpacked
	org.apache.nifi.processors.standard.MonitorActivity
		org.apache.nifi:nifi-standard-nar:1.24.0 || ./work/nar/extensions/nifi-standard-nar-1.24.0.nar-unpacked
	org.apache.nifi.processors.standard.PutFTP
		org.apache.nifi:nifi-standard-nar:1.24.0 || ./work/nar/extensions/nifi-standard-nar-1.24.0.nar-unpacked
	org.apache.nifi.processors.splunk.GetSplunk
		org.apache.nifi:nifi-splunk-nar:1.24.0 || ./work/nar/extensions/nifi-splunk-nar-1.24.0.nar-unpacked
	org.apache.nifi.processors.kafka.pubsub.ConsumeKafka_2_0
		org.apache.nifi:nifi-kafka-2-0-nar:1.24.0 || ./work/nar/extensions/nifi-kafka-2-0-nar-1.24.0.nar-unpacked
	org.apache.nifi.hbase.DeleteHBaseRow
		org.apache.nifi:nifi-hbase-nar:1.24.0 || ./work/nar/extensions/nifi-hbase-nar-1.24.0.nar-unpacked
	org.apache.nifi.processors.standard.PutJMS
		org.apache.nifi:nifi-standard-nar:1.24.0 || ./work/nar/extensions/nifi-standard-nar-1.24.0.nar-unpacked
	org.apache.nifi.jms.processors.ConsumeJMS
		org.apache.nifi:nifi-jms-processors-nar:1.24.0 || ./work/nar/extensions/nifi-jms-processors-nar-1.24.0.nar-unpacked
	org.apache.nifi.processors.standard.ExecuteSQL
		org.apache.nifi:nifi-standard-nar:1.24.0 || ./work/nar/extensions/nifi-standard-nar-1.24.0.nar-unpacked
	org.apache.nifi.processors.elasticsearch.PaginatedJsonQueryElasticsearch
		org.apache.nifi:nifi-elasticsearch-restapi-nar:1.24.0 || ./work/nar/extensions/nifi-elasticsearch-restapi-nar-1.24.0.nar-unpacked
	org.apache.nifi.processors.hadoop.GetHDFS
		org.apache.nifi:nifi-hadoop-nar:1.24.0 || ./work/nar/extensions/nifi-hadoop-nar-1.24.0.nar-unpacked
	org.apache.nifi.processors.box.FetchBoxFile
		org.apache.nifi:nifi-box-nar:1.24.0 || ./work/nar/extensions/nifi-box-nar-1.24.0.nar-unpacked
	org.apache.nifi.processors.standard.JoltTransformJSON
		org.apache.nifi:nifi-standard-nar:1.24.0 || ./work/nar/extensions/nifi-standard-nar-1.24.0.nar-unpacked
	org.apache.nifi.processors.dropbox.FetchDropbox
		org.apache.nifi:nifi-dropbox-processors-nar:1.24.0 || ./work/nar/extensions/nifi-dropbox-processors-nar-1.24.0.nar-unpacked
	org.apache.nifi.processors.standard.DistributeLoad
		org.apache.nifi:nifi-standard-nar:1.24.0 || ./work/nar/extensions/nifi-standard-nar-1.24.0.nar-unpacked
	org.apache.nifi.processors.standard.UpdateDatabaseTable
		org.apache.nifi:nifi-standard-nar:1.24.0 || ./work/nar/extensions/nifi-standard-nar-1.24.0.nar-unpacked
	org.apache.nifi.processors.standard.GenerateFlowFile
		org.apache.nifi:nifi-standard-nar:1.24.0 || ./work/nar/extensions/nifi-standard-nar-1.24.0.nar-unpacked
	org.apache.nifi.processors.azure.storage.FetchAzureDataLakeStorage
		org.apache.nifi:nifi-azure-nar:1.24.0 || ./work/nar/extensions/nifi-azure-nar-1.24.0.nar-unpacked
	org.apache.nifi.processors.standard.UpdateRecord
		org.apache.nifi:nifi-standard-nar:1.24.0 || ./work/nar/extensions/nifi-standard-nar-1.24.0.nar-unpacked
	org.apache.nifi.processors.standard.QueryDatabaseTableRecord
		org.apache.nifi:nifi-standard-nar:1.24.0 || ./work/nar/extensions/nifi-standard-nar-1.24.0.nar-unpacked
	org.apache.nifi.processors.mongodb.DeleteMongo
		org.apache.nifi:nifi-mongodb-nar:1.24.0 || ./work/nar/extensions/nifi-mongodb-nar-1.24.0.nar-unpacked
	org.apache.nifi.processors.GeoEnrichIP
		org.apache.nifi:nifi-enrich-nar:1.24.0 || ./work/nar/extensions/nifi-enrich-nar-1.24.0.nar-unpacked
	org.apache.nifi.processors.cipher.VerifyContentMAC
		org.apache.nifi:nifi-cipher-nar:1.24.0 || ./work/nar/extensions/nifi-cipher-nar-1.24.0.nar-unpacked
	org.apache.nifi.processors.standard.AttributesToJSON
		org.apache.nifi:nifi-standard-nar:1.24.0 || ./work/nar/extensions/nifi-standard-nar-1.24.0.nar-unpacked
	org.apache.nifi.processors.standard.FlattenJson
		org.apache.nifi:nifi-standard-nar:1.24.0 || ./work/nar/extensions/nifi-standard-nar-1.24.0.nar-unpacked
	org.apache.nifi.processors.mongodb.GetMongo
		org.apache.nifi:nifi-mongodb-nar:1.24.0 || ./work/nar/extensions/nifi-mongodb-nar-1.24.0.nar-unpacked
	org.apache.nifi.processors.kafka.pubsub.ConsumeKafkaRecord_2_0
		org.apache.nifi:nifi-kafka-2-0-nar:1.24.0 || ./work/nar/extensions/nifi-kafka-2-0-nar-1.24.0.nar-unpacked
	org.apache.nifi.processors.gcp.vision.StartGcpVisionAnnotateFilesOperation
		org.apache.nifi:nifi-gcp-nar:1.24.0 || ./work/nar/extensions/nifi-gcp-nar-1.24.0.nar-unpacked
	org.apache.nifi.processors.standard.LogMessage
		org.apache.nifi:nifi-standard-nar:1.24.0 || ./work/nar/extensions/nifi-standard-nar-1.24.0.nar-unpacked
	org.apache.nifi.processors.gcp.drive.PutGoogleDrive
		org.apache.nifi:nifi-gcp-nar:1.24.0 || ./work/nar/extensions/nifi-gcp-nar-1.24.0.nar-unpacked
	org.apache.nifi.processors.hadoop.CreateHadoopSequenceFile
		org.apache.nifi:nifi-hadoop-nar:1.24.0 || ./work/nar/extensions/nifi-hadoop-nar-1.24.0.nar-unpacked
	org.apache.nifi.processors.rethinkdb.PutRethinkDB
		org.apache.nifi:nifi-rethinkdb-nar:1.24.0 || ./work/nar/extensions/nifi-rethinkdb-nar-1.24.0.nar-unpacked
	org.apache.nifi.processors.kafka.pubsub.ConsumeKafkaRecord_1_0
		org.apache.nifi:nifi-kafka-1-0-nar:1.24.0 || ./work/nar/extensions/nifi-kafka-1-0-nar-1.24.0.nar-unpacked
	org.apache.nifi.ModifyHTMLElement
		org.apache.nifi:nifi-html-nar:1.24.0 || ./work/nar/extensions/nifi-html-nar-1.24.0.nar-unpacked
	org.apache.nifi.amqp.processors.PublishAMQP
		org.apache.nifi:nifi-amqp-nar:1.24.0 || ./work/nar/extensions/nifi-amqp-nar-1.24.0.nar-unpacked
	org.apache.nifi.processors.standard.ScanAttribute
		org.apache.nifi:nifi-standard-nar:1.24.0 || ./work/nar/extensions/nifi-standard-nar-1.24.0.nar-unpacked
	org.apache.nifi.processors.standard.ParseSyslog5424
		org.apache.nifi:nifi-standard-nar:1.24.0 || ./work/nar/extensions/nifi-standard-nar-1.24.0.nar-unpacked
	org.apache.nifi.processors.azure.eventhub.GetAzureEventHub
		org.apache.nifi:nifi-azure-nar:1.24.0 || ./work/nar/extensions/nifi-azure-nar-1.24.0.nar-unpacked
	org.apache.nifi.processors.aws.ml.transcribe.GetAwsTranscribeJobStatus
		org.apache.nifi:nifi-aws-nar:1.24.0 || ./work/nar/extensions/nifi-aws-nar-1.24.0.nar-unpacked
	org.apache.nifi.processors.aws.ml.transcribe.StartAwsTranscribeJob
		org.apache.nifi:nifi-aws-nar:1.24.0 || ./work/nar/extensions/nifi-aws-nar-1.24.0.nar-unpacked
	org.apache.nifi.processors.aws.dynamodb.PutDynamoDBRecord
		org.apache.nifi:nifi-aws-nar:1.24.0 || ./work/nar/extensions/nifi-aws-nar-1.24.0.nar-unpacked
	org.apache.nifi.processors.cybersecurity.CompareFuzzyHash
		org.apache.nifi:nifi-cybersecurity-nar:1.24.0 || ./work/nar/extensions/nifi-cybersecurity-nar-1.24.0.nar-unpacked
	org.apache.nifi.processors.parquet.ConvertAvroToParquet
		org.apache.nifi:nifi-parquet-nar:1.24.0 || ./work/nar/extensions/nifi-parquet-nar-1.24.0.nar-unpacked
	org.apache.nifi.processors.hl7.RouteHL7
		org.apache.nifi:nifi-hl7-nar:1.24.0 || ./work/nar/extensions/nifi-hl7-nar-1.24.0.nar-unpacked
	org.apache.nifi.processors.standard.HashContent
		org.apache.nifi:nifi-standard-nar:1.24.0 || ./work/nar/extensions/nifi-standard-nar-1.24.0.nar-unpacked
	org.apache.nifi.jms.processors.PublishJMS
		org.apache.nifi:nifi-jms-processors-nar:1.24.0 || ./work/nar/extensions/nifi-jms-processors-nar-1.24.0.nar-unpacked
	org.apache.nifi.processors.kafka.pubsub.PublishKafka_2_0
		org.apache.nifi:nifi-kafka-2-0-nar:1.24.0 || ./work/nar/extensions/nifi-kafka-2-0-nar-1.24.0.nar-unpacked
	org.apache.nifi.processors.standard.RouteOnContent
		org.apache.nifi:nifi-standard-nar:1.24.0 || ./work/nar/extensions/nifi-standard-nar-1.24.0.nar-unpacked
	org.apache.nifi.processors.aws.dynamodb.DeleteDynamoDB
		org.apache.nifi:nifi-aws-nar:1.24.0 || ./work/nar/extensions/nifi-aws-nar-1.24.0.nar-unpacked
	org.apache.nifi.processors.parquet.PutParquet
		org.apache.nifi:nifi-parquet-nar:1.24.0 || ./work/nar/extensions/nifi-parquet-nar-1.24.0.nar-unpacked
	org.apache.nifi.processors.gcp.vision.GetGcpVisionAnnotateFilesOperationStatus
		org.apache.nifi:nifi-gcp-nar:1.24.0 || ./work/nar/extensions/nifi-gcp-nar-1.24.0.nar-unpacked
	org.apache.nifi.spring.SpringContextProcessor
		org.apache.nifi:nifi-spring-nar:1.24.0 || ./work/nar/extensions/nifi-spring-nar-1.24.0.nar-unpacked
	org.apache.nifi.processors.compress.ModifyCompression
		org.apache.nifi:nifi-compress-nar:1.24.0 || ./work/nar/extensions/nifi-compress-nar-1.24.0.nar-unpacked
	org.apache.nifi.processors.gcp.pubsub.PublishGCPubSub
		org.apache.nifi:nifi-gcp-nar:1.24.0 || ./work/nar/extensions/nifi-gcp-nar-1.24.0.nar-unpacked
	org.apache.nifi.processors.avro.ConvertAvroToJSON
		org.apache.nifi:nifi-avro-nar:1.24.0 || ./work/nar/extensions/nifi-avro-nar-1.24.0.nar-unpacked
	org.apache.nifi.processors.standard.GetJMSQueue
		org.apache.nifi:nifi-standard-nar:1.24.0 || ./work/nar/extensions/nifi-standard-nar-1.24.0.nar-unpacked
	org.apache.nifi.processors.standard.PutUDP
		org.apache.nifi:nifi-standard-nar:1.24.0 || ./work/nar/extensions/nifi-standard-nar-1.24.0.nar-unpacked
	org.apache.nifi.processors.rethinkdb.DeleteRethinkDB
		org.apache.nifi:nifi-rethinkdb-nar:1.24.0 || ./work/nar/extensions/nifi-rethinkdb-nar-1.24.0.nar-unpacked
	org.apache.nifi.processors.kafka.pubsub.PublishKafkaRecord_2_0
		org.apache.nifi:nifi-kafka-2-0-nar:1.24.0 || ./work/nar/extensions/nifi-kafka-2-0-nar-1.24.0.nar-unpacked
	org.apache.nifi.processors.gettcp.GetTCP
		org.apache.nifi:nifi-tcp-nar:1.24.0 || ./work/nar/extensions/nifi-tcp-nar-1.24.0.nar-unpacked
	org.apache.nifi.processors.aws.kinesis.firehose.PutKinesisFirehose
		org.apache.nifi:nifi-aws-nar:1.24.0 || ./work/nar/extensions/nifi-aws-nar-1.24.0.nar-unpacked
	org.apache.nifi.processors.azure.storage.DeleteAzureBlobStorage
		org.apache.nifi:nifi-azure-nar:1.24.0 || ./work/nar/extensions/nifi-azure-nar-1.24.0.nar-unpacked
	org.apache.nifi.processors.pgp.VerifyContentPGP
		org.apache.nifi:nifi-pgp-nar:1.24.0 || ./work/nar/extensions/nifi-pgp-nar-1.24.0.nar-unpacked
	org.apache.nifi.processors.azure.storage.PutAzureDataLakeStorage
		org.apache.nifi:nifi-azure-nar:1.24.0 || ./work/nar/extensions/nifi-azure-nar-1.24.0.nar-unpacked
	org.apache.nifi.processors.standard.EncryptContent
		org.apache.nifi:nifi-standard-nar:1.24.0 || ./work/nar/extensions/nifi-standard-nar-1.24.0.nar-unpacked
	org.apache.nifi.processors.standard.ListenUDPRecord
		org.apache.nifi:nifi-standard-nar:1.24.0 || ./work/nar/extensions/nifi-standard-nar-1.24.0.nar-unpacked
	org.apache.nifi.processors.elasticsearch.FetchElasticsearchHttp
		org.apache.nifi:nifi-elasticsearch-nar:1.24.0 || ./work/nar/extensions/nifi-elasticsearch-nar-1.24.0.nar-unpacked
	org.apache.nifi.processors.stateful.analysis.AttributeRollingWindow
		org.apache.nifi:nifi-stateful-analysis-nar:1.24.0 || ./work/nar/extensions/nifi-stateful-analysis-nar-1.24.0.nar-unpacked
	org.apache.nifi.processors.azure.eventhub.ConsumeAzureEventHub
		org.apache.nifi:nifi-azure-nar:1.24.0 || ./work/nar/extensions/nifi-azure-nar-1.24.0.nar-unpacked
	org.apache.nifi.processors.standard.ExecuteSQLRecord
		org.apache.nifi:nifi-standard-nar:1.24.0 || ./work/nar/extensions/nifi-standard-nar-1.24.0.nar-unpacked
	org.apache.nifi.processors.airtable.QueryAirtableTable
		org.apache.nifi:nifi-airtable-nar:1.24.0 || ./work/nar/extensions/nifi-airtable-nar-1.24.0.nar-unpacked
	org.apache.nifi.processors.aws.cloudwatch.PutCloudWatchMetric
		org.apache.nifi:nifi-aws-nar:1.24.0 || ./work/nar/extensions/nifi-aws-nar-1.24.0.nar-unpacked
	org.apache.nifi.processors.standard.PutFile
		org.apache.nifi:nifi-standard-nar:1.24.0 || ./work/nar/extensions/nifi-standard-nar-1.24.0.nar-unpacked
	org.apache.nifi.processors.azure.storage.ListAzureBlobStorage
		org.apache.nifi:nifi-azure-nar:1.24.0 || ./work/nar/extensions/nifi-azure-nar-1.24.0.nar-unpacked
	org.apache.nifi.processors.standard.EvaluateXPath
		org.apache.nifi:nifi-standard-nar:1.24.0 || ./work/nar/extensions/nifi-standard-nar-1.24.0.nar-unpacked
	org.apache.nifi.processors.twitter.GetTwitter
		org.apache.nifi:nifi-social-media-nar:1.24.0 || ./work/nar/extensions/nifi-social-media-nar-1.24.0.nar-unpacked
	org.apache.nifi.processors.standard.QueryRecord
		org.apache.nifi:nifi-standard-nar:1.24.0 || ./work/nar/extensions/nifi-standard-nar-1.24.0.nar-unpacked
	org.apache.nifi.processors.standard.ForkEnrichment
		org.apache.nifi:nifi-standard-nar:1.24.0 || ./work/nar/extensions/nifi-standard-nar-1.24.0.nar-unpacked
	org.apache.nifi.processors.smb.PutSmbFile
		org.apache.nifi:nifi-smb-nar:1.24.0 || ./work/nar/extensions/nifi-smb-nar-1.24.0.nar-unpacked
	org.apache.nifi.processors.pgp.SignContentPGP
		org.apache.nifi:nifi-pgp-nar:1.24.0 || ./work/nar/extensions/nifi-pgp-nar-1.24.0.nar-unpacked
	org.apache.nifi.processors.standard.GenerateTableFetch
		org.apache.nifi:nifi-standard-nar:1.24.0 || ./work/nar/extensions/nifi-standard-nar-1.24.0.nar-unpacked
	org.apache.nifi.processors.smb.GetSmbFile
		org.apache.nifi:nifi-smb-nar:1.24.0 || ./work/nar/extensions/nifi-smb-nar-1.24.0.nar-unpacked
	org.apache.nifi.processors.standard.EnforceOrder
		org.apache.nifi:nifi-standard-nar:1.24.0 || ./work/nar/extensions/nifi-standard-nar-1.24.0.nar-unpacked
	org.apache.nifi.processors.parquet.FetchParquet
		org.apache.nifi:nifi-parquet-nar:1.24.0 || ./work/nar/extensions/nifi-parquet-nar-1.24.0.nar-unpacked
	org.apache.nifi.processors.aws.sqs.GetSQS
		org.apache.nifi:nifi-aws-nar:1.24.0 || ./work/nar/extensions/nifi-aws-nar-1.24.0.nar-unpacked
	org.apache.nifi.processors.standard.DebugFlow
		org.apache.nifi:nifi-standard-nar:1.24.0 || ./work/nar/extensions/nifi-standard-nar-1.24.0.nar-unpacked
	org.apache.nifi.processors.standard.PutTCP
		org.apache.nifi:nifi-standard-nar:1.24.0 || ./work/nar/extensions/nifi-standard-nar-1.24.0.nar-unpacked
	org.apache.nifi.processors.hadoop.PutHDFS
		org.apache.nifi:nifi-hadoop-nar:1.24.0 || ./work/nar/extensions/nifi-hadoop-nar-1.24.0.nar-unpacked
	org.apache.nifi.processors.azure.storage.DeleteAzureBlobStorage_v12
		org.apache.nifi:nifi-azure-nar:1.24.0 || ./work/nar/extensions/nifi-azure-nar-1.24.0.nar-unpacked
	org.apache.nifi.processors.gcp.vision.GetGcpVisionAnnotateImagesOperationStatus
		org.apache.nifi:nifi-gcp-nar:1.24.0 || ./work/nar/extensions/nifi-gcp-nar-1.24.0.nar-unpacked
	org.apache.nifi.processors.cassandra.PutCassandraQL
		org.apache.nifi:nifi-cassandra-nar:1.24.0 || ./work/nar/extensions/nifi-cassandra-nar-1.24.0.nar-unpacked
	org.apache.nifi.processors.standard.SampleRecord
		org.apache.nifi:nifi-standard-nar:1.24.0 || ./work/nar/extensions/nifi-standard-nar-1.24.0.nar-unpacked
	org.apache.nifi.processors.mqtt.PublishMQTT
		org.apache.nifi:nifi-mqtt-nar:1.24.0 || ./work/nar/extensions/nifi-mqtt-nar-1.24.0.nar-unpacked
	org.apache.nifi.processors.azure.storage.queue.PutAzureQueueStorage
		org.apache.nifi:nifi-azure-nar:1.24.0 || ./work/nar/extensions/nifi-azure-nar-1.24.0.nar-unpacked
	org.apache.nifi.processors.azure.storage.PutAzureBlobStorage
		org.apache.nifi:nifi-azure-nar:1.24.0 || ./work/nar/extensions/nifi-azure-nar-1.24.0.nar-unpacked
	org.apache.nifi.processors.standard.ParseSyslog
		org.apache.nifi:nifi-standard-nar:1.24.0 || ./work/nar/extensions/nifi-standard-nar-1.24.0.nar-unpacked
	org.apache.nifi.processors.aws.kinesis.stream.PutKinesisStream
		org.apache.nifi:nifi-aws-nar:1.24.0 || ./work/nar/extensions/nifi-aws-nar-1.24.0.nar-unpacked
	org.apache.nifi.processors.couchbase.GetCouchbaseKey
		org.apache.nifi:nifi-couchbase-nar:1.24.0 || ./work/nar/extensions/nifi-couchbase-nar-1.24.0.nar-unpacked
	org.apache.nifi.processors.asana.GetAsanaObject
		org.apache.nifi:nifi-asana-processors-nar:1.24.0 || ./work/nar/extensions/nifi-asana-processors-nar-1.24.0.nar-unpacked
	org.apache.nifi.processors.zendesk.GetZendesk
		org.apache.nifi:nifi-zendesk-nar:1.24.0 || ./work/nar/extensions/nifi-zendesk-nar-1.24.0.nar-unpacked
	org.apache.nifi.processors.jslt.JSLTTransformJSON
		org.apache.nifi:nifi-jslt-nar:1.24.0 || ./work/nar/extensions/nifi-jslt-nar-1.24.0.nar-unpacked
	org.apache.nifi.processors.standard.TailFile
		org.apache.nifi:nifi-standard-nar:1.24.0 || ./work/nar/extensions/nifi-standard-nar-1.24.0.nar-unpacked
	org.apache.nifi.processors.gcp.pubsub.lite.ConsumeGCPubSubLite
		org.apache.nifi:nifi-gcp-nar:1.24.0 || ./work/nar/extensions/nifi-gcp-nar-1.24.0.nar-unpacked
	org.apache.nifi.processors.standard.EncodeContent
		org.apache.nifi:nifi-standard-nar:1.24.0 || ./work/nar/extensions/nifi-standard-nar-1.24.0.nar-unpacked
	org.apache.nifi.processors.standard.ExecuteProcess
		org.apache.nifi:nifi-standard-nar:1.24.0 || ./work/nar/extensions/nifi-standard-nar-1.24.0.nar-unpacked
	org.apache.nifi.processors.hadoop.inotify.GetHDFSEvents
		org.apache.nifi:nifi-hadoop-nar:1.24.0 || ./work/nar/extensions/nifi-hadoop-nar-1.24.0.nar-unpacked
	org.apache.nifi.processors.aws.ml.polly.StartAwsPollyJob
		org.apache.nifi:nifi-aws-nar:1.24.0 || ./work/nar/extensions/nifi-aws-nar-1.24.0.nar-unpacked
	org.apache.nifi.processors.standard.ParseCEF
		org.apache.nifi:nifi-standard-nar:1.24.0 || ./work/nar/extensions/nifi-standard-nar-1.24.0.nar-unpacked
	org.apache.nifi.processors.smb.ListSmb
		org.apache.nifi:nifi-smb-nar:1.24.0 || ./work/nar/extensions/nifi-smb-nar-1.24.0.nar-unpacked
	org.apache.nifi.processors.standard.ValidateRecord
		org.apache.nifi:nifi-standard-nar:1.24.0 || ./work/nar/extensions/nifi-standard-nar-1.24.0.nar-unpacked
	org.apache.nifi.processors.standard.PackageFlowFile
		org.apache.nifi:nifi-standard-nar:1.24.0 || ./work/nar/extensions/nifi-standard-nar-1.24.0.nar-unpacked
	org.apache.nifi.processors.elasticsearch.DeleteByQueryElasticsearch
		org.apache.nifi:nifi-elasticsearch-restapi-nar:1.24.0 || ./work/nar/extensions/nifi-elasticsearch-restapi-nar-1.24.0.nar-unpacked
	org.apache.nifi.processors.standard.GetJMSTopic
		org.apache.nifi:nifi-standard-nar:1.24.0 || ./work/nar/extensions/nifi-standard-nar-1.24.0.nar-unpacked
	org.apache.nifi.processors.websocket.PutWebSocket
		org.apache.nifi:nifi-websocket-processors-nar:1.24.0 || ./work/nar/extensions/nifi-websocket-processors-nar-1.24.0.nar-unpacked
	org.apache.nifi.processors.standard.ConvertJSONToSQL
		org.apache.nifi:nifi-standard-nar:1.24.0 || ./work/nar/extensions/nifi-standard-nar-1.24.0.nar-unpacked
	org.apache.nifi.processors.gcp.drive.FetchGoogleDrive
		org.apache.nifi:nifi-gcp-nar:1.24.0 || ./work/nar/extensions/nifi-gcp-nar-1.24.0.nar-unpacked
	org.apache.nifi.processors.jolt.record.JoltTransformRecord
		org.apache.nifi:nifi-jolt-record-nar:1.24.0 || ./work/nar/extensions/nifi-jolt-record-nar-1.24.0.nar-unpacked
	org.apache.nifi.processors.aws.s3.PutS3Object
		org.apache.nifi:nifi-aws-nar:1.24.0 || ./work/nar/extensions/nifi-aws-nar-1.24.0.nar-unpacked
	org.apache.nifi.processors.standard.ListenRELP
		org.apache.nifi:nifi-standard-nar:1.24.0 || ./work/nar/extensions/nifi-standard-nar-1.24.0.nar-unpacked
	org.apache.nifi.processors.azure.storage.queue.GetAzureQueueStorage_v12
		org.apache.nifi:nifi-azure-nar:1.24.0 || ./work/nar/extensions/nifi-azure-nar-1.24.0.nar-unpacked
	org.apache.nifi.processors.ccda.ExtractCCDAAttributes
		org.apache.nifi:nifi-ccda-nar:1.24.0 || ./work/nar/extensions/nifi-ccda-nar-1.24.0.nar-unpacked
	org.apache.nifi.processors.geohash.GeohashRecord
		org.apache.nifi:nifi-geohash-nar:1.24.0 || ./work/nar/extensions/nifi-geohash-nar-1.24.0.nar-unpacked
	org.apache.nifi.GetHTMLElement
		org.apache.nifi:nifi-html-nar:1.24.0 || ./work/nar/extensions/nifi-html-nar-1.24.0.nar-unpacked
	org.apache.nifi.processors.aws.ml.translate.GetAwsTranslateJobStatus
		org.apache.nifi:nifi-aws-nar:1.24.0 || ./work/nar/extensions/nifi-aws-nar-1.24.0.nar-unpacked
	org.apache.nifi.processors.elasticsearch.JsonQueryElasticsearch
		org.apache.nifi:nifi-elasticsearch-restapi-nar:1.24.0 || ./work/nar/extensions/nifi-elasticsearch-restapi-nar-1.24.0.nar-unpacked
	org.apache.nifi.processors.standard.CompressContent
		org.apache.nifi:nifi-standard-nar:1.24.0 || ./work/nar/extensions/nifi-standard-nar-1.24.0.nar-unpacked
	org.apache.nifi.processors.standard.ScanContent
		org.apache.nifi:nifi-standard-nar:1.24.0 || ./work/nar/extensions/nifi-standard-nar-1.24.0.nar-unpacked
	org.apache.nifi.processors.standard.ListenUDP
		org.apache.nifi:nifi-standard-nar:1.24.0 || ./work/nar/extensions/nifi-standard-nar-1.24.0.nar-unpacked
	org.apache.nifi.processors.opentelemetry.ListenOTLP
		org.apache.nifi:nifi-opentelemetry-nar:1.24.0 || ./work/nar/extensions/nifi-opentelemetry-nar-1.24.0.nar-unpacked
	org.apache.nifi.processors.avro.ExtractAvroMetadata
		org.apache.nifi:nifi-avro-nar:1.24.0 || ./work/nar/extensions/nifi-avro-nar-1.24.0.nar-unpacked
	org.apache.nifi.processors.hl7.ExtractHL7Attributes
		org.apache.nifi:nifi-hl7-nar:1.24.0 || ./work/nar/extensions/nifi-hl7-nar-1.24.0.nar-unpacked
	org.apache.nifi.processors.aws.wag.InvokeAWSGatewayApi
		org.apache.nifi:nifi-aws-nar:1.24.0 || ./work/nar/extensions/nifi-aws-nar-1.24.0.nar-unpacked
	org.apache.nifi.processors.azure.storage.queue.GetAzureQueueStorage
		org.apache.nifi:nifi-azure-nar:1.24.0 || ./work/nar/extensions/nifi-azure-nar-1.24.0.nar-unpacked
	org.apache.nifi.processors.azure.storage.ListAzureDataLakeStorage
		org.apache.nifi:nifi-azure-nar:1.24.0 || ./work/nar/extensions/nifi-azure-nar-1.24.0.nar-unpacked
	org.apache.nifi.processors.standard.ReplaceText
		org.apache.nifi:nifi-standard-nar:1.24.0 || ./work/nar/extensions/nifi-standard-nar-1.24.0.nar-unpacked
	org.apache.nifi.processors.solr.PutSolrRecord
		org.apache.nifi:nifi-solr-nar:1.24.0 || ./work/nar/extensions/nifi-solr-nar-1.24.0.nar-unpacked
	org.apache.nifi.processors.stateless.ExecuteStateless
		org.apache.nifi:nifi-stateless-processor-nar:1.24.0 || ./work/nar/extensions/nifi-stateless-processor-nar-1.24.0.nar-unpacked
	org.apache.nifi.processors.standard.SegmentContent
		org.apache.nifi:nifi-standard-nar:1.24.0 || ./work/nar/extensions/nifi-standard-nar-1.24.0.nar-unpacked
	org.apache.nifi.processors.standard.RemoveRecordField
		org.apache.nifi:nifi-standard-nar:1.24.0 || ./work/nar/extensions/nifi-standard-nar-1.24.0.nar-unpacked
	org.apache.nifi.processors.solr.PutSolrContentStream
		org.apache.nifi:nifi-solr-nar:1.24.0 || ./work/nar/extensions/nifi-solr-nar-1.24.0.nar-unpacked
	org.apache.nifi.processors.standard.ListenTCP
		org.apache.nifi:nifi-standard-nar:1.24.0 || ./work/nar/extensions/nifi-standard-nar-1.24.0.nar-unpacked
	org.apache.nifi.processors.grpc.ListenGRPC
		org.apache.nifi:nifi-grpc-nar:1.24.0 || ./work/nar/extensions/nifi-grpc-nar-1.24.0.nar-unpacked
	org.apache.nifi.processors.standard.ListenFTP
		org.apache.nifi:nifi-standard-nar:1.24.0 || ./work/nar/extensions/nifi-standard-nar-1.24.0.nar-unpacked
	org.apache.nifi.processors.gcp.storage.FetchGCSObject
		org.apache.nifi:nifi-gcp-nar:1.24.0 || ./work/nar/extensions/nifi-gcp-nar-1.24.0.nar-unpacked
	org.apache.nifi.processors.gcp.pubsub.lite.PublishGCPubSubLite
		org.apache.nifi:nifi-gcp-nar:1.24.0 || ./work/nar/extensions/nifi-gcp-nar-1.24.0.nar-unpacked
	org.apache.nifi.processors.kafka.pubsub.PublishKafka_1_0
		org.apache.nifi:nifi-kafka-1-0-nar:1.24.0 || ./work/nar/extensions/nifi-kafka-1-0-nar-1.24.0.nar-unpacked
	org.apache.nifi.processors.cipher.DecryptContentAge
		org.apache.nifi:nifi-cipher-nar:1.24.0 || ./work/nar/extensions/nifi-cipher-nar-1.24.0.nar-unpacked
	org.apache.nifi.processors.standard.ExtractText
		org.apache.nifi:nifi-standard-nar:1.24.0 || ./work/nar/extensions/nifi-standard-nar-1.24.0.nar-unpacked
	org.apache.nifi.snmp.processors.GetSNMP
		org.apache.nifi:nifi-snmp-nar:1.24.0 || ./work/nar/extensions/nifi-snmp-nar-1.24.0.nar-unpacked
	org.apache.nifi.processors.aws.s3.FetchS3Object
		org.apache.nifi:nifi-aws-nar:1.24.0 || ./work/nar/extensions/nifi-aws-nar-1.24.0.nar-unpacked
	org.apache.nifi.processors.standard.PutRecord
		org.apache.nifi:nifi-standard-nar:1.24.0 || ./work/nar/extensions/nifi-standard-nar-1.24.0.nar-unpacked
	org.apache.nifi.processors.GeoEnrichIPRecord
		org.apache.nifi:nifi-enrich-nar:1.24.0 || ./work/nar/extensions/nifi-enrich-nar-1.24.0.nar-unpacked
	org.apache.nifi.processors.gcp.vision.StartGcpVisionAnnotateImagesOperation
		org.apache.nifi:nifi-gcp-nar:1.24.0 || ./work/nar/extensions/nifi-gcp-nar-1.24.0.nar-unpacked
	org.apache.nifi.processors.standard.ExtractGrok
		org.apache.nifi:nifi-standard-nar:1.24.0 || ./work/nar/extensions/nifi-standard-nar-1.24.0.nar-unpacked
	org.apache.nifi.processors.email.ExtractEmailAttachments
		org.apache.nifi:nifi-email-nar:1.24.0 || ./work/nar/extensions/nifi-email-nar-1.24.0.nar-unpacked
	org.apache.nifi.processors.box.PutBoxFile
		org.apache.nifi:nifi-box-nar:1.24.0 || ./work/nar/extensions/nifi-box-nar-1.24.0.nar-unpacked
	org.apache.nifi.processors.standard.MergeRecord
		org.apache.nifi:nifi-standard-nar:1.24.0 || ./work/nar/extensions/nifi-standard-nar-1.24.0.nar-unpacked
	org.apache.nifi.processors.groovyx.ExecuteGroovyScript
		org.apache.nifi:nifi-groovyx-nar:1.24.0 || ./work/nar/extensions/nifi-groovyx-nar-1.24.0.nar-unpacked
	org.apache.nifi.processors.kudu.PutKudu
		org.apache.nifi:nifi-kudu-nar:1.24.0 || ./work/nar/extensions/nifi-kudu-nar-1.24.0.nar-unpacked
	org.apache.nifi.processors.email.ExtractTNEFAttachments
		org.apache.nifi:nifi-email-nar:1.24.0 || ./work/nar/extensions/nifi-email-nar-1.24.0.nar-unpacked
	org.apache.nifi.processors.aws.ml.polly.GetAwsPollyJobStatus
		org.apache.nifi:nifi-aws-nar:1.24.0 || ./work/nar/extensions/nifi-aws-nar-1.24.0.nar-unpacked
	org.apache.nifi.hbase.PutHBaseJSON
		org.apache.nifi:nifi-hbase-nar:1.24.0 || ./work/nar/extensions/nifi-hbase-nar-1.24.0.nar-unpacked
	org.apache.nifi.processors.elasticsearch.ScrollElasticsearchHttp
		org.apache.nifi:nifi-elasticsearch-nar:1.24.0 || ./work/nar/extensions/nifi-elasticsearch-nar-1.24.0.nar-unpacked
	org.apache.nifi.processors.standard.GenerateRecord
		org.apache.nifi:nifi-standard-nar:1.24.0 || ./work/nar/extensions/nifi-standard-nar-1.24.0.nar-unpacked
	org.apache.nifi.processors.aws.ml.textract.StartAwsTextractJob
		org.apache.nifi:nifi-aws-nar:1.24.0 || ./work/nar/extensions/nifi-aws-nar-1.24.0.nar-unpacked
	org.apache.nifi.processors.standard.ForkRecord
		org.apache.nifi:nifi-standard-nar:1.24.0 || ./work/nar/extensions/nifi-standard-nar-1.24.0.nar-unpacked
	org.apache.nifi.processors.standard.ListFTP
		org.apache.nifi:nifi-standard-nar:1.24.0 || ./work/nar/extensions/nifi-standard-nar-1.24.0.nar-unpacked
	org.apache.nifi.processors.elasticsearch.PutElasticsearchHttpRecord
		org.apache.nifi:nifi-elasticsearch-nar:1.24.0 || ./work/nar/extensions/nifi-elasticsearch-nar-1.24.0.nar-unpacked
	org.apache.nifi.processors.standard.FetchFile
		org.apache.nifi:nifi-standard-nar:1.24.0 || ./work/nar/extensions/nifi-standard-nar-1.24.0.nar-unpacked
	org.apache.nifi.processors.script.ScriptedValidateRecord
		org.apache.nifi:nifi-scripting-nar:1.24.0 || ./work/nar/extensions/nifi-scripting-nar-1.24.0.nar-unpacked
	org.apache.nifi.processors.standard.ValidateJson
		org.apache.nifi:nifi-standard-nar:1.24.0 || ./work/nar/extensions/nifi-standard-nar-1.24.0.nar-unpacked
	org.apache.nifi.processors.standard.DuplicateFlowFile
		org.apache.nifi:nifi-standard-nar:1.24.0 || ./work/nar/extensions/nifi-standard-nar-1.24.0.nar-unpacked
	org.apache.nifi.processors.standard.ValidateXml
		org.apache.nifi:nifi-standard-nar:1.24.0 || ./work/nar/extensions/nifi-standard-nar-1.24.0.nar-unpacked
	org.apache.nifi.processors.aws.dynamodb.PutDynamoDB
		org.apache.nifi:nifi-aws-nar:1.24.0 || ./work/nar/extensions/nifi-aws-nar-1.24.0.nar-unpacked
	org.apache.nifi.processors.websocket.ListenWebSocket
		org.apache.nifi:nifi-websocket-processors-nar:1.24.0 || ./work/nar/extensions/nifi-websocket-processors-nar-1.24.0.nar-unpacked
	org.apache.nifi.processors.enrich.QueryDNS
		org.apache.nifi:nifi-enrich-nar:1.24.0 || ./work/nar/extensions/nifi-enrich-nar-1.24.0.nar-unpacked
	org.apache.nifi.processors.elasticsearch.PutElasticsearchJson
		org.apache.nifi:nifi-elasticsearch-restapi-nar:1.24.0 || ./work/nar/extensions/nifi-elasticsearch-restapi-nar-1.24.0.nar-unpacked
	org.apache.nifi.processors.standard.ModifyBytes
		org.apache.nifi:nifi-standard-nar:1.24.0 || ./work/nar/extensions/nifi-standard-nar-1.24.0.nar-unpacked
	org.apache.nifi.processors.standard.PutDistributedMapCache
		org.apache.nifi:nifi-standard-nar:1.24.0 || ./work/nar/extensions/nifi-standard-nar-1.24.0.nar-unpacked
	org.apache.nifi.processors.mqtt.ConsumeMQTT
		org.apache.nifi:nifi-mqtt-nar:1.24.0 || ./work/nar/extensions/nifi-mqtt-nar-1.24.0.nar-unpacked
	org.apache.nifi.processors.gcp.bigquery.PutBigQueryBatch
		org.apache.nifi:nifi-gcp-nar:1.24.0 || ./work/nar/extensions/nifi-gcp-nar-1.24.0.nar-unpacked
	org.apache.nifi.processors.aws.ml.translate.StartAwsTranslateJob
		org.apache.nifi:nifi-aws-nar:1.24.0 || ./work/nar/extensions/nifi-aws-nar-1.24.0.nar-unpacked
	org.apache.nifi.processors.gcp.storage.DeleteGCSObject
		org.apache.nifi:nifi-gcp-nar:1.24.0 || ./work/nar/extensions/nifi-gcp-nar-1.24.0.nar-unpacked
	org.apache.nifi.processors.standard.EvaluateXQuery
		org.apache.nifi:nifi-standard-nar:1.24.0 || ./work/nar/extensions/nifi-standard-nar-1.24.0.nar-unpacked
	org.apache.nifi.processors.standard.ListenTCPRecord
		org.apache.nifi:nifi-standard-nar:1.24.0 || ./work/nar/extensions/nifi-standard-nar-1.24.0.nar-unpacked
	org.apache.nifi.hbase.DeleteHBaseCells
		org.apache.nifi:nifi-hbase-nar:1.24.0 || ./work/nar/extensions/nifi-hbase-nar-1.24.0.nar-unpacked
	org.apache.nifi.processors.mongodb.PutMongo
		org.apache.nifi:nifi-mongodb-nar:1.24.0 || ./work/nar/extensions/nifi-mongodb-nar-1.24.0.nar-unpacked
	org.apache.nifi.processors.elasticsearch.PutElasticsearchRecord
		org.apache.nifi:nifi-elasticsearch-restapi-nar:1.24.0 || ./work/nar/extensions/nifi-elasticsearch-restapi-nar-1.24.0.nar-unpacked
	org.apache.nifi.processors.email.ExtractEmailHeaders
		org.apache.nifi:nifi-email-nar:1.24.0 || ./work/nar/extensions/nifi-email-nar-1.24.0.nar-unpacked
	org.apache.nifi.processors.aws.sqs.DeleteSQS
		org.apache.nifi:nifi-aws-nar:1.24.0 || ./work/nar/extensions/nifi-aws-nar-1.24.0.nar-unpacked
	org.apache.nifi.processors.enrich.QueryWhois
		org.apache.nifi:nifi-enrich-nar:1.24.0 || ./work/nar/extensions/nifi-enrich-nar-1.24.0.nar-unpacked
	org.apache.nifi.processors.aws.s3.TagS3Object
		org.apache.nifi:nifi-aws-nar:1.24.0 || ./work/nar/extensions/nifi-aws-nar-1.24.0.nar-unpacked
	org.apache.nifi.processors.hadoop.DeleteHDFS
		org.apache.nifi:nifi-hadoop-nar:1.24.0 || ./work/nar/extensions/nifi-hadoop-nar-1.24.0.nar-unpacked
	org.apache.nifi.processors.standard.SplitContent
		org.apache.nifi:nifi-standard-nar:1.24.0 || ./work/nar/extensions/nifi-standard-nar-1.24.0.nar-unpacked
	org.apache.nifi.processors.workday.GetWorkdayReport
		org.apache.nifi:nifi-workday-processors-nar:1.24.0 || ./work/nar/extensions/nifi-workday-processors-nar-1.24.0.nar-unpacked
	org.apache.nifi.processors.smb.FetchSmb
		org.apache.nifi:nifi-smb-nar:1.24.0 || ./work/nar/extensions/nifi-smb-nar-1.24.0.nar-unpacked
	org.apache.nifi.cdc.mysql.processors.CaptureChangeMySQL
		org.apache.nifi:nifi-cdc-mysql-nar:1.24.0 || ./work/nar/extensions/nifi-cdc-mysql-nar-1.24.0.nar-unpacked
	org.apache.nifi.processors.gcp.storage.PutGCSObject
		org.apache.nifi:nifi-gcp-nar:1.24.0 || ./work/nar/extensions/nifi-gcp-nar-1.24.0.nar-unpacked
	org.apache.nifi.processors.standard.ControlRate
		org.apache.nifi:nifi-standard-nar:1.24.0 || ./work/nar/extensions/nifi-standard-nar-1.24.0.nar-unpacked
	org.apache.nifi.processors.azure.eventhub.PutAzureEventHub
		org.apache.nifi:nifi-azure-nar:1.24.0 || ./work/nar/extensions/nifi-azure-nar-1.24.0.nar-unpacked
	org.apache.nifi.processors.standard.SplitRecord
		org.apache.nifi:nifi-standard-nar:1.24.0 || ./work/nar/extensions/nifi-standard-nar-1.24.0.nar-unpacked
	org.apache.nifi.processors.standard.GetFTP
		org.apache.nifi:nifi-standard-nar:1.24.0 || ./work/nar/extensions/nifi-standard-nar-1.24.0.nar-unpacked
	org.apache.nifi.processors.standard.DeduplicateRecord
		org.apache.nifi:nifi-standard-nar:1.24.0 || ./work/nar/extensions/nifi-standard-nar-1.24.0.nar-unpacked
	org.apache.nifi.processors.grpc.InvokeGRPC
		org.apache.nifi:nifi-grpc-nar:1.24.0 || ./work/nar/extensions/nifi-grpc-nar-1.24.0.nar-unpacked
	org.apache.nifi.hbase.FetchHBaseRow
		org.apache.nifi:nifi-hbase-nar:1.24.0 || ./work/nar/extensions/nifi-hbase-nar-1.24.0.nar-unpacked
	org.apache.nifi.processors.standard.ListSFTP
		org.apache.nifi:nifi-standard-nar:1.24.0 || ./work/nar/extensions/nifi-standard-nar-1.24.0.nar-unpacked
	org.apache.nifi.processors.standard.SplitText
		org.apache.nifi:nifi-standard-nar:1.24.0 || ./work/nar/extensions/nifi-standard-nar-1.24.0.nar-unpacked
	org.apache.nifi.processors.websocket.ConnectWebSocket
		org.apache.nifi:nifi-websocket-processors-nar:1.24.0 || ./work/nar/extensions/nifi-websocket-processors-nar-1.24.0.nar-unpacked
	org.apache.nifi.processors.standard.SplitXml
		org.apache.nifi:nifi-standard-nar:1.24.0 || ./work/nar/extensions/nifi-standard-nar-1.24.0.nar-unpacked
	org.apache.nifi.processors.standard.PutEmail
		org.apache.nifi:nifi-standard-nar:1.24.0 || ./work/nar/extensions/nifi-standard-nar-1.24.0.nar-unpacked
	org.apache.nifi.processors.standard.ListFile
		org.apache.nifi:nifi-standard-nar:1.24.0 || ./work/nar/extensions/nifi-standard-nar-1.24.0.nar-unpacked
	org.apache.nifi.processors.mongodb.PutMongoRecord
		org.apache.nifi:nifi-mongodb-nar:1.24.0 || ./work/nar/extensions/nifi-mongodb-nar-1.24.0.nar-unpacked
	org.apache.nifi.processors.standard.Notify
		org.apache.nifi:nifi-standard-nar:1.24.0 || ./work/nar/extensions/nifi-standard-nar-1.24.0.nar-unpacked
	org.apache.nifi.processors.email.ConsumePOP3
		org.apache.nifi:nifi-email-nar:1.24.0 || ./work/nar/extensions/nifi-email-nar-1.24.0.nar-unpacked
	org.apache.nifi.processors.elasticsearch.UpdateByQueryElasticsearch
		org.apache.nifi:nifi-elasticsearch-restapi-nar:1.24.0 || ./work/nar/extensions/nifi-elasticsearch-restapi-nar-1.24.0.nar-unpacked
	org.apache.nifi.processors.aws.s3.DeleteS3Object
		org.apache.nifi:nifi-aws-nar:1.24.0 || ./work/nar/extensions/nifi-aws-nar-1.24.0.nar-unpacked
	org.apache.nifi.processors.elasticsearch.GetElasticsearch
		org.apache.nifi:nifi-elasticsearch-restapi-nar:1.24.0 || ./work/nar/extensions/nifi-elasticsearch-restapi-nar-1.24.0.nar-unpacked
	org.apache.nifi.processors.standard.ConvertCharacterSet
		org.apache.nifi:nifi-standard-nar:1.24.0 || ./work/nar/extensions/nifi-standard-nar-1.24.0.nar-unpacked
	org.apache.nifi.processors.email.ListenSMTP
		org.apache.nifi:nifi-email-nar:1.24.0 || ./work/nar/extensions/nifi-email-nar-1.24.0.nar-unpacked
	org.apache.nifi.processors.box.ListBoxFile
		org.apache.nifi:nifi-box-nar:1.24.0 || ./work/nar/extensions/nifi-box-nar-1.24.0.nar-unpacked
	org.apache.nifi.processors.standard.MergeContent
		org.apache.nifi:nifi-standard-nar:1.24.0 || ./work/nar/extensions/nifi-standard-nar-1.24.0.nar-unpacked
	org.apache.nifi.processors.splunk.PutSplunkHTTP
		org.apache.nifi:nifi-splunk-nar:1.24.0 || ./work/nar/extensions/nifi-splunk-nar-1.24.0.nar-unpacked
	org.apache.nifi.processors.kafka.pubsub.ConsumeKafka_1_0
		org.apache.nifi:nifi-kafka-1-0-nar:1.24.0 || ./work/nar/extensions/nifi-kafka-1-0-nar-1.24.0.nar-unpacked
	org.apache.nifi.processors.standard.ExecuteStreamCommand
		org.apache.nifi:nifi-standard-nar:1.24.0 || ./work/nar/extensions/nifi-standard-nar-1.24.0.nar-unpacked
	org.apache.nifi.hbase.PutHBaseRecord
		org.apache.nifi:nifi-hbase-nar:1.24.0 || ./work/nar/extensions/nifi-hbase-nar-1.24.0.nar-unpacked
	org.apache.nifi.processors.hadoop.GetHDFSFileInfo
		org.apache.nifi:nifi-hadoop-nar:1.24.0 || ./work/nar/extensions/nifi-hadoop-nar-1.24.0.nar-unpacked
	org.apache.nifi.processors.standard.Wait
		org.apache.nifi:nifi-standard-nar:1.24.0 || ./work/nar/extensions/nifi-standard-nar-1.24.0.nar-unpacked
	org.apache.nifi.processors.standard.PutSQL
		org.apache.nifi:nifi-standard-nar:1.24.0 || ./work/nar/extensions/nifi-standard-nar-1.24.0.nar-unpacked
	org.apache.nifi.processors.script.ScriptedPartitionRecord
		org.apache.nifi:nifi-scripting-nar:1.24.0 || ./work/nar/extensions/nifi-scripting-nar-1.24.0.nar-unpacked
	org.apache.nifi.processors.pgp.EncryptContentPGP
		org.apache.nifi:nifi-pgp-nar:1.24.0 || ./work/nar/extensions/nifi-pgp-nar-1.24.0.nar-unpacked
	org.apache.nifi.processors.mongodb.gridfs.FetchGridFS
		org.apache.nifi:nifi-mongodb-nar:1.24.0 || ./work/nar/extensions/nifi-mongodb-nar-1.24.0.nar-unpacked
	org.apache.nifi.processors.cassandra.PutCassandraRecord
		org.apache.nifi:nifi-cassandra-nar:1.24.0 || ./work/nar/extensions/nifi-cassandra-nar-1.24.0.nar-unpacked
	org.apache.nifi.processors.standard.PutSyslog
		org.apache.nifi:nifi-standard-nar:1.24.0 || ./work/nar/extensions/nifi-standard-nar-1.24.0.nar-unpacked
	org.apache.nifi.processors.aws.kinesis.stream.ConsumeKinesisStream
		org.apache.nifi:nifi-aws-nar:1.24.0 || ./work/nar/extensions/nifi-aws-nar-1.24.0.nar-unpacked
	org.apache.nifi.processors.gcp.pubsub.ConsumeGCPubSub
		org.apache.nifi:nifi-gcp-nar:1.24.0 || ./work/nar/extensions/nifi-gcp-nar-1.24.0.nar-unpacked
	org.apache.nifi.processors.hadoop.GetHDFSSequenceFile
		org.apache.nifi:nifi-hadoop-nar:1.24.0 || ./work/nar/extensions/nifi-hadoop-nar-1.24.0.nar-unpacked
	org.apache.nifi.processors.solr.GetSolr
		org.apache.nifi:nifi-solr-nar:1.24.0 || ./work/nar/extensions/nifi-solr-nar-1.24.0.nar-unpacked
	org.apache.nifi.processors.standard.TransformXml
		org.apache.nifi:nifi-standard-nar:1.24.0 || ./work/nar/extensions/nifi-standard-nar-1.24.0.nar-unpacked
	org.apache.nifi.processors.standard.Base64EncodeContent
		org.apache.nifi:nifi-standard-nar:1.24.0 || ./work/nar/extensions/nifi-standard-nar-1.24.0.nar-unpacked
	org.apache.nifi.processors.avro.SplitAvro
		org.apache.nifi:nifi-avro-nar:1.24.0 || ./work/nar/extensions/nifi-avro-nar-1.24.0.nar-unpacked
	org.apache.nifi.processors.cassandra.QueryCassandra
		org.apache.nifi:nifi-cassandra-nar:1.24.0 || ./work/nar/extensions/nifi-cassandra-nar-1.24.0.nar-unpacked
	org.apache.nifi.processors.yandex.YandexTranslate
		org.apache.nifi:nifi-language-translation-nar:1.24.0 || ./work/nar/extensions/nifi-language-translation-nar-1.24.0.nar-unpacked
	org.apache.nifi.processors.mongodb.GetMongoRecord
		org.apache.nifi:nifi-mongodb-nar:1.24.0 || ./work/nar/extensions/nifi-mongodb-nar-1.24.0.nar-unpacked
	org.apache.nifi.processors.email.ConsumeIMAP
		org.apache.nifi:nifi-email-nar:1.24.0 || ./work/nar/extensions/nifi-email-nar-1.24.0.nar-unpacked
	org.apache.nifi.processors.hadoop.FetchHDFS
		org.apache.nifi:nifi-hadoop-nar:1.24.0 || ./work/nar/extensions/nifi-hadoop-nar-1.24.0.nar-unpacked
	org.apache.nifi.snmp.processors.SendTrapSNMP
		org.apache.nifi:nifi-snmp-nar:1.24.0 || ./work/nar/extensions/nifi-snmp-nar-1.24.0.nar-unpacked
	org.apache.nifi.processors.kafka.pubsub.ConsumeKafkaRecord_2_6
		org.apache.nifi:nifi-kafka-2-6-nar:1.24.0 || ./work/nar/extensions/nifi-kafka-2-6-nar-1.24.0.nar-unpacked
	org.apache.nifi.processors.gcp.drive.ListGoogleDrive
		org.apache.nifi:nifi-gcp-nar:1.24.0 || ./work/nar/extensions/nifi-gcp-nar-1.24.0.nar-unpacked
	org.apache.nifi.processors.standard.PutDatabaseRecord
		org.apache.nifi:nifi-standard-nar:1.24.0 || ./work/nar/extensions/nifi-standard-nar-1.24.0.nar-unpacked
	org.apache.nifi.amqp.processors.ConsumeAMQP
		org.apache.nifi:nifi-amqp-nar:1.24.0 || ./work/nar/extensions/nifi-amqp-nar-1.24.0.nar-unpacked
	org.apache.nifi.processors.slack.PostSlack
		org.apache.nifi:nifi-slack-nar:1.24.0 || ./work/nar/extensions/nifi-slack-nar-1.24.0.nar-unpacked
	org.apache.nifi.processors.standard.RetryFlowFile
		org.apache.nifi:nifi-standard-nar:1.24.0 || ./work/nar/extensions/nifi-standard-nar-1.24.0.nar-unpacked
	org.apache.nifi.processors.standard.PartitionRecord
		org.apache.nifi:nifi-standard-nar:1.24.0 || ./work/nar/extensions/nifi-standard-nar-1.24.0.nar-unpacked
	org.apache.nifi.processors.azure.cosmos.document.PutAzureCosmosDBRecord
		org.apache.nifi:nifi-azure-nar:1.24.0 || ./work/nar/extensions/nifi-azure-nar-1.24.0.nar-unpacked
	org.apache.nifi.processors.standard.GetSFTP
		org.apache.nifi:nifi-standard-nar:1.24.0 || ./work/nar/extensions/nifi-standard-nar-1.24.0.nar-unpacked
	org.apache.nifi.processors.azure.storage.FetchAzureBlobStorage
		org.apache.nifi:nifi-azure-nar:1.24.0 || ./work/nar/extensions/nifi-azure-nar-1.24.0.nar-unpacked
	org.apache.nifi.processors.kafka.pubsub.ConsumeKafka_2_6
		org.apache.nifi:nifi-kafka-2-6-nar:1.24.0 || ./work/nar/extensions/nifi-kafka-2-6-nar-1.24.0.nar-unpacked
	org.apache.nifi.processors.hadoop.MoveHDFS
		org.apache.nifi:nifi-hadoop-nar:1.24.0 || ./work/nar/extensions/nifi-hadoop-nar-1.24.0.nar-unpacked
	org.apache.nifi.processors.elasticsearch.ConsumeElasticsearch
		org.apache.nifi:nifi-elasticsearch-restapi-nar:1.24.0 || ./work/nar/extensions/nifi-elasticsearch-restapi-nar-1.24.0.nar-unpacked
	org.apache.nifi.processors.mongodb.gridfs.DeleteGridFS
		org.apache.nifi:nifi-mongodb-nar:1.24.0 || ./work/nar/extensions/nifi-mongodb-nar-1.24.0.nar-unpacked
	org.apache.nifi.processors.elasticsearch.QueryElasticsearchHttp
		org.apache.nifi:nifi-elasticsearch-nar:1.24.0 || ./work/nar/extensions/nifi-elasticsearch-nar-1.24.0.nar-unpacked
	org.apache.nifi.processors.email.ConsumeEWS
		org.apache.nifi:nifi-email-nar:1.24.0 || ./work/nar/extensions/nifi-email-nar-1.24.0.nar-unpacked
	org.apache.nifi.processors.gcp.bigquery.PutBigQuery
		org.apache.nifi:nifi-gcp-nar:1.24.0 || ./work/nar/extensions/nifi-gcp-nar-1.24.0.nar-unpacked
	org.apache.nifi.processors.standard.CalculateRecordStats
		org.apache.nifi:nifi-standard-nar:1.24.0 || ./work/nar/extensions/nifi-standard-nar-1.24.0.nar-unpacked
	org.apache.nifi.processors.standard.ListenSyslog
		org.apache.nifi:nifi-standard-nar:1.24.0 || ./work/nar/extensions/nifi-standard-nar-1.24.0.nar-unpacked
	org.apache.nifi.processors.aws.sns.PutSNS
		org.apache.nifi:nifi-aws-nar:1.24.0 || ./work/nar/extensions/nifi-aws-nar-1.24.0.nar-unpacked
	org.apache.nifi.processors.rethinkdb.GetRethinkDB
		org.apache.nifi:nifi-rethinkdb-nar:1.24.0 || ./work/nar/extensions/nifi-rethinkdb-nar-1.24.0.nar-unpacked
	org.apache.nifi.processors.standard.InvokeHTTP
		org.apache.nifi:nifi-standard-nar:1.24.0 || ./work/nar/extensions/nifi-standard-nar-1.24.0.nar-unpacked
	org.apache.nifi.processors.standard.RouteOnAttribute
		org.apache.nifi:nifi-standard-nar:1.24.0 || ./work/nar/extensions/nifi-standard-nar-1.24.0.nar-unpacked
	org.apache.nifi.processors.evtx.ParseEvtx
		org.apache.nifi:nifi-evtx-nar:1.24.0 || ./work/nar/extensions/nifi-evtx-nar-1.24.0.nar-unpacked
	org.apache.nifi.processors.aws.lambda.PutLambda
		org.apache.nifi:nifi-aws-nar:1.24.0 || ./work/nar/extensions/nifi-aws-nar-1.24.0.nar-unpacked
	org.apache.nifi.processors.standard.AttributesToCSV
		org.apache.nifi:nifi-standard-nar:1.24.0 || ./work/nar/extensions/nifi-standard-nar-1.24.0.nar-unpacked
	org.apache.nifi.processors.standard.FetchSFTP
		org.apache.nifi:nifi-standard-nar:1.24.0 || ./work/nar/extensions/nifi-standard-nar-1.24.0.nar-unpacked
	org.apache.nifi.processors.ISPEnrichIP
		org.apache.nifi:nifi-enrich-nar:1.24.0 || ./work/nar/extensions/nifi-enrich-nar-1.24.0.nar-unpacked
	org.apache.nifi.processors.salesforce.QuerySalesforceObject
		org.apache.nifi:nifi-salesforce-nar:1.24.0 || ./work/nar/extensions/nifi-salesforce-nar-1.24.0.nar-unpacked
	org.apache.nifi.processors.twitter.ConsumeTwitter
		org.apache.nifi:nifi-social-media-nar:1.24.0 || ./work/nar/extensions/nifi-social-media-nar-1.24.0.nar-unpacked
	org.apache.nifi.processors.standard.GetFile
		org.apache.nifi:nifi-standard-nar:1.24.0 || ./work/nar/extensions/nifi-standard-nar-1.24.0.nar-unpacked
	org.apache.nifi.processors.aws.ml.textract.GetAwsTextractJobStatus
		org.apache.nifi:nifi-aws-nar:1.24.0 || ./work/nar/extensions/nifi-aws-nar-1.24.0.nar-unpacked
	org.apache.nifi.processors.azure.storage.DeleteAzureDataLakeStorage
		org.apache.nifi:nifi-azure-nar:1.24.0 || ./work/nar/extensions/nifi-azure-nar-1.24.0.nar-unpacked
	org.apache.nifi.processors.splunk.QuerySplunkIndexingStatus
		org.apache.nifi:nifi-splunk-nar:1.24.0 || ./work/nar/extensions/nifi-splunk-nar-1.24.0.nar-unpacked
	org.apache.nifi.processors.azure.storage.ListAzureBlobStorage_v12
		org.apache.nifi:nifi-azure-nar:1.24.0 || ./work/nar/extensions/nifi-azure-nar-1.24.0.nar-unpacked
	org.apache.nifi.processors.cipher.EncryptContentAge
		org.apache.nifi:nifi-cipher-nar:1.24.0 || ./work/nar/extensions/nifi-cipher-nar-1.24.0.nar-unpacked
	org.apache.nifi.processors.standard.FetchFTP
		org.apache.nifi:nifi-standard-nar:1.24.0 || ./work/nar/extensions/nifi-standard-nar-1.24.0.nar-unpacked
	org.apache.nifi.processors.standard.CountText
		org.apache.nifi:nifi-standard-nar:1.24.0 || ./work/nar/extensions/nifi-standard-nar-1.24.0.nar-unpacked
	org.apache.nifi.processors.standard.ListenHTTP
		org.apache.nifi:nifi-standard-nar:1.24.0 || ./work/nar/extensions/nifi-standard-nar-1.24.0.nar-unpacked
	org.apache.nifi.processors.standard.PostHTTP
		org.apache.nifi:nifi-standard-nar:1.24.0 || ./work/nar/extensions/nifi-standard-nar-1.24.0.nar-unpacked
	org.apache.nifi.processors.splunk.PutSplunk
		org.apache.nifi:nifi-splunk-nar:1.24.0 || ./work/nar/extensions/nifi-splunk-nar-1.24.0.nar-unpacked
	org.apache.nifi.processors.attributes.UpdateAttribute
		org.apache.nifi:nifi-update-attribute-nar:1.24.0 || ./work/nar/extensions/nifi-update-attribute-nar-1.24.0.nar-unpacked
	org.apache.nifi.snmp.processors.ListenTrapSNMP
		org.apache.nifi:nifi-snmp-nar:1.24.0 || ./work/nar/extensions/nifi-snmp-nar-1.24.0.nar-unpacked
	org.apache.nifi.processors.standard.FetchDistributedMapCache
		org.apache.nifi:nifi-standard-nar:1.24.0 || ./work/nar/extensions/nifi-standard-nar-1.24.0.nar-unpacked
	org.apache.nifi.processors.kafka.pubsub.PublishKafkaRecord_2_6
		org.apache.nifi:nifi-kafka-2-6-nar:1.24.0 || ./work/nar/extensions/nifi-kafka-2-6-nar-1.24.0.nar-unpacked
	org.apache.nifi.processors.dropbox.PutDropbox
		org.apache.nifi:nifi-dropbox-processors-nar:1.24.0 || ./work/nar/extensions/nifi-dropbox-processors-nar-1.24.0.nar-unpacked
	org.apache.nifi.processors.standard.ReplaceTextWithMapping
		org.apache.nifi:nifi-standard-nar:1.24.0 || ./work/nar/extensions/nifi-standard-nar-1.24.0.nar-unpacked
	org.apache.nifi.processors.windows.event.log.ConsumeWindowsEventLog
		org.apache.nifi:nifi-windows-event-log-nar:1.24.0 || ./work/nar/extensions/nifi-windows-event-log-nar-1.24.0.nar-unpacked
	org.apache.nifi.processors.standard.EvaluateJsonPath
		org.apache.nifi:nifi-standard-nar:1.24.0 || ./work/nar/extensions/nifi-standard-nar-1.24.0.nar-unpacked
	org.apache.nifi.processors.standard.ListDatabaseTables
		org.apache.nifi:nifi-standard-nar:1.24.0 || ./work/nar/extensions/nifi-standard-nar-1.24.0.nar-unpacked
	org.apache.nifi.processors.hubspot.GetHubSpot
		org.apache.nifi:nifi-hubspot-nar:1.24.0 || ./work/nar/extensions/nifi-hubspot-nar-1.24.0.nar-unpacked
	org.apache.nifi.processors.cipher.DecryptContentCompatibility
		org.apache.nifi:nifi-cipher-nar:1.24.0 || ./work/nar/extensions/nifi-cipher-nar-1.24.0.nar-unpacked
	org.apache.nifi.processors.standard.GetHTTP
		org.apache.nifi:nifi-standard-nar:1.24.0 || ./work/nar/extensions/nifi-standard-nar-1.24.0.nar-unpacked
	org.apache.nifi.processors.azure.storage.MoveAzureDataLakeStorage
		org.apache.nifi:nifi-azure-nar:1.24.0 || ./work/nar/extensions/nifi-azure-nar-1.24.0.nar-unpacked
	org.apache.nifi.processors.standard.IdentifyMimeType
		org.apache.nifi:nifi-standard-nar:1.24.0 || ./work/nar/extensions/nifi-standard-nar-1.24.0.nar-unpacked
	org.apache.nifi.processors.standard.UnpackContent
		org.apache.nifi:nifi-standard-nar:1.24.0 || ./work/nar/extensions/nifi-standard-nar-1.24.0.nar-unpacked
	org.apache.nifi.processors.standard.CryptographicHashContent
		org.apache.nifi:nifi-standard-nar:1.24.0 || ./work/nar/extensions/nifi-standard-nar-1.24.0.nar-unpacked
	org.apache.nifi.processors.aws.sqs.PutSQS
		org.apache.nifi:nifi-aws-nar:1.24.0 || ./work/nar/extensions/nifi-aws-nar-1.24.0.nar-unpacked
	org.apache.nifi.processors.cybersecurity.FuzzyHashContent
		org.apache.nifi:nifi-cybersecurity-nar:1.24.0 || ./work/nar/extensions/nifi-cybersecurity-nar-1.24.0.nar-unpacked
	org.apache.nifi.processors.script.InvokeScriptedProcessor
		org.apache.nifi:nifi-scripting-nar:1.24.0 || ./work/nar/extensions/nifi-scripting-nar-1.24.0.nar-unpacked
	org.apache.nifi.processors.azure.storage.PutAzureBlobStorage_v12
		org.apache.nifi:nifi-azure-nar:1.24.0 || ./work/nar/extensions/nifi-azure-nar-1.24.0.nar-unpacked
	org.apache.nifi.processors.pgp.DecryptContentPGP
		org.apache.nifi:nifi-pgp-nar:1.24.0 || ./work/nar/extensions/nifi-pgp-nar-1.24.0.nar-unpacked
	org.apache.nifi.processors.standard.UpdateCounter
		org.apache.nifi:nifi-standard-nar:1.24.0 || ./work/nar/extensions/nifi-standard-nar-1.24.0.nar-unpacked
	org.apache.nifi.processors.script.ScriptedTransformRecord
		org.apache.nifi:nifi-scripting-nar:1.24.0 || ./work/nar/extensions/nifi-scripting-nar-1.24.0.nar-unpacked
	org.apache.nifi.processors.mongodb.RunMongoAggregation
		org.apache.nifi:nifi-mongodb-nar:1.24.0 || ./work/nar/extensions/nifi-mongodb-nar-1.24.0.nar-unpacked
	=== End Processor types ===
	=== ExternalResourceProvider Type ===
	org.apache.nifi.registry.extension.NiFiRegistryExternalResourceProvider
		org.apache.nifi:nifi-framework-nar:1.24.0 || ./work/nar/framework/nifi-framework-nar-1.24.0.nar-unpacked
	org.apache.nifi.flow.resource.hadoop.HDFSExternalResourceProvider
		org.apache.nifi:nifi-hadoop-nar:1.24.0 || ./work/nar/extensions/nifi-hadoop-nar-1.24.0.nar-unpacked
	=== End ExternalResourceProvider types ===
	=== FlowFileRepository Type ===
	org.apache.nifi.controller.repository.WriteAheadFlowFileRepository
		org.apache.nifi:nifi-framework-nar:1.24.0 || ./work/nar/framework/nifi-framework-nar-1.24.0.nar-unpacked
	org.apache.nifi.controller.repository.VolatileFlowFileRepository
		org.apache.nifi:nifi-framework-nar:1.24.0 || ./work/nar/framework/nifi-framework-nar-1.24.0.nar-unpacked
	=== End FlowFileRepository types ===
	=== ProvenanceRepository Type ===
	org.apache.nifi.provenance.PersistentProvenanceRepository
		org.apache.nifi:nifi-provenance-repository-nar:1.24.0 || ./work/nar/extensions/nifi-provenance-repository-nar-1.24.0.nar-unpacked
	org.apache.nifi.provenance.WriteAheadProvenanceRepository
		org.apache.nifi:nifi-provenance-repository-nar:1.24.0 || ./work/nar/extensions/nifi-provenance-repository-nar-1.24.0.nar-unpacked
	org.apache.nifi.provenance.VolatileProvenanceRepository
		org.apache.nifi:nifi-provenance-repository-nar:1.24.0 || ./work/nar/extensions/nifi-provenance-repository-nar-1.24.0.nar-unpacked
	org.apache.nifi.provenance.EncryptedWriteAheadProvenanceRepository
		org.apache.nifi:nifi-provenance-repository-nar:1.24.0 || ./work/nar/extensions/nifi-provenance-repository-nar-1.24.0.nar-unpacked
	=== End ProvenanceRepository types ===
	=== ParameterProvider Type ===
	org.apache.nifi.vault.hashicorp.HashiCorpVaultParameterProvider
		org.apache.nifi:nifi-hashicorp-vault-nar:1.24.0 || ./work/nar/extensions/nifi-hashicorp-vault-nar-1.24.0.nar-unpacked
	org.apache.nifi.parameter.FileParameterProvider
		org.apache.nifi:nifi-standard-nar:1.24.0 || ./work/nar/extensions/nifi-standard-nar-1.24.0.nar-unpacked
	org.apache.nifi.parameter.azure.AzureKeyVaultSecretsParameterProvider
		org.apache.nifi:nifi-azure-nar:1.24.0 || ./work/nar/extensions/nifi-azure-nar-1.24.0.nar-unpacked
	org.apache.nifi.parameter.EnvironmentVariableParameterProvider
		org.apache.nifi:nifi-standard-nar:1.24.0 || ./work/nar/extensions/nifi-standard-nar-1.24.0.nar-unpacked
	org.apache.nifi.parameter.gcp.GcpSecretManagerParameterProvider
		org.apache.nifi:nifi-gcp-nar:1.24.0 || ./work/nar/extensions/nifi-gcp-nar-1.24.0.nar-unpacked
	org.apache.nifi.parameter.DatabaseParameterProvider
		org.apache.nifi:nifi-standard-nar:1.24.0 || ./work/nar/extensions/nifi-standard-nar-1.24.0.nar-unpacked
	org.apache.nifi.parameter.aws.AwsSecretsManagerParameterProvider
		org.apache.nifi:nifi-aws-nar:1.24.0 || ./work/nar/extensions/nifi-aws-nar-1.24.0.nar-unpacked
	=== End ParameterProvider types ===
	=== NarProvider Type ===
	org.apache.nifi.nar.hadoop.HDFSNarProvider
		org.apache.nifi:nifi-hadoop-nar:1.24.0 || ./work/nar/extensions/nifi-hadoop-nar-1.24.0.nar-unpacked
	org.apache.nifi.registry.extension.NiFiRegistryNarProvider
		org.apache.nifi:nifi-framework-nar:1.24.0 || ./work/nar/framework/nifi-framework-nar-1.24.0.nar-unpacked
	=== End NarProvider types ===
	=== StatusAnalyticsModel Type ===
	org.apache.nifi.controller.status.analytics.models.SimpleRegression
		org.apache.nifi:nifi-framework-nar:1.24.0 || ./work/nar/framework/nifi-framework-nar-1.24.0.nar-unpacked
	org.apache.nifi.controller.status.analytics.models.OrdinaryLeastSquares
		org.apache.nifi:nifi-framework-nar:1.24.0 || ./work/nar/framework/nifi-framework-nar-1.24.0.nar-unpacked
	=== End StatusAnalyticsModel types ===
	=== ControllerService Type ===
	org.apache.nifi.distributed.cache.client.DistributedSetCacheClientService
		org.apache.nifi:nifi-distributed-cache-services-nar:1.24.0 || ./work/nar/extensions/nifi-distributed-cache-services-nar-1.24.0.nar-unpacked
	org.apache.nifi.couchbase.CouchbaseRecordLookupService
		org.apache.nifi:nifi-couchbase-nar:1.24.0 || ./work/nar/extensions/nifi-couchbase-nar-1.24.0.nar-unpacked
	org.apache.nifi.mongodb.MongoDBLookupService
		org.apache.nifi:nifi-mongodb-services-nar:1.24.0 || ./work/nar/extensions/nifi-mongodb-services-nar-1.24.0.nar-unpacked
	org.apache.nifi.cef.CEFReader
		org.apache.nifi:nifi-record-serialization-services-nar:1.24.0 || ./work/nar/extensions/nifi-record-serialization-services-nar-1.24.0.nar-unpacked
	org.apache.nifi.syslog.Syslog5424Reader
		org.apache.nifi:nifi-record-serialization-services-nar:1.24.0 || ./work/nar/extensions/nifi-record-serialization-services-nar-1.24.0.nar-unpacked
	org.apache.nifi.processors.aws.s3.encryption.StandardS3EncryptionService
		org.apache.nifi:nifi-aws-nar:1.24.0 || ./work/nar/extensions/nifi-aws-nar-1.24.0.nar-unpacked
	org.apache.nifi.excel.ExcelReader
		org.apache.nifi:nifi-poi-nar:1.24.0 || ./work/nar/extensions/nifi-poi-nar-1.24.0.nar-unpacked
	org.apache.nifi.redis.service.RedisConnectionPoolService
		org.apache.nifi:nifi-redis-nar:1.24.0 || ./work/nar/extensions/nifi-redis-nar-1.24.0.nar-unpacked
	org.apache.nifi.syslog.SyslogReader
		org.apache.nifi:nifi-record-serialization-services-nar:1.24.0 || ./work/nar/extensions/nifi-record-serialization-services-nar-1.24.0.nar-unpacked
	org.apache.nifi.ssl.StandardSSLContextService
		org.apache.nifi:nifi-ssl-context-service-nar:1.24.0 || ./work/nar/extensions/nifi-ssl-context-service-nar-1.24.0.nar-unpacked
	org.apache.nifi.processors.gcp.credentials.service.GCPCredentialsControllerService
		org.apache.nifi:nifi-gcp-nar:1.24.0 || ./work/nar/extensions/nifi-gcp-nar-1.24.0.nar-unpacked
	org.apache.nifi.confluent.schemaregistry.ConfluentSchemaRegistry
		org.apache.nifi:nifi-confluent-platform-nar:1.24.0 || ./work/nar/extensions/nifi-confluent-platform-nar-1.24.0.nar-unpacked
	org.apache.nifi.services.azure.StandardAzureCredentialsControllerService
		org.apache.nifi:nifi-azure-nar:1.24.0 || ./work/nar/extensions/nifi-azure-nar-1.24.0.nar-unpacked
	org.apache.nifi.services.smb.SmbjClientProviderService
		org.apache.nifi:nifi-smb-smbj-client-nar:1.24.0 || ./work/nar/extensions/nifi-smb-smbj-client-nar-1.24.0.nar-unpacked
	org.apache.nifi.dbcp.HikariCPConnectionPool
		org.apache.nifi:nifi-dbcp-service-nar:1.24.0 || ./work/nar/extensions/nifi-dbcp-service-nar-1.24.0.nar-unpacked
	org.apache.nifi.distributed.cache.server.DistributedSetCacheServer
		org.apache.nifi:nifi-distributed-cache-services-nar:1.24.0 || ./work/nar/extensions/nifi-distributed-cache-services-nar-1.24.0.nar-unpacked
	org.apache.nifi.record.sink.lookup.RecordSinkServiceLookup
		org.apache.nifi:nifi-record-sink-service-nar:1.24.0 || ./work/nar/extensions/nifi-record-sink-service-nar-1.24.0.nar-unpacked
	org.apache.nifi.couchbase.CouchbaseKeyValueLookupService
		org.apache.nifi:nifi-couchbase-nar:1.24.0 || ./work/nar/extensions/nifi-couchbase-nar-1.24.0.nar-unpacked
	org.apache.nifi.lookup.maxmind.IPLookupService
		org.apache.nifi:nifi-lookup-services-nar:1.24.0 || ./work/nar/extensions/nifi-lookup-services-nar-1.24.0.nar-unpacked
	org.apache.nifi.hazelcast.services.cachemanager.ExternalHazelcastCacheManager
		org.apache.nifi:nifi-hazelcast-services-nar:1.24.0 || ./work/nar/extensions/nifi-hazelcast-services-nar-1.24.0.nar-unpacked
	org.apache.nifi.record.script.ScriptedRecordSetWriter
		org.apache.nifi:nifi-scripting-nar:1.24.0 || ./work/nar/extensions/nifi-scripting-nar-1.24.0.nar-unpacked
	org.apache.nifi.elasticsearch.ElasticSearchStringLookupService
		org.apache.nifi:nifi-elasticsearch-client-service-nar:1.24.0 || ./work/nar/extensions/nifi-elasticsearch-client-service-nar-1.24.0.nar-unpacked
	org.apache.nifi.distributed.cache.server.map.DistributedMapCacheServer
		org.apache.nifi:nifi-distributed-cache-services-nar:1.24.0 || ./work/nar/extensions/nifi-distributed-cache-services-nar-1.24.0.nar-unpacked
	org.apache.nifi.couchbase.CouchbaseClusterService
		org.apache.nifi:nifi-couchbase-nar:1.24.0 || ./work/nar/extensions/nifi-couchbase-nar-1.24.0.nar-unpacked
	org.apache.nifi.controller.asana.StandardAsanaClientProviderService
		org.apache.nifi:nifi-asana-services-nar:1.24.0 || ./work/nar/extensions/nifi-asana-services-nar-1.24.0.nar-unpacked
	org.apache.nifi.pgp.service.standard.StandardPGPPrivateKeyService
		org.apache.nifi:nifi-pgp-service-nar:1.24.0 || ./work/nar/extensions/nifi-pgp-service-nar-1.24.0.nar-unpacked
	org.apache.nifi.yaml.YamlTreeReader
		org.apache.nifi:nifi-record-serialization-services-nar:1.24.0 || ./work/nar/extensions/nifi-record-serialization-services-nar-1.24.0.nar-unpacked
	org.apache.nifi.lookup.DistributedMapCacheLookupService
		org.apache.nifi:nifi-lookup-services-nar:1.24.0 || ./work/nar/extensions/nifi-lookup-services-nar-1.24.0.nar-unpacked
	org.apache.nifi.record.sink.script.ScriptedRecordSink
		org.apache.nifi:nifi-scripting-nar:1.24.0 || ./work/nar/extensions/nifi-scripting-nar-1.24.0.nar-unpacked
	org.apache.nifi.lookup.script.SimpleScriptedLookupService
		org.apache.nifi:nifi-scripting-nar:1.24.0 || ./work/nar/extensions/nifi-scripting-nar-1.24.0.nar-unpacked
	org.apache.nifi.web.client.provider.service.StandardWebClientServiceProvider
		org.apache.nifi:nifi-web-client-provider-service-nar:1.24.0 || ./work/nar/extensions/nifi-web-client-provider-service-nar-1.24.0.nar-unpacked
	org.apache.nifi.lookup.XMLFileLookupService
		org.apache.nifi:nifi-lookup-services-nar:1.24.0 || ./work/nar/extensions/nifi-lookup-services-nar-1.24.0.nar-unpacked
	org.apache.nifi.services.azure.eventhub.AzureEventHubRecordSink
		org.apache.nifi:nifi-azure-nar:1.24.0 || ./work/nar/extensions/nifi-azure-nar-1.24.0.nar-unpacked
	org.apache.nifi.service.CassandraSessionProvider
		org.apache.nifi:nifi-cassandra-services-nar:1.24.0 || ./work/nar/extensions/nifi-cassandra-services-nar-1.24.0.nar-unpacked
	org.apache.nifi.oauth2.OAuth2TokenProviderImpl
		org.apache.nifi:nifi-oauth2-provider-nar:1.24.0 || ./work/nar/extensions/nifi-oauth2-provider-nar-1.24.0.nar-unpacked
	org.apache.nifi.record.sink.db.DatabaseRecordSink
		org.apache.nifi:nifi-dbcp-service-nar:1.24.0 || ./work/nar/extensions/nifi-dbcp-service-nar-1.24.0.nar-unpacked
	org.apache.nifi.schema.inference.VolatileSchemaCache
		org.apache.nifi:nifi-record-serialization-services-nar:1.24.0 || ./work/nar/extensions/nifi-record-serialization-services-nar-1.24.0.nar-unpacked
	org.apache.nifi.services.azure.storage.ADLSCredentialsControllerService
		org.apache.nifi:nifi-azure-nar:1.24.0 || ./work/nar/extensions/nifi-azure-nar-1.24.0.nar-unpacked
	org.apache.nifi.reporting.prometheus.PrometheusRecordSink
		org.apache.nifi:nifi-prometheus-nar:1.24.0 || ./work/nar/extensions/nifi-prometheus-nar-1.24.0.nar-unpacked
	org.apache.nifi.kerberos.KerberosKeytabUserService
		org.apache.nifi:nifi-kerberos-user-service-nar:1.24.0 || ./work/nar/extensions/nifi-kerberos-user-service-nar-1.24.0.nar-unpacked
	org.apache.nifi.record.sink.kafka.KafkaRecordSink_2_6
		org.apache.nifi:nifi-kafka-2-6-nar:1.24.0 || ./work/nar/extensions/nifi-kafka-2-6-nar-1.24.0.nar-unpacked
	org.apache.nifi.box.controllerservices.JsonConfigBasedBoxClientService
		org.apache.nifi:nifi-box-services-nar:1.24.0 || ./work/nar/extensions/nifi-box-services-nar-1.24.0.nar-unpacked
	org.apache.nifi.schemaregistry.hortonworks.HortonworksSchemaRegistry
		org.apache.nifi:nifi-hwx-schema-registry-nar:1.24.0 || ./work/nar/extensions/nifi-hwx-schema-registry-nar-1.24.0.nar-unpacked
	org.apache.nifi.record.sink.LoggingRecordSink
		org.apache.nifi:nifi-record-sink-service-nar:1.24.0 || ./work/nar/extensions/nifi-record-sink-service-nar-1.24.0.nar-unpacked
	org.apache.nifi.record.sink.event.UDPEventRecordSink
		org.apache.nifi:nifi-record-sink-service-nar:1.24.0 || ./work/nar/extensions/nifi-record-sink-service-nar-1.24.0.nar-unpacked
	org.apache.nifi.proxy.StandardProxyConfigurationService
		org.apache.nifi:nifi-proxy-configuration-nar:1.24.0 || ./work/nar/extensions/nifi-proxy-configuration-nar-1.24.0.nar-unpacked
	org.apache.nifi.websocket.jetty.JettyWebSocketClient
		org.apache.nifi:nifi-websocket-services-jetty-nar:1.24.0 || ./work/nar/extensions/nifi-websocket-services-jetty-nar-1.24.0.nar-unpacked
	org.apache.nifi.processors.aws.credentials.provider.service.AWSCredentialsProviderControllerService
		org.apache.nifi:nifi-aws-nar:1.24.0 || ./work/nar/extensions/nifi-aws-nar-1.24.0.nar-unpacked
	org.apache.nifi.controller.kudu.KuduLookupService
		org.apache.nifi:nifi-kudu-nar:1.24.0 || ./work/nar/extensions/nifi-kudu-nar-1.24.0.nar-unpacked
	org.apache.nifi.windowsevent.WindowsEventLogReader
		org.apache.nifi:nifi-record-serialization-services-nar:1.24.0 || ./work/nar/extensions/nifi-record-serialization-services-nar-1.24.0.nar-unpacked
	org.apache.nifi.distributed.cache.client.DistributedMapCacheClientService
		org.apache.nifi:nifi-distributed-cache-services-nar:1.24.0 || ./work/nar/extensions/nifi-distributed-cache-services-nar-1.24.0.nar-unpacked
	org.apache.nifi.dbcp.DBCPConnectionPoolLookup
		org.apache.nifi:nifi-dbcp-service-nar:1.24.0 || ./work/nar/extensions/nifi-dbcp-service-nar-1.24.0.nar-unpacked
	org.apache.nifi.services.azure.storage.AzureStorageCredentialsControllerServiceLookup_v12
		org.apache.nifi:nifi-azure-nar:1.24.0 || ./work/nar/extensions/nifi-azure-nar-1.24.0.nar-unpacked
	org.apache.nifi.mongodb.MongoDBControllerService
		org.apache.nifi:nifi-mongodb-services-nar:1.24.0 || ./work/nar/extensions/nifi-mongodb-services-nar-1.24.0.nar-unpacked
	org.apache.nifi.parquet.ParquetRecordSetWriter
		org.apache.nifi:nifi-parquet-nar:1.24.0 || ./work/nar/extensions/nifi-parquet-nar-1.24.0.nar-unpacked
	org.apache.nifi.lookup.script.ScriptedLookupService
		org.apache.nifi:nifi-scripting-nar:1.24.0 || ./work/nar/extensions/nifi-scripting-nar-1.24.0.nar-unpacked
	org.apache.nifi.json.JsonPathReader
		org.apache.nifi:nifi-record-serialization-services-nar:1.24.0 || ./work/nar/extensions/nifi-record-serialization-services-nar-1.24.0.nar-unpacked
	org.apache.nifi.json.JsonRecordSetWriter
		org.apache.nifi:nifi-record-serialization-services-nar:1.24.0 || ./work/nar/extensions/nifi-record-serialization-services-nar-1.24.0.nar-unpacked
	org.apache.nifi.lookup.ReaderLookup
		org.apache.nifi:nifi-record-serialization-services-nar:1.24.0 || ./work/nar/extensions/nifi-record-serialization-services-nar-1.24.0.nar-unpacked
	org.apache.nifi.avro.AvroRecordSetWriter
		org.apache.nifi:nifi-record-serialization-services-nar:1.24.0 || ./work/nar/extensions/nifi-record-serialization-services-nar-1.24.0.nar-unpacked
	org.apache.nifi.fileresource.service.StandardFileResourceService
		org.apache.nifi:nifi-file-resource-service-nar:1.24.0 || ./work/nar/extensions/nifi-file-resource-service-nar-1.24.0.nar-unpacked
	org.apache.nifi.dbcp.HadoopDBCPConnectionPool
		org.apache.nifi:nifi-hadoop-dbcp-service-nar:1.24.0 || ./work/nar/extensions/nifi-hadoop-dbcp-service-nar-1.24.0.nar-unpacked
	org.apache.nifi.record.sink.EmailRecordSink
		org.apache.nifi:nifi-record-sink-service-nar:1.24.0 || ./work/nar/extensions/nifi-record-sink-service-nar-1.24.0.nar-unpacked
	org.apache.nifi.dbcp.DBCPConnectionPool
		org.apache.nifi:nifi-dbcp-service-nar:1.24.0 || ./work/nar/extensions/nifi-dbcp-service-nar-1.24.0.nar-unpacked
	org.apache.nifi.xml.XMLRecordSetWriter
		org.apache.nifi:nifi-record-serialization-services-nar:1.24.0 || ./work/nar/extensions/nifi-record-serialization-services-nar-1.24.0.nar-unpacked
	org.apache.nifi.kerberos.KerberosTicketCacheUserService
		org.apache.nifi:nifi-kerberos-user-service-nar:1.24.0 || ./work/nar/extensions/nifi-kerberos-user-service-nar-1.24.0.nar-unpacked
	org.apache.nifi.xml.XMLReader
		org.apache.nifi:nifi-record-serialization-services-nar:1.24.0 || ./work/nar/extensions/nifi-record-serialization-services-nar-1.24.0.nar-unpacked
	org.apache.nifi.lookup.PropertiesFileLookupService
		org.apache.nifi:nifi-lookup-services-nar:1.24.0 || ./work/nar/extensions/nifi-lookup-services-nar-1.24.0.nar-unpacked
	org.apache.nifi.aws.schemaregistry.AmazonGlueSchemaRegistry
		org.apache.nifi:nifi-aws-nar:1.24.0 || ./work/nar/extensions/nifi-aws-nar-1.24.0.nar-unpacked
	org.apache.nifi.lookup.CSVRecordLookupService
		org.apache.nifi:nifi-lookup-services-nar:1.24.0 || ./work/nar/extensions/nifi-lookup-services-nar-1.24.0.nar-unpacked
	org.apache.nifi.pgp.service.standard.StandardPGPPublicKeyService
		org.apache.nifi:nifi-pgp-service-nar:1.24.0 || ./work/nar/extensions/nifi-pgp-service-nar-1.24.0.nar-unpacked
	org.apache.nifi.lookup.db.DatabaseRecordLookupService
		org.apache.nifi:nifi-lookup-services-nar:1.24.0 || ./work/nar/extensions/nifi-lookup-services-nar-1.24.0.nar-unpacked
	org.apache.nifi.rules.handlers.script.ScriptedActionHandler
		org.apache.nifi:nifi-scripting-nar:1.24.0 || ./work/nar/extensions/nifi-scripting-nar-1.24.0.nar-unpacked
	org.apache.nifi.lookup.SimpleKeyValueLookupService
		org.apache.nifi:nifi-lookup-services-nar:1.24.0 || ./work/nar/extensions/nifi-lookup-services-nar-1.24.0.nar-unpacked
	org.apache.nifi.elasticsearch.ElasticSearchLookupService
		org.apache.nifi:nifi-elasticsearch-client-service-nar:1.24.0 || ./work/nar/extensions/nifi-elasticsearch-client-service-nar-1.24.0.nar-unpacked
	org.apache.nifi.hbase.HBase_2_ClientService
		org.apache.nifi:nifi-hbase_2-client-service-nar:1.24.0 || ./work/nar/extensions/nifi-hbase_2-client-service-nar-1.24.0.nar-unpacked
	org.apache.nifi.avro.AvroReader
		org.apache.nifi:nifi-record-serialization-services-nar:1.24.0 || ./work/nar/extensions/nifi-record-serialization-services-nar-1.24.0.nar-unpacked
	org.apache.nifi.services.azure.storage.AzureStorageCredentialsControllerService_v12
		org.apache.nifi:nifi-azure-nar:1.24.0 || ./work/nar/extensions/nifi-azure-nar-1.24.0.nar-unpacked
	org.apache.nifi.hazelcast.services.cacheclient.HazelcastMapCacheClient
		org.apache.nifi:nifi-hazelcast-services-nar:1.24.0 || ./work/nar/extensions/nifi-hazelcast-services-nar-1.24.0.nar-unpacked
	org.apache.nifi.http.StandardHttpContextMap
		org.apache.nifi:nifi-http-context-map-nar:1.24.0 || ./work/nar/extensions/nifi-http-context-map-nar-1.24.0.nar-unpacked
	org.apache.nifi.redis.service.SimpleRedisDistributedMapCacheClientService
		org.apache.nifi:nifi-redis-nar:1.24.0 || ./work/nar/extensions/nifi-redis-nar-1.24.0.nar-unpacked
	org.apache.nifi.hbase.HBase_2_RecordLookupService
		org.apache.nifi:nifi-hbase_2-client-service-nar:1.24.0 || ./work/nar/extensions/nifi-hbase_2-client-service-nar-1.24.0.nar-unpacked
	org.apache.nifi.record.script.ScriptedReader
		org.apache.nifi:nifi-scripting-nar:1.24.0 || ./work/nar/extensions/nifi-scripting-nar-1.24.0.nar-unpacked
	org.apache.nifi.ssl.StandardRestrictedSSLContextService
		org.apache.nifi:nifi-ssl-context-service-nar:1.24.0 || ./work/nar/extensions/nifi-ssl-context-service-nar-1.24.0.nar-unpacked
	org.apache.nifi.controller.cassandra.CassandraDistributedMapCache
		org.apache.nifi:nifi-cassandra-services-nar:1.24.0 || ./work/nar/extensions/nifi-cassandra-services-nar-1.24.0.nar-unpacked
	org.apache.nifi.parquet.ParquetReader
		org.apache.nifi:nifi-parquet-nar:1.24.0 || ./work/nar/extensions/nifi-parquet-nar-1.24.0.nar-unpacked
	org.apache.nifi.rules.engine.script.ScriptedRulesEngine
		org.apache.nifi:nifi-scripting-nar:1.24.0 || ./work/nar/extensions/nifi-scripting-nar-1.24.0.nar-unpacked
	org.apache.nifi.reporting.sink.SiteToSiteReportingRecordSink
		org.apache.nifi:nifi-site-to-site-reporting-nar:1.24.0 || ./work/nar/extensions/nifi-site-to-site-reporting-nar-1.24.0.nar-unpacked
	org.apache.nifi.metrics.reporting.reporter.service.GraphiteMetricReporterService
		org.apache.nifi:nifi-metrics-reporting-nar:1.24.0 || ./work/nar/extensions/nifi-metrics-reporting-nar-1.24.0.nar-unpacked
	org.apache.nifi.kerberos.KeytabCredentialsService
		org.apache.nifi:nifi-kerberos-credentials-service-nar:1.24.0 || ./work/nar/extensions/nifi-kerberos-credentials-service-nar-1.24.0.nar-unpacked
	org.apache.nifi.services.dropbox.StandardDropboxCredentialService
		org.apache.nifi:nifi-dropbox-services-nar:1.24.0 || ./work/nar/extensions/nifi-dropbox-services-nar-1.24.0.nar-unpacked
	org.apache.nifi.services.azure.cosmos.document.AzureCosmosDBClientService
		org.apache.nifi:nifi-azure-nar:1.24.0 || ./work/nar/extensions/nifi-azure-nar-1.24.0.nar-unpacked
	org.apache.nifi.oauth2.StandardOauth2AccessTokenProvider
		org.apache.nifi:nifi-oauth2-provider-nar:1.24.0 || ./work/nar/extensions/nifi-oauth2-provider-nar-1.24.0.nar-unpacked
	org.apache.nifi.elasticsearch.ElasticSearchClientServiceImpl
		org.apache.nifi:nifi-elasticsearch-client-service-nar:1.24.0 || ./work/nar/extensions/nifi-elasticsearch-client-service-nar-1.24.0.nar-unpacked
	org.apache.nifi.record.sink.kafka.KafkaRecordSink_2_0
		org.apache.nifi:nifi-kafka-2-0-nar:1.24.0 || ./work/nar/extensions/nifi-kafka-2-0-nar-1.24.0.nar-unpacked
	org.apache.nifi.vault.hashicorp.StandardHashiCorpVaultClientService
		org.apache.nifi:nifi-hashicorp-vault-nar:1.24.0 || ./work/nar/extensions/nifi-hashicorp-vault-nar-1.24.0.nar-unpacked
	org.apache.nifi.grok.GrokReader
		org.apache.nifi:nifi-record-serialization-services-nar:1.24.0 || ./work/nar/extensions/nifi-record-serialization-services-nar-1.24.0.nar-unpacked
	org.apache.nifi.hazelcast.services.cachemanager.EmbeddedHazelcastCacheManager
		org.apache.nifi:nifi-hazelcast-services-nar:1.24.0 || ./work/nar/extensions/nifi-hazelcast-services-nar-1.24.0.nar-unpacked
	org.apache.nifi.services.azure.storage.ADLSCredentialsControllerServiceLookup
		org.apache.nifi:nifi-azure-nar:1.24.0 || ./work/nar/extensions/nifi-azure-nar-1.24.0.nar-unpacked
	org.apache.nifi.services.azure.storage.AzureStorageEmulatorCredentialsControllerService
		org.apache.nifi:nifi-azure-nar:1.24.0 || ./work/nar/extensions/nifi-azure-nar-1.24.0.nar-unpacked
	org.apache.nifi.record.sink.kafka.KafkaRecordSink_1_0
		org.apache.nifi:nifi-kafka-1-0-nar:1.24.0 || ./work/nar/extensions/nifi-kafka-1-0-nar-1.24.0.nar-unpacked
	org.apache.nifi.kerberos.KerberosPasswordUserService
		org.apache.nifi:nifi-kerberos-user-service-nar:1.24.0 || ./work/nar/extensions/nifi-kerberos-user-service-nar-1.24.0.nar-unpacked
	org.apache.nifi.csv.CSVRecordSetWriter
		org.apache.nifi:nifi-record-serialization-services-nar:1.24.0 || ./work/nar/extensions/nifi-record-serialization-services-nar-1.24.0.nar-unpacked
	org.apache.nifi.lookup.RestLookupService
		org.apache.nifi:nifi-lookup-services-nar:1.24.0 || ./work/nar/extensions/nifi-lookup-services-nar-1.24.0.nar-unpacked
	org.apache.nifi.hbase.HBase_2_ClientMapCacheService
		org.apache.nifi:nifi-hbase_2-client-service-nar:1.24.0 || ./work/nar/extensions/nifi-hbase_2-client-service-nar-1.24.0.nar-unpacked
	org.apache.nifi.json.JsonTreeReader
		org.apache.nifi:nifi-record-serialization-services-nar:1.24.0 || ./work/nar/extensions/nifi-record-serialization-services-nar-1.24.0.nar-unpacked
	org.apache.nifi.services.azure.storage.AzureStorageCredentialsControllerService
		org.apache.nifi:nifi-azure-nar:1.24.0 || ./work/nar/extensions/nifi-azure-nar-1.24.0.nar-unpacked
	org.apache.nifi.key.service.StandardPrivateKeyService
		org.apache.nifi:nifi-key-service-nar:1.24.0 || ./work/nar/extensions/nifi-key-service-nar-1.24.0.nar-unpacked
	org.apache.nifi.websocket.jetty.JettyWebSocketServer
		org.apache.nifi:nifi-websocket-services-jetty-nar:1.24.0 || ./work/nar/extensions/nifi-websocket-services-jetty-nar-1.24.0.nar-unpacked
	org.apache.nifi.schemaregistry.services.AvroSchemaRegistry
		org.apache.nifi:nifi-registry-nar:1.24.0 || ./work/nar/extensions/nifi-registry-nar-1.24.0.nar-unpacked
	org.apache.nifi.lookup.SimpleCsvFileLookupService
		org.apache.nifi:nifi-lookup-services-nar:1.24.0 || ./work/nar/extensions/nifi-lookup-services-nar-1.24.0.nar-unpacked
	org.apache.nifi.lookup.RecordSetWriterLookup
		org.apache.nifi:nifi-record-serialization-services-nar:1.24.0 || ./work/nar/extensions/nifi-record-serialization-services-nar-1.24.0.nar-unpacked
	org.apache.nifi.text.FreeFormTextRecordSetWriter
		org.apache.nifi:nifi-record-serialization-services-nar:1.24.0 || ./work/nar/extensions/nifi-record-serialization-services-nar-1.24.0.nar-unpacked
	org.apache.nifi.csv.CSVReader
		org.apache.nifi:nifi-record-serialization-services-nar:1.24.0 || ./work/nar/extensions/nifi-record-serialization-services-nar-1.24.0.nar-unpacked
	org.apache.nifi.couchbase.CouchbaseMapCacheClient
		org.apache.nifi:nifi-couchbase-nar:1.24.0 || ./work/nar/extensions/nifi-couchbase-nar-1.24.0.nar-unpacked
	org.apache.nifi.jms.cf.JndiJmsConnectionFactoryProvider
		org.apache.nifi:nifi-jms-processors-nar:1.24.0 || ./work/nar/extensions/nifi-jms-processors-nar-1.24.0.nar-unpacked
	org.apache.nifi.lookup.db.SimpleDatabaseLookupService
		org.apache.nifi:nifi-lookup-services-nar:1.24.0 || ./work/nar/extensions/nifi-lookup-services-nar-1.24.0.nar-unpacked
	org.apache.nifi.services.azure.storage.AzureStorageCredentialsControllerServiceLookup
		org.apache.nifi:nifi-azure-nar:1.24.0 || ./work/nar/extensions/nifi-azure-nar-1.24.0.nar-unpacked
	org.apache.nifi.jms.cf.JMSConnectionFactoryProvider
		org.apache.nifi:nifi-jms-processors-nar:1.24.0 || ./work/nar/extensions/nifi-jms-processors-nar-1.24.0.nar-unpacked
	org.apache.nifi.redis.service.RedisDistributedMapCacheClientService
		org.apache.nifi:nifi-redis-nar:1.24.0 || ./work/nar/extensions/nifi-redis-nar-1.24.0.nar-unpacked
	=== End ControllerService types ===
	=== FlowFilePrioritizer Type ===
	org.apache.nifi.prioritizer.FirstInFirstOutPrioritizer
		org.apache.nifi:nifi-framework-nar:1.24.0 || ./work/nar/framework/nifi-framework-nar-1.24.0.nar-unpacked
	org.apache.nifi.prioritizer.PriorityAttributePrioritizer
		org.apache.nifi:nifi-framework-nar:1.24.0 || ./work/nar/framework/nifi-framework-nar-1.24.0.nar-unpacked
	org.apache.nifi.prioritizer.NewestFlowFileFirstPrioritizer
		org.apache.nifi:nifi-framework-nar:1.24.0 || ./work/nar/framework/nifi-framework-nar-1.24.0.nar-unpacked
	org.apache.nifi.prioritizer.OldestFlowFileFirstPrioritizer
		org.apache.nifi:nifi-framework-nar:1.24.0 || ./work/nar/framework/nifi-framework-nar-1.24.0.nar-unpacked
	=== End FlowFilePrioritizer types ===
	=== StatusHistoryRepository Type ===
	org.apache.nifi.controller.status.history.VolatileComponentStatusRepository
		org.apache.nifi:nifi-framework-nar:1.24.0 || ./work/nar/framework/nifi-framework-nar-1.24.0.nar-unpacked
	org.apache.nifi.controller.status.history.EmbeddedQuestDbStatusHistoryRepository
		org.apache.nifi:nifi-framework-nar:1.24.0 || ./work/nar/framework/nifi-framework-nar-1.24.0.nar-unpacked
	=== End StatusHistoryRepository types ===
2025-10-16 11:14:33,551 INFO [main] o.a.n.f.r.CompositeExternalResourceProviderService Starting External Resource Provider Service ...
2025-10-16 11:14:33,551 INFO [main] o.a.n.f.r.CompositeExternalResourceProviderService External Resource Provider Service is started successfully
2025-10-16 11:14:33,552 INFO [main] org.apache.nifi.nar.NarAutoLoader Found 0 initial NARs from directory extensions
2025-10-16 11:14:33,554 INFO [main] org.apache.nifi.nar.NarAutoLoader Starting NAR Auto-Loader Thread for directory ./extensions ...
2025-10-16 11:14:33,555 INFO [main] org.eclipse.jetty.server.Server jetty-9.4.53.v20231009; built: 2023-10-09T12:29:09.265Z; git: 27bde00a0b95a1d5bbee0eae7984f891d2d0f8c9; jvm 11.0.21+9
2025-10-16 11:14:33,746 INFO [main] o.e.j.a.AnnotationConfiguration Scanning elapsed time=100ms
2025-10-16 11:14:33,788 INFO [main] org.eclipse.jetty.server.session DefaultSessionIdManager workerName=node0
2025-10-16 11:14:33,789 INFO [main] org.eclipse.jetty.server.session No SessionScavenger set, using defaults
2025-10-16 11:14:33,789 INFO [main] org.eclipse.jetty.server.session node0 Scavenging every 600000ms
2025-10-16 11:14:33,809 INFO [main] o.e.jetty.server.handler.ContextHandler Started o.e.j.w.WebAppContext@cfb94fd{/nifi-update-attribute-ui-1.24.0,/nifi-update-attribute-ui-1.24.0,file:///opt/nifi/nifi-current/work/jetty/nifi-update-attribute-ui-1.24.0.war/webapp/,AVAILABLE}{./work/nar/extensions/nifi-update-attribute-nar-1.24.0.nar-unpacked/NAR-INF/bundled-dependencies/nifi-update-attribute-ui-1.24.0.war}
2025-10-16 11:14:33,817 INFO [main] o.e.j.a.AnnotationConfiguration Scanning elapsed time=3ms
2025-10-16 11:14:33,829 INFO [main] o.e.jetty.server.handler.ContextHandler Started o.e.j.w.WebAppContext@4ebd8d2{nifi-image-viewer,/nifi-image-viewer-1.24.0,file:///opt/nifi/nifi-current/work/jetty/nifi-image-viewer-1.24.0.war/webapp/,AVAILABLE}{./work/nar/extensions/nifi-image-viewer-nar-1.24.0.nar-unpacked/NAR-INF/bundled-dependencies/nifi-image-viewer-1.24.0.war}
2025-10-16 11:14:33,862 INFO [main] o.e.j.a.AnnotationConfiguration Scanning elapsed time=12ms
2025-10-16 11:14:33,872 INFO [main] o.e.jetty.server.handler.ContextHandler Started o.e.j.w.WebAppContext@44a44a04{nifi-standard-content-viewer,/nifi-standard-content-viewer-1.24.0,file:///opt/nifi/nifi-current/work/jetty/nifi-standard-content-viewer-1.24.0.war/webapp/,AVAILABLE}{./work/nar/extensions/nifi-standard-nar-1.24.0.nar-unpacked/NAR-INF/bundled-dependencies/nifi-standard-content-viewer-1.24.0.war}
2025-10-16 11:14:33,977 INFO [main] o.e.j.a.AnnotationConfiguration Scanning elapsed time=39ms
2025-10-16 11:14:33,987 INFO [main] o.e.jetty.server.handler.ContextHandler Started o.e.j.w.WebAppContext@5a63fa71{/nifi-jolt-transform-json-ui-1.24.0,/nifi-jolt-transform-json-ui-1.24.0,file:///opt/nifi/nifi-current/work/jetty/nifi-jolt-transform-json-ui-1.24.0.war/webapp/,AVAILABLE}{./work/nar/extensions/nifi-standard-nar-1.24.0.nar-unpacked/NAR-INF/bundled-dependencies/nifi-jolt-transform-json-ui-1.24.0.war}
2025-10-16 11:14:34,048 INFO [main] o.e.j.a.AnnotationConfiguration Scanning elapsed time=9ms
2025-10-16 11:14:34,051 INFO [main] o.e.j.s.handler.ContextHandler._nifi No Spring WebApplicationInitializer types detected on classpath
2025-10-16 11:14:34,060 INFO [main] o.e.jetty.server.handler.ContextHandler Started o.e.j.w.WebAppContext@a6fc1bc{nifi,/nifi,file:///opt/nifi/nifi-current/work/jetty/nifi-web-ui-1.24.0.war/webapp/,AVAILABLE}{./work/nar/extensions/nifi-server-nar-1.24.0.nar-unpacked/NAR-INF/bundled-dependencies/nifi-web-ui-1.24.0.war}
2025-10-16 11:14:34,171 INFO [main] o.e.j.a.AnnotationConfiguration Scanning elapsed time=50ms
2025-10-16 11:14:34,180 INFO [main] o.e.j.s.handler.ContextHandler._nifi_api No Spring WebApplicationInitializer types detected on classpath
2025-10-16 11:14:34,188 INFO [main] o.e.j.s.handler.ContextHandler._nifi_api Initializing Spring root WebApplicationContext
2025-10-16 11:14:34,857 INFO [main] o.a.nifi.properties.NiFiPropertiesLoader Loading Application Properties [/opt/nifi/nifi-current/./conf/nifi.properties]
2025-10-16 11:14:35,270 INFO [main] jetbrains.exodus.env.EnvironmentImpl Exodus environment created: ./database_repository
2025-10-16 11:14:35,341 INFO [main] o.a.n.a.service.EntityStoreAuditService Environment configured with directory [./database_repository]
2025-10-16 11:14:35,707 INFO [main] o.a.n.r.v.FileBasedVariableRegistry Loaded 94 properties from system properties and environment variables
2025-10-16 11:14:35,707 INFO [main] o.a.n.r.v.FileBasedVariableRegistry Loaded a total of 94 properties.  Including precedence overrides effective accessible registry key size is 94
2025-10-16 11:14:35,884 INFO [main] o.a.n.c.r.WriteAheadFlowFileRepository Initialized FlowFile Repository
2025-10-16 11:14:35,886 INFO [main] o.apache.nifi.controller.FlowController Creating Provenance Repository [org.apache.nifi.provenance.WriteAheadProvenanceRepository]
2025-10-16 11:14:35,903 INFO [main] o.a.n.p.store.WriteAheadStorePartition After recovering ./provenance_repository, next Event ID to be generated will be 0
2025-10-16 11:14:35,905 INFO [main] o.a.n.p.index.lucene.LuceneEventIndex Will avoid re-indexing Provenance Events because the newest index is defunct, so it will be re-indexed in the background
2025-10-16 11:14:35,905 INFO [main] o.apache.nifi.controller.FlowController Creating Content Repository [org.apache.nifi.controller.repository.FileSystemRepository]
2025-10-16 11:14:35,909 INFO [main] o.a.n.c.repository.FileSystemRepository Maximum Threshold for Container default set to 127455741870 bytes; if volume exceeds this size, archived data will be deleted until it no longer exceeds this size
2025-10-16 11:14:35,909 INFO [main] o.a.n.c.repository.FileSystemRepository Initializing FileSystemRepository with 'Always Sync' set to false
2025-10-16 11:14:36,227 INFO [main] org.wali.MinimalLockingWriteAheadLog org.wali.MinimalLockingWriteAheadLog@769580de finished recovering records. Performing Checkpoint to ensure proper state of Partitions before updates
2025-10-16 11:14:36,227 INFO [main] org.wali.MinimalLockingWriteAheadLog Successfully recovered 2 records in 6 milliseconds
2025-10-16 11:14:36,245 INFO [main] org.wali.MinimalLockingWriteAheadLog org.wali.MinimalLockingWriteAheadLog@769580de checkpointed with 2 Records and 0 Swap Files in 17 milliseconds (Stop-the-world time = 7 milliseconds, Clear Edit Logs time = 8 millis), max Transaction ID 1
2025-10-16 11:14:37,603 INFO [main] o.s.s.web.DefaultSecurityFilterChain Will secure any request with [org.springframework.security.web.context.request.async.WebAsyncManagerIntegrationFilter@53508d4b, org.apache.nifi.web.security.csrf.SkipReplicatedCsrfFilter@68801feb, org.springframework.security.web.csrf.CsrfFilter@5e469999, org.apache.nifi.web.security.x509.X509AuthenticationFilter@fdc3b84, org.springframework.security.oauth2.server.resource.web.authentication.BearerTokenAuthenticationFilter@19eb658, org.apache.nifi.web.security.anonymous.NiFiAnonymousAuthenticationFilter@567349f5, org.apache.nifi.web.security.log.AuthenticationUserFilter@3e647b97, org.springframework.security.web.access.ExceptionTranslationFilter@492a7467, org.springframework.security.web.access.intercept.AuthorizationFilter@48d4189e]
2025-10-16 11:14:37,762 INFO [main] o.a.n.w.c.ApplicationStartupContextListener Starting Flow Controller...
2025-10-16 11:14:37,771 INFO [main] o.apache.nifi.controller.FlowController Successfully synchronized controller with proposed flow. Flow contains the following number of components: {Processors=0, Controller Services=0, Reporting Tasks=0, Process Groups=0, Remote Process Groups=0, Parameter Providers=0, Flow Registry Clients=0, Local Input Ports=0, Local Output Ports=0, Public Input Ports=0, Public Output Ports=0}
2025-10-16 11:14:37,820 INFO [main] o.a.n.wali.SequentialAccessWriteAheadLog Recovering records from Write-Ahead Log at ./flowfile_repository
2025-10-16 11:14:37,825 INFO [main] org.apache.nifi.wali.HashMapSnapshot org.apache.nifi.wali.HashMapSnapshot@4874df72 restored 0 Records and 0 Swap Files from Snapshot, ending with Transaction ID -1
2025-10-16 11:14:37,826 INFO [main] o.a.n.wali.SequentialAccessWriteAheadLog Successfully recovered 0 records and 0 swap files from Snapshot at ./flowfile_repository/checkpoint with Max Transaction ID of -1 in 4 milliseconds. Now recovering records from 1 journal files
2025-10-16 11:14:37,827 INFO [main] o.a.nifi.wali.LengthDelimitedJournal Recovering records from journal ./flowfile_repository/journals/0.journal
2025-10-16 11:14:37,828 INFO [main] o.a.nifi.wali.LengthDelimitedJournal Successfully recovered 0 updates from journal ./flowfile_repository/journals/0.journal
2025-10-16 11:14:37,829 INFO [main] o.a.n.wali.SequentialAccessWriteAheadLog Successfully recovered 0 records in 8 milliseconds. Now checkpointing to ensure that Write-Ahead Log is in a consistent state
2025-10-16 11:14:37,830 INFO [main] o.a.n.wali.SequentialAccessWriteAheadLog Checkpointed Write-Ahead Log with 0 Records and 0 Swap Files in 1 milliseconds (Stop-the-world time = 0 milliseconds), max Transaction ID -1
2025-10-16 11:14:37,831 INFO [main] o.a.n.c.r.WriteAheadFlowFileRepository Successfully restored 0 FlowFiles and 0 Swap Files
2025-10-16 11:14:37,929 INFO [main] o.apache.nifi.controller.FlowController Performed initial validation of all components in 0 milliseconds
2025-10-16 11:14:37,929 INFO [main] o.apache.nifi.controller.FlowController Starting 0 processors/ports/funnels
2025-10-16 11:14:37,929 INFO [main] o.apache.nifi.controller.FlowController Started 0 Remote Group Ports transmitting
2025-10-16 11:14:37,929 INFO [main] o.a.n.w.c.ApplicationStartupContextListener Flow Controller started successfully.
2025-10-16 11:14:38,941 INFO [main] o.e.jetty.server.handler.ContextHandler Started o.e.j.w.WebAppContext@5018b56b{nifi-api,/nifi-api,file:///opt/nifi/nifi-current/work/jetty/nifi-web-api-1.24.0.war/webapp/,AVAILABLE}{./work/nar/extensions/nifi-server-nar-1.24.0.nar-unpacked/NAR-INF/bundled-dependencies/nifi-web-api-1.24.0.war}
2025-10-16 11:14:39,063 INFO [main] o.e.j.a.AnnotationConfiguration Scanning elapsed time=45ms
2025-10-16 11:14:39,072 INFO [main] o.e.j.s.h.C._nifi_content_viewer No Spring WebApplicationInitializer types detected on classpath
2025-10-16 11:14:39,074 INFO [main] o.e.jetty.server.handler.ContextHandler Started o.e.j.w.WebAppContext@360a3106{nifi-content-viewer,/nifi-content-viewer,file:///opt/nifi/nifi-current/work/jetty/nifi-web-content-viewer-1.24.0.war/webapp/,AVAILABLE}{./work/nar/extensions/nifi-server-nar-1.24.0.nar-unpacked/NAR-INF/bundled-dependencies/nifi-web-content-viewer-1.24.0.war}
2025-10-16 11:14:39,083 INFO [main] o.e.j.a.AnnotationConfiguration Scanning elapsed time=3ms
2025-10-16 11:14:39,090 INFO [main] o.e.j.s.h.ContextHandler._nifi_docs No Spring WebApplicationInitializer types detected on classpath
2025-10-16 11:14:39,091 INFO [main] o.e.jetty.server.handler.ContextHandler Started o.e.j.w.WebAppContext@737ff5c4{nifi-docs,/nifi-docs,file:///opt/nifi/nifi-current/work/jetty/nifi-web-docs-1.24.0.war/webapp/,AVAILABLE}{./work/nar/extensions/nifi-server-nar-1.24.0.nar-unpacked/NAR-INF/bundled-dependencies/nifi-web-docs-1.24.0.war}
2025-10-16 11:14:39,097 INFO [main] o.e.j.a.AnnotationConfiguration Scanning elapsed time=2ms
2025-10-16 11:14:39,103 INFO [main] o.e.j.server.handler.ContextHandler._ No Spring WebApplicationInitializer types detected on classpath
2025-10-16 11:14:39,104 INFO [main] o.e.jetty.server.handler.ContextHandler Started o.e.j.w.WebAppContext@7e9a836{nifi-error,/,file:///opt/nifi/nifi-current/work/jetty/nifi-web-error-1.24.0.war/webapp/,AVAILABLE}{./work/nar/extensions/nifi-server-nar-1.24.0.nar-unpacked/NAR-INF/bundled-dependencies/nifi-web-error-1.24.0.war}
2025-10-16 11:14:39,114 INFO [main] o.eclipse.jetty.server.AbstractConnector Started ServerConnector@229cb4d8{HTTP/1.1, (http/1.1)}{0.0.0.0:8080}
2025-10-16 11:14:39,115 INFO [main] org.eclipse.jetty.server.Server Started @14423ms
2025-10-16 11:14:39,124 INFO [main] org.apache.nifi.web.server.JettyServer NiFi has started. The UI is available at the following URLs:
2025-10-16 11:14:39,125 INFO [main] org.apache.nifi.web.server.JettyServer http://0.0.0.0:8080/nifi
2025-10-16 11:14:39,142 INFO [main] org.apache.nifi.BootstrapListener Successfully initiated communication with Bootstrap
2025-10-16 11:14:39,142 INFO [main] org.apache.nifi.NiFi Started Application Controller in 8.048 seconds (8048562087 ns)
2025-10-16 11:14:57,835 INFO [pool-7-thread-1] o.a.n.c.r.WriteAheadFlowFileRepository Initiating checkpoint of FlowFile Repository
2025-10-16 11:14:57,841 INFO [pool-7-thread-1] o.a.n.c.r.WriteAheadFlowFileRepository Successfully checkpointed FlowFile Repository with 0 records in 3 milliseconds
2025-10-16 11:15:17,846 INFO [pool-7-thread-1] o.a.n.c.r.WriteAheadFlowFileRepository Initiating checkpoint of FlowFile Repository
2025-10-16 11:15:17,847 INFO [pool-7-thread-1] o.a.n.c.r.WriteAheadFlowFileRepository Successfully checkpointed FlowFile Repository with 0 records in 0 milliseconds
2025-10-16 11:15:36,373 INFO [Cleanup Archive for default] o.a.n.c.repository.FileSystemRepository Successfully deleted 0 files (0 bytes) from archive
2025-10-16 11:15:36,374 INFO [Cleanup Archive for default] o.a.n.c.repository.FileSystemRepository Archive cleanup completed for container default; will now allow writing to this container. Bytes used = 176.24 GB, bytes free = 52.03 GB, capacity = 228.27 GB
2025-10-16 11:15:37,849 INFO [pool-7-thread-1] o.a.n.c.r.WriteAheadFlowFileRepository Initiating checkpoint of FlowFile Repository
2025-10-16 11:15:37,850 INFO [pool-7-thread-1] o.a.n.c.r.WriteAheadFlowFileRepository Successfully checkpointed FlowFile Repository with 0 records in 0 milliseconds
2025-10-16 11:15:49,577 INFO [NiFi Web Server-83] o.a.nifi.groups.StandardProcessGroup GetFile[id=ecbbb8b2-0199-1000-a0e3-cf16028ce496] added to StandardProcessGroup[identifier=ecba9bfb-0199-1000-35f6-b3d6044d7b9b,name=NiFi Flow]
2025-10-16 11:15:49,745 INFO [Flow Service Tasks Thread-1] o.a.nifi.controller.StandardFlowService Saved flow controller org.apache.nifi.controller.FlowController@6c1e96ad // Another save pending = false
2025-10-16 11:15:51,275 INFO [Flow Service Tasks Thread-1] o.a.nifi.controller.StandardFlowService Saved flow controller org.apache.nifi.controller.FlowController@6c1e96ad // Another save pending = false
2025-10-16 11:15:57,852 INFO [pool-7-thread-1] o.a.n.c.r.WriteAheadFlowFileRepository Initiating checkpoint of FlowFile Repository
2025-10-16 11:15:57,853 INFO [pool-7-thread-1] o.a.n.c.r.WriteAheadFlowFileRepository Successfully checkpointed FlowFile Repository with 0 records in 0 milliseconds
2025-10-16 11:15:58,803 INFO [NiFi Web Server-22] o.a.nifi.groups.StandardProcessGroup LogAttribute[id=ecbbdccf-0199-1000-5cee-1e19b9364109] added to StandardProcessGroup[identifier=ecba9bfb-0199-1000-35f6-b3d6044d7b9b,name=NiFi Flow]
2025-10-16 11:15:58,834 INFO [Flow Service Tasks Thread-1] o.a.nifi.controller.StandardFlowService Saved flow controller org.apache.nifi.controller.FlowController@6c1e96ad // Another save pending = false
2025-10-16 11:16:00,352 INFO [Flow Service Tasks Thread-1] o.a.nifi.controller.StandardFlowService Saved flow controller org.apache.nifi.controller.FlowController@6c1e96ad // Another save pending = false
2025-10-16 11:16:01,372 INFO [Flow Service Tasks Thread-1] o.a.nifi.controller.StandardFlowService Saved flow controller org.apache.nifi.controller.FlowController@6c1e96ad // Another save pending = false
2025-10-16 11:16:14,402 INFO [NiFi Web Server-25] o.a.nifi.groups.StandardProcessGroup ConvertRecord[id=ecbc19c0-0199-1000-df2c-1dfb00b8a42a] added to StandardProcessGroup[identifier=ecba9bfb-0199-1000-35f6-b3d6044d7b9b,name=NiFi Flow]
2025-10-16 11:16:14,457 INFO [Flow Service Tasks Thread-2] o.a.nifi.controller.StandardFlowService Saved flow controller org.apache.nifi.controller.FlowController@6c1e96ad // Another save pending = false
2025-10-16 11:16:17,857 INFO [pool-7-thread-1] o.a.n.c.r.WriteAheadFlowFileRepository Initiating checkpoint of FlowFile Repository
2025-10-16 11:16:17,859 INFO [pool-7-thread-1] o.a.n.c.r.WriteAheadFlowFileRepository Successfully checkpointed FlowFile Repository with 0 records in 0 milliseconds
2025-10-16 11:16:24,422 INFO [NiFi Web Server-22] o.a.nifi.groups.StandardProcessGroup SplitJson[id=ecbc40e6-0199-1000-5ae4-0da09556a50f] added to StandardProcessGroup[identifier=ecba9bfb-0199-1000-35f6-b3d6044d7b9b,name=NiFi Flow]
2025-10-16 11:16:24,520 INFO [Flow Service Tasks Thread-2] o.a.nifi.controller.StandardFlowService Saved flow controller org.apache.nifi.controller.FlowController@6c1e96ad // Another save pending = false
2025-10-16 11:16:36,300 INFO [Write-Ahead Local State Provider Maintenance] org.wali.MinimalLockingWriteAheadLog org.wali.MinimalLockingWriteAheadLog@769580de checkpointed with 2 Records and 0 Swap Files in 41 milliseconds (Stop-the-world time = 28 milliseconds, Clear Edit Logs time = 9 millis), max Transaction ID 3
2025-10-16 11:16:36,589 INFO [Cleanup Archive for default] o.a.n.c.repository.FileSystemRepository Successfully deleted 0 files (0 bytes) from archive
2025-10-16 11:16:36,589 INFO [Cleanup Archive for default] o.a.n.c.repository.FileSystemRepository Archive cleanup completed for container default; will now allow writing to this container. Bytes used = 176.24 GB, bytes free = 52.03 GB, capacity = 228.27 GB
2025-10-16 11:16:37,860 INFO [pool-7-thread-1] o.a.n.c.r.WriteAheadFlowFileRepository Initiating checkpoint of FlowFile Repository
2025-10-16 11:16:37,862 INFO [pool-7-thread-1] o.a.n.c.r.WriteAheadFlowFileRepository Successfully checkpointed FlowFile Repository with 0 records in 0 milliseconds
2025-10-16 11:16:57,864 INFO [pool-7-thread-1] o.a.n.c.r.WriteAheadFlowFileRepository Initiating checkpoint of FlowFile Repository
2025-10-16 11:16:57,865 INFO [pool-7-thread-1] o.a.n.c.r.WriteAheadFlowFileRepository Successfully checkpointed FlowFile Repository with 0 records in 0 milliseconds
2025-10-16 11:17:04,962 INFO [pool-2-thread-2] org.apache.nifi.BootstrapListener Received SHUTDOWN request from Bootstrap
2025-10-16 11:17:04,962 INFO [pool-2-thread-2] org.apache.nifi.NiFi Application Server shutdown started
2025-10-16 11:17:04,968 INFO [pool-2-thread-2] o.eclipse.jetty.server.AbstractConnector Stopped ServerConnector@229cb4d8{HTTP/1.1, (http/1.1)}{0.0.0.0:8080}
2025-10-16 11:17:04,968 INFO [pool-2-thread-2] org.eclipse.jetty.server.session node0 Stopped scavenging
2025-10-16 11:17:14,737 INFO [main] org.apache.nifi.NiFi Launching NiFi...
2025-10-16 11:17:14,757 INFO [main] o.a.nifi.properties.NiFiPropertiesLoader Loading Application Properties [/opt/nifi/nifi-current/./conf/nifi.properties]
2025-10-16 11:17:14,760 INFO [main] org.apache.nifi.NiFi Application Properties loaded [204]
2025-10-16 11:17:14,768 INFO [main] org.apache.nifi.BootstrapListener Started Bootstrap Listener, Listening for incoming requests on port 40569
2025-10-16 11:17:14,772 INFO [main] org.apache.nifi.BootstrapListener Successfully initiated communication with Bootstrap
2025-10-16 11:17:14,778 INFO [main] org.apache.nifi.nar.NarUnpacker Expanding 131 NAR files started
2025-10-16 11:17:15,538 INFO [main] org.apache.nifi.nar.NarUnpacker Expanded 131 NAR files in 0.76 seconds (760120584 ns)
2025-10-16 11:17:16,212 INFO [main] org.apache.nifi.nar.NarClassLoaders Loaded NAR file: /opt/nifi/nifi-current/./work/nar/extensions/nifi-jetty-bundle-1.24.0.nar-unpacked as class loader org.apache.nifi.nar.NarClassLoader[./work/nar/extensions/nifi-jetty-bundle-1.24.0.nar-unpacked]
2025-10-16 11:17:16,216 INFO [main] org.apache.nifi.nar.NarClassLoaders Loaded NAR file: /opt/nifi/nifi-current/./work/nar/framework/nifi-framework-nar-1.24.0.nar-unpacked as class loader org.apache.nifi.nar.NarClassLoader[./work/nar/framework/nifi-framework-nar-1.24.0.nar-unpacked]
2025-10-16 11:17:16,278 INFO [main] org.apache.nifi.nar.NarClassLoaders Loaded NAR file: /opt/nifi/nifi-current/./work/nar/extensions/nifi-update-attribute-nar-1.24.0.nar-unpacked as class loader org.apache.nifi.nar.NarClassLoader[./work/nar/extensions/nifi-update-attribute-nar-1.24.0.nar-unpacked]
2025-10-16 11:17:16,279 INFO [main] org.apache.nifi.nar.NarClassLoaders Loaded NAR file: /opt/nifi/nifi-current/./work/nar/extensions/nifi-spring-nar-1.24.0.nar-unpacked as class loader org.apache.nifi.nar.NarClassLoader[./work/nar/extensions/nifi-spring-nar-1.24.0.nar-unpacked]
2025-10-16 11:17:16,280 INFO [main] org.apache.nifi.nar.NarClassLoaders Loaded NAR file: /opt/nifi/nifi-current/./work/nar/extensions/nifi-compress-nar-1.24.0.nar-unpacked as class loader org.apache.nifi.nar.NarClassLoader[./work/nar/extensions/nifi-compress-nar-1.24.0.nar-unpacked]
2025-10-16 11:17:16,281 INFO [main] org.apache.nifi.nar.NarClassLoaders Loaded NAR file: /opt/nifi/nifi-current/./work/nar/extensions/nifi-image-viewer-nar-1.24.0.nar-unpacked as class loader org.apache.nifi.nar.NarClassLoader[./work/nar/extensions/nifi-image-viewer-nar-1.24.0.nar-unpacked]
2025-10-16 11:17:16,281 INFO [main] org.apache.nifi.nar.NarClassLoaders Loaded NAR file: /opt/nifi/nifi-current/./work/nar/extensions/nifi-ldap-iaa-providers-nar-1.24.0.nar-unpacked as class loader org.apache.nifi.nar.NarClassLoader[./work/nar/extensions/nifi-ldap-iaa-providers-nar-1.24.0.nar-unpacked]
2025-10-16 11:17:16,286 INFO [main] org.apache.nifi.nar.NarClassLoaders Loaded NAR file: /opt/nifi/nifi-current/./work/nar/extensions/nifi-provenance-repository-nar-1.24.0.nar-unpacked as class loader org.apache.nifi.nar.NarClassLoader[./work/nar/extensions/nifi-provenance-repository-nar-1.24.0.nar-unpacked]
2025-10-16 11:17:16,291 INFO [main] org.apache.nifi.nar.NarClassLoaders Loaded NAR file: /opt/nifi/nifi-current/./work/nar/extensions/nifi-standard-services-api-nar-1.24.0.nar-unpacked as class loader org.apache.nifi.nar.NarClassLoader[./work/nar/extensions/nifi-standard-services-api-nar-1.24.0.nar-unpacked]
2025-10-16 11:17:16,292 INFO [main] org.apache.nifi.nar.NarClassLoaders Loaded NAR file: /opt/nifi/nifi-current/./work/nar/extensions/nifi-email-nar-1.24.0.nar-unpacked as class loader org.apache.nifi.nar.NarClassLoader[./work/nar/extensions/nifi-email-nar-1.24.0.nar-unpacked]
2025-10-16 11:17:16,299 INFO [main] org.apache.nifi.nar.NarClassLoaders Loaded NAR file: /opt/nifi/nifi-current/./work/nar/extensions/nifi-asana-services-api-nar-1.24.0.nar-unpacked as class loader org.apache.nifi.nar.NarClassLoader[./work/nar/extensions/nifi-asana-services-api-nar-1.24.0.nar-unpacked]
2025-10-16 11:17:16,301 INFO [main] org.apache.nifi.nar.NarClassLoaders Loaded NAR file: /opt/nifi/nifi-current/./work/nar/extensions/nifi-ambari-nar-1.24.0.nar-unpacked as class loader org.apache.nifi.nar.NarClassLoader[./work/nar/extensions/nifi-ambari-nar-1.24.0.nar-unpacked]
2025-10-16 11:17:16,302 INFO [main] org.apache.nifi.nar.NarClassLoaders Loaded NAR file: /opt/nifi/nifi-current/./work/nar/extensions/nifi-windows-event-log-nar-1.24.0.nar-unpacked as class loader org.apache.nifi.nar.NarClassLoader[./work/nar/extensions/nifi-windows-event-log-nar-1.24.0.nar-unpacked]
2025-10-16 11:17:16,323 INFO [main] org.apache.nifi.nar.NarClassLoaders Loaded NAR file: /opt/nifi/nifi-current/./work/nar/extensions/nifi-ssl-context-service-nar-1.24.0.nar-unpacked as class loader org.apache.nifi.nar.NarClassLoader[./work/nar/extensions/nifi-ssl-context-service-nar-1.24.0.nar-unpacked]
2025-10-16 11:17:16,327 INFO [main] org.apache.nifi.nar.NarClassLoaders Loaded NAR file: /opt/nifi/nifi-current/./work/nar/extensions/nifi-kerberos-iaa-providers-nar-1.24.0.nar-unpacked as class loader org.apache.nifi.nar.NarClassLoader[./work/nar/extensions/nifi-kerberos-iaa-providers-nar-1.24.0.nar-unpacked]
2025-10-16 11:17:16,328 INFO [main] org.apache.nifi.nar.NarClassLoaders Loaded NAR file: /opt/nifi/nifi-current/./work/nar/extensions/nifi-html-nar-1.24.0.nar-unpacked as class loader org.apache.nifi.nar.NarClassLoader[./work/nar/extensions/nifi-html-nar-1.24.0.nar-unpacked]
2025-10-16 11:17:16,328 INFO [main] org.apache.nifi.nar.NarClassLoaders Loaded NAR file: /opt/nifi/nifi-current/./work/nar/extensions/nifi-rethinkdb-nar-1.24.0.nar-unpacked as class loader org.apache.nifi.nar.NarClassLoader[./work/nar/extensions/nifi-rethinkdb-nar-1.24.0.nar-unpacked]
2025-10-16 11:17:16,329 INFO [main] org.apache.nifi.nar.NarClassLoaders Loaded NAR file: /opt/nifi/nifi-current/./work/nar/extensions/nifi-hl7-nar-1.24.0.nar-unpacked as class loader org.apache.nifi.nar.NarClassLoader[./work/nar/extensions/nifi-hl7-nar-1.24.0.nar-unpacked]
2025-10-16 11:17:16,330 INFO [main] org.apache.nifi.nar.NarClassLoaders Loaded NAR file: /opt/nifi/nifi-current/./work/nar/extensions/nifi-cybersecurity-nar-1.24.0.nar-unpacked as class loader org.apache.nifi.nar.NarClassLoader[./work/nar/extensions/nifi-cybersecurity-nar-1.24.0.nar-unpacked]
2025-10-16 11:17:16,331 INFO [main] org.apache.nifi.nar.NarClassLoaders Loaded NAR file: /opt/nifi/nifi-current/./work/nar/extensions/nifi-http-context-map-nar-1.24.0.nar-unpacked as class loader org.apache.nifi.nar.NarClassLoader[./work/nar/extensions/nifi-http-context-map-nar-1.24.0.nar-unpacked]
2025-10-16 11:17:16,331 INFO [main] org.apache.nifi.nar.NarClassLoaders Loaded NAR file: /opt/nifi/nifi-current/./work/nar/extensions/nifi-kafka-2-0-nar-1.24.0.nar-unpacked as class loader org.apache.nifi.nar.NarClassLoader[./work/nar/extensions/nifi-kafka-2-0-nar-1.24.0.nar-unpacked]
2025-10-16 11:17:16,332 INFO [main] org.apache.nifi.nar.NarClassLoaders Loaded NAR file: /opt/nifi/nifi-current/./work/nar/extensions/nifi-ccda-nar-1.24.0.nar-unpacked as class loader org.apache.nifi.nar.NarClassLoader[./work/nar/extensions/nifi-ccda-nar-1.24.0.nar-unpacked]
2025-10-16 11:17:16,335 INFO [main] org.apache.nifi.nar.NarClassLoaders Loaded NAR file: /opt/nifi/nifi-current/./work/nar/extensions/nifi-stateless-nar-1.24.0.nar-unpacked as class loader org.apache.nifi.nar.NarClassLoader[./work/nar/extensions/nifi-stateless-nar-1.24.0.nar-unpacked]
2025-10-16 11:17:16,341 INFO [main] org.apache.nifi.nar.NarClassLoaders Loaded NAR file: /opt/nifi/nifi-current/./work/nar/extensions/nifi-server-nar-1.24.0.nar-unpacked as class loader org.apache.nifi.nar.NarClassLoader[./work/nar/extensions/nifi-server-nar-1.24.0.nar-unpacked]
2025-10-16 11:17:16,353 INFO [main] org.apache.nifi.nar.NarClassLoaders Loaded NAR file: /opt/nifi/nifi-current/./work/nar/extensions/nifi-metrics-reporter-service-api-nar-1.24.0.nar-unpacked as class loader org.apache.nifi.nar.NarClassLoader[./work/nar/extensions/nifi-metrics-reporter-service-api-nar-1.24.0.nar-unpacked]
2025-10-16 11:17:16,353 INFO [main] org.apache.nifi.nar.NarClassLoaders Loaded NAR file: /opt/nifi/nifi-current/./work/nar/extensions/nifi-prometheus-nar-1.24.0.nar-unpacked as class loader org.apache.nifi.nar.NarClassLoader[./work/nar/extensions/nifi-prometheus-nar-1.24.0.nar-unpacked]
2025-10-16 11:17:16,354 INFO [main] org.apache.nifi.nar.NarClassLoaders Loaded NAR file: /opt/nifi/nifi-current/./work/nar/extensions/nifi-evtx-nar-1.24.0.nar-unpacked as class loader org.apache.nifi.nar.NarClassLoader[./work/nar/extensions/nifi-evtx-nar-1.24.0.nar-unpacked]
2025-10-16 11:17:16,355 INFO [main] org.apache.nifi.nar.NarClassLoaders Loaded NAR file: /opt/nifi/nifi-current/./work/nar/extensions/nifi-single-user-iaa-providers-nar-1.24.0.nar-unpacked as class loader org.apache.nifi.nar.NarClassLoader[./work/nar/extensions/nifi-single-user-iaa-providers-nar-1.24.0.nar-unpacked]
2025-10-16 11:17:16,355 INFO [main] org.apache.nifi.nar.NarClassLoaders Loaded NAR file: /opt/nifi/nifi-current/./work/nar/extensions/nifi-workday-processors-nar-1.24.0.nar-unpacked as class loader org.apache.nifi.nar.NarClassLoader[./work/nar/extensions/nifi-workday-processors-nar-1.24.0.nar-unpacked]
2025-10-16 11:17:16,356 INFO [main] org.apache.nifi.nar.NarClassLoaders Loaded NAR file: /opt/nifi/nifi-current/./work/nar/extensions/nifi-asana-processors-nar-1.24.0.nar-unpacked as class loader org.apache.nifi.nar.NarClassLoader[./work/nar/extensions/nifi-asana-processors-nar-1.24.0.nar-unpacked]
2025-10-16 11:17:16,356 INFO [main] org.apache.nifi.nar.NarClassLoaders Loaded NAR file: /opt/nifi/nifi-current/./work/nar/extensions/nifi-websocket-services-api-nar-1.24.0.nar-unpacked as class loader org.apache.nifi.nar.NarClassLoader[./work/nar/extensions/nifi-websocket-services-api-nar-1.24.0.nar-unpacked]
2025-10-16 11:17:16,357 INFO [main] org.apache.nifi.nar.NarClassLoaders Loaded NAR file: /opt/nifi/nifi-current/./work/nar/extensions/nifi-kerberos-credentials-service-nar-1.24.0.nar-unpacked as class loader org.apache.nifi.nar.NarClassLoader[./work/nar/extensions/nifi-kerberos-credentials-service-nar-1.24.0.nar-unpacked]
2025-10-16 11:17:16,357 INFO [main] org.apache.nifi.nar.NarClassLoaders Loaded NAR file: /opt/nifi/nifi-current/./work/nar/extensions/nifi-tcp-nar-1.24.0.nar-unpacked as class loader org.apache.nifi.nar.NarClassLoader[./work/nar/extensions/nifi-tcp-nar-1.24.0.nar-unpacked]
2025-10-16 11:17:16,357 INFO [main] org.apache.nifi.nar.NarClassLoaders Loaded NAR file: /opt/nifi/nifi-current/./work/nar/extensions/nifi-file-resource-service-nar-1.24.0.nar-unpacked as class loader org.apache.nifi.nar.NarClassLoader[./work/nar/extensions/nifi-file-resource-service-nar-1.24.0.nar-unpacked]
2025-10-16 11:17:16,358 INFO [main] org.apache.nifi.nar.NarClassLoaders Loaded NAR file: /opt/nifi/nifi-current/./work/nar/extensions/nifi-amqp-nar-1.24.0.nar-unpacked as class loader org.apache.nifi.nar.NarClassLoader[./work/nar/extensions/nifi-amqp-nar-1.24.0.nar-unpacked]
2025-10-16 11:17:16,359 INFO [main] org.apache.nifi.nar.NarClassLoaders Loaded NAR file: /opt/nifi/nifi-current/./work/nar/extensions/nifi-kafka-1-0-nar-1.24.0.nar-unpacked as class loader org.apache.nifi.nar.NarClassLoader[./work/nar/extensions/nifi-kafka-1-0-nar-1.24.0.nar-unpacked]
2025-10-16 11:17:16,360 INFO [main] org.apache.nifi.nar.NarClassLoaders Loaded NAR file: /opt/nifi/nifi-current/./work/nar/extensions/nifi-websocket-processors-nar-1.24.0.nar-unpacked as class loader org.apache.nifi.nar.NarClassLoader[./work/nar/extensions/nifi-websocket-processors-nar-1.24.0.nar-unpacked]
2025-10-16 11:17:16,360 INFO [main] org.apache.nifi.nar.NarClassLoaders Loaded NAR file: /opt/nifi/nifi-current/./work/nar/extensions/nifi-distributed-cache-services-nar-1.24.0.nar-unpacked as class loader org.apache.nifi.nar.NarClassLoader[./work/nar/extensions/nifi-distributed-cache-services-nar-1.24.0.nar-unpacked]
2025-10-16 11:17:16,364 INFO [main] org.apache.nifi.nar.NarClassLoaders Loaded NAR file: /opt/nifi/nifi-current/./work/nar/extensions/nifi-hazelcast-services-api-nar-1.24.0.nar-unpacked as class loader org.apache.nifi.nar.NarClassLoader[./work/nar/extensions/nifi-hazelcast-services-api-nar-1.24.0.nar-unpacked]
2025-10-16 11:17:16,364 INFO [main] org.apache.nifi.nar.NarClassLoaders Loaded NAR file: /opt/nifi/nifi-current/./work/nar/extensions/nifi-stateful-analysis-nar-1.24.0.nar-unpacked as class loader org.apache.nifi.nar.NarClassLoader[./work/nar/extensions/nifi-stateful-analysis-nar-1.24.0.nar-unpacked]
2025-10-16 11:17:16,365 INFO [main] org.apache.nifi.nar.NarClassLoaders Loaded NAR file: /opt/nifi/nifi-current/./work/nar/extensions/nifi-proxy-configuration-nar-1.24.0.nar-unpacked as class loader org.apache.nifi.nar.NarClassLoader[./work/nar/extensions/nifi-proxy-configuration-nar-1.24.0.nar-unpacked]
2025-10-16 11:17:16,365 INFO [main] org.apache.nifi.nar.NarClassLoaders Loaded NAR file: /opt/nifi/nifi-current/./work/nar/extensions/nifi-kerberos-user-service-nar-1.24.0.nar-unpacked as class loader org.apache.nifi.nar.NarClassLoader[./work/nar/extensions/nifi-kerberos-user-service-nar-1.24.0.nar-unpacked]
2025-10-16 11:17:16,366 INFO [main] org.apache.nifi.nar.NarClassLoaders Loaded NAR file: /opt/nifi/nifi-current/./work/nar/extensions/nifi-websocket-services-jetty-nar-1.24.0.nar-unpacked as class loader org.apache.nifi.nar.NarClassLoader[./work/nar/extensions/nifi-websocket-services-jetty-nar-1.24.0.nar-unpacked]
2025-10-16 11:17:16,366 INFO [main] org.apache.nifi.nar.NarClassLoaders Loaded NAR file: /opt/nifi/nifi-current/./work/nar/extensions/nifi-asana-services-nar-1.24.0.nar-unpacked as class loader org.apache.nifi.nar.NarClassLoader[./work/nar/extensions/nifi-asana-services-nar-1.24.0.nar-unpacked]
2025-10-16 11:17:16,367 INFO [main] org.apache.nifi.nar.NarClassLoaders Loaded NAR file: /opt/nifi/nifi-current/./work/nar/extensions/nifi-hwx-schema-registry-nar-1.24.0.nar-unpacked as class loader org.apache.nifi.nar.NarClassLoader[./work/nar/extensions/nifi-hwx-schema-registry-nar-1.24.0.nar-unpacked]
2025-10-16 11:17:16,370 INFO [main] org.apache.nifi.nar.NarClassLoaders Loaded NAR file: /opt/nifi/nifi-current/./work/nar/extensions/nifi-couchbase-services-api-nar-1.24.0.nar-unpacked as class loader org.apache.nifi.nar.NarClassLoader[./work/nar/extensions/nifi-couchbase-services-api-nar-1.24.0.nar-unpacked]
2025-10-16 11:17:16,372 INFO [main] org.apache.nifi.nar.NarClassLoaders Loaded NAR file: /opt/nifi/nifi-current/./work/nar/extensions/nifi-hadoop-dbcp-service-nar-1.24.0.nar-unpacked as class loader org.apache.nifi.nar.NarClassLoader[./work/nar/extensions/nifi-hadoop-dbcp-service-nar-1.24.0.nar-unpacked]
2025-10-16 11:17:16,372 INFO [main] org.apache.nifi.nar.NarClassLoaders Loaded NAR file: /opt/nifi/nifi-current/./work/nar/extensions/nifi-dbcp-service-nar-1.24.0.nar-unpacked as class loader org.apache.nifi.nar.NarClassLoader[./work/nar/extensions/nifi-dbcp-service-nar-1.24.0.nar-unpacked]
2025-10-16 11:17:16,374 INFO [main] org.apache.nifi.nar.NarClassLoaders Loaded NAR file: /opt/nifi/nifi-current/./work/nar/extensions/nifi-standard-shared-nar-1.24.0.nar-unpacked as class loader org.apache.nifi.nar.NarClassLoader[./work/nar/extensions/nifi-standard-shared-nar-1.24.0.nar-unpacked]
2025-10-16 11:17:16,380 INFO [main] org.apache.nifi.nar.NarClassLoaders Loaded NAR file: /opt/nifi/nifi-current/./work/nar/extensions/nifi-hbase_2-client-service-nar-1.24.0.nar-unpacked as class loader org.apache.nifi.nar.NarClassLoader[./work/nar/extensions/nifi-hbase_2-client-service-nar-1.24.0.nar-unpacked]
2025-10-16 11:17:16,403 INFO [main] org.apache.nifi.nar.NarClassLoaders Loaded NAR file: /opt/nifi/nifi-current/./work/nar/extensions/nifi-hubspot-nar-1.24.0.nar-unpacked as class loader org.apache.nifi.nar.NarClassLoader[./work/nar/extensions/nifi-hubspot-nar-1.24.0.nar-unpacked]
2025-10-16 11:17:16,404 INFO [main] org.apache.nifi.nar.NarClassLoaders Loaded NAR file: /opt/nifi/nifi-current/./work/nar/extensions/nifi-cassandra-services-api-nar-1.24.0.nar-unpacked as class loader org.apache.nifi.nar.NarClassLoader[./work/nar/extensions/nifi-cassandra-services-api-nar-1.24.0.nar-unpacked]
2025-10-16 11:17:16,405 INFO [main] org.apache.nifi.nar.NarClassLoaders Loaded NAR file: /opt/nifi/nifi-current/./work/nar/extensions/nifi-mongodb-client-service-api-nar-1.24.0.nar-unpacked as class loader org.apache.nifi.nar.NarClassLoader[./work/nar/extensions/nifi-mongodb-client-service-api-nar-1.24.0.nar-unpacked]
2025-10-16 11:17:16,407 INFO [main] org.apache.nifi.nar.NarClassLoaders Loaded NAR file: /opt/nifi/nifi-current/./work/nar/extensions/nifi-grpc-nar-1.24.0.nar-unpacked as class loader org.apache.nifi.nar.NarClassLoader[./work/nar/extensions/nifi-grpc-nar-1.24.0.nar-unpacked]
2025-10-16 11:17:16,409 INFO [main] org.apache.nifi.nar.NarClassLoaders Loaded NAR file: /opt/nifi/nifi-current/./work/nar/extensions/nifi-web-client-provider-service-nar-1.24.0.nar-unpacked as class loader org.apache.nifi.nar.NarClassLoader[./work/nar/extensions/nifi-web-client-provider-service-nar-1.24.0.nar-unpacked]
2025-10-16 11:17:16,410 INFO [main] org.apache.nifi.nar.NarClassLoaders Loaded NAR file: /opt/nifi/nifi-current/./work/nar/extensions/nifi-metrics-reporting-nar-1.24.0.nar-unpacked as class loader org.apache.nifi.nar.NarClassLoader[./work/nar/extensions/nifi-metrics-reporting-nar-1.24.0.nar-unpacked]
2025-10-16 11:17:16,411 INFO [main] org.apache.nifi.nar.NarClassLoaders Loaded NAR file: /opt/nifi/nifi-current/./work/nar/extensions/nifi-zendesk-nar-1.24.0.nar-unpacked as class loader org.apache.nifi.nar.NarClassLoader[./work/nar/extensions/nifi-zendesk-nar-1.24.0.nar-unpacked]
2025-10-16 11:17:16,411 INFO [main] org.apache.nifi.nar.NarClassLoaders Loaded NAR file: /opt/nifi/nifi-current/./work/nar/extensions/nifi-shopify-nar-1.24.0.nar-unpacked as class loader org.apache.nifi.nar.NarClassLoader[./work/nar/extensions/nifi-shopify-nar-1.24.0.nar-unpacked]
2025-10-16 11:17:16,411 INFO [main] org.apache.nifi.nar.NarClassLoaders Loaded NAR file: /opt/nifi/nifi-current/./work/nar/extensions/nifi-cassandra-services-nar-1.24.0.nar-unpacked as class loader org.apache.nifi.nar.NarClassLoader[./work/nar/extensions/nifi-cassandra-services-nar-1.24.0.nar-unpacked]
2025-10-16 11:17:16,414 INFO [main] org.apache.nifi.nar.NarClassLoaders Loaded NAR file: /opt/nifi/nifi-current/./work/nar/extensions/nifi-redis-service-api-nar-1.24.0.nar-unpacked as class loader org.apache.nifi.nar.NarClassLoader[./work/nar/extensions/nifi-redis-service-api-nar-1.24.0.nar-unpacked]
2025-10-16 11:17:16,415 INFO [main] org.apache.nifi.nar.NarClassLoaders Loaded NAR file: /opt/nifi/nifi-current/./work/nar/extensions/nifi-jolt-record-nar-1.24.0.nar-unpacked as class loader org.apache.nifi.nar.NarClassLoader[./work/nar/extensions/nifi-jolt-record-nar-1.24.0.nar-unpacked]
2025-10-16 11:17:16,415 INFO [main] org.apache.nifi.nar.NarClassLoaders Loaded NAR file: /opt/nifi/nifi-current/./work/nar/extensions/nifi-site-to-site-reporting-nar-1.24.0.nar-unpacked as class loader org.apache.nifi.nar.NarClassLoader[./work/nar/extensions/nifi-site-to-site-reporting-nar-1.24.0.nar-unpacked]
2025-10-16 11:17:16,417 INFO [main] org.apache.nifi.nar.NarClassLoaders Loaded NAR file: /opt/nifi/nifi-current/./work/nar/extensions/nifi-hazelcast-services-nar-1.24.0.nar-unpacked as class loader org.apache.nifi.nar.NarClassLoader[./work/nar/extensions/nifi-hazelcast-services-nar-1.24.0.nar-unpacked]
2025-10-16 11:17:16,419 INFO [main] org.apache.nifi.nar.NarClassLoaders Loaded NAR file: /opt/nifi/nifi-current/./work/nar/extensions/nifi-datadog-nar-1.24.0.nar-unpacked as class loader org.apache.nifi.nar.NarClassLoader[./work/nar/extensions/nifi-datadog-nar-1.24.0.nar-unpacked]
2025-10-16 11:17:16,420 INFO [main] org.apache.nifi.nar.NarClassLoaders Loaded NAR file: /opt/nifi/nifi-current/./work/nar/extensions/nifi-couchbase-nar-1.24.0.nar-unpacked as class loader org.apache.nifi.nar.NarClassLoader[./work/nar/extensions/nifi-couchbase-nar-1.24.0.nar-unpacked]
2025-10-16 11:17:16,421 INFO [main] org.apache.nifi.nar.NarClassLoaders Loaded NAR file: /opt/nifi/nifi-current/./work/nar/extensions/nifi-kafka-2-6-nar-1.24.0.nar-unpacked as class loader org.apache.nifi.nar.NarClassLoader[./work/nar/extensions/nifi-kafka-2-6-nar-1.24.0.nar-unpacked]
2025-10-16 11:17:16,423 INFO [main] org.apache.nifi.nar.NarClassLoaders Loaded NAR file: /opt/nifi/nifi-current/./work/nar/extensions/nifi-network-processors-nar-1.24.0.nar-unpacked as class loader org.apache.nifi.nar.NarClassLoader[./work/nar/extensions/nifi-network-processors-nar-1.24.0.nar-unpacked]
2025-10-16 11:17:16,424 INFO [main] org.apache.nifi.nar.NarClassLoaders Loaded NAR file: /opt/nifi/nifi-current/./work/nar/extensions/nifi-record-sink-service-nar-1.24.0.nar-unpacked as class loader org.apache.nifi.nar.NarClassLoader[./work/nar/extensions/nifi-record-sink-service-nar-1.24.0.nar-unpacked]
2025-10-16 11:17:16,424 INFO [main] org.apache.nifi.nar.NarClassLoaders Loaded NAR file: /opt/nifi/nifi-current/./work/nar/extensions/nifi-key-service-nar-1.24.0.nar-unpacked as class loader org.apache.nifi.nar.NarClassLoader[./work/nar/extensions/nifi-key-service-nar-1.24.0.nar-unpacked]
2025-10-16 11:17:16,425 INFO [main] org.apache.nifi.nar.NarClassLoaders Loaded NAR file: /opt/nifi/nifi-current/./work/nar/extensions/nifi-stateless-processor-nar-1.24.0.nar-unpacked as class loader org.apache.nifi.nar.NarClassLoader[./work/nar/extensions/nifi-stateless-processor-nar-1.24.0.nar-unpacked]
2025-10-16 11:17:16,426 INFO [main] org.apache.nifi.nar.NarClassLoaders Loaded NAR file: /opt/nifi/nifi-current/./work/nar/extensions/nifi-hbase-nar-1.24.0.nar-unpacked as class loader org.apache.nifi.nar.NarClassLoader[./work/nar/extensions/nifi-hbase-nar-1.24.0.nar-unpacked]
2025-10-16 11:17:16,427 INFO [main] org.apache.nifi.nar.NarClassLoaders Loaded NAR file: /opt/nifi/nifi-current/./work/nar/extensions/nifi-jslt-nar-1.24.0.nar-unpacked as class loader org.apache.nifi.nar.NarClassLoader[./work/nar/extensions/nifi-jslt-nar-1.24.0.nar-unpacked]
2025-10-16 11:17:16,427 INFO [main] org.apache.nifi.nar.NarClassLoaders Loaded NAR file: /opt/nifi/nifi-current/./work/nar/extensions/nifi-smb-client-api-nar-1.24.0.nar-unpacked as class loader org.apache.nifi.nar.NarClassLoader[./work/nar/extensions/nifi-smb-client-api-nar-1.24.0.nar-unpacked]
2025-10-16 11:17:16,428 INFO [main] org.apache.nifi.nar.NarClassLoaders Loaded NAR file: /opt/nifi/nifi-current/./work/nar/extensions/nifi-registry-nar-1.24.0.nar-unpacked as class loader org.apache.nifi.nar.NarClassLoader[./work/nar/extensions/nifi-registry-nar-1.24.0.nar-unpacked]
2025-10-16 11:17:16,428 INFO [main] org.apache.nifi.nar.NarClassLoaders Loaded NAR file: /opt/nifi/nifi-current/./work/nar/extensions/nifi-redis-nar-1.24.0.nar-unpacked as class loader org.apache.nifi.nar.NarClassLoader[./work/nar/extensions/nifi-redis-nar-1.24.0.nar-unpacked]
2025-10-16 11:17:16,429 INFO [main] org.apache.nifi.nar.NarClassLoaders Loaded NAR file: /opt/nifi/nifi-current/./work/nar/extensions/nifi-pgp-service-api-nar-1.24.0.nar-unpacked as class loader org.apache.nifi.nar.NarClassLoader[./work/nar/extensions/nifi-pgp-service-api-nar-1.24.0.nar-unpacked]
2025-10-16 11:17:16,430 INFO [main] org.apache.nifi.nar.NarClassLoaders Loaded NAR file: /opt/nifi/nifi-current/./work/nar/extensions/nifi-aws-service-api-nar-1.24.0.nar-unpacked as class loader org.apache.nifi.nar.NarClassLoader[./work/nar/extensions/nifi-aws-service-api-nar-1.24.0.nar-unpacked]
2025-10-16 11:17:16,433 INFO [main] org.apache.nifi.nar.NarClassLoaders Loaded NAR file: /opt/nifi/nifi-current/./work/nar/extensions/nifi-dropbox-services-api-nar-1.24.0.nar-unpacked as class loader org.apache.nifi.nar.NarClassLoader[./work/nar/extensions/nifi-dropbox-services-api-nar-1.24.0.nar-unpacked]
2025-10-16 11:17:16,434 INFO [main] org.apache.nifi.nar.NarClassLoaders Loaded NAR file: /opt/nifi/nifi-current/./work/nar/extensions/nifi-flow-registry-client-nar-1.24.0.nar-unpacked as class loader org.apache.nifi.nar.NarClassLoader[./work/nar/extensions/nifi-flow-registry-client-nar-1.24.0.nar-unpacked]
2025-10-16 11:17:16,435 INFO [main] org.apache.nifi.nar.NarClassLoaders Loaded NAR file: /opt/nifi/nifi-current/./work/nar/extensions/nifi-gcp-services-api-nar-1.24.0.nar-unpacked as class loader org.apache.nifi.nar.NarClassLoader[./work/nar/extensions/nifi-gcp-services-api-nar-1.24.0.nar-unpacked]
2025-10-16 11:17:16,437 INFO [main] org.apache.nifi.nar.NarClassLoaders Loaded NAR file: /opt/nifi/nifi-current/./work/nar/extensions/nifi-elasticsearch-client-service-api-nar-1.24.0.nar-unpacked as class loader org.apache.nifi.nar.NarClassLoader[./work/nar/extensions/nifi-elasticsearch-client-service-api-nar-1.24.0.nar-unpacked]
2025-10-16 11:17:16,438 INFO [main] org.apache.nifi.nar.NarClassLoaders Loaded NAR file: /opt/nifi/nifi-current/./work/nar/extensions/nifi-airtable-nar-1.24.0.nar-unpacked as class loader org.apache.nifi.nar.NarClassLoader[./work/nar/extensions/nifi-airtable-nar-1.24.0.nar-unpacked]
2025-10-16 11:17:16,438 INFO [main] org.apache.nifi.nar.NarClassLoaders Loaded NAR file: /opt/nifi/nifi-current/./work/nar/extensions/nifi-language-translation-nar-1.24.0.nar-unpacked as class loader org.apache.nifi.nar.NarClassLoader[./work/nar/extensions/nifi-language-translation-nar-1.24.0.nar-unpacked]
2025-10-16 11:17:16,443 INFO [main] org.apache.nifi.nar.NarClassLoaders Loaded NAR file: /opt/nifi/nifi-current/./work/nar/extensions/nifi-cipher-nar-1.24.0.nar-unpacked as class loader org.apache.nifi.nar.NarClassLoader[./work/nar/extensions/nifi-cipher-nar-1.24.0.nar-unpacked]
2025-10-16 11:17:16,444 INFO [main] org.apache.nifi.nar.NarClassLoaders Loaded NAR file: /opt/nifi/nifi-current/./work/nar/extensions/nifi-snmp-nar-1.24.0.nar-unpacked as class loader org.apache.nifi.nar.NarClassLoader[./work/nar/extensions/nifi-snmp-nar-1.24.0.nar-unpacked]
2025-10-16 11:17:16,444 INFO [main] org.apache.nifi.nar.NarClassLoaders Loaded NAR file: /opt/nifi/nifi-current/./work/nar/extensions/nifi-oauth2-provider-nar-1.24.0.nar-unpacked as class loader org.apache.nifi.nar.NarClassLoader[./work/nar/extensions/nifi-oauth2-provider-nar-1.24.0.nar-unpacked]
2025-10-16 11:17:16,445 INFO [main] org.apache.nifi.nar.NarClassLoaders Loaded NAR file: /opt/nifi/nifi-current/./work/nar/extensions/nifi-elasticsearch-nar-1.24.0.nar-unpacked as class loader org.apache.nifi.nar.NarClassLoader[./work/nar/extensions/nifi-elasticsearch-nar-1.24.0.nar-unpacked]
2025-10-16 11:17:16,445 INFO [main] org.apache.nifi.nar.NarClassLoaders Loaded NAR file: /opt/nifi/nifi-current/./work/nar/extensions/nifi-elasticsearch-restapi-nar-1.24.0.nar-unpacked as class loader org.apache.nifi.nar.NarClassLoader[./work/nar/extensions/nifi-elasticsearch-restapi-nar-1.24.0.nar-unpacked]
2025-10-16 11:17:16,447 INFO [main] org.apache.nifi.nar.NarClassLoaders Loaded NAR file: /opt/nifi/nifi-current/./work/nar/extensions/nifi-box-services-api-nar-1.24.0.nar-unpacked as class loader org.apache.nifi.nar.NarClassLoader[./work/nar/extensions/nifi-box-services-api-nar-1.24.0.nar-unpacked]
2025-10-16 11:17:16,447 INFO [main] org.apache.nifi.nar.NarClassLoaders Loaded NAR file: /opt/nifi/nifi-current/./work/nar/extensions/nifi-salesforce-nar-1.24.0.nar-unpacked as class loader org.apache.nifi.nar.NarClassLoader[./work/nar/extensions/nifi-salesforce-nar-1.24.0.nar-unpacked]
2025-10-16 11:17:16,449 INFO [main] org.apache.nifi.nar.NarClassLoaders Loaded NAR file: /opt/nifi/nifi-current/./work/nar/extensions/nifi-geohash-nar-1.24.0.nar-unpacked as class loader org.apache.nifi.nar.NarClassLoader[./work/nar/extensions/nifi-geohash-nar-1.24.0.nar-unpacked]
2025-10-16 11:17:16,449 INFO [main] org.apache.nifi.nar.NarClassLoaders Loaded NAR file: /opt/nifi/nifi-current/./work/nar/extensions/nifi-cdc-mysql-nar-1.24.0.nar-unpacked as class loader org.apache.nifi.nar.NarClassLoader[./work/nar/extensions/nifi-cdc-mysql-nar-1.24.0.nar-unpacked]
2025-10-16 11:17:16,450 INFO [main] org.apache.nifi.nar.NarClassLoaders Loaded NAR file: /opt/nifi/nifi-current/./work/nar/extensions/nifi-slack-nar-1.24.0.nar-unpacked as class loader org.apache.nifi.nar.NarClassLoader[./work/nar/extensions/nifi-slack-nar-1.24.0.nar-unpacked]
2025-10-16 11:17:16,450 INFO [main] org.apache.nifi.nar.NarClassLoaders Loaded NAR file: /opt/nifi/nifi-current/./work/nar/extensions/nifi-hashicorp-vault-client-service-api-nar-1.24.0.nar-unpacked as class loader org.apache.nifi.nar.NarClassLoader[./work/nar/extensions/nifi-hashicorp-vault-client-service-api-nar-1.24.0.nar-unpacked]
2025-10-16 11:17:16,451 INFO [main] org.apache.nifi.nar.NarClassLoaders Loaded NAR file: /opt/nifi/nifi-current/./work/nar/extensions/nifi-pgp-nar-1.24.0.nar-unpacked as class loader org.apache.nifi.nar.NarClassLoader[./work/nar/extensions/nifi-pgp-nar-1.24.0.nar-unpacked]
2025-10-16 11:17:16,451 INFO [main] org.apache.nifi.nar.NarClassLoaders Loaded NAR file: /opt/nifi/nifi-current/./work/nar/extensions/nifi-scripting-nar-1.24.0.nar-unpacked as class loader org.apache.nifi.nar.NarClassLoader[./work/nar/extensions/nifi-scripting-nar-1.24.0.nar-unpacked]
2025-10-16 11:17:16,457 INFO [main] org.apache.nifi.nar.NarClassLoaders Loaded NAR file: /opt/nifi/nifi-current/./work/nar/extensions/nifi-elasticsearch-client-service-nar-1.24.0.nar-unpacked as class loader org.apache.nifi.nar.NarClassLoader[./work/nar/extensions/nifi-elasticsearch-client-service-nar-1.24.0.nar-unpacked]
2025-10-16 11:17:16,460 INFO [main] org.apache.nifi.nar.NarClassLoaders Loaded NAR file: /opt/nifi/nifi-current/./work/nar/extensions/nifi-mongodb-services-nar-1.24.0.nar-unpacked as class loader org.apache.nifi.nar.NarClassLoader[./work/nar/extensions/nifi-mongodb-services-nar-1.24.0.nar-unpacked]
2025-10-16 11:17:16,461 INFO [main] org.apache.nifi.nar.NarClassLoaders Loaded NAR file: /opt/nifi/nifi-current/./work/nar/extensions/nifi-record-serialization-services-nar-1.24.0.nar-unpacked as class loader org.apache.nifi.nar.NarClassLoader[./work/nar/extensions/nifi-record-serialization-services-nar-1.24.0.nar-unpacked]
2025-10-16 11:17:16,464 INFO [main] org.apache.nifi.nar.NarClassLoaders Loaded NAR file: /opt/nifi/nifi-current/./work/nar/extensions/nifi-social-media-nar-1.24.0.nar-unpacked as class loader org.apache.nifi.nar.NarClassLoader[./work/nar/extensions/nifi-social-media-nar-1.24.0.nar-unpacked]
2025-10-16 11:17:16,466 INFO [main] org.apache.nifi.nar.NarClassLoaders Loaded NAR file: /opt/nifi/nifi-current/./work/nar/extensions/nifi-jms-cf-service-nar-1.24.0.nar-unpacked as class loader org.apache.nifi.nar.NarClassLoader[./work/nar/extensions/nifi-jms-cf-service-nar-1.24.0.nar-unpacked]
2025-10-16 11:17:16,467 INFO [main] org.apache.nifi.nar.NarClassLoaders Loaded NAR file: /opt/nifi/nifi-current/./work/nar/extensions/nifi-hadoop-libraries-nar-1.24.0.nar-unpacked as class loader org.apache.nifi.nar.NarClassLoader[./work/nar/extensions/nifi-hadoop-libraries-nar-1.24.0.nar-unpacked]
2025-10-16 11:17:16,476 INFO [main] org.apache.nifi.nar.NarClassLoaders Loaded NAR file: /opt/nifi/nifi-current/./work/nar/extensions/nifi-poi-nar-1.24.0.nar-unpacked as class loader org.apache.nifi.nar.NarClassLoader[./work/nar/extensions/nifi-poi-nar-1.24.0.nar-unpacked]
2025-10-16 11:17:16,478 INFO [main] org.apache.nifi.nar.NarClassLoaders Loaded NAR file: /opt/nifi/nifi-current/./work/nar/extensions/nifi-dropbox-processors-nar-1.24.0.nar-unpacked as class loader org.apache.nifi.nar.NarClassLoader[./work/nar/extensions/nifi-dropbox-processors-nar-1.24.0.nar-unpacked]
2025-10-16 11:17:16,479 INFO [main] org.apache.nifi.nar.NarClassLoaders Loaded NAR file: /opt/nifi/nifi-current/./work/nar/extensions/nifi-hadoop-nar-1.24.0.nar-unpacked as class loader org.apache.nifi.nar.NarClassLoader[./work/nar/extensions/nifi-hadoop-nar-1.24.0.nar-unpacked]
2025-10-16 11:17:16,481 INFO [main] org.apache.nifi.nar.NarClassLoaders Loaded NAR file: /opt/nifi/nifi-current/./work/nar/extensions/nifi-dropbox-services-nar-1.24.0.nar-unpacked as class loader org.apache.nifi.nar.NarClassLoader[./work/nar/extensions/nifi-dropbox-services-nar-1.24.0.nar-unpacked]
2025-10-16 11:17:16,482 INFO [main] org.apache.nifi.nar.NarClassLoaders Loaded NAR file: /opt/nifi/nifi-current/./work/nar/extensions/nifi-parquet-nar-1.24.0.nar-unpacked as class loader org.apache.nifi.nar.NarClassLoader[./work/nar/extensions/nifi-parquet-nar-1.24.0.nar-unpacked]
2025-10-16 11:17:16,485 INFO [main] org.apache.nifi.nar.NarClassLoaders Loaded NAR file: /opt/nifi/nifi-current/./work/nar/extensions/nifi-solr-nar-1.24.0.nar-unpacked as class loader org.apache.nifi.nar.NarClassLoader[./work/nar/extensions/nifi-solr-nar-1.24.0.nar-unpacked]
2025-10-16 11:17:16,490 INFO [main] org.apache.nifi.nar.NarClassLoaders Loaded NAR file: /opt/nifi/nifi-current/./work/nar/extensions/nifi-confluent-platform-nar-1.24.0.nar-unpacked as class loader org.apache.nifi.nar.NarClassLoader[./work/nar/extensions/nifi-confluent-platform-nar-1.24.0.nar-unpacked]
2025-10-16 11:17:16,493 INFO [main] org.apache.nifi.nar.NarClassLoaders Loaded NAR file: /opt/nifi/nifi-current/./work/nar/extensions/nifi-groovyx-nar-1.24.0.nar-unpacked as class loader org.apache.nifi.nar.NarClassLoader[./work/nar/extensions/nifi-groovyx-nar-1.24.0.nar-unpacked]
2025-10-16 11:17:16,495 INFO [main] org.apache.nifi.nar.NarClassLoaders Loaded NAR file: /opt/nifi/nifi-current/./work/nar/extensions/nifi-kudu-nar-1.24.0.nar-unpacked as class loader org.apache.nifi.nar.NarClassLoader[./work/nar/extensions/nifi-kudu-nar-1.24.0.nar-unpacked]
2025-10-16 11:17:16,497 INFO [main] org.apache.nifi.nar.NarClassLoaders Loaded NAR file: /opt/nifi/nifi-current/./work/nar/extensions/nifi-enrich-nar-1.24.0.nar-unpacked as class loader org.apache.nifi.nar.NarClassLoader[./work/nar/extensions/nifi-enrich-nar-1.24.0.nar-unpacked]
2025-10-16 11:17:16,498 INFO [main] org.apache.nifi.nar.NarClassLoaders Loaded NAR file: /opt/nifi/nifi-current/./work/nar/extensions/nifi-cassandra-nar-1.24.0.nar-unpacked as class loader org.apache.nifi.nar.NarClassLoader[./work/nar/extensions/nifi-cassandra-nar-1.24.0.nar-unpacked]
2025-10-16 11:17:16,501 INFO [main] org.apache.nifi.nar.NarClassLoaders Loaded NAR file: /opt/nifi/nifi-current/./work/nar/extensions/nifi-gcp-nar-1.24.0.nar-unpacked as class loader org.apache.nifi.nar.NarClassLoader[./work/nar/extensions/nifi-gcp-nar-1.24.0.nar-unpacked]
2025-10-16 11:17:16,530 INFO [main] org.apache.nifi.nar.NarClassLoaders Loaded NAR file: /opt/nifi/nifi-current/./work/nar/extensions/nifi-box-nar-1.24.0.nar-unpacked as class loader org.apache.nifi.nar.NarClassLoader[./work/nar/extensions/nifi-box-nar-1.24.0.nar-unpacked]
2025-10-16 11:17:16,531 INFO [main] org.apache.nifi.nar.NarClassLoaders Loaded NAR file: /opt/nifi/nifi-current/./work/nar/extensions/nifi-avro-nar-1.24.0.nar-unpacked as class loader org.apache.nifi.nar.NarClassLoader[./work/nar/extensions/nifi-avro-nar-1.24.0.nar-unpacked]
2025-10-16 11:17:16,532 INFO [main] org.apache.nifi.nar.NarClassLoaders Loaded NAR file: /opt/nifi/nifi-current/./work/nar/extensions/nifi-standard-nar-1.24.0.nar-unpacked as class loader org.apache.nifi.nar.NarClassLoader[./work/nar/extensions/nifi-standard-nar-1.24.0.nar-unpacked]
2025-10-16 11:17:16,547 INFO [main] org.apache.nifi.nar.NarClassLoaders Loaded NAR file: /opt/nifi/nifi-current/./work/nar/extensions/nifi-mongodb-nar-1.24.0.nar-unpacked as class loader org.apache.nifi.nar.NarClassLoader[./work/nar/extensions/nifi-mongodb-nar-1.24.0.nar-unpacked]
2025-10-16 11:17:16,548 INFO [main] org.apache.nifi.nar.NarClassLoaders Loaded NAR file: /opt/nifi/nifi-current/./work/nar/extensions/nifi-hashicorp-vault-nar-1.24.0.nar-unpacked as class loader org.apache.nifi.nar.NarClassLoader[./work/nar/extensions/nifi-hashicorp-vault-nar-1.24.0.nar-unpacked]
2025-10-16 11:17:16,550 INFO [main] org.apache.nifi.nar.NarClassLoaders Loaded NAR file: /opt/nifi/nifi-current/./work/nar/extensions/nifi-smb-smbj-client-nar-1.24.0.nar-unpacked as class loader org.apache.nifi.nar.NarClassLoader[./work/nar/extensions/nifi-smb-smbj-client-nar-1.24.0.nar-unpacked]
2025-10-16 11:17:16,550 INFO [main] org.apache.nifi.nar.NarClassLoaders Loaded NAR file: /opt/nifi/nifi-current/./work/nar/extensions/nifi-mqtt-nar-1.24.0.nar-unpacked as class loader org.apache.nifi.nar.NarClassLoader[./work/nar/extensions/nifi-mqtt-nar-1.24.0.nar-unpacked]
2025-10-16 11:17:16,551 INFO [main] org.apache.nifi.nar.NarClassLoaders Loaded NAR file: /opt/nifi/nifi-current/./work/nar/extensions/nifi-azure-services-api-nar-1.24.0.nar-unpacked as class loader org.apache.nifi.nar.NarClassLoader[./work/nar/extensions/nifi-azure-services-api-nar-1.24.0.nar-unpacked]
2025-10-16 11:17:16,559 INFO [main] org.apache.nifi.nar.NarClassLoaders Loaded NAR file: /opt/nifi/nifi-current/./work/nar/extensions/nifi-lookup-services-nar-1.24.0.nar-unpacked as class loader org.apache.nifi.nar.NarClassLoader[./work/nar/extensions/nifi-lookup-services-nar-1.24.0.nar-unpacked]
2025-10-16 11:17:16,562 INFO [main] org.apache.nifi.nar.NarClassLoaders Loaded NAR file: /opt/nifi/nifi-current/./work/nar/extensions/nifi-opentelemetry-nar-1.24.0.nar-unpacked as class loader org.apache.nifi.nar.NarClassLoader[./work/nar/extensions/nifi-opentelemetry-nar-1.24.0.nar-unpacked]
2025-10-16 11:17:16,564 INFO [main] org.apache.nifi.nar.NarClassLoaders Loaded NAR file: /opt/nifi/nifi-current/./work/nar/extensions/nifi-smb-nar-1.24.0.nar-unpacked as class loader org.apache.nifi.nar.NarClassLoader[./work/nar/extensions/nifi-smb-nar-1.24.0.nar-unpacked]
2025-10-16 11:17:16,565 INFO [main] org.apache.nifi.nar.NarClassLoaders Loaded NAR file: /opt/nifi/nifi-current/./work/nar/extensions/nifi-splunk-nar-1.24.0.nar-unpacked as class loader org.apache.nifi.nar.NarClassLoader[./work/nar/extensions/nifi-splunk-nar-1.24.0.nar-unpacked]
2025-10-16 11:17:16,566 INFO [main] org.apache.nifi.nar.NarClassLoaders Loaded NAR file: /opt/nifi/nifi-current/./work/nar/extensions/nifi-aws-nar-1.24.0.nar-unpacked as class loader org.apache.nifi.nar.NarClassLoader[./work/nar/extensions/nifi-aws-nar-1.24.0.nar-unpacked]
2025-10-16 11:17:16,575 INFO [main] org.apache.nifi.nar.NarClassLoaders Loaded NAR file: /opt/nifi/nifi-current/./work/nar/extensions/nifi-jms-processors-nar-1.24.0.nar-unpacked as class loader org.apache.nifi.nar.NarClassLoader[./work/nar/extensions/nifi-jms-processors-nar-1.24.0.nar-unpacked]
2025-10-16 11:17:16,576 INFO [main] org.apache.nifi.nar.NarClassLoaders Loaded NAR file: /opt/nifi/nifi-current/./work/nar/extensions/nifi-pgp-service-nar-1.24.0.nar-unpacked as class loader org.apache.nifi.nar.NarClassLoader[./work/nar/extensions/nifi-pgp-service-nar-1.24.0.nar-unpacked]
2025-10-16 11:17:16,576 INFO [main] org.apache.nifi.nar.NarClassLoaders Loaded NAR file: /opt/nifi/nifi-current/./work/nar/extensions/nifi-box-services-nar-1.24.0.nar-unpacked as class loader org.apache.nifi.nar.NarClassLoader[./work/nar/extensions/nifi-box-services-nar-1.24.0.nar-unpacked]
2025-10-16 11:17:16,577 INFO [main] org.apache.nifi.nar.NarClassLoaders Loaded NAR file: /opt/nifi/nifi-current/./work/nar/extensions/nifi-azure-nar-1.24.0.nar-unpacked as class loader org.apache.nifi.nar.NarClassLoader[./work/nar/extensions/nifi-azure-nar-1.24.0.nar-unpacked]
2025-10-16 11:17:16,601 INFO [main] org.apache.nifi.nar.NarClassLoaders Found NiFiServer implementation org.apache.nifi.web.server.JettyServer in org.apache.nifi:nifi-server-nar:1.24.0
2025-10-16 11:17:16,610 INFO [main] org.eclipse.jetty.util.log Logging initialized @2027ms to org.eclipse.jetty.util.log.Slf4jLog
2025-10-16 11:17:16,672 INFO [main] org.apache.nifi.web.server.JettyServer Loading WAR [/opt/nifi/nifi-current/./work/nar/extensions/nifi-update-attribute-nar-1.24.0.nar-unpacked/NAR-INF/bundled-dependencies/nifi-update-attribute-ui-1.24.0.war] Context Path [/nifi-update-attribute-ui-1.24.0]
2025-10-16 11:17:16,673 INFO [main] org.apache.nifi.web.server.JettyServer Loading UI extension [ProcessorConfiguration, /nifi-update-attribute-ui-1.24.0] for org.apache.nifi.processors.attributes.UpdateAttribute:org.apache.nifi:nifi-update-attribute-nar:1.24.0
2025-10-16 11:17:16,673 INFO [main] org.apache.nifi.web.server.JettyServer Loading WAR [/opt/nifi/nifi-current/./work/nar/extensions/nifi-image-viewer-nar-1.24.0.nar-unpacked/NAR-INF/bundled-dependencies/nifi-image-viewer-1.24.0.war] Context Path [/nifi-image-viewer-1.24.0]
2025-10-16 11:17:16,674 INFO [main] org.apache.nifi.web.server.JettyServer Loading WAR [/opt/nifi/nifi-current/./work/nar/extensions/nifi-standard-nar-1.24.0.nar-unpacked/NAR-INF/bundled-dependencies/nifi-standard-content-viewer-1.24.0.war] Context Path [/nifi-standard-content-viewer-1.24.0]
2025-10-16 11:17:16,675 INFO [main] org.apache.nifi.web.server.JettyServer Loading WAR [/opt/nifi/nifi-current/./work/nar/extensions/nifi-standard-nar-1.24.0.nar-unpacked/NAR-INF/bundled-dependencies/nifi-jolt-transform-json-ui-1.24.0.war] Context Path [/nifi-jolt-transform-json-ui-1.24.0]
2025-10-16 11:17:16,675 INFO [main] org.apache.nifi.web.server.JettyServer Loading UI extension [ProcessorConfiguration, /nifi-jolt-transform-json-ui-1.24.0] for org.apache.nifi.processors.standard.JoltTransformJSON:org.apache.nifi:nifi-standard-nar:1.24.0
2025-10-16 11:17:16,677 INFO [main] org.apache.nifi.web.server.JettyServer Loading WAR [/opt/nifi/nifi-current/./work/nar/extensions/nifi-server-nar-1.24.0.nar-unpacked/NAR-INF/bundled-dependencies/nifi-web-ui-1.24.0.war] Context Path [/nifi]
2025-10-16 11:17:16,677 INFO [main] org.apache.nifi.web.server.JettyServer Loading WAR [/opt/nifi/nifi-current/./work/nar/extensions/nifi-server-nar-1.24.0.nar-unpacked/NAR-INF/bundled-dependencies/nifi-web-api-1.24.0.war] Context Path [/nifi-api]
2025-10-16 11:17:16,677 INFO [main] org.apache.nifi.web.server.JettyServer Loading WAR [/opt/nifi/nifi-current/./work/nar/extensions/nifi-server-nar-1.24.0.nar-unpacked/NAR-INF/bundled-dependencies/nifi-web-content-viewer-1.24.0.war] Context Path [/nifi-content-viewer]
2025-10-16 11:17:16,678 INFO [main] org.apache.nifi.web.server.JettyServer Loading WAR [/opt/nifi/nifi-current/./work/nar/extensions/nifi-server-nar-1.24.0.nar-unpacked/NAR-INF/bundled-dependencies/nifi-web-docs-1.24.0.war] Context Path [/nifi-docs]
2025-10-16 11:17:16,679 INFO [main] org.apache.nifi.web.server.JettyServer Loading Docs [/opt/nifi/nifi-current/docs] Context Path [/nifi-docs]
2025-10-16 11:17:16,679 INFO [main] org.apache.nifi.web.server.JettyServer Loading WAR [/opt/nifi/nifi-current/./work/nar/extensions/nifi-server-nar-1.24.0.nar-unpacked/NAR-INF/bundled-dependencies/nifi-web-error-1.24.0.war] Context Path [/]
2025-10-16 11:17:16,692 INFO [main] o.a.n.n.StandardExtensionDiscoveringManager Loaded extensions for org.apache.nifi:nifi-jetty-bundle:1.24.0 in 1 millis
2025-10-16 11:17:16,695 INFO [main] o.a.n.n.StandardExtensionDiscoveringManager Loaded extensions for org.apache.nifi:nifi-framework-nar:1.24.0 in 3 millis
2025-10-16 11:17:16,697 INFO [main] o.a.n.n.StandardExtensionDiscoveringManager Loaded extensions for org.apache.nifi:nifi-update-attribute-nar:1.24.0 in 1 millis
2025-10-16 11:17:16,698 INFO [main] o.a.n.n.StandardExtensionDiscoveringManager Loaded extensions for org.apache.nifi:nifi-spring-nar:1.24.0 in 1 millis
2025-10-16 11:17:16,699 INFO [main] o.a.n.n.StandardExtensionDiscoveringManager Loaded extensions for org.apache.nifi:nifi-compress-nar:1.24.0 in 1 millis
2025-10-16 11:17:16,699 INFO [main] o.a.n.n.StandardExtensionDiscoveringManager Loaded extensions for org.apache.nifi:nifi-image-viewer-nar:1.24.0 in 0 millis
2025-10-16 11:17:16,701 INFO [main] o.a.n.n.StandardExtensionDiscoveringManager Loaded extensions for org.apache.nifi:nifi-ldap-iaa-providers-nar:1.24.0 in 2 millis
2025-10-16 11:17:16,702 INFO [main] o.a.n.n.StandardExtensionDiscoveringManager Loaded extensions for org.apache.nifi:nifi-provenance-repository-nar:1.24.0 in 1 millis
2025-10-16 11:17:16,703 INFO [main] o.a.n.n.StandardExtensionDiscoveringManager Loaded extensions for org.apache.nifi:nifi-standard-services-api-nar:1.24.0 in 1 millis
2025-10-16 11:17:16,704 INFO [main] o.a.n.n.StandardExtensionDiscoveringManager Loaded extensions for org.apache.nifi:nifi-email-nar:1.24.0 in 1 millis
2025-10-16 11:17:16,706 INFO [main] o.a.n.n.StandardExtensionDiscoveringManager Loaded extensions for org.apache.nifi:nifi-asana-services-api-nar:1.24.0 in 1 millis
2025-10-16 11:17:16,707 INFO [main] o.a.n.n.StandardExtensionDiscoveringManager Loaded extensions for org.apache.nifi:nifi-ambari-nar:1.24.0 in 1 millis
2025-10-16 11:17:16,708 INFO [main] o.a.n.n.StandardExtensionDiscoveringManager Loaded extensions for org.apache.nifi:nifi-windows-event-log-nar:1.24.0 in 1 millis
2025-10-16 11:17:16,709 INFO [main] o.a.n.n.StandardExtensionDiscoveringManager Loaded extensions for org.apache.nifi:nifi-ssl-context-service-nar:1.24.0 in 1 millis
2025-10-16 11:17:16,710 INFO [main] o.a.n.n.StandardExtensionDiscoveringManager Loaded extensions for org.apache.nifi:nifi-kerberos-iaa-providers-nar:1.24.0 in 1 millis
2025-10-16 11:17:16,712 INFO [main] o.a.n.n.StandardExtensionDiscoveringManager Loaded extensions for org.apache.nifi:nifi-html-nar:1.24.0 in 2 millis
2025-10-16 11:17:16,713 INFO [main] o.a.n.n.StandardExtensionDiscoveringManager Loaded extensions for org.apache.nifi:nifi-rethinkdb-nar:1.24.0 in 1 millis
2025-10-16 11:17:16,714 INFO [main] o.a.n.n.StandardExtensionDiscoveringManager Loaded extensions for org.apache.nifi:nifi-hl7-nar:1.24.0 in 1 millis
2025-10-16 11:17:16,715 INFO [main] o.a.n.n.StandardExtensionDiscoveringManager Loaded extensions for org.apache.nifi:nifi-cybersecurity-nar:1.24.0 in 1 millis
2025-10-16 11:17:16,716 INFO [main] o.a.n.n.StandardExtensionDiscoveringManager Loaded extensions for org.apache.nifi:nifi-http-context-map-nar:1.24.0 in 1 millis
2025-10-16 11:17:16,718 INFO [main] o.a.n.n.StandardExtensionDiscoveringManager Loaded extensions for org.apache.nifi:nifi-kafka-2-0-nar:1.24.0 in 2 millis
2025-10-16 11:17:16,719 INFO [main] o.a.n.n.StandardExtensionDiscoveringManager Loaded extensions for org.apache.nifi:nifi-ccda-nar:1.24.0 in 1 millis
2025-10-16 11:17:16,720 INFO [main] o.a.n.n.StandardExtensionDiscoveringManager Loaded extensions for org.apache.nifi:nifi-stateless-nar:1.24.0 in 1 millis
2025-10-16 11:17:16,758 INFO [main] o.a.n.n.StandardExtensionDiscoveringManager Loaded extensions for org.apache.nifi:nifi-server-nar:1.24.0 in 38 millis
2025-10-16 11:17:16,760 INFO [main] o.a.n.n.StandardExtensionDiscoveringManager Loaded extensions for org.apache.nifi:nifi-metrics-reporter-service-api-nar:1.24.0 in 1 millis
2025-10-16 11:17:16,762 INFO [main] o.a.n.n.StandardExtensionDiscoveringManager Loaded extensions for org.apache.nifi:nifi-prometheus-nar:1.24.0 in 2 millis
2025-10-16 11:17:16,764 INFO [main] o.a.n.n.StandardExtensionDiscoveringManager Loaded extensions for org.apache.nifi:nifi-evtx-nar:1.24.0 in 2 millis
2025-10-16 11:17:16,765 INFO [main] o.a.n.n.StandardExtensionDiscoveringManager Loaded extensions for org.apache.nifi:nifi-single-user-iaa-providers-nar:1.24.0 in 1 millis
2025-10-16 11:17:16,766 INFO [main] o.a.n.n.StandardExtensionDiscoveringManager Loaded extensions for org.apache.nifi:nifi-workday-processors-nar:1.24.0 in 1 millis
2025-10-16 11:17:16,768 INFO [main] o.a.n.n.StandardExtensionDiscoveringManager Loaded extensions for org.apache.nifi:nifi-asana-processors-nar:1.24.0 in 2 millis
2025-10-16 11:17:16,769 INFO [main] o.a.n.n.StandardExtensionDiscoveringManager Loaded extensions for org.apache.nifi:nifi-websocket-services-api-nar:1.24.0 in 1 millis
2025-10-16 11:17:16,770 INFO [main] o.a.n.n.StandardExtensionDiscoveringManager Loaded extensions for org.apache.nifi:nifi-kerberos-credentials-service-nar:1.24.0 in 1 millis
2025-10-16 11:17:16,771 INFO [main] o.a.n.n.StandardExtensionDiscoveringManager Loaded extensions for org.apache.nifi:nifi-tcp-nar:1.24.0 in 0 millis
2025-10-16 11:17:16,773 INFO [main] o.a.n.n.StandardExtensionDiscoveringManager Loaded extensions for org.apache.nifi:nifi-file-resource-service-nar:1.24.0 in 1 millis
2025-10-16 11:17:16,776 INFO [main] o.a.n.n.StandardExtensionDiscoveringManager Loaded extensions for org.apache.nifi:nifi-amqp-nar:1.24.0 in 3 millis
2025-10-16 11:17:16,777 INFO [main] o.a.n.n.StandardExtensionDiscoveringManager Loaded extensions for org.apache.nifi:nifi-kafka-1-0-nar:1.24.0 in 1 millis
2025-10-16 11:17:16,779 INFO [main] o.a.n.n.StandardExtensionDiscoveringManager Loaded extensions for org.apache.nifi:nifi-websocket-processors-nar:1.24.0 in 2 millis
2025-10-16 11:17:16,780 INFO [main] o.a.n.n.StandardExtensionDiscoveringManager Loaded extensions for org.apache.nifi:nifi-distributed-cache-services-nar:1.24.0 in 1 millis
2025-10-16 11:17:16,782 INFO [main] o.a.n.n.StandardExtensionDiscoveringManager Loaded extensions for org.apache.nifi:nifi-hazelcast-services-api-nar:1.24.0 in 2 millis
2025-10-16 11:17:16,784 INFO [main] o.a.n.n.StandardExtensionDiscoveringManager Loaded extensions for org.apache.nifi:nifi-stateful-analysis-nar:1.24.0 in 2 millis
2025-10-16 11:17:16,786 INFO [main] o.a.n.n.StandardExtensionDiscoveringManager Loaded extensions for org.apache.nifi:nifi-proxy-configuration-nar:1.24.0 in 2 millis
2025-10-16 11:17:16,787 INFO [main] o.a.n.n.StandardExtensionDiscoveringManager Loaded extensions for org.apache.nifi:nifi-kerberos-user-service-nar:1.24.0 in 1 millis
2025-10-16 11:17:16,789 INFO [main] o.a.n.n.StandardExtensionDiscoveringManager Loaded extensions for org.apache.nifi:nifi-websocket-services-jetty-nar:1.24.0 in 2 millis
2025-10-16 11:17:16,791 INFO [main] o.a.n.n.StandardExtensionDiscoveringManager Loaded extensions for org.apache.nifi:nifi-asana-services-nar:1.24.0 in 2 millis
2025-10-16 11:17:16,793 INFO [main] o.a.n.n.StandardExtensionDiscoveringManager Loaded extensions for org.apache.nifi:nifi-hwx-schema-registry-nar:1.24.0 in 2 millis
2025-10-16 11:17:16,795 INFO [main] o.a.n.n.StandardExtensionDiscoveringManager Loaded extensions for org.apache.nifi:nifi-couchbase-services-api-nar:1.24.0 in 2 millis
2025-10-16 11:17:16,796 INFO [main] o.a.n.n.StandardExtensionDiscoveringManager Loaded extensions for org.apache.nifi:nifi-hadoop-dbcp-service-nar:1.24.0 in 1 millis
2025-10-16 11:17:16,798 INFO [main] o.a.n.n.StandardExtensionDiscoveringManager Loaded extensions for org.apache.nifi:nifi-dbcp-service-nar:1.24.0 in 2 millis
2025-10-16 11:17:16,799 INFO [main] o.a.n.n.StandardExtensionDiscoveringManager Loaded extensions for org.apache.nifi:nifi-standard-shared-nar:1.24.0 in 1 millis
2025-10-16 11:17:16,802 INFO [main] o.a.n.n.StandardExtensionDiscoveringManager Loaded extensions for org.apache.nifi:nifi-hbase_2-client-service-nar:1.24.0 in 3 millis
2025-10-16 11:17:16,803 INFO [main] o.a.n.n.StandardExtensionDiscoveringManager Loaded extensions for org.apache.nifi:nifi-hubspot-nar:1.24.0 in 1 millis
2025-10-16 11:17:16,805 INFO [main] o.a.n.n.StandardExtensionDiscoveringManager Loaded extensions for org.apache.nifi:nifi-cassandra-services-api-nar:1.24.0 in 2 millis
2025-10-16 11:17:16,807 INFO [main] o.a.n.n.StandardExtensionDiscoveringManager Loaded extensions for org.apache.nifi:nifi-mongodb-client-service-api-nar:1.24.0 in 2 millis
2025-10-16 11:17:16,810 INFO [main] o.a.n.n.StandardExtensionDiscoveringManager Loaded extensions for org.apache.nifi:nifi-grpc-nar:1.24.0 in 3 millis
2025-10-16 11:17:16,812 INFO [main] o.a.n.n.StandardExtensionDiscoveringManager Loaded extensions for org.apache.nifi:nifi-web-client-provider-service-nar:1.24.0 in 2 millis
2025-10-16 11:17:16,814 INFO [main] o.a.n.n.StandardExtensionDiscoveringManager Loaded extensions for org.apache.nifi:nifi-metrics-reporting-nar:1.24.0 in 2 millis
2025-10-16 11:17:16,816 INFO [main] o.a.n.n.StandardExtensionDiscoveringManager Loaded extensions for org.apache.nifi:nifi-zendesk-nar:1.24.0 in 2 millis
2025-10-16 11:17:16,818 INFO [main] o.a.n.n.StandardExtensionDiscoveringManager Loaded extensions for org.apache.nifi:nifi-shopify-nar:1.24.0 in 2 millis
2025-10-16 11:17:16,821 INFO [main] o.a.n.n.StandardExtensionDiscoveringManager Loaded extensions for org.apache.nifi:nifi-cassandra-services-nar:1.24.0 in 3 millis
2025-10-16 11:17:16,824 INFO [main] o.a.n.n.StandardExtensionDiscoveringManager Loaded extensions for org.apache.nifi:nifi-redis-service-api-nar:1.24.0 in 2 millis
2025-10-16 11:17:16,826 INFO [main] o.a.n.n.StandardExtensionDiscoveringManager Loaded extensions for org.apache.nifi:nifi-jolt-record-nar:1.24.0 in 2 millis
2025-10-16 11:17:16,828 INFO [main] o.a.n.n.StandardExtensionDiscoveringManager Loaded extensions for org.apache.nifi:nifi-site-to-site-reporting-nar:1.24.0 in 2 millis
2025-10-16 11:17:16,830 INFO [main] o.a.n.n.StandardExtensionDiscoveringManager Loaded extensions for org.apache.nifi:nifi-hazelcast-services-nar:1.24.0 in 2 millis
2025-10-16 11:17:16,832 INFO [main] o.a.n.n.StandardExtensionDiscoveringManager Loaded extensions for org.apache.nifi:nifi-datadog-nar:1.24.0 in 2 millis
2025-10-16 11:17:16,834 INFO [main] o.a.n.n.StandardExtensionDiscoveringManager Loaded extensions for org.apache.nifi:nifi-couchbase-nar:1.24.0 in 2 millis
2025-10-16 11:17:16,837 INFO [main] o.a.n.n.StandardExtensionDiscoveringManager Loaded extensions for org.apache.nifi:nifi-kafka-2-6-nar:1.24.0 in 3 millis
2025-10-16 11:17:16,839 INFO [main] o.a.n.n.StandardExtensionDiscoveringManager Loaded extensions for org.apache.nifi:nifi-network-processors-nar:1.24.0 in 2 millis
2025-10-16 11:17:16,841 INFO [main] o.a.n.n.StandardExtensionDiscoveringManager Loaded extensions for org.apache.nifi:nifi-record-sink-service-nar:1.24.0 in 2 millis
2025-10-16 11:17:16,843 INFO [main] o.a.n.n.StandardExtensionDiscoveringManager Loaded extensions for org.apache.nifi:nifi-key-service-nar:1.24.0 in 2 millis
2025-10-16 11:17:16,844 INFO [main] o.a.n.n.StandardExtensionDiscoveringManager Loaded extensions for org.apache.nifi:nifi-stateless-processor-nar:1.24.0 in 1 millis
2025-10-16 11:17:16,846 INFO [main] o.a.n.n.StandardExtensionDiscoveringManager Loaded extensions for org.apache.nifi:nifi-hbase-nar:1.24.0 in 1 millis
2025-10-16 11:17:16,848 INFO [main] o.a.n.n.StandardExtensionDiscoveringManager Loaded extensions for org.apache.nifi:nifi-jslt-nar:1.24.0 in 2 millis
2025-10-16 11:17:16,849 INFO [main] o.a.n.n.StandardExtensionDiscoveringManager Loaded extensions for org.apache.nifi:nifi-smb-client-api-nar:1.24.0 in 1 millis
2025-10-16 11:17:16,851 INFO [main] o.a.n.n.StandardExtensionDiscoveringManager Loaded extensions for org.apache.nifi:nifi-registry-nar:1.24.0 in 2 millis
2025-10-16 11:17:16,853 INFO [main] o.a.n.n.StandardExtensionDiscoveringManager Loaded extensions for org.apache.nifi:nifi-redis-nar:1.24.0 in 2 millis
2025-10-16 11:17:16,854 INFO [main] o.a.n.n.StandardExtensionDiscoveringManager Loaded extensions for org.apache.nifi:nifi-pgp-service-api-nar:1.24.0 in 1 millis
2025-10-16 11:17:16,856 INFO [main] o.a.n.n.StandardExtensionDiscoveringManager Loaded extensions for org.apache.nifi:nifi-aws-service-api-nar:1.24.0 in 2 millis
2025-10-16 11:17:16,857 INFO [main] o.a.n.n.StandardExtensionDiscoveringManager Loaded extensions for org.apache.nifi:nifi-dropbox-services-api-nar:1.24.0 in 1 millis
2025-10-16 11:17:16,859 INFO [main] o.a.n.n.StandardExtensionDiscoveringManager Loaded extensions for org.apache.nifi:nifi-flow-registry-client-nar:1.24.0 in 2 millis
2025-10-16 11:17:16,861 INFO [main] o.a.n.n.StandardExtensionDiscoveringManager Loaded extensions for org.apache.nifi:nifi-gcp-services-api-nar:1.24.0 in 2 millis
2025-10-16 11:17:16,862 INFO [main] o.a.n.n.StandardExtensionDiscoveringManager Loaded extensions for org.apache.nifi:nifi-elasticsearch-client-service-api-nar:1.24.0 in 1 millis
2025-10-16 11:17:16,864 INFO [main] o.a.n.n.StandardExtensionDiscoveringManager Loaded extensions for org.apache.nifi:nifi-airtable-nar:1.24.0 in 2 millis
2025-10-16 11:17:16,866 INFO [main] o.a.n.n.StandardExtensionDiscoveringManager Loaded extensions for org.apache.nifi:nifi-language-translation-nar:1.24.0 in 2 millis
2025-10-16 11:17:16,868 INFO [main] o.a.n.n.StandardExtensionDiscoveringManager Loaded extensions for org.apache.nifi:nifi-cipher-nar:1.24.0 in 2 millis
2025-10-16 11:17:16,871 INFO [main] o.a.n.n.StandardExtensionDiscoveringManager Loaded extensions for org.apache.nifi:nifi-snmp-nar:1.24.0 in 3 millis
2025-10-16 11:17:16,874 INFO [main] o.a.n.n.StandardExtensionDiscoveringManager Loaded extensions for org.apache.nifi:nifi-oauth2-provider-nar:1.24.0 in 2 millis
2025-10-16 11:17:16,875 INFO [main] o.a.n.n.StandardExtensionDiscoveringManager Loaded extensions for org.apache.nifi:nifi-elasticsearch-nar:1.24.0 in 1 millis
2025-10-16 11:17:16,877 INFO [main] o.a.n.n.StandardExtensionDiscoveringManager Loaded extensions for org.apache.nifi:nifi-elasticsearch-restapi-nar:1.24.0 in 2 millis
2025-10-16 11:17:16,879 INFO [main] o.a.n.n.StandardExtensionDiscoveringManager Loaded extensions for org.apache.nifi:nifi-box-services-api-nar:1.24.0 in 2 millis
2025-10-16 11:17:16,880 INFO [main] o.a.n.n.StandardExtensionDiscoveringManager Loaded extensions for org.apache.nifi:nifi-salesforce-nar:1.24.0 in 1 millis
2025-10-16 11:17:16,882 INFO [main] o.a.n.n.StandardExtensionDiscoveringManager Loaded extensions for org.apache.nifi:nifi-geohash-nar:1.24.0 in 2 millis
2025-10-16 11:17:16,883 INFO [main] o.a.n.n.StandardExtensionDiscoveringManager Loaded extensions for org.apache.nifi:nifi-cdc-mysql-nar:1.24.0 in 1 millis
2025-10-16 11:17:16,885 INFO [main] o.a.n.n.StandardExtensionDiscoveringManager Loaded extensions for org.apache.nifi:nifi-slack-nar:1.24.0 in 2 millis
2025-10-16 11:17:16,886 INFO [main] o.a.n.n.StandardExtensionDiscoveringManager Loaded extensions for org.apache.nifi:nifi-hashicorp-vault-client-service-api-nar:1.24.0 in 1 millis
2025-10-16 11:17:16,888 INFO [main] o.a.n.n.StandardExtensionDiscoveringManager Loaded extensions for org.apache.nifi:nifi-pgp-nar:1.24.0 in 1 millis
2025-10-16 11:17:16,890 INFO [main] o.a.n.n.StandardExtensionDiscoveringManager Loaded extensions for org.apache.nifi:nifi-scripting-nar:1.24.0 in 2 millis
2025-10-16 11:17:16,892 INFO [main] o.a.n.n.StandardExtensionDiscoveringManager Loaded extensions for org.apache.nifi:nifi-elasticsearch-client-service-nar:1.24.0 in 2 millis
2025-10-16 11:17:16,894 INFO [main] o.a.n.n.StandardExtensionDiscoveringManager Loaded extensions for org.apache.nifi:nifi-mongodb-services-nar:1.24.0 in 2 millis
2025-10-16 11:17:16,896 INFO [main] o.a.n.n.StandardExtensionDiscoveringManager Loaded extensions for org.apache.nifi:nifi-record-serialization-services-nar:1.24.0 in 2 millis
2025-10-16 11:17:16,897 INFO [main] o.a.n.n.StandardExtensionDiscoveringManager Loaded extensions for org.apache.nifi:nifi-social-media-nar:1.24.0 in 1 millis
2025-10-16 11:17:16,899 INFO [main] o.a.n.n.StandardExtensionDiscoveringManager Loaded extensions for org.apache.nifi:nifi-jms-cf-service-nar:1.24.0 in 2 millis
2025-10-16 11:17:16,900 INFO [main] o.a.n.n.StandardExtensionDiscoveringManager Loaded extensions for org.apache.nifi:nifi-hadoop-libraries-nar:1.24.0 in 1 millis
2025-10-16 11:17:16,902 INFO [main] o.a.n.n.StandardExtensionDiscoveringManager Loaded extensions for org.apache.nifi:nifi-poi-nar:1.24.0 in 2 millis
2025-10-16 11:17:16,904 INFO [main] o.a.n.n.StandardExtensionDiscoveringManager Loaded extensions for org.apache.nifi:nifi-dropbox-processors-nar:1.24.0 in 2 millis
2025-10-16 11:17:16,907 INFO [main] o.a.n.n.StandardExtensionDiscoveringManager Loaded extensions for org.apache.nifi:nifi-hadoop-nar:1.24.0 in 3 millis
2025-10-16 11:17:16,909 INFO [main] o.a.n.n.StandardExtensionDiscoveringManager Loaded extensions for org.apache.nifi:nifi-dropbox-services-nar:1.24.0 in 2 millis
2025-10-16 11:17:16,911 INFO [main] o.a.n.n.StandardExtensionDiscoveringManager Loaded extensions for org.apache.nifi:nifi-parquet-nar:1.24.0 in 2 millis
2025-10-16 11:17:16,913 INFO [main] o.a.n.n.StandardExtensionDiscoveringManager Loaded extensions for org.apache.nifi:nifi-solr-nar:1.24.0 in 2 millis
2025-10-16 11:17:16,914 INFO [main] o.a.n.n.StandardExtensionDiscoveringManager Loaded extensions for org.apache.nifi:nifi-confluent-platform-nar:1.24.0 in 1 millis
2025-10-16 11:17:16,916 INFO [main] o.a.n.n.StandardExtensionDiscoveringManager Loaded extensions for org.apache.nifi:nifi-groovyx-nar:1.24.0 in 2 millis
2025-10-16 11:17:16,918 INFO [main] o.a.n.n.StandardExtensionDiscoveringManager Loaded extensions for org.apache.nifi:nifi-kudu-nar:1.24.0 in 2 millis
2025-10-16 11:17:16,920 INFO [main] o.a.n.n.StandardExtensionDiscoveringManager Loaded extensions for org.apache.nifi:nifi-enrich-nar:1.24.0 in 1 millis
2025-10-16 11:17:16,922 INFO [main] o.a.n.n.StandardExtensionDiscoveringManager Loaded extensions for org.apache.nifi:nifi-cassandra-nar:1.24.0 in 2 millis
2025-10-16 11:17:16,925 INFO [main] o.a.n.n.StandardExtensionDiscoveringManager Loaded extensions for org.apache.nifi:nifi-gcp-nar:1.24.0 in 2 millis
2025-10-16 11:17:16,927 INFO [main] o.a.n.n.StandardExtensionDiscoveringManager Loaded extensions for org.apache.nifi:nifi-box-nar:1.24.0 in 2 millis
2025-10-16 11:17:16,928 INFO [main] o.a.n.n.StandardExtensionDiscoveringManager Loaded extensions for org.apache.nifi:nifi-avro-nar:1.24.0 in 1 millis
2025-10-16 11:17:16,930 INFO [main] o.a.n.n.StandardExtensionDiscoveringManager Loaded extensions for org.apache.nifi:nifi-standard-nar:1.24.0 in 2 millis
2025-10-16 11:17:16,932 INFO [main] o.a.n.n.StandardExtensionDiscoveringManager Loaded extensions for org.apache.nifi:nifi-mongodb-nar:1.24.0 in 2 millis
2025-10-16 11:17:16,934 INFO [main] o.a.n.n.StandardExtensionDiscoveringManager Loaded extensions for org.apache.nifi:nifi-hashicorp-vault-nar:1.24.0 in 2 millis
2025-10-16 11:17:16,935 INFO [main] o.a.n.n.StandardExtensionDiscoveringManager Loaded extensions for org.apache.nifi:nifi-smb-smbj-client-nar:1.24.0 in 1 millis
2025-10-16 11:17:16,937 INFO [main] o.a.n.n.StandardExtensionDiscoveringManager Loaded extensions for org.apache.nifi:nifi-mqtt-nar:1.24.0 in 2 millis
2025-10-16 11:17:16,938 INFO [main] o.a.n.n.StandardExtensionDiscoveringManager Loaded extensions for org.apache.nifi:nifi-azure-services-api-nar:1.24.0 in 1 millis
2025-10-16 11:17:16,940 INFO [main] o.a.n.n.StandardExtensionDiscoveringManager Loaded extensions for org.apache.nifi:nifi-lookup-services-nar:1.24.0 in 2 millis
2025-10-16 11:17:16,941 INFO [main] o.a.n.n.StandardExtensionDiscoveringManager Loaded extensions for org.apache.nifi:nifi-opentelemetry-nar:1.24.0 in 1 millis
2025-10-16 11:17:16,943 INFO [main] o.a.n.n.StandardExtensionDiscoveringManager Loaded extensions for org.apache.nifi:nifi-smb-nar:1.24.0 in 2 millis
2025-10-16 11:17:16,944 INFO [main] o.a.n.n.StandardExtensionDiscoveringManager Loaded extensions for org.apache.nifi:nifi-splunk-nar:1.24.0 in 1 millis
2025-10-16 11:17:16,946 INFO [main] o.a.n.n.StandardExtensionDiscoveringManager Loaded extensions for org.apache.nifi:nifi-aws-nar:1.24.0 in 2 millis
2025-10-16 11:17:16,948 INFO [main] o.a.n.n.StandardExtensionDiscoveringManager Loaded extensions for org.apache.nifi:nifi-jms-processors-nar:1.24.0 in 2 millis
2025-10-16 11:17:16,949 INFO [main] o.a.n.n.StandardExtensionDiscoveringManager Loaded extensions for org.apache.nifi:nifi-pgp-service-nar:1.24.0 in 1 millis
2025-10-16 11:17:16,950 INFO [main] o.a.n.n.StandardExtensionDiscoveringManager Loaded extensions for org.apache.nifi:nifi-box-services-nar:1.24.0 in 1 millis
2025-10-16 11:17:16,953 INFO [main] o.a.n.n.StandardExtensionDiscoveringManager Loaded extensions for org.apache.nifi:nifi-azure-nar:1.24.0 in 3 millis
2025-10-16 11:17:16,953 INFO [main] o.a.n.n.StandardExtensionDiscoveringManager Extension Type Mapping to Bundle:
	=== Processor Type ===
	org.apache.nifi.processors.azure.storage.queue.PutAzureQueueStorage
		org.apache.nifi:nifi-azure-nar:1.24.0 || ./work/nar/extensions/nifi-azure-nar-1.24.0.nar-unpacked
	org.apache.nifi.processors.standard.PutSyslog
		org.apache.nifi:nifi-standard-nar:1.24.0 || ./work/nar/extensions/nifi-standard-nar-1.24.0.nar-unpacked
	org.apache.nifi.hbase.DeleteHBaseRow
		org.apache.nifi:nifi-hbase-nar:1.24.0 || ./work/nar/extensions/nifi-hbase-nar-1.24.0.nar-unpacked
	org.apache.nifi.processors.geohash.GeohashRecord
		org.apache.nifi:nifi-geohash-nar:1.24.0 || ./work/nar/extensions/nifi-geohash-nar-1.24.0.nar-unpacked
	org.apache.nifi.processors.standard.SplitXml
		org.apache.nifi:nifi-standard-nar:1.24.0 || ./work/nar/extensions/nifi-standard-nar-1.24.0.nar-unpacked
	org.apache.nifi.jms.processors.ConsumeJMS
		org.apache.nifi:nifi-jms-processors-nar:1.24.0 || ./work/nar/extensions/nifi-jms-processors-nar-1.24.0.nar-unpacked
	org.apache.nifi.processors.elasticsearch.GetElasticsearch
		org.apache.nifi:nifi-elasticsearch-restapi-nar:1.24.0 || ./work/nar/extensions/nifi-elasticsearch-restapi-nar-1.24.0.nar-unpacked
	org.apache.nifi.processors.couchbase.GetCouchbaseKey
		org.apache.nifi:nifi-couchbase-nar:1.24.0 || ./work/nar/extensions/nifi-couchbase-nar-1.24.0.nar-unpacked
	org.apache.nifi.processors.gcp.bigquery.PutBigQueryBatch
		org.apache.nifi:nifi-gcp-nar:1.24.0 || ./work/nar/extensions/nifi-gcp-nar-1.24.0.nar-unpacked
	org.apache.nifi.processors.standard.QueryRecord
		org.apache.nifi:nifi-standard-nar:1.24.0 || ./work/nar/extensions/nifi-standard-nar-1.24.0.nar-unpacked
	org.apache.nifi.processors.script.ScriptedFilterRecord
		org.apache.nifi:nifi-scripting-nar:1.24.0 || ./work/nar/extensions/nifi-scripting-nar-1.24.0.nar-unpacked
	org.apache.nifi.processors.standard.HashContent
		org.apache.nifi:nifi-standard-nar:1.24.0 || ./work/nar/extensions/nifi-standard-nar-1.24.0.nar-unpacked
	org.apache.nifi.processors.elasticsearch.PutElasticsearchJson
		org.apache.nifi:nifi-elasticsearch-restapi-nar:1.24.0 || ./work/nar/extensions/nifi-elasticsearch-restapi-nar-1.24.0.nar-unpacked
	org.apache.nifi.processors.gcp.bigquery.PutBigQuery
		org.apache.nifi:nifi-gcp-nar:1.24.0 || ./work/nar/extensions/nifi-gcp-nar-1.24.0.nar-unpacked
	org.apache.nifi.processors.pgp.EncryptContentPGP
		org.apache.nifi:nifi-pgp-nar:1.24.0 || ./work/nar/extensions/nifi-pgp-nar-1.24.0.nar-unpacked
	org.apache.nifi.processors.elasticsearch.DeleteByQueryElasticsearch
		org.apache.nifi:nifi-elasticsearch-restapi-nar:1.24.0 || ./work/nar/extensions/nifi-elasticsearch-restapi-nar-1.24.0.nar-unpacked
	org.apache.nifi.processors.poi.ConvertExcelToCSVProcessor
		org.apache.nifi:nifi-poi-nar:1.24.0 || ./work/nar/extensions/nifi-poi-nar-1.24.0.nar-unpacked
	org.apache.nifi.processors.standard.ListenUDPRecord
		org.apache.nifi:nifi-standard-nar:1.24.0 || ./work/nar/extensions/nifi-standard-nar-1.24.0.nar-unpacked
	org.apache.nifi.processors.azure.storage.ListAzureBlobStorage_v12
		org.apache.nifi:nifi-azure-nar:1.24.0 || ./work/nar/extensions/nifi-azure-nar-1.24.0.nar-unpacked
	org.apache.nifi.processors.aws.dynamodb.DeleteDynamoDB
		org.apache.nifi:nifi-aws-nar:1.24.0 || ./work/nar/extensions/nifi-aws-nar-1.24.0.nar-unpacked
	org.apache.nifi.processors.airtable.QueryAirtableTable
		org.apache.nifi:nifi-airtable-nar:1.24.0 || ./work/nar/extensions/nifi-airtable-nar-1.24.0.nar-unpacked
	org.apache.nifi.processors.standard.GenerateTableFetch
		org.apache.nifi:nifi-standard-nar:1.24.0 || ./work/nar/extensions/nifi-standard-nar-1.24.0.nar-unpacked
	org.apache.nifi.processors.azure.storage.ListAzureBlobStorage
		org.apache.nifi:nifi-azure-nar:1.24.0 || ./work/nar/extensions/nifi-azure-nar-1.24.0.nar-unpacked
	org.apache.nifi.processors.gcp.storage.PutGCSObject
		org.apache.nifi:nifi-gcp-nar:1.24.0 || ./work/nar/extensions/nifi-gcp-nar-1.24.0.nar-unpacked
	org.apache.nifi.processors.standard.GetSFTP
		org.apache.nifi:nifi-standard-nar:1.24.0 || ./work/nar/extensions/nifi-standard-nar-1.24.0.nar-unpacked
	org.apache.nifi.processors.standard.PutDatabaseRecord
		org.apache.nifi:nifi-standard-nar:1.24.0 || ./work/nar/extensions/nifi-standard-nar-1.24.0.nar-unpacked
	org.apache.nifi.processors.smb.PutSmbFile
		org.apache.nifi:nifi-smb-nar:1.24.0 || ./work/nar/extensions/nifi-smb-nar-1.24.0.nar-unpacked
	org.apache.nifi.processors.azure.eventhub.ConsumeAzureEventHub
		org.apache.nifi:nifi-azure-nar:1.24.0 || ./work/nar/extensions/nifi-azure-nar-1.24.0.nar-unpacked
	org.apache.nifi.processors.mongodb.PutMongoRecord
		org.apache.nifi:nifi-mongodb-nar:1.24.0 || ./work/nar/extensions/nifi-mongodb-nar-1.24.0.nar-unpacked
	org.apache.nifi.processors.elasticsearch.PutElasticsearchHttp
		org.apache.nifi:nifi-elasticsearch-nar:1.24.0 || ./work/nar/extensions/nifi-elasticsearch-nar-1.24.0.nar-unpacked
	org.apache.nifi.processors.parquet.FetchParquet
		org.apache.nifi:nifi-parquet-nar:1.24.0 || ./work/nar/extensions/nifi-parquet-nar-1.24.0.nar-unpacked
	org.apache.nifi.processors.ISPEnrichIP
		org.apache.nifi:nifi-enrich-nar:1.24.0 || ./work/nar/extensions/nifi-enrich-nar-1.24.0.nar-unpacked
	org.apache.nifi.processors.azure.storage.FetchAzureBlobStorage
		org.apache.nifi:nifi-azure-nar:1.24.0 || ./work/nar/extensions/nifi-azure-nar-1.24.0.nar-unpacked
	org.apache.nifi.processors.pgp.DecryptContentPGP
		org.apache.nifi:nifi-pgp-nar:1.24.0 || ./work/nar/extensions/nifi-pgp-nar-1.24.0.nar-unpacked
	org.apache.nifi.processors.standard.PartitionRecord
		org.apache.nifi:nifi-standard-nar:1.24.0 || ./work/nar/extensions/nifi-standard-nar-1.24.0.nar-unpacked
	org.apache.nifi.processors.standard.FetchFile
		org.apache.nifi:nifi-standard-nar:1.24.0 || ./work/nar/extensions/nifi-standard-nar-1.24.0.nar-unpacked
	org.apache.nifi.processors.gcp.vision.GetGcpVisionAnnotateFilesOperationStatus
		org.apache.nifi:nifi-gcp-nar:1.24.0 || ./work/nar/extensions/nifi-gcp-nar-1.24.0.nar-unpacked
	org.apache.nifi.processors.zendesk.GetZendesk
		org.apache.nifi:nifi-zendesk-nar:1.24.0 || ./work/nar/extensions/nifi-zendesk-nar-1.24.0.nar-unpacked
	org.apache.nifi.processors.hadoop.MoveHDFS
		org.apache.nifi:nifi-hadoop-nar:1.24.0 || ./work/nar/extensions/nifi-hadoop-nar-1.24.0.nar-unpacked
	org.apache.nifi.hbase.ScanHBase
		org.apache.nifi:nifi-hbase-nar:1.24.0 || ./work/nar/extensions/nifi-hbase-nar-1.24.0.nar-unpacked
	org.apache.nifi.processors.slack.PostSlack
		org.apache.nifi:nifi-slack-nar:1.24.0 || ./work/nar/extensions/nifi-slack-nar-1.24.0.nar-unpacked
	org.apache.nifi.processors.compress.ModifyCompression
		org.apache.nifi:nifi-compress-nar:1.24.0 || ./work/nar/extensions/nifi-compress-nar-1.24.0.nar-unpacked
	org.apache.nifi.hbase.PutHBaseCell
		org.apache.nifi:nifi-hbase-nar:1.24.0 || ./work/nar/extensions/nifi-hbase-nar-1.24.0.nar-unpacked
	org.apache.nifi.processors.standard.ListFile
		org.apache.nifi:nifi-standard-nar:1.24.0 || ./work/nar/extensions/nifi-standard-nar-1.24.0.nar-unpacked
	org.apache.nifi.processors.rethinkdb.GetRethinkDB
		org.apache.nifi:nifi-rethinkdb-nar:1.24.0 || ./work/nar/extensions/nifi-rethinkdb-nar-1.24.0.nar-unpacked
	org.apache.nifi.processors.standard.PutFTP
		org.apache.nifi:nifi-standard-nar:1.24.0 || ./work/nar/extensions/nifi-standard-nar-1.24.0.nar-unpacked
	org.apache.nifi.processors.kafka.pubsub.PublishKafka_2_6
		org.apache.nifi:nifi-kafka-2-6-nar:1.24.0 || ./work/nar/extensions/nifi-kafka-2-6-nar-1.24.0.nar-unpacked
	org.apache.nifi.processors.standard.DeduplicateRecord
		org.apache.nifi:nifi-standard-nar:1.24.0 || ./work/nar/extensions/nifi-standard-nar-1.24.0.nar-unpacked
	org.apache.nifi.processors.aws.ml.translate.StartAwsTranslateJob
		org.apache.nifi:nifi-aws-nar:1.24.0 || ./work/nar/extensions/nifi-aws-nar-1.24.0.nar-unpacked
	org.apache.nifi.processors.kafka.pubsub.PublishKafka_2_0
		org.apache.nifi:nifi-kafka-2-0-nar:1.24.0 || ./work/nar/extensions/nifi-kafka-2-0-nar-1.24.0.nar-unpacked
	org.apache.nifi.processors.standard.HandleHttpResponse
		org.apache.nifi:nifi-standard-nar:1.24.0 || ./work/nar/extensions/nifi-standard-nar-1.24.0.nar-unpacked
	org.apache.nifi.processors.standard.SplitContent
		org.apache.nifi:nifi-standard-nar:1.24.0 || ./work/nar/extensions/nifi-standard-nar-1.24.0.nar-unpacked
	org.apache.nifi.processors.aws.ml.transcribe.StartAwsTranscribeJob
		org.apache.nifi:nifi-aws-nar:1.24.0 || ./work/nar/extensions/nifi-aws-nar-1.24.0.nar-unpacked
	org.apache.nifi.cdc.mysql.processors.CaptureChangeMySQL
		org.apache.nifi:nifi-cdc-mysql-nar:1.24.0 || ./work/nar/extensions/nifi-cdc-mysql-nar-1.24.0.nar-unpacked
	org.apache.nifi.processors.script.ScriptedTransformRecord
		org.apache.nifi:nifi-scripting-nar:1.24.0 || ./work/nar/extensions/nifi-scripting-nar-1.24.0.nar-unpacked
	org.apache.nifi.processors.standard.MonitorActivity
		org.apache.nifi:nifi-standard-nar:1.24.0 || ./work/nar/extensions/nifi-standard-nar-1.24.0.nar-unpacked
	org.apache.nifi.processors.standard.GetJMSQueue
		org.apache.nifi:nifi-standard-nar:1.24.0 || ./work/nar/extensions/nifi-standard-nar-1.24.0.nar-unpacked
	org.apache.nifi.processors.mongodb.PutMongo
		org.apache.nifi:nifi-mongodb-nar:1.24.0 || ./work/nar/extensions/nifi-mongodb-nar-1.24.0.nar-unpacked
	org.apache.nifi.processors.box.ListBoxFile
		org.apache.nifi:nifi-box-nar:1.24.0 || ./work/nar/extensions/nifi-box-nar-1.24.0.nar-unpacked
	org.apache.nifi.processors.standard.UpdateRecord
		org.apache.nifi:nifi-standard-nar:1.24.0 || ./work/nar/extensions/nifi-standard-nar-1.24.0.nar-unpacked
	org.apache.nifi.processors.standard.UpdateDatabaseTable
		org.apache.nifi:nifi-standard-nar:1.24.0 || ./work/nar/extensions/nifi-standard-nar-1.24.0.nar-unpacked
	org.apache.nifi.processors.standard.LogMessage
		org.apache.nifi:nifi-standard-nar:1.24.0 || ./work/nar/extensions/nifi-standard-nar-1.24.0.nar-unpacked
	org.apache.nifi.processors.jolt.record.JoltTransformRecord
		org.apache.nifi:nifi-jolt-record-nar:1.24.0 || ./work/nar/extensions/nifi-jolt-record-nar-1.24.0.nar-unpacked
	org.apache.nifi.processors.aws.dynamodb.PutDynamoDBRecord
		org.apache.nifi:nifi-aws-nar:1.24.0 || ./work/nar/extensions/nifi-aws-nar-1.24.0.nar-unpacked
	org.apache.nifi.GetHTMLElement
		org.apache.nifi:nifi-html-nar:1.24.0 || ./work/nar/extensions/nifi-html-nar-1.24.0.nar-unpacked
	org.apache.nifi.processors.hadoop.DeleteHDFS
		org.apache.nifi:nifi-hadoop-nar:1.24.0 || ./work/nar/extensions/nifi-hadoop-nar-1.24.0.nar-unpacked
	org.apache.nifi.processors.gcp.vision.StartGcpVisionAnnotateImagesOperation
		org.apache.nifi:nifi-gcp-nar:1.24.0 || ./work/nar/extensions/nifi-gcp-nar-1.24.0.nar-unpacked
	org.apache.nifi.processors.cipher.DecryptContentAge
		org.apache.nifi:nifi-cipher-nar:1.24.0 || ./work/nar/extensions/nifi-cipher-nar-1.24.0.nar-unpacked
	org.apache.nifi.processors.elasticsearch.UpdateByQueryElasticsearch
		org.apache.nifi:nifi-elasticsearch-restapi-nar:1.24.0 || ./work/nar/extensions/nifi-elasticsearch-restapi-nar-1.24.0.nar-unpacked
	org.apache.nifi.processors.azure.storage.queue.GetAzureQueueStorage_v12
		org.apache.nifi:nifi-azure-nar:1.24.0 || ./work/nar/extensions/nifi-azure-nar-1.24.0.nar-unpacked
	org.apache.nifi.processors.standard.PutDistributedMapCache
		org.apache.nifi:nifi-standard-nar:1.24.0 || ./work/nar/extensions/nifi-standard-nar-1.24.0.nar-unpacked
	org.apache.nifi.processors.aws.s3.DeleteS3Object
		org.apache.nifi:nifi-aws-nar:1.24.0 || ./work/nar/extensions/nifi-aws-nar-1.24.0.nar-unpacked
	org.apache.nifi.processors.slack.PutSlack
		org.apache.nifi:nifi-slack-nar:1.24.0 || ./work/nar/extensions/nifi-slack-nar-1.24.0.nar-unpacked
	org.apache.nifi.processors.cassandra.QueryCassandra
		org.apache.nifi:nifi-cassandra-nar:1.24.0 || ./work/nar/extensions/nifi-cassandra-nar-1.24.0.nar-unpacked
	org.apache.nifi.processors.rethinkdb.DeleteRethinkDB
		org.apache.nifi:nifi-rethinkdb-nar:1.24.0 || ./work/nar/extensions/nifi-rethinkdb-nar-1.24.0.nar-unpacked
	org.apache.nifi.processors.aws.kinesis.firehose.PutKinesisFirehose
		org.apache.nifi:nifi-aws-nar:1.24.0 || ./work/nar/extensions/nifi-aws-nar-1.24.0.nar-unpacked
	org.apache.nifi.processors.standard.GetFTP
		org.apache.nifi:nifi-standard-nar:1.24.0 || ./work/nar/extensions/nifi-standard-nar-1.24.0.nar-unpacked
	org.apache.nifi.processors.mongodb.GetMongo
		org.apache.nifi:nifi-mongodb-nar:1.24.0 || ./work/nar/extensions/nifi-mongodb-nar-1.24.0.nar-unpacked
	org.apache.nifi.processors.elasticsearch.PutElasticsearchRecord
		org.apache.nifi:nifi-elasticsearch-restapi-nar:1.24.0 || ./work/nar/extensions/nifi-elasticsearch-restapi-nar-1.24.0.nar-unpacked
	org.apache.nifi.processors.aws.s3.FetchS3Object
		org.apache.nifi:nifi-aws-nar:1.24.0 || ./work/nar/extensions/nifi-aws-nar-1.24.0.nar-unpacked
	org.apache.nifi.processors.splunk.GetSplunk
		org.apache.nifi:nifi-splunk-nar:1.24.0 || ./work/nar/extensions/nifi-splunk-nar-1.24.0.nar-unpacked
	org.apache.nifi.processors.solr.QuerySolr
		org.apache.nifi:nifi-solr-nar:1.24.0 || ./work/nar/extensions/nifi-solr-nar-1.24.0.nar-unpacked
	org.apache.nifi.processors.azure.storage.ListAzureDataLakeStorage
		org.apache.nifi:nifi-azure-nar:1.24.0 || ./work/nar/extensions/nifi-azure-nar-1.24.0.nar-unpacked
	org.apache.nifi.processors.aws.kinesis.stream.ConsumeKinesisStream
		org.apache.nifi:nifi-aws-nar:1.24.0 || ./work/nar/extensions/nifi-aws-nar-1.24.0.nar-unpacked
	org.apache.nifi.processors.standard.ExecuteStreamCommand
		org.apache.nifi:nifi-standard-nar:1.24.0 || ./work/nar/extensions/nifi-standard-nar-1.24.0.nar-unpacked
	org.apache.nifi.processors.gcp.storage.DeleteGCSObject
		org.apache.nifi:nifi-gcp-nar:1.24.0 || ./work/nar/extensions/nifi-gcp-nar-1.24.0.nar-unpacked
	org.apache.nifi.processors.standard.LookupAttribute
		org.apache.nifi:nifi-standard-nar:1.24.0 || ./work/nar/extensions/nifi-standard-nar-1.24.0.nar-unpacked
	org.apache.nifi.processors.standard.PutEmail
		org.apache.nifi:nifi-standard-nar:1.24.0 || ./work/nar/extensions/nifi-standard-nar-1.24.0.nar-unpacked
	org.apache.nifi.processors.cybersecurity.CompareFuzzyHash
		org.apache.nifi:nifi-cybersecurity-nar:1.24.0 || ./work/nar/extensions/nifi-cybersecurity-nar-1.24.0.nar-unpacked
	org.apache.nifi.processors.standard.DetectDuplicate
		org.apache.nifi:nifi-standard-nar:1.24.0 || ./work/nar/extensions/nifi-standard-nar-1.24.0.nar-unpacked
	org.apache.nifi.processors.standard.HandleHttpRequest
		org.apache.nifi:nifi-standard-nar:1.24.0 || ./work/nar/extensions/nifi-standard-nar-1.24.0.nar-unpacked
	org.apache.nifi.processors.standard.ForkRecord
		org.apache.nifi:nifi-standard-nar:1.24.0 || ./work/nar/extensions/nifi-standard-nar-1.24.0.nar-unpacked
	org.apache.nifi.processors.gcp.vision.GetGcpVisionAnnotateImagesOperationStatus
		org.apache.nifi:nifi-gcp-nar:1.24.0 || ./work/nar/extensions/nifi-gcp-nar-1.24.0.nar-unpacked
	org.apache.nifi.processors.standard.Notify
		org.apache.nifi:nifi-standard-nar:1.24.0 || ./work/nar/extensions/nifi-standard-nar-1.24.0.nar-unpacked
	org.apache.nifi.processors.mqtt.ConsumeMQTT
		org.apache.nifi:nifi-mqtt-nar:1.24.0 || ./work/nar/extensions/nifi-mqtt-nar-1.24.0.nar-unpacked
	org.apache.nifi.processors.standard.ListenFTP
		org.apache.nifi:nifi-standard-nar:1.24.0 || ./work/nar/extensions/nifi-standard-nar-1.24.0.nar-unpacked
	org.apache.nifi.processors.aws.ml.translate.GetAwsTranslateJobStatus
		org.apache.nifi:nifi-aws-nar:1.24.0 || ./work/nar/extensions/nifi-aws-nar-1.24.0.nar-unpacked
	org.apache.nifi.processors.standard.AttributesToJSON
		org.apache.nifi:nifi-standard-nar:1.24.0 || ./work/nar/extensions/nifi-standard-nar-1.24.0.nar-unpacked
	org.apache.nifi.processors.standard.RemoveRecordField
		org.apache.nifi:nifi-standard-nar:1.24.0 || ./work/nar/extensions/nifi-standard-nar-1.24.0.nar-unpacked
	org.apache.nifi.processors.aws.ml.polly.GetAwsPollyJobStatus
		org.apache.nifi:nifi-aws-nar:1.24.0 || ./work/nar/extensions/nifi-aws-nar-1.24.0.nar-unpacked
	org.apache.nifi.processors.hl7.ExtractHL7Attributes
		org.apache.nifi:nifi-hl7-nar:1.24.0 || ./work/nar/extensions/nifi-hl7-nar-1.24.0.nar-unpacked
	org.apache.nifi.processors.standard.JoinEnrichment
		org.apache.nifi:nifi-standard-nar:1.24.0 || ./work/nar/extensions/nifi-standard-nar-1.24.0.nar-unpacked
	org.apache.nifi.processors.standard.ConvertRecord
		org.apache.nifi:nifi-standard-nar:1.24.0 || ./work/nar/extensions/nifi-standard-nar-1.24.0.nar-unpacked
	org.apache.nifi.processors.standard.GetFile
		org.apache.nifi:nifi-standard-nar:1.24.0 || ./work/nar/extensions/nifi-standard-nar-1.24.0.nar-unpacked
	org.apache.nifi.processors.splunk.QuerySplunkIndexingStatus
		org.apache.nifi:nifi-splunk-nar:1.24.0 || ./work/nar/extensions/nifi-splunk-nar-1.24.0.nar-unpacked
	org.apache.nifi.processors.windows.event.log.ConsumeWindowsEventLog
		org.apache.nifi:nifi-windows-event-log-nar:1.24.0 || ./work/nar/extensions/nifi-windows-event-log-nar-1.24.0.nar-unpacked
	org.apache.nifi.processors.standard.QueryDatabaseTable
		org.apache.nifi:nifi-standard-nar:1.24.0 || ./work/nar/extensions/nifi-standard-nar-1.24.0.nar-unpacked
	org.apache.nifi.processors.splunk.PutSplunk
		org.apache.nifi:nifi-splunk-nar:1.24.0 || ./work/nar/extensions/nifi-splunk-nar-1.24.0.nar-unpacked
	org.apache.nifi.processors.standard.GenerateRecord
		org.apache.nifi:nifi-standard-nar:1.24.0 || ./work/nar/extensions/nifi-standard-nar-1.24.0.nar-unpacked
	org.apache.nifi.processors.cybersecurity.FuzzyHashContent
		org.apache.nifi:nifi-cybersecurity-nar:1.24.0 || ./work/nar/extensions/nifi-cybersecurity-nar-1.24.0.nar-unpacked
	org.apache.nifi.processors.standard.ValidateXml
		org.apache.nifi:nifi-standard-nar:1.24.0 || ./work/nar/extensions/nifi-standard-nar-1.24.0.nar-unpacked
	org.apache.nifi.processors.standard.ListFTP
		org.apache.nifi:nifi-standard-nar:1.24.0 || ./work/nar/extensions/nifi-standard-nar-1.24.0.nar-unpacked
	org.apache.nifi.processors.script.ScriptedPartitionRecord
		org.apache.nifi:nifi-scripting-nar:1.24.0 || ./work/nar/extensions/nifi-scripting-nar-1.24.0.nar-unpacked
	org.apache.nifi.processors.twitter.ConsumeTwitter
		org.apache.nifi:nifi-social-media-nar:1.24.0 || ./work/nar/extensions/nifi-social-media-nar-1.24.0.nar-unpacked
	org.apache.nifi.processors.gcp.drive.PutGoogleDrive
		org.apache.nifi:nifi-gcp-nar:1.24.0 || ./work/nar/extensions/nifi-gcp-nar-1.24.0.nar-unpacked
	org.apache.nifi.processors.elasticsearch.ConsumeElasticsearch
		org.apache.nifi:nifi-elasticsearch-restapi-nar:1.24.0 || ./work/nar/extensions/nifi-elasticsearch-restapi-nar-1.24.0.nar-unpacked
	org.apache.nifi.processors.opentelemetry.ListenOTLP
		org.apache.nifi:nifi-opentelemetry-nar:1.24.0 || ./work/nar/extensions/nifi-opentelemetry-nar-1.24.0.nar-unpacked
	org.apache.nifi.processors.standard.EvaluateXQuery
		org.apache.nifi:nifi-standard-nar:1.24.0 || ./work/nar/extensions/nifi-standard-nar-1.24.0.nar-unpacked
	org.apache.nifi.processors.standard.ExtractRecordSchema
		org.apache.nifi:nifi-standard-nar:1.24.0 || ./work/nar/extensions/nifi-standard-nar-1.24.0.nar-unpacked
	org.apache.nifi.processors.solr.GetSolr
		org.apache.nifi:nifi-solr-nar:1.24.0 || ./work/nar/extensions/nifi-solr-nar-1.24.0.nar-unpacked
	org.apache.nifi.processors.standard.ExtractGrok
		org.apache.nifi:nifi-standard-nar:1.24.0 || ./work/nar/extensions/nifi-standard-nar-1.24.0.nar-unpacked
	org.apache.nifi.processors.kafka.pubsub.ConsumeKafka_1_0
		org.apache.nifi:nifi-kafka-1-0-nar:1.24.0 || ./work/nar/extensions/nifi-kafka-1-0-nar-1.24.0.nar-unpacked
	org.apache.nifi.processors.aws.sqs.DeleteSQS
		org.apache.nifi:nifi-aws-nar:1.24.0 || ./work/nar/extensions/nifi-aws-nar-1.24.0.nar-unpacked
	org.apache.nifi.processors.standard.LogAttribute
		org.apache.nifi:nifi-standard-nar:1.24.0 || ./work/nar/extensions/nifi-standard-nar-1.24.0.nar-unpacked
	org.apache.nifi.processors.email.ConsumePOP3
		org.apache.nifi:nifi-email-nar:1.24.0 || ./work/nar/extensions/nifi-email-nar-1.24.0.nar-unpacked
	org.apache.nifi.processors.standard.RetryFlowFile
		org.apache.nifi:nifi-standard-nar:1.24.0 || ./work/nar/extensions/nifi-standard-nar-1.24.0.nar-unpacked
	org.apache.nifi.processors.standard.DuplicateFlowFile
		org.apache.nifi:nifi-standard-nar:1.24.0 || ./work/nar/extensions/nifi-standard-nar-1.24.0.nar-unpacked
	org.apache.nifi.processors.mongodb.DeleteMongo
		org.apache.nifi:nifi-mongodb-nar:1.24.0 || ./work/nar/extensions/nifi-mongodb-nar-1.24.0.nar-unpacked
	org.apache.nifi.hbase.PutHBaseRecord
		org.apache.nifi:nifi-hbase-nar:1.24.0 || ./work/nar/extensions/nifi-hbase-nar-1.24.0.nar-unpacked
	org.apache.nifi.processors.gettcp.GetTCP
		org.apache.nifi:nifi-tcp-nar:1.24.0 || ./work/nar/extensions/nifi-tcp-nar-1.24.0.nar-unpacked
	org.apache.nifi.processors.standard.IdentifyMimeType
		org.apache.nifi:nifi-standard-nar:1.24.0 || ./work/nar/extensions/nifi-standard-nar-1.24.0.nar-unpacked
	org.apache.nifi.processors.email.ConsumeIMAP
		org.apache.nifi:nifi-email-nar:1.24.0 || ./work/nar/extensions/nifi-email-nar-1.24.0.nar-unpacked
	org.apache.nifi.processors.workday.GetWorkdayReport
		org.apache.nifi:nifi-workday-processors-nar:1.24.0 || ./work/nar/extensions/nifi-workday-processors-nar-1.24.0.nar-unpacked
	org.apache.nifi.processors.elasticsearch.QueryElasticsearchHttp
		org.apache.nifi:nifi-elasticsearch-nar:1.24.0 || ./work/nar/extensions/nifi-elasticsearch-nar-1.24.0.nar-unpacked
	org.apache.nifi.processors.standard.RouteOnAttribute
		org.apache.nifi:nifi-standard-nar:1.24.0 || ./work/nar/extensions/nifi-standard-nar-1.24.0.nar-unpacked
	org.apache.nifi.processors.standard.InvokeHTTP
		org.apache.nifi:nifi-standard-nar:1.24.0 || ./work/nar/extensions/nifi-standard-nar-1.24.0.nar-unpacked
	org.apache.nifi.amqp.processors.PublishAMQP
		org.apache.nifi:nifi-amqp-nar:1.24.0 || ./work/nar/extensions/nifi-amqp-nar-1.24.0.nar-unpacked
	org.apache.nifi.processors.hadoop.PutHDFS
		org.apache.nifi:nifi-hadoop-nar:1.24.0 || ./work/nar/extensions/nifi-hadoop-nar-1.24.0.nar-unpacked
	org.apache.nifi.processors.standard.FetchSFTP
		org.apache.nifi:nifi-standard-nar:1.24.0 || ./work/nar/extensions/nifi-standard-nar-1.24.0.nar-unpacked
	org.apache.nifi.processors.aws.kinesis.stream.PutKinesisStream
		org.apache.nifi:nifi-aws-nar:1.24.0 || ./work/nar/extensions/nifi-aws-nar-1.24.0.nar-unpacked
	org.apache.nifi.processors.gcp.pubsub.lite.PublishGCPubSubLite
		org.apache.nifi:nifi-gcp-nar:1.24.0 || ./work/nar/extensions/nifi-gcp-nar-1.24.0.nar-unpacked
	org.apache.nifi.processors.standard.CalculateRecordStats
		org.apache.nifi:nifi-standard-nar:1.24.0 || ./work/nar/extensions/nifi-standard-nar-1.24.0.nar-unpacked
	org.apache.nifi.processors.aws.sqs.GetSQS
		org.apache.nifi:nifi-aws-nar:1.24.0 || ./work/nar/extensions/nifi-aws-nar-1.24.0.nar-unpacked
	org.apache.nifi.processors.gcp.drive.FetchGoogleDrive
		org.apache.nifi:nifi-gcp-nar:1.24.0 || ./work/nar/extensions/nifi-gcp-nar-1.24.0.nar-unpacked
	org.apache.nifi.processors.standard.CountText
		org.apache.nifi:nifi-standard-nar:1.24.0 || ./work/nar/extensions/nifi-standard-nar-1.24.0.nar-unpacked
	org.apache.nifi.processors.cassandra.PutCassandraQL
		org.apache.nifi:nifi-cassandra-nar:1.24.0 || ./work/nar/extensions/nifi-cassandra-nar-1.24.0.nar-unpacked
	org.apache.nifi.processors.avro.ConvertAvroToJSON
		org.apache.nifi:nifi-avro-nar:1.24.0 || ./work/nar/extensions/nifi-avro-nar-1.24.0.nar-unpacked
	org.apache.nifi.processors.azure.storage.DeleteAzureBlobStorage
		org.apache.nifi:nifi-azure-nar:1.24.0 || ./work/nar/extensions/nifi-azure-nar-1.24.0.nar-unpacked
	org.apache.nifi.processors.network.ParseNetflowv5
		org.apache.nifi:nifi-network-processors-nar:1.24.0 || ./work/nar/extensions/nifi-network-processors-nar-1.24.0.nar-unpacked
	org.apache.nifi.processors.standard.Base64EncodeContent
		org.apache.nifi:nifi-standard-nar:1.24.0 || ./work/nar/extensions/nifi-standard-nar-1.24.0.nar-unpacked
	org.apache.nifi.processors.kafka.pubsub.PublishKafka_1_0
		org.apache.nifi:nifi-kafka-1-0-nar:1.24.0 || ./work/nar/extensions/nifi-kafka-1-0-nar-1.24.0.nar-unpacked
	org.apache.nifi.hbase.FetchHBaseRow
		org.apache.nifi:nifi-hbase-nar:1.24.0 || ./work/nar/extensions/nifi-hbase-nar-1.24.0.nar-unpacked
	org.apache.nifi.processors.standard.ReplaceTextWithMapping
		org.apache.nifi:nifi-standard-nar:1.24.0 || ./work/nar/extensions/nifi-standard-nar-1.24.0.nar-unpacked
	org.apache.nifi.processors.standard.EvaluateJsonPath
		org.apache.nifi:nifi-standard-nar:1.24.0 || ./work/nar/extensions/nifi-standard-nar-1.24.0.nar-unpacked
	org.apache.nifi.processors.standard.ListDatabaseTables
		org.apache.nifi:nifi-standard-nar:1.24.0 || ./work/nar/extensions/nifi-standard-nar-1.24.0.nar-unpacked
	org.apache.nifi.processors.aws.cloudwatch.PutCloudWatchMetric
		org.apache.nifi:nifi-aws-nar:1.24.0 || ./work/nar/extensions/nifi-aws-nar-1.24.0.nar-unpacked
	org.apache.nifi.processors.GeoEnrichIPRecord
		org.apache.nifi:nifi-enrich-nar:1.24.0 || ./work/nar/extensions/nifi-enrich-nar-1.24.0.nar-unpacked
	org.apache.nifi.processors.standard.CryptographicHashContent
		org.apache.nifi:nifi-standard-nar:1.24.0 || ./work/nar/extensions/nifi-standard-nar-1.24.0.nar-unpacked
	org.apache.nifi.processors.azure.eventhub.PutAzureEventHub
		org.apache.nifi:nifi-azure-nar:1.24.0 || ./work/nar/extensions/nifi-azure-nar-1.24.0.nar-unpacked
	org.apache.nifi.processors.ccda.ExtractCCDAAttributes
		org.apache.nifi:nifi-ccda-nar:1.24.0 || ./work/nar/extensions/nifi-ccda-nar-1.24.0.nar-unpacked
	org.apache.nifi.processors.pgp.VerifyContentPGP
		org.apache.nifi:nifi-pgp-nar:1.24.0 || ./work/nar/extensions/nifi-pgp-nar-1.24.0.nar-unpacked
	org.apache.nifi.processors.standard.UnpackContent
		org.apache.nifi:nifi-standard-nar:1.24.0 || ./work/nar/extensions/nifi-standard-nar-1.24.0.nar-unpacked
	org.apache.nifi.processors.kafka.pubsub.PublishKafkaRecord_1_0
		org.apache.nifi:nifi-kafka-1-0-nar:1.24.0 || ./work/nar/extensions/nifi-kafka-1-0-nar-1.24.0.nar-unpacked
	org.apache.nifi.processors.websocket.PutWebSocket
		org.apache.nifi:nifi-websocket-processors-nar:1.24.0 || ./work/nar/extensions/nifi-websocket-processors-nar-1.24.0.nar-unpacked
	org.apache.nifi.processors.aws.wag.InvokeAWSGatewayApi
		org.apache.nifi:nifi-aws-nar:1.24.0 || ./work/nar/extensions/nifi-aws-nar-1.24.0.nar-unpacked
	org.apache.nifi.processors.email.ConsumeEWS
		org.apache.nifi:nifi-email-nar:1.24.0 || ./work/nar/extensions/nifi-email-nar-1.24.0.nar-unpacked
	org.apache.nifi.processors.standard.FetchDistributedMapCache
		org.apache.nifi:nifi-standard-nar:1.24.0 || ./work/nar/extensions/nifi-standard-nar-1.24.0.nar-unpacked
	org.apache.nifi.processors.script.ExecuteScript
		org.apache.nifi:nifi-scripting-nar:1.24.0 || ./work/nar/extensions/nifi-scripting-nar-1.24.0.nar-unpacked
	org.apache.nifi.processors.standard.AttributesToCSV
		org.apache.nifi:nifi-standard-nar:1.24.0 || ./work/nar/extensions/nifi-standard-nar-1.24.0.nar-unpacked
	org.apache.nifi.processors.hadoop.inotify.GetHDFSEvents
		org.apache.nifi:nifi-hadoop-nar:1.24.0 || ./work/nar/extensions/nifi-hadoop-nar-1.24.0.nar-unpacked
	org.apache.nifi.processors.box.PutBoxFile
		org.apache.nifi:nifi-box-nar:1.24.0 || ./work/nar/extensions/nifi-box-nar-1.24.0.nar-unpacked
	org.apache.nifi.processors.jslt.JSLTTransformJSON
		org.apache.nifi:nifi-jslt-nar:1.24.0 || ./work/nar/extensions/nifi-jslt-nar-1.24.0.nar-unpacked
	org.apache.nifi.processors.standard.PostHTTP
		org.apache.nifi:nifi-standard-nar:1.24.0 || ./work/nar/extensions/nifi-standard-nar-1.24.0.nar-unpacked
	org.apache.nifi.processors.pgp.SignContentPGP
		org.apache.nifi:nifi-pgp-nar:1.24.0 || ./work/nar/extensions/nifi-pgp-nar-1.24.0.nar-unpacked
	org.apache.nifi.processors.standard.ListenHTTP
		org.apache.nifi:nifi-standard-nar:1.24.0 || ./work/nar/extensions/nifi-standard-nar-1.24.0.nar-unpacked
	org.apache.nifi.processors.standard.ListenSyslog
		org.apache.nifi:nifi-standard-nar:1.24.0 || ./work/nar/extensions/nifi-standard-nar-1.24.0.nar-unpacked
	org.apache.nifi.processors.standard.FetchFTP
		org.apache.nifi:nifi-standard-nar:1.24.0 || ./work/nar/extensions/nifi-standard-nar-1.24.0.nar-unpacked
	org.apache.nifi.processors.aws.ml.polly.StartAwsPollyJob
		org.apache.nifi:nifi-aws-nar:1.24.0 || ./work/nar/extensions/nifi-aws-nar-1.24.0.nar-unpacked
	org.apache.nifi.processors.groovyx.ExecuteGroovyScript
		org.apache.nifi:nifi-groovyx-nar:1.24.0 || ./work/nar/extensions/nifi-groovyx-nar-1.24.0.nar-unpacked
	org.apache.nifi.processors.smb.ListSmb
		org.apache.nifi:nifi-smb-nar:1.24.0 || ./work/nar/extensions/nifi-smb-nar-1.24.0.nar-unpacked
	org.apache.nifi.processors.kudu.PutKudu
		org.apache.nifi:nifi-kudu-nar:1.24.0 || ./work/nar/extensions/nifi-kudu-nar-1.24.0.nar-unpacked
	org.apache.nifi.processors.GeoEnrichIP
		org.apache.nifi:nifi-enrich-nar:1.24.0 || ./work/nar/extensions/nifi-enrich-nar-1.24.0.nar-unpacked
	org.apache.nifi.processors.parquet.PutParquet
		org.apache.nifi:nifi-parquet-nar:1.24.0 || ./work/nar/extensions/nifi-parquet-nar-1.24.0.nar-unpacked
	org.apache.nifi.processors.standard.GetHTTP
		org.apache.nifi:nifi-standard-nar:1.24.0 || ./work/nar/extensions/nifi-standard-nar-1.24.0.nar-unpacked
	org.apache.nifi.hbase.DeleteHBaseCells
		org.apache.nifi:nifi-hbase-nar:1.24.0 || ./work/nar/extensions/nifi-hbase-nar-1.24.0.nar-unpacked
	org.apache.nifi.processors.standard.UpdateCounter
		org.apache.nifi:nifi-standard-nar:1.24.0 || ./work/nar/extensions/nifi-standard-nar-1.24.0.nar-unpacked
	org.apache.nifi.processors.parquet.ConvertAvroToParquet
		org.apache.nifi:nifi-parquet-nar:1.24.0 || ./work/nar/extensions/nifi-parquet-nar-1.24.0.nar-unpacked
	org.apache.nifi.processors.mongodb.gridfs.FetchGridFS
		org.apache.nifi:nifi-mongodb-nar:1.24.0 || ./work/nar/extensions/nifi-mongodb-nar-1.24.0.nar-unpacked
	org.apache.nifi.processors.email.ListenSMTP
		org.apache.nifi:nifi-email-nar:1.24.0 || ./work/nar/extensions/nifi-email-nar-1.24.0.nar-unpacked
	org.apache.nifi.processors.azure.storage.DeleteAzureBlobStorage_v12
		org.apache.nifi:nifi-azure-nar:1.24.0 || ./work/nar/extensions/nifi-azure-nar-1.24.0.nar-unpacked
	org.apache.nifi.processors.email.ExtractTNEFAttachments
		org.apache.nifi:nifi-email-nar:1.24.0 || ./work/nar/extensions/nifi-email-nar-1.24.0.nar-unpacked
	org.apache.nifi.processors.elasticsearch.SearchElasticsearch
		org.apache.nifi:nifi-elasticsearch-restapi-nar:1.24.0 || ./work/nar/extensions/nifi-elasticsearch-restapi-nar-1.24.0.nar-unpacked
	org.apache.nifi.processors.azure.storage.FetchAzureBlobStorage_v12
		org.apache.nifi:nifi-azure-nar:1.24.0 || ./work/nar/extensions/nifi-azure-nar-1.24.0.nar-unpacked
	org.apache.nifi.processors.azure.storage.FetchAzureDataLakeStorage
		org.apache.nifi:nifi-azure-nar:1.24.0 || ./work/nar/extensions/nifi-azure-nar-1.24.0.nar-unpacked
	org.apache.nifi.spring.SpringContextProcessor
		org.apache.nifi:nifi-spring-nar:1.24.0 || ./work/nar/extensions/nifi-spring-nar-1.24.0.nar-unpacked
	org.apache.nifi.processors.hl7.RouteHL7
		org.apache.nifi:nifi-hl7-nar:1.24.0 || ./work/nar/extensions/nifi-hl7-nar-1.24.0.nar-unpacked
	org.apache.nifi.processors.standard.PutSQL
		org.apache.nifi:nifi-standard-nar:1.24.0 || ./work/nar/extensions/nifi-standard-nar-1.24.0.nar-unpacked
	org.apache.nifi.processors.evtx.ParseEvtx
		org.apache.nifi:nifi-evtx-nar:1.24.0 || ./work/nar/extensions/nifi-evtx-nar-1.24.0.nar-unpacked
	org.apache.nifi.processors.standard.RouteOnContent
		org.apache.nifi:nifi-standard-nar:1.24.0 || ./work/nar/extensions/nifi-standard-nar-1.24.0.nar-unpacked
	org.apache.nifi.processors.grpc.ListenGRPC
		org.apache.nifi:nifi-grpc-nar:1.24.0 || ./work/nar/extensions/nifi-grpc-nar-1.24.0.nar-unpacked
	org.apache.nifi.processors.gcp.vision.StartGcpVisionAnnotateFilesOperation
		org.apache.nifi:nifi-gcp-nar:1.24.0 || ./work/nar/extensions/nifi-gcp-nar-1.24.0.nar-unpacked
	org.apache.nifi.processors.standard.TransformXml
		org.apache.nifi:nifi-standard-nar:1.24.0 || ./work/nar/extensions/nifi-standard-nar-1.24.0.nar-unpacked
	org.apache.nifi.processors.aws.s3.PutS3Object
		org.apache.nifi:nifi-aws-nar:1.24.0 || ./work/nar/extensions/nifi-aws-nar-1.24.0.nar-unpacked
	org.apache.nifi.processors.grpc.InvokeGRPC
		org.apache.nifi:nifi-grpc-nar:1.24.0 || ./work/nar/extensions/nifi-grpc-nar-1.24.0.nar-unpacked
	org.apache.nifi.processors.elasticsearch.JsonQueryElasticsearch
		org.apache.nifi:nifi-elasticsearch-restapi-nar:1.24.0 || ./work/nar/extensions/nifi-elasticsearch-restapi-nar-1.24.0.nar-unpacked
	org.apache.nifi.processors.couchbase.PutCouchbaseKey
		org.apache.nifi:nifi-couchbase-nar:1.24.0 || ./work/nar/extensions/nifi-couchbase-nar-1.24.0.nar-unpacked
	org.apache.nifi.processors.standard.EncryptContent
		org.apache.nifi:nifi-standard-nar:1.24.0 || ./work/nar/extensions/nifi-standard-nar-1.24.0.nar-unpacked
	org.apache.nifi.processors.azure.storage.DeleteAzureDataLakeStorage
		org.apache.nifi:nifi-azure-nar:1.24.0 || ./work/nar/extensions/nifi-azure-nar-1.24.0.nar-unpacked
	org.apache.nifi.processors.script.InvokeScriptedProcessor
		org.apache.nifi:nifi-scripting-nar:1.24.0 || ./work/nar/extensions/nifi-scripting-nar-1.24.0.nar-unpacked
	org.apache.nifi.processors.hadoop.ListHDFS
		org.apache.nifi:nifi-hadoop-nar:1.24.0 || ./work/nar/extensions/nifi-hadoop-nar-1.24.0.nar-unpacked
	org.apache.nifi.processors.standard.EvaluateXPath
		org.apache.nifi:nifi-standard-nar:1.24.0 || ./work/nar/extensions/nifi-standard-nar-1.24.0.nar-unpacked
	org.apache.nifi.processors.standard.QueryDatabaseTableRecord
		org.apache.nifi:nifi-standard-nar:1.24.0 || ./work/nar/extensions/nifi-standard-nar-1.24.0.nar-unpacked
	org.apache.nifi.processors.dropbox.FetchDropbox
		org.apache.nifi:nifi-dropbox-processors-nar:1.24.0 || ./work/nar/extensions/nifi-dropbox-processors-nar-1.24.0.nar-unpacked
	org.apache.nifi.processors.gcp.pubsub.lite.ConsumeGCPubSubLite
		org.apache.nifi:nifi-gcp-nar:1.24.0 || ./work/nar/extensions/nifi-gcp-nar-1.24.0.nar-unpacked
	org.apache.nifi.processors.email.ExtractEmailHeaders
		org.apache.nifi:nifi-email-nar:1.24.0 || ./work/nar/extensions/nifi-email-nar-1.24.0.nar-unpacked
	org.apache.nifi.processors.standard.Wait
		org.apache.nifi:nifi-standard-nar:1.24.0 || ./work/nar/extensions/nifi-standard-nar-1.24.0.nar-unpacked
	org.apache.nifi.processors.standard.ExecuteSQL
		org.apache.nifi:nifi-standard-nar:1.24.0 || ./work/nar/extensions/nifi-standard-nar-1.24.0.nar-unpacked
	org.apache.nifi.processors.standard.PutFile
		org.apache.nifi:nifi-standard-nar:1.24.0 || ./work/nar/extensions/nifi-standard-nar-1.24.0.nar-unpacked
	org.apache.nifi.processors.avro.ExtractAvroMetadata
		org.apache.nifi:nifi-avro-nar:1.24.0 || ./work/nar/extensions/nifi-avro-nar-1.24.0.nar-unpacked
	org.apache.nifi.processors.dropbox.ListDropbox
		org.apache.nifi:nifi-dropbox-processors-nar:1.24.0 || ./work/nar/extensions/nifi-dropbox-processors-nar-1.24.0.nar-unpacked
	org.apache.nifi.processors.kafka.pubsub.ConsumeKafkaRecord_2_6
		org.apache.nifi:nifi-kafka-2-6-nar:1.24.0 || ./work/nar/extensions/nifi-kafka-2-6-nar-1.24.0.nar-unpacked
	org.apache.nifi.processors.standard.EnforceOrder
		org.apache.nifi:nifi-standard-nar:1.24.0 || ./work/nar/extensions/nifi-standard-nar-1.24.0.nar-unpacked
	org.apache.nifi.processors.cipher.DecryptContent
		org.apache.nifi:nifi-cipher-nar:1.24.0 || ./work/nar/extensions/nifi-cipher-nar-1.24.0.nar-unpacked
	org.apache.nifi.processors.solr.PutSolrContentStream
		org.apache.nifi:nifi-solr-nar:1.24.0 || ./work/nar/extensions/nifi-solr-nar-1.24.0.nar-unpacked
	org.apache.nifi.processors.standard.ForkEnrichment
		org.apache.nifi:nifi-standard-nar:1.24.0 || ./work/nar/extensions/nifi-standard-nar-1.24.0.nar-unpacked
	org.apache.nifi.processors.azure.storage.queue.PutAzureQueueStorage_v12
		org.apache.nifi:nifi-azure-nar:1.24.0 || ./work/nar/extensions/nifi-azure-nar-1.24.0.nar-unpacked
	org.apache.nifi.processors.kafka.pubsub.ConsumeKafkaRecord_1_0
		org.apache.nifi:nifi-kafka-1-0-nar:1.24.0 || ./work/nar/extensions/nifi-kafka-1-0-nar-1.24.0.nar-unpacked
	org.apache.nifi.processors.enrich.QueryWhois
		org.apache.nifi:nifi-enrich-nar:1.24.0 || ./work/nar/extensions/nifi-enrich-nar-1.24.0.nar-unpacked
	org.apache.nifi.processors.standard.DistributeLoad
		org.apache.nifi:nifi-standard-nar:1.24.0 || ./work/nar/extensions/nifi-standard-nar-1.24.0.nar-unpacked
	org.apache.nifi.jms.processors.PublishJMS
		org.apache.nifi:nifi-jms-processors-nar:1.24.0 || ./work/nar/extensions/nifi-jms-processors-nar-1.24.0.nar-unpacked
	org.apache.nifi.processors.kafka.pubsub.PublishKafkaRecord_2_6
		org.apache.nifi:nifi-kafka-2-6-nar:1.24.0 || ./work/nar/extensions/nifi-kafka-2-6-nar-1.24.0.nar-unpacked
	org.apache.nifi.processors.standard.GenerateFlowFile
		org.apache.nifi:nifi-standard-nar:1.24.0 || ./work/nar/extensions/nifi-standard-nar-1.24.0.nar-unpacked
	org.apache.nifi.processors.smb.GetSmbFile
		org.apache.nifi:nifi-smb-nar:1.24.0 || ./work/nar/extensions/nifi-smb-nar-1.24.0.nar-unpacked
	org.apache.nifi.processors.standard.PutJMS
		org.apache.nifi:nifi-standard-nar:1.24.0 || ./work/nar/extensions/nifi-standard-nar-1.24.0.nar-unpacked
	org.apache.nifi.processors.box.FetchBoxFile
		org.apache.nifi:nifi-box-nar:1.24.0 || ./work/nar/extensions/nifi-box-nar-1.24.0.nar-unpacked
	org.apache.nifi.processors.gcp.storage.ListGCSBucket
		org.apache.nifi:nifi-gcp-nar:1.24.0 || ./work/nar/extensions/nifi-gcp-nar-1.24.0.nar-unpacked
	org.apache.nifi.processors.standard.ControlRate
		org.apache.nifi:nifi-standard-nar:1.24.0 || ./work/nar/extensions/nifi-standard-nar-1.24.0.nar-unpacked
	org.apache.nifi.processors.azure.storage.PutAzureDataLakeStorage
		org.apache.nifi:nifi-azure-nar:1.24.0 || ./work/nar/extensions/nifi-azure-nar-1.24.0.nar-unpacked
	org.apache.nifi.processors.websocket.ListenWebSocket
		org.apache.nifi:nifi-websocket-processors-nar:1.24.0 || ./work/nar/extensions/nifi-websocket-processors-nar-1.24.0.nar-unpacked
	org.apache.nifi.processors.gcp.pubsub.PublishGCPubSub
		org.apache.nifi:nifi-gcp-nar:1.24.0 || ./work/nar/extensions/nifi-gcp-nar-1.24.0.nar-unpacked
	org.apache.nifi.amqp.processors.ConsumeAMQP
		org.apache.nifi:nifi-amqp-nar:1.24.0 || ./work/nar/extensions/nifi-amqp-nar-1.24.0.nar-unpacked
	org.apache.nifi.processors.hadoop.CreateHadoopSequenceFile
		org.apache.nifi:nifi-hadoop-nar:1.24.0 || ./work/nar/extensions/nifi-hadoop-nar-1.24.0.nar-unpacked
	org.apache.nifi.processors.hubspot.GetHubSpot
		org.apache.nifi:nifi-hubspot-nar:1.24.0 || ./work/nar/extensions/nifi-hubspot-nar-1.24.0.nar-unpacked
	org.apache.nifi.processors.websocket.ConnectWebSocket
		org.apache.nifi:nifi-websocket-processors-nar:1.24.0 || ./work/nar/extensions/nifi-websocket-processors-nar-1.24.0.nar-unpacked
	org.apache.nifi.processors.salesforce.PutSalesforceObject
		org.apache.nifi:nifi-salesforce-nar:1.24.0 || ./work/nar/extensions/nifi-salesforce-nar-1.24.0.nar-unpacked
	org.apache.nifi.processors.standard.ListenTCPRecord
		org.apache.nifi:nifi-standard-nar:1.24.0 || ./work/nar/extensions/nifi-standard-nar-1.24.0.nar-unpacked
	org.apache.nifi.processors.elasticsearch.PaginatedJsonQueryElasticsearch
		org.apache.nifi:nifi-elasticsearch-restapi-nar:1.24.0 || ./work/nar/extensions/nifi-elasticsearch-restapi-nar-1.24.0.nar-unpacked
	org.apache.nifi.processors.standard.ScanAttribute
		org.apache.nifi:nifi-standard-nar:1.24.0 || ./work/nar/extensions/nifi-standard-nar-1.24.0.nar-unpacked
	org.apache.nifi.processors.aws.ml.transcribe.GetAwsTranscribeJobStatus
		org.apache.nifi:nifi-aws-nar:1.24.0 || ./work/nar/extensions/nifi-aws-nar-1.24.0.nar-unpacked
	org.apache.nifi.processors.script.ScriptedValidateRecord
		org.apache.nifi:nifi-scripting-nar:1.24.0 || ./work/nar/extensions/nifi-scripting-nar-1.24.0.nar-unpacked
	org.apache.nifi.processors.standard.LookupRecord
		org.apache.nifi:nifi-standard-nar:1.24.0 || ./work/nar/extensions/nifi-standard-nar-1.24.0.nar-unpacked
	org.apache.nifi.processors.splunk.PutSplunkHTTP
		org.apache.nifi:nifi-splunk-nar:1.24.0 || ./work/nar/extensions/nifi-splunk-nar-1.24.0.nar-unpacked
	org.apache.nifi.processors.cipher.VerifyContentMAC
		org.apache.nifi:nifi-cipher-nar:1.24.0 || ./work/nar/extensions/nifi-cipher-nar-1.24.0.nar-unpacked
	org.apache.nifi.processors.standard.JoltTransformJSON
		org.apache.nifi:nifi-standard-nar:1.24.0 || ./work/nar/extensions/nifi-standard-nar-1.24.0.nar-unpacked
	org.apache.nifi.processors.azure.storage.MoveAzureDataLakeStorage
		org.apache.nifi:nifi-azure-nar:1.24.0 || ./work/nar/extensions/nifi-azure-nar-1.24.0.nar-unpacked
	org.apache.nifi.processors.azure.storage.PutAzureBlobStorage_v12
		org.apache.nifi:nifi-azure-nar:1.24.0 || ./work/nar/extensions/nifi-azure-nar-1.24.0.nar-unpacked
	org.apache.nifi.processors.solr.PutSolrRecord
		org.apache.nifi:nifi-solr-nar:1.24.0 || ./work/nar/extensions/nifi-solr-nar-1.24.0.nar-unpacked
	org.apache.nifi.processors.hadoop.GetHDFS
		org.apache.nifi:nifi-hadoop-nar:1.24.0 || ./work/nar/extensions/nifi-hadoop-nar-1.24.0.nar-unpacked
	org.apache.nifi.processors.standard.SplitRecord
		org.apache.nifi:nifi-standard-nar:1.24.0 || ./work/nar/extensions/nifi-standard-nar-1.24.0.nar-unpacked
	org.apache.nifi.processors.standard.SplitText
		org.apache.nifi:nifi-standard-nar:1.24.0 || ./work/nar/extensions/nifi-standard-nar-1.24.0.nar-unpacked
	org.apache.nifi.processors.azure.storage.PutAzureBlobStorage
		org.apache.nifi:nifi-azure-nar:1.24.0 || ./work/nar/extensions/nifi-azure-nar-1.24.0.nar-unpacked
	org.apache.nifi.processors.standard.FlattenJson
		org.apache.nifi:nifi-standard-nar:1.24.0 || ./work/nar/extensions/nifi-standard-nar-1.24.0.nar-unpacked
	org.apache.nifi.processors.stateless.ExecuteStateless
		org.apache.nifi:nifi-stateless-processor-nar:1.24.0 || ./work/nar/extensions/nifi-stateless-processor-nar-1.24.0.nar-unpacked
	org.apache.nifi.processors.elasticsearch.ScrollElasticsearchHttp
		org.apache.nifi:nifi-elasticsearch-nar:1.24.0 || ./work/nar/extensions/nifi-elasticsearch-nar-1.24.0.nar-unpacked
	org.apache.nifi.processors.gcp.bigquery.PutBigQueryStreaming
		org.apache.nifi:nifi-gcp-nar:1.24.0 || ./work/nar/extensions/nifi-gcp-nar-1.24.0.nar-unpacked
	org.apache.nifi.processors.standard.ListSFTP
		org.apache.nifi:nifi-standard-nar:1.24.0 || ./work/nar/extensions/nifi-standard-nar-1.24.0.nar-unpacked
	org.apache.nifi.snmp.processors.GetSNMP
		org.apache.nifi:nifi-snmp-nar:1.24.0 || ./work/nar/extensions/nifi-snmp-nar-1.24.0.nar-unpacked
	org.apache.nifi.processors.standard.MergeContent
		org.apache.nifi:nifi-standard-nar:1.24.0 || ./work/nar/extensions/nifi-standard-nar-1.24.0.nar-unpacked
	org.apache.nifi.processors.aws.s3.TagS3Object
		org.apache.nifi:nifi-aws-nar:1.24.0 || ./work/nar/extensions/nifi-aws-nar-1.24.0.nar-unpacked
	org.apache.nifi.processors.azure.storage.queue.GetAzureQueueStorage
		org.apache.nifi:nifi-azure-nar:1.24.0 || ./work/nar/extensions/nifi-azure-nar-1.24.0.nar-unpacked
	org.apache.nifi.processors.dropbox.PutDropbox
		org.apache.nifi:nifi-dropbox-processors-nar:1.24.0 || ./work/nar/extensions/nifi-dropbox-processors-nar-1.24.0.nar-unpacked
	org.apache.nifi.processors.standard.SplitJson
		org.apache.nifi:nifi-standard-nar:1.24.0 || ./work/nar/extensions/nifi-standard-nar-1.24.0.nar-unpacked
	org.apache.nifi.processors.mqtt.PublishMQTT
		org.apache.nifi:nifi-mqtt-nar:1.24.0 || ./work/nar/extensions/nifi-mqtt-nar-1.24.0.nar-unpacked
	org.apache.nifi.processors.aws.dynamodb.GetDynamoDB
		org.apache.nifi:nifi-aws-nar:1.24.0 || ./work/nar/extensions/nifi-aws-nar-1.24.0.nar-unpacked
	org.apache.nifi.processors.standard.ParseSyslog5424
		org.apache.nifi:nifi-standard-nar:1.24.0 || ./work/nar/extensions/nifi-standard-nar-1.24.0.nar-unpacked
	org.apache.nifi.processors.standard.MergeRecord
		org.apache.nifi:nifi-standard-nar:1.24.0 || ./work/nar/extensions/nifi-standard-nar-1.24.0.nar-unpacked
	org.apache.nifi.processors.aws.s3.ListS3
		org.apache.nifi:nifi-aws-nar:1.24.0 || ./work/nar/extensions/nifi-aws-nar-1.24.0.nar-unpacked
	org.apache.nifi.processors.standard.ConvertCharacterSet
		org.apache.nifi:nifi-standard-nar:1.24.0 || ./work/nar/extensions/nifi-standard-nar-1.24.0.nar-unpacked
	org.apache.nifi.processors.shopify.GetShopify
		org.apache.nifi:nifi-shopify-nar:1.24.0 || ./work/nar/extensions/nifi-shopify-nar-1.24.0.nar-unpacked
	org.apache.nifi.processors.hadoop.GetHDFSFileInfo
		org.apache.nifi:nifi-hadoop-nar:1.24.0 || ./work/nar/extensions/nifi-hadoop-nar-1.24.0.nar-unpacked
	org.apache.nifi.processors.salesforce.QuerySalesforceObject
		org.apache.nifi:nifi-salesforce-nar:1.24.0 || ./work/nar/extensions/nifi-salesforce-nar-1.24.0.nar-unpacked
	org.apache.nifi.processors.standard.ListenTCP
		org.apache.nifi:nifi-standard-nar:1.24.0 || ./work/nar/extensions/nifi-standard-nar-1.24.0.nar-unpacked
	org.apache.nifi.processors.standard.HashAttribute
		org.apache.nifi:nifi-standard-nar:1.24.0 || ./work/nar/extensions/nifi-standard-nar-1.24.0.nar-unpacked
	org.apache.nifi.processors.standard.SegmentContent
		org.apache.nifi:nifi-standard-nar:1.24.0 || ./work/nar/extensions/nifi-standard-nar-1.24.0.nar-unpacked
	org.apache.nifi.processors.enrich.QueryDNS
		org.apache.nifi:nifi-enrich-nar:1.24.0 || ./work/nar/extensions/nifi-enrich-nar-1.24.0.nar-unpacked
	org.apache.nifi.processors.attributes.UpdateAttribute
		org.apache.nifi:nifi-update-attribute-nar:1.24.0 || ./work/nar/extensions/nifi-update-attribute-nar-1.24.0.nar-unpacked
	org.apache.nifi.processors.standard.ExtractText
		org.apache.nifi:nifi-standard-nar:1.24.0 || ./work/nar/extensions/nifi-standard-nar-1.24.0.nar-unpacked
	org.apache.nifi.processors.standard.PutRecord
		org.apache.nifi:nifi-standard-nar:1.24.0 || ./work/nar/extensions/nifi-standard-nar-1.24.0.nar-unpacked
	org.apache.nifi.processors.twitter.GetTwitter
		org.apache.nifi:nifi-social-media-nar:1.24.0 || ./work/nar/extensions/nifi-social-media-nar-1.24.0.nar-unpacked
	org.apache.nifi.processors.aws.ml.textract.StartAwsTextractJob
		org.apache.nifi:nifi-aws-nar:1.24.0 || ./work/nar/extensions/nifi-aws-nar-1.24.0.nar-unpacked
	org.apache.nifi.snmp.processors.ListenTrapSNMP
		org.apache.nifi:nifi-snmp-nar:1.24.0 || ./work/nar/extensions/nifi-snmp-nar-1.24.0.nar-unpacked
	org.apache.nifi.processors.standard.PutSFTP
		org.apache.nifi:nifi-standard-nar:1.24.0 || ./work/nar/extensions/nifi-standard-nar-1.24.0.nar-unpacked
	org.apache.nifi.processors.hadoop.GetHDFSSequenceFile
		org.apache.nifi:nifi-hadoop-nar:1.24.0 || ./work/nar/extensions/nifi-hadoop-nar-1.24.0.nar-unpacked
	org.apache.nifi.processors.gcp.storage.FetchGCSObject
		org.apache.nifi:nifi-gcp-nar:1.24.0 || ./work/nar/extensions/nifi-gcp-nar-1.24.0.nar-unpacked
	org.apache.nifi.processors.standard.ValidateCsv
		org.apache.nifi:nifi-standard-nar:1.24.0 || ./work/nar/extensions/nifi-standard-nar-1.24.0.nar-unpacked
	org.apache.nifi.processors.standard.CryptographicHashAttribute
		org.apache.nifi:nifi-standard-nar:1.24.0 || ./work/nar/extensions/nifi-standard-nar-1.24.0.nar-unpacked
	org.apache.nifi.processors.standard.SampleRecord
		org.apache.nifi:nifi-standard-nar:1.24.0 || ./work/nar/extensions/nifi-standard-nar-1.24.0.nar-unpacked
	org.apache.nifi.processors.mongodb.gridfs.PutGridFS
		org.apache.nifi:nifi-mongodb-nar:1.24.0 || ./work/nar/extensions/nifi-mongodb-nar-1.24.0.nar-unpacked
	org.apache.nifi.processors.smb.FetchSmb
		org.apache.nifi:nifi-smb-nar:1.24.0 || ./work/nar/extensions/nifi-smb-nar-1.24.0.nar-unpacked
	org.apache.nifi.processors.kafka.pubsub.ConsumeKafka_2_6
		org.apache.nifi:nifi-kafka-2-6-nar:1.24.0 || ./work/nar/extensions/nifi-kafka-2-6-nar-1.24.0.nar-unpacked
	org.apache.nifi.processors.cassandra.PutCassandraRecord
		org.apache.nifi:nifi-cassandra-nar:1.24.0 || ./work/nar/extensions/nifi-cassandra-nar-1.24.0.nar-unpacked
	org.apache.nifi.processors.stateful.analysis.AttributeRollingWindow
		org.apache.nifi:nifi-stateful-analysis-nar:1.24.0 || ./work/nar/extensions/nifi-stateful-analysis-nar-1.24.0.nar-unpacked
	org.apache.nifi.processors.asana.GetAsanaObject
		org.apache.nifi:nifi-asana-processors-nar:1.24.0 || ./work/nar/extensions/nifi-asana-processors-nar-1.24.0.nar-unpacked
	org.apache.nifi.snmp.processors.SetSNMP
		org.apache.nifi:nifi-snmp-nar:1.24.0 || ./work/nar/extensions/nifi-snmp-nar-1.24.0.nar-unpacked
	org.apache.nifi.processors.standard.ValidateJson
		org.apache.nifi:nifi-standard-nar:1.24.0 || ./work/nar/extensions/nifi-standard-nar-1.24.0.nar-unpacked
	org.apache.nifi.processors.standard.ModifyBytes
		org.apache.nifi:nifi-standard-nar:1.24.0 || ./work/nar/extensions/nifi-standard-nar-1.24.0.nar-unpacked
	org.apache.nifi.processors.standard.TailFile
		org.apache.nifi:nifi-standard-nar:1.24.0 || ./work/nar/extensions/nifi-standard-nar-1.24.0.nar-unpacked
	org.apache.nifi.processors.standard.CompressContent
		org.apache.nifi:nifi-standard-nar:1.24.0 || ./work/nar/extensions/nifi-standard-nar-1.24.0.nar-unpacked
	org.apache.nifi.processors.aws.dynamodb.PutDynamoDB
		org.apache.nifi:nifi-aws-nar:1.24.0 || ./work/nar/extensions/nifi-aws-nar-1.24.0.nar-unpacked
	org.apache.nifi.processors.standard.EncodeContent
		org.apache.nifi:nifi-standard-nar:1.24.0 || ./work/nar/extensions/nifi-standard-nar-1.24.0.nar-unpacked
	org.apache.nifi.processors.azure.cosmos.document.PutAzureCosmosDBRecord
		org.apache.nifi:nifi-azure-nar:1.24.0 || ./work/nar/extensions/nifi-azure-nar-1.24.0.nar-unpacked
	org.apache.nifi.processors.standard.ExecuteSQLRecord
		org.apache.nifi:nifi-standard-nar:1.24.0 || ./work/nar/extensions/nifi-standard-nar-1.24.0.nar-unpacked
	org.apache.nifi.processors.standard.RouteText
		org.apache.nifi:nifi-standard-nar:1.24.0 || ./work/nar/extensions/nifi-standard-nar-1.24.0.nar-unpacked
	org.apache.nifi.PutHTMLElement
		org.apache.nifi:nifi-html-nar:1.24.0 || ./work/nar/extensions/nifi-html-nar-1.24.0.nar-unpacked
	org.apache.nifi.processors.mongodb.GetMongoRecord
		org.apache.nifi:nifi-mongodb-nar:1.24.0 || ./work/nar/extensions/nifi-mongodb-nar-1.24.0.nar-unpacked
	org.apache.nifi.processors.aws.ml.textract.GetAwsTextractJobStatus
		org.apache.nifi:nifi-aws-nar:1.24.0 || ./work/nar/extensions/nifi-aws-nar-1.24.0.nar-unpacked
	org.apache.nifi.processors.kafka.pubsub.PublishKafkaRecord_2_0
		org.apache.nifi:nifi-kafka-2-0-nar:1.24.0 || ./work/nar/extensions/nifi-kafka-2-0-nar-1.24.0.nar-unpacked
	org.apache.nifi.processors.standard.DebugFlow
		org.apache.nifi:nifi-standard-nar:1.24.0 || ./work/nar/extensions/nifi-standard-nar-1.24.0.nar-unpacked
	org.apache.nifi.processors.cipher.EncryptContentAge
		org.apache.nifi:nifi-cipher-nar:1.24.0 || ./work/nar/extensions/nifi-cipher-nar-1.24.0.nar-unpacked
	org.apache.nifi.processors.standard.PutTCP
		org.apache.nifi:nifi-standard-nar:1.24.0 || ./work/nar/extensions/nifi-standard-nar-1.24.0.nar-unpacked
	org.apache.nifi.hbase.PutHBaseJSON
		org.apache.nifi:nifi-hbase-nar:1.24.0 || ./work/nar/extensions/nifi-hbase-nar-1.24.0.nar-unpacked
	org.apache.nifi.processors.standard.ParseSyslog
		org.apache.nifi:nifi-standard-nar:1.24.0 || ./work/nar/extensions/nifi-standard-nar-1.24.0.nar-unpacked
	org.apache.nifi.processors.standard.GetJMSTopic
		org.apache.nifi:nifi-standard-nar:1.24.0 || ./work/nar/extensions/nifi-standard-nar-1.24.0.nar-unpacked
	org.apache.nifi.processors.mongodb.gridfs.DeleteGridFS
		org.apache.nifi:nifi-mongodb-nar:1.24.0 || ./work/nar/extensions/nifi-mongodb-nar-1.24.0.nar-unpacked
	org.apache.nifi.processors.aws.lambda.PutLambda
		org.apache.nifi:nifi-aws-nar:1.24.0 || ./work/nar/extensions/nifi-aws-nar-1.24.0.nar-unpacked
	org.apache.nifi.hbase.GetHBase
		org.apache.nifi:nifi-hbase-nar:1.24.0 || ./work/nar/extensions/nifi-hbase-nar-1.24.0.nar-unpacked
	org.apache.nifi.processors.avro.SplitAvro
		org.apache.nifi:nifi-avro-nar:1.24.0 || ./work/nar/extensions/nifi-avro-nar-1.24.0.nar-unpacked
	org.apache.nifi.processors.hadoop.FetchHDFS
		org.apache.nifi:nifi-hadoop-nar:1.24.0 || ./work/nar/extensions/nifi-hadoop-nar-1.24.0.nar-unpacked
	org.apache.nifi.processors.gcp.pubsub.ConsumeGCPubSub
		org.apache.nifi:nifi-gcp-nar:1.24.0 || ./work/nar/extensions/nifi-gcp-nar-1.24.0.nar-unpacked
	org.apache.nifi.processors.standard.ConvertJSONToSQL
		org.apache.nifi:nifi-standard-nar:1.24.0 || ./work/nar/extensions/nifi-standard-nar-1.24.0.nar-unpacked
	org.apache.nifi.processors.email.ExtractEmailAttachments
		org.apache.nifi:nifi-email-nar:1.24.0 || ./work/nar/extensions/nifi-email-nar-1.24.0.nar-unpacked
	org.apache.nifi.processors.standard.ParseCEF
		org.apache.nifi:nifi-standard-nar:1.24.0 || ./work/nar/extensions/nifi-standard-nar-1.24.0.nar-unpacked
	org.apache.nifi.processors.standard.ValidateRecord
		org.apache.nifi:nifi-standard-nar:1.24.0 || ./work/nar/extensions/nifi-standard-nar-1.24.0.nar-unpacked
	org.apache.nifi.processors.mongodb.RunMongoAggregation
		org.apache.nifi:nifi-mongodb-nar:1.24.0 || ./work/nar/extensions/nifi-mongodb-nar-1.24.0.nar-unpacked
	org.apache.nifi.processors.standard.ReplaceText
		org.apache.nifi:nifi-standard-nar:1.24.0 || ./work/nar/extensions/nifi-standard-nar-1.24.0.nar-unpacked
	org.apache.nifi.processors.yandex.YandexTranslate
		org.apache.nifi:nifi-language-translation-nar:1.24.0 || ./work/nar/extensions/nifi-language-translation-nar-1.24.0.nar-unpacked
	org.apache.nifi.processors.cipher.DecryptContentCompatibility
		org.apache.nifi:nifi-cipher-nar:1.24.0 || ./work/nar/extensions/nifi-cipher-nar-1.24.0.nar-unpacked
	org.apache.nifi.processors.elasticsearch.PutElasticsearchHttpRecord
		org.apache.nifi:nifi-elasticsearch-nar:1.24.0 || ./work/nar/extensions/nifi-elasticsearch-nar-1.24.0.nar-unpacked
	org.apache.nifi.processors.kafka.pubsub.ConsumeKafkaRecord_2_0
		org.apache.nifi:nifi-kafka-2-0-nar:1.24.0 || ./work/nar/extensions/nifi-kafka-2-0-nar-1.24.0.nar-unpacked
	org.apache.nifi.processors.standard.PutUDP
		org.apache.nifi:nifi-standard-nar:1.24.0 || ./work/nar/extensions/nifi-standard-nar-1.24.0.nar-unpacked
	org.apache.nifi.processors.standard.ExecuteProcess
		org.apache.nifi:nifi-standard-nar:1.24.0 || ./work/nar/extensions/nifi-standard-nar-1.24.0.nar-unpacked
	org.apache.nifi.snmp.processors.SendTrapSNMP
		org.apache.nifi:nifi-snmp-nar:1.24.0 || ./work/nar/extensions/nifi-snmp-nar-1.24.0.nar-unpacked
	org.apache.nifi.processors.standard.ListenRELP
		org.apache.nifi:nifi-standard-nar:1.24.0 || ./work/nar/extensions/nifi-standard-nar-1.24.0.nar-unpacked
	org.apache.nifi.processors.elasticsearch.FetchElasticsearchHttp
		org.apache.nifi:nifi-elasticsearch-nar:1.24.0 || ./work/nar/extensions/nifi-elasticsearch-nar-1.24.0.nar-unpacked
	org.apache.nifi.processors.aws.sqs.PutSQS
		org.apache.nifi:nifi-aws-nar:1.24.0 || ./work/nar/extensions/nifi-aws-nar-1.24.0.nar-unpacked
	org.apache.nifi.processors.gcp.drive.ListGoogleDrive
		org.apache.nifi:nifi-gcp-nar:1.24.0 || ./work/nar/extensions/nifi-gcp-nar-1.24.0.nar-unpacked
	org.apache.nifi.processors.standard.PackageFlowFile
		org.apache.nifi:nifi-standard-nar:1.24.0 || ./work/nar/extensions/nifi-standard-nar-1.24.0.nar-unpacked
	org.apache.nifi.ModifyHTMLElement
		org.apache.nifi:nifi-html-nar:1.24.0 || ./work/nar/extensions/nifi-html-nar-1.24.0.nar-unpacked
	org.apache.nifi.processors.kafka.pubsub.ConsumeKafka_2_0
		org.apache.nifi:nifi-kafka-2-0-nar:1.24.0 || ./work/nar/extensions/nifi-kafka-2-0-nar-1.24.0.nar-unpacked
	org.apache.nifi.processors.standard.ListenUDP
		org.apache.nifi:nifi-standard-nar:1.24.0 || ./work/nar/extensions/nifi-standard-nar-1.24.0.nar-unpacked
	org.apache.nifi.processors.rethinkdb.PutRethinkDB
		org.apache.nifi:nifi-rethinkdb-nar:1.24.0 || ./work/nar/extensions/nifi-rethinkdb-nar-1.24.0.nar-unpacked
	org.apache.nifi.processors.azure.eventhub.GetAzureEventHub
		org.apache.nifi:nifi-azure-nar:1.24.0 || ./work/nar/extensions/nifi-azure-nar-1.24.0.nar-unpacked
	org.apache.nifi.processors.aws.sns.PutSNS
		org.apache.nifi:nifi-aws-nar:1.24.0 || ./work/nar/extensions/nifi-aws-nar-1.24.0.nar-unpacked
	org.apache.nifi.processors.standard.ScanContent
		org.apache.nifi:nifi-standard-nar:1.24.0 || ./work/nar/extensions/nifi-standard-nar-1.24.0.nar-unpacked
	=== End Processor types ===
	=== FlowFileSwapManager Type ===
	org.apache.nifi.controller.EncryptedFileSystemSwapManager
		org.apache.nifi:nifi-framework-nar:1.24.0 || ./work/nar/framework/nifi-framework-nar-1.24.0.nar-unpacked
	org.apache.nifi.controller.FileSystemSwapManager
		org.apache.nifi:nifi-framework-nar:1.24.0 || ./work/nar/framework/nifi-framework-nar-1.24.0.nar-unpacked
	=== End FlowFileSwapManager types ===
	=== FlowFilePrioritizer Type ===
	org.apache.nifi.prioritizer.OldestFlowFileFirstPrioritizer
		org.apache.nifi:nifi-framework-nar:1.24.0 || ./work/nar/framework/nifi-framework-nar-1.24.0.nar-unpacked
	org.apache.nifi.prioritizer.FirstInFirstOutPrioritizer
		org.apache.nifi:nifi-framework-nar:1.24.0 || ./work/nar/framework/nifi-framework-nar-1.24.0.nar-unpacked
	org.apache.nifi.prioritizer.NewestFlowFileFirstPrioritizer
		org.apache.nifi:nifi-framework-nar:1.24.0 || ./work/nar/framework/nifi-framework-nar-1.24.0.nar-unpacked
	org.apache.nifi.prioritizer.PriorityAttributePrioritizer
		org.apache.nifi:nifi-framework-nar:1.24.0 || ./work/nar/framework/nifi-framework-nar-1.24.0.nar-unpacked
	=== End FlowFilePrioritizer types ===
	=== LoginIdentityProvider Type ===
	org.apache.nifi.authentication.single.user.SingleUserLoginIdentityProvider
		org.apache.nifi:nifi-single-user-iaa-providers-nar:1.24.0 || ./work/nar/extensions/nifi-single-user-iaa-providers-nar-1.24.0.nar-unpacked
	org.apache.nifi.kerberos.KerberosProvider
		org.apache.nifi:nifi-kerberos-iaa-providers-nar:1.24.0 || ./work/nar/extensions/nifi-kerberos-iaa-providers-nar-1.24.0.nar-unpacked
	org.apache.nifi.ldap.LdapProvider
		org.apache.nifi:nifi-ldap-iaa-providers-nar:1.24.0 || ./work/nar/extensions/nifi-ldap-iaa-providers-nar-1.24.0.nar-unpacked
	=== End LoginIdentityProvider types ===
	=== ReportingTask Type ===
	org.apache.nifi.reporting.ganglia.StandardGangliaReporter
		org.apache.nifi:nifi-standard-nar:1.24.0 || ./work/nar/extensions/nifi-standard-nar-1.24.0.nar-unpacked
	org.apache.nifi.reporting.SiteToSiteProvenanceReportingTask
		org.apache.nifi:nifi-site-to-site-reporting-nar:1.24.0 || ./work/nar/extensions/nifi-site-to-site-reporting-nar-1.24.0.nar-unpacked
	org.apache.nifi.reporting.SiteToSiteBulletinReportingTask
		org.apache.nifi:nifi-site-to-site-reporting-nar:1.24.0 || ./work/nar/extensions/nifi-site-to-site-reporting-nar-1.24.0.nar-unpacked
	org.apache.nifi.reporting.ambari.AmbariReportingTask
		org.apache.nifi:nifi-ambari-nar:1.24.0 || ./work/nar/extensions/nifi-ambari-nar-1.24.0.nar-unpacked
	org.apache.nifi.reporting.azure.loganalytics.AzureLogAnalyticsReportingTask
		org.apache.nifi:nifi-azure-nar:1.24.0 || ./work/nar/extensions/nifi-azure-nar-1.24.0.nar-unpacked
	org.apache.nifi.reporting.azure.loganalytics.AzureLogAnalyticsProvenanceReportingTask
		org.apache.nifi:nifi-azure-nar:1.24.0 || ./work/nar/extensions/nifi-azure-nar-1.24.0.nar-unpacked
	org.apache.nifi.reporting.datadog.DataDogReportingTask
		org.apache.nifi:nifi-datadog-nar:1.24.0 || ./work/nar/extensions/nifi-datadog-nar-1.24.0.nar-unpacked
	org.apache.nifi.reporting.script.ScriptedReportingTask
		org.apache.nifi:nifi-scripting-nar:1.24.0 || ./work/nar/extensions/nifi-scripting-nar-1.24.0.nar-unpacked
	org.apache.nifi.reporting.SiteToSiteMetricsReportingTask
		org.apache.nifi:nifi-site-to-site-reporting-nar:1.24.0 || ./work/nar/extensions/nifi-site-to-site-reporting-nar-1.24.0.nar-unpacked
	org.apache.nifi.reporting.SiteToSiteStatusReportingTask
		org.apache.nifi:nifi-site-to-site-reporting-nar:1.24.0 || ./work/nar/extensions/nifi-site-to-site-reporting-nar-1.24.0.nar-unpacked
	org.apache.nifi.reporting.prometheus.PrometheusReportingTask
		org.apache.nifi:nifi-prometheus-nar:1.24.0 || ./work/nar/extensions/nifi-prometheus-nar-1.24.0.nar-unpacked
	org.apache.nifi.controller.ControllerStatusReportingTask
		org.apache.nifi:nifi-standard-nar:1.24.0 || ./work/nar/extensions/nifi-standard-nar-1.24.0.nar-unpacked
	org.apache.nifi.controller.MonitorDiskUsage
		org.apache.nifi:nifi-standard-nar:1.24.0 || ./work/nar/extensions/nifi-standard-nar-1.24.0.nar-unpacked
	org.apache.nifi.metrics.reporting.task.MetricsReportingTask
		org.apache.nifi:nifi-metrics-reporting-nar:1.24.0 || ./work/nar/extensions/nifi-metrics-reporting-nar-1.24.0.nar-unpacked
	org.apache.nifi.controller.MonitorMemory
		org.apache.nifi:nifi-standard-nar:1.24.0 || ./work/nar/extensions/nifi-standard-nar-1.24.0.nar-unpacked
	=== End ReportingTask types ===
	=== NarProvider Type ===
	org.apache.nifi.registry.extension.NiFiRegistryNarProvider
		org.apache.nifi:nifi-framework-nar:1.24.0 || ./work/nar/framework/nifi-framework-nar-1.24.0.nar-unpacked
	org.apache.nifi.nar.hadoop.HDFSNarProvider
		org.apache.nifi:nifi-hadoop-nar:1.24.0 || ./work/nar/extensions/nifi-hadoop-nar-1.24.0.nar-unpacked
	=== End NarProvider types ===
	=== ParameterProvider Type ===
	org.apache.nifi.parameter.EnvironmentVariableParameterProvider
		org.apache.nifi:nifi-standard-nar:1.24.0 || ./work/nar/extensions/nifi-standard-nar-1.24.0.nar-unpacked
	org.apache.nifi.vault.hashicorp.HashiCorpVaultParameterProvider
		org.apache.nifi:nifi-hashicorp-vault-nar:1.24.0 || ./work/nar/extensions/nifi-hashicorp-vault-nar-1.24.0.nar-unpacked
	org.apache.nifi.parameter.gcp.GcpSecretManagerParameterProvider
		org.apache.nifi:nifi-gcp-nar:1.24.0 || ./work/nar/extensions/nifi-gcp-nar-1.24.0.nar-unpacked
	org.apache.nifi.parameter.aws.AwsSecretsManagerParameterProvider
		org.apache.nifi:nifi-aws-nar:1.24.0 || ./work/nar/extensions/nifi-aws-nar-1.24.0.nar-unpacked
	org.apache.nifi.parameter.azure.AzureKeyVaultSecretsParameterProvider
		org.apache.nifi:nifi-azure-nar:1.24.0 || ./work/nar/extensions/nifi-azure-nar-1.24.0.nar-unpacked
	org.apache.nifi.parameter.DatabaseParameterProvider
		org.apache.nifi:nifi-standard-nar:1.24.0 || ./work/nar/extensions/nifi-standard-nar-1.24.0.nar-unpacked
	org.apache.nifi.parameter.FileParameterProvider
		org.apache.nifi:nifi-standard-nar:1.24.0 || ./work/nar/extensions/nifi-standard-nar-1.24.0.nar-unpacked
	=== End ParameterProvider types ===
	=== ProvenanceRepository Type ===
	org.apache.nifi.provenance.PersistentProvenanceRepository
		org.apache.nifi:nifi-provenance-repository-nar:1.24.0 || ./work/nar/extensions/nifi-provenance-repository-nar-1.24.0.nar-unpacked
	org.apache.nifi.provenance.WriteAheadProvenanceRepository
		org.apache.nifi:nifi-provenance-repository-nar:1.24.0 || ./work/nar/extensions/nifi-provenance-repository-nar-1.24.0.nar-unpacked
	org.apache.nifi.provenance.VolatileProvenanceRepository
		org.apache.nifi:nifi-provenance-repository-nar:1.24.0 || ./work/nar/extensions/nifi-provenance-repository-nar-1.24.0.nar-unpacked
	org.apache.nifi.provenance.EncryptedWriteAheadProvenanceRepository
		org.apache.nifi:nifi-provenance-repository-nar:1.24.0 || ./work/nar/extensions/nifi-provenance-repository-nar-1.24.0.nar-unpacked
	=== End ProvenanceRepository types ===
	=== ContentRepository Type ===
	org.apache.nifi.controller.repository.FileSystemRepository
		org.apache.nifi:nifi-framework-nar:1.24.0 || ./work/nar/framework/nifi-framework-nar-1.24.0.nar-unpacked
	org.apache.nifi.controller.repository.crypto.EncryptedFileSystemRepository
		org.apache.nifi:nifi-framework-nar:1.24.0 || ./work/nar/framework/nifi-framework-nar-1.24.0.nar-unpacked
	=== End ContentRepository types ===
	=== UserGroupProvider Type ===
	org.apache.nifi.authorization.ShellUserGroupProvider
		org.apache.nifi:nifi-framework-nar:1.24.0 || ./work/nar/framework/nifi-framework-nar-1.24.0.nar-unpacked
	org.apache.nifi.authorization.CompositeConfigurableUserGroupProvider
		org.apache.nifi:nifi-framework-nar:1.24.0 || ./work/nar/framework/nifi-framework-nar-1.24.0.nar-unpacked
	org.apache.nifi.ldap.tenants.LdapUserGroupProvider
		org.apache.nifi:nifi-ldap-iaa-providers-nar:1.24.0 || ./work/nar/extensions/nifi-ldap-iaa-providers-nar-1.24.0.nar-unpacked
	org.apache.nifi.authorization.azure.AzureGraphUserGroupProvider
		org.apache.nifi:nifi-azure-nar:1.24.0 || ./work/nar/extensions/nifi-azure-nar-1.24.0.nar-unpacked
	org.apache.nifi.authorization.CompositeUserGroupProvider
		org.apache.nifi:nifi-framework-nar:1.24.0 || ./work/nar/framework/nifi-framework-nar-1.24.0.nar-unpacked
	org.apache.nifi.authorization.FileUserGroupProvider
		org.apache.nifi:nifi-framework-nar:1.24.0 || ./work/nar/framework/nifi-framework-nar-1.24.0.nar-unpacked
	=== End UserGroupProvider types ===
	=== FlowFileRepository Type ===
	org.apache.nifi.controller.repository.VolatileFlowFileRepository
		org.apache.nifi:nifi-framework-nar:1.24.0 || ./work/nar/framework/nifi-framework-nar-1.24.0.nar-unpacked
	org.apache.nifi.controller.repository.WriteAheadFlowFileRepository
		org.apache.nifi:nifi-framework-nar:1.24.0 || ./work/nar/framework/nifi-framework-nar-1.24.0.nar-unpacked
	=== End FlowFileRepository types ===
	=== StatusAnalyticsModel Type ===
	org.apache.nifi.controller.status.analytics.models.OrdinaryLeastSquares
		org.apache.nifi:nifi-framework-nar:1.24.0 || ./work/nar/framework/nifi-framework-nar-1.24.0.nar-unpacked
	org.apache.nifi.controller.status.analytics.models.SimpleRegression
		org.apache.nifi:nifi-framework-nar:1.24.0 || ./work/nar/framework/nifi-framework-nar-1.24.0.nar-unpacked
	=== End StatusAnalyticsModel types ===
	=== ControllerService Type ===
	org.apache.nifi.csv.CSVReader
		org.apache.nifi:nifi-record-serialization-services-nar:1.24.0 || ./work/nar/extensions/nifi-record-serialization-services-nar-1.24.0.nar-unpacked
	org.apache.nifi.services.azure.storage.AzureStorageCredentialsControllerService
		org.apache.nifi:nifi-azure-nar:1.24.0 || ./work/nar/extensions/nifi-azure-nar-1.24.0.nar-unpacked
	org.apache.nifi.record.sink.kafka.KafkaRecordSink_1_0
		org.apache.nifi:nifi-kafka-1-0-nar:1.24.0 || ./work/nar/extensions/nifi-kafka-1-0-nar-1.24.0.nar-unpacked
	org.apache.nifi.hbase.HBase_2_ClientMapCacheService
		org.apache.nifi:nifi-hbase_2-client-service-nar:1.24.0 || ./work/nar/extensions/nifi-hbase_2-client-service-nar-1.24.0.nar-unpacked
	org.apache.nifi.vault.hashicorp.StandardHashiCorpVaultClientService
		org.apache.nifi:nifi-hashicorp-vault-nar:1.24.0 || ./work/nar/extensions/nifi-hashicorp-vault-nar-1.24.0.nar-unpacked
	org.apache.nifi.lookup.DistributedMapCacheLookupService
		org.apache.nifi:nifi-lookup-services-nar:1.24.0 || ./work/nar/extensions/nifi-lookup-services-nar-1.24.0.nar-unpacked
	org.apache.nifi.json.JsonRecordSetWriter
		org.apache.nifi:nifi-record-serialization-services-nar:1.24.0 || ./work/nar/extensions/nifi-record-serialization-services-nar-1.24.0.nar-unpacked
	org.apache.nifi.controller.asana.StandardAsanaClientProviderService
		org.apache.nifi:nifi-asana-services-nar:1.24.0 || ./work/nar/extensions/nifi-asana-services-nar-1.24.0.nar-unpacked
	org.apache.nifi.couchbase.CouchbaseMapCacheClient
		org.apache.nifi:nifi-couchbase-nar:1.24.0 || ./work/nar/extensions/nifi-couchbase-nar-1.24.0.nar-unpacked
	org.apache.nifi.services.azure.storage.ADLSCredentialsControllerService
		org.apache.nifi:nifi-azure-nar:1.24.0 || ./work/nar/extensions/nifi-azure-nar-1.24.0.nar-unpacked
	org.apache.nifi.oauth2.StandardOauth2AccessTokenProvider
		org.apache.nifi:nifi-oauth2-provider-nar:1.24.0 || ./work/nar/extensions/nifi-oauth2-provider-nar-1.24.0.nar-unpacked
	org.apache.nifi.proxy.StandardProxyConfigurationService
		org.apache.nifi:nifi-proxy-configuration-nar:1.24.0 || ./work/nar/extensions/nifi-proxy-configuration-nar-1.24.0.nar-unpacked
	org.apache.nifi.record.sink.event.UDPEventRecordSink
		org.apache.nifi:nifi-record-sink-service-nar:1.24.0 || ./work/nar/extensions/nifi-record-sink-service-nar-1.24.0.nar-unpacked
	org.apache.nifi.mongodb.MongoDBLookupService
		org.apache.nifi:nifi-mongodb-services-nar:1.24.0 || ./work/nar/extensions/nifi-mongodb-services-nar-1.24.0.nar-unpacked
	org.apache.nifi.metrics.reporting.reporter.service.GraphiteMetricReporterService
		org.apache.nifi:nifi-metrics-reporting-nar:1.24.0 || ./work/nar/extensions/nifi-metrics-reporting-nar-1.24.0.nar-unpacked
	org.apache.nifi.lookup.RecordSetWriterLookup
		org.apache.nifi:nifi-record-serialization-services-nar:1.24.0 || ./work/nar/extensions/nifi-record-serialization-services-nar-1.24.0.nar-unpacked
	org.apache.nifi.record.sink.LoggingRecordSink
		org.apache.nifi:nifi-record-sink-service-nar:1.24.0 || ./work/nar/extensions/nifi-record-sink-service-nar-1.24.0.nar-unpacked
	org.apache.nifi.syslog.SyslogReader
		org.apache.nifi:nifi-record-serialization-services-nar:1.24.0 || ./work/nar/extensions/nifi-record-serialization-services-nar-1.24.0.nar-unpacked
	org.apache.nifi.reporting.prometheus.PrometheusRecordSink
		org.apache.nifi:nifi-prometheus-nar:1.24.0 || ./work/nar/extensions/nifi-prometheus-nar-1.24.0.nar-unpacked
	org.apache.nifi.elasticsearch.ElasticSearchClientServiceImpl
		org.apache.nifi:nifi-elasticsearch-client-service-nar:1.24.0 || ./work/nar/extensions/nifi-elasticsearch-client-service-nar-1.24.0.nar-unpacked
	org.apache.nifi.syslog.Syslog5424Reader
		org.apache.nifi:nifi-record-serialization-services-nar:1.24.0 || ./work/nar/extensions/nifi-record-serialization-services-nar-1.24.0.nar-unpacked
	org.apache.nifi.schema.inference.VolatileSchemaCache
		org.apache.nifi:nifi-record-serialization-services-nar:1.24.0 || ./work/nar/extensions/nifi-record-serialization-services-nar-1.24.0.nar-unpacked
	org.apache.nifi.lookup.db.SimpleDatabaseLookupService
		org.apache.nifi:nifi-lookup-services-nar:1.24.0 || ./work/nar/extensions/nifi-lookup-services-nar-1.24.0.nar-unpacked
	org.apache.nifi.aws.schemaregistry.AmazonGlueSchemaRegistry
		org.apache.nifi:nifi-aws-nar:1.24.0 || ./work/nar/extensions/nifi-aws-nar-1.24.0.nar-unpacked
	org.apache.nifi.cef.CEFReader
		org.apache.nifi:nifi-record-serialization-services-nar:1.24.0 || ./work/nar/extensions/nifi-record-serialization-services-nar-1.24.0.nar-unpacked
	org.apache.nifi.kerberos.KerberosTicketCacheUserService
		org.apache.nifi:nifi-kerberos-user-service-nar:1.24.0 || ./work/nar/extensions/nifi-kerberos-user-service-nar-1.24.0.nar-unpacked
	org.apache.nifi.oauth2.OAuth2TokenProviderImpl
		org.apache.nifi:nifi-oauth2-provider-nar:1.24.0 || ./work/nar/extensions/nifi-oauth2-provider-nar-1.24.0.nar-unpacked
	org.apache.nifi.controller.cassandra.CassandraDistributedMapCache
		org.apache.nifi:nifi-cassandra-services-nar:1.24.0 || ./work/nar/extensions/nifi-cassandra-services-nar-1.24.0.nar-unpacked
	org.apache.nifi.record.sink.kafka.KafkaRecordSink_2_0
		org.apache.nifi:nifi-kafka-2-0-nar:1.24.0 || ./work/nar/extensions/nifi-kafka-2-0-nar-1.24.0.nar-unpacked
	org.apache.nifi.kerberos.KerberosPasswordUserService
		org.apache.nifi:nifi-kerberos-user-service-nar:1.24.0 || ./work/nar/extensions/nifi-kerberos-user-service-nar-1.24.0.nar-unpacked
	org.apache.nifi.lookup.ReaderLookup
		org.apache.nifi:nifi-record-serialization-services-nar:1.24.0 || ./work/nar/extensions/nifi-record-serialization-services-nar-1.24.0.nar-unpacked
	org.apache.nifi.record.sink.lookup.RecordSinkServiceLookup
		org.apache.nifi:nifi-record-sink-service-nar:1.24.0 || ./work/nar/extensions/nifi-record-sink-service-nar-1.24.0.nar-unpacked
	org.apache.nifi.services.azure.StandardAzureCredentialsControllerService
		org.apache.nifi:nifi-azure-nar:1.24.0 || ./work/nar/extensions/nifi-azure-nar-1.24.0.nar-unpacked
	org.apache.nifi.lookup.script.ScriptedLookupService
		org.apache.nifi:nifi-scripting-nar:1.24.0 || ./work/nar/extensions/nifi-scripting-nar-1.24.0.nar-unpacked
	org.apache.nifi.pgp.service.standard.StandardPGPPrivateKeyService
		org.apache.nifi:nifi-pgp-service-nar:1.24.0 || ./work/nar/extensions/nifi-pgp-service-nar-1.24.0.nar-unpacked
	org.apache.nifi.hazelcast.services.cacheclient.HazelcastMapCacheClient
		org.apache.nifi:nifi-hazelcast-services-nar:1.24.0 || ./work/nar/extensions/nifi-hazelcast-services-nar-1.24.0.nar-unpacked
	org.apache.nifi.distributed.cache.client.DistributedSetCacheClientService
		org.apache.nifi:nifi-distributed-cache-services-nar:1.24.0 || ./work/nar/extensions/nifi-distributed-cache-services-nar-1.24.0.nar-unpacked
	org.apache.nifi.websocket.jetty.JettyWebSocketClient
		org.apache.nifi:nifi-websocket-services-jetty-nar:1.24.0 || ./work/nar/extensions/nifi-websocket-services-jetty-nar-1.24.0.nar-unpacked
	org.apache.nifi.windowsevent.WindowsEventLogReader
		org.apache.nifi:nifi-record-serialization-services-nar:1.24.0 || ./work/nar/extensions/nifi-record-serialization-services-nar-1.24.0.nar-unpacked
	org.apache.nifi.lookup.maxmind.IPLookupService
		org.apache.nifi:nifi-lookup-services-nar:1.24.0 || ./work/nar/extensions/nifi-lookup-services-nar-1.24.0.nar-unpacked
	org.apache.nifi.ssl.StandardRestrictedSSLContextService
		org.apache.nifi:nifi-ssl-context-service-nar:1.24.0 || ./work/nar/extensions/nifi-ssl-context-service-nar-1.24.0.nar-unpacked
	org.apache.nifi.box.controllerservices.JsonConfigBasedBoxClientService
		org.apache.nifi:nifi-box-services-nar:1.24.0 || ./work/nar/extensions/nifi-box-services-nar-1.24.0.nar-unpacked
	org.apache.nifi.reporting.sink.SiteToSiteReportingRecordSink
		org.apache.nifi:nifi-site-to-site-reporting-nar:1.24.0 || ./work/nar/extensions/nifi-site-to-site-reporting-nar-1.24.0.nar-unpacked
	org.apache.nifi.hazelcast.services.cachemanager.EmbeddedHazelcastCacheManager
		org.apache.nifi:nifi-hazelcast-services-nar:1.24.0 || ./work/nar/extensions/nifi-hazelcast-services-nar-1.24.0.nar-unpacked
	org.apache.nifi.parquet.ParquetRecordSetWriter
		org.apache.nifi:nifi-parquet-nar:1.24.0 || ./work/nar/extensions/nifi-parquet-nar-1.24.0.nar-unpacked
	org.apache.nifi.services.azure.cosmos.document.AzureCosmosDBClientService
		org.apache.nifi:nifi-azure-nar:1.24.0 || ./work/nar/extensions/nifi-azure-nar-1.24.0.nar-unpacked
	org.apache.nifi.parquet.ParquetReader
		org.apache.nifi:nifi-parquet-nar:1.24.0 || ./work/nar/extensions/nifi-parquet-nar-1.24.0.nar-unpacked
	org.apache.nifi.http.StandardHttpContextMap
		org.apache.nifi:nifi-http-context-map-nar:1.24.0 || ./work/nar/extensions/nifi-http-context-map-nar-1.24.0.nar-unpacked
	org.apache.nifi.dbcp.HikariCPConnectionPool
		org.apache.nifi:nifi-dbcp-service-nar:1.24.0 || ./work/nar/extensions/nifi-dbcp-service-nar-1.24.0.nar-unpacked
	org.apache.nifi.services.azure.storage.AzureStorageEmulatorCredentialsControllerService
		org.apache.nifi:nifi-azure-nar:1.24.0 || ./work/nar/extensions/nifi-azure-nar-1.24.0.nar-unpacked
	org.apache.nifi.lookup.PropertiesFileLookupService
		org.apache.nifi:nifi-lookup-services-nar:1.24.0 || ./work/nar/extensions/nifi-lookup-services-nar-1.24.0.nar-unpacked
	org.apache.nifi.record.sink.db.DatabaseRecordSink
		org.apache.nifi:nifi-dbcp-service-nar:1.24.0 || ./work/nar/extensions/nifi-dbcp-service-nar-1.24.0.nar-unpacked
	org.apache.nifi.jms.cf.JndiJmsConnectionFactoryProvider
		org.apache.nifi:nifi-jms-processors-nar:1.24.0 || ./work/nar/extensions/nifi-jms-processors-nar-1.24.0.nar-unpacked
	org.apache.nifi.excel.ExcelReader
		org.apache.nifi:nifi-poi-nar:1.24.0 || ./work/nar/extensions/nifi-poi-nar-1.24.0.nar-unpacked
	org.apache.nifi.rules.handlers.script.ScriptedActionHandler
		org.apache.nifi:nifi-scripting-nar:1.24.0 || ./work/nar/extensions/nifi-scripting-nar-1.24.0.nar-unpacked
	org.apache.nifi.kerberos.KeytabCredentialsService
		org.apache.nifi:nifi-kerberos-credentials-service-nar:1.24.0 || ./work/nar/extensions/nifi-kerberos-credentials-service-nar-1.24.0.nar-unpacked
	org.apache.nifi.rules.engine.script.ScriptedRulesEngine
		org.apache.nifi:nifi-scripting-nar:1.24.0 || ./work/nar/extensions/nifi-scripting-nar-1.24.0.nar-unpacked
	org.apache.nifi.lookup.RestLookupService
		org.apache.nifi:nifi-lookup-services-nar:1.24.0 || ./work/nar/extensions/nifi-lookup-services-nar-1.24.0.nar-unpacked
	org.apache.nifi.lookup.script.SimpleScriptedLookupService
		org.apache.nifi:nifi-scripting-nar:1.24.0 || ./work/nar/extensions/nifi-scripting-nar-1.24.0.nar-unpacked
	org.apache.nifi.record.sink.script.ScriptedRecordSink
		org.apache.nifi:nifi-scripting-nar:1.24.0 || ./work/nar/extensions/nifi-scripting-nar-1.24.0.nar-unpacked
	org.apache.nifi.hbase.HBase_2_RecordLookupService
		org.apache.nifi:nifi-hbase_2-client-service-nar:1.24.0 || ./work/nar/extensions/nifi-hbase_2-client-service-nar-1.24.0.nar-unpacked
	org.apache.nifi.hazelcast.services.cachemanager.ExternalHazelcastCacheManager
		org.apache.nifi:nifi-hazelcast-services-nar:1.24.0 || ./work/nar/extensions/nifi-hazelcast-services-nar-1.24.0.nar-unpacked
	org.apache.nifi.lookup.SimpleCsvFileLookupService
		org.apache.nifi:nifi-lookup-services-nar:1.24.0 || ./work/nar/extensions/nifi-lookup-services-nar-1.24.0.nar-unpacked
	org.apache.nifi.jms.cf.JMSConnectionFactoryProvider
		org.apache.nifi:nifi-jms-processors-nar:1.24.0 || ./work/nar/extensions/nifi-jms-processors-nar-1.24.0.nar-unpacked
	org.apache.nifi.fileresource.service.StandardFileResourceService
		org.apache.nifi:nifi-file-resource-service-nar:1.24.0 || ./work/nar/extensions/nifi-file-resource-service-nar-1.24.0.nar-unpacked
	org.apache.nifi.distributed.cache.server.map.DistributedMapCacheServer
		org.apache.nifi:nifi-distributed-cache-services-nar:1.24.0 || ./work/nar/extensions/nifi-distributed-cache-services-nar-1.24.0.nar-unpacked
	org.apache.nifi.record.script.ScriptedReader
		org.apache.nifi:nifi-scripting-nar:1.24.0 || ./work/nar/extensions/nifi-scripting-nar-1.24.0.nar-unpacked
	org.apache.nifi.record.sink.EmailRecordSink
		org.apache.nifi:nifi-record-sink-service-nar:1.24.0 || ./work/nar/extensions/nifi-record-sink-service-nar-1.24.0.nar-unpacked
	org.apache.nifi.lookup.SimpleKeyValueLookupService
		org.apache.nifi:nifi-lookup-services-nar:1.24.0 || ./work/nar/extensions/nifi-lookup-services-nar-1.24.0.nar-unpacked
	org.apache.nifi.text.FreeFormTextRecordSetWriter
		org.apache.nifi:nifi-record-serialization-services-nar:1.24.0 || ./work/nar/extensions/nifi-record-serialization-services-nar-1.24.0.nar-unpacked
	org.apache.nifi.confluent.schemaregistry.ConfluentSchemaRegistry
		org.apache.nifi:nifi-confluent-platform-nar:1.24.0 || ./work/nar/extensions/nifi-confluent-platform-nar-1.24.0.nar-unpacked
	org.apache.nifi.web.client.provider.service.StandardWebClientServiceProvider
		org.apache.nifi:nifi-web-client-provider-service-nar:1.24.0 || ./work/nar/extensions/nifi-web-client-provider-service-nar-1.24.0.nar-unpacked
	org.apache.nifi.key.service.StandardPrivateKeyService
		org.apache.nifi:nifi-key-service-nar:1.24.0 || ./work/nar/extensions/nifi-key-service-nar-1.24.0.nar-unpacked
	org.apache.nifi.services.azure.storage.AzureStorageCredentialsControllerServiceLookup
		org.apache.nifi:nifi-azure-nar:1.24.0 || ./work/nar/extensions/nifi-azure-nar-1.24.0.nar-unpacked
	org.apache.nifi.services.azure.storage.ADLSCredentialsControllerServiceLookup
		org.apache.nifi:nifi-azure-nar:1.24.0 || ./work/nar/extensions/nifi-azure-nar-1.24.0.nar-unpacked
	org.apache.nifi.dbcp.HadoopDBCPConnectionPool
		org.apache.nifi:nifi-hadoop-dbcp-service-nar:1.24.0 || ./work/nar/extensions/nifi-hadoop-dbcp-service-nar-1.24.0.nar-unpacked
	org.apache.nifi.processors.aws.s3.encryption.StandardS3EncryptionService
		org.apache.nifi:nifi-aws-nar:1.24.0 || ./work/nar/extensions/nifi-aws-nar-1.24.0.nar-unpacked
	org.apache.nifi.lookup.db.DatabaseRecordLookupService
		org.apache.nifi:nifi-lookup-services-nar:1.24.0 || ./work/nar/extensions/nifi-lookup-services-nar-1.24.0.nar-unpacked
	org.apache.nifi.redis.service.RedisDistributedMapCacheClientService
		org.apache.nifi:nifi-redis-nar:1.24.0 || ./work/nar/extensions/nifi-redis-nar-1.24.0.nar-unpacked
	org.apache.nifi.lookup.CSVRecordLookupService
		org.apache.nifi:nifi-lookup-services-nar:1.24.0 || ./work/nar/extensions/nifi-lookup-services-nar-1.24.0.nar-unpacked
	org.apache.nifi.avro.AvroReader
		org.apache.nifi:nifi-record-serialization-services-nar:1.24.0 || ./work/nar/extensions/nifi-record-serialization-services-nar-1.24.0.nar-unpacked
	org.apache.nifi.services.azure.eventhub.AzureEventHubRecordSink
		org.apache.nifi:nifi-azure-nar:1.24.0 || ./work/nar/extensions/nifi-azure-nar-1.24.0.nar-unpacked
	org.apache.nifi.pgp.service.standard.StandardPGPPublicKeyService
		org.apache.nifi:nifi-pgp-service-nar:1.24.0 || ./work/nar/extensions/nifi-pgp-service-nar-1.24.0.nar-unpacked
	org.apache.nifi.couchbase.CouchbaseClusterService
		org.apache.nifi:nifi-couchbase-nar:1.24.0 || ./work/nar/extensions/nifi-couchbase-nar-1.24.0.nar-unpacked
	org.apache.nifi.dbcp.DBCPConnectionPool
		org.apache.nifi:nifi-dbcp-service-nar:1.24.0 || ./work/nar/extensions/nifi-dbcp-service-nar-1.24.0.nar-unpacked
	org.apache.nifi.ssl.StandardSSLContextService
		org.apache.nifi:nifi-ssl-context-service-nar:1.24.0 || ./work/nar/extensions/nifi-ssl-context-service-nar-1.24.0.nar-unpacked
	org.apache.nifi.grok.GrokReader
		org.apache.nifi:nifi-record-serialization-services-nar:1.24.0 || ./work/nar/extensions/nifi-record-serialization-services-nar-1.24.0.nar-unpacked
	org.apache.nifi.services.dropbox.StandardDropboxCredentialService
		org.apache.nifi:nifi-dropbox-services-nar:1.24.0 || ./work/nar/extensions/nifi-dropbox-services-nar-1.24.0.nar-unpacked
	org.apache.nifi.redis.service.RedisConnectionPoolService
		org.apache.nifi:nifi-redis-nar:1.24.0 || ./work/nar/extensions/nifi-redis-nar-1.24.0.nar-unpacked
	org.apache.nifi.json.JsonPathReader
		org.apache.nifi:nifi-record-serialization-services-nar:1.24.0 || ./work/nar/extensions/nifi-record-serialization-services-nar-1.24.0.nar-unpacked
	org.apache.nifi.controller.kudu.KuduLookupService
		org.apache.nifi:nifi-kudu-nar:1.24.0 || ./work/nar/extensions/nifi-kudu-nar-1.24.0.nar-unpacked
	org.apache.nifi.avro.AvroRecordSetWriter
		org.apache.nifi:nifi-record-serialization-services-nar:1.24.0 || ./work/nar/extensions/nifi-record-serialization-services-nar-1.24.0.nar-unpacked
	org.apache.nifi.schemaregistry.hortonworks.HortonworksSchemaRegistry
		org.apache.nifi:nifi-hwx-schema-registry-nar:1.24.0 || ./work/nar/extensions/nifi-hwx-schema-registry-nar-1.24.0.nar-unpacked
	org.apache.nifi.dbcp.DBCPConnectionPoolLookup
		org.apache.nifi:nifi-dbcp-service-nar:1.24.0 || ./work/nar/extensions/nifi-dbcp-service-nar-1.24.0.nar-unpacked
	org.apache.nifi.elasticsearch.ElasticSearchStringLookupService
		org.apache.nifi:nifi-elasticsearch-client-service-nar:1.24.0 || ./work/nar/extensions/nifi-elasticsearch-client-service-nar-1.24.0.nar-unpacked
	org.apache.nifi.hbase.HBase_2_ClientService
		org.apache.nifi:nifi-hbase_2-client-service-nar:1.24.0 || ./work/nar/extensions/nifi-hbase_2-client-service-nar-1.24.0.nar-unpacked
	org.apache.nifi.distributed.cache.server.DistributedSetCacheServer
		org.apache.nifi:nifi-distributed-cache-services-nar:1.24.0 || ./work/nar/extensions/nifi-distributed-cache-services-nar-1.24.0.nar-unpacked
	org.apache.nifi.service.CassandraSessionProvider
		org.apache.nifi:nifi-cassandra-services-nar:1.24.0 || ./work/nar/extensions/nifi-cassandra-services-nar-1.24.0.nar-unpacked
	org.apache.nifi.yaml.YamlTreeReader
		org.apache.nifi:nifi-record-serialization-services-nar:1.24.0 || ./work/nar/extensions/nifi-record-serialization-services-nar-1.24.0.nar-unpacked
	org.apache.nifi.processors.aws.credentials.provider.service.AWSCredentialsProviderControllerService
		org.apache.nifi:nifi-aws-nar:1.24.0 || ./work/nar/extensions/nifi-aws-nar-1.24.0.nar-unpacked
	org.apache.nifi.kerberos.KerberosKeytabUserService
		org.apache.nifi:nifi-kerberos-user-service-nar:1.24.0 || ./work/nar/extensions/nifi-kerberos-user-service-nar-1.24.0.nar-unpacked
	org.apache.nifi.lookup.XMLFileLookupService
		org.apache.nifi:nifi-lookup-services-nar:1.24.0 || ./work/nar/extensions/nifi-lookup-services-nar-1.24.0.nar-unpacked
	org.apache.nifi.csv.CSVRecordSetWriter
		org.apache.nifi:nifi-record-serialization-services-nar:1.24.0 || ./work/nar/extensions/nifi-record-serialization-services-nar-1.24.0.nar-unpacked
	org.apache.nifi.json.JsonTreeReader
		org.apache.nifi:nifi-record-serialization-services-nar:1.24.0 || ./work/nar/extensions/nifi-record-serialization-services-nar-1.24.0.nar-unpacked
	org.apache.nifi.websocket.jetty.JettyWebSocketServer
		org.apache.nifi:nifi-websocket-services-jetty-nar:1.24.0 || ./work/nar/extensions/nifi-websocket-services-jetty-nar-1.24.0.nar-unpacked
	org.apache.nifi.couchbase.CouchbaseRecordLookupService
		org.apache.nifi:nifi-couchbase-nar:1.24.0 || ./work/nar/extensions/nifi-couchbase-nar-1.24.0.nar-unpacked
	org.apache.nifi.distributed.cache.client.DistributedMapCacheClientService
		org.apache.nifi:nifi-distributed-cache-services-nar:1.24.0 || ./work/nar/extensions/nifi-distributed-cache-services-nar-1.24.0.nar-unpacked
	org.apache.nifi.record.sink.kafka.KafkaRecordSink_2_6
		org.apache.nifi:nifi-kafka-2-6-nar:1.24.0 || ./work/nar/extensions/nifi-kafka-2-6-nar-1.24.0.nar-unpacked
	org.apache.nifi.xml.XMLRecordSetWriter
		org.apache.nifi:nifi-record-serialization-services-nar:1.24.0 || ./work/nar/extensions/nifi-record-serialization-services-nar-1.24.0.nar-unpacked
	org.apache.nifi.schemaregistry.services.AvroSchemaRegistry
		org.apache.nifi:nifi-registry-nar:1.24.0 || ./work/nar/extensions/nifi-registry-nar-1.24.0.nar-unpacked
	org.apache.nifi.services.smb.SmbjClientProviderService
		org.apache.nifi:nifi-smb-smbj-client-nar:1.24.0 || ./work/nar/extensions/nifi-smb-smbj-client-nar-1.24.0.nar-unpacked
	org.apache.nifi.elasticsearch.ElasticSearchLookupService
		org.apache.nifi:nifi-elasticsearch-client-service-nar:1.24.0 || ./work/nar/extensions/nifi-elasticsearch-client-service-nar-1.24.0.nar-unpacked
	org.apache.nifi.record.script.ScriptedRecordSetWriter
		org.apache.nifi:nifi-scripting-nar:1.24.0 || ./work/nar/extensions/nifi-scripting-nar-1.24.0.nar-unpacked
	org.apache.nifi.redis.service.SimpleRedisDistributedMapCacheClientService
		org.apache.nifi:nifi-redis-nar:1.24.0 || ./work/nar/extensions/nifi-redis-nar-1.24.0.nar-unpacked
	org.apache.nifi.mongodb.MongoDBControllerService
		org.apache.nifi:nifi-mongodb-services-nar:1.24.0 || ./work/nar/extensions/nifi-mongodb-services-nar-1.24.0.nar-unpacked
	org.apache.nifi.xml.XMLReader
		org.apache.nifi:nifi-record-serialization-services-nar:1.24.0 || ./work/nar/extensions/nifi-record-serialization-services-nar-1.24.0.nar-unpacked
	org.apache.nifi.services.azure.storage.AzureStorageCredentialsControllerServiceLookup_v12
		org.apache.nifi:nifi-azure-nar:1.24.0 || ./work/nar/extensions/nifi-azure-nar-1.24.0.nar-unpacked
	org.apache.nifi.services.azure.storage.AzureStorageCredentialsControllerService_v12
		org.apache.nifi:nifi-azure-nar:1.24.0 || ./work/nar/extensions/nifi-azure-nar-1.24.0.nar-unpacked
	org.apache.nifi.couchbase.CouchbaseKeyValueLookupService
		org.apache.nifi:nifi-couchbase-nar:1.24.0 || ./work/nar/extensions/nifi-couchbase-nar-1.24.0.nar-unpacked
	org.apache.nifi.processors.gcp.credentials.service.GCPCredentialsControllerService
		org.apache.nifi:nifi-gcp-nar:1.24.0 || ./work/nar/extensions/nifi-gcp-nar-1.24.0.nar-unpacked
	=== End ControllerService types ===
	=== FlowRegistryClient Type ===
	org.apache.nifi.registry.flow.NifiRegistryFlowRegistryClient
		org.apache.nifi:nifi-flow-registry-client-nar:1.24.0 || ./work/nar/extensions/nifi-flow-registry-client-nar-1.24.0.nar-unpacked
	=== End FlowRegistryClient types ===
	=== StatusHistoryRepository Type ===
	org.apache.nifi.controller.status.history.VolatileComponentStatusRepository
		org.apache.nifi:nifi-framework-nar:1.24.0 || ./work/nar/framework/nifi-framework-nar-1.24.0.nar-unpacked
	org.apache.nifi.controller.status.history.EmbeddedQuestDbStatusHistoryRepository
		org.apache.nifi:nifi-framework-nar:1.24.0 || ./work/nar/framework/nifi-framework-nar-1.24.0.nar-unpacked
	=== End StatusHistoryRepository types ===
	=== StateProvider Type ===
	org.apache.nifi.controller.state.providers.local.WriteAheadLocalStateProvider
		org.apache.nifi:nifi-framework-nar:1.24.0 || ./work/nar/framework/nifi-framework-nar-1.24.0.nar-unpacked
	org.apache.nifi.redis.state.RedisStateProvider
		org.apache.nifi:nifi-redis-nar:1.24.0 || ./work/nar/extensions/nifi-redis-nar-1.24.0.nar-unpacked
	org.apache.nifi.controller.state.providers.zookeeper.ZooKeeperStateProvider
		org.apache.nifi:nifi-framework-nar:1.24.0 || ./work/nar/framework/nifi-framework-nar-1.24.0.nar-unpacked
	=== End StateProvider types ===
	=== AccessPolicyProvider Type ===
	org.apache.nifi.authorization.FileAccessPolicyProvider
		org.apache.nifi:nifi-framework-nar:1.24.0 || ./work/nar/framework/nifi-framework-nar-1.24.0.nar-unpacked
	=== End AccessPolicyProvider types ===
	=== ExternalResourceProvider Type ===
	org.apache.nifi.registry.extension.NiFiRegistryExternalResourceProvider
		org.apache.nifi:nifi-framework-nar:1.24.0 || ./work/nar/framework/nifi-framework-nar-1.24.0.nar-unpacked
	org.apache.nifi.flow.resource.hadoop.HDFSExternalResourceProvider
		org.apache.nifi:nifi-hadoop-nar:1.24.0 || ./work/nar/extensions/nifi-hadoop-nar-1.24.0.nar-unpacked
	=== End ExternalResourceProvider types ===
	=== Authorizer Type ===
	org.apache.nifi.authorization.single.user.SingleUserAuthorizer
		org.apache.nifi:nifi-single-user-iaa-providers-nar:1.24.0 || ./work/nar/extensions/nifi-single-user-iaa-providers-nar-1.24.0.nar-unpacked
	org.apache.nifi.authorization.FileAuthorizer
		org.apache.nifi:nifi-framework-nar:1.24.0 || ./work/nar/framework/nifi-framework-nar-1.24.0.nar-unpacked
	org.apache.nifi.authorization.StandardManagedAuthorizer
		org.apache.nifi:nifi-framework-nar:1.24.0 || ./work/nar/framework/nifi-framework-nar-1.24.0.nar-unpacked
	=== End Authorizer types ===
2025-10-16 11:17:16,976 INFO [main] o.a.n.f.r.CompositeExternalResourceProviderService Starting External Resource Provider Service ...
2025-10-16 11:17:16,976 INFO [main] o.a.n.f.r.CompositeExternalResourceProviderService External Resource Provider Service is started successfully
2025-10-16 11:17:16,977 INFO [main] org.apache.nifi.nar.NarAutoLoader Found 0 initial NARs from directory extensions
2025-10-16 11:17:16,979 INFO [main] org.apache.nifi.nar.NarAutoLoader Starting NAR Auto-Loader Thread for directory ./extensions ...
2025-10-16 11:17:16,979 INFO [main] org.eclipse.jetty.server.Server jetty-9.4.53.v20231009; built: 2023-10-09T12:29:09.265Z; git: 27bde00a0b95a1d5bbee0eae7984f891d2d0f8c9; jvm 11.0.21+9
2025-10-16 11:17:17,290 INFO [main] o.e.j.a.AnnotationConfiguration Scanning elapsed time=210ms
2025-10-16 11:17:17,340 INFO [main] org.eclipse.jetty.server.session DefaultSessionIdManager workerName=node0
2025-10-16 11:17:17,341 INFO [main] org.eclipse.jetty.server.session No SessionScavenger set, using defaults
2025-10-16 11:17:17,341 INFO [main] org.eclipse.jetty.server.session node0 Scavenging every 600000ms
2025-10-16 11:17:17,362 INFO [main] o.e.jetty.server.handler.ContextHandler Started o.e.j.w.WebAppContext@6bcae9{/nifi-update-attribute-ui-1.24.0,/nifi-update-attribute-ui-1.24.0,file:///opt/nifi/nifi-current/work/jetty/nifi-update-attribute-ui-1.24.0.war/webapp/,AVAILABLE}{./work/nar/extensions/nifi-update-attribute-nar-1.24.0.nar-unpacked/NAR-INF/bundled-dependencies/nifi-update-attribute-ui-1.24.0.war}
2025-10-16 11:17:17,369 INFO [main] o.e.j.a.AnnotationConfiguration Scanning elapsed time=2ms
2025-10-16 11:17:17,381 INFO [main] o.e.jetty.server.handler.ContextHandler Started o.e.j.w.WebAppContext@5aa781f2{nifi-image-viewer,/nifi-image-viewer-1.24.0,file:///opt/nifi/nifi-current/work/jetty/nifi-image-viewer-1.24.0.war/webapp/,AVAILABLE}{./work/nar/extensions/nifi-image-viewer-nar-1.24.0.nar-unpacked/NAR-INF/bundled-dependencies/nifi-image-viewer-1.24.0.war}
2025-10-16 11:17:17,419 INFO [main] o.e.j.a.AnnotationConfiguration Scanning elapsed time=11ms
2025-10-16 11:17:17,430 INFO [main] o.e.jetty.server.handler.ContextHandler Started o.e.j.w.WebAppContext@58feb6b0{nifi-standard-content-viewer,/nifi-standard-content-viewer-1.24.0,file:///opt/nifi/nifi-current/work/jetty/nifi-standard-content-viewer-1.24.0.war/webapp/,AVAILABLE}{./work/nar/extensions/nifi-standard-nar-1.24.0.nar-unpacked/NAR-INF/bundled-dependencies/nifi-standard-content-viewer-1.24.0.war}
2025-10-16 11:17:17,528 INFO [main] o.e.j.a.AnnotationConfiguration Scanning elapsed time=44ms
2025-10-16 11:17:17,541 INFO [main] o.e.jetty.server.handler.ContextHandler Started o.e.j.w.WebAppContext@66d25ba9{/nifi-jolt-transform-json-ui-1.24.0,/nifi-jolt-transform-json-ui-1.24.0,file:///opt/nifi/nifi-current/work/jetty/nifi-jolt-transform-json-ui-1.24.0.war/webapp/,AVAILABLE}{./work/nar/extensions/nifi-standard-nar-1.24.0.nar-unpacked/NAR-INF/bundled-dependencies/nifi-jolt-transform-json-ui-1.24.0.war}
2025-10-16 11:17:17,612 INFO [main] o.e.j.a.AnnotationConfiguration Scanning elapsed time=11ms
2025-10-16 11:17:17,615 INFO [main] o.e.j.s.handler.ContextHandler._nifi No Spring WebApplicationInitializer types detected on classpath
2025-10-16 11:17:17,625 INFO [main] o.e.jetty.server.handler.ContextHandler Started o.e.j.w.WebAppContext@3830f918{nifi,/nifi,file:///opt/nifi/nifi-current/work/jetty/nifi-web-ui-1.24.0.war/webapp/,AVAILABLE}{./work/nar/extensions/nifi-server-nar-1.24.0.nar-unpacked/NAR-INF/bundled-dependencies/nifi-web-ui-1.24.0.war}
2025-10-16 11:17:17,747 INFO [main] o.e.j.a.AnnotationConfiguration Scanning elapsed time=34ms
2025-10-16 11:17:17,747 INFO [main] o.e.j.s.handler.ContextHandler._nifi_api No Spring WebApplicationInitializer types detected on classpath
2025-10-16 11:17:17,764 INFO [main] o.e.j.s.handler.ContextHandler._nifi_api Initializing Spring root WebApplicationContext
2025-10-16 11:17:18,358 INFO [main] o.a.nifi.properties.NiFiPropertiesLoader Loading Application Properties [/opt/nifi/nifi-current/./conf/nifi.properties]
2025-10-16 11:17:18,767 INFO [main] jetbrains.exodus.env.EnvironmentImpl Exodus environment created: ./database_repository
2025-10-16 11:17:18,832 INFO [main] o.a.n.a.service.EntityStoreAuditService Environment configured with directory [./database_repository]
2025-10-16 11:17:19,235 INFO [main] o.a.n.r.v.FileBasedVariableRegistry Loaded 90 properties from system properties and environment variables
2025-10-16 11:17:19,236 INFO [main] o.a.n.r.v.FileBasedVariableRegistry Loaded a total of 90 properties.  Including precedence overrides effective accessible registry key size is 90
2025-10-16 11:17:19,409 INFO [main] o.a.n.c.r.WriteAheadFlowFileRepository Initialized FlowFile Repository
2025-10-16 11:17:19,411 INFO [main] o.apache.nifi.controller.FlowController Creating Provenance Repository [org.apache.nifi.provenance.WriteAheadProvenanceRepository]
2025-10-16 11:17:19,427 INFO [main] o.a.n.p.store.WriteAheadStorePartition After recovering ./provenance_repository, next Event ID to be generated will be 0
2025-10-16 11:17:19,428 INFO [main] o.a.n.p.index.lucene.LuceneEventIndex Will avoid re-indexing Provenance Events because the newest index is defunct, so it will be re-indexed in the background
2025-10-16 11:17:19,428 INFO [main] o.apache.nifi.controller.FlowController Creating Content Repository [org.apache.nifi.controller.repository.FileSystemRepository]
2025-10-16 11:17:19,431 INFO [main] o.a.n.c.repository.FileSystemRepository Maximum Threshold for Container default set to 127455741870 bytes; if volume exceeds this size, archived data will be deleted until it no longer exceeds this size
2025-10-16 11:17:19,431 INFO [main] o.a.n.c.repository.FileSystemRepository Initializing FileSystemRepository with 'Always Sync' set to false
2025-10-16 11:17:19,753 INFO [main] org.wali.MinimalLockingWriteAheadLog org.wali.MinimalLockingWriteAheadLog@6c75c5e8 finished recovering records. Performing Checkpoint to ensure proper state of Partitions before updates
2025-10-16 11:17:19,753 INFO [main] org.wali.MinimalLockingWriteAheadLog Successfully recovered 2 records in 6 milliseconds
2025-10-16 11:17:19,771 INFO [main] org.wali.MinimalLockingWriteAheadLog org.wali.MinimalLockingWriteAheadLog@6c75c5e8 checkpointed with 2 Records and 0 Swap Files in 18 milliseconds (Stop-the-world time = 6 milliseconds, Clear Edit Logs time = 9 millis), max Transaction ID 3
2025-10-16 11:17:20,795 INFO [main] o.s.s.web.DefaultSecurityFilterChain Will secure any request with [org.springframework.security.web.context.request.async.WebAsyncManagerIntegrationFilter@7dcd8e74, org.apache.nifi.web.security.csrf.SkipReplicatedCsrfFilter@6a7c0932, org.springframework.security.web.csrf.CsrfFilter@31741bb6, org.apache.nifi.web.security.x509.X509AuthenticationFilter@4e64e44c, org.springframework.security.oauth2.server.resource.web.authentication.BearerTokenAuthenticationFilter@51413d02, org.apache.nifi.web.security.anonymous.NiFiAnonymousAuthenticationFilter@406ea770, org.apache.nifi.web.security.log.AuthenticationUserFilter@4ad113d6, org.springframework.security.web.access.ExceptionTranslationFilter@7a725c89, org.springframework.security.web.access.intercept.AuthorizationFilter@7f4f432b]
2025-10-16 11:17:20,965 INFO [main] o.a.n.w.c.ApplicationStartupContextListener Starting Flow Controller...
2025-10-16 11:17:20,972 INFO [main] o.a.n.c.s.VersionedFlowSynchronizer Synchronizing FlowController with proposed flow: Controller Already Synchronized = false
2025-10-16 11:17:21,076 INFO [main] o.a.n.c.s.VersionedFlowSynchronizer In order to inherit proposed dataflow, will stop any components that will be affected by the update
2025-10-16 11:17:21,076 INFO [main] o.a.n.c.s.AffectedComponentSet Stopping the following components: AffectedComponentSet[inputPorts=[], outputPorts=[], remoteInputPorts=[], remoteOutputPorts=[], processors=[], parameterProviders=[], flowRegistryCliens=[], controllerServices=[], reportingTasks=[]]
2025-10-16 11:17:21,076 INFO [main] o.a.n.c.s.AffectedComponentSet Successfully stopped all components in 0 milliseconds
2025-10-16 11:17:21,079 INFO [main] o.a.n.wali.SequentialAccessWriteAheadLog Recovering records from Write-Ahead Log at ./flowfile_repository
2025-10-16 11:17:21,082 INFO [main] org.apache.nifi.wali.HashMapSnapshot org.apache.nifi.wali.HashMapSnapshot@4159c66d restored 0 Records and 0 Swap Files from Snapshot, ending with Transaction ID -1
2025-10-16 11:17:21,083 INFO [main] o.a.n.wali.SequentialAccessWriteAheadLog Successfully recovered 0 records and 0 swap files from Snapshot at ./flowfile_repository/checkpoint with Max Transaction ID of -1 in 4 milliseconds. Now recovering records from 1 journal files
2025-10-16 11:17:21,084 INFO [main] o.a.nifi.wali.LengthDelimitedJournal Recovering records from journal ./flowfile_repository/journals/1.journal
2025-10-16 11:17:21,085 INFO [main] o.a.nifi.wali.LengthDelimitedJournal Successfully recovered 0 updates from journal ./flowfile_repository/journals/1.journal
2025-10-16 11:17:21,085 INFO [main] o.a.n.wali.SequentialAccessWriteAheadLog Successfully recovered 0 records in 6 milliseconds. Now checkpointing to ensure that Write-Ahead Log is in a consistent state
2025-10-16 11:17:21,087 INFO [main] o.a.n.wali.SequentialAccessWriteAheadLog Checkpointed Write-Ahead Log with 0 Records and 0 Swap Files in 1 milliseconds (Stop-the-world time = 0 milliseconds), max Transaction ID -1
2025-10-16 11:17:21,087 INFO [main] o.apache.nifi.controller.FlowController [Timer Driven] Maximum Thread Count updated [10] previous [10]
2025-10-16 11:17:21,087 INFO [main] o.apache.nifi.controller.FlowController [Event Driven] Maximum Thread Count updated [1] previous [1]
2025-10-16 11:17:21,097 INFO [main] o.a.n.f.s.StandardVersionedComponentSynchronizer Updating StandardProcessGroup[identifier=ecba9bfb-0199-1000-35f6-b3d6044d7b9b,name=NiFi Flow] to org.apache.nifi.flow.VersionedExternalFlow@61cf810c; there are 4 differences to take into account:
Processor with ID ecbc19c0-0199-1000-df2c-1dfb00b8a42a exists in Proposed Flow but not in Currently Loaded Flow
Processor with ID ecbc40e6-0199-1000-5ae4-0da09556a50f exists in Proposed Flow but not in Currently Loaded Flow
Processor with ID ecbbb8b2-0199-1000-a0e3-cf16028ce496 exists in Proposed Flow but not in Currently Loaded Flow
Processor with ID ecbbdccf-0199-1000-5cee-1e19b9364109 exists in Proposed Flow but not in Currently Loaded Flow
2025-10-16 11:17:21,121 INFO [main] o.a.nifi.groups.StandardProcessGroup SplitJson[id=ecbc40e6-0199-1000-5ae4-0da09556a50f] added to StandardProcessGroup[identifier=ecba9bfb-0199-1000-35f6-b3d6044d7b9b,name=NiFi Flow]
2025-10-16 11:17:21,126 INFO [main] o.a.n.f.s.StandardVersionedComponentSynchronizer Added SplitJson[id=ecbc40e6-0199-1000-5ae4-0da09556a50f] to StandardProcessGroup[identifier=ecba9bfb-0199-1000-35f6-b3d6044d7b9b,name=NiFi Flow]
2025-10-16 11:17:21,127 INFO [main] o.a.nifi.groups.StandardProcessGroup ConvertRecord[id=ecbc19c0-0199-1000-df2c-1dfb00b8a42a] added to StandardProcessGroup[identifier=ecba9bfb-0199-1000-35f6-b3d6044d7b9b,name=NiFi Flow]
2025-10-16 11:17:21,128 INFO [main] o.a.n.f.s.StandardVersionedComponentSynchronizer Added ConvertRecord[id=ecbc19c0-0199-1000-df2c-1dfb00b8a42a] to StandardProcessGroup[identifier=ecba9bfb-0199-1000-35f6-b3d6044d7b9b,name=NiFi Flow]
2025-10-16 11:17:21,129 INFO [main] o.a.nifi.groups.StandardProcessGroup LogAttribute[id=ecbbdccf-0199-1000-5cee-1e19b9364109] added to StandardProcessGroup[identifier=ecba9bfb-0199-1000-35f6-b3d6044d7b9b,name=NiFi Flow]
2025-10-16 11:17:21,130 INFO [main] o.a.n.f.s.StandardVersionedComponentSynchronizer Added LogAttribute[id=ecbbdccf-0199-1000-5cee-1e19b9364109] to StandardProcessGroup[identifier=ecba9bfb-0199-1000-35f6-b3d6044d7b9b,name=NiFi Flow]
2025-10-16 11:17:21,133 INFO [main] o.a.nifi.groups.StandardProcessGroup GetFile[id=ecbbb8b2-0199-1000-a0e3-cf16028ce496] added to StandardProcessGroup[identifier=ecba9bfb-0199-1000-35f6-b3d6044d7b9b,name=NiFi Flow]
2025-10-16 11:17:21,134 INFO [main] o.a.n.f.s.StandardVersionedComponentSynchronizer Added GetFile[id=ecbbb8b2-0199-1000-a0e3-cf16028ce496] to StandardProcessGroup[identifier=ecba9bfb-0199-1000-35f6-b3d6044d7b9b,name=NiFi Flow]
2025-10-16 11:17:21,136 INFO [main] o.a.n.c.s.AffectedComponentSet Starting the following components: AffectedComponentSet[inputPorts=[], outputPorts=[], remoteInputPorts=[], remoteOutputPorts=[], processors=[], parameterProviders=[], flowRegistryCliens=[], controllerServices=[], reportingTasks=[]]
2025-10-16 11:17:21,136 INFO [main] o.a.n.c.s.VersionedFlowSynchronizer Successfully synchronized dataflow with the proposed flow in 165 millis
2025-10-16 11:17:21,136 INFO [main] o.apache.nifi.controller.FlowController Successfully synchronized controller with proposed flow. Flow contains the following number of components: {Processors=4, Controller Services=0, Reporting Tasks=0, Process Groups=0, Remote Process Groups=0, Parameter Providers=0, Flow Registry Clients=0, Local Input Ports=0, Local Output Ports=0, Public Input Ports=0, Public Output Ports=0}
2025-10-16 11:17:21,138 INFO [main] o.a.n.c.r.WriteAheadFlowFileRepository Successfully restored 0 FlowFiles and 0 Swap Files
2025-10-16 11:17:21,299 INFO [main] o.apache.nifi.controller.FlowController Performed initial validation of all components in 2 milliseconds
2025-10-16 11:17:21,299 INFO [main] o.apache.nifi.controller.FlowController Starting 0 processors/ports/funnels
2025-10-16 11:17:21,299 INFO [main] o.apache.nifi.controller.FlowController Started 0 Remote Group Ports transmitting
2025-10-16 11:17:21,299 INFO [main] o.a.n.w.c.ApplicationStartupContextListener Flow Controller started successfully.
2025-10-16 11:17:22,186 INFO [main] o.e.jetty.server.handler.ContextHandler Started o.e.j.w.WebAppContext@5efe47fd{nifi-api,/nifi-api,file:///opt/nifi/nifi-current/work/jetty/nifi-web-api-1.24.0.war/webapp/,AVAILABLE}{./work/nar/extensions/nifi-server-nar-1.24.0.nar-unpacked/NAR-INF/bundled-dependencies/nifi-web-api-1.24.0.war}
2025-10-16 11:17:22,304 INFO [main] o.e.j.a.AnnotationConfiguration Scanning elapsed time=38ms
2025-10-16 11:17:22,305 INFO [main] o.e.j.s.h.C._nifi_content_viewer No Spring WebApplicationInitializer types detected on classpath
2025-10-16 11:17:22,316 INFO [main] o.e.jetty.server.handler.ContextHandler Started o.e.j.w.WebAppContext@739831a4{nifi-content-viewer,/nifi-content-viewer,file:///opt/nifi/nifi-current/work/jetty/nifi-web-content-viewer-1.24.0.war/webapp/,AVAILABLE}{./work/nar/extensions/nifi-server-nar-1.24.0.nar-unpacked/NAR-INF/bundled-dependencies/nifi-web-content-viewer-1.24.0.war}
2025-10-16 11:17:22,323 INFO [main] o.e.j.a.AnnotationConfiguration Scanning elapsed time=2ms
2025-10-16 11:17:22,324 INFO [main] o.e.j.s.h.ContextHandler._nifi_docs No Spring WebApplicationInitializer types detected on classpath
2025-10-16 11:17:22,331 INFO [main] o.e.jetty.server.handler.ContextHandler Started o.e.j.w.WebAppContext@7e3236d{nifi-docs,/nifi-docs,file:///opt/nifi/nifi-current/work/jetty/nifi-web-docs-1.24.0.war/webapp/,AVAILABLE}{./work/nar/extensions/nifi-server-nar-1.24.0.nar-unpacked/NAR-INF/bundled-dependencies/nifi-web-docs-1.24.0.war}
2025-10-16 11:17:22,342 INFO [main] o.e.j.a.AnnotationConfiguration Scanning elapsed time=2ms
2025-10-16 11:17:22,348 INFO [main] o.e.j.server.handler.ContextHandler._ No Spring WebApplicationInitializer types detected on classpath
2025-10-16 11:17:22,350 INFO [main] o.e.jetty.server.handler.ContextHandler Started o.e.j.w.WebAppContext@38a4e2b0{nifi-error,/,file:///opt/nifi/nifi-current/work/jetty/nifi-web-error-1.24.0.war/webapp/,AVAILABLE}{./work/nar/extensions/nifi-server-nar-1.24.0.nar-unpacked/NAR-INF/bundled-dependencies/nifi-web-error-1.24.0.war}
2025-10-16 11:17:22,358 INFO [main] o.eclipse.jetty.server.AbstractConnector Started ServerConnector@1ad9b8d3{HTTP/1.1, (http/1.1)}{0.0.0.0:8080}
2025-10-16 11:17:22,359 INFO [main] org.eclipse.jetty.server.Server Started @7776ms
2025-10-16 11:17:22,367 INFO [main] org.apache.nifi.web.server.JettyServer NiFi has started. The UI is available at the following URLs:
2025-10-16 11:17:22,367 INFO [main] org.apache.nifi.web.server.JettyServer http://0.0.0.0:8080/nifi
2025-10-16 11:17:22,378 INFO [main] org.apache.nifi.BootstrapListener Successfully initiated communication with Bootstrap
2025-10-16 11:17:22,378 INFO [main] org.apache.nifi.NiFi Started Application Controller in 5.775 seconds (5775970253 ns)
2025-10-16 11:17:41,143 INFO [pool-7-thread-1] o.a.n.c.r.WriteAheadFlowFileRepository Initiating checkpoint of FlowFile Repository
2025-10-16 11:17:41,152 INFO [pool-7-thread-1] o.a.n.c.r.WriteAheadFlowFileRepository Successfully checkpointed FlowFile Repository with 0 records in 5 milliseconds
2025-10-16 11:17:57,953 INFO [NiFi Web Server-26] o.a.nifi.groups.StandardProcessGroup ConvertJSONToSQL[id=ecbdae1f-0199-1000-49b3-be0d5b14ce1b] added to StandardProcessGroup[identifier=ecba9bfb-0199-1000-35f6-b3d6044d7b9b,name=NiFi Flow]
2025-10-16 11:17:58,189 INFO [Flow Service Tasks Thread-1] o.a.nifi.controller.StandardFlowService Saved flow controller org.apache.nifi.controller.FlowController@5bffa021 // Another save pending = false
2025-10-16 11:17:59,716 INFO [Flow Service Tasks Thread-1] o.a.nifi.controller.StandardFlowService Saved flow controller org.apache.nifi.controller.FlowController@5bffa021 // Another save pending = false
2025-10-16 11:18:00,738 INFO [Flow Service Tasks Thread-1] o.a.nifi.controller.StandardFlowService Saved flow controller org.apache.nifi.controller.FlowController@5bffa021 // Another save pending = false
2025-10-16 11:18:01,156 INFO [pool-7-thread-1] o.a.n.c.r.WriteAheadFlowFileRepository Initiating checkpoint of FlowFile Repository
2025-10-16 11:18:01,157 INFO [pool-7-thread-1] o.a.n.c.r.WriteAheadFlowFileRepository Successfully checkpointed FlowFile Repository with 0 records in 0 milliseconds
2025-10-16 11:18:04,992 INFO [NiFi Web Server-22] o.a.nifi.groups.StandardProcessGroup PutSQL[id=ecbdc9be-0199-1000-9cbe-29d38cd766d6] added to StandardProcessGroup[identifier=ecba9bfb-0199-1000-35f6-b3d6044d7b9b,name=NiFi Flow]
2025-10-16 11:18:05,272 INFO [Flow Service Tasks Thread-1] o.a.nifi.controller.StandardFlowService Saved flow controller org.apache.nifi.controller.FlowController@5bffa021 // Another save pending = false
2025-10-16 11:18:07,289 INFO [Flow Service Tasks Thread-1] o.a.nifi.controller.StandardFlowService Saved flow controller org.apache.nifi.controller.FlowController@5bffa021 // Another save pending = false
2025-10-16 11:18:10,851 INFO [Flow Service Tasks Thread-1] o.a.nifi.controller.StandardFlowService Saved flow controller org.apache.nifi.controller.FlowController@5bffa021 // Another save pending = false
2025-10-16 11:18:11,871 INFO [Flow Service Tasks Thread-1] o.a.nifi.controller.StandardFlowService Saved flow controller org.apache.nifi.controller.FlowController@5bffa021 // Another save pending = false
2025-10-16 11:18:12,895 INFO [Flow Service Tasks Thread-1] o.a.nifi.controller.StandardFlowService Saved flow controller org.apache.nifi.controller.FlowController@5bffa021 // Another save pending = false
2025-10-16 11:18:14,927 INFO [Flow Service Tasks Thread-1] o.a.nifi.controller.StandardFlowService Saved flow controller org.apache.nifi.controller.FlowController@5bffa021 // Another save pending = false
2025-10-16 11:18:19,915 INFO [Cleanup Archive for default] o.a.n.c.repository.FileSystemRepository Successfully deleted 0 files (0 bytes) from archive
2025-10-16 11:18:19,916 INFO [Cleanup Archive for default] o.a.n.c.repository.FileSystemRepository Archive cleanup completed for container default; will now allow writing to this container. Bytes used = 176.24 GB, bytes free = 52.03 GB, capacity = 228.27 GB
2025-10-16 11:18:21,158 INFO [pool-7-thread-1] o.a.n.c.r.WriteAheadFlowFileRepository Initiating checkpoint of FlowFile Repository
2025-10-16 11:18:21,160 INFO [pool-7-thread-1] o.a.n.c.r.WriteAheadFlowFileRepository Successfully checkpointed FlowFile Repository with 0 records in 0 milliseconds
2025-10-16 11:18:34,541 INFO [Flow Service Tasks Thread-2] o.a.nifi.controller.StandardFlowService Saved flow controller org.apache.nifi.controller.FlowController@5bffa021 // Another save pending = false
2025-10-16 11:18:36,562 INFO [Flow Service Tasks Thread-2] o.a.nifi.controller.StandardFlowService Saved flow controller org.apache.nifi.controller.FlowController@5bffa021 // Another save pending = false
2025-10-16 11:18:37,076 INFO [Flow Service Tasks Thread-2] o.a.nifi.controller.StandardFlowService Saved flow controller org.apache.nifi.controller.FlowController@5bffa021 // Another save pending = false
2025-10-16 11:18:39,616 INFO [Flow Service Tasks Thread-1] o.a.nifi.controller.StandardFlowService Saved flow controller org.apache.nifi.controller.FlowController@5bffa021 // Another save pending = false
2025-10-16 11:18:41,162 INFO [pool-7-thread-1] o.a.n.c.r.WriteAheadFlowFileRepository Initiating checkpoint of FlowFile Repository
2025-10-16 11:18:41,163 INFO [pool-7-thread-1] o.a.n.c.r.WriteAheadFlowFileRepository Successfully checkpointed FlowFile Repository with 0 records in 0 milliseconds
2025-10-16 11:18:53,551 INFO [NiFi Web Server-27] o.a.nifi.controller.ExtensionBuilder Created Controller Service of type org.apache.nifi.json.JsonRecordSetWriter with identifier ecbe8761-0199-1000-4d18-946d7fe27c98
2025-10-16 11:18:53,687 INFO [NiFi Web Server-27] o.a.nifi.groups.StandardProcessGroup StandardControllerServiceNode[service=JsonRecordSetWriter[id=ecbe8761-0199-1000-4d18-946d7fe27c98], name=JsonRecordSetWriter, active=false] added to StandardProcessGroup[identifier=ecba9bfb-0199-1000-35f6-b3d6044d7b9b,name=NiFi Flow]
2025-10-16 11:18:53,741 INFO [Flow Service Tasks Thread-1] o.a.nifi.controller.StandardFlowService Saved flow controller org.apache.nifi.controller.FlowController@5bffa021 // Another save pending = false
2025-10-16 11:19:00,542 INFO [NiFi Web Server-21] o.a.nifi.controller.ExtensionBuilder Created Controller Service of type org.apache.nifi.csv.CSVReader with identifier ecbea2b7-0199-1000-e4f6-48d22f543b06
2025-10-16 11:19:00,545 INFO [NiFi Web Server-21] o.a.nifi.groups.StandardProcessGroup StandardControllerServiceNode[service=CSVReader[id=ecbea2b7-0199-1000-e4f6-48d22f543b06], name=CSVReader, active=false] added to StandardProcessGroup[identifier=ecba9bfb-0199-1000-35f6-b3d6044d7b9b,name=NiFi Flow]
2025-10-16 11:19:00,802 INFO [Flow Service Tasks Thread-1] o.a.nifi.controller.StandardFlowService Saved flow controller org.apache.nifi.controller.FlowController@5bffa021 // Another save pending = false
2025-10-16 11:19:01,165 INFO [pool-7-thread-1] o.a.n.c.r.WriteAheadFlowFileRepository Initiating checkpoint of FlowFile Repository
2025-10-16 11:19:01,167 INFO [pool-7-thread-1] o.a.n.c.r.WriteAheadFlowFileRepository Successfully checkpointed FlowFile Repository with 0 records in 0 milliseconds
2025-10-16 11:19:01,841 INFO [Flow Service Tasks Thread-1] o.a.nifi.controller.StandardFlowService Saved flow controller org.apache.nifi.controller.FlowController@5bffa021 // Another save pending = false
2025-10-16 11:19:03,381 INFO [Flow Service Tasks Thread-1] o.a.nifi.controller.StandardFlowService Saved flow controller org.apache.nifi.controller.FlowController@5bffa021 // Another save pending = false
2025-10-16 11:19:09,946 INFO [Flow Service Tasks Thread-1] o.a.nifi.controller.StandardFlowService Saved flow controller org.apache.nifi.controller.FlowController@5bffa021 // Another save pending = false
2025-10-16 11:19:13,993 INFO [Flow Service Tasks Thread-1] o.a.nifi.controller.StandardFlowService Saved flow controller org.apache.nifi.controller.FlowController@5bffa021 // Another save pending = false
2025-10-16 11:19:15,534 INFO [Flow Service Tasks Thread-1] o.a.nifi.controller.StandardFlowService Saved flow controller org.apache.nifi.controller.FlowController@5bffa021 // Another save pending = false
2025-10-16 11:19:19,586 INFO [NiFi Web Server-71] o.a.nifi.groups.StandardProcessGroup LogAttribute[id=ecbeebc4-0199-1000-3ca0-939978c7cb78] added to StandardProcessGroup[identifier=ecba9bfb-0199-1000-35f6-b3d6044d7b9b,name=NiFi Flow]
2025-10-16 11:19:19,588 INFO [Flow Service Tasks Thread-1] o.a.nifi.controller.StandardFlowService Saved flow controller org.apache.nifi.controller.FlowController@5bffa021 // Another save pending = false
2025-10-16 11:19:19,808 INFO [Write-Ahead Local State Provider Maintenance] org.wali.MinimalLockingWriteAheadLog org.wali.MinimalLockingWriteAheadLog@6c75c5e8 checkpointed with 2 Records and 0 Swap Files in 27 milliseconds (Stop-the-world time = 15 milliseconds, Clear Edit Logs time = 9 millis), max Transaction ID 5
2025-10-16 11:19:20,032 INFO [Cleanup Archive for default] o.a.n.c.repository.FileSystemRepository Successfully deleted 0 files (0 bytes) from archive
2025-10-16 11:19:20,033 INFO [Cleanup Archive for default] o.a.n.c.repository.FileSystemRepository Archive cleanup completed for container default; will now allow writing to this container. Bytes used = 176.25 GB, bytes free = 52.03 GB, capacity = 228.27 GB
2025-10-16 11:19:20,094 INFO [Flow Service Tasks Thread-1] o.a.nifi.controller.StandardFlowService Saved flow controller org.apache.nifi.controller.FlowController@5bffa021 // Another save pending = false
2025-10-16 11:19:21,170 INFO [pool-7-thread-1] o.a.n.c.r.WriteAheadFlowFileRepository Initiating checkpoint of FlowFile Repository
2025-10-16 11:19:21,171 INFO [pool-7-thread-1] o.a.n.c.r.WriteAheadFlowFileRepository Successfully checkpointed FlowFile Repository with 0 records in 0 milliseconds
2025-10-16 11:19:21,611 INFO [Flow Service Tasks Thread-1] o.a.nifi.controller.StandardFlowService Saved flow controller org.apache.nifi.controller.FlowController@5bffa021 // Another save pending = false
2025-10-16 11:19:23,638 INFO [Flow Service Tasks Thread-1] o.a.nifi.controller.StandardFlowService Saved flow controller org.apache.nifi.controller.FlowController@5bffa021 // Another save pending = false
2025-10-16 11:19:25,665 INFO [Flow Service Tasks Thread-1] o.a.nifi.controller.StandardFlowService Saved flow controller org.apache.nifi.controller.FlowController@5bffa021 // Another save pending = false
2025-10-16 11:19:31,224 INFO [Flow Service Tasks Thread-1] o.a.nifi.controller.StandardFlowService Saved flow controller org.apache.nifi.controller.FlowController@5bffa021 // Another save pending = false
2025-10-16 11:19:37,765 INFO [NiFi Web Server-26] o.a.n.c.s.StandardProcessScheduler Enabling StandardControllerServiceNode[service=CSVReader[id=ecbea2b7-0199-1000-e4f6-48d22f543b06], name=CSVReader, active=false]
2025-10-16 11:19:37,802 INFO [Timer-Driven Process Thread-4] o.a.n.c.s.StandardControllerServiceNode Successfully enabled StandardControllerServiceNode[service=CSVReader[id=ecbea2b7-0199-1000-e4f6-48d22f543b06], name=CSVReader, active=true]
2025-10-16 11:19:38,293 INFO [Flow Service Tasks Thread-1] o.a.nifi.controller.StandardFlowService Saved flow controller org.apache.nifi.controller.FlowController@5bffa021 // Another save pending = false
2025-10-16 11:19:41,171 INFO [pool-7-thread-1] o.a.n.c.r.WriteAheadFlowFileRepository Initiating checkpoint of FlowFile Repository
2025-10-16 11:19:41,172 INFO [pool-7-thread-1] o.a.n.c.r.WriteAheadFlowFileRepository Successfully checkpointed FlowFile Repository with 0 records in 0 milliseconds
2025-10-16 11:19:43,007 INFO [NiFi Web Server-26] o.a.n.c.s.StandardProcessScheduler Enabling StandardControllerServiceNode[service=JsonRecordSetWriter[id=ecbe8761-0199-1000-4d18-946d7fe27c98], name=JsonRecordSetWriter, active=false]
2025-10-16 11:19:43,015 INFO [Timer-Driven Process Thread-2] o.a.n.c.s.StandardControllerServiceNode Successfully enabled StandardControllerServiceNode[service=JsonRecordSetWriter[id=ecbe8761-0199-1000-4d18-946d7fe27c98], name=JsonRecordSetWriter, active=true]
2025-10-16 11:19:43,367 INFO [Flow Service Tasks Thread-1] o.a.nifi.controller.StandardFlowService Saved flow controller org.apache.nifi.controller.FlowController@5bffa021 // Another save pending = false
2025-10-16 11:19:48,916 INFO [Flow Service Tasks Thread-1] o.a.nifi.controller.StandardFlowService Saved flow controller org.apache.nifi.controller.FlowController@5bffa021 // Another save pending = false
2025-10-16 11:20:01,176 INFO [pool-7-thread-1] o.a.n.c.r.WriteAheadFlowFileRepository Initiating checkpoint of FlowFile Repository
2025-10-16 11:20:01,177 INFO [pool-7-thread-1] o.a.n.c.r.WriteAheadFlowFileRepository Successfully checkpointed FlowFile Repository with 0 records in 0 milliseconds
2025-10-16 11:20:07,082 INFO [Flow Service Tasks Thread-1] o.a.nifi.controller.StandardFlowService Saved flow controller org.apache.nifi.controller.FlowController@5bffa021 // Another save pending = false
2025-10-16 11:20:11,630 INFO [Flow Service Tasks Thread-1] o.a.nifi.controller.StandardFlowService Saved flow controller org.apache.nifi.controller.FlowController@5bffa021 // Another save pending = false
2025-10-16 11:20:20,158 INFO [Cleanup Archive for default] o.a.n.c.repository.FileSystemRepository Successfully deleted 0 files (0 bytes) from archive
2025-10-16 11:20:20,158 INFO [Cleanup Archive for default] o.a.n.c.repository.FileSystemRepository Archive cleanup completed for container default; will now allow writing to this container. Bytes used = 176.25 GB, bytes free = 52.03 GB, capacity = 228.27 GB
2025-10-16 11:20:21,181 INFO [pool-7-thread-1] o.a.n.c.r.WriteAheadFlowFileRepository Initiating checkpoint of FlowFile Repository
2025-10-16 11:20:21,182 INFO [pool-7-thread-1] o.a.n.c.r.WriteAheadFlowFileRepository Successfully checkpointed FlowFile Repository with 0 records in 0 milliseconds
2025-10-16 11:20:21,229 INFO [Flow Service Tasks Thread-1] o.a.nifi.controller.StandardFlowService Saved flow controller org.apache.nifi.controller.FlowController@5bffa021 // Another save pending = false
2025-10-16 11:20:24,260 INFO [NiFi Web Server-71] o.a.nifi.groups.StandardProcessGroup LogAttribute[id=ecbfe9b0-0199-1000-b14b-ba021bb0c2ce] added to StandardProcessGroup[identifier=ecba9bfb-0199-1000-35f6-b3d6044d7b9b,name=NiFi Flow]
2025-10-16 11:20:24,266 INFO [Flow Service Tasks Thread-1] o.a.nifi.controller.StandardFlowService Saved flow controller org.apache.nifi.controller.FlowController@5bffa021 // Another save pending = false
2025-10-16 11:20:24,794 INFO [Flow Service Tasks Thread-1] o.a.nifi.controller.StandardFlowService Saved flow controller org.apache.nifi.controller.FlowController@5bffa021 // Another save pending = false
2025-10-16 11:20:25,815 INFO [Flow Service Tasks Thread-1] o.a.nifi.controller.StandardFlowService Saved flow controller org.apache.nifi.controller.FlowController@5bffa021 // Another save pending = false
2025-10-16 11:20:32,875 INFO [Flow Service Tasks Thread-1] o.a.nifi.controller.StandardFlowService Saved flow controller org.apache.nifi.controller.FlowController@5bffa021 // Another save pending = false
2025-10-16 11:20:41,182 INFO [pool-7-thread-1] o.a.n.c.r.WriteAheadFlowFileRepository Initiating checkpoint of FlowFile Repository
2025-10-16 11:20:41,183 INFO [pool-7-thread-1] o.a.n.c.r.WriteAheadFlowFileRepository Successfully checkpointed FlowFile Repository with 0 records in 0 milliseconds
2025-10-16 11:20:43,934 INFO [Flow Service Tasks Thread-1] o.a.nifi.controller.StandardFlowService Saved flow controller org.apache.nifi.controller.FlowController@5bffa021 // Another save pending = false
2025-10-16 11:20:47,460 INFO [Flow Service Tasks Thread-1] o.a.nifi.controller.StandardFlowService Saved flow controller org.apache.nifi.controller.FlowController@5bffa021 // Another save pending = false
2025-10-16 11:20:54,423 INFO [NiFi Web Server-71] o.a.nifi.groups.StandardProcessGroup LogAttribute[id=ecc05f84-0199-1000-3197-08d7447c99f8] added to StandardProcessGroup[identifier=ecba9bfb-0199-1000-35f6-b3d6044d7b9b,name=NiFi Flow]
2025-10-16 11:20:54,536 INFO [Flow Service Tasks Thread-1] o.a.nifi.controller.StandardFlowService Saved flow controller org.apache.nifi.controller.FlowController@5bffa021 // Another save pending = false
2025-10-16 11:20:55,570 INFO [Flow Service Tasks Thread-1] o.a.nifi.controller.StandardFlowService Saved flow controller org.apache.nifi.controller.FlowController@5bffa021 // Another save pending = false
2025-10-16 11:20:57,604 INFO [Flow Service Tasks Thread-1] o.a.nifi.controller.StandardFlowService Saved flow controller org.apache.nifi.controller.FlowController@5bffa021 // Another save pending = false
2025-10-16 11:20:58,631 INFO [Flow Service Tasks Thread-1] o.a.nifi.controller.StandardFlowService Saved flow controller org.apache.nifi.controller.FlowController@5bffa021 // Another save pending = false
2025-10-16 11:21:01,186 INFO [pool-7-thread-1] o.a.n.c.r.WriteAheadFlowFileRepository Initiating checkpoint of FlowFile Repository
2025-10-16 11:21:01,187 INFO [pool-7-thread-1] o.a.n.c.r.WriteAheadFlowFileRepository Successfully checkpointed FlowFile Repository with 0 records in 0 milliseconds
2025-10-16 11:21:03,670 INFO [Flow Service Tasks Thread-1] o.a.nifi.controller.StandardFlowService Saved flow controller org.apache.nifi.controller.FlowController@5bffa021 // Another save pending = false
2025-10-16 11:21:11,349 INFO [NiFi Web Server-71] o.a.nifi.controller.ExtensionBuilder Created Controller Service of type org.apache.nifi.dbcp.DBCPConnectionPool with identifier ecc0a197-0199-1000-e2c5-a68d66df1f0f
2025-10-16 11:21:11,352 INFO [NiFi Web Server-71] o.a.nifi.groups.StandardProcessGroup StandardControllerServiceNode[service=DBCPConnectionPool[id=ecc0a197-0199-1000-e2c5-a68d66df1f0f], name=DBCPConnectionPool, active=false] added to StandardProcessGroup[identifier=ecba9bfb-0199-1000-35f6-b3d6044d7b9b,name=NiFi Flow]
2025-10-16 11:21:11,724 INFO [Flow Service Tasks Thread-1] o.a.nifi.controller.StandardFlowService Saved flow controller org.apache.nifi.controller.FlowController@5bffa021 // Another save pending = false
2025-10-16 11:21:19,854 INFO [Write-Ahead Local State Provider Maintenance] org.wali.MinimalLockingWriteAheadLog org.wali.MinimalLockingWriteAheadLog@6c75c5e8 checkpointed with 2 Records and 0 Swap Files in 44 milliseconds (Stop-the-world time = 28 milliseconds, Clear Edit Logs time = 13 millis), max Transaction ID 5
2025-10-16 11:21:20,288 INFO [Cleanup Archive for default] o.a.n.c.repository.FileSystemRepository Successfully deleted 0 files (0 bytes) from archive
2025-10-16 11:21:20,288 INFO [Cleanup Archive for default] o.a.n.c.repository.FileSystemRepository Archive cleanup completed for container default; will now allow writing to this container. Bytes used = 176.25 GB, bytes free = 52.03 GB, capacity = 228.27 GB
2025-10-16 11:21:21,188 INFO [pool-7-thread-1] o.a.n.c.r.WriteAheadFlowFileRepository Initiating checkpoint of FlowFile Repository
2025-10-16 11:21:21,189 INFO [pool-7-thread-1] o.a.n.c.r.WriteAheadFlowFileRepository Successfully checkpointed FlowFile Repository with 0 records in 0 milliseconds
2025-10-16 11:21:39,355 INFO [Flow Service Tasks Thread-1] o.a.nifi.controller.StandardFlowService Saved flow controller org.apache.nifi.controller.FlowController@5bffa021 // Another save pending = false
2025-10-16 11:21:41,191 INFO [pool-7-thread-1] o.a.n.c.r.WriteAheadFlowFileRepository Initiating checkpoint of FlowFile Repository
2025-10-16 11:21:41,193 INFO [pool-7-thread-1] o.a.n.c.r.WriteAheadFlowFileRepository Successfully checkpointed FlowFile Repository with 0 records in 0 milliseconds
2025-10-16 11:22:01,194 INFO [pool-7-thread-1] o.a.n.c.r.WriteAheadFlowFileRepository Initiating checkpoint of FlowFile Repository
2025-10-16 11:22:01,196 INFO [pool-7-thread-1] o.a.n.c.r.WriteAheadFlowFileRepository Successfully checkpointed FlowFile Repository with 0 records in 0 milliseconds
2025-10-16 11:22:20,450 INFO [Cleanup Archive for default] o.a.n.c.repository.FileSystemRepository Successfully deleted 0 files (0 bytes) from archive
2025-10-16 11:22:20,451 INFO [Cleanup Archive for default] o.a.n.c.repository.FileSystemRepository Archive cleanup completed for container default; will now allow writing to this container. Bytes used = 176.27 GB, bytes free = 52.01 GB, capacity = 228.27 GB
2025-10-16 11:22:21,202 INFO [pool-7-thread-1] o.a.n.c.r.WriteAheadFlowFileRepository Initiating checkpoint of FlowFile Repository
2025-10-16 11:22:21,203 INFO [pool-7-thread-1] o.a.n.c.r.WriteAheadFlowFileRepository Successfully checkpointed FlowFile Repository with 0 records in 0 milliseconds
2025-10-16 11:22:41,205 INFO [pool-7-thread-1] o.a.n.c.r.WriteAheadFlowFileRepository Initiating checkpoint of FlowFile Repository
2025-10-16 11:22:41,206 INFO [pool-7-thread-1] o.a.n.c.r.WriteAheadFlowFileRepository Successfully checkpointed FlowFile Repository with 0 records in 0 milliseconds
2025-10-16 11:22:59,996 INFO [NiFi Web Server-26] o.a.n.a.service.EntityStoreAuditService Component [ecc0a197-0199-1000-e2c5-a68d66df1f0f] Previous Property Values deleted
2025-10-16 11:23:00,431 INFO [Flow Service Tasks Thread-2] o.a.nifi.controller.StandardFlowService Saved flow controller org.apache.nifi.controller.FlowController@5bffa021 // Another save pending = false
2025-10-16 11:23:01,207 INFO [pool-7-thread-1] o.a.n.c.r.WriteAheadFlowFileRepository Initiating checkpoint of FlowFile Repository
2025-10-16 11:23:01,208 INFO [pool-7-thread-1] o.a.n.c.r.WriteAheadFlowFileRepository Successfully checkpointed FlowFile Repository with 0 records in 0 milliseconds
2025-10-16 11:23:19,887 INFO [Write-Ahead Local State Provider Maintenance] org.wali.MinimalLockingWriteAheadLog org.wali.MinimalLockingWriteAheadLog@6c75c5e8 checkpointed with 2 Records and 0 Swap Files in 29 milliseconds (Stop-the-world time = 20 milliseconds, Clear Edit Logs time = 7 millis), max Transaction ID 5
2025-10-16 11:23:20,640 INFO [Cleanup Archive for default] o.a.n.c.repository.FileSystemRepository Successfully deleted 0 files (0 bytes) from archive
2025-10-16 11:23:20,640 INFO [Cleanup Archive for default] o.a.n.c.repository.FileSystemRepository Archive cleanup completed for container default; will now allow writing to this container. Bytes used = 176.27 GB, bytes free = 52.01 GB, capacity = 228.27 GB
2025-10-16 11:23:21,210 INFO [pool-7-thread-1] o.a.n.c.r.WriteAheadFlowFileRepository Initiating checkpoint of FlowFile Repository
2025-10-16 11:23:21,211 INFO [pool-7-thread-1] o.a.n.c.r.WriteAheadFlowFileRepository Successfully checkpointed FlowFile Repository with 0 records in 0 milliseconds
2025-10-16 11:23:41,214 INFO [pool-7-thread-1] o.a.n.c.r.WriteAheadFlowFileRepository Initiating checkpoint of FlowFile Repository
2025-10-16 11:23:41,214 INFO [pool-7-thread-1] o.a.n.c.r.WriteAheadFlowFileRepository Successfully checkpointed FlowFile Repository with 0 records in 0 milliseconds
2025-10-16 11:24:01,215 INFO [pool-7-thread-1] o.a.n.c.r.WriteAheadFlowFileRepository Initiating checkpoint of FlowFile Repository
2025-10-16 11:24:01,216 INFO [pool-7-thread-1] o.a.n.c.r.WriteAheadFlowFileRepository Successfully checkpointed FlowFile Repository with 0 records in 0 milliseconds
2025-10-16 11:24:20,803 INFO [Cleanup Archive for default] o.a.n.c.repository.FileSystemRepository Successfully deleted 0 files (0 bytes) from archive
2025-10-16 11:24:20,803 INFO [Cleanup Archive for default] o.a.n.c.repository.FileSystemRepository Archive cleanup completed for container default; will now allow writing to this container. Bytes used = 176.26 GB, bytes free = 52.01 GB, capacity = 228.27 GB
2025-10-16 11:24:21,220 INFO [pool-7-thread-1] o.a.n.c.r.WriteAheadFlowFileRepository Initiating checkpoint of FlowFile Repository
2025-10-16 11:24:21,221 INFO [pool-7-thread-1] o.a.n.c.r.WriteAheadFlowFileRepository Successfully checkpointed FlowFile Repository with 0 records in 0 milliseconds
2025-10-16 11:24:41,223 INFO [pool-7-thread-1] o.a.n.c.r.WriteAheadFlowFileRepository Initiating checkpoint of FlowFile Repository
2025-10-16 11:24:41,224 INFO [pool-7-thread-1] o.a.n.c.r.WriteAheadFlowFileRepository Successfully checkpointed FlowFile Repository with 0 records in 0 milliseconds
2025-10-16 11:25:01,225 INFO [pool-7-thread-1] o.a.n.c.r.WriteAheadFlowFileRepository Initiating checkpoint of FlowFile Repository
2025-10-16 11:25:01,226 INFO [pool-7-thread-1] o.a.n.c.r.WriteAheadFlowFileRepository Successfully checkpointed FlowFile Repository with 0 records in 0 milliseconds
2025-10-16 11:25:19,933 INFO [Write-Ahead Local State Provider Maintenance] org.wali.MinimalLockingWriteAheadLog org.wali.MinimalLockingWriteAheadLog@6c75c5e8 checkpointed with 2 Records and 0 Swap Files in 44 milliseconds (Stop-the-world time = 30 milliseconds, Clear Edit Logs time = 11 millis), max Transaction ID 5
2025-10-16 11:25:20,937 INFO [Cleanup Archive for default] o.a.n.c.repository.FileSystemRepository Successfully deleted 0 files (0 bytes) from archive
2025-10-16 11:25:20,938 INFO [Cleanup Archive for default] o.a.n.c.repository.FileSystemRepository Archive cleanup completed for container default; will now allow writing to this container. Bytes used = 176.28 GB, bytes free = 52 GB, capacity = 228.27 GB
2025-10-16 11:25:21,227 INFO [pool-7-thread-1] o.a.n.c.r.WriteAheadFlowFileRepository Initiating checkpoint of FlowFile Repository
2025-10-16 11:25:21,228 INFO [pool-7-thread-1] o.a.n.c.r.WriteAheadFlowFileRepository Successfully checkpointed FlowFile Repository with 0 records in 0 milliseconds
2025-10-16 11:25:41,232 INFO [pool-7-thread-1] o.a.n.c.r.WriteAheadFlowFileRepository Initiating checkpoint of FlowFile Repository
2025-10-16 11:25:41,233 INFO [pool-7-thread-1] o.a.n.c.r.WriteAheadFlowFileRepository Successfully checkpointed FlowFile Repository with 0 records in 0 milliseconds
2025-10-16 11:26:01,235 INFO [pool-7-thread-1] o.a.n.c.r.WriteAheadFlowFileRepository Initiating checkpoint of FlowFile Repository
2025-10-16 11:26:01,236 INFO [pool-7-thread-1] o.a.n.c.r.WriteAheadFlowFileRepository Successfully checkpointed FlowFile Repository with 0 records in 0 milliseconds
2025-10-16 11:26:05,134 INFO [pool-2-thread-2] org.apache.nifi.BootstrapListener Received SHUTDOWN request from Bootstrap
2025-10-16 11:26:05,135 INFO [pool-2-thread-2] org.apache.nifi.NiFi Application Server shutdown started
2025-10-16 11:26:05,140 INFO [pool-2-thread-2] o.eclipse.jetty.server.AbstractConnector Stopped ServerConnector@1ad9b8d3{HTTP/1.1, (http/1.1)}{0.0.0.0:8080}
2025-10-16 11:26:05,141 INFO [pool-2-thread-2] org.eclipse.jetty.server.session node0 Stopped scavenging
2025-10-16 11:26:17,010 INFO [main] org.apache.nifi.NiFi Launching NiFi...
2025-10-16 11:26:17,030 INFO [main] o.a.nifi.properties.NiFiPropertiesLoader Loading Application Properties [/opt/nifi/nifi-current/./conf/nifi.properties]
2025-10-16 11:26:17,033 INFO [main] org.apache.nifi.NiFi Application Properties loaded [204]
2025-10-16 11:26:17,040 INFO [main] org.apache.nifi.BootstrapListener Started Bootstrap Listener, Listening for incoming requests on port 40291
2025-10-16 11:26:17,044 INFO [main] org.apache.nifi.BootstrapListener Successfully initiated communication with Bootstrap
2025-10-16 11:26:17,050 INFO [main] org.apache.nifi.nar.NarUnpacker Expanding 131 NAR files started
2025-10-16 11:26:21,374 INFO [main] org.apache.nifi.nar.NarUnpacker Expanded 131 NAR files in 4.321 seconds (4321919294 ns)
2025-10-16 11:26:22,574 INFO [main] org.apache.nifi.nar.NarClassLoaders Loaded NAR file: /opt/nifi/nifi-current/./work/nar/extensions/nifi-jetty-bundle-1.24.0.nar-unpacked as class loader org.apache.nifi.nar.NarClassLoader[./work/nar/extensions/nifi-jetty-bundle-1.24.0.nar-unpacked]
2025-10-16 11:26:22,578 INFO [main] org.apache.nifi.nar.NarClassLoaders Loaded NAR file: /opt/nifi/nifi-current/./work/nar/framework/nifi-framework-nar-1.24.0.nar-unpacked as class loader org.apache.nifi.nar.NarClassLoader[./work/nar/framework/nifi-framework-nar-1.24.0.nar-unpacked]
2025-10-16 11:26:22,646 INFO [main] org.apache.nifi.nar.NarClassLoaders Loaded NAR file: /opt/nifi/nifi-current/./work/nar/extensions/nifi-update-attribute-nar-1.24.0.nar-unpacked as class loader org.apache.nifi.nar.NarClassLoader[./work/nar/extensions/nifi-update-attribute-nar-1.24.0.nar-unpacked]
2025-10-16 11:26:22,647 INFO [main] org.apache.nifi.nar.NarClassLoaders Loaded NAR file: /opt/nifi/nifi-current/./work/nar/extensions/nifi-spring-nar-1.24.0.nar-unpacked as class loader org.apache.nifi.nar.NarClassLoader[./work/nar/extensions/nifi-spring-nar-1.24.0.nar-unpacked]
2025-10-16 11:26:22,648 INFO [main] org.apache.nifi.nar.NarClassLoaders Loaded NAR file: /opt/nifi/nifi-current/./work/nar/extensions/nifi-compress-nar-1.24.0.nar-unpacked as class loader org.apache.nifi.nar.NarClassLoader[./work/nar/extensions/nifi-compress-nar-1.24.0.nar-unpacked]
2025-10-16 11:26:22,649 INFO [main] org.apache.nifi.nar.NarClassLoaders Loaded NAR file: /opt/nifi/nifi-current/./work/nar/extensions/nifi-image-viewer-nar-1.24.0.nar-unpacked as class loader org.apache.nifi.nar.NarClassLoader[./work/nar/extensions/nifi-image-viewer-nar-1.24.0.nar-unpacked]
2025-10-16 11:26:22,650 INFO [main] org.apache.nifi.nar.NarClassLoaders Loaded NAR file: /opt/nifi/nifi-current/./work/nar/extensions/nifi-ldap-iaa-providers-nar-1.24.0.nar-unpacked as class loader org.apache.nifi.nar.NarClassLoader[./work/nar/extensions/nifi-ldap-iaa-providers-nar-1.24.0.nar-unpacked]
2025-10-16 11:26:22,655 INFO [main] org.apache.nifi.nar.NarClassLoaders Loaded NAR file: /opt/nifi/nifi-current/./work/nar/extensions/nifi-provenance-repository-nar-1.24.0.nar-unpacked as class loader org.apache.nifi.nar.NarClassLoader[./work/nar/extensions/nifi-provenance-repository-nar-1.24.0.nar-unpacked]
2025-10-16 11:26:22,660 INFO [main] org.apache.nifi.nar.NarClassLoaders Loaded NAR file: /opt/nifi/nifi-current/./work/nar/extensions/nifi-standard-services-api-nar-1.24.0.nar-unpacked as class loader org.apache.nifi.nar.NarClassLoader[./work/nar/extensions/nifi-standard-services-api-nar-1.24.0.nar-unpacked]
2025-10-16 11:26:22,663 INFO [main] org.apache.nifi.nar.NarClassLoaders Loaded NAR file: /opt/nifi/nifi-current/./work/nar/extensions/nifi-email-nar-1.24.0.nar-unpacked as class loader org.apache.nifi.nar.NarClassLoader[./work/nar/extensions/nifi-email-nar-1.24.0.nar-unpacked]
2025-10-16 11:26:22,666 INFO [main] org.apache.nifi.nar.NarClassLoaders Loaded NAR file: /opt/nifi/nifi-current/./work/nar/extensions/nifi-asana-services-api-nar-1.24.0.nar-unpacked as class loader org.apache.nifi.nar.NarClassLoader[./work/nar/extensions/nifi-asana-services-api-nar-1.24.0.nar-unpacked]
2025-10-16 11:26:22,670 INFO [main] org.apache.nifi.nar.NarClassLoaders Loaded NAR file: /opt/nifi/nifi-current/./work/nar/extensions/nifi-ambari-nar-1.24.0.nar-unpacked as class loader org.apache.nifi.nar.NarClassLoader[./work/nar/extensions/nifi-ambari-nar-1.24.0.nar-unpacked]
2025-10-16 11:26:22,671 INFO [main] org.apache.nifi.nar.NarClassLoaders Loaded NAR file: /opt/nifi/nifi-current/./work/nar/extensions/nifi-windows-event-log-nar-1.24.0.nar-unpacked as class loader org.apache.nifi.nar.NarClassLoader[./work/nar/extensions/nifi-windows-event-log-nar-1.24.0.nar-unpacked]
2025-10-16 11:26:22,687 INFO [main] org.apache.nifi.nar.NarClassLoaders Loaded NAR file: /opt/nifi/nifi-current/./work/nar/extensions/nifi-ssl-context-service-nar-1.24.0.nar-unpacked as class loader org.apache.nifi.nar.NarClassLoader[./work/nar/extensions/nifi-ssl-context-service-nar-1.24.0.nar-unpacked]
2025-10-16 11:26:22,691 INFO [main] org.apache.nifi.nar.NarClassLoaders Loaded NAR file: /opt/nifi/nifi-current/./work/nar/extensions/nifi-kerberos-iaa-providers-nar-1.24.0.nar-unpacked as class loader org.apache.nifi.nar.NarClassLoader[./work/nar/extensions/nifi-kerberos-iaa-providers-nar-1.24.0.nar-unpacked]
2025-10-16 11:26:22,692 INFO [main] org.apache.nifi.nar.NarClassLoaders Loaded NAR file: /opt/nifi/nifi-current/./work/nar/extensions/nifi-html-nar-1.24.0.nar-unpacked as class loader org.apache.nifi.nar.NarClassLoader[./work/nar/extensions/nifi-html-nar-1.24.0.nar-unpacked]
2025-10-16 11:26:22,692 INFO [main] org.apache.nifi.nar.NarClassLoaders Loaded NAR file: /opt/nifi/nifi-current/./work/nar/extensions/nifi-rethinkdb-nar-1.24.0.nar-unpacked as class loader org.apache.nifi.nar.NarClassLoader[./work/nar/extensions/nifi-rethinkdb-nar-1.24.0.nar-unpacked]
2025-10-16 11:26:22,693 INFO [main] org.apache.nifi.nar.NarClassLoaders Loaded NAR file: /opt/nifi/nifi-current/./work/nar/extensions/nifi-hl7-nar-1.24.0.nar-unpacked as class loader org.apache.nifi.nar.NarClassLoader[./work/nar/extensions/nifi-hl7-nar-1.24.0.nar-unpacked]
2025-10-16 11:26:22,694 INFO [main] org.apache.nifi.nar.NarClassLoaders Loaded NAR file: /opt/nifi/nifi-current/./work/nar/extensions/nifi-cybersecurity-nar-1.24.0.nar-unpacked as class loader org.apache.nifi.nar.NarClassLoader[./work/nar/extensions/nifi-cybersecurity-nar-1.24.0.nar-unpacked]
2025-10-16 11:26:22,695 INFO [main] org.apache.nifi.nar.NarClassLoaders Loaded NAR file: /opt/nifi/nifi-current/./work/nar/extensions/nifi-http-context-map-nar-1.24.0.nar-unpacked as class loader org.apache.nifi.nar.NarClassLoader[./work/nar/extensions/nifi-http-context-map-nar-1.24.0.nar-unpacked]
2025-10-16 11:26:22,695 INFO [main] org.apache.nifi.nar.NarClassLoaders Loaded NAR file: /opt/nifi/nifi-current/./work/nar/extensions/nifi-kafka-2-0-nar-1.24.0.nar-unpacked as class loader org.apache.nifi.nar.NarClassLoader[./work/nar/extensions/nifi-kafka-2-0-nar-1.24.0.nar-unpacked]
2025-10-16 11:26:22,697 INFO [main] org.apache.nifi.nar.NarClassLoaders Loaded NAR file: /opt/nifi/nifi-current/./work/nar/extensions/nifi-ccda-nar-1.24.0.nar-unpacked as class loader org.apache.nifi.nar.NarClassLoader[./work/nar/extensions/nifi-ccda-nar-1.24.0.nar-unpacked]
2025-10-16 11:26:22,701 INFO [main] org.apache.nifi.nar.NarClassLoaders Loaded NAR file: /opt/nifi/nifi-current/./work/nar/extensions/nifi-stateless-nar-1.24.0.nar-unpacked as class loader org.apache.nifi.nar.NarClassLoader[./work/nar/extensions/nifi-stateless-nar-1.24.0.nar-unpacked]
2025-10-16 11:26:22,708 INFO [main] org.apache.nifi.nar.NarClassLoaders Loaded NAR file: /opt/nifi/nifi-current/./work/nar/extensions/nifi-server-nar-1.24.0.nar-unpacked as class loader org.apache.nifi.nar.NarClassLoader[./work/nar/extensions/nifi-server-nar-1.24.0.nar-unpacked]
2025-10-16 11:26:22,722 INFO [main] org.apache.nifi.nar.NarClassLoaders Loaded NAR file: /opt/nifi/nifi-current/./work/nar/extensions/nifi-metrics-reporter-service-api-nar-1.24.0.nar-unpacked as class loader org.apache.nifi.nar.NarClassLoader[./work/nar/extensions/nifi-metrics-reporter-service-api-nar-1.24.0.nar-unpacked]
2025-10-16 11:26:22,723 INFO [main] org.apache.nifi.nar.NarClassLoaders Loaded NAR file: /opt/nifi/nifi-current/./work/nar/extensions/nifi-prometheus-nar-1.24.0.nar-unpacked as class loader org.apache.nifi.nar.NarClassLoader[./work/nar/extensions/nifi-prometheus-nar-1.24.0.nar-unpacked]
2025-10-16 11:26:22,723 INFO [main] org.apache.nifi.nar.NarClassLoaders Loaded NAR file: /opt/nifi/nifi-current/./work/nar/extensions/nifi-evtx-nar-1.24.0.nar-unpacked as class loader org.apache.nifi.nar.NarClassLoader[./work/nar/extensions/nifi-evtx-nar-1.24.0.nar-unpacked]
2025-10-16 11:26:22,724 INFO [main] org.apache.nifi.nar.NarClassLoaders Loaded NAR file: /opt/nifi/nifi-current/./work/nar/extensions/nifi-single-user-iaa-providers-nar-1.24.0.nar-unpacked as class loader org.apache.nifi.nar.NarClassLoader[./work/nar/extensions/nifi-single-user-iaa-providers-nar-1.24.0.nar-unpacked]
2025-10-16 11:26:22,725 INFO [main] org.apache.nifi.nar.NarClassLoaders Loaded NAR file: /opt/nifi/nifi-current/./work/nar/extensions/nifi-workday-processors-nar-1.24.0.nar-unpacked as class loader org.apache.nifi.nar.NarClassLoader[./work/nar/extensions/nifi-workday-processors-nar-1.24.0.nar-unpacked]
2025-10-16 11:26:22,725 INFO [main] org.apache.nifi.nar.NarClassLoaders Loaded NAR file: /opt/nifi/nifi-current/./work/nar/extensions/nifi-asana-processors-nar-1.24.0.nar-unpacked as class loader org.apache.nifi.nar.NarClassLoader[./work/nar/extensions/nifi-asana-processors-nar-1.24.0.nar-unpacked]
2025-10-16 11:26:22,726 INFO [main] org.apache.nifi.nar.NarClassLoaders Loaded NAR file: /opt/nifi/nifi-current/./work/nar/extensions/nifi-websocket-services-api-nar-1.24.0.nar-unpacked as class loader org.apache.nifi.nar.NarClassLoader[./work/nar/extensions/nifi-websocket-services-api-nar-1.24.0.nar-unpacked]
2025-10-16 11:26:22,726 INFO [main] org.apache.nifi.nar.NarClassLoaders Loaded NAR file: /opt/nifi/nifi-current/./work/nar/extensions/nifi-kerberos-credentials-service-nar-1.24.0.nar-unpacked as class loader org.apache.nifi.nar.NarClassLoader[./work/nar/extensions/nifi-kerberos-credentials-service-nar-1.24.0.nar-unpacked]
2025-10-16 11:26:22,727 INFO [main] org.apache.nifi.nar.NarClassLoaders Loaded NAR file: /opt/nifi/nifi-current/./work/nar/extensions/nifi-tcp-nar-1.24.0.nar-unpacked as class loader org.apache.nifi.nar.NarClassLoader[./work/nar/extensions/nifi-tcp-nar-1.24.0.nar-unpacked]
2025-10-16 11:26:22,727 INFO [main] org.apache.nifi.nar.NarClassLoaders Loaded NAR file: /opt/nifi/nifi-current/./work/nar/extensions/nifi-file-resource-service-nar-1.24.0.nar-unpacked as class loader org.apache.nifi.nar.NarClassLoader[./work/nar/extensions/nifi-file-resource-service-nar-1.24.0.nar-unpacked]
2025-10-16 11:26:22,727 INFO [main] org.apache.nifi.nar.NarClassLoaders Loaded NAR file: /opt/nifi/nifi-current/./work/nar/extensions/nifi-amqp-nar-1.24.0.nar-unpacked as class loader org.apache.nifi.nar.NarClassLoader[./work/nar/extensions/nifi-amqp-nar-1.24.0.nar-unpacked]
2025-10-16 11:26:22,728 INFO [main] org.apache.nifi.nar.NarClassLoaders Loaded NAR file: /opt/nifi/nifi-current/./work/nar/extensions/nifi-kafka-1-0-nar-1.24.0.nar-unpacked as class loader org.apache.nifi.nar.NarClassLoader[./work/nar/extensions/nifi-kafka-1-0-nar-1.24.0.nar-unpacked]
2025-10-16 11:26:22,731 INFO [main] org.apache.nifi.nar.NarClassLoaders Loaded NAR file: /opt/nifi/nifi-current/./work/nar/extensions/nifi-websocket-processors-nar-1.24.0.nar-unpacked as class loader org.apache.nifi.nar.NarClassLoader[./work/nar/extensions/nifi-websocket-processors-nar-1.24.0.nar-unpacked]
2025-10-16 11:26:22,731 INFO [main] org.apache.nifi.nar.NarClassLoaders Loaded NAR file: /opt/nifi/nifi-current/./work/nar/extensions/nifi-distributed-cache-services-nar-1.24.0.nar-unpacked as class loader org.apache.nifi.nar.NarClassLoader[./work/nar/extensions/nifi-distributed-cache-services-nar-1.24.0.nar-unpacked]
2025-10-16 11:26:22,733 INFO [main] org.apache.nifi.nar.NarClassLoaders Loaded NAR file: /opt/nifi/nifi-current/./work/nar/extensions/nifi-hazelcast-services-api-nar-1.24.0.nar-unpacked as class loader org.apache.nifi.nar.NarClassLoader[./work/nar/extensions/nifi-hazelcast-services-api-nar-1.24.0.nar-unpacked]
2025-10-16 11:26:22,733 INFO [main] org.apache.nifi.nar.NarClassLoaders Loaded NAR file: /opt/nifi/nifi-current/./work/nar/extensions/nifi-stateful-analysis-nar-1.24.0.nar-unpacked as class loader org.apache.nifi.nar.NarClassLoader[./work/nar/extensions/nifi-stateful-analysis-nar-1.24.0.nar-unpacked]
2025-10-16 11:26:22,734 INFO [main] org.apache.nifi.nar.NarClassLoaders Loaded NAR file: /opt/nifi/nifi-current/./work/nar/extensions/nifi-proxy-configuration-nar-1.24.0.nar-unpacked as class loader org.apache.nifi.nar.NarClassLoader[./work/nar/extensions/nifi-proxy-configuration-nar-1.24.0.nar-unpacked]
2025-10-16 11:26:22,734 INFO [main] org.apache.nifi.nar.NarClassLoaders Loaded NAR file: /opt/nifi/nifi-current/./work/nar/extensions/nifi-kerberos-user-service-nar-1.24.0.nar-unpacked as class loader org.apache.nifi.nar.NarClassLoader[./work/nar/extensions/nifi-kerberos-user-service-nar-1.24.0.nar-unpacked]
2025-10-16 11:26:22,734 INFO [main] org.apache.nifi.nar.NarClassLoaders Loaded NAR file: /opt/nifi/nifi-current/./work/nar/extensions/nifi-websocket-services-jetty-nar-1.24.0.nar-unpacked as class loader org.apache.nifi.nar.NarClassLoader[./work/nar/extensions/nifi-websocket-services-jetty-nar-1.24.0.nar-unpacked]
2025-10-16 11:26:22,735 INFO [main] org.apache.nifi.nar.NarClassLoaders Loaded NAR file: /opt/nifi/nifi-current/./work/nar/extensions/nifi-asana-services-nar-1.24.0.nar-unpacked as class loader org.apache.nifi.nar.NarClassLoader[./work/nar/extensions/nifi-asana-services-nar-1.24.0.nar-unpacked]
2025-10-16 11:26:22,736 INFO [main] org.apache.nifi.nar.NarClassLoaders Loaded NAR file: /opt/nifi/nifi-current/./work/nar/extensions/nifi-hwx-schema-registry-nar-1.24.0.nar-unpacked as class loader org.apache.nifi.nar.NarClassLoader[./work/nar/extensions/nifi-hwx-schema-registry-nar-1.24.0.nar-unpacked]
2025-10-16 11:26:22,739 INFO [main] org.apache.nifi.nar.NarClassLoaders Loaded NAR file: /opt/nifi/nifi-current/./work/nar/extensions/nifi-couchbase-services-api-nar-1.24.0.nar-unpacked as class loader org.apache.nifi.nar.NarClassLoader[./work/nar/extensions/nifi-couchbase-services-api-nar-1.24.0.nar-unpacked]
2025-10-16 11:26:22,740 INFO [main] org.apache.nifi.nar.NarClassLoaders Loaded NAR file: /opt/nifi/nifi-current/./work/nar/extensions/nifi-hadoop-dbcp-service-nar-1.24.0.nar-unpacked as class loader org.apache.nifi.nar.NarClassLoader[./work/nar/extensions/nifi-hadoop-dbcp-service-nar-1.24.0.nar-unpacked]
2025-10-16 11:26:22,741 INFO [main] org.apache.nifi.nar.NarClassLoaders Loaded NAR file: /opt/nifi/nifi-current/./work/nar/extensions/nifi-dbcp-service-nar-1.24.0.nar-unpacked as class loader org.apache.nifi.nar.NarClassLoader[./work/nar/extensions/nifi-dbcp-service-nar-1.24.0.nar-unpacked]
2025-10-16 11:26:22,742 INFO [main] org.apache.nifi.nar.NarClassLoaders Loaded NAR file: /opt/nifi/nifi-current/./work/nar/extensions/nifi-standard-shared-nar-1.24.0.nar-unpacked as class loader org.apache.nifi.nar.NarClassLoader[./work/nar/extensions/nifi-standard-shared-nar-1.24.0.nar-unpacked]
2025-10-16 11:26:22,748 INFO [main] org.apache.nifi.nar.NarClassLoaders Loaded NAR file: /opt/nifi/nifi-current/./work/nar/extensions/nifi-hbase_2-client-service-nar-1.24.0.nar-unpacked as class loader org.apache.nifi.nar.NarClassLoader[./work/nar/extensions/nifi-hbase_2-client-service-nar-1.24.0.nar-unpacked]
2025-10-16 11:26:22,775 INFO [main] org.apache.nifi.nar.NarClassLoaders Loaded NAR file: /opt/nifi/nifi-current/./work/nar/extensions/nifi-hubspot-nar-1.24.0.nar-unpacked as class loader org.apache.nifi.nar.NarClassLoader[./work/nar/extensions/nifi-hubspot-nar-1.24.0.nar-unpacked]
2025-10-16 11:26:22,776 INFO [main] org.apache.nifi.nar.NarClassLoaders Loaded NAR file: /opt/nifi/nifi-current/./work/nar/extensions/nifi-cassandra-services-api-nar-1.24.0.nar-unpacked as class loader org.apache.nifi.nar.NarClassLoader[./work/nar/extensions/nifi-cassandra-services-api-nar-1.24.0.nar-unpacked]
2025-10-16 11:26:22,777 INFO [main] org.apache.nifi.nar.NarClassLoaders Loaded NAR file: /opt/nifi/nifi-current/./work/nar/extensions/nifi-mongodb-client-service-api-nar-1.24.0.nar-unpacked as class loader org.apache.nifi.nar.NarClassLoader[./work/nar/extensions/nifi-mongodb-client-service-api-nar-1.24.0.nar-unpacked]
2025-10-16 11:26:22,778 INFO [main] org.apache.nifi.nar.NarClassLoaders Loaded NAR file: /opt/nifi/nifi-current/./work/nar/extensions/nifi-grpc-nar-1.24.0.nar-unpacked as class loader org.apache.nifi.nar.NarClassLoader[./work/nar/extensions/nifi-grpc-nar-1.24.0.nar-unpacked]
2025-10-16 11:26:22,780 INFO [main] org.apache.nifi.nar.NarClassLoaders Loaded NAR file: /opt/nifi/nifi-current/./work/nar/extensions/nifi-web-client-provider-service-nar-1.24.0.nar-unpacked as class loader org.apache.nifi.nar.NarClassLoader[./work/nar/extensions/nifi-web-client-provider-service-nar-1.24.0.nar-unpacked]
2025-10-16 11:26:22,781 INFO [main] org.apache.nifi.nar.NarClassLoaders Loaded NAR file: /opt/nifi/nifi-current/./work/nar/extensions/nifi-metrics-reporting-nar-1.24.0.nar-unpacked as class loader org.apache.nifi.nar.NarClassLoader[./work/nar/extensions/nifi-metrics-reporting-nar-1.24.0.nar-unpacked]
2025-10-16 11:26:22,781 INFO [main] org.apache.nifi.nar.NarClassLoaders Loaded NAR file: /opt/nifi/nifi-current/./work/nar/extensions/nifi-zendesk-nar-1.24.0.nar-unpacked as class loader org.apache.nifi.nar.NarClassLoader[./work/nar/extensions/nifi-zendesk-nar-1.24.0.nar-unpacked]
2025-10-16 11:26:22,782 INFO [main] org.apache.nifi.nar.NarClassLoaders Loaded NAR file: /opt/nifi/nifi-current/./work/nar/extensions/nifi-shopify-nar-1.24.0.nar-unpacked as class loader org.apache.nifi.nar.NarClassLoader[./work/nar/extensions/nifi-shopify-nar-1.24.0.nar-unpacked]
2025-10-16 11:26:22,782 INFO [main] org.apache.nifi.nar.NarClassLoaders Loaded NAR file: /opt/nifi/nifi-current/./work/nar/extensions/nifi-cassandra-services-nar-1.24.0.nar-unpacked as class loader org.apache.nifi.nar.NarClassLoader[./work/nar/extensions/nifi-cassandra-services-nar-1.24.0.nar-unpacked]
2025-10-16 11:26:22,783 INFO [main] org.apache.nifi.nar.NarClassLoaders Loaded NAR file: /opt/nifi/nifi-current/./work/nar/extensions/nifi-redis-service-api-nar-1.24.0.nar-unpacked as class loader org.apache.nifi.nar.NarClassLoader[./work/nar/extensions/nifi-redis-service-api-nar-1.24.0.nar-unpacked]
2025-10-16 11:26:22,785 INFO [main] org.apache.nifi.nar.NarClassLoaders Loaded NAR file: /opt/nifi/nifi-current/./work/nar/extensions/nifi-jolt-record-nar-1.24.0.nar-unpacked as class loader org.apache.nifi.nar.NarClassLoader[./work/nar/extensions/nifi-jolt-record-nar-1.24.0.nar-unpacked]
2025-10-16 11:26:22,785 INFO [main] org.apache.nifi.nar.NarClassLoaders Loaded NAR file: /opt/nifi/nifi-current/./work/nar/extensions/nifi-site-to-site-reporting-nar-1.24.0.nar-unpacked as class loader org.apache.nifi.nar.NarClassLoader[./work/nar/extensions/nifi-site-to-site-reporting-nar-1.24.0.nar-unpacked]
2025-10-16 11:26:22,786 INFO [main] org.apache.nifi.nar.NarClassLoaders Loaded NAR file: /opt/nifi/nifi-current/./work/nar/extensions/nifi-hazelcast-services-nar-1.24.0.nar-unpacked as class loader org.apache.nifi.nar.NarClassLoader[./work/nar/extensions/nifi-hazelcast-services-nar-1.24.0.nar-unpacked]
2025-10-16 11:26:22,788 INFO [main] org.apache.nifi.nar.NarClassLoaders Loaded NAR file: /opt/nifi/nifi-current/./work/nar/extensions/nifi-datadog-nar-1.24.0.nar-unpacked as class loader org.apache.nifi.nar.NarClassLoader[./work/nar/extensions/nifi-datadog-nar-1.24.0.nar-unpacked]
2025-10-16 11:26:22,789 INFO [main] org.apache.nifi.nar.NarClassLoaders Loaded NAR file: /opt/nifi/nifi-current/./work/nar/extensions/nifi-couchbase-nar-1.24.0.nar-unpacked as class loader org.apache.nifi.nar.NarClassLoader[./work/nar/extensions/nifi-couchbase-nar-1.24.0.nar-unpacked]
2025-10-16 11:26:22,789 INFO [main] org.apache.nifi.nar.NarClassLoaders Loaded NAR file: /opt/nifi/nifi-current/./work/nar/extensions/nifi-kafka-2-6-nar-1.24.0.nar-unpacked as class loader org.apache.nifi.nar.NarClassLoader[./work/nar/extensions/nifi-kafka-2-6-nar-1.24.0.nar-unpacked]
2025-10-16 11:26:22,791 INFO [main] org.apache.nifi.nar.NarClassLoaders Loaded NAR file: /opt/nifi/nifi-current/./work/nar/extensions/nifi-network-processors-nar-1.24.0.nar-unpacked as class loader org.apache.nifi.nar.NarClassLoader[./work/nar/extensions/nifi-network-processors-nar-1.24.0.nar-unpacked]
2025-10-16 11:26:22,791 INFO [main] org.apache.nifi.nar.NarClassLoaders Loaded NAR file: /opt/nifi/nifi-current/./work/nar/extensions/nifi-record-sink-service-nar-1.24.0.nar-unpacked as class loader org.apache.nifi.nar.NarClassLoader[./work/nar/extensions/nifi-record-sink-service-nar-1.24.0.nar-unpacked]
2025-10-16 11:26:22,791 INFO [main] org.apache.nifi.nar.NarClassLoaders Loaded NAR file: /opt/nifi/nifi-current/./work/nar/extensions/nifi-key-service-nar-1.24.0.nar-unpacked as class loader org.apache.nifi.nar.NarClassLoader[./work/nar/extensions/nifi-key-service-nar-1.24.0.nar-unpacked]
2025-10-16 11:26:22,792 INFO [main] org.apache.nifi.nar.NarClassLoaders Loaded NAR file: /opt/nifi/nifi-current/./work/nar/extensions/nifi-stateless-processor-nar-1.24.0.nar-unpacked as class loader org.apache.nifi.nar.NarClassLoader[./work/nar/extensions/nifi-stateless-processor-nar-1.24.0.nar-unpacked]
2025-10-16 11:26:22,793 INFO [main] org.apache.nifi.nar.NarClassLoaders Loaded NAR file: /opt/nifi/nifi-current/./work/nar/extensions/nifi-hbase-nar-1.24.0.nar-unpacked as class loader org.apache.nifi.nar.NarClassLoader[./work/nar/extensions/nifi-hbase-nar-1.24.0.nar-unpacked]
2025-10-16 11:26:22,793 INFO [main] org.apache.nifi.nar.NarClassLoaders Loaded NAR file: /opt/nifi/nifi-current/./work/nar/extensions/nifi-jslt-nar-1.24.0.nar-unpacked as class loader org.apache.nifi.nar.NarClassLoader[./work/nar/extensions/nifi-jslt-nar-1.24.0.nar-unpacked]
2025-10-16 11:26:22,793 INFO [main] org.apache.nifi.nar.NarClassLoaders Loaded NAR file: /opt/nifi/nifi-current/./work/nar/extensions/nifi-smb-client-api-nar-1.24.0.nar-unpacked as class loader org.apache.nifi.nar.NarClassLoader[./work/nar/extensions/nifi-smb-client-api-nar-1.24.0.nar-unpacked]
2025-10-16 11:26:22,794 INFO [main] org.apache.nifi.nar.NarClassLoaders Loaded NAR file: /opt/nifi/nifi-current/./work/nar/extensions/nifi-registry-nar-1.24.0.nar-unpacked as class loader org.apache.nifi.nar.NarClassLoader[./work/nar/extensions/nifi-registry-nar-1.24.0.nar-unpacked]
2025-10-16 11:26:22,795 INFO [main] org.apache.nifi.nar.NarClassLoaders Loaded NAR file: /opt/nifi/nifi-current/./work/nar/extensions/nifi-redis-nar-1.24.0.nar-unpacked as class loader org.apache.nifi.nar.NarClassLoader[./work/nar/extensions/nifi-redis-nar-1.24.0.nar-unpacked]
2025-10-16 11:26:22,795 INFO [main] org.apache.nifi.nar.NarClassLoaders Loaded NAR file: /opt/nifi/nifi-current/./work/nar/extensions/nifi-pgp-service-api-nar-1.24.0.nar-unpacked as class loader org.apache.nifi.nar.NarClassLoader[./work/nar/extensions/nifi-pgp-service-api-nar-1.24.0.nar-unpacked]
2025-10-16 11:26:22,796 INFO [main] org.apache.nifi.nar.NarClassLoaders Loaded NAR file: /opt/nifi/nifi-current/./work/nar/extensions/nifi-aws-service-api-nar-1.24.0.nar-unpacked as class loader org.apache.nifi.nar.NarClassLoader[./work/nar/extensions/nifi-aws-service-api-nar-1.24.0.nar-unpacked]
2025-10-16 11:26:22,797 INFO [main] org.apache.nifi.nar.NarClassLoaders Loaded NAR file: /opt/nifi/nifi-current/./work/nar/extensions/nifi-dropbox-services-api-nar-1.24.0.nar-unpacked as class loader org.apache.nifi.nar.NarClassLoader[./work/nar/extensions/nifi-dropbox-services-api-nar-1.24.0.nar-unpacked]
2025-10-16 11:26:22,797 INFO [main] org.apache.nifi.nar.NarClassLoaders Loaded NAR file: /opt/nifi/nifi-current/./work/nar/extensions/nifi-flow-registry-client-nar-1.24.0.nar-unpacked as class loader org.apache.nifi.nar.NarClassLoader[./work/nar/extensions/nifi-flow-registry-client-nar-1.24.0.nar-unpacked]
2025-10-16 11:26:22,798 INFO [main] org.apache.nifi.nar.NarClassLoaders Loaded NAR file: /opt/nifi/nifi-current/./work/nar/extensions/nifi-gcp-services-api-nar-1.24.0.nar-unpacked as class loader org.apache.nifi.nar.NarClassLoader[./work/nar/extensions/nifi-gcp-services-api-nar-1.24.0.nar-unpacked]
2025-10-16 11:26:22,800 INFO [main] org.apache.nifi.nar.NarClassLoaders Loaded NAR file: /opt/nifi/nifi-current/./work/nar/extensions/nifi-elasticsearch-client-service-api-nar-1.24.0.nar-unpacked as class loader org.apache.nifi.nar.NarClassLoader[./work/nar/extensions/nifi-elasticsearch-client-service-api-nar-1.24.0.nar-unpacked]
2025-10-16 11:26:22,800 INFO [main] org.apache.nifi.nar.NarClassLoaders Loaded NAR file: /opt/nifi/nifi-current/./work/nar/extensions/nifi-airtable-nar-1.24.0.nar-unpacked as class loader org.apache.nifi.nar.NarClassLoader[./work/nar/extensions/nifi-airtable-nar-1.24.0.nar-unpacked]
2025-10-16 11:26:22,800 INFO [main] org.apache.nifi.nar.NarClassLoaders Loaded NAR file: /opt/nifi/nifi-current/./work/nar/extensions/nifi-language-translation-nar-1.24.0.nar-unpacked as class loader org.apache.nifi.nar.NarClassLoader[./work/nar/extensions/nifi-language-translation-nar-1.24.0.nar-unpacked]
2025-10-16 11:26:22,801 INFO [main] org.apache.nifi.nar.NarClassLoaders Loaded NAR file: /opt/nifi/nifi-current/./work/nar/extensions/nifi-cipher-nar-1.24.0.nar-unpacked as class loader org.apache.nifi.nar.NarClassLoader[./work/nar/extensions/nifi-cipher-nar-1.24.0.nar-unpacked]
2025-10-16 11:26:22,802 INFO [main] org.apache.nifi.nar.NarClassLoaders Loaded NAR file: /opt/nifi/nifi-current/./work/nar/extensions/nifi-snmp-nar-1.24.0.nar-unpacked as class loader org.apache.nifi.nar.NarClassLoader[./work/nar/extensions/nifi-snmp-nar-1.24.0.nar-unpacked]
2025-10-16 11:26:22,802 INFO [main] org.apache.nifi.nar.NarClassLoaders Loaded NAR file: /opt/nifi/nifi-current/./work/nar/extensions/nifi-oauth2-provider-nar-1.24.0.nar-unpacked as class loader org.apache.nifi.nar.NarClassLoader[./work/nar/extensions/nifi-oauth2-provider-nar-1.24.0.nar-unpacked]
2025-10-16 11:26:22,802 INFO [main] org.apache.nifi.nar.NarClassLoaders Loaded NAR file: /opt/nifi/nifi-current/./work/nar/extensions/nifi-elasticsearch-nar-1.24.0.nar-unpacked as class loader org.apache.nifi.nar.NarClassLoader[./work/nar/extensions/nifi-elasticsearch-nar-1.24.0.nar-unpacked]
2025-10-16 11:26:22,803 INFO [main] org.apache.nifi.nar.NarClassLoaders Loaded NAR file: /opt/nifi/nifi-current/./work/nar/extensions/nifi-elasticsearch-restapi-nar-1.24.0.nar-unpacked as class loader org.apache.nifi.nar.NarClassLoader[./work/nar/extensions/nifi-elasticsearch-restapi-nar-1.24.0.nar-unpacked]
2025-10-16 11:26:22,803 INFO [main] org.apache.nifi.nar.NarClassLoaders Loaded NAR file: /opt/nifi/nifi-current/./work/nar/extensions/nifi-box-services-api-nar-1.24.0.nar-unpacked as class loader org.apache.nifi.nar.NarClassLoader[./work/nar/extensions/nifi-box-services-api-nar-1.24.0.nar-unpacked]
2025-10-16 11:26:22,804 INFO [main] org.apache.nifi.nar.NarClassLoaders Loaded NAR file: /opt/nifi/nifi-current/./work/nar/extensions/nifi-salesforce-nar-1.24.0.nar-unpacked as class loader org.apache.nifi.nar.NarClassLoader[./work/nar/extensions/nifi-salesforce-nar-1.24.0.nar-unpacked]
2025-10-16 11:26:22,806 INFO [main] org.apache.nifi.nar.NarClassLoaders Loaded NAR file: /opt/nifi/nifi-current/./work/nar/extensions/nifi-geohash-nar-1.24.0.nar-unpacked as class loader org.apache.nifi.nar.NarClassLoader[./work/nar/extensions/nifi-geohash-nar-1.24.0.nar-unpacked]
2025-10-16 11:26:22,806 INFO [main] org.apache.nifi.nar.NarClassLoaders Loaded NAR file: /opt/nifi/nifi-current/./work/nar/extensions/nifi-cdc-mysql-nar-1.24.0.nar-unpacked as class loader org.apache.nifi.nar.NarClassLoader[./work/nar/extensions/nifi-cdc-mysql-nar-1.24.0.nar-unpacked]
2025-10-16 11:26:22,806 INFO [main] org.apache.nifi.nar.NarClassLoaders Loaded NAR file: /opt/nifi/nifi-current/./work/nar/extensions/nifi-slack-nar-1.24.0.nar-unpacked as class loader org.apache.nifi.nar.NarClassLoader[./work/nar/extensions/nifi-slack-nar-1.24.0.nar-unpacked]
2025-10-16 11:26:22,807 INFO [main] org.apache.nifi.nar.NarClassLoaders Loaded NAR file: /opt/nifi/nifi-current/./work/nar/extensions/nifi-hashicorp-vault-client-service-api-nar-1.24.0.nar-unpacked as class loader org.apache.nifi.nar.NarClassLoader[./work/nar/extensions/nifi-hashicorp-vault-client-service-api-nar-1.24.0.nar-unpacked]
2025-10-16 11:26:22,807 INFO [main] org.apache.nifi.nar.NarClassLoaders Loaded NAR file: /opt/nifi/nifi-current/./work/nar/extensions/nifi-pgp-nar-1.24.0.nar-unpacked as class loader org.apache.nifi.nar.NarClassLoader[./work/nar/extensions/nifi-pgp-nar-1.24.0.nar-unpacked]
2025-10-16 11:26:22,808 INFO [main] org.apache.nifi.nar.NarClassLoaders Loaded NAR file: /opt/nifi/nifi-current/./work/nar/extensions/nifi-scripting-nar-1.24.0.nar-unpacked as class loader org.apache.nifi.nar.NarClassLoader[./work/nar/extensions/nifi-scripting-nar-1.24.0.nar-unpacked]
2025-10-16 11:26:22,814 INFO [main] org.apache.nifi.nar.NarClassLoaders Loaded NAR file: /opt/nifi/nifi-current/./work/nar/extensions/nifi-elasticsearch-client-service-nar-1.24.0.nar-unpacked as class loader org.apache.nifi.nar.NarClassLoader[./work/nar/extensions/nifi-elasticsearch-client-service-nar-1.24.0.nar-unpacked]
2025-10-16 11:26:22,815 INFO [main] org.apache.nifi.nar.NarClassLoaders Loaded NAR file: /opt/nifi/nifi-current/./work/nar/extensions/nifi-mongodb-services-nar-1.24.0.nar-unpacked as class loader org.apache.nifi.nar.NarClassLoader[./work/nar/extensions/nifi-mongodb-services-nar-1.24.0.nar-unpacked]
2025-10-16 11:26:22,816 INFO [main] org.apache.nifi.nar.NarClassLoaders Loaded NAR file: /opt/nifi/nifi-current/./work/nar/extensions/nifi-record-serialization-services-nar-1.24.0.nar-unpacked as class loader org.apache.nifi.nar.NarClassLoader[./work/nar/extensions/nifi-record-serialization-services-nar-1.24.0.nar-unpacked]
2025-10-16 11:26:22,817 INFO [main] org.apache.nifi.nar.NarClassLoaders Loaded NAR file: /opt/nifi/nifi-current/./work/nar/extensions/nifi-social-media-nar-1.24.0.nar-unpacked as class loader org.apache.nifi.nar.NarClassLoader[./work/nar/extensions/nifi-social-media-nar-1.24.0.nar-unpacked]
2025-10-16 11:26:22,818 INFO [main] org.apache.nifi.nar.NarClassLoaders Loaded NAR file: /opt/nifi/nifi-current/./work/nar/extensions/nifi-jms-cf-service-nar-1.24.0.nar-unpacked as class loader org.apache.nifi.nar.NarClassLoader[./work/nar/extensions/nifi-jms-cf-service-nar-1.24.0.nar-unpacked]
2025-10-16 11:26:22,818 INFO [main] org.apache.nifi.nar.NarClassLoaders Loaded NAR file: /opt/nifi/nifi-current/./work/nar/extensions/nifi-hadoop-libraries-nar-1.24.0.nar-unpacked as class loader org.apache.nifi.nar.NarClassLoader[./work/nar/extensions/nifi-hadoop-libraries-nar-1.24.0.nar-unpacked]
2025-10-16 11:26:22,823 INFO [main] org.apache.nifi.nar.NarClassLoaders Loaded NAR file: /opt/nifi/nifi-current/./work/nar/extensions/nifi-poi-nar-1.24.0.nar-unpacked as class loader org.apache.nifi.nar.NarClassLoader[./work/nar/extensions/nifi-poi-nar-1.24.0.nar-unpacked]
2025-10-16 11:26:22,825 INFO [main] org.apache.nifi.nar.NarClassLoaders Loaded NAR file: /opt/nifi/nifi-current/./work/nar/extensions/nifi-dropbox-processors-nar-1.24.0.nar-unpacked as class loader org.apache.nifi.nar.NarClassLoader[./work/nar/extensions/nifi-dropbox-processors-nar-1.24.0.nar-unpacked]
2025-10-16 11:26:22,826 INFO [main] org.apache.nifi.nar.NarClassLoaders Loaded NAR file: /opt/nifi/nifi-current/./work/nar/extensions/nifi-hadoop-nar-1.24.0.nar-unpacked as class loader org.apache.nifi.nar.NarClassLoader[./work/nar/extensions/nifi-hadoop-nar-1.24.0.nar-unpacked]
2025-10-16 11:26:22,826 INFO [main] org.apache.nifi.nar.NarClassLoaders Loaded NAR file: /opt/nifi/nifi-current/./work/nar/extensions/nifi-dropbox-services-nar-1.24.0.nar-unpacked as class loader org.apache.nifi.nar.NarClassLoader[./work/nar/extensions/nifi-dropbox-services-nar-1.24.0.nar-unpacked]
2025-10-16 11:26:22,827 INFO [main] org.apache.nifi.nar.NarClassLoaders Loaded NAR file: /opt/nifi/nifi-current/./work/nar/extensions/nifi-parquet-nar-1.24.0.nar-unpacked as class loader org.apache.nifi.nar.NarClassLoader[./work/nar/extensions/nifi-parquet-nar-1.24.0.nar-unpacked]
2025-10-16 11:26:22,828 INFO [main] org.apache.nifi.nar.NarClassLoaders Loaded NAR file: /opt/nifi/nifi-current/./work/nar/extensions/nifi-solr-nar-1.24.0.nar-unpacked as class loader org.apache.nifi.nar.NarClassLoader[./work/nar/extensions/nifi-solr-nar-1.24.0.nar-unpacked]
2025-10-16 11:26:22,830 INFO [main] org.apache.nifi.nar.NarClassLoaders Loaded NAR file: /opt/nifi/nifi-current/./work/nar/extensions/nifi-confluent-platform-nar-1.24.0.nar-unpacked as class loader org.apache.nifi.nar.NarClassLoader[./work/nar/extensions/nifi-confluent-platform-nar-1.24.0.nar-unpacked]
2025-10-16 11:26:22,831 INFO [main] org.apache.nifi.nar.NarClassLoaders Loaded NAR file: /opt/nifi/nifi-current/./work/nar/extensions/nifi-groovyx-nar-1.24.0.nar-unpacked as class loader org.apache.nifi.nar.NarClassLoader[./work/nar/extensions/nifi-groovyx-nar-1.24.0.nar-unpacked]
2025-10-16 11:26:22,834 INFO [main] org.apache.nifi.nar.NarClassLoaders Loaded NAR file: /opt/nifi/nifi-current/./work/nar/extensions/nifi-kudu-nar-1.24.0.nar-unpacked as class loader org.apache.nifi.nar.NarClassLoader[./work/nar/extensions/nifi-kudu-nar-1.24.0.nar-unpacked]
2025-10-16 11:26:22,837 INFO [main] org.apache.nifi.nar.NarClassLoaders Loaded NAR file: /opt/nifi/nifi-current/./work/nar/extensions/nifi-enrich-nar-1.24.0.nar-unpacked as class loader org.apache.nifi.nar.NarClassLoader[./work/nar/extensions/nifi-enrich-nar-1.24.0.nar-unpacked]
2025-10-16 11:26:22,837 INFO [main] org.apache.nifi.nar.NarClassLoaders Loaded NAR file: /opt/nifi/nifi-current/./work/nar/extensions/nifi-cassandra-nar-1.24.0.nar-unpacked as class loader org.apache.nifi.nar.NarClassLoader[./work/nar/extensions/nifi-cassandra-nar-1.24.0.nar-unpacked]
2025-10-16 11:26:22,838 INFO [main] org.apache.nifi.nar.NarClassLoaders Loaded NAR file: /opt/nifi/nifi-current/./work/nar/extensions/nifi-gcp-nar-1.24.0.nar-unpacked as class loader org.apache.nifi.nar.NarClassLoader[./work/nar/extensions/nifi-gcp-nar-1.24.0.nar-unpacked]
2025-10-16 11:26:22,863 INFO [main] org.apache.nifi.nar.NarClassLoaders Loaded NAR file: /opt/nifi/nifi-current/./work/nar/extensions/nifi-box-nar-1.24.0.nar-unpacked as class loader org.apache.nifi.nar.NarClassLoader[./work/nar/extensions/nifi-box-nar-1.24.0.nar-unpacked]
2025-10-16 11:26:22,864 INFO [main] org.apache.nifi.nar.NarClassLoaders Loaded NAR file: /opt/nifi/nifi-current/./work/nar/extensions/nifi-avro-nar-1.24.0.nar-unpacked as class loader org.apache.nifi.nar.NarClassLoader[./work/nar/extensions/nifi-avro-nar-1.24.0.nar-unpacked]
2025-10-16 11:26:22,865 INFO [main] org.apache.nifi.nar.NarClassLoaders Loaded NAR file: /opt/nifi/nifi-current/./work/nar/extensions/nifi-standard-nar-1.24.0.nar-unpacked as class loader org.apache.nifi.nar.NarClassLoader[./work/nar/extensions/nifi-standard-nar-1.24.0.nar-unpacked]
2025-10-16 11:26:22,872 INFO [main] org.apache.nifi.nar.NarClassLoaders Loaded NAR file: /opt/nifi/nifi-current/./work/nar/extensions/nifi-mongodb-nar-1.24.0.nar-unpacked as class loader org.apache.nifi.nar.NarClassLoader[./work/nar/extensions/nifi-mongodb-nar-1.24.0.nar-unpacked]
2025-10-16 11:26:22,873 INFO [main] org.apache.nifi.nar.NarClassLoaders Loaded NAR file: /opt/nifi/nifi-current/./work/nar/extensions/nifi-hashicorp-vault-nar-1.24.0.nar-unpacked as class loader org.apache.nifi.nar.NarClassLoader[./work/nar/extensions/nifi-hashicorp-vault-nar-1.24.0.nar-unpacked]
2025-10-16 11:26:22,874 INFO [main] org.apache.nifi.nar.NarClassLoaders Loaded NAR file: /opt/nifi/nifi-current/./work/nar/extensions/nifi-smb-smbj-client-nar-1.24.0.nar-unpacked as class loader org.apache.nifi.nar.NarClassLoader[./work/nar/extensions/nifi-smb-smbj-client-nar-1.24.0.nar-unpacked]
2025-10-16 11:26:22,874 INFO [main] org.apache.nifi.nar.NarClassLoaders Loaded NAR file: /opt/nifi/nifi-current/./work/nar/extensions/nifi-mqtt-nar-1.24.0.nar-unpacked as class loader org.apache.nifi.nar.NarClassLoader[./work/nar/extensions/nifi-mqtt-nar-1.24.0.nar-unpacked]
2025-10-16 11:26:22,875 INFO [main] org.apache.nifi.nar.NarClassLoaders Loaded NAR file: /opt/nifi/nifi-current/./work/nar/extensions/nifi-azure-services-api-nar-1.24.0.nar-unpacked as class loader org.apache.nifi.nar.NarClassLoader[./work/nar/extensions/nifi-azure-services-api-nar-1.24.0.nar-unpacked]
2025-10-16 11:26:22,880 INFO [main] org.apache.nifi.nar.NarClassLoaders Loaded NAR file: /opt/nifi/nifi-current/./work/nar/extensions/nifi-lookup-services-nar-1.24.0.nar-unpacked as class loader org.apache.nifi.nar.NarClassLoader[./work/nar/extensions/nifi-lookup-services-nar-1.24.0.nar-unpacked]
2025-10-16 11:26:22,881 INFO [main] org.apache.nifi.nar.NarClassLoaders Loaded NAR file: /opt/nifi/nifi-current/./work/nar/extensions/nifi-opentelemetry-nar-1.24.0.nar-unpacked as class loader org.apache.nifi.nar.NarClassLoader[./work/nar/extensions/nifi-opentelemetry-nar-1.24.0.nar-unpacked]
2025-10-16 11:26:22,882 INFO [main] org.apache.nifi.nar.NarClassLoaders Loaded NAR file: /opt/nifi/nifi-current/./work/nar/extensions/nifi-smb-nar-1.24.0.nar-unpacked as class loader org.apache.nifi.nar.NarClassLoader[./work/nar/extensions/nifi-smb-nar-1.24.0.nar-unpacked]
2025-10-16 11:26:22,882 INFO [main] org.apache.nifi.nar.NarClassLoaders Loaded NAR file: /opt/nifi/nifi-current/./work/nar/extensions/nifi-splunk-nar-1.24.0.nar-unpacked as class loader org.apache.nifi.nar.NarClassLoader[./work/nar/extensions/nifi-splunk-nar-1.24.0.nar-unpacked]
2025-10-16 11:26:22,883 INFO [main] org.apache.nifi.nar.NarClassLoaders Loaded NAR file: /opt/nifi/nifi-current/./work/nar/extensions/nifi-aws-nar-1.24.0.nar-unpacked as class loader org.apache.nifi.nar.NarClassLoader[./work/nar/extensions/nifi-aws-nar-1.24.0.nar-unpacked]
2025-10-16 11:26:22,887 INFO [main] org.apache.nifi.nar.NarClassLoaders Loaded NAR file: /opt/nifi/nifi-current/./work/nar/extensions/nifi-jms-processors-nar-1.24.0.nar-unpacked as class loader org.apache.nifi.nar.NarClassLoader[./work/nar/extensions/nifi-jms-processors-nar-1.24.0.nar-unpacked]
2025-10-16 11:26:22,887 INFO [main] org.apache.nifi.nar.NarClassLoaders Loaded NAR file: /opt/nifi/nifi-current/./work/nar/extensions/nifi-pgp-service-nar-1.24.0.nar-unpacked as class loader org.apache.nifi.nar.NarClassLoader[./work/nar/extensions/nifi-pgp-service-nar-1.24.0.nar-unpacked]
2025-10-16 11:26:22,888 INFO [main] org.apache.nifi.nar.NarClassLoaders Loaded NAR file: /opt/nifi/nifi-current/./work/nar/extensions/nifi-box-services-nar-1.24.0.nar-unpacked as class loader org.apache.nifi.nar.NarClassLoader[./work/nar/extensions/nifi-box-services-nar-1.24.0.nar-unpacked]
2025-10-16 11:26:22,889 INFO [main] org.apache.nifi.nar.NarClassLoaders Loaded NAR file: /opt/nifi/nifi-current/./work/nar/extensions/nifi-azure-nar-1.24.0.nar-unpacked as class loader org.apache.nifi.nar.NarClassLoader[./work/nar/extensions/nifi-azure-nar-1.24.0.nar-unpacked]
2025-10-16 11:26:22,897 INFO [main] org.apache.nifi.nar.NarClassLoaders Found NiFiServer implementation org.apache.nifi.web.server.JettyServer in org.apache.nifi:nifi-server-nar:1.24.0
2025-10-16 11:26:22,910 INFO [main] org.eclipse.jetty.util.log Logging initialized @6058ms to org.eclipse.jetty.util.log.Slf4jLog
2025-10-16 11:26:22,969 INFO [main] org.apache.nifi.web.server.JettyServer Loading WAR [/opt/nifi/nifi-current/./work/nar/extensions/nifi-update-attribute-nar-1.24.0.nar-unpacked/NAR-INF/bundled-dependencies/nifi-update-attribute-ui-1.24.0.war] Context Path [/nifi-update-attribute-ui-1.24.0]
2025-10-16 11:26:22,970 INFO [main] org.apache.nifi.web.server.JettyServer Loading UI extension [ProcessorConfiguration, /nifi-update-attribute-ui-1.24.0] for org.apache.nifi.processors.attributes.UpdateAttribute:org.apache.nifi:nifi-update-attribute-nar:1.24.0
2025-10-16 11:26:22,970 INFO [main] org.apache.nifi.web.server.JettyServer Loading WAR [/opt/nifi/nifi-current/./work/nar/extensions/nifi-image-viewer-nar-1.24.0.nar-unpacked/NAR-INF/bundled-dependencies/nifi-image-viewer-1.24.0.war] Context Path [/nifi-image-viewer-1.24.0]
2025-10-16 11:26:22,971 INFO [main] org.apache.nifi.web.server.JettyServer Loading WAR [/opt/nifi/nifi-current/./work/nar/extensions/nifi-standard-nar-1.24.0.nar-unpacked/NAR-INF/bundled-dependencies/nifi-standard-content-viewer-1.24.0.war] Context Path [/nifi-standard-content-viewer-1.24.0]
2025-10-16 11:26:22,972 INFO [main] org.apache.nifi.web.server.JettyServer Loading WAR [/opt/nifi/nifi-current/./work/nar/extensions/nifi-standard-nar-1.24.0.nar-unpacked/NAR-INF/bundled-dependencies/nifi-jolt-transform-json-ui-1.24.0.war] Context Path [/nifi-jolt-transform-json-ui-1.24.0]
2025-10-16 11:26:22,972 INFO [main] org.apache.nifi.web.server.JettyServer Loading UI extension [ProcessorConfiguration, /nifi-jolt-transform-json-ui-1.24.0] for org.apache.nifi.processors.standard.JoltTransformJSON:org.apache.nifi:nifi-standard-nar:1.24.0
2025-10-16 11:26:22,974 INFO [main] org.apache.nifi.web.server.JettyServer Loading WAR [/opt/nifi/nifi-current/./work/nar/extensions/nifi-server-nar-1.24.0.nar-unpacked/NAR-INF/bundled-dependencies/nifi-web-ui-1.24.0.war] Context Path [/nifi]
2025-10-16 11:26:22,974 INFO [main] org.apache.nifi.web.server.JettyServer Loading WAR [/opt/nifi/nifi-current/./work/nar/extensions/nifi-server-nar-1.24.0.nar-unpacked/NAR-INF/bundled-dependencies/nifi-web-api-1.24.0.war] Context Path [/nifi-api]
2025-10-16 11:26:22,974 INFO [main] org.apache.nifi.web.server.JettyServer Loading WAR [/opt/nifi/nifi-current/./work/nar/extensions/nifi-server-nar-1.24.0.nar-unpacked/NAR-INF/bundled-dependencies/nifi-web-content-viewer-1.24.0.war] Context Path [/nifi-content-viewer]
2025-10-16 11:26:22,975 INFO [main] org.apache.nifi.web.server.JettyServer Loading WAR [/opt/nifi/nifi-current/./work/nar/extensions/nifi-server-nar-1.24.0.nar-unpacked/NAR-INF/bundled-dependencies/nifi-web-docs-1.24.0.war] Context Path [/nifi-docs]
2025-10-16 11:26:22,976 INFO [main] org.apache.nifi.web.server.JettyServer Loading Docs [/opt/nifi/nifi-current/docs] Context Path [/nifi-docs]
2025-10-16 11:26:22,976 INFO [main] org.apache.nifi.web.server.JettyServer Loading WAR [/opt/nifi/nifi-current/./work/nar/extensions/nifi-server-nar-1.24.0.nar-unpacked/NAR-INF/bundled-dependencies/nifi-web-error-1.24.0.war] Context Path [/]
2025-10-16 11:26:22,991 INFO [main] o.a.n.n.StandardExtensionDiscoveringManager Loaded extensions for org.apache.nifi:nifi-jetty-bundle:1.24.0 in 1 millis
2025-10-16 11:26:22,994 INFO [main] o.a.n.n.StandardExtensionDiscoveringManager Loaded extensions for org.apache.nifi:nifi-framework-nar:1.24.0 in 3 millis
2025-10-16 11:26:22,995 INFO [main] o.a.n.n.StandardExtensionDiscoveringManager Loaded extensions for org.apache.nifi:nifi-update-attribute-nar:1.24.0 in 1 millis
2025-10-16 11:26:22,996 INFO [main] o.a.n.n.StandardExtensionDiscoveringManager Loaded extensions for org.apache.nifi:nifi-spring-nar:1.24.0 in 0 millis
2025-10-16 11:26:22,997 INFO [main] o.a.n.n.StandardExtensionDiscoveringManager Loaded extensions for org.apache.nifi:nifi-compress-nar:1.24.0 in 1 millis
2025-10-16 11:26:22,998 INFO [main] o.a.n.n.StandardExtensionDiscoveringManager Loaded extensions for org.apache.nifi:nifi-image-viewer-nar:1.24.0 in 1 millis
2025-10-16 11:26:22,999 INFO [main] o.a.n.n.StandardExtensionDiscoveringManager Loaded extensions for org.apache.nifi:nifi-ldap-iaa-providers-nar:1.24.0 in 1 millis
2025-10-16 11:26:23,000 INFO [main] o.a.n.n.StandardExtensionDiscoveringManager Loaded extensions for org.apache.nifi:nifi-provenance-repository-nar:1.24.0 in 1 millis
2025-10-16 11:26:23,001 INFO [main] o.a.n.n.StandardExtensionDiscoveringManager Loaded extensions for org.apache.nifi:nifi-standard-services-api-nar:1.24.0 in 1 millis
2025-10-16 11:26:23,003 INFO [main] o.a.n.n.StandardExtensionDiscoveringManager Loaded extensions for org.apache.nifi:nifi-email-nar:1.24.0 in 2 millis
2025-10-16 11:26:23,004 INFO [main] o.a.n.n.StandardExtensionDiscoveringManager Loaded extensions for org.apache.nifi:nifi-asana-services-api-nar:1.24.0 in 1 millis
2025-10-16 11:26:23,005 INFO [main] o.a.n.n.StandardExtensionDiscoveringManager Loaded extensions for org.apache.nifi:nifi-ambari-nar:1.24.0 in 1 millis
2025-10-16 11:26:23,006 INFO [main] o.a.n.n.StandardExtensionDiscoveringManager Loaded extensions for org.apache.nifi:nifi-windows-event-log-nar:1.24.0 in 1 millis
2025-10-16 11:26:23,007 INFO [main] o.a.n.n.StandardExtensionDiscoveringManager Loaded extensions for org.apache.nifi:nifi-ssl-context-service-nar:1.24.0 in 1 millis
2025-10-16 11:26:23,008 INFO [main] o.a.n.n.StandardExtensionDiscoveringManager Loaded extensions for org.apache.nifi:nifi-kerberos-iaa-providers-nar:1.24.0 in 1 millis
2025-10-16 11:26:23,009 INFO [main] o.a.n.n.StandardExtensionDiscoveringManager Loaded extensions for org.apache.nifi:nifi-html-nar:1.24.0 in 1 millis
2025-10-16 11:26:23,011 INFO [main] o.a.n.n.StandardExtensionDiscoveringManager Loaded extensions for org.apache.nifi:nifi-rethinkdb-nar:1.24.0 in 1 millis
2025-10-16 11:26:23,040 INFO [main] o.a.n.n.StandardExtensionDiscoveringManager Loaded extensions for org.apache.nifi:nifi-hl7-nar:1.24.0 in 29 millis
2025-10-16 11:26:23,042 INFO [main] o.a.n.n.StandardExtensionDiscoveringManager Loaded extensions for org.apache.nifi:nifi-cybersecurity-nar:1.24.0 in 1 millis
2025-10-16 11:26:23,043 INFO [main] o.a.n.n.StandardExtensionDiscoveringManager Loaded extensions for org.apache.nifi:nifi-http-context-map-nar:1.24.0 in 1 millis
2025-10-16 11:26:23,044 INFO [main] o.a.n.n.StandardExtensionDiscoveringManager Loaded extensions for org.apache.nifi:nifi-kafka-2-0-nar:1.24.0 in 1 millis
2025-10-16 11:26:23,045 INFO [main] o.a.n.n.StandardExtensionDiscoveringManager Loaded extensions for org.apache.nifi:nifi-ccda-nar:1.24.0 in 1 millis
2025-10-16 11:26:23,047 INFO [main] o.a.n.n.StandardExtensionDiscoveringManager Loaded extensions for org.apache.nifi:nifi-stateless-nar:1.24.0 in 2 millis
2025-10-16 11:26:23,051 INFO [main] o.a.n.n.StandardExtensionDiscoveringManager Loaded extensions for org.apache.nifi:nifi-server-nar:1.24.0 in 4 millis
2025-10-16 11:26:23,052 INFO [main] o.a.n.n.StandardExtensionDiscoveringManager Loaded extensions for org.apache.nifi:nifi-metrics-reporter-service-api-nar:1.24.0 in 1 millis
2025-10-16 11:26:23,054 INFO [main] o.a.n.n.StandardExtensionDiscoveringManager Loaded extensions for org.apache.nifi:nifi-prometheus-nar:1.24.0 in 2 millis
2025-10-16 11:26:23,055 INFO [main] o.a.n.n.StandardExtensionDiscoveringManager Loaded extensions for org.apache.nifi:nifi-evtx-nar:1.24.0 in 1 millis
2025-10-16 11:26:23,056 INFO [main] o.a.n.n.StandardExtensionDiscoveringManager Loaded extensions for org.apache.nifi:nifi-single-user-iaa-providers-nar:1.24.0 in 1 millis
2025-10-16 11:26:23,057 INFO [main] o.a.n.n.StandardExtensionDiscoveringManager Loaded extensions for org.apache.nifi:nifi-workday-processors-nar:1.24.0 in 1 millis
2025-10-16 11:26:23,059 INFO [main] o.a.n.n.StandardExtensionDiscoveringManager Loaded extensions for org.apache.nifi:nifi-asana-processors-nar:1.24.0 in 2 millis
2025-10-16 11:26:23,060 INFO [main] o.a.n.n.StandardExtensionDiscoveringManager Loaded extensions for org.apache.nifi:nifi-websocket-services-api-nar:1.24.0 in 1 millis
2025-10-16 11:26:23,061 INFO [main] o.a.n.n.StandardExtensionDiscoveringManager Loaded extensions for org.apache.nifi:nifi-kerberos-credentials-service-nar:1.24.0 in 1 millis
2025-10-16 11:26:23,062 INFO [main] o.a.n.n.StandardExtensionDiscoveringManager Loaded extensions for org.apache.nifi:nifi-tcp-nar:1.24.0 in 0 millis
2025-10-16 11:26:23,064 INFO [main] o.a.n.n.StandardExtensionDiscoveringManager Loaded extensions for org.apache.nifi:nifi-file-resource-service-nar:1.24.0 in 2 millis
2025-10-16 11:26:23,065 INFO [main] o.a.n.n.StandardExtensionDiscoveringManager Loaded extensions for org.apache.nifi:nifi-amqp-nar:1.24.0 in 1 millis
2025-10-16 11:26:23,067 INFO [main] o.a.n.n.StandardExtensionDiscoveringManager Loaded extensions for org.apache.nifi:nifi-kafka-1-0-nar:1.24.0 in 2 millis
2025-10-16 11:26:23,069 INFO [main] o.a.n.n.StandardExtensionDiscoveringManager Loaded extensions for org.apache.nifi:nifi-websocket-processors-nar:1.24.0 in 2 millis
2025-10-16 11:26:23,070 INFO [main] o.a.n.n.StandardExtensionDiscoveringManager Loaded extensions for org.apache.nifi:nifi-distributed-cache-services-nar:1.24.0 in 1 millis
2025-10-16 11:26:23,071 INFO [main] o.a.n.n.StandardExtensionDiscoveringManager Loaded extensions for org.apache.nifi:nifi-hazelcast-services-api-nar:1.24.0 in 1 millis
2025-10-16 11:26:23,072 INFO [main] o.a.n.n.StandardExtensionDiscoveringManager Loaded extensions for org.apache.nifi:nifi-stateful-analysis-nar:1.24.0 in 1 millis
2025-10-16 11:26:23,073 INFO [main] o.a.n.n.StandardExtensionDiscoveringManager Loaded extensions for org.apache.nifi:nifi-proxy-configuration-nar:1.24.0 in 1 millis
2025-10-16 11:26:23,075 INFO [main] o.a.n.n.StandardExtensionDiscoveringManager Loaded extensions for org.apache.nifi:nifi-kerberos-user-service-nar:1.24.0 in 2 millis
2025-10-16 11:26:23,076 INFO [main] o.a.n.n.StandardExtensionDiscoveringManager Loaded extensions for org.apache.nifi:nifi-websocket-services-jetty-nar:1.24.0 in 1 millis
2025-10-16 11:26:23,077 INFO [main] o.a.n.n.StandardExtensionDiscoveringManager Loaded extensions for org.apache.nifi:nifi-asana-services-nar:1.24.0 in 1 millis
2025-10-16 11:26:23,078 INFO [main] o.a.n.n.StandardExtensionDiscoveringManager Loaded extensions for org.apache.nifi:nifi-hwx-schema-registry-nar:1.24.0 in 1 millis
2025-10-16 11:26:23,079 INFO [main] o.a.n.n.StandardExtensionDiscoveringManager Loaded extensions for org.apache.nifi:nifi-couchbase-services-api-nar:1.24.0 in 1 millis
2025-10-16 11:26:23,080 INFO [main] o.a.n.n.StandardExtensionDiscoveringManager Loaded extensions for org.apache.nifi:nifi-hadoop-dbcp-service-nar:1.24.0 in 1 millis
2025-10-16 11:26:23,082 INFO [main] o.a.n.n.StandardExtensionDiscoveringManager Loaded extensions for org.apache.nifi:nifi-dbcp-service-nar:1.24.0 in 2 millis
2025-10-16 11:26:23,083 INFO [main] o.a.n.n.StandardExtensionDiscoveringManager Loaded extensions for org.apache.nifi:nifi-standard-shared-nar:1.24.0 in 1 millis
2025-10-16 11:26:23,085 INFO [main] o.a.n.n.StandardExtensionDiscoveringManager Loaded extensions for org.apache.nifi:nifi-hbase_2-client-service-nar:1.24.0 in 2 millis
2025-10-16 11:26:23,086 INFO [main] o.a.n.n.StandardExtensionDiscoveringManager Loaded extensions for org.apache.nifi:nifi-hubspot-nar:1.24.0 in 1 millis
2025-10-16 11:26:23,087 INFO [main] o.a.n.n.StandardExtensionDiscoveringManager Loaded extensions for org.apache.nifi:nifi-cassandra-services-api-nar:1.24.0 in 1 millis
2025-10-16 11:26:23,088 INFO [main] o.a.n.n.StandardExtensionDiscoveringManager Loaded extensions for org.apache.nifi:nifi-mongodb-client-service-api-nar:1.24.0 in 1 millis
2025-10-16 11:26:23,089 INFO [main] o.a.n.n.StandardExtensionDiscoveringManager Loaded extensions for org.apache.nifi:nifi-grpc-nar:1.24.0 in 1 millis
2025-10-16 11:26:23,091 INFO [main] o.a.n.n.StandardExtensionDiscoveringManager Loaded extensions for org.apache.nifi:nifi-web-client-provider-service-nar:1.24.0 in 2 millis
2025-10-16 11:26:23,092 INFO [main] o.a.n.n.StandardExtensionDiscoveringManager Loaded extensions for org.apache.nifi:nifi-metrics-reporting-nar:1.24.0 in 1 millis
2025-10-16 11:26:23,093 INFO [main] o.a.n.n.StandardExtensionDiscoveringManager Loaded extensions for org.apache.nifi:nifi-zendesk-nar:1.24.0 in 1 millis
2025-10-16 11:26:23,095 INFO [main] o.a.n.n.StandardExtensionDiscoveringManager Loaded extensions for org.apache.nifi:nifi-shopify-nar:1.24.0 in 2 millis
2025-10-16 11:26:23,096 INFO [main] o.a.n.n.StandardExtensionDiscoveringManager Loaded extensions for org.apache.nifi:nifi-cassandra-services-nar:1.24.0 in 1 millis
2025-10-16 11:26:23,098 INFO [main] o.a.n.n.StandardExtensionDiscoveringManager Loaded extensions for org.apache.nifi:nifi-redis-service-api-nar:1.24.0 in 1 millis
2025-10-16 11:26:23,100 INFO [main] o.a.n.n.StandardExtensionDiscoveringManager Loaded extensions for org.apache.nifi:nifi-jolt-record-nar:1.24.0 in 2 millis
2025-10-16 11:26:23,101 INFO [main] o.a.n.n.StandardExtensionDiscoveringManager Loaded extensions for org.apache.nifi:nifi-site-to-site-reporting-nar:1.24.0 in 1 millis
2025-10-16 11:26:23,102 INFO [main] o.a.n.n.StandardExtensionDiscoveringManager Loaded extensions for org.apache.nifi:nifi-hazelcast-services-nar:1.24.0 in 1 millis
2025-10-16 11:26:23,104 INFO [main] o.a.n.n.StandardExtensionDiscoveringManager Loaded extensions for org.apache.nifi:nifi-datadog-nar:1.24.0 in 2 millis
2025-10-16 11:26:23,105 INFO [main] o.a.n.n.StandardExtensionDiscoveringManager Loaded extensions for org.apache.nifi:nifi-couchbase-nar:1.24.0 in 1 millis
2025-10-16 11:26:23,106 INFO [main] o.a.n.n.StandardExtensionDiscoveringManager Loaded extensions for org.apache.nifi:nifi-kafka-2-6-nar:1.24.0 in 1 millis
2025-10-16 11:26:23,108 INFO [main] o.a.n.n.StandardExtensionDiscoveringManager Loaded extensions for org.apache.nifi:nifi-network-processors-nar:1.24.0 in 2 millis
2025-10-16 11:26:23,109 INFO [main] o.a.n.n.StandardExtensionDiscoveringManager Loaded extensions for org.apache.nifi:nifi-record-sink-service-nar:1.24.0 in 1 millis
2025-10-16 11:26:23,110 INFO [main] o.a.n.n.StandardExtensionDiscoveringManager Loaded extensions for org.apache.nifi:nifi-key-service-nar:1.24.0 in 1 millis
2025-10-16 11:26:23,112 INFO [main] o.a.n.n.StandardExtensionDiscoveringManager Loaded extensions for org.apache.nifi:nifi-stateless-processor-nar:1.24.0 in 2 millis
2025-10-16 11:26:23,113 INFO [main] o.a.n.n.StandardExtensionDiscoveringManager Loaded extensions for org.apache.nifi:nifi-hbase-nar:1.24.0 in 1 millis
2025-10-16 11:26:23,114 INFO [main] o.a.n.n.StandardExtensionDiscoveringManager Loaded extensions for org.apache.nifi:nifi-jslt-nar:1.24.0 in 1 millis
2025-10-16 11:26:23,116 INFO [main] o.a.n.n.StandardExtensionDiscoveringManager Loaded extensions for org.apache.nifi:nifi-smb-client-api-nar:1.24.0 in 1 millis
2025-10-16 11:26:23,118 INFO [main] o.a.n.n.StandardExtensionDiscoveringManager Loaded extensions for org.apache.nifi:nifi-registry-nar:1.24.0 in 2 millis
2025-10-16 11:26:23,119 INFO [main] o.a.n.n.StandardExtensionDiscoveringManager Loaded extensions for org.apache.nifi:nifi-redis-nar:1.24.0 in 1 millis
2025-10-16 11:26:23,120 INFO [main] o.a.n.n.StandardExtensionDiscoveringManager Loaded extensions for org.apache.nifi:nifi-pgp-service-api-nar:1.24.0 in 1 millis
2025-10-16 11:26:23,122 INFO [main] o.a.n.n.StandardExtensionDiscoveringManager Loaded extensions for org.apache.nifi:nifi-aws-service-api-nar:1.24.0 in 2 millis
2025-10-16 11:26:23,123 INFO [main] o.a.n.n.StandardExtensionDiscoveringManager Loaded extensions for org.apache.nifi:nifi-dropbox-services-api-nar:1.24.0 in 1 millis
2025-10-16 11:26:23,124 INFO [main] o.a.n.n.StandardExtensionDiscoveringManager Loaded extensions for org.apache.nifi:nifi-flow-registry-client-nar:1.24.0 in 1 millis
2025-10-16 11:26:23,125 INFO [main] o.a.n.n.StandardExtensionDiscoveringManager Loaded extensions for org.apache.nifi:nifi-gcp-services-api-nar:1.24.0 in 1 millis
2025-10-16 11:26:23,127 INFO [main] o.a.n.n.StandardExtensionDiscoveringManager Loaded extensions for org.apache.nifi:nifi-elasticsearch-client-service-api-nar:1.24.0 in 1 millis
2025-10-16 11:26:23,128 INFO [main] o.a.n.n.StandardExtensionDiscoveringManager Loaded extensions for org.apache.nifi:nifi-airtable-nar:1.24.0 in 1 millis
2025-10-16 11:26:23,129 INFO [main] o.a.n.n.StandardExtensionDiscoveringManager Loaded extensions for org.apache.nifi:nifi-language-translation-nar:1.24.0 in 1 millis
2025-10-16 11:26:23,131 INFO [main] o.a.n.n.StandardExtensionDiscoveringManager Loaded extensions for org.apache.nifi:nifi-cipher-nar:1.24.0 in 2 millis
2025-10-16 11:26:23,132 INFO [main] o.a.n.n.StandardExtensionDiscoveringManager Loaded extensions for org.apache.nifi:nifi-snmp-nar:1.24.0 in 1 millis
2025-10-16 11:26:23,134 INFO [main] o.a.n.n.StandardExtensionDiscoveringManager Loaded extensions for org.apache.nifi:nifi-oauth2-provider-nar:1.24.0 in 1 millis
2025-10-16 11:26:23,135 INFO [main] o.a.n.n.StandardExtensionDiscoveringManager Loaded extensions for org.apache.nifi:nifi-elasticsearch-nar:1.24.0 in 1 millis
2025-10-16 11:26:23,137 INFO [main] o.a.n.n.StandardExtensionDiscoveringManager Loaded extensions for org.apache.nifi:nifi-elasticsearch-restapi-nar:1.24.0 in 1 millis
2025-10-16 11:26:23,138 INFO [main] o.a.n.n.StandardExtensionDiscoveringManager Loaded extensions for org.apache.nifi:nifi-box-services-api-nar:1.24.0 in 1 millis
2025-10-16 11:26:23,139 INFO [main] o.a.n.n.StandardExtensionDiscoveringManager Loaded extensions for org.apache.nifi:nifi-salesforce-nar:1.24.0 in 1 millis
2025-10-16 11:26:23,141 INFO [main] o.a.n.n.StandardExtensionDiscoveringManager Loaded extensions for org.apache.nifi:nifi-geohash-nar:1.24.0 in 2 millis
2025-10-16 11:26:23,142 INFO [main] o.a.n.n.StandardExtensionDiscoveringManager Loaded extensions for org.apache.nifi:nifi-cdc-mysql-nar:1.24.0 in 1 millis
2025-10-16 11:26:23,144 INFO [main] o.a.n.n.StandardExtensionDiscoveringManager Loaded extensions for org.apache.nifi:nifi-slack-nar:1.24.0 in 2 millis
2025-10-16 11:26:23,145 INFO [main] o.a.n.n.StandardExtensionDiscoveringManager Loaded extensions for org.apache.nifi:nifi-hashicorp-vault-client-service-api-nar:1.24.0 in 1 millis
2025-10-16 11:26:23,146 INFO [main] o.a.n.n.StandardExtensionDiscoveringManager Loaded extensions for org.apache.nifi:nifi-pgp-nar:1.24.0 in 1 millis
2025-10-16 11:26:23,148 INFO [main] o.a.n.n.StandardExtensionDiscoveringManager Loaded extensions for org.apache.nifi:nifi-scripting-nar:1.24.0 in 2 millis
2025-10-16 11:26:23,150 INFO [main] o.a.n.n.StandardExtensionDiscoveringManager Loaded extensions for org.apache.nifi:nifi-elasticsearch-client-service-nar:1.24.0 in 2 millis
2025-10-16 11:26:23,152 INFO [main] o.a.n.n.StandardExtensionDiscoveringManager Loaded extensions for org.apache.nifi:nifi-mongodb-services-nar:1.24.0 in 2 millis
2025-10-16 11:26:23,154 INFO [main] o.a.n.n.StandardExtensionDiscoveringManager Loaded extensions for org.apache.nifi:nifi-record-serialization-services-nar:1.24.0 in 2 millis
2025-10-16 11:26:23,156 INFO [main] o.a.n.n.StandardExtensionDiscoveringManager Loaded extensions for org.apache.nifi:nifi-social-media-nar:1.24.0 in 2 millis
2025-10-16 11:26:23,157 INFO [main] o.a.n.n.StandardExtensionDiscoveringManager Loaded extensions for org.apache.nifi:nifi-jms-cf-service-nar:1.24.0 in 1 millis
2025-10-16 11:26:23,158 INFO [main] o.a.n.n.StandardExtensionDiscoveringManager Loaded extensions for org.apache.nifi:nifi-hadoop-libraries-nar:1.24.0 in 1 millis
2025-10-16 11:26:23,160 INFO [main] o.a.n.n.StandardExtensionDiscoveringManager Loaded extensions for org.apache.nifi:nifi-poi-nar:1.24.0 in 2 millis
2025-10-16 11:26:23,161 INFO [main] o.a.n.n.StandardExtensionDiscoveringManager Loaded extensions for org.apache.nifi:nifi-dropbox-processors-nar:1.24.0 in 1 millis
2025-10-16 11:26:23,163 INFO [main] o.a.n.n.StandardExtensionDiscoveringManager Loaded extensions for org.apache.nifi:nifi-hadoop-nar:1.24.0 in 2 millis
2025-10-16 11:26:23,165 INFO [main] o.a.n.n.StandardExtensionDiscoveringManager Loaded extensions for org.apache.nifi:nifi-dropbox-services-nar:1.24.0 in 2 millis
2025-10-16 11:26:23,167 INFO [main] o.a.n.n.StandardExtensionDiscoveringManager Loaded extensions for org.apache.nifi:nifi-parquet-nar:1.24.0 in 2 millis
2025-10-16 11:26:23,169 INFO [main] o.a.n.n.StandardExtensionDiscoveringManager Loaded extensions for org.apache.nifi:nifi-solr-nar:1.24.0 in 2 millis
2025-10-16 11:26:23,170 INFO [main] o.a.n.n.StandardExtensionDiscoveringManager Loaded extensions for org.apache.nifi:nifi-confluent-platform-nar:1.24.0 in 1 millis
2025-10-16 11:26:23,172 INFO [main] o.a.n.n.StandardExtensionDiscoveringManager Loaded extensions for org.apache.nifi:nifi-groovyx-nar:1.24.0 in 2 millis
2025-10-16 11:26:23,174 INFO [main] o.a.n.n.StandardExtensionDiscoveringManager Loaded extensions for org.apache.nifi:nifi-kudu-nar:1.24.0 in 2 millis
2025-10-16 11:26:23,175 INFO [main] o.a.n.n.StandardExtensionDiscoveringManager Loaded extensions for org.apache.nifi:nifi-enrich-nar:1.24.0 in 1 millis
2025-10-16 11:26:23,177 INFO [main] o.a.n.n.StandardExtensionDiscoveringManager Loaded extensions for org.apache.nifi:nifi-cassandra-nar:1.24.0 in 2 millis
2025-10-16 11:26:23,179 INFO [main] o.a.n.n.StandardExtensionDiscoveringManager Loaded extensions for org.apache.nifi:nifi-gcp-nar:1.24.0 in 2 millis
2025-10-16 11:26:23,180 INFO [main] o.a.n.n.StandardExtensionDiscoveringManager Loaded extensions for org.apache.nifi:nifi-box-nar:1.24.0 in 1 millis
2025-10-16 11:26:23,182 INFO [main] o.a.n.n.StandardExtensionDiscoveringManager Loaded extensions for org.apache.nifi:nifi-avro-nar:1.24.0 in 2 millis
2025-10-16 11:26:23,184 INFO [main] o.a.n.n.StandardExtensionDiscoveringManager Loaded extensions for org.apache.nifi:nifi-standard-nar:1.24.0 in 2 millis
2025-10-16 11:26:23,185 INFO [main] o.a.n.n.StandardExtensionDiscoveringManager Loaded extensions for org.apache.nifi:nifi-mongodb-nar:1.24.0 in 1 millis
2025-10-16 11:26:23,187 INFO [main] o.a.n.n.StandardExtensionDiscoveringManager Loaded extensions for org.apache.nifi:nifi-hashicorp-vault-nar:1.24.0 in 1 millis
2025-10-16 11:26:23,188 INFO [main] o.a.n.n.StandardExtensionDiscoveringManager Loaded extensions for org.apache.nifi:nifi-smb-smbj-client-nar:1.24.0 in 1 millis
2025-10-16 11:26:23,190 INFO [main] o.a.n.n.StandardExtensionDiscoveringManager Loaded extensions for org.apache.nifi:nifi-mqtt-nar:1.24.0 in 1 millis
2025-10-16 11:26:23,191 INFO [main] o.a.n.n.StandardExtensionDiscoveringManager Loaded extensions for org.apache.nifi:nifi-azure-services-api-nar:1.24.0 in 1 millis
2025-10-16 11:26:23,192 INFO [main] o.a.n.n.StandardExtensionDiscoveringManager Loaded extensions for org.apache.nifi:nifi-lookup-services-nar:1.24.0 in 1 millis
2025-10-16 11:26:23,194 INFO [main] o.a.n.n.StandardExtensionDiscoveringManager Loaded extensions for org.apache.nifi:nifi-opentelemetry-nar:1.24.0 in 2 millis
2025-10-16 11:26:23,195 INFO [main] o.a.n.n.StandardExtensionDiscoveringManager Loaded extensions for org.apache.nifi:nifi-smb-nar:1.24.0 in 1 millis
2025-10-16 11:26:23,196 INFO [main] o.a.n.n.StandardExtensionDiscoveringManager Loaded extensions for org.apache.nifi:nifi-splunk-nar:1.24.0 in 1 millis
2025-10-16 11:26:23,198 INFO [main] o.a.n.n.StandardExtensionDiscoveringManager Loaded extensions for org.apache.nifi:nifi-aws-nar:1.24.0 in 2 millis
2025-10-16 11:26:23,200 INFO [main] o.a.n.n.StandardExtensionDiscoveringManager Loaded extensions for org.apache.nifi:nifi-jms-processors-nar:1.24.0 in 1 millis
2025-10-16 11:26:23,201 INFO [main] o.a.n.n.StandardExtensionDiscoveringManager Loaded extensions for org.apache.nifi:nifi-pgp-service-nar:1.24.0 in 1 millis
2025-10-16 11:26:23,203 INFO [main] o.a.n.n.StandardExtensionDiscoveringManager Loaded extensions for org.apache.nifi:nifi-box-services-nar:1.24.0 in 1 millis
2025-10-16 11:26:23,205 INFO [main] o.a.n.n.StandardExtensionDiscoveringManager Loaded extensions for org.apache.nifi:nifi-azure-nar:1.24.0 in 2 millis
2025-10-16 11:26:23,206 INFO [main] o.a.n.n.StandardExtensionDiscoveringManager Extension Type Mapping to Bundle:
	=== StateProvider Type ===
	org.apache.nifi.controller.state.providers.zookeeper.ZooKeeperStateProvider
		org.apache.nifi:nifi-framework-nar:1.24.0 || ./work/nar/framework/nifi-framework-nar-1.24.0.nar-unpacked
	org.apache.nifi.controller.state.providers.local.WriteAheadLocalStateProvider
		org.apache.nifi:nifi-framework-nar:1.24.0 || ./work/nar/framework/nifi-framework-nar-1.24.0.nar-unpacked
	org.apache.nifi.redis.state.RedisStateProvider
		org.apache.nifi:nifi-redis-nar:1.24.0 || ./work/nar/extensions/nifi-redis-nar-1.24.0.nar-unpacked
	=== End StateProvider types ===
	=== FlowFileSwapManager Type ===
	org.apache.nifi.controller.FileSystemSwapManager
		org.apache.nifi:nifi-framework-nar:1.24.0 || ./work/nar/framework/nifi-framework-nar-1.24.0.nar-unpacked
	org.apache.nifi.controller.EncryptedFileSystemSwapManager
		org.apache.nifi:nifi-framework-nar:1.24.0 || ./work/nar/framework/nifi-framework-nar-1.24.0.nar-unpacked
	=== End FlowFileSwapManager types ===
	=== ContentRepository Type ===
	org.apache.nifi.controller.repository.crypto.EncryptedFileSystemRepository
		org.apache.nifi:nifi-framework-nar:1.24.0 || ./work/nar/framework/nifi-framework-nar-1.24.0.nar-unpacked
	org.apache.nifi.controller.repository.FileSystemRepository
		org.apache.nifi:nifi-framework-nar:1.24.0 || ./work/nar/framework/nifi-framework-nar-1.24.0.nar-unpacked
	=== End ContentRepository types ===
	=== FlowFileRepository Type ===
	org.apache.nifi.controller.repository.VolatileFlowFileRepository
		org.apache.nifi:nifi-framework-nar:1.24.0 || ./work/nar/framework/nifi-framework-nar-1.24.0.nar-unpacked
	org.apache.nifi.controller.repository.WriteAheadFlowFileRepository
		org.apache.nifi:nifi-framework-nar:1.24.0 || ./work/nar/framework/nifi-framework-nar-1.24.0.nar-unpacked
	=== End FlowFileRepository types ===
	=== ParameterProvider Type ===
	org.apache.nifi.parameter.EnvironmentVariableParameterProvider
		org.apache.nifi:nifi-standard-nar:1.24.0 || ./work/nar/extensions/nifi-standard-nar-1.24.0.nar-unpacked
	org.apache.nifi.parameter.DatabaseParameterProvider
		org.apache.nifi:nifi-standard-nar:1.24.0 || ./work/nar/extensions/nifi-standard-nar-1.24.0.nar-unpacked
	org.apache.nifi.vault.hashicorp.HashiCorpVaultParameterProvider
		org.apache.nifi:nifi-hashicorp-vault-nar:1.24.0 || ./work/nar/extensions/nifi-hashicorp-vault-nar-1.24.0.nar-unpacked
	org.apache.nifi.parameter.gcp.GcpSecretManagerParameterProvider
		org.apache.nifi:nifi-gcp-nar:1.24.0 || ./work/nar/extensions/nifi-gcp-nar-1.24.0.nar-unpacked
	org.apache.nifi.parameter.azure.AzureKeyVaultSecretsParameterProvider
		org.apache.nifi:nifi-azure-nar:1.24.0 || ./work/nar/extensions/nifi-azure-nar-1.24.0.nar-unpacked
	org.apache.nifi.parameter.FileParameterProvider
		org.apache.nifi:nifi-standard-nar:1.24.0 || ./work/nar/extensions/nifi-standard-nar-1.24.0.nar-unpacked
	org.apache.nifi.parameter.aws.AwsSecretsManagerParameterProvider
		org.apache.nifi:nifi-aws-nar:1.24.0 || ./work/nar/extensions/nifi-aws-nar-1.24.0.nar-unpacked
	=== End ParameterProvider types ===
	=== ReportingTask Type ===
	org.apache.nifi.reporting.SiteToSiteStatusReportingTask
		org.apache.nifi:nifi-site-to-site-reporting-nar:1.24.0 || ./work/nar/extensions/nifi-site-to-site-reporting-nar-1.24.0.nar-unpacked
	org.apache.nifi.reporting.SiteToSiteMetricsReportingTask
		org.apache.nifi:nifi-site-to-site-reporting-nar:1.24.0 || ./work/nar/extensions/nifi-site-to-site-reporting-nar-1.24.0.nar-unpacked
	org.apache.nifi.controller.ControllerStatusReportingTask
		org.apache.nifi:nifi-standard-nar:1.24.0 || ./work/nar/extensions/nifi-standard-nar-1.24.0.nar-unpacked
	org.apache.nifi.reporting.azure.loganalytics.AzureLogAnalyticsReportingTask
		org.apache.nifi:nifi-azure-nar:1.24.0 || ./work/nar/extensions/nifi-azure-nar-1.24.0.nar-unpacked
	org.apache.nifi.controller.MonitorMemory
		org.apache.nifi:nifi-standard-nar:1.24.0 || ./work/nar/extensions/nifi-standard-nar-1.24.0.nar-unpacked
	org.apache.nifi.reporting.prometheus.PrometheusReportingTask
		org.apache.nifi:nifi-prometheus-nar:1.24.0 || ./work/nar/extensions/nifi-prometheus-nar-1.24.0.nar-unpacked
	org.apache.nifi.reporting.script.ScriptedReportingTask
		org.apache.nifi:nifi-scripting-nar:1.24.0 || ./work/nar/extensions/nifi-scripting-nar-1.24.0.nar-unpacked
	org.apache.nifi.reporting.ganglia.StandardGangliaReporter
		org.apache.nifi:nifi-standard-nar:1.24.0 || ./work/nar/extensions/nifi-standard-nar-1.24.0.nar-unpacked
	org.apache.nifi.metrics.reporting.task.MetricsReportingTask
		org.apache.nifi:nifi-metrics-reporting-nar:1.24.0 || ./work/nar/extensions/nifi-metrics-reporting-nar-1.24.0.nar-unpacked
	org.apache.nifi.reporting.SiteToSiteProvenanceReportingTask
		org.apache.nifi:nifi-site-to-site-reporting-nar:1.24.0 || ./work/nar/extensions/nifi-site-to-site-reporting-nar-1.24.0.nar-unpacked
	org.apache.nifi.reporting.ambari.AmbariReportingTask
		org.apache.nifi:nifi-ambari-nar:1.24.0 || ./work/nar/extensions/nifi-ambari-nar-1.24.0.nar-unpacked
	org.apache.nifi.reporting.SiteToSiteBulletinReportingTask
		org.apache.nifi:nifi-site-to-site-reporting-nar:1.24.0 || ./work/nar/extensions/nifi-site-to-site-reporting-nar-1.24.0.nar-unpacked
	org.apache.nifi.reporting.datadog.DataDogReportingTask
		org.apache.nifi:nifi-datadog-nar:1.24.0 || ./work/nar/extensions/nifi-datadog-nar-1.24.0.nar-unpacked
	org.apache.nifi.reporting.azure.loganalytics.AzureLogAnalyticsProvenanceReportingTask
		org.apache.nifi:nifi-azure-nar:1.24.0 || ./work/nar/extensions/nifi-azure-nar-1.24.0.nar-unpacked
	org.apache.nifi.controller.MonitorDiskUsage
		org.apache.nifi:nifi-standard-nar:1.24.0 || ./work/nar/extensions/nifi-standard-nar-1.24.0.nar-unpacked
	=== End ReportingTask types ===
	=== Processor Type ===
	org.apache.nifi.processors.hadoop.FetchHDFS
		org.apache.nifi:nifi-hadoop-nar:1.24.0 || ./work/nar/extensions/nifi-hadoop-nar-1.24.0.nar-unpacked
	org.apache.nifi.processors.avro.ExtractAvroMetadata
		org.apache.nifi:nifi-avro-nar:1.24.0 || ./work/nar/extensions/nifi-avro-nar-1.24.0.nar-unpacked
	org.apache.nifi.processors.email.ConsumeIMAP
		org.apache.nifi:nifi-email-nar:1.24.0 || ./work/nar/extensions/nifi-email-nar-1.24.0.nar-unpacked
	org.apache.nifi.processors.standard.GetSFTP
		org.apache.nifi:nifi-standard-nar:1.24.0 || ./work/nar/extensions/nifi-standard-nar-1.24.0.nar-unpacked
	org.apache.nifi.processors.email.ConsumePOP3
		org.apache.nifi:nifi-email-nar:1.24.0 || ./work/nar/extensions/nifi-email-nar-1.24.0.nar-unpacked
	org.apache.nifi.processors.standard.PutDatabaseRecord
		org.apache.nifi:nifi-standard-nar:1.24.0 || ./work/nar/extensions/nifi-standard-nar-1.24.0.nar-unpacked
	org.apache.nifi.ModifyHTMLElement
		org.apache.nifi:nifi-html-nar:1.24.0 || ./work/nar/extensions/nifi-html-nar-1.24.0.nar-unpacked
	org.apache.nifi.processors.standard.GenerateTableFetch
		org.apache.nifi:nifi-standard-nar:1.24.0 || ./work/nar/extensions/nifi-standard-nar-1.24.0.nar-unpacked
	org.apache.nifi.processors.aws.ml.transcribe.GetAwsTranscribeJobStatus
		org.apache.nifi:nifi-aws-nar:1.24.0 || ./work/nar/extensions/nifi-aws-nar-1.24.0.nar-unpacked
	org.apache.nifi.processors.azure.cosmos.document.PutAzureCosmosDBRecord
		org.apache.nifi:nifi-azure-nar:1.24.0 || ./work/nar/extensions/nifi-azure-nar-1.24.0.nar-unpacked
	org.apache.nifi.processors.cipher.DecryptContentAge
		org.apache.nifi:nifi-cipher-nar:1.24.0 || ./work/nar/extensions/nifi-cipher-nar-1.24.0.nar-unpacked
	org.apache.nifi.processors.stateful.analysis.AttributeRollingWindow
		org.apache.nifi:nifi-stateful-analysis-nar:1.24.0 || ./work/nar/extensions/nifi-stateful-analysis-nar-1.24.0.nar-unpacked
	org.apache.nifi.processors.standard.PartitionRecord
		org.apache.nifi:nifi-standard-nar:1.24.0 || ./work/nar/extensions/nifi-standard-nar-1.24.0.nar-unpacked
	org.apache.nifi.processors.cipher.EncryptContentAge
		org.apache.nifi:nifi-cipher-nar:1.24.0 || ./work/nar/extensions/nifi-cipher-nar-1.24.0.nar-unpacked
	org.apache.nifi.processors.gcp.pubsub.PublishGCPubSub
		org.apache.nifi:nifi-gcp-nar:1.24.0 || ./work/nar/extensions/nifi-gcp-nar-1.24.0.nar-unpacked
	org.apache.nifi.processors.script.ScriptedFilterRecord
		org.apache.nifi:nifi-scripting-nar:1.24.0 || ./work/nar/extensions/nifi-scripting-nar-1.24.0.nar-unpacked
	org.apache.nifi.processors.standard.ReplaceText
		org.apache.nifi:nifi-standard-nar:1.24.0 || ./work/nar/extensions/nifi-standard-nar-1.24.0.nar-unpacked
	org.apache.nifi.processors.standard.ListenHTTP
		org.apache.nifi:nifi-standard-nar:1.24.0 || ./work/nar/extensions/nifi-standard-nar-1.24.0.nar-unpacked
	org.apache.nifi.processors.cybersecurity.CompareFuzzyHash
		org.apache.nifi:nifi-cybersecurity-nar:1.24.0 || ./work/nar/extensions/nifi-cybersecurity-nar-1.24.0.nar-unpacked
	org.apache.nifi.processors.standard.CalculateRecordStats
		org.apache.nifi:nifi-standard-nar:1.24.0 || ./work/nar/extensions/nifi-standard-nar-1.24.0.nar-unpacked
	org.apache.nifi.processors.standard.ListenSyslog
		org.apache.nifi:nifi-standard-nar:1.24.0 || ./work/nar/extensions/nifi-standard-nar-1.24.0.nar-unpacked
	org.apache.nifi.processors.gcp.pubsub.ConsumeGCPubSub
		org.apache.nifi:nifi-gcp-nar:1.24.0 || ./work/nar/extensions/nifi-gcp-nar-1.24.0.nar-unpacked
	org.apache.nifi.processors.standard.SplitXml
		org.apache.nifi:nifi-standard-nar:1.24.0 || ./work/nar/extensions/nifi-standard-nar-1.24.0.nar-unpacked
	org.apache.nifi.processors.aws.cloudwatch.PutCloudWatchMetric
		org.apache.nifi:nifi-aws-nar:1.24.0 || ./work/nar/extensions/nifi-aws-nar-1.24.0.nar-unpacked
	org.apache.nifi.processors.cassandra.PutCassandraQL
		org.apache.nifi:nifi-cassandra-nar:1.24.0 || ./work/nar/extensions/nifi-cassandra-nar-1.24.0.nar-unpacked
	org.apache.nifi.processors.standard.InvokeHTTP
		org.apache.nifi:nifi-standard-nar:1.24.0 || ./work/nar/extensions/nifi-standard-nar-1.24.0.nar-unpacked
	org.apache.nifi.processors.standard.TailFile
		org.apache.nifi:nifi-standard-nar:1.24.0 || ./work/nar/extensions/nifi-standard-nar-1.24.0.nar-unpacked
	org.apache.nifi.processors.yandex.YandexTranslate
		org.apache.nifi:nifi-language-translation-nar:1.24.0 || ./work/nar/extensions/nifi-language-translation-nar-1.24.0.nar-unpacked
	org.apache.nifi.processors.standard.PutSyslog
		org.apache.nifi:nifi-standard-nar:1.24.0 || ./work/nar/extensions/nifi-standard-nar-1.24.0.nar-unpacked
	org.apache.nifi.processors.elasticsearch.QueryElasticsearchHttp
		org.apache.nifi:nifi-elasticsearch-nar:1.24.0 || ./work/nar/extensions/nifi-elasticsearch-nar-1.24.0.nar-unpacked
	org.apache.nifi.jms.processors.ConsumeJMS
		org.apache.nifi:nifi-jms-processors-nar:1.24.0 || ./work/nar/extensions/nifi-jms-processors-nar-1.24.0.nar-unpacked
	org.apache.nifi.processors.email.ExtractEmailHeaders
		org.apache.nifi:nifi-email-nar:1.24.0 || ./work/nar/extensions/nifi-email-nar-1.24.0.nar-unpacked
	org.apache.nifi.processors.standard.ExecuteStreamCommand
		org.apache.nifi:nifi-standard-nar:1.24.0 || ./work/nar/extensions/nifi-standard-nar-1.24.0.nar-unpacked
	org.apache.nifi.processors.mongodb.gridfs.FetchGridFS
		org.apache.nifi:nifi-mongodb-nar:1.24.0 || ./work/nar/extensions/nifi-mongodb-nar-1.24.0.nar-unpacked
	org.apache.nifi.processors.standard.PutDistributedMapCache
		org.apache.nifi:nifi-standard-nar:1.24.0 || ./work/nar/extensions/nifi-standard-nar-1.24.0.nar-unpacked
	org.apache.nifi.processors.standard.HashContent
		org.apache.nifi:nifi-standard-nar:1.24.0 || ./work/nar/extensions/nifi-standard-nar-1.24.0.nar-unpacked
	org.apache.nifi.processors.cassandra.PutCassandraRecord
		org.apache.nifi:nifi-cassandra-nar:1.24.0 || ./work/nar/extensions/nifi-cassandra-nar-1.24.0.nar-unpacked
	org.apache.nifi.processors.hadoop.CreateHadoopSequenceFile
		org.apache.nifi:nifi-hadoop-nar:1.24.0 || ./work/nar/extensions/nifi-hadoop-nar-1.24.0.nar-unpacked
	org.apache.nifi.processors.standard.DeduplicateRecord
		org.apache.nifi:nifi-standard-nar:1.24.0 || ./work/nar/extensions/nifi-standard-nar-1.24.0.nar-unpacked
	org.apache.nifi.processors.standard.GetFTP
		org.apache.nifi:nifi-standard-nar:1.24.0 || ./work/nar/extensions/nifi-standard-nar-1.24.0.nar-unpacked
	org.apache.nifi.processors.kafka.pubsub.ConsumeKafka_2_0
		org.apache.nifi:nifi-kafka-2-0-nar:1.24.0 || ./work/nar/extensions/nifi-kafka-2-0-nar-1.24.0.nar-unpacked
	org.apache.nifi.processors.standard.RouteOnAttribute
		org.apache.nifi:nifi-standard-nar:1.24.0 || ./work/nar/extensions/nifi-standard-nar-1.24.0.nar-unpacked
	org.apache.nifi.processors.kafka.pubsub.ConsumeKafkaRecord_2_6
		org.apache.nifi:nifi-kafka-2-6-nar:1.24.0 || ./work/nar/extensions/nifi-kafka-2-6-nar-1.24.0.nar-unpacked
	org.apache.nifi.processors.kafka.pubsub.ConsumeKafkaRecord_2_0
		org.apache.nifi:nifi-kafka-2-0-nar:1.24.0 || ./work/nar/extensions/nifi-kafka-2-0-nar-1.24.0.nar-unpacked
	org.apache.nifi.processors.zendesk.GetZendesk
		org.apache.nifi:nifi-zendesk-nar:1.24.0 || ./work/nar/extensions/nifi-zendesk-nar-1.24.0.nar-unpacked
	org.apache.nifi.processors.standard.EvaluateJsonPath
		org.apache.nifi:nifi-standard-nar:1.24.0 || ./work/nar/extensions/nifi-standard-nar-1.24.0.nar-unpacked
	org.apache.nifi.processors.standard.GetJMSQueue
		org.apache.nifi:nifi-standard-nar:1.24.0 || ./work/nar/extensions/nifi-standard-nar-1.24.0.nar-unpacked
	org.apache.nifi.processors.standard.PutUDP
		org.apache.nifi:nifi-standard-nar:1.24.0 || ./work/nar/extensions/nifi-standard-nar-1.24.0.nar-unpacked
	org.apache.nifi.hbase.ScanHBase
		org.apache.nifi:nifi-hbase-nar:1.24.0 || ./work/nar/extensions/nifi-hbase-nar-1.24.0.nar-unpacked
	org.apache.nifi.processors.standard.ConvertJSONToSQL
		org.apache.nifi:nifi-standard-nar:1.24.0 || ./work/nar/extensions/nifi-standard-nar-1.24.0.nar-unpacked
	org.apache.nifi.processors.standard.GetHTTP
		org.apache.nifi:nifi-standard-nar:1.24.0 || ./work/nar/extensions/nifi-standard-nar-1.24.0.nar-unpacked
	org.apache.nifi.processors.standard.Base64EncodeContent
		org.apache.nifi:nifi-standard-nar:1.24.0 || ./work/nar/extensions/nifi-standard-nar-1.24.0.nar-unpacked
	org.apache.nifi.processors.standard.ExtractText
		org.apache.nifi:nifi-standard-nar:1.24.0 || ./work/nar/extensions/nifi-standard-nar-1.24.0.nar-unpacked
	org.apache.nifi.processors.azure.storage.DeleteAzureDataLakeStorage
		org.apache.nifi:nifi-azure-nar:1.24.0 || ./work/nar/extensions/nifi-azure-nar-1.24.0.nar-unpacked
	org.apache.nifi.processors.kafka.pubsub.PublishKafkaRecord_2_6
		org.apache.nifi:nifi-kafka-2-6-nar:1.24.0 || ./work/nar/extensions/nifi-kafka-2-6-nar-1.24.0.nar-unpacked
	org.apache.nifi.processors.mongodb.RunMongoAggregation
		org.apache.nifi:nifi-mongodb-nar:1.24.0 || ./work/nar/extensions/nifi-mongodb-nar-1.24.0.nar-unpacked
	org.apache.nifi.processors.websocket.PutWebSocket
		org.apache.nifi:nifi-websocket-processors-nar:1.24.0 || ./work/nar/extensions/nifi-websocket-processors-nar-1.24.0.nar-unpacked
	org.apache.nifi.processors.standard.GetJMSTopic
		org.apache.nifi:nifi-standard-nar:1.24.0 || ./work/nar/extensions/nifi-standard-nar-1.24.0.nar-unpacked
	org.apache.nifi.processors.email.ConsumeEWS
		org.apache.nifi:nifi-email-nar:1.24.0 || ./work/nar/extensions/nifi-email-nar-1.24.0.nar-unpacked
	org.apache.nifi.processors.standard.RemoveRecordField
		org.apache.nifi:nifi-standard-nar:1.24.0 || ./work/nar/extensions/nifi-standard-nar-1.24.0.nar-unpacked
	org.apache.nifi.processors.compress.ModifyCompression
		org.apache.nifi:nifi-compress-nar:1.24.0 || ./work/nar/extensions/nifi-compress-nar-1.24.0.nar-unpacked
	org.apache.nifi.processors.hadoop.ListHDFS
		org.apache.nifi:nifi-hadoop-nar:1.24.0 || ./work/nar/extensions/nifi-hadoop-nar-1.24.0.nar-unpacked
	org.apache.nifi.processors.standard.ListenTCP
		org.apache.nifi:nifi-standard-nar:1.24.0 || ./work/nar/extensions/nifi-standard-nar-1.24.0.nar-unpacked
	org.apache.nifi.processors.hadoop.GetHDFSFileInfo
		org.apache.nifi:nifi-hadoop-nar:1.24.0 || ./work/nar/extensions/nifi-hadoop-nar-1.24.0.nar-unpacked
	org.apache.nifi.processors.gcp.pubsub.lite.ConsumeGCPubSubLite
		org.apache.nifi:nifi-gcp-nar:1.24.0 || ./work/nar/extensions/nifi-gcp-nar-1.24.0.nar-unpacked
	org.apache.nifi.processors.standard.FetchDistributedMapCache
		org.apache.nifi:nifi-standard-nar:1.24.0 || ./work/nar/extensions/nifi-standard-nar-1.24.0.nar-unpacked
	org.apache.nifi.cdc.mysql.processors.CaptureChangeMySQL
		org.apache.nifi:nifi-cdc-mysql-nar:1.24.0 || ./work/nar/extensions/nifi-cdc-mysql-nar-1.24.0.nar-unpacked
	org.apache.nifi.snmp.processors.SendTrapSNMP
		org.apache.nifi:nifi-snmp-nar:1.24.0 || ./work/nar/extensions/nifi-snmp-nar-1.24.0.nar-unpacked
	org.apache.nifi.processors.standard.QueryRecord
		org.apache.nifi:nifi-standard-nar:1.24.0 || ./work/nar/extensions/nifi-standard-nar-1.24.0.nar-unpacked
	org.apache.nifi.processors.azure.storage.PutAzureDataLakeStorage
		org.apache.nifi:nifi-azure-nar:1.24.0 || ./work/nar/extensions/nifi-azure-nar-1.24.0.nar-unpacked
	org.apache.nifi.processors.standard.ForkRecord
		org.apache.nifi:nifi-standard-nar:1.24.0 || ./work/nar/extensions/nifi-standard-nar-1.24.0.nar-unpacked
	org.apache.nifi.processors.standard.RetryFlowFile
		org.apache.nifi:nifi-standard-nar:1.24.0 || ./work/nar/extensions/nifi-standard-nar-1.24.0.nar-unpacked
	org.apache.nifi.processors.standard.FetchFile
		org.apache.nifi:nifi-standard-nar:1.24.0 || ./work/nar/extensions/nifi-standard-nar-1.24.0.nar-unpacked
	org.apache.nifi.processors.standard.DuplicateFlowFile
		org.apache.nifi:nifi-standard-nar:1.24.0 || ./work/nar/extensions/nifi-standard-nar-1.24.0.nar-unpacked
	org.apache.nifi.processors.script.ExecuteScript
		org.apache.nifi:nifi-scripting-nar:1.24.0 || ./work/nar/extensions/nifi-scripting-nar-1.24.0.nar-unpacked
	org.apache.nifi.processors.azure.storage.PutAzureBlobStorage_v12
		org.apache.nifi:nifi-azure-nar:1.24.0 || ./work/nar/extensions/nifi-azure-nar-1.24.0.nar-unpacked
	org.apache.nifi.hbase.PutHBaseCell
		org.apache.nifi:nifi-hbase-nar:1.24.0 || ./work/nar/extensions/nifi-hbase-nar-1.24.0.nar-unpacked
	org.apache.nifi.processors.elasticsearch.JsonQueryElasticsearch
		org.apache.nifi:nifi-elasticsearch-restapi-nar:1.24.0 || ./work/nar/extensions/nifi-elasticsearch-restapi-nar-1.24.0.nar-unpacked
	org.apache.nifi.PutHTMLElement
		org.apache.nifi:nifi-html-nar:1.24.0 || ./work/nar/extensions/nifi-html-nar-1.24.0.nar-unpacked
	org.apache.nifi.processors.standard.PutTCP
		org.apache.nifi:nifi-standard-nar:1.24.0 || ./work/nar/extensions/nifi-standard-nar-1.24.0.nar-unpacked
	org.apache.nifi.processors.standard.ExtractGrok
		org.apache.nifi:nifi-standard-nar:1.24.0 || ./work/nar/extensions/nifi-standard-nar-1.24.0.nar-unpacked
	org.apache.nifi.processors.smb.ListSmb
		org.apache.nifi:nifi-smb-nar:1.24.0 || ./work/nar/extensions/nifi-smb-nar-1.24.0.nar-unpacked
	org.apache.nifi.processors.aws.s3.TagS3Object
		org.apache.nifi:nifi-aws-nar:1.24.0 || ./work/nar/extensions/nifi-aws-nar-1.24.0.nar-unpacked
	org.apache.nifi.processors.standard.ExecuteSQLRecord
		org.apache.nifi:nifi-standard-nar:1.24.0 || ./work/nar/extensions/nifi-standard-nar-1.24.0.nar-unpacked
	org.apache.nifi.processors.twitter.GetTwitter
		org.apache.nifi:nifi-social-media-nar:1.24.0 || ./work/nar/extensions/nifi-social-media-nar-1.24.0.nar-unpacked
	org.apache.nifi.processors.elasticsearch.DeleteByQueryElasticsearch
		org.apache.nifi:nifi-elasticsearch-restapi-nar:1.24.0 || ./work/nar/extensions/nifi-elasticsearch-restapi-nar-1.24.0.nar-unpacked
	org.apache.nifi.processors.standard.UpdateRecord
		org.apache.nifi:nifi-standard-nar:1.24.0 || ./work/nar/extensions/nifi-standard-nar-1.24.0.nar-unpacked
	org.apache.nifi.processors.standard.ExecuteProcess
		org.apache.nifi:nifi-standard-nar:1.24.0 || ./work/nar/extensions/nifi-standard-nar-1.24.0.nar-unpacked
	org.apache.nifi.processors.azure.eventhub.GetAzureEventHub
		org.apache.nifi:nifi-azure-nar:1.24.0 || ./work/nar/extensions/nifi-azure-nar-1.24.0.nar-unpacked
	org.apache.nifi.processors.standard.ParseCEF
		org.apache.nifi:nifi-standard-nar:1.24.0 || ./work/nar/extensions/nifi-standard-nar-1.24.0.nar-unpacked
	org.apache.nifi.processors.opentelemetry.ListenOTLP
		org.apache.nifi:nifi-opentelemetry-nar:1.24.0 || ./work/nar/extensions/nifi-opentelemetry-nar-1.24.0.nar-unpacked
	org.apache.nifi.processors.solr.GetSolr
		org.apache.nifi:nifi-solr-nar:1.24.0 || ./work/nar/extensions/nifi-solr-nar-1.24.0.nar-unpacked
	org.apache.nifi.processors.standard.ListenUDP
		org.apache.nifi:nifi-standard-nar:1.24.0 || ./work/nar/extensions/nifi-standard-nar-1.24.0.nar-unpacked
	org.apache.nifi.processors.gcp.pubsub.lite.PublishGCPubSubLite
		org.apache.nifi:nifi-gcp-nar:1.24.0 || ./work/nar/extensions/nifi-gcp-nar-1.24.0.nar-unpacked
	org.apache.nifi.processors.standard.ValidateJson
		org.apache.nifi:nifi-standard-nar:1.24.0 || ./work/nar/extensions/nifi-standard-nar-1.24.0.nar-unpacked
	org.apache.nifi.processors.aws.dynamodb.PutDynamoDBRecord
		org.apache.nifi:nifi-aws-nar:1.24.0 || ./work/nar/extensions/nifi-aws-nar-1.24.0.nar-unpacked
	org.apache.nifi.processors.standard.SplitRecord
		org.apache.nifi:nifi-standard-nar:1.24.0 || ./work/nar/extensions/nifi-standard-nar-1.24.0.nar-unpacked
	org.apache.nifi.processors.azure.storage.MoveAzureDataLakeStorage
		org.apache.nifi:nifi-azure-nar:1.24.0 || ./work/nar/extensions/nifi-azure-nar-1.24.0.nar-unpacked
	org.apache.nifi.processors.smb.GetSmbFile
		org.apache.nifi:nifi-smb-nar:1.24.0 || ./work/nar/extensions/nifi-smb-nar-1.24.0.nar-unpacked
	org.apache.nifi.processors.parquet.PutParquet
		org.apache.nifi:nifi-parquet-nar:1.24.0 || ./work/nar/extensions/nifi-parquet-nar-1.24.0.nar-unpacked
	org.apache.nifi.processors.elasticsearch.ScrollElasticsearchHttp
		org.apache.nifi:nifi-elasticsearch-nar:1.24.0 || ./work/nar/extensions/nifi-elasticsearch-nar-1.24.0.nar-unpacked
	org.apache.nifi.processors.kafka.pubsub.PublishKafka_2_0
		org.apache.nifi:nifi-kafka-2-0-nar:1.24.0 || ./work/nar/extensions/nifi-kafka-2-0-nar-1.24.0.nar-unpacked
	org.apache.nifi.processors.email.ExtractEmailAttachments
		org.apache.nifi:nifi-email-nar:1.24.0 || ./work/nar/extensions/nifi-email-nar-1.24.0.nar-unpacked
	org.apache.nifi.processors.standard.EvaluateXQuery
		org.apache.nifi:nifi-standard-nar:1.24.0 || ./work/nar/extensions/nifi-standard-nar-1.24.0.nar-unpacked
	org.apache.nifi.processors.gcp.vision.StartGcpVisionAnnotateImagesOperation
		org.apache.nifi:nifi-gcp-nar:1.24.0 || ./work/nar/extensions/nifi-gcp-nar-1.24.0.nar-unpacked
	org.apache.nifi.processors.standard.DebugFlow
		org.apache.nifi:nifi-standard-nar:1.24.0 || ./work/nar/extensions/nifi-standard-nar-1.24.0.nar-unpacked
	org.apache.nifi.processors.aws.s3.ListS3
		org.apache.nifi:nifi-aws-nar:1.24.0 || ./work/nar/extensions/nifi-aws-nar-1.24.0.nar-unpacked
	org.apache.nifi.processors.standard.CompressContent
		org.apache.nifi:nifi-standard-nar:1.24.0 || ./work/nar/extensions/nifi-standard-nar-1.24.0.nar-unpacked
	org.apache.nifi.processors.smb.FetchSmb
		org.apache.nifi:nifi-smb-nar:1.24.0 || ./work/nar/extensions/nifi-smb-nar-1.24.0.nar-unpacked
	org.apache.nifi.processors.parquet.ConvertAvroToParquet
		org.apache.nifi:nifi-parquet-nar:1.24.0 || ./work/nar/extensions/nifi-parquet-nar-1.24.0.nar-unpacked
	org.apache.nifi.processors.standard.LookupAttribute
		org.apache.nifi:nifi-standard-nar:1.24.0 || ./work/nar/extensions/nifi-standard-nar-1.24.0.nar-unpacked
	org.apache.nifi.processors.windows.event.log.ConsumeWindowsEventLog
		org.apache.nifi:nifi-windows-event-log-nar:1.24.0 || ./work/nar/extensions/nifi-windows-event-log-nar-1.24.0.nar-unpacked
	org.apache.nifi.processors.couchbase.GetCouchbaseKey
		org.apache.nifi:nifi-couchbase-nar:1.24.0 || ./work/nar/extensions/nifi-couchbase-nar-1.24.0.nar-unpacked
	org.apache.nifi.processors.aws.dynamodb.GetDynamoDB
		org.apache.nifi:nifi-aws-nar:1.24.0 || ./work/nar/extensions/nifi-aws-nar-1.24.0.nar-unpacked
	org.apache.nifi.processors.script.ScriptedPartitionRecord
		org.apache.nifi:nifi-scripting-nar:1.24.0 || ./work/nar/extensions/nifi-scripting-nar-1.24.0.nar-unpacked
	org.apache.nifi.processors.aws.dynamodb.PutDynamoDB
		org.apache.nifi:nifi-aws-nar:1.24.0 || ./work/nar/extensions/nifi-aws-nar-1.24.0.nar-unpacked
	org.apache.nifi.processors.asana.GetAsanaObject
		org.apache.nifi:nifi-asana-processors-nar:1.24.0 || ./work/nar/extensions/nifi-asana-processors-nar-1.24.0.nar-unpacked
	org.apache.nifi.processors.azure.storage.queue.PutAzureQueueStorage_v12
		org.apache.nifi:nifi-azure-nar:1.24.0 || ./work/nar/extensions/nifi-azure-nar-1.24.0.nar-unpacked
	org.apache.nifi.processors.aws.ml.textract.GetAwsTextractJobStatus
		org.apache.nifi:nifi-aws-nar:1.24.0 || ./work/nar/extensions/nifi-aws-nar-1.24.0.nar-unpacked
	org.apache.nifi.processors.elasticsearch.PutElasticsearchJson
		org.apache.nifi:nifi-elasticsearch-restapi-nar:1.24.0 || ./work/nar/extensions/nifi-elasticsearch-restapi-nar-1.24.0.nar-unpacked
	org.apache.nifi.processors.GeoEnrichIP
		org.apache.nifi:nifi-enrich-nar:1.24.0 || ./work/nar/extensions/nifi-enrich-nar-1.24.0.nar-unpacked
	org.apache.nifi.processors.mongodb.PutMongo
		org.apache.nifi:nifi-mongodb-nar:1.24.0 || ./work/nar/extensions/nifi-mongodb-nar-1.24.0.nar-unpacked
	org.apache.nifi.processors.elasticsearch.PutElasticsearchHttpRecord
		org.apache.nifi:nifi-elasticsearch-nar:1.24.0 || ./work/nar/extensions/nifi-elasticsearch-nar-1.24.0.nar-unpacked
	org.apache.nifi.processors.standard.ListSFTP
		org.apache.nifi:nifi-standard-nar:1.24.0 || ./work/nar/extensions/nifi-standard-nar-1.24.0.nar-unpacked
	org.apache.nifi.processors.standard.SplitText
		org.apache.nifi:nifi-standard-nar:1.24.0 || ./work/nar/extensions/nifi-standard-nar-1.24.0.nar-unpacked
	org.apache.nifi.processors.standard.ParseSyslog
		org.apache.nifi:nifi-standard-nar:1.24.0 || ./work/nar/extensions/nifi-standard-nar-1.24.0.nar-unpacked
	org.apache.nifi.processors.hl7.ExtractHL7Attributes
		org.apache.nifi:nifi-hl7-nar:1.24.0 || ./work/nar/extensions/nifi-hl7-nar-1.24.0.nar-unpacked
	org.apache.nifi.processors.hadoop.GetHDFS
		org.apache.nifi:nifi-hadoop-nar:1.24.0 || ./work/nar/extensions/nifi-hadoop-nar-1.24.0.nar-unpacked
	org.apache.nifi.hbase.GetHBase
		org.apache.nifi:nifi-hbase-nar:1.24.0 || ./work/nar/extensions/nifi-hbase-nar-1.24.0.nar-unpacked
	org.apache.nifi.processors.standard.ListenRELP
		org.apache.nifi:nifi-standard-nar:1.24.0 || ./work/nar/extensions/nifi-standard-nar-1.24.0.nar-unpacked
	org.apache.nifi.processors.standard.LogMessage
		org.apache.nifi:nifi-standard-nar:1.24.0 || ./work/nar/extensions/nifi-standard-nar-1.24.0.nar-unpacked
	org.apache.nifi.processors.standard.PutEmail
		org.apache.nifi:nifi-standard-nar:1.24.0 || ./work/nar/extensions/nifi-standard-nar-1.24.0.nar-unpacked
	org.apache.nifi.processors.kafka.pubsub.ConsumeKafka_2_6
		org.apache.nifi:nifi-kafka-2-6-nar:1.24.0 || ./work/nar/extensions/nifi-kafka-2-6-nar-1.24.0.nar-unpacked
	org.apache.nifi.processors.box.FetchBoxFile
		org.apache.nifi:nifi-box-nar:1.24.0 || ./work/nar/extensions/nifi-box-nar-1.24.0.nar-unpacked
	org.apache.nifi.processors.standard.Notify
		org.apache.nifi:nifi-standard-nar:1.24.0 || ./work/nar/extensions/nifi-standard-nar-1.24.0.nar-unpacked
	org.apache.nifi.processors.hadoop.DeleteHDFS
		org.apache.nifi:nifi-hadoop-nar:1.24.0 || ./work/nar/extensions/nifi-hadoop-nar-1.24.0.nar-unpacked
	org.apache.nifi.processors.avro.SplitAvro
		org.apache.nifi:nifi-avro-nar:1.24.0 || ./work/nar/extensions/nifi-avro-nar-1.24.0.nar-unpacked
	org.apache.nifi.processors.email.ExtractTNEFAttachments
		org.apache.nifi:nifi-email-nar:1.24.0 || ./work/nar/extensions/nifi-email-nar-1.24.0.nar-unpacked
	org.apache.nifi.processors.standard.ForkEnrichment
		org.apache.nifi:nifi-standard-nar:1.24.0 || ./work/nar/extensions/nifi-standard-nar-1.24.0.nar-unpacked
	org.apache.nifi.processors.standard.EnforceOrder
		org.apache.nifi:nifi-standard-nar:1.24.0 || ./work/nar/extensions/nifi-standard-nar-1.24.0.nar-unpacked
	org.apache.nifi.processors.websocket.ConnectWebSocket
		org.apache.nifi:nifi-websocket-processors-nar:1.24.0 || ./work/nar/extensions/nifi-websocket-processors-nar-1.24.0.nar-unpacked
	org.apache.nifi.processors.network.ParseNetflowv5
		org.apache.nifi:nifi-network-processors-nar:1.24.0 || ./work/nar/extensions/nifi-network-processors-nar-1.24.0.nar-unpacked
	org.apache.nifi.processors.cassandra.QueryCassandra
		org.apache.nifi:nifi-cassandra-nar:1.24.0 || ./work/nar/extensions/nifi-cassandra-nar-1.24.0.nar-unpacked
	org.apache.nifi.processors.mongodb.DeleteMongo
		org.apache.nifi:nifi-mongodb-nar:1.24.0 || ./work/nar/extensions/nifi-mongodb-nar-1.24.0.nar-unpacked
	org.apache.nifi.snmp.processors.SetSNMP
		org.apache.nifi:nifi-snmp-nar:1.24.0 || ./work/nar/extensions/nifi-snmp-nar-1.24.0.nar-unpacked
	org.apache.nifi.processors.standard.SegmentContent
		org.apache.nifi:nifi-standard-nar:1.24.0 || ./work/nar/extensions/nifi-standard-nar-1.24.0.nar-unpacked
	org.apache.nifi.processors.smb.PutSmbFile
		org.apache.nifi:nifi-smb-nar:1.24.0 || ./work/nar/extensions/nifi-smb-nar-1.24.0.nar-unpacked
	org.apache.nifi.processors.gcp.drive.PutGoogleDrive
		org.apache.nifi:nifi-gcp-nar:1.24.0 || ./work/nar/extensions/nifi-gcp-nar-1.24.0.nar-unpacked
	org.apache.nifi.processors.standard.RouteText
		org.apache.nifi:nifi-standard-nar:1.24.0 || ./work/nar/extensions/nifi-standard-nar-1.24.0.nar-unpacked
	org.apache.nifi.processors.aws.lambda.PutLambda
		org.apache.nifi:nifi-aws-nar:1.24.0 || ./work/nar/extensions/nifi-aws-nar-1.24.0.nar-unpacked
	org.apache.nifi.processors.gcp.vision.StartGcpVisionAnnotateFilesOperation
		org.apache.nifi:nifi-gcp-nar:1.24.0 || ./work/nar/extensions/nifi-gcp-nar-1.24.0.nar-unpacked
	org.apache.nifi.processors.script.ScriptedTransformRecord
		org.apache.nifi:nifi-scripting-nar:1.24.0 || ./work/nar/extensions/nifi-scripting-nar-1.24.0.nar-unpacked
	org.apache.nifi.processors.standard.ValidateCsv
		org.apache.nifi:nifi-standard-nar:1.24.0 || ./work/nar/extensions/nifi-standard-nar-1.24.0.nar-unpacked
	org.apache.nifi.processors.standard.ListFile
		org.apache.nifi:nifi-standard-nar:1.24.0 || ./work/nar/extensions/nifi-standard-nar-1.24.0.nar-unpacked
	org.apache.nifi.processors.aws.sns.PutSNS
		org.apache.nifi:nifi-aws-nar:1.24.0 || ./work/nar/extensions/nifi-aws-nar-1.24.0.nar-unpacked
	org.apache.nifi.processors.splunk.GetSplunk
		org.apache.nifi:nifi-splunk-nar:1.24.0 || ./work/nar/extensions/nifi-splunk-nar-1.24.0.nar-unpacked
	org.apache.nifi.processors.hadoop.GetHDFSSequenceFile
		org.apache.nifi:nifi-hadoop-nar:1.24.0 || ./work/nar/extensions/nifi-hadoop-nar-1.24.0.nar-unpacked
	org.apache.nifi.processors.gcp.storage.PutGCSObject
		org.apache.nifi:nifi-gcp-nar:1.24.0 || ./work/nar/extensions/nifi-gcp-nar-1.24.0.nar-unpacked
	org.apache.nifi.processors.evtx.ParseEvtx
		org.apache.nifi:nifi-evtx-nar:1.24.0 || ./work/nar/extensions/nifi-evtx-nar-1.24.0.nar-unpacked
	org.apache.nifi.processors.standard.ModifyBytes
		org.apache.nifi:nifi-standard-nar:1.24.0 || ./work/nar/extensions/nifi-standard-nar-1.24.0.nar-unpacked
	org.apache.nifi.processors.ISPEnrichIP
		org.apache.nifi:nifi-enrich-nar:1.24.0 || ./work/nar/extensions/nifi-enrich-nar-1.24.0.nar-unpacked
	org.apache.nifi.processors.standard.ListenUDPRecord
		org.apache.nifi:nifi-standard-nar:1.24.0 || ./work/nar/extensions/nifi-standard-nar-1.24.0.nar-unpacked
	org.apache.nifi.processors.aws.sqs.PutSQS
		org.apache.nifi:nifi-aws-nar:1.24.0 || ./work/nar/extensions/nifi-aws-nar-1.24.0.nar-unpacked
	org.apache.nifi.processors.standard.CryptographicHashAttribute
		org.apache.nifi:nifi-standard-nar:1.24.0 || ./work/nar/extensions/nifi-standard-nar-1.24.0.nar-unpacked
	org.apache.nifi.processors.elasticsearch.PutElasticsearchRecord
		org.apache.nifi:nifi-elasticsearch-restapi-nar:1.24.0 || ./work/nar/extensions/nifi-elasticsearch-restapi-nar-1.24.0.nar-unpacked
	org.apache.nifi.processors.azure.storage.FetchAzureDataLakeStorage
		org.apache.nifi:nifi-azure-nar:1.24.0 || ./work/nar/extensions/nifi-azure-nar-1.24.0.nar-unpacked
	org.apache.nifi.processors.stateless.ExecuteStateless
		org.apache.nifi:nifi-stateless-processor-nar:1.24.0 || ./work/nar/extensions/nifi-stateless-processor-nar-1.24.0.nar-unpacked
	org.apache.nifi.processors.poi.ConvertExcelToCSVProcessor
		org.apache.nifi:nifi-poi-nar:1.24.0 || ./work/nar/extensions/nifi-poi-nar-1.24.0.nar-unpacked
	org.apache.nifi.processors.elasticsearch.GetElasticsearch
		org.apache.nifi:nifi-elasticsearch-restapi-nar:1.24.0 || ./work/nar/extensions/nifi-elasticsearch-restapi-nar-1.24.0.nar-unpacked
	org.apache.nifi.processors.standard.ExecuteSQL
		org.apache.nifi:nifi-standard-nar:1.24.0 || ./work/nar/extensions/nifi-standard-nar-1.24.0.nar-unpacked
	org.apache.nifi.processors.parquet.FetchParquet
		org.apache.nifi:nifi-parquet-nar:1.24.0 || ./work/nar/extensions/nifi-parquet-nar-1.24.0.nar-unpacked
	org.apache.nifi.processors.standard.MergeRecord
		org.apache.nifi:nifi-standard-nar:1.24.0 || ./work/nar/extensions/nifi-standard-nar-1.24.0.nar-unpacked
	org.apache.nifi.processors.jolt.record.JoltTransformRecord
		org.apache.nifi:nifi-jolt-record-nar:1.24.0 || ./work/nar/extensions/nifi-jolt-record-nar-1.24.0.nar-unpacked
	org.apache.nifi.processors.solr.QuerySolr
		org.apache.nifi:nifi-solr-nar:1.24.0 || ./work/nar/extensions/nifi-solr-nar-1.24.0.nar-unpacked
	org.apache.nifi.processors.gcp.storage.DeleteGCSObject
		org.apache.nifi:nifi-gcp-nar:1.24.0 || ./work/nar/extensions/nifi-gcp-nar-1.24.0.nar-unpacked
	org.apache.nifi.processors.elasticsearch.FetchElasticsearchHttp
		org.apache.nifi:nifi-elasticsearch-nar:1.24.0 || ./work/nar/extensions/nifi-elasticsearch-nar-1.24.0.nar-unpacked
	org.apache.nifi.processors.gcp.vision.GetGcpVisionAnnotateFilesOperationStatus
		org.apache.nifi:nifi-gcp-nar:1.24.0 || ./work/nar/extensions/nifi-gcp-nar-1.24.0.nar-unpacked
	org.apache.nifi.processors.standard.EvaluateXPath
		org.apache.nifi:nifi-standard-nar:1.24.0 || ./work/nar/extensions/nifi-standard-nar-1.24.0.nar-unpacked
	org.apache.nifi.spring.SpringContextProcessor
		org.apache.nifi:nifi-spring-nar:1.24.0 || ./work/nar/extensions/nifi-spring-nar-1.24.0.nar-unpacked
	org.apache.nifi.processors.standard.ListDatabaseTables
		org.apache.nifi:nifi-standard-nar:1.24.0 || ./work/nar/extensions/nifi-standard-nar-1.24.0.nar-unpacked
	org.apache.nifi.processors.standard.CryptographicHashContent
		org.apache.nifi:nifi-standard-nar:1.24.0 || ./work/nar/extensions/nifi-standard-nar-1.24.0.nar-unpacked
	org.apache.nifi.processors.standard.QueryDatabaseTableRecord
		org.apache.nifi:nifi-standard-nar:1.24.0 || ./work/nar/extensions/nifi-standard-nar-1.24.0.nar-unpacked
	org.apache.nifi.processors.aws.sqs.GetSQS
		org.apache.nifi:nifi-aws-nar:1.24.0 || ./work/nar/extensions/nifi-aws-nar-1.24.0.nar-unpacked
	org.apache.nifi.processors.standard.ScanContent
		org.apache.nifi:nifi-standard-nar:1.24.0 || ./work/nar/extensions/nifi-standard-nar-1.24.0.nar-unpacked
	org.apache.nifi.processors.airtable.QueryAirtableTable
		org.apache.nifi:nifi-airtable-nar:1.24.0 || ./work/nar/extensions/nifi-airtable-nar-1.24.0.nar-unpacked
	org.apache.nifi.processors.pgp.SignContentPGP
		org.apache.nifi:nifi-pgp-nar:1.24.0 || ./work/nar/extensions/nifi-pgp-nar-1.24.0.nar-unpacked
	org.apache.nifi.processors.attributes.UpdateAttribute
		org.apache.nifi:nifi-update-attribute-nar:1.24.0 || ./work/nar/extensions/nifi-update-attribute-nar-1.24.0.nar-unpacked
	org.apache.nifi.processors.hadoop.MoveHDFS
		org.apache.nifi:nifi-hadoop-nar:1.24.0 || ./work/nar/extensions/nifi-hadoop-nar-1.24.0.nar-unpacked
	org.apache.nifi.jms.processors.PublishJMS
		org.apache.nifi:nifi-jms-processors-nar:1.24.0 || ./work/nar/extensions/nifi-jms-processors-nar-1.24.0.nar-unpacked
	org.apache.nifi.processors.groovyx.ExecuteGroovyScript
		org.apache.nifi:nifi-groovyx-nar:1.24.0 || ./work/nar/extensions/nifi-groovyx-nar-1.24.0.nar-unpacked
	org.apache.nifi.processors.standard.FlattenJson
		org.apache.nifi:nifi-standard-nar:1.24.0 || ./work/nar/extensions/nifi-standard-nar-1.24.0.nar-unpacked
	org.apache.nifi.processors.script.InvokeScriptedProcessor
		org.apache.nifi:nifi-scripting-nar:1.24.0 || ./work/nar/extensions/nifi-scripting-nar-1.24.0.nar-unpacked
	org.apache.nifi.processors.elasticsearch.PaginatedJsonQueryElasticsearch
		org.apache.nifi:nifi-elasticsearch-restapi-nar:1.24.0 || ./work/nar/extensions/nifi-elasticsearch-restapi-nar-1.24.0.nar-unpacked
	org.apache.nifi.processors.enrich.QueryDNS
		org.apache.nifi:nifi-enrich-nar:1.24.0 || ./work/nar/extensions/nifi-enrich-nar-1.24.0.nar-unpacked
	org.apache.nifi.processors.mongodb.PutMongoRecord
		org.apache.nifi:nifi-mongodb-nar:1.24.0 || ./work/nar/extensions/nifi-mongodb-nar-1.24.0.nar-unpacked
	org.apache.nifi.processors.mqtt.ConsumeMQTT
		org.apache.nifi:nifi-mqtt-nar:1.24.0 || ./work/nar/extensions/nifi-mqtt-nar-1.24.0.nar-unpacked
	org.apache.nifi.processors.standard.PutFile
		org.apache.nifi:nifi-standard-nar:1.24.0 || ./work/nar/extensions/nifi-standard-nar-1.24.0.nar-unpacked
	org.apache.nifi.processors.standard.JoltTransformJSON
		org.apache.nifi:nifi-standard-nar:1.24.0 || ./work/nar/extensions/nifi-standard-nar-1.24.0.nar-unpacked
	org.apache.nifi.processors.standard.PutJMS
		org.apache.nifi:nifi-standard-nar:1.24.0 || ./work/nar/extensions/nifi-standard-nar-1.24.0.nar-unpacked
	org.apache.nifi.hbase.PutHBaseJSON
		org.apache.nifi:nifi-hbase-nar:1.24.0 || ./work/nar/extensions/nifi-hbase-nar-1.24.0.nar-unpacked
	org.apache.nifi.processors.dropbox.PutDropbox
		org.apache.nifi:nifi-dropbox-processors-nar:1.24.0 || ./work/nar/extensions/nifi-dropbox-processors-nar-1.24.0.nar-unpacked
	org.apache.nifi.processors.dropbox.FetchDropbox
		org.apache.nifi:nifi-dropbox-processors-nar:1.24.0 || ./work/nar/extensions/nifi-dropbox-processors-nar-1.24.0.nar-unpacked
	org.apache.nifi.processors.standard.DistributeLoad
		org.apache.nifi:nifi-standard-nar:1.24.0 || ./work/nar/extensions/nifi-standard-nar-1.24.0.nar-unpacked
	org.apache.nifi.processors.elasticsearch.ConsumeElasticsearch
		org.apache.nifi:nifi-elasticsearch-restapi-nar:1.24.0 || ./work/nar/extensions/nifi-elasticsearch-restapi-nar-1.24.0.nar-unpacked
	org.apache.nifi.processors.standard.GenerateFlowFile
		org.apache.nifi:nifi-standard-nar:1.24.0 || ./work/nar/extensions/nifi-standard-nar-1.24.0.nar-unpacked
	org.apache.nifi.processors.aws.dynamodb.DeleteDynamoDB
		org.apache.nifi:nifi-aws-nar:1.24.0 || ./work/nar/extensions/nifi-aws-nar-1.24.0.nar-unpacked
	org.apache.nifi.processors.azure.eventhub.ConsumeAzureEventHub
		org.apache.nifi:nifi-azure-nar:1.24.0 || ./work/nar/extensions/nifi-azure-nar-1.24.0.nar-unpacked
	org.apache.nifi.processors.gettcp.GetTCP
		org.apache.nifi:nifi-tcp-nar:1.24.0 || ./work/nar/extensions/nifi-tcp-nar-1.24.0.nar-unpacked
	org.apache.nifi.processors.rethinkdb.GetRethinkDB
		org.apache.nifi:nifi-rethinkdb-nar:1.24.0 || ./work/nar/extensions/nifi-rethinkdb-nar-1.24.0.nar-unpacked
	org.apache.nifi.processors.box.ListBoxFile
		org.apache.nifi:nifi-box-nar:1.24.0 || ./work/nar/extensions/nifi-box-nar-1.24.0.nar-unpacked
	org.apache.nifi.processors.standard.TransformXml
		org.apache.nifi:nifi-standard-nar:1.24.0 || ./work/nar/extensions/nifi-standard-nar-1.24.0.nar-unpacked
	org.apache.nifi.processors.hl7.RouteHL7
		org.apache.nifi:nifi-hl7-nar:1.24.0 || ./work/nar/extensions/nifi-hl7-nar-1.24.0.nar-unpacked
	org.apache.nifi.processors.gcp.drive.FetchGoogleDrive
		org.apache.nifi:nifi-gcp-nar:1.24.0 || ./work/nar/extensions/nifi-gcp-nar-1.24.0.nar-unpacked
	org.apache.nifi.processors.standard.UpdateCounter
		org.apache.nifi:nifi-standard-nar:1.24.0 || ./work/nar/extensions/nifi-standard-nar-1.24.0.nar-unpacked
	org.apache.nifi.processors.azure.storage.FetchAzureBlobStorage
		org.apache.nifi:nifi-azure-nar:1.24.0 || ./work/nar/extensions/nifi-azure-nar-1.24.0.nar-unpacked
	org.apache.nifi.snmp.processors.ListenTrapSNMP
		org.apache.nifi:nifi-snmp-nar:1.24.0 || ./work/nar/extensions/nifi-snmp-nar-1.24.0.nar-unpacked
	org.apache.nifi.processors.avro.ConvertAvroToJSON
		org.apache.nifi:nifi-avro-nar:1.24.0 || ./work/nar/extensions/nifi-avro-nar-1.24.0.nar-unpacked
	org.apache.nifi.processors.standard.RouteOnContent
		org.apache.nifi:nifi-standard-nar:1.24.0 || ./work/nar/extensions/nifi-standard-nar-1.24.0.nar-unpacked
	org.apache.nifi.processors.hadoop.PutHDFS
		org.apache.nifi:nifi-hadoop-nar:1.24.0 || ./work/nar/extensions/nifi-hadoop-nar-1.24.0.nar-unpacked
	org.apache.nifi.processors.GeoEnrichIPRecord
		org.apache.nifi:nifi-enrich-nar:1.24.0 || ./work/nar/extensions/nifi-enrich-nar-1.24.0.nar-unpacked
	org.apache.nifi.processors.hubspot.GetHubSpot
		org.apache.nifi:nifi-hubspot-nar:1.24.0 || ./work/nar/extensions/nifi-hubspot-nar-1.24.0.nar-unpacked
	org.apache.nifi.processors.solr.PutSolrContentStream
		org.apache.nifi:nifi-solr-nar:1.24.0 || ./work/nar/extensions/nifi-solr-nar-1.24.0.nar-unpacked
	org.apache.nifi.amqp.processors.ConsumeAMQP
		org.apache.nifi:nifi-amqp-nar:1.24.0 || ./work/nar/extensions/nifi-amqp-nar-1.24.0.nar-unpacked
	org.apache.nifi.processors.standard.ReplaceTextWithMapping
		org.apache.nifi:nifi-standard-nar:1.24.0 || ./work/nar/extensions/nifi-standard-nar-1.24.0.nar-unpacked
	org.apache.nifi.processors.aws.s3.FetchS3Object
		org.apache.nifi:nifi-aws-nar:1.24.0 || ./work/nar/extensions/nifi-aws-nar-1.24.0.nar-unpacked
	org.apache.nifi.processors.standard.UnpackContent
		org.apache.nifi:nifi-standard-nar:1.24.0 || ./work/nar/extensions/nifi-standard-nar-1.24.0.nar-unpacked
	org.apache.nifi.processors.rethinkdb.PutRethinkDB
		org.apache.nifi:nifi-rethinkdb-nar:1.24.0 || ./work/nar/extensions/nifi-rethinkdb-nar-1.24.0.nar-unpacked
	org.apache.nifi.processors.azure.storage.PutAzureBlobStorage
		org.apache.nifi:nifi-azure-nar:1.24.0 || ./work/nar/extensions/nifi-azure-nar-1.24.0.nar-unpacked
	org.apache.nifi.processors.kafka.pubsub.PublishKafka_2_6
		org.apache.nifi:nifi-kafka-2-6-nar:1.24.0 || ./work/nar/extensions/nifi-kafka-2-6-nar-1.24.0.nar-unpacked
	org.apache.nifi.processors.gcp.vision.GetGcpVisionAnnotateImagesOperationStatus
		org.apache.nifi:nifi-gcp-nar:1.24.0 || ./work/nar/extensions/nifi-gcp-nar-1.24.0.nar-unpacked
	org.apache.nifi.processors.cipher.DecryptContentCompatibility
		org.apache.nifi:nifi-cipher-nar:1.24.0 || ./work/nar/extensions/nifi-cipher-nar-1.24.0.nar-unpacked
	org.apache.nifi.processors.pgp.DecryptContentPGP
		org.apache.nifi:nifi-pgp-nar:1.24.0 || ./work/nar/extensions/nifi-pgp-nar-1.24.0.nar-unpacked
	org.apache.nifi.processors.box.PutBoxFile
		org.apache.nifi:nifi-box-nar:1.24.0 || ./work/nar/extensions/nifi-box-nar-1.24.0.nar-unpacked
	org.apache.nifi.processors.shopify.GetShopify
		org.apache.nifi:nifi-shopify-nar:1.24.0 || ./work/nar/extensions/nifi-shopify-nar-1.24.0.nar-unpacked
	org.apache.nifi.processors.azure.storage.ListAzureDataLakeStorage
		org.apache.nifi:nifi-azure-nar:1.24.0 || ./work/nar/extensions/nifi-azure-nar-1.24.0.nar-unpacked
	org.apache.nifi.amqp.processors.PublishAMQP
		org.apache.nifi:nifi-amqp-nar:1.24.0 || ./work/nar/extensions/nifi-amqp-nar-1.24.0.nar-unpacked
	org.apache.nifi.processors.standard.EncryptContent
		org.apache.nifi:nifi-standard-nar:1.24.0 || ./work/nar/extensions/nifi-standard-nar-1.24.0.nar-unpacked
	org.apache.nifi.processors.azure.storage.ListAzureBlobStorage_v12
		org.apache.nifi:nifi-azure-nar:1.24.0 || ./work/nar/extensions/nifi-azure-nar-1.24.0.nar-unpacked
	org.apache.nifi.processors.standard.PackageFlowFile
		org.apache.nifi:nifi-standard-nar:1.24.0 || ./work/nar/extensions/nifi-standard-nar-1.24.0.nar-unpacked
	org.apache.nifi.processors.grpc.ListenGRPC
		org.apache.nifi:nifi-grpc-nar:1.24.0 || ./work/nar/extensions/nifi-grpc-nar-1.24.0.nar-unpacked
	org.apache.nifi.processors.gcp.bigquery.PutBigQuery
		org.apache.nifi:nifi-gcp-nar:1.24.0 || ./work/nar/extensions/nifi-gcp-nar-1.24.0.nar-unpacked
	org.apache.nifi.processors.aws.ml.translate.StartAwsTranslateJob
		org.apache.nifi:nifi-aws-nar:1.24.0 || ./work/nar/extensions/nifi-aws-nar-1.24.0.nar-unpacked
	org.apache.nifi.processors.aws.ml.textract.StartAwsTextractJob
		org.apache.nifi:nifi-aws-nar:1.24.0 || ./work/nar/extensions/nifi-aws-nar-1.24.0.nar-unpacked
	org.apache.nifi.processors.cipher.DecryptContent
		org.apache.nifi:nifi-cipher-nar:1.24.0 || ./work/nar/extensions/nifi-cipher-nar-1.24.0.nar-unpacked
	org.apache.nifi.processors.gcp.bigquery.PutBigQueryBatch
		org.apache.nifi:nifi-gcp-nar:1.24.0 || ./work/nar/extensions/nifi-gcp-nar-1.24.0.nar-unpacked
	org.apache.nifi.processors.standard.FetchSFTP
		org.apache.nifi:nifi-standard-nar:1.24.0 || ./work/nar/extensions/nifi-standard-nar-1.24.0.nar-unpacked
	org.apache.nifi.processors.standard.SplitJson
		org.apache.nifi:nifi-standard-nar:1.24.0 || ./work/nar/extensions/nifi-standard-nar-1.24.0.nar-unpacked
	org.apache.nifi.processors.geohash.GeohashRecord
		org.apache.nifi:nifi-geohash-nar:1.24.0 || ./work/nar/extensions/nifi-geohash-nar-1.24.0.nar-unpacked
	org.apache.nifi.processors.standard.DetectDuplicate
		org.apache.nifi:nifi-standard-nar:1.24.0 || ./work/nar/extensions/nifi-standard-nar-1.24.0.nar-unpacked
	org.apache.nifi.processors.standard.EncodeContent
		org.apache.nifi:nifi-standard-nar:1.24.0 || ./work/nar/extensions/nifi-standard-nar-1.24.0.nar-unpacked
	org.apache.nifi.processors.grpc.InvokeGRPC
		org.apache.nifi:nifi-grpc-nar:1.24.0 || ./work/nar/extensions/nifi-grpc-nar-1.24.0.nar-unpacked
	org.apache.nifi.processors.standard.JoinEnrichment
		org.apache.nifi:nifi-standard-nar:1.24.0 || ./work/nar/extensions/nifi-standard-nar-1.24.0.nar-unpacked
	org.apache.nifi.processors.aws.kinesis.firehose.PutKinesisFirehose
		org.apache.nifi:nifi-aws-nar:1.24.0 || ./work/nar/extensions/nifi-aws-nar-1.24.0.nar-unpacked
	org.apache.nifi.processors.standard.ValidateRecord
		org.apache.nifi:nifi-standard-nar:1.24.0 || ./work/nar/extensions/nifi-standard-nar-1.24.0.nar-unpacked
	org.apache.nifi.processors.standard.QueryDatabaseTable
		org.apache.nifi:nifi-standard-nar:1.24.0 || ./work/nar/extensions/nifi-standard-nar-1.24.0.nar-unpacked
	org.apache.nifi.processors.azure.storage.queue.GetAzureQueueStorage
		org.apache.nifi:nifi-azure-nar:1.24.0 || ./work/nar/extensions/nifi-azure-nar-1.24.0.nar-unpacked
	org.apache.nifi.processors.standard.SampleRecord
		org.apache.nifi:nifi-standard-nar:1.24.0 || ./work/nar/extensions/nifi-standard-nar-1.24.0.nar-unpacked
	org.apache.nifi.processors.standard.HashAttribute
		org.apache.nifi:nifi-standard-nar:1.24.0 || ./work/nar/extensions/nifi-standard-nar-1.24.0.nar-unpacked
	org.apache.nifi.processors.kafka.pubsub.PublishKafkaRecord_2_0
		org.apache.nifi:nifi-kafka-2-0-nar:1.24.0 || ./work/nar/extensions/nifi-kafka-2-0-nar-1.24.0.nar-unpacked
	org.apache.nifi.processors.mqtt.PublishMQTT
		org.apache.nifi:nifi-mqtt-nar:1.24.0 || ./work/nar/extensions/nifi-mqtt-nar-1.24.0.nar-unpacked
	org.apache.nifi.processors.standard.Wait
		org.apache.nifi:nifi-standard-nar:1.24.0 || ./work/nar/extensions/nifi-standard-nar-1.24.0.nar-unpacked
	org.apache.nifi.processors.aws.s3.DeleteS3Object
		org.apache.nifi:nifi-aws-nar:1.24.0 || ./work/nar/extensions/nifi-aws-nar-1.24.0.nar-unpacked
	org.apache.nifi.processors.aws.kinesis.stream.ConsumeKinesisStream
		org.apache.nifi:nifi-aws-nar:1.24.0 || ./work/nar/extensions/nifi-aws-nar-1.24.0.nar-unpacked
	org.apache.nifi.processors.azure.storage.queue.PutAzureQueueStorage
		org.apache.nifi:nifi-azure-nar:1.24.0 || ./work/nar/extensions/nifi-azure-nar-1.24.0.nar-unpacked
	org.apache.nifi.processors.azure.storage.queue.GetAzureQueueStorage_v12
		org.apache.nifi:nifi-azure-nar:1.24.0 || ./work/nar/extensions/nifi-azure-nar-1.24.0.nar-unpacked
	org.apache.nifi.processors.enrich.QueryWhois
		org.apache.nifi:nifi-enrich-nar:1.24.0 || ./work/nar/extensions/nifi-enrich-nar-1.24.0.nar-unpacked
	org.apache.nifi.processors.standard.ExtractRecordSchema
		org.apache.nifi:nifi-standard-nar:1.24.0 || ./work/nar/extensions/nifi-standard-nar-1.24.0.nar-unpacked
	org.apache.nifi.processors.standard.ListenTCPRecord
		org.apache.nifi:nifi-standard-nar:1.24.0 || ./work/nar/extensions/nifi-standard-nar-1.24.0.nar-unpacked
	org.apache.nifi.processors.websocket.ListenWebSocket
		org.apache.nifi:nifi-websocket-processors-nar:1.24.0 || ./work/nar/extensions/nifi-websocket-processors-nar-1.24.0.nar-unpacked
	org.apache.nifi.processors.aws.ml.transcribe.StartAwsTranscribeJob
		org.apache.nifi:nifi-aws-nar:1.24.0 || ./work/nar/extensions/nifi-aws-nar-1.24.0.nar-unpacked
	org.apache.nifi.processors.standard.GenerateRecord
		org.apache.nifi:nifi-standard-nar:1.24.0 || ./work/nar/extensions/nifi-standard-nar-1.24.0.nar-unpacked
	org.apache.nifi.processors.mongodb.gridfs.PutGridFS
		org.apache.nifi:nifi-mongodb-nar:1.24.0 || ./work/nar/extensions/nifi-mongodb-nar-1.24.0.nar-unpacked
	org.apache.nifi.processors.standard.UpdateDatabaseTable
		org.apache.nifi:nifi-standard-nar:1.24.0 || ./work/nar/extensions/nifi-standard-nar-1.24.0.nar-unpacked
	org.apache.nifi.processors.standard.ListFTP
		org.apache.nifi:nifi-standard-nar:1.24.0 || ./work/nar/extensions/nifi-standard-nar-1.24.0.nar-unpacked
	org.apache.nifi.processors.standard.PutSFTP
		org.apache.nifi:nifi-standard-nar:1.24.0 || ./work/nar/extensions/nifi-standard-nar-1.24.0.nar-unpacked
	org.apache.nifi.processors.elasticsearch.SearchElasticsearch
		org.apache.nifi:nifi-elasticsearch-restapi-nar:1.24.0 || ./work/nar/extensions/nifi-elasticsearch-restapi-nar-1.24.0.nar-unpacked
	org.apache.nifi.processors.gcp.bigquery.PutBigQueryStreaming
		org.apache.nifi:nifi-gcp-nar:1.24.0 || ./work/nar/extensions/nifi-gcp-nar-1.24.0.nar-unpacked
	org.apache.nifi.processors.dropbox.ListDropbox
		org.apache.nifi:nifi-dropbox-processors-nar:1.24.0 || ./work/nar/extensions/nifi-dropbox-processors-nar-1.24.0.nar-unpacked
	org.apache.nifi.processors.standard.GetFile
		org.apache.nifi:nifi-standard-nar:1.24.0 || ./work/nar/extensions/nifi-standard-nar-1.24.0.nar-unpacked
	org.apache.nifi.processors.standard.ValidateXml
		org.apache.nifi:nifi-standard-nar:1.24.0 || ./work/nar/extensions/nifi-standard-nar-1.24.0.nar-unpacked
	org.apache.nifi.processors.couchbase.PutCouchbaseKey
		org.apache.nifi:nifi-couchbase-nar:1.24.0 || ./work/nar/extensions/nifi-couchbase-nar-1.24.0.nar-unpacked
	org.apache.nifi.processors.twitter.ConsumeTwitter
		org.apache.nifi:nifi-social-media-nar:1.24.0 || ./work/nar/extensions/nifi-social-media-nar-1.24.0.nar-unpacked
	org.apache.nifi.processors.salesforce.QuerySalesforceObject
		org.apache.nifi:nifi-salesforce-nar:1.24.0 || ./work/nar/extensions/nifi-salesforce-nar-1.24.0.nar-unpacked
	org.apache.nifi.processors.standard.AttributesToJSON
		org.apache.nifi:nifi-standard-nar:1.24.0 || ./work/nar/extensions/nifi-standard-nar-1.24.0.nar-unpacked
	org.apache.nifi.processors.standard.MonitorActivity
		org.apache.nifi:nifi-standard-nar:1.24.0 || ./work/nar/extensions/nifi-standard-nar-1.24.0.nar-unpacked
	org.apache.nifi.processors.rethinkdb.DeleteRethinkDB
		org.apache.nifi:nifi-rethinkdb-nar:1.24.0 || ./work/nar/extensions/nifi-rethinkdb-nar-1.24.0.nar-unpacked
	org.apache.nifi.processors.kafka.pubsub.PublishKafkaRecord_1_0
		org.apache.nifi:nifi-kafka-1-0-nar:1.24.0 || ./work/nar/extensions/nifi-kafka-1-0-nar-1.24.0.nar-unpacked
	org.apache.nifi.hbase.DeleteHBaseCells
		org.apache.nifi:nifi-hbase-nar:1.24.0 || ./work/nar/extensions/nifi-hbase-nar-1.24.0.nar-unpacked
	org.apache.nifi.processors.jslt.JSLTTransformJSON
		org.apache.nifi:nifi-jslt-nar:1.24.0 || ./work/nar/extensions/nifi-jslt-nar-1.24.0.nar-unpacked
	org.apache.nifi.processors.pgp.VerifyContentPGP
		org.apache.nifi:nifi-pgp-nar:1.24.0 || ./work/nar/extensions/nifi-pgp-nar-1.24.0.nar-unpacked
	org.apache.nifi.processors.hadoop.inotify.GetHDFSEvents
		org.apache.nifi:nifi-hadoop-nar:1.24.0 || ./work/nar/extensions/nifi-hadoop-nar-1.24.0.nar-unpacked
	org.apache.nifi.processors.standard.IdentifyMimeType
		org.apache.nifi:nifi-standard-nar:1.24.0 || ./work/nar/extensions/nifi-standard-nar-1.24.0.nar-unpacked
	org.apache.nifi.processors.mongodb.GetMongo
		org.apache.nifi:nifi-mongodb-nar:1.24.0 || ./work/nar/extensions/nifi-mongodb-nar-1.24.0.nar-unpacked
	org.apache.nifi.processors.kudu.PutKudu
		org.apache.nifi:nifi-kudu-nar:1.24.0 || ./work/nar/extensions/nifi-kudu-nar-1.24.0.nar-unpacked
	org.apache.nifi.processors.standard.ConvertCharacterSet
		org.apache.nifi:nifi-standard-nar:1.24.0 || ./work/nar/extensions/nifi-standard-nar-1.24.0.nar-unpacked
	org.apache.nifi.processors.standard.ParseSyslog5424
		org.apache.nifi:nifi-standard-nar:1.24.0 || ./work/nar/extensions/nifi-standard-nar-1.24.0.nar-unpacked
	org.apache.nifi.processors.gcp.storage.ListGCSBucket
		org.apache.nifi:nifi-gcp-nar:1.24.0 || ./work/nar/extensions/nifi-gcp-nar-1.24.0.nar-unpacked
	org.apache.nifi.processors.elasticsearch.PutElasticsearchHttp
		org.apache.nifi:nifi-elasticsearch-nar:1.24.0 || ./work/nar/extensions/nifi-elasticsearch-nar-1.24.0.nar-unpacked
	org.apache.nifi.processors.standard.ControlRate
		org.apache.nifi:nifi-standard-nar:1.24.0 || ./work/nar/extensions/nifi-standard-nar-1.24.0.nar-unpacked
	org.apache.nifi.processors.standard.PutRecord
		org.apache.nifi:nifi-standard-nar:1.24.0 || ./work/nar/extensions/nifi-standard-nar-1.24.0.nar-unpacked
	org.apache.nifi.processors.standard.PostHTTP
		org.apache.nifi:nifi-standard-nar:1.24.0 || ./work/nar/extensions/nifi-standard-nar-1.24.0.nar-unpacked
	org.apache.nifi.processors.standard.HandleHttpResponse
		org.apache.nifi:nifi-standard-nar:1.24.0 || ./work/nar/extensions/nifi-standard-nar-1.24.0.nar-unpacked
	org.apache.nifi.processors.splunk.QuerySplunkIndexingStatus
		org.apache.nifi:nifi-splunk-nar:1.24.0 || ./work/nar/extensions/nifi-splunk-nar-1.24.0.nar-unpacked
	org.apache.nifi.processors.slack.PutSlack
		org.apache.nifi:nifi-slack-nar:1.24.0 || ./work/nar/extensions/nifi-slack-nar-1.24.0.nar-unpacked
	org.apache.nifi.processors.kafka.pubsub.PublishKafka_1_0
		org.apache.nifi:nifi-kafka-1-0-nar:1.24.0 || ./work/nar/extensions/nifi-kafka-1-0-nar-1.24.0.nar-unpacked
	org.apache.nifi.processors.standard.FetchFTP
		org.apache.nifi:nifi-standard-nar:1.24.0 || ./work/nar/extensions/nifi-standard-nar-1.24.0.nar-unpacked
	org.apache.nifi.processors.standard.CountText
		org.apache.nifi:nifi-standard-nar:1.24.0 || ./work/nar/extensions/nifi-standard-nar-1.24.0.nar-unpacked
	org.apache.nifi.processors.aws.sqs.DeleteSQS
		org.apache.nifi:nifi-aws-nar:1.24.0 || ./work/nar/extensions/nifi-aws-nar-1.24.0.nar-unpacked
	org.apache.nifi.processors.gcp.storage.FetchGCSObject
		org.apache.nifi:nifi-gcp-nar:1.24.0 || ./work/nar/extensions/nifi-gcp-nar-1.24.0.nar-unpacked
	org.apache.nifi.hbase.DeleteHBaseRow
		org.apache.nifi:nifi-hbase-nar:1.24.0 || ./work/nar/extensions/nifi-hbase-nar-1.24.0.nar-unpacked
	org.apache.nifi.processors.email.ListenSMTP
		org.apache.nifi:nifi-email-nar:1.24.0 || ./work/nar/extensions/nifi-email-nar-1.24.0.nar-unpacked
	org.apache.nifi.processors.standard.AttributesToCSV
		org.apache.nifi:nifi-standard-nar:1.24.0 || ./work/nar/extensions/nifi-standard-nar-1.24.0.nar-unpacked
	org.apache.nifi.processors.splunk.PutSplunk
		org.apache.nifi:nifi-splunk-nar:1.24.0 || ./work/nar/extensions/nifi-splunk-nar-1.24.0.nar-unpacked
	org.apache.nifi.processors.ccda.ExtractCCDAAttributes
		org.apache.nifi:nifi-ccda-nar:1.24.0 || ./work/nar/extensions/nifi-ccda-nar-1.24.0.nar-unpacked
	org.apache.nifi.GetHTMLElement
		org.apache.nifi:nifi-html-nar:1.24.0 || ./work/nar/extensions/nifi-html-nar-1.24.0.nar-unpacked
	org.apache.nifi.processors.mongodb.gridfs.DeleteGridFS
		org.apache.nifi:nifi-mongodb-nar:1.24.0 || ./work/nar/extensions/nifi-mongodb-nar-1.24.0.nar-unpacked
	org.apache.nifi.processors.azure.storage.DeleteAzureBlobStorage_v12
		org.apache.nifi:nifi-azure-nar:1.24.0 || ./work/nar/extensions/nifi-azure-nar-1.24.0.nar-unpacked
	org.apache.nifi.processors.azure.storage.FetchAzureBlobStorage_v12
		org.apache.nifi:nifi-azure-nar:1.24.0 || ./work/nar/extensions/nifi-azure-nar-1.24.0.nar-unpacked
	org.apache.nifi.processors.standard.ScanAttribute
		org.apache.nifi:nifi-standard-nar:1.24.0 || ./work/nar/extensions/nifi-standard-nar-1.24.0.nar-unpacked
	org.apache.nifi.processors.standard.MergeContent
		org.apache.nifi:nifi-standard-nar:1.24.0 || ./work/nar/extensions/nifi-standard-nar-1.24.0.nar-unpacked
	org.apache.nifi.processors.aws.wag.InvokeAWSGatewayApi
		org.apache.nifi:nifi-aws-nar:1.24.0 || ./work/nar/extensions/nifi-aws-nar-1.24.0.nar-unpacked
	org.apache.nifi.processors.kafka.pubsub.ConsumeKafka_1_0
		org.apache.nifi:nifi-kafka-1-0-nar:1.24.0 || ./work/nar/extensions/nifi-kafka-1-0-nar-1.24.0.nar-unpacked
	org.apache.nifi.processors.splunk.PutSplunkHTTP
		org.apache.nifi:nifi-splunk-nar:1.24.0 || ./work/nar/extensions/nifi-splunk-nar-1.24.0.nar-unpacked
	org.apache.nifi.processors.cybersecurity.FuzzyHashContent
		org.apache.nifi:nifi-cybersecurity-nar:1.24.0 || ./work/nar/extensions/nifi-cybersecurity-nar-1.24.0.nar-unpacked
	org.apache.nifi.processors.kafka.pubsub.ConsumeKafkaRecord_1_0
		org.apache.nifi:nifi-kafka-1-0-nar:1.24.0 || ./work/nar/extensions/nifi-kafka-1-0-nar-1.24.0.nar-unpacked
	org.apache.nifi.processors.script.ScriptedValidateRecord
		org.apache.nifi:nifi-scripting-nar:1.24.0 || ./work/nar/extensions/nifi-scripting-nar-1.24.0.nar-unpacked
	org.apache.nifi.processors.standard.LookupRecord
		org.apache.nifi:nifi-standard-nar:1.24.0 || ./work/nar/extensions/nifi-standard-nar-1.24.0.nar-unpacked
	org.apache.nifi.processors.standard.ConvertRecord
		org.apache.nifi:nifi-standard-nar:1.24.0 || ./work/nar/extensions/nifi-standard-nar-1.24.0.nar-unpacked
	org.apache.nifi.processors.aws.ml.polly.GetAwsPollyJobStatus
		org.apache.nifi:nifi-aws-nar:1.24.0 || ./work/nar/extensions/nifi-aws-nar-1.24.0.nar-unpacked
	org.apache.nifi.processors.mongodb.GetMongoRecord
		org.apache.nifi:nifi-mongodb-nar:1.24.0 || ./work/nar/extensions/nifi-mongodb-nar-1.24.0.nar-unpacked
	org.apache.nifi.snmp.processors.GetSNMP
		org.apache.nifi:nifi-snmp-nar:1.24.0 || ./work/nar/extensions/nifi-snmp-nar-1.24.0.nar-unpacked
	org.apache.nifi.processors.standard.PutSQL
		org.apache.nifi:nifi-standard-nar:1.24.0 || ./work/nar/extensions/nifi-standard-nar-1.24.0.nar-unpacked
	org.apache.nifi.processors.standard.ListenFTP
		org.apache.nifi:nifi-standard-nar:1.24.0 || ./work/nar/extensions/nifi-standard-nar-1.24.0.nar-unpacked
	org.apache.nifi.processors.azure.storage.ListAzureBlobStorage
		org.apache.nifi:nifi-azure-nar:1.24.0 || ./work/nar/extensions/nifi-azure-nar-1.24.0.nar-unpacked
	org.apache.nifi.hbase.PutHBaseRecord
		org.apache.nifi:nifi-hbase-nar:1.24.0 || ./work/nar/extensions/nifi-hbase-nar-1.24.0.nar-unpacked
	org.apache.nifi.processors.aws.s3.PutS3Object
		org.apache.nifi:nifi-aws-nar:1.24.0 || ./work/nar/extensions/nifi-aws-nar-1.24.0.nar-unpacked
	org.apache.nifi.processors.azure.eventhub.PutAzureEventHub
		org.apache.nifi:nifi-azure-nar:1.24.0 || ./work/nar/extensions/nifi-azure-nar-1.24.0.nar-unpacked
	org.apache.nifi.processors.workday.GetWorkdayReport
		org.apache.nifi:nifi-workday-processors-nar:1.24.0 || ./work/nar/extensions/nifi-workday-processors-nar-1.24.0.nar-unpacked
	org.apache.nifi.processors.aws.kinesis.stream.PutKinesisStream
		org.apache.nifi:nifi-aws-nar:1.24.0 || ./work/nar/extensions/nifi-aws-nar-1.24.0.nar-unpacked
	org.apache.nifi.processors.standard.HandleHttpRequest
		org.apache.nifi:nifi-standard-nar:1.24.0 || ./work/nar/extensions/nifi-standard-nar-1.24.0.nar-unpacked
	org.apache.nifi.processors.azure.storage.DeleteAzureBlobStorage
		org.apache.nifi:nifi-azure-nar:1.24.0 || ./work/nar/extensions/nifi-azure-nar-1.24.0.nar-unpacked
	org.apache.nifi.processors.solr.PutSolrRecord
		org.apache.nifi:nifi-solr-nar:1.24.0 || ./work/nar/extensions/nifi-solr-nar-1.24.0.nar-unpacked
	org.apache.nifi.processors.aws.ml.polly.StartAwsPollyJob
		org.apache.nifi:nifi-aws-nar:1.24.0 || ./work/nar/extensions/nifi-aws-nar-1.24.0.nar-unpacked
	org.apache.nifi.processors.standard.SplitContent
		org.apache.nifi:nifi-standard-nar:1.24.0 || ./work/nar/extensions/nifi-standard-nar-1.24.0.nar-unpacked
	org.apache.nifi.processors.cipher.VerifyContentMAC
		org.apache.nifi:nifi-cipher-nar:1.24.0 || ./work/nar/extensions/nifi-cipher-nar-1.24.0.nar-unpacked
	org.apache.nifi.processors.pgp.EncryptContentPGP
		org.apache.nifi:nifi-pgp-nar:1.24.0 || ./work/nar/extensions/nifi-pgp-nar-1.24.0.nar-unpacked
	org.apache.nifi.processors.elasticsearch.UpdateByQueryElasticsearch
		org.apache.nifi:nifi-elasticsearch-restapi-nar:1.24.0 || ./work/nar/extensions/nifi-elasticsearch-restapi-nar-1.24.0.nar-unpacked
	org.apache.nifi.processors.gcp.drive.ListGoogleDrive
		org.apache.nifi:nifi-gcp-nar:1.24.0 || ./work/nar/extensions/nifi-gcp-nar-1.24.0.nar-unpacked
	org.apache.nifi.hbase.FetchHBaseRow
		org.apache.nifi:nifi-hbase-nar:1.24.0 || ./work/nar/extensions/nifi-hbase-nar-1.24.0.nar-unpacked
	org.apache.nifi.processors.standard.PutFTP
		org.apache.nifi:nifi-standard-nar:1.24.0 || ./work/nar/extensions/nifi-standard-nar-1.24.0.nar-unpacked
	org.apache.nifi.processors.aws.ml.translate.GetAwsTranslateJobStatus
		org.apache.nifi:nifi-aws-nar:1.24.0 || ./work/nar/extensions/nifi-aws-nar-1.24.0.nar-unpacked
	org.apache.nifi.processors.salesforce.PutSalesforceObject
		org.apache.nifi:nifi-salesforce-nar:1.24.0 || ./work/nar/extensions/nifi-salesforce-nar-1.24.0.nar-unpacked
	org.apache.nifi.processors.standard.LogAttribute
		org.apache.nifi:nifi-standard-nar:1.24.0 || ./work/nar/extensions/nifi-standard-nar-1.24.0.nar-unpacked
	org.apache.nifi.processors.slack.PostSlack
		org.apache.nifi:nifi-slack-nar:1.24.0 || ./work/nar/extensions/nifi-slack-nar-1.24.0.nar-unpacked
	=== End Processor types ===
	=== ExternalResourceProvider Type ===
	org.apache.nifi.registry.extension.NiFiRegistryExternalResourceProvider
		org.apache.nifi:nifi-framework-nar:1.24.0 || ./work/nar/framework/nifi-framework-nar-1.24.0.nar-unpacked
	org.apache.nifi.flow.resource.hadoop.HDFSExternalResourceProvider
		org.apache.nifi:nifi-hadoop-nar:1.24.0 || ./work/nar/extensions/nifi-hadoop-nar-1.24.0.nar-unpacked
	=== End ExternalResourceProvider types ===
	=== FlowFilePrioritizer Type ===
	org.apache.nifi.prioritizer.FirstInFirstOutPrioritizer
		org.apache.nifi:nifi-framework-nar:1.24.0 || ./work/nar/framework/nifi-framework-nar-1.24.0.nar-unpacked
	org.apache.nifi.prioritizer.OldestFlowFileFirstPrioritizer
		org.apache.nifi:nifi-framework-nar:1.24.0 || ./work/nar/framework/nifi-framework-nar-1.24.0.nar-unpacked
	org.apache.nifi.prioritizer.PriorityAttributePrioritizer
		org.apache.nifi:nifi-framework-nar:1.24.0 || ./work/nar/framework/nifi-framework-nar-1.24.0.nar-unpacked
	org.apache.nifi.prioritizer.NewestFlowFileFirstPrioritizer
		org.apache.nifi:nifi-framework-nar:1.24.0 || ./work/nar/framework/nifi-framework-nar-1.24.0.nar-unpacked
	=== End FlowFilePrioritizer types ===
	=== FlowRegistryClient Type ===
	org.apache.nifi.registry.flow.NifiRegistryFlowRegistryClient
		org.apache.nifi:nifi-flow-registry-client-nar:1.24.0 || ./work/nar/extensions/nifi-flow-registry-client-nar-1.24.0.nar-unpacked
	=== End FlowRegistryClient types ===
	=== LoginIdentityProvider Type ===
	org.apache.nifi.kerberos.KerberosProvider
		org.apache.nifi:nifi-kerberos-iaa-providers-nar:1.24.0 || ./work/nar/extensions/nifi-kerberos-iaa-providers-nar-1.24.0.nar-unpacked
	org.apache.nifi.authentication.single.user.SingleUserLoginIdentityProvider
		org.apache.nifi:nifi-single-user-iaa-providers-nar:1.24.0 || ./work/nar/extensions/nifi-single-user-iaa-providers-nar-1.24.0.nar-unpacked
	org.apache.nifi.ldap.LdapProvider
		org.apache.nifi:nifi-ldap-iaa-providers-nar:1.24.0 || ./work/nar/extensions/nifi-ldap-iaa-providers-nar-1.24.0.nar-unpacked
	=== End LoginIdentityProvider types ===
	=== ProvenanceRepository Type ===
	org.apache.nifi.provenance.EncryptedWriteAheadProvenanceRepository
		org.apache.nifi:nifi-provenance-repository-nar:1.24.0 || ./work/nar/extensions/nifi-provenance-repository-nar-1.24.0.nar-unpacked
	org.apache.nifi.provenance.WriteAheadProvenanceRepository
		org.apache.nifi:nifi-provenance-repository-nar:1.24.0 || ./work/nar/extensions/nifi-provenance-repository-nar-1.24.0.nar-unpacked
	org.apache.nifi.provenance.VolatileProvenanceRepository
		org.apache.nifi:nifi-provenance-repository-nar:1.24.0 || ./work/nar/extensions/nifi-provenance-repository-nar-1.24.0.nar-unpacked
	org.apache.nifi.provenance.PersistentProvenanceRepository
		org.apache.nifi:nifi-provenance-repository-nar:1.24.0 || ./work/nar/extensions/nifi-provenance-repository-nar-1.24.0.nar-unpacked
	=== End ProvenanceRepository types ===
	=== UserGroupProvider Type ===
	org.apache.nifi.authorization.CompositeUserGroupProvider
		org.apache.nifi:nifi-framework-nar:1.24.0 || ./work/nar/framework/nifi-framework-nar-1.24.0.nar-unpacked
	org.apache.nifi.authorization.azure.AzureGraphUserGroupProvider
		org.apache.nifi:nifi-azure-nar:1.24.0 || ./work/nar/extensions/nifi-azure-nar-1.24.0.nar-unpacked
	org.apache.nifi.ldap.tenants.LdapUserGroupProvider
		org.apache.nifi:nifi-ldap-iaa-providers-nar:1.24.0 || ./work/nar/extensions/nifi-ldap-iaa-providers-nar-1.24.0.nar-unpacked
	org.apache.nifi.authorization.CompositeConfigurableUserGroupProvider
		org.apache.nifi:nifi-framework-nar:1.24.0 || ./work/nar/framework/nifi-framework-nar-1.24.0.nar-unpacked
	org.apache.nifi.authorization.ShellUserGroupProvider
		org.apache.nifi:nifi-framework-nar:1.24.0 || ./work/nar/framework/nifi-framework-nar-1.24.0.nar-unpacked
	org.apache.nifi.authorization.FileUserGroupProvider
		org.apache.nifi:nifi-framework-nar:1.24.0 || ./work/nar/framework/nifi-framework-nar-1.24.0.nar-unpacked
	=== End UserGroupProvider types ===
	=== NarProvider Type ===
	org.apache.nifi.nar.hadoop.HDFSNarProvider
		org.apache.nifi:nifi-hadoop-nar:1.24.0 || ./work/nar/extensions/nifi-hadoop-nar-1.24.0.nar-unpacked
	org.apache.nifi.registry.extension.NiFiRegistryNarProvider
		org.apache.nifi:nifi-framework-nar:1.24.0 || ./work/nar/framework/nifi-framework-nar-1.24.0.nar-unpacked
	=== End NarProvider types ===
	=== Authorizer Type ===
	org.apache.nifi.authorization.single.user.SingleUserAuthorizer
		org.apache.nifi:nifi-single-user-iaa-providers-nar:1.24.0 || ./work/nar/extensions/nifi-single-user-iaa-providers-nar-1.24.0.nar-unpacked
	org.apache.nifi.authorization.FileAuthorizer
		org.apache.nifi:nifi-framework-nar:1.24.0 || ./work/nar/framework/nifi-framework-nar-1.24.0.nar-unpacked
	org.apache.nifi.authorization.StandardManagedAuthorizer
		org.apache.nifi:nifi-framework-nar:1.24.0 || ./work/nar/framework/nifi-framework-nar-1.24.0.nar-unpacked
	=== End Authorizer types ===
	=== AccessPolicyProvider Type ===
	org.apache.nifi.authorization.FileAccessPolicyProvider
		org.apache.nifi:nifi-framework-nar:1.24.0 || ./work/nar/framework/nifi-framework-nar-1.24.0.nar-unpacked
	=== End AccessPolicyProvider types ===
	=== ControllerService Type ===
	org.apache.nifi.hazelcast.services.cachemanager.EmbeddedHazelcastCacheManager
		org.apache.nifi:nifi-hazelcast-services-nar:1.24.0 || ./work/nar/extensions/nifi-hazelcast-services-nar-1.24.0.nar-unpacked
	org.apache.nifi.lookup.CSVRecordLookupService
		org.apache.nifi:nifi-lookup-services-nar:1.24.0 || ./work/nar/extensions/nifi-lookup-services-nar-1.24.0.nar-unpacked
	org.apache.nifi.processors.aws.credentials.provider.service.AWSCredentialsProviderControllerService
		org.apache.nifi:nifi-aws-nar:1.24.0 || ./work/nar/extensions/nifi-aws-nar-1.24.0.nar-unpacked
	org.apache.nifi.avro.AvroReader
		org.apache.nifi:nifi-record-serialization-services-nar:1.24.0 || ./work/nar/extensions/nifi-record-serialization-services-nar-1.24.0.nar-unpacked
	org.apache.nifi.confluent.schemaregistry.ConfluentSchemaRegistry
		org.apache.nifi:nifi-confluent-platform-nar:1.24.0 || ./work/nar/extensions/nifi-confluent-platform-nar-1.24.0.nar-unpacked
	org.apache.nifi.pgp.service.standard.StandardPGPPublicKeyService
		org.apache.nifi:nifi-pgp-service-nar:1.24.0 || ./work/nar/extensions/nifi-pgp-service-nar-1.24.0.nar-unpacked
	org.apache.nifi.xml.XMLReader
		org.apache.nifi:nifi-record-serialization-services-nar:1.24.0 || ./work/nar/extensions/nifi-record-serialization-services-nar-1.24.0.nar-unpacked
	org.apache.nifi.services.azure.storage.AzureStorageCredentialsControllerService_v12
		org.apache.nifi:nifi-azure-nar:1.24.0 || ./work/nar/extensions/nifi-azure-nar-1.24.0.nar-unpacked
	org.apache.nifi.lookup.db.DatabaseRecordLookupService
		org.apache.nifi:nifi-lookup-services-nar:1.24.0 || ./work/nar/extensions/nifi-lookup-services-nar-1.24.0.nar-unpacked
	org.apache.nifi.services.azure.cosmos.document.AzureCosmosDBClientService
		org.apache.nifi:nifi-azure-nar:1.24.0 || ./work/nar/extensions/nifi-azure-nar-1.24.0.nar-unpacked
	org.apache.nifi.text.FreeFormTextRecordSetWriter
		org.apache.nifi:nifi-record-serialization-services-nar:1.24.0 || ./work/nar/extensions/nifi-record-serialization-services-nar-1.24.0.nar-unpacked
	org.apache.nifi.lookup.PropertiesFileLookupService
		org.apache.nifi:nifi-lookup-services-nar:1.24.0 || ./work/nar/extensions/nifi-lookup-services-nar-1.24.0.nar-unpacked
	org.apache.nifi.reporting.sink.SiteToSiteReportingRecordSink
		org.apache.nifi:nifi-site-to-site-reporting-nar:1.24.0 || ./work/nar/extensions/nifi-site-to-site-reporting-nar-1.24.0.nar-unpacked
	org.apache.nifi.lookup.SimpleKeyValueLookupService
		org.apache.nifi:nifi-lookup-services-nar:1.24.0 || ./work/nar/extensions/nifi-lookup-services-nar-1.24.0.nar-unpacked
	org.apache.nifi.controller.asana.StandardAsanaClientProviderService
		org.apache.nifi:nifi-asana-services-nar:1.24.0 || ./work/nar/extensions/nifi-asana-services-nar-1.24.0.nar-unpacked
	org.apache.nifi.ssl.StandardSSLContextService
		org.apache.nifi:nifi-ssl-context-service-nar:1.24.0 || ./work/nar/extensions/nifi-ssl-context-service-nar-1.24.0.nar-unpacked
	org.apache.nifi.avro.AvroRecordSetWriter
		org.apache.nifi:nifi-record-serialization-services-nar:1.24.0 || ./work/nar/extensions/nifi-record-serialization-services-nar-1.24.0.nar-unpacked
	org.apache.nifi.schemaregistry.hortonworks.HortonworksSchemaRegistry
		org.apache.nifi:nifi-hwx-schema-registry-nar:1.24.0 || ./work/nar/extensions/nifi-hwx-schema-registry-nar-1.24.0.nar-unpacked
	org.apache.nifi.record.sink.EmailRecordSink
		org.apache.nifi:nifi-record-sink-service-nar:1.24.0 || ./work/nar/extensions/nifi-record-sink-service-nar-1.24.0.nar-unpacked
	org.apache.nifi.distributed.cache.client.DistributedMapCacheClientService
		org.apache.nifi:nifi-distributed-cache-services-nar:1.24.0 || ./work/nar/extensions/nifi-distributed-cache-services-nar-1.24.0.nar-unpacked
	org.apache.nifi.record.sink.kafka.KafkaRecordSink_2_6
		org.apache.nifi:nifi-kafka-2-6-nar:1.24.0 || ./work/nar/extensions/nifi-kafka-2-6-nar-1.24.0.nar-unpacked
	org.apache.nifi.services.azure.storage.AzureStorageCredentialsControllerService
		org.apache.nifi:nifi-azure-nar:1.24.0 || ./work/nar/extensions/nifi-azure-nar-1.24.0.nar-unpacked
	org.apache.nifi.json.JsonPathReader
		org.apache.nifi:nifi-record-serialization-services-nar:1.24.0 || ./work/nar/extensions/nifi-record-serialization-services-nar-1.24.0.nar-unpacked
	org.apache.nifi.record.script.ScriptedRecordSetWriter
		org.apache.nifi:nifi-scripting-nar:1.24.0 || ./work/nar/extensions/nifi-scripting-nar-1.24.0.nar-unpacked
	org.apache.nifi.mongodb.MongoDBLookupService
		org.apache.nifi:nifi-mongodb-services-nar:1.24.0 || ./work/nar/extensions/nifi-mongodb-services-nar-1.24.0.nar-unpacked
	org.apache.nifi.record.sink.script.ScriptedRecordSink
		org.apache.nifi:nifi-scripting-nar:1.24.0 || ./work/nar/extensions/nifi-scripting-nar-1.24.0.nar-unpacked
	org.apache.nifi.xml.XMLRecordSetWriter
		org.apache.nifi:nifi-record-serialization-services-nar:1.24.0 || ./work/nar/extensions/nifi-record-serialization-services-nar-1.24.0.nar-unpacked
	org.apache.nifi.kerberos.KerberosPasswordUserService
		org.apache.nifi:nifi-kerberos-user-service-nar:1.24.0 || ./work/nar/extensions/nifi-kerberos-user-service-nar-1.24.0.nar-unpacked
	org.apache.nifi.rules.handlers.script.ScriptedActionHandler
		org.apache.nifi:nifi-scripting-nar:1.24.0 || ./work/nar/extensions/nifi-scripting-nar-1.24.0.nar-unpacked
	org.apache.nifi.jms.cf.JndiJmsConnectionFactoryProvider
		org.apache.nifi:nifi-jms-processors-nar:1.24.0 || ./work/nar/extensions/nifi-jms-processors-nar-1.24.0.nar-unpacked
	org.apache.nifi.proxy.StandardProxyConfigurationService
		org.apache.nifi:nifi-proxy-configuration-nar:1.24.0 || ./work/nar/extensions/nifi-proxy-configuration-nar-1.24.0.nar-unpacked
	org.apache.nifi.dbcp.HadoopDBCPConnectionPool
		org.apache.nifi:nifi-hadoop-dbcp-service-nar:1.24.0 || ./work/nar/extensions/nifi-hadoop-dbcp-service-nar-1.24.0.nar-unpacked
	org.apache.nifi.websocket.jetty.JettyWebSocketServer
		org.apache.nifi:nifi-websocket-services-jetty-nar:1.24.0 || ./work/nar/extensions/nifi-websocket-services-jetty-nar-1.24.0.nar-unpacked
	org.apache.nifi.csv.CSVRecordSetWriter
		org.apache.nifi:nifi-record-serialization-services-nar:1.24.0 || ./work/nar/extensions/nifi-record-serialization-services-nar-1.24.0.nar-unpacked
	org.apache.nifi.json.JsonTreeReader
		org.apache.nifi:nifi-record-serialization-services-nar:1.24.0 || ./work/nar/extensions/nifi-record-serialization-services-nar-1.24.0.nar-unpacked
	org.apache.nifi.dbcp.HikariCPConnectionPool
		org.apache.nifi:nifi-dbcp-service-nar:1.24.0 || ./work/nar/extensions/nifi-dbcp-service-nar-1.24.0.nar-unpacked
	org.apache.nifi.kerberos.KerberosTicketCacheUserService
		org.apache.nifi:nifi-kerberos-user-service-nar:1.24.0 || ./work/nar/extensions/nifi-kerberos-user-service-nar-1.24.0.nar-unpacked
	org.apache.nifi.processors.aws.s3.encryption.StandardS3EncryptionService
		org.apache.nifi:nifi-aws-nar:1.24.0 || ./work/nar/extensions/nifi-aws-nar-1.24.0.nar-unpacked
	org.apache.nifi.record.sink.lookup.RecordSinkServiceLookup
		org.apache.nifi:nifi-record-sink-service-nar:1.24.0 || ./work/nar/extensions/nifi-record-sink-service-nar-1.24.0.nar-unpacked
	org.apache.nifi.distributed.cache.server.DistributedSetCacheServer
		org.apache.nifi:nifi-distributed-cache-services-nar:1.24.0 || ./work/nar/extensions/nifi-distributed-cache-services-nar-1.24.0.nar-unpacked
	org.apache.nifi.lookup.RestLookupService
		org.apache.nifi:nifi-lookup-services-nar:1.24.0 || ./work/nar/extensions/nifi-lookup-services-nar-1.24.0.nar-unpacked
	org.apache.nifi.schema.inference.VolatileSchemaCache
		org.apache.nifi:nifi-record-serialization-services-nar:1.24.0 || ./work/nar/extensions/nifi-record-serialization-services-nar-1.24.0.nar-unpacked
	org.apache.nifi.lookup.maxmind.IPLookupService
		org.apache.nifi:nifi-lookup-services-nar:1.24.0 || ./work/nar/extensions/nifi-lookup-services-nar-1.24.0.nar-unpacked
	org.apache.nifi.services.azure.storage.AzureStorageCredentialsControllerServiceLookup_v12
		org.apache.nifi:nifi-azure-nar:1.24.0 || ./work/nar/extensions/nifi-azure-nar-1.24.0.nar-unpacked
	org.apache.nifi.metrics.reporting.reporter.service.GraphiteMetricReporterService
		org.apache.nifi:nifi-metrics-reporting-nar:1.24.0 || ./work/nar/extensions/nifi-metrics-reporting-nar-1.24.0.nar-unpacked
	org.apache.nifi.service.CassandraSessionProvider
		org.apache.nifi:nifi-cassandra-services-nar:1.24.0 || ./work/nar/extensions/nifi-cassandra-services-nar-1.24.0.nar-unpacked
	org.apache.nifi.hbase.HBase_2_ClientService
		org.apache.nifi:nifi-hbase_2-client-service-nar:1.24.0 || ./work/nar/extensions/nifi-hbase_2-client-service-nar-1.24.0.nar-unpacked
	org.apache.nifi.kerberos.KeytabCredentialsService
		org.apache.nifi:nifi-kerberos-credentials-service-nar:1.24.0 || ./work/nar/extensions/nifi-kerberos-credentials-service-nar-1.24.0.nar-unpacked
	org.apache.nifi.web.client.provider.service.StandardWebClientServiceProvider
		org.apache.nifi:nifi-web-client-provider-service-nar:1.24.0 || ./work/nar/extensions/nifi-web-client-provider-service-nar-1.24.0.nar-unpacked
	org.apache.nifi.couchbase.CouchbaseKeyValueLookupService
		org.apache.nifi:nifi-couchbase-nar:1.24.0 || ./work/nar/extensions/nifi-couchbase-nar-1.24.0.nar-unpacked
	org.apache.nifi.excel.ExcelReader
		org.apache.nifi:nifi-poi-nar:1.24.0 || ./work/nar/extensions/nifi-poi-nar-1.24.0.nar-unpacked
	org.apache.nifi.services.azure.storage.ADLSCredentialsControllerService
		org.apache.nifi:nifi-azure-nar:1.24.0 || ./work/nar/extensions/nifi-azure-nar-1.24.0.nar-unpacked
	org.apache.nifi.yaml.YamlTreeReader
		org.apache.nifi:nifi-record-serialization-services-nar:1.24.0 || ./work/nar/extensions/nifi-record-serialization-services-nar-1.24.0.nar-unpacked
	org.apache.nifi.pgp.service.standard.StandardPGPPrivateKeyService
		org.apache.nifi:nifi-pgp-service-nar:1.24.0 || ./work/nar/extensions/nifi-pgp-service-nar-1.24.0.nar-unpacked
	org.apache.nifi.redis.service.SimpleRedisDistributedMapCacheClientService
		org.apache.nifi:nifi-redis-nar:1.24.0 || ./work/nar/extensions/nifi-redis-nar-1.24.0.nar-unpacked
	org.apache.nifi.aws.schemaregistry.AmazonGlueSchemaRegistry
		org.apache.nifi:nifi-aws-nar:1.24.0 || ./work/nar/extensions/nifi-aws-nar-1.24.0.nar-unpacked
	org.apache.nifi.services.dropbox.StandardDropboxCredentialService
		org.apache.nifi:nifi-dropbox-services-nar:1.24.0 || ./work/nar/extensions/nifi-dropbox-services-nar-1.24.0.nar-unpacked
	org.apache.nifi.fileresource.service.StandardFileResourceService
		org.apache.nifi:nifi-file-resource-service-nar:1.24.0 || ./work/nar/extensions/nifi-file-resource-service-nar-1.24.0.nar-unpacked
	org.apache.nifi.syslog.SyslogReader
		org.apache.nifi:nifi-record-serialization-services-nar:1.24.0 || ./work/nar/extensions/nifi-record-serialization-services-nar-1.24.0.nar-unpacked
	org.apache.nifi.box.controllerservices.JsonConfigBasedBoxClientService
		org.apache.nifi:nifi-box-services-nar:1.24.0 || ./work/nar/extensions/nifi-box-services-nar-1.24.0.nar-unpacked
	org.apache.nifi.couchbase.CouchbaseRecordLookupService
		org.apache.nifi:nifi-couchbase-nar:1.24.0 || ./work/nar/extensions/nifi-couchbase-nar-1.24.0.nar-unpacked
	org.apache.nifi.json.JsonRecordSetWriter
		org.apache.nifi:nifi-record-serialization-services-nar:1.24.0 || ./work/nar/extensions/nifi-record-serialization-services-nar-1.24.0.nar-unpacked
	org.apache.nifi.record.sink.LoggingRecordSink
		org.apache.nifi:nifi-record-sink-service-nar:1.24.0 || ./work/nar/extensions/nifi-record-sink-service-nar-1.24.0.nar-unpacked
	org.apache.nifi.record.sink.db.DatabaseRecordSink
		org.apache.nifi:nifi-dbcp-service-nar:1.24.0 || ./work/nar/extensions/nifi-dbcp-service-nar-1.24.0.nar-unpacked
	org.apache.nifi.lookup.DistributedMapCacheLookupService
		org.apache.nifi:nifi-lookup-services-nar:1.24.0 || ./work/nar/extensions/nifi-lookup-services-nar-1.24.0.nar-unpacked
	org.apache.nifi.services.azure.eventhub.AzureEventHubRecordSink
		org.apache.nifi:nifi-azure-nar:1.24.0 || ./work/nar/extensions/nifi-azure-nar-1.24.0.nar-unpacked
	org.apache.nifi.hbase.HBase_2_ClientMapCacheService
		org.apache.nifi:nifi-hbase_2-client-service-nar:1.24.0 || ./work/nar/extensions/nifi-hbase_2-client-service-nar-1.24.0.nar-unpacked
	org.apache.nifi.record.sink.event.UDPEventRecordSink
		org.apache.nifi:nifi-record-sink-service-nar:1.24.0 || ./work/nar/extensions/nifi-record-sink-service-nar-1.24.0.nar-unpacked
	org.apache.nifi.mongodb.MongoDBControllerService
		org.apache.nifi:nifi-mongodb-services-nar:1.24.0 || ./work/nar/extensions/nifi-mongodb-services-nar-1.24.0.nar-unpacked
	org.apache.nifi.elasticsearch.ElasticSearchStringLookupService
		org.apache.nifi:nifi-elasticsearch-client-service-nar:1.24.0 || ./work/nar/extensions/nifi-elasticsearch-client-service-nar-1.24.0.nar-unpacked
	org.apache.nifi.jms.cf.JMSConnectionFactoryProvider
		org.apache.nifi:nifi-jms-processors-nar:1.24.0 || ./work/nar/extensions/nifi-jms-processors-nar-1.24.0.nar-unpacked
	org.apache.nifi.key.service.StandardPrivateKeyService
		org.apache.nifi:nifi-key-service-nar:1.24.0 || ./work/nar/extensions/nifi-key-service-nar-1.24.0.nar-unpacked
	org.apache.nifi.redis.service.RedisDistributedMapCacheClientService
		org.apache.nifi:nifi-redis-nar:1.24.0 || ./work/nar/extensions/nifi-redis-nar-1.24.0.nar-unpacked
	org.apache.nifi.controller.cassandra.CassandraDistributedMapCache
		org.apache.nifi:nifi-cassandra-services-nar:1.24.0 || ./work/nar/extensions/nifi-cassandra-services-nar-1.24.0.nar-unpacked
	org.apache.nifi.syslog.Syslog5424Reader
		org.apache.nifi:nifi-record-serialization-services-nar:1.24.0 || ./work/nar/extensions/nifi-record-serialization-services-nar-1.24.0.nar-unpacked
	org.apache.nifi.csv.CSVReader
		org.apache.nifi:nifi-record-serialization-services-nar:1.24.0 || ./work/nar/extensions/nifi-record-serialization-services-nar-1.24.0.nar-unpacked
	org.apache.nifi.record.sink.kafka.KafkaRecordSink_2_0
		org.apache.nifi:nifi-kafka-2-0-nar:1.24.0 || ./work/nar/extensions/nifi-kafka-2-0-nar-1.24.0.nar-unpacked
	org.apache.nifi.lookup.SimpleCsvFileLookupService
		org.apache.nifi:nifi-lookup-services-nar:1.24.0 || ./work/nar/extensions/nifi-lookup-services-nar-1.24.0.nar-unpacked
	org.apache.nifi.hazelcast.services.cachemanager.ExternalHazelcastCacheManager
		org.apache.nifi:nifi-hazelcast-services-nar:1.24.0 || ./work/nar/extensions/nifi-hazelcast-services-nar-1.24.0.nar-unpacked
	org.apache.nifi.websocket.jetty.JettyWebSocketClient
		org.apache.nifi:nifi-websocket-services-jetty-nar:1.24.0 || ./work/nar/extensions/nifi-websocket-services-jetty-nar-1.24.0.nar-unpacked
	org.apache.nifi.rules.engine.script.ScriptedRulesEngine
		org.apache.nifi:nifi-scripting-nar:1.24.0 || ./work/nar/extensions/nifi-scripting-nar-1.24.0.nar-unpacked
	org.apache.nifi.distributed.cache.server.map.DistributedMapCacheServer
		org.apache.nifi:nifi-distributed-cache-services-nar:1.24.0 || ./work/nar/extensions/nifi-distributed-cache-services-nar-1.24.0.nar-unpacked
	org.apache.nifi.redis.service.RedisConnectionPoolService
		org.apache.nifi:nifi-redis-nar:1.24.0 || ./work/nar/extensions/nifi-redis-nar-1.24.0.nar-unpacked
	org.apache.nifi.oauth2.OAuth2TokenProviderImpl
		org.apache.nifi:nifi-oauth2-provider-nar:1.24.0 || ./work/nar/extensions/nifi-oauth2-provider-nar-1.24.0.nar-unpacked
	org.apache.nifi.lookup.script.SimpleScriptedLookupService
		org.apache.nifi:nifi-scripting-nar:1.24.0 || ./work/nar/extensions/nifi-scripting-nar-1.24.0.nar-unpacked
	org.apache.nifi.couchbase.CouchbaseClusterService
		org.apache.nifi:nifi-couchbase-nar:1.24.0 || ./work/nar/extensions/nifi-couchbase-nar-1.24.0.nar-unpacked
	org.apache.nifi.oauth2.StandardOauth2AccessTokenProvider
		org.apache.nifi:nifi-oauth2-provider-nar:1.24.0 || ./work/nar/extensions/nifi-oauth2-provider-nar-1.24.0.nar-unpacked
	org.apache.nifi.lookup.ReaderLookup
		org.apache.nifi:nifi-record-serialization-services-nar:1.24.0 || ./work/nar/extensions/nifi-record-serialization-services-nar-1.24.0.nar-unpacked
	org.apache.nifi.parquet.ParquetReader
		org.apache.nifi:nifi-parquet-nar:1.24.0 || ./work/nar/extensions/nifi-parquet-nar-1.24.0.nar-unpacked
	org.apache.nifi.ssl.StandardRestrictedSSLContextService
		org.apache.nifi:nifi-ssl-context-service-nar:1.24.0 || ./work/nar/extensions/nifi-ssl-context-service-nar-1.24.0.nar-unpacked
	org.apache.nifi.schemaregistry.services.AvroSchemaRegistry
		org.apache.nifi:nifi-registry-nar:1.24.0 || ./work/nar/extensions/nifi-registry-nar-1.24.0.nar-unpacked
	org.apache.nifi.vault.hashicorp.StandardHashiCorpVaultClientService
		org.apache.nifi:nifi-hashicorp-vault-nar:1.24.0 || ./work/nar/extensions/nifi-hashicorp-vault-nar-1.24.0.nar-unpacked
	org.apache.nifi.windowsevent.WindowsEventLogReader
		org.apache.nifi:nifi-record-serialization-services-nar:1.24.0 || ./work/nar/extensions/nifi-record-serialization-services-nar-1.24.0.nar-unpacked
	org.apache.nifi.processors.gcp.credentials.service.GCPCredentialsControllerService
		org.apache.nifi:nifi-gcp-nar:1.24.0 || ./work/nar/extensions/nifi-gcp-nar-1.24.0.nar-unpacked
	org.apache.nifi.lookup.db.SimpleDatabaseLookupService
		org.apache.nifi:nifi-lookup-services-nar:1.24.0 || ./work/nar/extensions/nifi-lookup-services-nar-1.24.0.nar-unpacked
	org.apache.nifi.services.azure.storage.ADLSCredentialsControllerServiceLookup
		org.apache.nifi:nifi-azure-nar:1.24.0 || ./work/nar/extensions/nifi-azure-nar-1.24.0.nar-unpacked
	org.apache.nifi.record.script.ScriptedReader
		org.apache.nifi:nifi-scripting-nar:1.24.0 || ./work/nar/extensions/nifi-scripting-nar-1.24.0.nar-unpacked
	org.apache.nifi.controller.kudu.KuduLookupService
		org.apache.nifi:nifi-kudu-nar:1.24.0 || ./work/nar/extensions/nifi-kudu-nar-1.24.0.nar-unpacked
	org.apache.nifi.cef.CEFReader
		org.apache.nifi:nifi-record-serialization-services-nar:1.24.0 || ./work/nar/extensions/nifi-record-serialization-services-nar-1.24.0.nar-unpacked
	org.apache.nifi.http.StandardHttpContextMap
		org.apache.nifi:nifi-http-context-map-nar:1.24.0 || ./work/nar/extensions/nifi-http-context-map-nar-1.24.0.nar-unpacked
	org.apache.nifi.dbcp.DBCPConnectionPool
		org.apache.nifi:nifi-dbcp-service-nar:1.24.0 || ./work/nar/extensions/nifi-dbcp-service-nar-1.24.0.nar-unpacked
	org.apache.nifi.distributed.cache.client.DistributedSetCacheClientService
		org.apache.nifi:nifi-distributed-cache-services-nar:1.24.0 || ./work/nar/extensions/nifi-distributed-cache-services-nar-1.24.0.nar-unpacked
	org.apache.nifi.services.azure.storage.AzureStorageEmulatorCredentialsControllerService
		org.apache.nifi:nifi-azure-nar:1.24.0 || ./work/nar/extensions/nifi-azure-nar-1.24.0.nar-unpacked
	org.apache.nifi.services.azure.StandardAzureCredentialsControllerService
		org.apache.nifi:nifi-azure-nar:1.24.0 || ./work/nar/extensions/nifi-azure-nar-1.24.0.nar-unpacked
	org.apache.nifi.grok.GrokReader
		org.apache.nifi:nifi-record-serialization-services-nar:1.24.0 || ./work/nar/extensions/nifi-record-serialization-services-nar-1.24.0.nar-unpacked
	org.apache.nifi.dbcp.DBCPConnectionPoolLookup
		org.apache.nifi:nifi-dbcp-service-nar:1.24.0 || ./work/nar/extensions/nifi-dbcp-service-nar-1.24.0.nar-unpacked
	org.apache.nifi.elasticsearch.ElasticSearchClientServiceImpl
		org.apache.nifi:nifi-elasticsearch-client-service-nar:1.24.0 || ./work/nar/extensions/nifi-elasticsearch-client-service-nar-1.24.0.nar-unpacked
	org.apache.nifi.hbase.HBase_2_RecordLookupService
		org.apache.nifi:nifi-hbase_2-client-service-nar:1.24.0 || ./work/nar/extensions/nifi-hbase_2-client-service-nar-1.24.0.nar-unpacked
	org.apache.nifi.parquet.ParquetRecordSetWriter
		org.apache.nifi:nifi-parquet-nar:1.24.0 || ./work/nar/extensions/nifi-parquet-nar-1.24.0.nar-unpacked
	org.apache.nifi.record.sink.kafka.KafkaRecordSink_1_0
		org.apache.nifi:nifi-kafka-1-0-nar:1.24.0 || ./work/nar/extensions/nifi-kafka-1-0-nar-1.24.0.nar-unpacked
	org.apache.nifi.lookup.RecordSetWriterLookup
		org.apache.nifi:nifi-record-serialization-services-nar:1.24.0 || ./work/nar/extensions/nifi-record-serialization-services-nar-1.24.0.nar-unpacked
	org.apache.nifi.couchbase.CouchbaseMapCacheClient
		org.apache.nifi:nifi-couchbase-nar:1.24.0 || ./work/nar/extensions/nifi-couchbase-nar-1.24.0.nar-unpacked
	org.apache.nifi.reporting.prometheus.PrometheusRecordSink
		org.apache.nifi:nifi-prometheus-nar:1.24.0 || ./work/nar/extensions/nifi-prometheus-nar-1.24.0.nar-unpacked
	org.apache.nifi.lookup.script.ScriptedLookupService
		org.apache.nifi:nifi-scripting-nar:1.24.0 || ./work/nar/extensions/nifi-scripting-nar-1.24.0.nar-unpacked
	org.apache.nifi.services.smb.SmbjClientProviderService
		org.apache.nifi:nifi-smb-smbj-client-nar:1.24.0 || ./work/nar/extensions/nifi-smb-smbj-client-nar-1.24.0.nar-unpacked
	org.apache.nifi.elasticsearch.ElasticSearchLookupService
		org.apache.nifi:nifi-elasticsearch-client-service-nar:1.24.0 || ./work/nar/extensions/nifi-elasticsearch-client-service-nar-1.24.0.nar-unpacked
	org.apache.nifi.services.azure.storage.AzureStorageCredentialsControllerServiceLookup
		org.apache.nifi:nifi-azure-nar:1.24.0 || ./work/nar/extensions/nifi-azure-nar-1.24.0.nar-unpacked
	org.apache.nifi.hazelcast.services.cacheclient.HazelcastMapCacheClient
		org.apache.nifi:nifi-hazelcast-services-nar:1.24.0 || ./work/nar/extensions/nifi-hazelcast-services-nar-1.24.0.nar-unpacked
	org.apache.nifi.kerberos.KerberosKeytabUserService
		org.apache.nifi:nifi-kerberos-user-service-nar:1.24.0 || ./work/nar/extensions/nifi-kerberos-user-service-nar-1.24.0.nar-unpacked
	org.apache.nifi.lookup.XMLFileLookupService
		org.apache.nifi:nifi-lookup-services-nar:1.24.0 || ./work/nar/extensions/nifi-lookup-services-nar-1.24.0.nar-unpacked
	=== End ControllerService types ===
	=== StatusHistoryRepository Type ===
	org.apache.nifi.controller.status.history.VolatileComponentStatusRepository
		org.apache.nifi:nifi-framework-nar:1.24.0 || ./work/nar/framework/nifi-framework-nar-1.24.0.nar-unpacked
	org.apache.nifi.controller.status.history.EmbeddedQuestDbStatusHistoryRepository
		org.apache.nifi:nifi-framework-nar:1.24.0 || ./work/nar/framework/nifi-framework-nar-1.24.0.nar-unpacked
	=== End StatusHistoryRepository types ===
	=== StatusAnalyticsModel Type ===
	org.apache.nifi.controller.status.analytics.models.SimpleRegression
		org.apache.nifi:nifi-framework-nar:1.24.0 || ./work/nar/framework/nifi-framework-nar-1.24.0.nar-unpacked
	org.apache.nifi.controller.status.analytics.models.OrdinaryLeastSquares
		org.apache.nifi:nifi-framework-nar:1.24.0 || ./work/nar/framework/nifi-framework-nar-1.24.0.nar-unpacked
	=== End StatusAnalyticsModel types ===
2025-10-16 11:26:25,255 INFO [main] o.a.n.f.r.CompositeExternalResourceProviderService Starting External Resource Provider Service ...
2025-10-16 11:26:25,255 INFO [main] o.a.n.f.r.CompositeExternalResourceProviderService External Resource Provider Service is started successfully
2025-10-16 11:26:25,256 INFO [main] org.apache.nifi.nar.NarAutoLoader Found 0 initial NARs from directory extensions
2025-10-16 11:26:25,259 INFO [main] org.apache.nifi.nar.NarAutoLoader Starting NAR Auto-Loader Thread for directory ./extensions ...
2025-10-16 11:26:25,260 INFO [main] org.eclipse.jetty.server.Server jetty-9.4.53.v20231009; built: 2023-10-09T12:29:09.265Z; git: 27bde00a0b95a1d5bbee0eae7984f891d2d0f8c9; jvm 11.0.21+9
2025-10-16 11:26:25,485 INFO [main] o.e.j.a.AnnotationConfiguration Scanning elapsed time=132ms
2025-10-16 11:26:25,537 INFO [main] org.eclipse.jetty.server.session DefaultSessionIdManager workerName=node0
2025-10-16 11:26:25,537 INFO [main] org.eclipse.jetty.server.session No SessionScavenger set, using defaults
2025-10-16 11:26:25,538 INFO [main] org.eclipse.jetty.server.session node0 Scavenging every 600000ms
2025-10-16 11:26:25,556 INFO [main] o.e.jetty.server.handler.ContextHandler Started o.e.j.w.WebAppContext@5018b56b{/nifi-update-attribute-ui-1.24.0,/nifi-update-attribute-ui-1.24.0,file:///opt/nifi/nifi-current/work/jetty/nifi-update-attribute-ui-1.24.0.war/webapp/,AVAILABLE}{./work/nar/extensions/nifi-update-attribute-nar-1.24.0.nar-unpacked/NAR-INF/bundled-dependencies/nifi-update-attribute-ui-1.24.0.war}
2025-10-16 11:26:25,564 INFO [main] o.e.j.a.AnnotationConfiguration Scanning elapsed time=3ms
2025-10-16 11:26:25,576 INFO [main] o.e.jetty.server.handler.ContextHandler Started o.e.j.w.WebAppContext@360a3106{nifi-image-viewer,/nifi-image-viewer-1.24.0,file:///opt/nifi/nifi-current/work/jetty/nifi-image-viewer-1.24.0.war/webapp/,AVAILABLE}{./work/nar/extensions/nifi-image-viewer-nar-1.24.0.nar-unpacked/NAR-INF/bundled-dependencies/nifi-image-viewer-1.24.0.war}
2025-10-16 11:26:25,609 INFO [main] o.e.j.a.AnnotationConfiguration Scanning elapsed time=12ms
2025-10-16 11:26:25,619 INFO [main] o.e.jetty.server.handler.ContextHandler Started o.e.j.w.WebAppContext@737ff5c4{nifi-standard-content-viewer,/nifi-standard-content-viewer-1.24.0,file:///opt/nifi/nifi-current/work/jetty/nifi-standard-content-viewer-1.24.0.war/webapp/,AVAILABLE}{./work/nar/extensions/nifi-standard-nar-1.24.0.nar-unpacked/NAR-INF/bundled-dependencies/nifi-standard-content-viewer-1.24.0.war}
2025-10-16 11:26:25,712 INFO [main] o.e.j.a.AnnotationConfiguration Scanning elapsed time=38ms
2025-10-16 11:26:25,723 INFO [main] o.e.jetty.server.handler.ContextHandler Started o.e.j.w.WebAppContext@7e9a836{/nifi-jolt-transform-json-ui-1.24.0,/nifi-jolt-transform-json-ui-1.24.0,file:///opt/nifi/nifi-current/work/jetty/nifi-jolt-transform-json-ui-1.24.0.war/webapp/,AVAILABLE}{./work/nar/extensions/nifi-standard-nar-1.24.0.nar-unpacked/NAR-INF/bundled-dependencies/nifi-jolt-transform-json-ui-1.24.0.war}
2025-10-16 11:26:25,784 INFO [main] o.e.j.a.AnnotationConfiguration Scanning elapsed time=9ms
2025-10-16 11:26:25,787 INFO [main] o.e.j.s.handler.ContextHandler._nifi No Spring WebApplicationInitializer types detected on classpath
2025-10-16 11:26:25,802 INFO [main] o.e.jetty.server.handler.ContextHandler Started o.e.j.w.WebAppContext@124ff64d{nifi,/nifi,file:///opt/nifi/nifi-current/work/jetty/nifi-web-ui-1.24.0.war/webapp/,AVAILABLE}{./work/nar/extensions/nifi-server-nar-1.24.0.nar-unpacked/NAR-INF/bundled-dependencies/nifi-web-ui-1.24.0.war}
2025-10-16 11:26:25,929 INFO [main] o.e.j.a.AnnotationConfiguration Scanning elapsed time=62ms
2025-10-16 11:26:25,935 INFO [main] o.e.j.s.handler.ContextHandler._nifi_api No Spring WebApplicationInitializer types detected on classpath
2025-10-16 11:26:25,943 INFO [main] o.e.j.s.handler.ContextHandler._nifi_api Initializing Spring root WebApplicationContext
2025-10-16 11:26:26,486 INFO [main] o.a.nifi.properties.NiFiPropertiesLoader Loading Application Properties [/opt/nifi/nifi-current/./conf/nifi.properties]
2025-10-16 11:26:27,172 INFO [main] jetbrains.exodus.env.EnvironmentImpl Exodus environment created: ./database_repository
2025-10-16 11:26:27,289 INFO [main] o.a.n.a.service.EntityStoreAuditService Environment configured with directory [./database_repository]
2025-10-16 11:26:27,559 INFO [main] o.a.n.r.v.FileBasedVariableRegistry Loaded 94 properties from system properties and environment variables
2025-10-16 11:26:27,559 INFO [main] o.a.n.r.v.FileBasedVariableRegistry Loaded a total of 94 properties.  Including precedence overrides effective accessible registry key size is 94
2025-10-16 11:26:27,741 INFO [main] o.a.n.c.r.WriteAheadFlowFileRepository Initialized FlowFile Repository
2025-10-16 11:26:27,743 INFO [main] o.apache.nifi.controller.FlowController Creating Provenance Repository [org.apache.nifi.provenance.WriteAheadProvenanceRepository]
2025-10-16 11:26:27,764 INFO [main] o.a.n.p.store.WriteAheadStorePartition After recovering ./provenance_repository, next Event ID to be generated will be 0
2025-10-16 11:26:27,765 INFO [main] o.a.n.p.index.lucene.LuceneEventIndex Will avoid re-indexing Provenance Events because the newest index is defunct, so it will be re-indexed in the background
2025-10-16 11:26:27,765 INFO [main] o.apache.nifi.controller.FlowController Creating Content Repository [org.apache.nifi.controller.repository.FileSystemRepository]
2025-10-16 11:26:27,770 INFO [main] o.a.n.c.repository.FileSystemRepository Maximum Threshold for Container default set to 127455741870 bytes; if volume exceeds this size, archived data will be deleted until it no longer exceeds this size
2025-10-16 11:26:27,770 INFO [main] o.a.n.c.repository.FileSystemRepository Initializing FileSystemRepository with 'Always Sync' set to false
2025-10-16 11:26:28,135 INFO [main] org.wali.MinimalLockingWriteAheadLog org.wali.MinimalLockingWriteAheadLog@601f58a3 finished recovering records. Performing Checkpoint to ensure proper state of Partitions before updates
2025-10-16 11:26:28,135 INFO [main] org.wali.MinimalLockingWriteAheadLog Successfully recovered 2 records in 8 milliseconds
2025-10-16 11:26:28,152 INFO [main] org.wali.MinimalLockingWriteAheadLog org.wali.MinimalLockingWriteAheadLog@601f58a3 checkpointed with 2 Records and 0 Swap Files in 17 milliseconds (Stop-the-world time = 7 milliseconds, Clear Edit Logs time = 8 millis), max Transaction ID 5
2025-10-16 11:26:30,178 INFO [main] o.s.s.web.DefaultSecurityFilterChain Will secure any request with [org.springframework.security.web.context.request.async.WebAsyncManagerIntegrationFilter@4a0d46d, org.apache.nifi.web.security.csrf.SkipReplicatedCsrfFilter@402af74, org.springframework.security.web.csrf.CsrfFilter@48d4189e, org.apache.nifi.web.security.x509.X509AuthenticationFilter@fff6f48, org.springframework.security.oauth2.server.resource.web.authentication.BearerTokenAuthenticationFilter@36b3240f, org.apache.nifi.web.security.anonymous.NiFiAnonymousAuthenticationFilter@34b28d08, org.apache.nifi.web.security.log.AuthenticationUserFilter@25daede5, org.springframework.security.web.access.ExceptionTranslationFilter@7bd9e2f7, org.springframework.security.web.access.intercept.AuthorizationFilter@2d3c799e]
2025-10-16 11:26:30,341 INFO [main] o.a.n.w.c.ApplicationStartupContextListener Starting Flow Controller...
2025-10-16 11:26:30,348 INFO [main] o.a.n.c.s.VersionedFlowSynchronizer Synchronizing FlowController with proposed flow: Controller Already Synchronized = false
2025-10-16 11:26:30,489 INFO [main] o.a.n.c.s.VersionedFlowSynchronizer In order to inherit proposed dataflow, will stop any components that will be affected by the update
2025-10-16 11:26:30,489 INFO [main] o.a.n.c.s.AffectedComponentSet Stopping the following components: AffectedComponentSet[inputPorts=[], outputPorts=[], remoteInputPorts=[], remoteOutputPorts=[], processors=[], parameterProviders=[], flowRegistryCliens=[], controllerServices=[], reportingTasks=[]]
2025-10-16 11:26:30,489 INFO [main] o.a.n.c.s.AffectedComponentSet Successfully stopped all components in 0 milliseconds
2025-10-16 11:26:30,491 INFO [main] o.a.n.wali.SequentialAccessWriteAheadLog Recovering records from Write-Ahead Log at ./flowfile_repository
2025-10-16 11:26:30,496 INFO [main] org.apache.nifi.wali.HashMapSnapshot org.apache.nifi.wali.HashMapSnapshot@78bc7456 restored 0 Records and 0 Swap Files from Snapshot, ending with Transaction ID -1
2025-10-16 11:26:30,497 INFO [main] o.a.n.wali.SequentialAccessWriteAheadLog Successfully recovered 0 records and 0 swap files from Snapshot at ./flowfile_repository/checkpoint with Max Transaction ID of -1 in 4 milliseconds. Now recovering records from 1 journal files
2025-10-16 11:26:30,499 INFO [main] o.a.nifi.wali.LengthDelimitedJournal Recovering records from journal ./flowfile_repository/journals/0.journal
2025-10-16 11:26:30,500 INFO [main] o.a.nifi.wali.LengthDelimitedJournal Successfully recovered 0 updates from journal ./flowfile_repository/journals/0.journal
2025-10-16 11:26:30,500 INFO [main] o.a.n.wali.SequentialAccessWriteAheadLog Successfully recovered 0 records in 8 milliseconds. Now checkpointing to ensure that Write-Ahead Log is in a consistent state
2025-10-16 11:26:30,502 INFO [main] o.a.n.wali.SequentialAccessWriteAheadLog Checkpointed Write-Ahead Log with 0 Records and 0 Swap Files in 1 milliseconds (Stop-the-world time = 0 milliseconds), max Transaction ID -1
2025-10-16 11:26:30,502 INFO [main] o.apache.nifi.controller.FlowController [Timer Driven] Maximum Thread Count updated [10] previous [10]
2025-10-16 11:26:30,502 INFO [main] o.apache.nifi.controller.FlowController [Event Driven] Maximum Thread Count updated [1] previous [1]
2025-10-16 11:26:30,530 INFO [main] o.a.n.f.s.StandardVersionedComponentSynchronizer Updating StandardProcessGroup[identifier=ecba9bfb-0199-1000-35f6-b3d6044d7b9b,name=NiFi Flow] to org.apache.nifi.flow.VersionedExternalFlow@12928712; there are 18 differences to take into account:
Connection with ID ecbf190d-0199-1000-7782-24a29d22209f exists in Proposed Flow but not in Currently Loaded Flow
Processor with ID ecbdae1f-0199-1000-49b3-be0d5b14ce1b exists in Proposed Flow but not in Currently Loaded Flow
Processor with ID ecc05f84-0199-1000-3197-08d7447c99f8 exists in Proposed Flow but not in Currently Loaded Flow
Processor with ID ecbc19c0-0199-1000-df2c-1dfb00b8a42a exists in Proposed Flow but not in Currently Loaded Flow
Connection with ID ecbdf03e-0199-1000-9839-1318031b3ab2 exists in Proposed Flow but not in Currently Loaded Flow
Processor with ID ecbfe9b0-0199-1000-b14b-ba021bb0c2ce exists in Proposed Flow but not in Currently Loaded Flow
Connection with ID ecc00a12-0199-1000-1931-b81585dc31ff exists in Proposed Flow but not in Currently Loaded Flow
Connection with ID ecbfdd12-0199-1000-af8d-8d86e7b538dc exists in Proposed Flow but not in Currently Loaded Flow
Controller Service with ID ecc0a197-0199-1000-e2c5-a68d66df1f0f exists in Proposed Flow but not in Currently Loaded Flow
Processor with ID ecbdc9be-0199-1000-9cbe-29d38cd766d6 exists in Proposed Flow but not in Currently Loaded Flow
Processor with ID ecbc40e6-0199-1000-5ae4-0da09556a50f exists in Proposed Flow but not in Currently Loaded Flow
Connection with ID ecc081b0-0199-1000-188a-6f2597805c3a exists in Proposed Flow but not in Currently Loaded Flow
Processor with ID ecbeebc4-0199-1000-3ca0-939978c7cb78 exists in Proposed Flow but not in Currently Loaded Flow
Controller Service with ID ecbe8761-0199-1000-4d18-946d7fe27c98 exists in Proposed Flow but not in Currently Loaded Flow
Connection with ID ecbed56b-0199-1000-5118-dcd5a234f33c exists in Proposed Flow but not in Currently Loaded Flow
Processor with ID ecbbb8b2-0199-1000-a0e3-cf16028ce496 exists in Proposed Flow but not in Currently Loaded Flow
Processor with ID ecbbdccf-0199-1000-5cee-1e19b9364109 exists in Proposed Flow but not in Currently Loaded Flow
Controller Service with ID ecbea2b7-0199-1000-e4f6-48d22f543b06 exists in Proposed Flow but not in Currently Loaded Flow
2025-10-16 11:26:30,552 INFO [main] o.a.nifi.controller.ExtensionBuilder Created Controller Service of type org.apache.nifi.dbcp.DBCPConnectionPool with identifier ecc0a197-0199-1000-e2c5-a68d66df1f0f
2025-10-16 11:26:30,560 INFO [main] o.a.nifi.groups.StandardProcessGroup StandardControllerServiceNode[service=DBCPConnectionPool[id=ecc0a197-0199-1000-e2c5-a68d66df1f0f], name=DBCPConnectionPool, active=false] added to StandardProcessGroup[identifier=ecba9bfb-0199-1000-35f6-b3d6044d7b9b,name=NiFi Flow]
2025-10-16 11:26:30,563 INFO [main] o.a.n.controller.AbstractComponentNode Updating classpath for DBCPConnectionPool with the ID ecc0a197-0199-1000-e2c5-a68d66df1f0f
2025-10-16 11:26:30,573 INFO [main] o.a.nifi.controller.ExtensionBuilder Created Controller Service of type org.apache.nifi.dbcp.DBCPConnectionPool with identifier ecc0a197-0199-1000-e2c5-a68d66df1f0f
2025-10-16 11:26:30,574 INFO [main] o.a.n.f.s.StandardVersionedComponentSynchronizer Added StandardControllerServiceNode[service=DBCPConnectionPool[id=ecc0a197-0199-1000-e2c5-a68d66df1f0f], name=DBCPConnectionPool, active=false] to StandardProcessGroup[identifier=ecba9bfb-0199-1000-35f6-b3d6044d7b9b,name=NiFi Flow]
2025-10-16 11:26:30,576 INFO [main] o.a.nifi.controller.ExtensionBuilder Created Controller Service of type org.apache.nifi.json.JsonRecordSetWriter with identifier ecbe8761-0199-1000-4d18-946d7fe27c98
2025-10-16 11:26:30,576 INFO [main] o.a.nifi.groups.StandardProcessGroup StandardControllerServiceNode[service=JsonRecordSetWriter[id=ecbe8761-0199-1000-4d18-946d7fe27c98], name=JsonRecordSetWriter, active=false] added to StandardProcessGroup[identifier=ecba9bfb-0199-1000-35f6-b3d6044d7b9b,name=NiFi Flow]
2025-10-16 11:26:30,621 INFO [main] o.a.n.f.s.StandardVersionedComponentSynchronizer Added StandardControllerServiceNode[service=JsonRecordSetWriter[id=ecbe8761-0199-1000-4d18-946d7fe27c98], name=JsonRecordSetWriter, active=false] to StandardProcessGroup[identifier=ecba9bfb-0199-1000-35f6-b3d6044d7b9b,name=NiFi Flow]
2025-10-16 11:26:30,622 INFO [main] o.a.nifi.controller.ExtensionBuilder Created Controller Service of type org.apache.nifi.csv.CSVReader with identifier ecbea2b7-0199-1000-e4f6-48d22f543b06
2025-10-16 11:26:30,622 INFO [main] o.a.nifi.groups.StandardProcessGroup StandardControllerServiceNode[service=CSVReader[id=ecbea2b7-0199-1000-e4f6-48d22f543b06], name=CSVReader, active=false] added to StandardProcessGroup[identifier=ecba9bfb-0199-1000-35f6-b3d6044d7b9b,name=NiFi Flow]
2025-10-16 11:26:30,623 INFO [main] o.a.n.f.s.StandardVersionedComponentSynchronizer Added StandardControllerServiceNode[service=CSVReader[id=ecbea2b7-0199-1000-e4f6-48d22f543b06], name=CSVReader, active=false] to StandardProcessGroup[identifier=ecba9bfb-0199-1000-35f6-b3d6044d7b9b,name=NiFi Flow]
2025-10-16 11:26:30,624 INFO [main] o.a.n.controller.AbstractComponentNode Updating classpath for DBCPConnectionPool with the ID ecc0a197-0199-1000-e2c5-a68d66df1f0f
2025-10-16 11:26:30,627 INFO [main] o.a.nifi.controller.ExtensionBuilder Created Controller Service of type org.apache.nifi.dbcp.DBCPConnectionPool with identifier ecc0a197-0199-1000-e2c5-a68d66df1f0f
2025-10-16 11:26:30,630 INFO [main] o.a.n.f.s.StandardVersionedComponentSynchronizer Updated StandardControllerServiceNode[service=JsonRecordSetWriter[id=ecbe8761-0199-1000-4d18-946d7fe27c98], name=JsonRecordSetWriter, active=false]
2025-10-16 11:26:30,630 INFO [main] o.a.n.f.s.StandardVersionedComponentSynchronizer Updated StandardControllerServiceNode[service=CSVReader[id=ecbea2b7-0199-1000-e4f6-48d22f543b06], name=CSVReader, active=false]
2025-10-16 11:26:30,631 INFO [main] o.a.n.controller.AbstractComponentNode Updating classpath for DBCPConnectionPool with the ID ecc0a197-0199-1000-e2c5-a68d66df1f0f
2025-10-16 11:26:30,635 INFO [main] o.a.nifi.controller.ExtensionBuilder Created Controller Service of type org.apache.nifi.dbcp.DBCPConnectionPool with identifier ecc0a197-0199-1000-e2c5-a68d66df1f0f
2025-10-16 11:26:30,635 INFO [main] o.a.n.f.s.StandardVersionedComponentSynchronizer Updated StandardControllerServiceNode[service=DBCPConnectionPool[id=ecc0a197-0199-1000-e2c5-a68d66df1f0f], name=DBCPConnectionPool, active=false]
2025-10-16 11:26:30,645 INFO [main] o.a.nifi.groups.StandardProcessGroup PutSQL[id=ecbdc9be-0199-1000-9cbe-29d38cd766d6] added to StandardProcessGroup[identifier=ecba9bfb-0199-1000-35f6-b3d6044d7b9b,name=NiFi Flow]
2025-10-16 11:26:30,647 INFO [main] o.a.n.f.s.StandardVersionedComponentSynchronizer Added PutSQL[id=ecbdc9be-0199-1000-9cbe-29d38cd766d6] to StandardProcessGroup[identifier=ecba9bfb-0199-1000-35f6-b3d6044d7b9b,name=NiFi Flow]
2025-10-16 11:26:30,648 INFO [main] o.a.nifi.groups.StandardProcessGroup ConvertJSONToSQL[id=ecbdae1f-0199-1000-49b3-be0d5b14ce1b] added to StandardProcessGroup[identifier=ecba9bfb-0199-1000-35f6-b3d6044d7b9b,name=NiFi Flow]
2025-10-16 11:26:30,649 INFO [main] o.a.n.f.s.StandardVersionedComponentSynchronizer Added ConvertJSONToSQL[id=ecbdae1f-0199-1000-49b3-be0d5b14ce1b] to StandardProcessGroup[identifier=ecba9bfb-0199-1000-35f6-b3d6044d7b9b,name=NiFi Flow]
2025-10-16 11:26:30,649 INFO [main] o.a.nifi.groups.StandardProcessGroup SplitJson[id=ecbc40e6-0199-1000-5ae4-0da09556a50f] added to StandardProcessGroup[identifier=ecba9bfb-0199-1000-35f6-b3d6044d7b9b,name=NiFi Flow]
2025-10-16 11:26:30,650 INFO [main] o.a.n.f.s.StandardVersionedComponentSynchronizer Added SplitJson[id=ecbc40e6-0199-1000-5ae4-0da09556a50f] to StandardProcessGroup[identifier=ecba9bfb-0199-1000-35f6-b3d6044d7b9b,name=NiFi Flow]
2025-10-16 11:26:30,650 INFO [main] o.a.nifi.groups.StandardProcessGroup ConvertRecord[id=ecbc19c0-0199-1000-df2c-1dfb00b8a42a] added to StandardProcessGroup[identifier=ecba9bfb-0199-1000-35f6-b3d6044d7b9b,name=NiFi Flow]
2025-10-16 11:26:30,650 INFO [main] o.a.n.f.s.StandardVersionedComponentSynchronizer Added ConvertRecord[id=ecbc19c0-0199-1000-df2c-1dfb00b8a42a] to StandardProcessGroup[identifier=ecba9bfb-0199-1000-35f6-b3d6044d7b9b,name=NiFi Flow]
2025-10-16 11:26:30,651 INFO [main] o.a.nifi.groups.StandardProcessGroup LogAttribute[id=ecbbdccf-0199-1000-5cee-1e19b9364109] added to StandardProcessGroup[identifier=ecba9bfb-0199-1000-35f6-b3d6044d7b9b,name=NiFi Flow]
2025-10-16 11:26:30,651 INFO [main] o.a.n.f.s.StandardVersionedComponentSynchronizer Added LogAttribute[id=ecbbdccf-0199-1000-5cee-1e19b9364109] to StandardProcessGroup[identifier=ecba9bfb-0199-1000-35f6-b3d6044d7b9b,name=NiFi Flow]
2025-10-16 11:26:30,651 INFO [main] o.a.nifi.groups.StandardProcessGroup LogAttribute[id=ecbfe9b0-0199-1000-b14b-ba021bb0c2ce] added to StandardProcessGroup[identifier=ecba9bfb-0199-1000-35f6-b3d6044d7b9b,name=NiFi Flow]
2025-10-16 11:26:30,652 INFO [main] o.a.n.f.s.StandardVersionedComponentSynchronizer Added LogAttribute[id=ecbfe9b0-0199-1000-b14b-ba021bb0c2ce] to StandardProcessGroup[identifier=ecba9bfb-0199-1000-35f6-b3d6044d7b9b,name=NiFi Flow]
2025-10-16 11:26:30,652 INFO [main] o.a.nifi.groups.StandardProcessGroup LogAttribute[id=ecc05f84-0199-1000-3197-08d7447c99f8] added to StandardProcessGroup[identifier=ecba9bfb-0199-1000-35f6-b3d6044d7b9b,name=NiFi Flow]
2025-10-16 11:26:30,652 INFO [main] o.a.n.f.s.StandardVersionedComponentSynchronizer Added LogAttribute[id=ecc05f84-0199-1000-3197-08d7447c99f8] to StandardProcessGroup[identifier=ecba9bfb-0199-1000-35f6-b3d6044d7b9b,name=NiFi Flow]
2025-10-16 11:26:30,652 INFO [main] o.a.nifi.groups.StandardProcessGroup LogAttribute[id=ecbeebc4-0199-1000-3ca0-939978c7cb78] added to StandardProcessGroup[identifier=ecba9bfb-0199-1000-35f6-b3d6044d7b9b,name=NiFi Flow]
2025-10-16 11:26:30,652 INFO [main] o.a.n.f.s.StandardVersionedComponentSynchronizer Added LogAttribute[id=ecbeebc4-0199-1000-3ca0-939978c7cb78] to StandardProcessGroup[identifier=ecba9bfb-0199-1000-35f6-b3d6044d7b9b,name=NiFi Flow]
2025-10-16 11:26:30,653 INFO [main] o.a.nifi.groups.StandardProcessGroup GetFile[id=ecbbb8b2-0199-1000-a0e3-cf16028ce496] added to StandardProcessGroup[identifier=ecba9bfb-0199-1000-35f6-b3d6044d7b9b,name=NiFi Flow]
2025-10-16 11:26:30,653 INFO [main] o.a.n.f.s.StandardVersionedComponentSynchronizer Added GetFile[id=ecbbb8b2-0199-1000-a0e3-cf16028ce496] to StandardProcessGroup[identifier=ecba9bfb-0199-1000-35f6-b3d6044d7b9b,name=NiFi Flow]
2025-10-16 11:26:30,660 INFO [main] o.a.n.f.s.StandardVersionedComponentSynchronizer Added Connection[ID=ecc081b0-0199-1000-188a-6f2597805c3a, Source ID=ecbdae1f-0199-1000-49b3-be0d5b14ce1b, Dest ID=ecc05f84-0199-1000-3197-08d7447c99f8] to StandardProcessGroup[identifier=ecba9bfb-0199-1000-35f6-b3d6044d7b9b,name=NiFi Flow]
2025-10-16 11:26:30,661 INFO [main] o.a.n.f.s.StandardVersionedComponentSynchronizer Added Connection[ID=ecc00a12-0199-1000-1931-b81585dc31ff, Source ID=ecbc40e6-0199-1000-5ae4-0da09556a50f, Dest ID=ecbfe9b0-0199-1000-b14b-ba021bb0c2ce] to StandardProcessGroup[identifier=ecba9bfb-0199-1000-35f6-b3d6044d7b9b,name=NiFi Flow]
2025-10-16 11:26:30,661 INFO [main] o.a.n.f.s.StandardVersionedComponentSynchronizer Added Connection[ID=ecbed56b-0199-1000-5118-dcd5a234f33c, Source ID=ecbc19c0-0199-1000-df2c-1dfb00b8a42a, Dest ID=ecbc40e6-0199-1000-5ae4-0da09556a50f] to StandardProcessGroup[identifier=ecba9bfb-0199-1000-35f6-b3d6044d7b9b,name=NiFi Flow]
2025-10-16 11:26:30,661 INFO [main] o.a.n.f.s.StandardVersionedComponentSynchronizer Added Connection[ID=ecbdf03e-0199-1000-9839-1318031b3ab2, Source ID=ecbbb8b2-0199-1000-a0e3-cf16028ce496, Dest ID=ecbc19c0-0199-1000-df2c-1dfb00b8a42a] to StandardProcessGroup[identifier=ecba9bfb-0199-1000-35f6-b3d6044d7b9b,name=NiFi Flow]
2025-10-16 11:26:30,662 INFO [main] o.a.n.f.s.StandardVersionedComponentSynchronizer Added Connection[ID=ecbf190d-0199-1000-7782-24a29d22209f, Source ID=ecbc19c0-0199-1000-df2c-1dfb00b8a42a, Dest ID=ecbeebc4-0199-1000-3ca0-939978c7cb78] to StandardProcessGroup[identifier=ecba9bfb-0199-1000-35f6-b3d6044d7b9b,name=NiFi Flow]
2025-10-16 11:26:30,662 INFO [main] o.a.n.f.s.StandardVersionedComponentSynchronizer Added Connection[ID=ecbfdd12-0199-1000-af8d-8d86e7b538dc, Source ID=ecbc40e6-0199-1000-5ae4-0da09556a50f, Dest ID=ecbdae1f-0199-1000-49b3-be0d5b14ce1b] to StandardProcessGroup[identifier=ecba9bfb-0199-1000-35f6-b3d6044d7b9b,name=NiFi Flow]
2025-10-16 11:26:30,663 INFO [main] o.a.n.c.s.StandardProcessScheduler Enabling StandardControllerServiceNode[service=JsonRecordSetWriter[id=ecbe8761-0199-1000-4d18-946d7fe27c98], name=JsonRecordSetWriter, active=false]
2025-10-16 11:26:30,666 INFO [main] o.a.n.c.s.StandardProcessScheduler Enabling StandardControllerServiceNode[service=CSVReader[id=ecbea2b7-0199-1000-e4f6-48d22f543b06], name=CSVReader, active=false]
2025-10-16 11:26:30,667 INFO [Timer-Driven Process Thread-1] o.a.n.c.s.StandardControllerServiceNode Successfully enabled StandardControllerServiceNode[service=JsonRecordSetWriter[id=ecbe8761-0199-1000-4d18-946d7fe27c98], name=JsonRecordSetWriter, active=true]
2025-10-16 11:26:30,717 INFO [Timer-Driven Process Thread-2] o.a.n.c.s.StandardControllerServiceNode Successfully enabled StandardControllerServiceNode[service=CSVReader[id=ecbea2b7-0199-1000-e4f6-48d22f543b06], name=CSVReader, active=true]
2025-10-16 11:26:30,723 INFO [main] o.a.n.c.s.AffectedComponentSet Starting the following components: AffectedComponentSet[inputPorts=[], outputPorts=[], remoteInputPorts=[], remoteOutputPorts=[], processors=[], parameterProviders=[], flowRegistryCliens=[], controllerServices=[], reportingTasks=[]]
2025-10-16 11:26:30,719 INFO [main] o.a.n.c.s.VersionedFlowSynchronizer Successfully synchronized dataflow with the proposed flow in 371 millis
2025-10-16 11:26:30,719 INFO [main] o.apache.nifi.controller.FlowController Successfully synchronized controller with proposed flow. Flow contains the following number of components: {Processors=9, Controller Services=3, Reporting Tasks=0, Process Groups=0, Remote Process Groups=0, Parameter Providers=0, Flow Registry Clients=0, Local Input Ports=0, Local Output Ports=0, Public Input Ports=0, Public Output Ports=0}
2025-10-16 11:26:30,722 INFO [main] o.a.n.c.r.WriteAheadFlowFileRepository Successfully restored 0 FlowFiles and 0 Swap Files
2025-10-16 11:26:30,886 INFO [main] o.apache.nifi.controller.FlowController Performed initial validation of all components in 13 milliseconds
2025-10-16 11:26:30,887 INFO [main] o.apache.nifi.controller.FlowController Starting 0 processors/ports/funnels
2025-10-16 11:26:30,887 INFO [main] o.apache.nifi.controller.FlowController Started 0 Remote Group Ports transmitting
2025-10-16 11:26:30,887 INFO [main] o.a.n.w.c.ApplicationStartupContextListener Flow Controller started successfully.
2025-10-16 11:26:31,778 INFO [main] o.e.jetty.server.handler.ContextHandler Started o.e.j.w.WebAppContext@75aa7703{nifi-api,/nifi-api,file:///opt/nifi/nifi-current/work/jetty/nifi-web-api-1.24.0.war/webapp/,AVAILABLE}{./work/nar/extensions/nifi-server-nar-1.24.0.nar-unpacked/NAR-INF/bundled-dependencies/nifi-web-api-1.24.0.war}
2025-10-16 11:26:32,052 INFO [main] o.e.j.a.AnnotationConfiguration Scanning elapsed time=84ms
2025-10-16 11:26:32,053 INFO [main] o.e.j.s.h.C._nifi_content_viewer No Spring WebApplicationInitializer types detected on classpath
2025-10-16 11:26:32,067 INFO [main] o.e.jetty.server.handler.ContextHandler Started o.e.j.w.WebAppContext@79777da7{nifi-content-viewer,/nifi-content-viewer,file:///opt/nifi/nifi-current/work/jetty/nifi-web-content-viewer-1.24.0.war/webapp/,AVAILABLE}{./work/nar/extensions/nifi-server-nar-1.24.0.nar-unpacked/NAR-INF/bundled-dependencies/nifi-web-content-viewer-1.24.0.war}
2025-10-16 11:26:32,076 INFO [main] o.e.j.a.AnnotationConfiguration Scanning elapsed time=3ms
2025-10-16 11:26:32,076 INFO [main] o.e.j.s.h.ContextHandler._nifi_docs No Spring WebApplicationInitializer types detected on classpath
2025-10-16 11:26:32,084 INFO [main] o.e.jetty.server.handler.ContextHandler Started o.e.j.w.WebAppContext@3395c2a7{nifi-docs,/nifi-docs,file:///opt/nifi/nifi-current/work/jetty/nifi-web-docs-1.24.0.war/webapp/,AVAILABLE}{./work/nar/extensions/nifi-server-nar-1.24.0.nar-unpacked/NAR-INF/bundled-dependencies/nifi-web-docs-1.24.0.war}
2025-10-16 11:26:32,091 INFO [main] o.e.j.a.AnnotationConfiguration Scanning elapsed time=2ms
2025-10-16 11:26:32,098 INFO [main] o.e.j.server.handler.ContextHandler._ No Spring WebApplicationInitializer types detected on classpath
2025-10-16 11:26:32,099 INFO [main] o.e.jetty.server.handler.ContextHandler Started o.e.j.w.WebAppContext@5e05a706{nifi-error,/,file:///opt/nifi/nifi-current/work/jetty/nifi-web-error-1.24.0.war/webapp/,AVAILABLE}{./work/nar/extensions/nifi-server-nar-1.24.0.nar-unpacked/NAR-INF/bundled-dependencies/nifi-web-error-1.24.0.war}
2025-10-16 11:26:32,109 INFO [main] o.eclipse.jetty.server.AbstractConnector Started ServerConnector@391dfe7c{HTTP/1.1, (http/1.1)}{0.0.0.0:8080}
2025-10-16 11:26:32,110 INFO [main] org.eclipse.jetty.server.Server Started @15264ms
2025-10-16 11:26:32,120 INFO [main] org.apache.nifi.web.server.JettyServer NiFi has started. The UI is available at the following URLs:
2025-10-16 11:26:32,120 INFO [main] org.apache.nifi.web.server.JettyServer http://0.0.0.0:8080/nifi
2025-10-16 11:26:32,139 INFO [main] org.apache.nifi.BootstrapListener Successfully initiated communication with Bootstrap
2025-10-16 11:26:32,139 INFO [main] org.apache.nifi.NiFi Started Application Controller in 9.247 seconds (9247061004 ns)
2025-10-16 11:26:43,236 INFO [NiFi Web Server-25] o.a.n.c.s.StandardProcessScheduler Enabling StandardControllerServiceNode[service=DBCPConnectionPool[id=ecc0a197-0199-1000-e2c5-a68d66df1f0f], name=DBCPConnectionPool, active=false]
2025-10-16 11:26:43,262 INFO [Timer-Driven Process Thread-8] o.a.n.c.s.StandardControllerServiceNode Successfully enabled StandardControllerServiceNode[service=DBCPConnectionPool[id=ecc0a197-0199-1000-e2c5-a68d66df1f0f], name=DBCPConnectionPool, active=true]
2025-10-16 11:26:43,446 INFO [Flow Service Tasks Thread-2] o.a.nifi.controller.StandardFlowService Saved flow controller org.apache.nifi.controller.FlowController@116ae567 // Another save pending = false
2025-10-16 11:26:50,732 INFO [pool-7-thread-1] o.a.n.c.r.WriteAheadFlowFileRepository Initiating checkpoint of FlowFile Repository
2025-10-16 11:26:50,736 INFO [pool-7-thread-1] o.a.n.c.r.WriteAheadFlowFileRepository Successfully checkpointed FlowFile Repository with 0 records in 2 milliseconds
2025-10-16 11:26:55,539 INFO [Flow Service Tasks Thread-1] o.a.nifi.controller.StandardFlowService Saved flow controller org.apache.nifi.controller.FlowController@116ae567 // Another save pending = false
2025-10-16 11:27:01,110 INFO [Flow Service Tasks Thread-1] o.a.nifi.controller.StandardFlowService Saved flow controller org.apache.nifi.controller.FlowController@116ae567 // Another save pending = false
2025-10-16 11:27:02,166 INFO [Flow Service Tasks Thread-1] o.a.nifi.controller.StandardFlowService Saved flow controller org.apache.nifi.controller.FlowController@116ae567 // Another save pending = false
2025-10-16 11:27:04,710 INFO [Flow Service Tasks Thread-1] o.a.nifi.controller.StandardFlowService Saved flow controller org.apache.nifi.controller.FlowController@116ae567 // Another save pending = false
2025-10-16 11:27:10,748 INFO [pool-7-thread-1] o.a.n.c.r.WriteAheadFlowFileRepository Initiating checkpoint of FlowFile Repository
2025-10-16 11:27:10,749 INFO [pool-7-thread-1] o.a.n.c.r.WriteAheadFlowFileRepository Successfully checkpointed FlowFile Repository with 0 records in 0 milliseconds
2025-10-16 11:27:11,785 INFO [Flow Service Tasks Thread-2] o.a.nifi.controller.StandardFlowService Saved flow controller org.apache.nifi.controller.FlowController@116ae567 // Another save pending = false
2025-10-16 11:27:19,853 INFO [Flow Service Tasks Thread-1] o.a.nifi.controller.StandardFlowService Saved flow controller org.apache.nifi.controller.FlowController@116ae567 // Another save pending = false
2025-10-16 11:27:21,883 INFO [Flow Service Tasks Thread-1] o.a.nifi.controller.StandardFlowService Saved flow controller org.apache.nifi.controller.FlowController@116ae567 // Another save pending = false
2025-10-16 11:27:23,557 INFO [NiFi Web Server-73] o.a.nifi.groups.StandardProcessGroup LogAttribute[id=ecc64f65-0199-1000-4c54-54f9bea4096b] added to StandardProcessGroup[identifier=ecba9bfb-0199-1000-35f6-b3d6044d7b9b,name=NiFi Flow]
2025-10-16 11:27:23,911 INFO [Flow Service Tasks Thread-1] o.a.nifi.controller.StandardFlowService Saved flow controller org.apache.nifi.controller.FlowController@116ae567 // Another save pending = false
2025-10-16 11:27:24,944 INFO [Flow Service Tasks Thread-1] o.a.nifi.controller.StandardFlowService Saved flow controller org.apache.nifi.controller.FlowController@116ae567 // Another save pending = false
2025-10-16 11:27:28,359 INFO [Cleanup Archive for default] o.a.n.c.repository.FileSystemRepository Successfully deleted 0 files (0 bytes) from archive
2025-10-16 11:27:28,360 INFO [Cleanup Archive for default] o.a.n.c.repository.FileSystemRepository Archive cleanup completed for container default; will now allow writing to this container. Bytes used = 176.26 GB, bytes free = 52.01 GB, capacity = 228.27 GB
2025-10-16 11:27:30,751 INFO [pool-7-thread-1] o.a.n.c.r.WriteAheadFlowFileRepository Initiating checkpoint of FlowFile Repository
2025-10-16 11:27:30,753 INFO [pool-7-thread-1] o.a.n.c.r.WriteAheadFlowFileRepository Successfully checkpointed FlowFile Repository with 0 records in 0 milliseconds
2025-10-16 11:27:39,082 INFO [Flow Service Tasks Thread-2] o.a.nifi.controller.StandardFlowService Saved flow controller org.apache.nifi.controller.FlowController@116ae567 // Another save pending = false
2025-10-16 11:27:50,755 INFO [pool-7-thread-1] o.a.n.c.r.WriteAheadFlowFileRepository Initiating checkpoint of FlowFile Repository
2025-10-16 11:27:50,757 INFO [pool-7-thread-1] o.a.n.c.r.WriteAheadFlowFileRepository Successfully checkpointed FlowFile Repository with 0 records in 0 milliseconds
2025-10-16 11:27:52,681 INFO [Flow Service Tasks Thread-2] o.a.nifi.controller.StandardFlowService Saved flow controller org.apache.nifi.controller.FlowController@116ae567 // Another save pending = false
2025-10-16 11:28:10,756 INFO [pool-7-thread-1] o.a.n.c.r.WriteAheadFlowFileRepository Initiating checkpoint of FlowFile Repository
2025-10-16 11:28:10,758 INFO [pool-7-thread-1] o.a.n.c.r.WriteAheadFlowFileRepository Successfully checkpointed FlowFile Repository with 0 records in 0 milliseconds
2025-10-16 11:28:28,200 INFO [Write-Ahead Local State Provider Maintenance] org.wali.MinimalLockingWriteAheadLog org.wali.MinimalLockingWriteAheadLog@601f58a3 checkpointed with 2 Records and 0 Swap Files in 42 milliseconds (Stop-the-world time = 30 milliseconds, Clear Edit Logs time = 8 millis), max Transaction ID 7
2025-10-16 11:28:28,602 INFO [Cleanup Archive for default] o.a.n.c.repository.FileSystemRepository Successfully deleted 0 files (0 bytes) from archive
2025-10-16 11:28:28,602 INFO [Cleanup Archive for default] o.a.n.c.repository.FileSystemRepository Archive cleanup completed for container default; will now allow writing to this container. Bytes used = 176.26 GB, bytes free = 52.01 GB, capacity = 228.27 GB
2025-10-16 11:28:30,761 INFO [pool-7-thread-1] o.a.n.c.r.WriteAheadFlowFileRepository Initiating checkpoint of FlowFile Repository
2025-10-16 11:28:30,762 INFO [pool-7-thread-1] o.a.n.c.r.WriteAheadFlowFileRepository Successfully checkpointed FlowFile Repository with 0 records in 0 milliseconds
2025-10-16 11:28:37,737 INFO [NiFi Web Server-74] o.a.n.c.s.StandardProcessScheduler Starting PutSQL[id=ecbdc9be-0199-1000-9cbe-29d38cd766d6]
2025-10-16 11:28:37,737 INFO [NiFi Web Server-74] o.a.n.controller.StandardProcessorNode Starting PutSQL[id=ecbdc9be-0199-1000-9cbe-29d38cd766d6]
2025-10-16 11:28:37,747 INFO [NiFi Web Server-23] o.a.n.c.s.StandardProcessScheduler Starting SplitJson[id=ecbc40e6-0199-1000-5ae4-0da09556a50f]
2025-10-16 11:28:37,747 INFO [NiFi Web Server-23] o.a.n.controller.StandardProcessorNode Starting SplitJson[id=ecbc40e6-0199-1000-5ae4-0da09556a50f]
2025-10-16 11:28:37,753 INFO [NiFi Web Server-78] o.a.n.c.s.StandardProcessScheduler Starting LogAttribute[id=ecbeebc4-0199-1000-3ca0-939978c7cb78]
2025-10-16 11:28:37,754 INFO [NiFi Web Server-78] o.a.n.controller.StandardProcessorNode Starting LogAttribute[id=ecbeebc4-0199-1000-3ca0-939978c7cb78]
2025-10-16 11:28:37,760 INFO [NiFi Web Server-26] o.a.n.c.s.StandardProcessScheduler Starting GetFile[id=ecbbb8b2-0199-1000-a0e3-cf16028ce496]
2025-10-16 11:28:37,760 INFO [NiFi Web Server-26] o.a.n.controller.StandardProcessorNode Starting GetFile[id=ecbbb8b2-0199-1000-a0e3-cf16028ce496]
2025-10-16 11:28:37,769 INFO [Timer-Driven Process Thread-5] o.a.n.c.s.TimerDrivenSchedulingAgent Scheduled LogAttribute[id=ecbeebc4-0199-1000-3ca0-939978c7cb78] to run with 1 threads
2025-10-16 11:28:37,769 INFO [Timer-Driven Process Thread-7] o.a.n.c.s.TimerDrivenSchedulingAgent Scheduled GetFile[id=ecbbb8b2-0199-1000-a0e3-cf16028ce496] to run with 1 threads
2025-10-16 11:28:37,773 INFO [NiFi Web Server-75] o.a.n.c.s.StandardProcessScheduler Starting LogAttribute[id=ecbfe9b0-0199-1000-b14b-ba021bb0c2ce]
2025-10-16 11:28:37,773 INFO [NiFi Web Server-75] o.a.n.controller.StandardProcessorNode Starting LogAttribute[id=ecbfe9b0-0199-1000-b14b-ba021bb0c2ce]
2025-10-16 11:28:37,774 INFO [Timer-Driven Process Thread-6] o.a.n.c.s.TimerDrivenSchedulingAgent Scheduled LogAttribute[id=ecbfe9b0-0199-1000-b14b-ba021bb0c2ce] to run with 1 threads
2025-10-16 11:28:37,779 INFO [NiFi Web Server-76] o.a.n.c.s.StandardProcessScheduler Starting ConvertJSONToSQL[id=ecbdae1f-0199-1000-49b3-be0d5b14ce1b]
2025-10-16 11:28:37,780 INFO [NiFi Web Server-76] o.a.n.controller.StandardProcessorNode Starting ConvertJSONToSQL[id=ecbdae1f-0199-1000-49b3-be0d5b14ce1b]
2025-10-16 11:28:37,787 INFO [NiFi Web Server-28] o.a.n.c.s.StandardProcessScheduler Starting ConvertRecord[id=ecbc19c0-0199-1000-df2c-1dfb00b8a42a]
2025-10-16 11:28:37,787 INFO [NiFi Web Server-28] o.a.n.controller.StandardProcessorNode Starting ConvertRecord[id=ecbc19c0-0199-1000-df2c-1dfb00b8a42a]
2025-10-16 11:28:37,789 INFO [Timer-Driven Process Thread-4] o.a.n.c.s.TimerDrivenSchedulingAgent Scheduled ConvertRecord[id=ecbc19c0-0199-1000-df2c-1dfb00b8a42a] to run with 1 threads
2025-10-16 11:28:37,791 INFO [NiFi Web Server-73] o.a.n.c.s.StandardProcessScheduler Starting LogAttribute[id=ecbbdccf-0199-1000-5cee-1e19b9364109]
2025-10-16 11:28:37,791 INFO [NiFi Web Server-73] o.a.n.controller.StandardProcessorNode Starting LogAttribute[id=ecbbdccf-0199-1000-5cee-1e19b9364109]
2025-10-16 11:28:37,792 INFO [Timer-Driven Process Thread-3] o.a.n.c.s.TimerDrivenSchedulingAgent Scheduled LogAttribute[id=ecbbdccf-0199-1000-5cee-1e19b9364109] to run with 1 threads
2025-10-16 11:28:37,794 INFO [Timer-Driven Process Thread-7] o.a.n.c.s.TimerDrivenSchedulingAgent Scheduled ConvertJSONToSQL[id=ecbdae1f-0199-1000-49b3-be0d5b14ce1b] to run with 1 threads
2025-10-16 11:28:37,794 INFO [NiFi Web Server-26] o.a.n.c.s.StandardProcessScheduler Starting LogAttribute[id=ecc64f65-0199-1000-4c54-54f9bea4096b]
2025-10-16 11:28:37,794 INFO [NiFi Web Server-26] o.a.n.controller.StandardProcessorNode Starting LogAttribute[id=ecc64f65-0199-1000-4c54-54f9bea4096b]
2025-10-16 11:28:37,796 INFO [Timer-Driven Process Thread-5] o.a.n.c.s.TimerDrivenSchedulingAgent Scheduled LogAttribute[id=ecc64f65-0199-1000-4c54-54f9bea4096b] to run with 1 threads
2025-10-16 11:28:37,798 INFO [NiFi Web Server-23] o.a.n.c.s.StandardProcessScheduler Starting LogAttribute[id=ecc05f84-0199-1000-3197-08d7447c99f8]
2025-10-16 11:28:37,798 INFO [NiFi Web Server-23] o.a.n.controller.StandardProcessorNode Starting LogAttribute[id=ecc05f84-0199-1000-3197-08d7447c99f8]
2025-10-16 11:28:37,799 INFO [Timer-Driven Process Thread-7] o.a.n.c.s.TimerDrivenSchedulingAgent Scheduled LogAttribute[id=ecc05f84-0199-1000-3197-08d7447c99f8] to run with 1 threads
2025-10-16 11:28:37,817 INFO [Timer-Driven Process Thread-9] o.a.n.c.s.TimerDrivenSchedulingAgent Scheduled PutSQL[id=ecbdc9be-0199-1000-9cbe-29d38cd766d6] to run with 1 threads
2025-10-16 11:28:38,058 INFO [Flow Service Tasks Thread-1] o.a.nifi.controller.StandardFlowService Saved flow controller org.apache.nifi.controller.FlowController@116ae567 // Another save pending = false
2025-10-16 11:28:38,087 INFO [Timer-Driven Process Thread-10] o.a.n.c.s.TimerDrivenSchedulingAgent Scheduled SplitJson[id=ecbc40e6-0199-1000-5ae4-0da09556a50f] to run with 1 threads
2025-10-16 11:28:38,192 INFO [Timer-Driven Process Thread-9] o.a.n.processors.standard.LogAttribute LogAttribute[id=ecbfe9b0-0199-1000-b14b-ba021bb0c2ce] logging for flow file StandardFlowFileRecord[uuid=417bfc39-21aa-49ec-90ba-ef88df2d4943,claim=StandardContentClaim [resourceClaim=StandardResourceClaim[id=1760614117828-1, container=default, section=1], offset=548, length=1233],offset=0,name=2025-10-16_14:28:20_car.csv,size=1233]
--------------------------------------------------
FlowFile Properties
Key: 'entryDate'
	Value: 'Thu Oct 16 11:28:37 UTC 2025'
Key: 'lineageStartDate'
	Value: 'Thu Oct 16 11:28:37 UTC 2025'
Key: 'fileSize'
	Value: '1233'
FlowFile Attribute Map Content
Key: 'absolute.path'
	Value: '/data/'
Key: 'file.creationTime'
	Value: '2025-10-16T11:28:20+0000'
Key: 'file.group'
	Value: 'nifi'
Key: 'file.lastAccessTime'
	Value: '2025-10-16T11:28:22+0000'
Key: 'file.lastModifiedTime'
	Value: '2025-10-16T11:28:20+0000'
Key: 'file.owner'
	Value: 'nifi'
Key: 'file.permissions'
	Value: 'rw-r--r--'
Key: 'filename'
	Value: '2025-10-16_14:28:20_car.csv'
Key: 'fragment.count'
	Value: '10'
Key: 'fragment.identifier'
	Value: 'af4ecc7c-1d30-4efd-8a20-8a64bbd1afb5'
Key: 'mime.type'
	Value: 'application/json'
Key: 'path'
	Value: '/'
Key: 'record.count'
	Value: '10'
Key: 'uuid'
	Value: '417bfc39-21aa-49ec-90ba-ef88df2d4943'
--------------------------------------------------
2025-10-16 11:28:38,274 ERROR [Timer-Driven Process Thread-5] o.a.n.p.standard.ConvertJSONToSQL ConvertJSONToSQL[id=ecbdae1f-0199-1000-49b3-be0d5b14ce1b] Failed to convert StandardFlowFileRecord[uuid=78b1f601-34b2-4923-b9be-090bae73ba2a,claim=StandardContentClaim [resourceClaim=StandardResourceClaim[id=1760614117828-1, container=default, section=1], offset=1781, length=118],offset=0,name=2025-10-16_14:28:20_car.csv,size=118] into a SQL statement due to org.apache.nifi.processor.exception.ProcessException: java.sql.SQLException: Cannot create PoolableConnectionFactory (FATAL: database "postgres_db
" does not exist); routing to failure
org.apache.nifi.processor.exception.ProcessException: java.sql.SQLException: Cannot create PoolableConnectionFactory (FATAL: database "postgres_db
" does not exist)
	at org.apache.nifi.dbcp.AbstractDBCPConnectionPool.getConnection(AbstractDBCPConnectionPool.java:245)
	at org.apache.nifi.dbcp.AbstractDBCPConnectionPool.getConnection(AbstractDBCPConnectionPool.java:222)
	at org.apache.nifi.dbcp.DBCPService.getConnection(DBCPService.java:55)
	at java.base/jdk.internal.reflect.NativeMethodAccessorImpl.invoke0(Native Method)
	at java.base/jdk.internal.reflect.NativeMethodAccessorImpl.invoke(Unknown Source)
	at java.base/jdk.internal.reflect.DelegatingMethodAccessorImpl.invoke(Unknown Source)
	at java.base/java.lang.reflect.Method.invoke(Unknown Source)
	at org.apache.nifi.controller.service.StandardControllerServiceInvocationHandler.invoke(StandardControllerServiceInvocationHandler.java:254)
	at org.apache.nifi.controller.service.StandardControllerServiceInvocationHandler.invoke(StandardControllerServiceInvocationHandler.java:105)
	at com.sun.proxy.$Proxy107.getConnection(Unknown Source)
	at org.apache.nifi.processors.standard.ConvertJSONToSQL.lambda$onTrigger$0(ConvertJSONToSQL.java:323)
	at com.github.benmanes.caffeine.cache.BoundedLocalCache.lambda$doComputeIfAbsent$14(BoundedLocalCache.java:2406)
	at java.base/java.util.concurrent.ConcurrentHashMap.compute(Unknown Source)
	at com.github.benmanes.caffeine.cache.BoundedLocalCache.doComputeIfAbsent(BoundedLocalCache.java:2404)
	at com.github.benmanes.caffeine.cache.BoundedLocalCache.computeIfAbsent(BoundedLocalCache.java:2387)
	at com.github.benmanes.caffeine.cache.LocalCache.computeIfAbsent(LocalCache.java:108)
	at com.github.benmanes.caffeine.cache.LocalManualCache.get(LocalManualCache.java:62)
	at org.apache.nifi.processors.standard.ConvertJSONToSQL.onTrigger(ConvertJSONToSQL.java:321)
	at org.apache.nifi.processor.AbstractProcessor.onTrigger(AbstractProcessor.java:27)
	at org.apache.nifi.controller.StandardProcessorNode.onTrigger(StandardProcessorNode.java:1361)
	at org.apache.nifi.controller.tasks.ConnectableTask.invoke(ConnectableTask.java:247)
	at org.apache.nifi.controller.scheduling.TimerDrivenSchedulingAgent$1.run(TimerDrivenSchedulingAgent.java:102)
	at org.apache.nifi.engine.FlowEngine$2.run(FlowEngine.java:110)
	at java.base/java.util.concurrent.Executors$RunnableAdapter.call(Unknown Source)
	at java.base/java.util.concurrent.FutureTask.runAndReset(Unknown Source)
	at java.base/java.util.concurrent.ScheduledThreadPoolExecutor$ScheduledFutureTask.run(Unknown Source)
	at java.base/java.util.concurrent.ThreadPoolExecutor.runWorker(Unknown Source)
	at java.base/java.util.concurrent.ThreadPoolExecutor$Worker.run(Unknown Source)
	at java.base/java.lang.Thread.run(Unknown Source)
Caused by: java.sql.SQLException: Cannot create PoolableConnectionFactory (FATAL: database "postgres_db
" does not exist)
	at org.apache.commons.dbcp2.BasicDataSource.createPoolableConnectionFactory(BasicDataSource.java:633)
	at org.apache.commons.dbcp2.BasicDataSource.createDataSource(BasicDataSource.java:535)
	at org.apache.commons.dbcp2.BasicDataSource.getConnection(BasicDataSource.java:711)
	at org.apache.nifi.dbcp.AbstractDBCPConnectionPool.getConnection(AbstractDBCPConnectionPool.java:232)
	... 28 common frames omitted
Caused by: org.postgresql.util.PSQLException: FATAL: database "postgres_db
" does not exist
	at org.postgresql.core.v3.QueryExecutorImpl.receiveErrorResponse(QueryExecutorImpl.java:2725)
	at org.postgresql.core.v3.QueryExecutorImpl.readStartupMessages(QueryExecutorImpl.java:2837)
	at org.postgresql.core.v3.QueryExecutorImpl.<init>(QueryExecutorImpl.java:175)
	at org.postgresql.core.v3.ConnectionFactoryImpl.openConnectionImpl(ConnectionFactoryImpl.java:317)
	at org.postgresql.core.ConnectionFactory.openConnection(ConnectionFactory.java:54)
	at org.postgresql.jdbc.PgConnection.<init>(PgConnection.java:273)
	at org.postgresql.Driver.makeConnection(Driver.java:446)
	at org.postgresql.Driver.connect(Driver.java:298)
	at org.apache.commons.dbcp2.DriverConnectionFactory.createConnection(DriverConnectionFactory.java:52)
	at org.apache.commons.dbcp2.PoolableConnectionFactory.makeObject(PoolableConnectionFactory.java:414)
	at org.apache.commons.dbcp2.BasicDataSource.validateConnectionFactory(BasicDataSource.java:113)
	at org.apache.commons.dbcp2.BasicDataSource.createPoolableConnectionFactory(BasicDataSource.java:629)
	... 31 common frames omitted
2025-10-16 11:28:38,283 INFO [Timer-Driven Process Thread-10] o.a.n.processors.standard.LogAttribute LogAttribute[id=ecc05f84-0199-1000-3197-08d7447c99f8] logging for flow file StandardFlowFileRecord[uuid=78b1f601-34b2-4923-b9be-090bae73ba2a,claim=StandardContentClaim [resourceClaim=StandardResourceClaim[id=1760614117828-1, container=default, section=1], offset=1781, length=118],offset=0,name=2025-10-16_14:28:20_car.csv,size=118]
--------------------------------------------------
FlowFile Properties
Key: 'entryDate'
	Value: 'Thu Oct 16 11:28:38 UTC 2025'
Key: 'lineageStartDate'
	Value: 'Thu Oct 16 11:28:37 UTC 2025'
Key: 'fileSize'
	Value: '118'
FlowFile Attribute Map Content
Key: 'absolute.path'
	Value: '/data/'
Key: 'file.creationTime'
	Value: '2025-10-16T11:28:20+0000'
Key: 'file.group'
	Value: 'nifi'
Key: 'file.lastAccessTime'
	Value: '2025-10-16T11:28:22+0000'
Key: 'file.lastModifiedTime'
	Value: '2025-10-16T11:28:20+0000'
Key: 'file.owner'
	Value: 'nifi'
Key: 'file.permissions'
	Value: 'rw-r--r--'
Key: 'filename'
	Value: '2025-10-16_14:28:20_car.csv'
Key: 'fragment.count'
	Value: '10'
Key: 'fragment.identifier'
	Value: 'af4ecc7c-1d30-4efd-8a20-8a64bbd1afb5'
Key: 'fragment.index'
	Value: '0'
Key: 'mime.type'
	Value: 'application/json'
Key: 'path'
	Value: '/'
Key: 'record.count'
	Value: '10'
Key: 'segment.original.filename'
	Value: '2025-10-16_14:28:20_car.csv'
Key: 'uuid'
	Value: '78b1f601-34b2-4923-b9be-090bae73ba2a'
--------------------------------------------------
2025-10-16 11:28:38,284 ERROR [Timer-Driven Process Thread-5] o.a.n.p.standard.ConvertJSONToSQL ConvertJSONToSQL[id=ecbdae1f-0199-1000-49b3-be0d5b14ce1b] Failed to convert StandardFlowFileRecord[uuid=ca7919a0-e29d-456d-b554-094ee0f386fe,claim=StandardContentClaim [resourceClaim=StandardResourceClaim[id=1760614117828-1, container=default, section=1], offset=1899, length=129],offset=0,name=2025-10-16_14:28:20_car.csv,size=129] into a SQL statement due to org.apache.nifi.processor.exception.ProcessException: java.sql.SQLException: Cannot create PoolableConnectionFactory (FATAL: database "postgres_db
" does not exist); routing to failure
org.apache.nifi.processor.exception.ProcessException: java.sql.SQLException: Cannot create PoolableConnectionFactory (FATAL: database "postgres_db
" does not exist)
	at org.apache.nifi.dbcp.AbstractDBCPConnectionPool.getConnection(AbstractDBCPConnectionPool.java:245)
	at org.apache.nifi.dbcp.AbstractDBCPConnectionPool.getConnection(AbstractDBCPConnectionPool.java:222)
	at org.apache.nifi.dbcp.DBCPService.getConnection(DBCPService.java:55)
	at java.base/jdk.internal.reflect.NativeMethodAccessorImpl.invoke0(Native Method)
	at java.base/jdk.internal.reflect.NativeMethodAccessorImpl.invoke(Unknown Source)
	at java.base/jdk.internal.reflect.DelegatingMethodAccessorImpl.invoke(Unknown Source)
	at java.base/java.lang.reflect.Method.invoke(Unknown Source)
	at org.apache.nifi.controller.service.StandardControllerServiceInvocationHandler.invoke(StandardControllerServiceInvocationHandler.java:254)
	at org.apache.nifi.controller.service.StandardControllerServiceInvocationHandler.invoke(StandardControllerServiceInvocationHandler.java:105)
	at com.sun.proxy.$Proxy107.getConnection(Unknown Source)
	at org.apache.nifi.processors.standard.ConvertJSONToSQL.lambda$onTrigger$0(ConvertJSONToSQL.java:323)
	at com.github.benmanes.caffeine.cache.BoundedLocalCache.lambda$doComputeIfAbsent$14(BoundedLocalCache.java:2406)
	at java.base/java.util.concurrent.ConcurrentHashMap.compute(Unknown Source)
	at com.github.benmanes.caffeine.cache.BoundedLocalCache.doComputeIfAbsent(BoundedLocalCache.java:2404)
	at com.github.benmanes.caffeine.cache.BoundedLocalCache.computeIfAbsent(BoundedLocalCache.java:2387)
	at com.github.benmanes.caffeine.cache.LocalCache.computeIfAbsent(LocalCache.java:108)
	at com.github.benmanes.caffeine.cache.LocalManualCache.get(LocalManualCache.java:62)
	at org.apache.nifi.processors.standard.ConvertJSONToSQL.onTrigger(ConvertJSONToSQL.java:321)
	at org.apache.nifi.processor.AbstractProcessor.onTrigger(AbstractProcessor.java:27)
	at org.apache.nifi.controller.StandardProcessorNode.onTrigger(StandardProcessorNode.java:1361)
	at org.apache.nifi.controller.tasks.ConnectableTask.invoke(ConnectableTask.java:247)
	at org.apache.nifi.controller.scheduling.TimerDrivenSchedulingAgent$1.run(TimerDrivenSchedulingAgent.java:102)
	at org.apache.nifi.engine.FlowEngine$2.run(FlowEngine.java:110)
	at java.base/java.util.concurrent.Executors$RunnableAdapter.call(Unknown Source)
	at java.base/java.util.concurrent.FutureTask.runAndReset(Unknown Source)
	at java.base/java.util.concurrent.ScheduledThreadPoolExecutor$ScheduledFutureTask.run(Unknown Source)
	at java.base/java.util.concurrent.ThreadPoolExecutor.runWorker(Unknown Source)
	at java.base/java.util.concurrent.ThreadPoolExecutor$Worker.run(Unknown Source)
	at java.base/java.lang.Thread.run(Unknown Source)
Caused by: java.sql.SQLException: Cannot create PoolableConnectionFactory (FATAL: database "postgres_db
" does not exist)
	at org.apache.commons.dbcp2.BasicDataSource.createPoolableConnectionFactory(BasicDataSource.java:633)
	at org.apache.commons.dbcp2.BasicDataSource.createDataSource(BasicDataSource.java:535)
	at org.apache.commons.dbcp2.BasicDataSource.getConnection(BasicDataSource.java:711)
	at org.apache.nifi.dbcp.AbstractDBCPConnectionPool.getConnection(AbstractDBCPConnectionPool.java:232)
	... 28 common frames omitted
Caused by: org.postgresql.util.PSQLException: FATAL: database "postgres_db
" does not exist
	at org.postgresql.core.v3.QueryExecutorImpl.receiveErrorResponse(QueryExecutorImpl.java:2725)
	at org.postgresql.core.v3.QueryExecutorImpl.readStartupMessages(QueryExecutorImpl.java:2837)
	at org.postgresql.core.v3.QueryExecutorImpl.<init>(QueryExecutorImpl.java:175)
	at org.postgresql.core.v3.ConnectionFactoryImpl.openConnectionImpl(ConnectionFactoryImpl.java:317)
	at org.postgresql.core.ConnectionFactory.openConnection(ConnectionFactory.java:54)
	at org.postgresql.jdbc.PgConnection.<init>(PgConnection.java:273)
	at org.postgresql.Driver.makeConnection(Driver.java:446)
	at org.postgresql.Driver.connect(Driver.java:298)
	at org.apache.commons.dbcp2.DriverConnectionFactory.createConnection(DriverConnectionFactory.java:52)
	at org.apache.commons.dbcp2.PoolableConnectionFactory.makeObject(PoolableConnectionFactory.java:414)
	at org.apache.commons.dbcp2.BasicDataSource.validateConnectionFactory(BasicDataSource.java:113)
	at org.apache.commons.dbcp2.BasicDataSource.createPoolableConnectionFactory(BasicDataSource.java:629)
	... 31 common frames omitted
2025-10-16 11:28:38,293 ERROR [Timer-Driven Process Thread-5] o.a.n.p.standard.ConvertJSONToSQL ConvertJSONToSQL[id=ecbdae1f-0199-1000-49b3-be0d5b14ce1b] Failed to convert StandardFlowFileRecord[uuid=019782d7-934c-4068-9c34-ffbefb3521a5,claim=StandardContentClaim [resourceClaim=StandardResourceClaim[id=1760614117828-1, container=default, section=1], offset=2028, length=116],offset=0,name=2025-10-16_14:28:20_car.csv,size=116] into a SQL statement due to org.apache.nifi.processor.exception.ProcessException: java.sql.SQLException: Cannot create PoolableConnectionFactory (FATAL: database "postgres_db
" does not exist); routing to failure
org.apache.nifi.processor.exception.ProcessException: java.sql.SQLException: Cannot create PoolableConnectionFactory (FATAL: database "postgres_db
" does not exist)
	at org.apache.nifi.dbcp.AbstractDBCPConnectionPool.getConnection(AbstractDBCPConnectionPool.java:245)
	at org.apache.nifi.dbcp.AbstractDBCPConnectionPool.getConnection(AbstractDBCPConnectionPool.java:222)
	at org.apache.nifi.dbcp.DBCPService.getConnection(DBCPService.java:55)
	at java.base/jdk.internal.reflect.NativeMethodAccessorImpl.invoke0(Native Method)
	at java.base/jdk.internal.reflect.NativeMethodAccessorImpl.invoke(Unknown Source)
	at java.base/jdk.internal.reflect.DelegatingMethodAccessorImpl.invoke(Unknown Source)
	at java.base/java.lang.reflect.Method.invoke(Unknown Source)
	at org.apache.nifi.controller.service.StandardControllerServiceInvocationHandler.invoke(StandardControllerServiceInvocationHandler.java:254)
	at org.apache.nifi.controller.service.StandardControllerServiceInvocationHandler.invoke(StandardControllerServiceInvocationHandler.java:105)
	at com.sun.proxy.$Proxy107.getConnection(Unknown Source)
	at org.apache.nifi.processors.standard.ConvertJSONToSQL.lambda$onTrigger$0(ConvertJSONToSQL.java:323)
	at com.github.benmanes.caffeine.cache.BoundedLocalCache.lambda$doComputeIfAbsent$14(BoundedLocalCache.java:2406)
	at java.base/java.util.concurrent.ConcurrentHashMap.compute(Unknown Source)
	at com.github.benmanes.caffeine.cache.BoundedLocalCache.doComputeIfAbsent(BoundedLocalCache.java:2404)
	at com.github.benmanes.caffeine.cache.BoundedLocalCache.computeIfAbsent(BoundedLocalCache.java:2387)
	at com.github.benmanes.caffeine.cache.LocalCache.computeIfAbsent(LocalCache.java:108)
	at com.github.benmanes.caffeine.cache.LocalManualCache.get(LocalManualCache.java:62)
	at org.apache.nifi.processors.standard.ConvertJSONToSQL.onTrigger(ConvertJSONToSQL.java:321)
	at org.apache.nifi.processor.AbstractProcessor.onTrigger(AbstractProcessor.java:27)
	at org.apache.nifi.controller.StandardProcessorNode.onTrigger(StandardProcessorNode.java:1361)
	at org.apache.nifi.controller.tasks.ConnectableTask.invoke(ConnectableTask.java:247)
	at org.apache.nifi.controller.scheduling.TimerDrivenSchedulingAgent$1.run(TimerDrivenSchedulingAgent.java:102)
	at org.apache.nifi.engine.FlowEngine$2.run(FlowEngine.java:110)
	at java.base/java.util.concurrent.Executors$RunnableAdapter.call(Unknown Source)
	at java.base/java.util.concurrent.FutureTask.runAndReset(Unknown Source)
	at java.base/java.util.concurrent.ScheduledThreadPoolExecutor$ScheduledFutureTask.run(Unknown Source)
	at java.base/java.util.concurrent.ThreadPoolExecutor.runWorker(Unknown Source)
	at java.base/java.util.concurrent.ThreadPoolExecutor$Worker.run(Unknown Source)
	at java.base/java.lang.Thread.run(Unknown Source)
Caused by: java.sql.SQLException: Cannot create PoolableConnectionFactory (FATAL: database "postgres_db
" does not exist)
	at org.apache.commons.dbcp2.BasicDataSource.createPoolableConnectionFactory(BasicDataSource.java:633)
	at org.apache.commons.dbcp2.BasicDataSource.createDataSource(BasicDataSource.java:535)
	at org.apache.commons.dbcp2.BasicDataSource.getConnection(BasicDataSource.java:711)
	at org.apache.nifi.dbcp.AbstractDBCPConnectionPool.getConnection(AbstractDBCPConnectionPool.java:232)
	... 28 common frames omitted
Caused by: org.postgresql.util.PSQLException: FATAL: database "postgres_db
" does not exist
	at org.postgresql.core.v3.QueryExecutorImpl.receiveErrorResponse(QueryExecutorImpl.java:2725)
	at org.postgresql.core.v3.QueryExecutorImpl.readStartupMessages(QueryExecutorImpl.java:2837)
	at org.postgresql.core.v3.QueryExecutorImpl.<init>(QueryExecutorImpl.java:175)
	at org.postgresql.core.v3.ConnectionFactoryImpl.openConnectionImpl(ConnectionFactoryImpl.java:317)
	at org.postgresql.core.ConnectionFactory.openConnection(ConnectionFactory.java:54)
	at org.postgresql.jdbc.PgConnection.<init>(PgConnection.java:273)
	at org.postgresql.Driver.makeConnection(Driver.java:446)
	at org.postgresql.Driver.connect(Driver.java:298)
	at org.apache.commons.dbcp2.DriverConnectionFactory.createConnection(DriverConnectionFactory.java:52)
	at org.apache.commons.dbcp2.PoolableConnectionFactory.makeObject(PoolableConnectionFactory.java:414)
	at org.apache.commons.dbcp2.BasicDataSource.validateConnectionFactory(BasicDataSource.java:113)
	at org.apache.commons.dbcp2.BasicDataSource.createPoolableConnectionFactory(BasicDataSource.java:629)
	... 31 common frames omitted
2025-10-16 11:28:38,297 INFO [Timer-Driven Process Thread-7] o.a.n.processors.standard.LogAttribute LogAttribute[id=ecc05f84-0199-1000-3197-08d7447c99f8] logging for flow file StandardFlowFileRecord[uuid=ca7919a0-e29d-456d-b554-094ee0f386fe,claim=StandardContentClaim [resourceClaim=StandardResourceClaim[id=1760614117828-1, container=default, section=1], offset=1899, length=129],offset=0,name=2025-10-16_14:28:20_car.csv,size=129]
--------------------------------------------------
FlowFile Properties
Key: 'entryDate'
	Value: 'Thu Oct 16 11:28:38 UTC 2025'
Key: 'lineageStartDate'
	Value: 'Thu Oct 16 11:28:37 UTC 2025'
Key: 'fileSize'
	Value: '129'
FlowFile Attribute Map Content
Key: 'absolute.path'
	Value: '/data/'
Key: 'file.creationTime'
	Value: '2025-10-16T11:28:20+0000'
Key: 'file.group'
	Value: 'nifi'
Key: 'file.lastAccessTime'
	Value: '2025-10-16T11:28:22+0000'
Key: 'file.lastModifiedTime'
	Value: '2025-10-16T11:28:20+0000'
Key: 'file.owner'
	Value: 'nifi'
Key: 'file.permissions'
	Value: 'rw-r--r--'
Key: 'filename'
	Value: '2025-10-16_14:28:20_car.csv'
Key: 'fragment.count'
	Value: '10'
Key: 'fragment.identifier'
	Value: 'af4ecc7c-1d30-4efd-8a20-8a64bbd1afb5'
Key: 'fragment.index'
	Value: '1'
Key: 'mime.type'
	Value: 'application/json'
Key: 'path'
	Value: '/'
Key: 'record.count'
	Value: '10'
Key: 'segment.original.filename'
	Value: '2025-10-16_14:28:20_car.csv'
Key: 'uuid'
	Value: 'ca7919a0-e29d-456d-b554-094ee0f386fe'
--------------------------------------------------
2025-10-16 11:28:38,300 INFO [Timer-Driven Process Thread-7] o.a.n.processors.standard.LogAttribute LogAttribute[id=ecc05f84-0199-1000-3197-08d7447c99f8] logging for flow file StandardFlowFileRecord[uuid=019782d7-934c-4068-9c34-ffbefb3521a5,claim=StandardContentClaim [resourceClaim=StandardResourceClaim[id=1760614117828-1, container=default, section=1], offset=2028, length=116],offset=0,name=2025-10-16_14:28:20_car.csv,size=116]
--------------------------------------------------
FlowFile Properties
Key: 'entryDate'
	Value: 'Thu Oct 16 11:28:38 UTC 2025'
Key: 'lineageStartDate'
	Value: 'Thu Oct 16 11:28:37 UTC 2025'
Key: 'fileSize'
	Value: '116'
FlowFile Attribute Map Content
Key: 'absolute.path'
	Value: '/data/'
Key: 'file.creationTime'
	Value: '2025-10-16T11:28:20+0000'
Key: 'file.group'
	Value: 'nifi'
Key: 'file.lastAccessTime'
	Value: '2025-10-16T11:28:22+0000'
Key: 'file.lastModifiedTime'
	Value: '2025-10-16T11:28:20+0000'
Key: 'file.owner'
	Value: 'nifi'
Key: 'file.permissions'
	Value: 'rw-r--r--'
Key: 'filename'
	Value: '2025-10-16_14:28:20_car.csv'
Key: 'fragment.count'
	Value: '10'
Key: 'fragment.identifier'
	Value: 'af4ecc7c-1d30-4efd-8a20-8a64bbd1afb5'
Key: 'fragment.index'
	Value: '2'
Key: 'mime.type'
	Value: 'application/json'
Key: 'path'
	Value: '/'
Key: 'record.count'
	Value: '10'
Key: 'segment.original.filename'
	Value: '2025-10-16_14:28:20_car.csv'
Key: 'uuid'
	Value: '019782d7-934c-4068-9c34-ffbefb3521a5'
--------------------------------------------------
2025-10-16 11:28:38,302 ERROR [Timer-Driven Process Thread-5] o.a.n.p.standard.ConvertJSONToSQL ConvertJSONToSQL[id=ecbdae1f-0199-1000-49b3-be0d5b14ce1b] Failed to convert StandardFlowFileRecord[uuid=052aed63-9235-4113-aaa0-16eb92700c2f,claim=StandardContentClaim [resourceClaim=StandardResourceClaim[id=1760614117828-1, container=default, section=1], offset=2144, length=117],offset=0,name=2025-10-16_14:28:20_car.csv,size=117] into a SQL statement due to org.apache.nifi.processor.exception.ProcessException: java.sql.SQLException: Cannot create PoolableConnectionFactory (FATAL: database "postgres_db
" does not exist); routing to failure
org.apache.nifi.processor.exception.ProcessException: java.sql.SQLException: Cannot create PoolableConnectionFactory (FATAL: database "postgres_db
" does not exist)
	at org.apache.nifi.dbcp.AbstractDBCPConnectionPool.getConnection(AbstractDBCPConnectionPool.java:245)
	at org.apache.nifi.dbcp.AbstractDBCPConnectionPool.getConnection(AbstractDBCPConnectionPool.java:222)
	at org.apache.nifi.dbcp.DBCPService.getConnection(DBCPService.java:55)
	at java.base/jdk.internal.reflect.NativeMethodAccessorImpl.invoke0(Native Method)
	at java.base/jdk.internal.reflect.NativeMethodAccessorImpl.invoke(Unknown Source)
	at java.base/jdk.internal.reflect.DelegatingMethodAccessorImpl.invoke(Unknown Source)
	at java.base/java.lang.reflect.Method.invoke(Unknown Source)
	at org.apache.nifi.controller.service.StandardControllerServiceInvocationHandler.invoke(StandardControllerServiceInvocationHandler.java:254)
	at org.apache.nifi.controller.service.StandardControllerServiceInvocationHandler.invoke(StandardControllerServiceInvocationHandler.java:105)
	at com.sun.proxy.$Proxy107.getConnection(Unknown Source)
	at org.apache.nifi.processors.standard.ConvertJSONToSQL.lambda$onTrigger$0(ConvertJSONToSQL.java:323)
	at com.github.benmanes.caffeine.cache.BoundedLocalCache.lambda$doComputeIfAbsent$14(BoundedLocalCache.java:2406)
	at java.base/java.util.concurrent.ConcurrentHashMap.compute(Unknown Source)
	at com.github.benmanes.caffeine.cache.BoundedLocalCache.doComputeIfAbsent(BoundedLocalCache.java:2404)
	at com.github.benmanes.caffeine.cache.BoundedLocalCache.computeIfAbsent(BoundedLocalCache.java:2387)
	at com.github.benmanes.caffeine.cache.LocalCache.computeIfAbsent(LocalCache.java:108)
	at com.github.benmanes.caffeine.cache.LocalManualCache.get(LocalManualCache.java:62)
	at org.apache.nifi.processors.standard.ConvertJSONToSQL.onTrigger(ConvertJSONToSQL.java:321)
	at org.apache.nifi.processor.AbstractProcessor.onTrigger(AbstractProcessor.java:27)
	at org.apache.nifi.controller.StandardProcessorNode.onTrigger(StandardProcessorNode.java:1361)
	at org.apache.nifi.controller.tasks.ConnectableTask.invoke(ConnectableTask.java:247)
	at org.apache.nifi.controller.scheduling.TimerDrivenSchedulingAgent$1.run(TimerDrivenSchedulingAgent.java:102)
	at org.apache.nifi.engine.FlowEngine$2.run(FlowEngine.java:110)
	at java.base/java.util.concurrent.Executors$RunnableAdapter.call(Unknown Source)
	at java.base/java.util.concurrent.FutureTask.runAndReset(Unknown Source)
	at java.base/java.util.concurrent.ScheduledThreadPoolExecutor$ScheduledFutureTask.run(Unknown Source)
	at java.base/java.util.concurrent.ThreadPoolExecutor.runWorker(Unknown Source)
	at java.base/java.util.concurrent.ThreadPoolExecutor$Worker.run(Unknown Source)
	at java.base/java.lang.Thread.run(Unknown Source)
Caused by: java.sql.SQLException: Cannot create PoolableConnectionFactory (FATAL: database "postgres_db
" does not exist)
	at org.apache.commons.dbcp2.BasicDataSource.createPoolableConnectionFactory(BasicDataSource.java:633)
	at org.apache.commons.dbcp2.BasicDataSource.createDataSource(BasicDataSource.java:535)
	at org.apache.commons.dbcp2.BasicDataSource.getConnection(BasicDataSource.java:711)
	at org.apache.nifi.dbcp.AbstractDBCPConnectionPool.getConnection(AbstractDBCPConnectionPool.java:232)
	... 28 common frames omitted
Caused by: org.postgresql.util.PSQLException: FATAL: database "postgres_db
" does not exist
	at org.postgresql.core.v3.QueryExecutorImpl.receiveErrorResponse(QueryExecutorImpl.java:2725)
	at org.postgresql.core.v3.QueryExecutorImpl.readStartupMessages(QueryExecutorImpl.java:2837)
	at org.postgresql.core.v3.QueryExecutorImpl.<init>(QueryExecutorImpl.java:175)
	at org.postgresql.core.v3.ConnectionFactoryImpl.openConnectionImpl(ConnectionFactoryImpl.java:317)
	at org.postgresql.core.ConnectionFactory.openConnection(ConnectionFactory.java:54)
	at org.postgresql.jdbc.PgConnection.<init>(PgConnection.java:273)
	at org.postgresql.Driver.makeConnection(Driver.java:446)
	at org.postgresql.Driver.connect(Driver.java:298)
	at org.apache.commons.dbcp2.DriverConnectionFactory.createConnection(DriverConnectionFactory.java:52)
	at org.apache.commons.dbcp2.PoolableConnectionFactory.makeObject(PoolableConnectionFactory.java:414)
	at org.apache.commons.dbcp2.BasicDataSource.validateConnectionFactory(BasicDataSource.java:113)
	at org.apache.commons.dbcp2.BasicDataSource.createPoolableConnectionFactory(BasicDataSource.java:629)
	... 31 common frames omitted
2025-10-16 11:28:38,307 ERROR [Timer-Driven Process Thread-5] o.a.n.p.standard.ConvertJSONToSQL ConvertJSONToSQL[id=ecbdae1f-0199-1000-49b3-be0d5b14ce1b] Failed to convert StandardFlowFileRecord[uuid=a8bfa329-24f4-42f9-b9c7-d265a6c189eb,claim=StandardContentClaim [resourceClaim=StandardResourceClaim[id=1760614117828-1, container=default, section=1], offset=2261, length=131],offset=0,name=2025-10-16_14:28:20_car.csv,size=131] into a SQL statement due to org.apache.nifi.processor.exception.ProcessException: java.sql.SQLException: Cannot create PoolableConnectionFactory (FATAL: database "postgres_db
" does not exist); routing to failure
org.apache.nifi.processor.exception.ProcessException: java.sql.SQLException: Cannot create PoolableConnectionFactory (FATAL: database "postgres_db
" does not exist)
	at org.apache.nifi.dbcp.AbstractDBCPConnectionPool.getConnection(AbstractDBCPConnectionPool.java:245)
	at org.apache.nifi.dbcp.AbstractDBCPConnectionPool.getConnection(AbstractDBCPConnectionPool.java:222)
	at org.apache.nifi.dbcp.DBCPService.getConnection(DBCPService.java:55)
	at java.base/jdk.internal.reflect.NativeMethodAccessorImpl.invoke0(Native Method)
	at java.base/jdk.internal.reflect.NativeMethodAccessorImpl.invoke(Unknown Source)
	at java.base/jdk.internal.reflect.DelegatingMethodAccessorImpl.invoke(Unknown Source)
	at java.base/java.lang.reflect.Method.invoke(Unknown Source)
	at org.apache.nifi.controller.service.StandardControllerServiceInvocationHandler.invoke(StandardControllerServiceInvocationHandler.java:254)
	at org.apache.nifi.controller.service.StandardControllerServiceInvocationHandler.invoke(StandardControllerServiceInvocationHandler.java:105)
	at com.sun.proxy.$Proxy107.getConnection(Unknown Source)
	at org.apache.nifi.processors.standard.ConvertJSONToSQL.lambda$onTrigger$0(ConvertJSONToSQL.java:323)
	at com.github.benmanes.caffeine.cache.BoundedLocalCache.lambda$doComputeIfAbsent$14(BoundedLocalCache.java:2406)
	at java.base/java.util.concurrent.ConcurrentHashMap.compute(Unknown Source)
	at com.github.benmanes.caffeine.cache.BoundedLocalCache.doComputeIfAbsent(BoundedLocalCache.java:2404)
	at com.github.benmanes.caffeine.cache.BoundedLocalCache.computeIfAbsent(BoundedLocalCache.java:2387)
	at com.github.benmanes.caffeine.cache.LocalCache.computeIfAbsent(LocalCache.java:108)
	at com.github.benmanes.caffeine.cache.LocalManualCache.get(LocalManualCache.java:62)
	at org.apache.nifi.processors.standard.ConvertJSONToSQL.onTrigger(ConvertJSONToSQL.java:321)
	at org.apache.nifi.processor.AbstractProcessor.onTrigger(AbstractProcessor.java:27)
	at org.apache.nifi.controller.StandardProcessorNode.onTrigger(StandardProcessorNode.java:1361)
	at org.apache.nifi.controller.tasks.ConnectableTask.invoke(ConnectableTask.java:247)
	at org.apache.nifi.controller.scheduling.TimerDrivenSchedulingAgent$1.run(TimerDrivenSchedulingAgent.java:102)
	at org.apache.nifi.engine.FlowEngine$2.run(FlowEngine.java:110)
	at java.base/java.util.concurrent.Executors$RunnableAdapter.call(Unknown Source)
	at java.base/java.util.concurrent.FutureTask.runAndReset(Unknown Source)
	at java.base/java.util.concurrent.ScheduledThreadPoolExecutor$ScheduledFutureTask.run(Unknown Source)
	at java.base/java.util.concurrent.ThreadPoolExecutor.runWorker(Unknown Source)
	at java.base/java.util.concurrent.ThreadPoolExecutor$Worker.run(Unknown Source)
	at java.base/java.lang.Thread.run(Unknown Source)
Caused by: java.sql.SQLException: Cannot create PoolableConnectionFactory (FATAL: database "postgres_db
" does not exist)
	at org.apache.commons.dbcp2.BasicDataSource.createPoolableConnectionFactory(BasicDataSource.java:633)
	at org.apache.commons.dbcp2.BasicDataSource.createDataSource(BasicDataSource.java:535)
	at org.apache.commons.dbcp2.BasicDataSource.getConnection(BasicDataSource.java:711)
	at org.apache.nifi.dbcp.AbstractDBCPConnectionPool.getConnection(AbstractDBCPConnectionPool.java:232)
	... 28 common frames omitted
Caused by: org.postgresql.util.PSQLException: FATAL: database "postgres_db
" does not exist
	at org.postgresql.core.v3.QueryExecutorImpl.receiveErrorResponse(QueryExecutorImpl.java:2725)
	at org.postgresql.core.v3.QueryExecutorImpl.readStartupMessages(QueryExecutorImpl.java:2837)
	at org.postgresql.core.v3.QueryExecutorImpl.<init>(QueryExecutorImpl.java:175)
	at org.postgresql.core.v3.ConnectionFactoryImpl.openConnectionImpl(ConnectionFactoryImpl.java:317)
	at org.postgresql.core.ConnectionFactory.openConnection(ConnectionFactory.java:54)
	at org.postgresql.jdbc.PgConnection.<init>(PgConnection.java:273)
	at org.postgresql.Driver.makeConnection(Driver.java:446)
	at org.postgresql.Driver.connect(Driver.java:298)
	at org.apache.commons.dbcp2.DriverConnectionFactory.createConnection(DriverConnectionFactory.java:52)
	at org.apache.commons.dbcp2.PoolableConnectionFactory.makeObject(PoolableConnectionFactory.java:414)
	at org.apache.commons.dbcp2.BasicDataSource.validateConnectionFactory(BasicDataSource.java:113)
	at org.apache.commons.dbcp2.BasicDataSource.createPoolableConnectionFactory(BasicDataSource.java:629)
	... 31 common frames omitted
2025-10-16 11:28:38,313 INFO [Timer-Driven Process Thread-9] o.a.n.processors.standard.LogAttribute LogAttribute[id=ecc05f84-0199-1000-3197-08d7447c99f8] logging for flow file StandardFlowFileRecord[uuid=052aed63-9235-4113-aaa0-16eb92700c2f,claim=StandardContentClaim [resourceClaim=StandardResourceClaim[id=1760614117828-1, container=default, section=1], offset=2144, length=117],offset=0,name=2025-10-16_14:28:20_car.csv,size=117]
--------------------------------------------------
FlowFile Properties
Key: 'entryDate'
	Value: 'Thu Oct 16 11:28:38 UTC 2025'
Key: 'lineageStartDate'
	Value: 'Thu Oct 16 11:28:37 UTC 2025'
Key: 'fileSize'
	Value: '117'
FlowFile Attribute Map Content
Key: 'absolute.path'
	Value: '/data/'
Key: 'file.creationTime'
	Value: '2025-10-16T11:28:20+0000'
Key: 'file.group'
	Value: 'nifi'
Key: 'file.lastAccessTime'
	Value: '2025-10-16T11:28:22+0000'
Key: 'file.lastModifiedTime'
	Value: '2025-10-16T11:28:20+0000'
Key: 'file.owner'
	Value: 'nifi'
Key: 'file.permissions'
	Value: 'rw-r--r--'
Key: 'filename'
	Value: '2025-10-16_14:28:20_car.csv'
Key: 'fragment.count'
	Value: '10'
Key: 'fragment.identifier'
	Value: 'af4ecc7c-1d30-4efd-8a20-8a64bbd1afb5'
Key: 'fragment.index'
	Value: '3'
Key: 'mime.type'
	Value: 'application/json'
Key: 'path'
	Value: '/'
Key: 'record.count'
	Value: '10'
Key: 'segment.original.filename'
	Value: '2025-10-16_14:28:20_car.csv'
Key: 'uuid'
	Value: '052aed63-9235-4113-aaa0-16eb92700c2f'
--------------------------------------------------
2025-10-16 11:28:38,313 ERROR [Timer-Driven Process Thread-5] o.a.n.p.standard.ConvertJSONToSQL ConvertJSONToSQL[id=ecbdae1f-0199-1000-49b3-be0d5b14ce1b] Failed to convert StandardFlowFileRecord[uuid=b82f8fb0-7b37-459d-b4f8-f1fad558f055,claim=StandardContentClaim [resourceClaim=StandardResourceClaim[id=1760614117828-1, container=default, section=1], offset=2392, length=123],offset=0,name=2025-10-16_14:28:20_car.csv,size=123] into a SQL statement due to org.apache.nifi.processor.exception.ProcessException: java.sql.SQLException: Cannot create PoolableConnectionFactory (FATAL: database "postgres_db
" does not exist); routing to failure
org.apache.nifi.processor.exception.ProcessException: java.sql.SQLException: Cannot create PoolableConnectionFactory (FATAL: database "postgres_db
" does not exist)
	at org.apache.nifi.dbcp.AbstractDBCPConnectionPool.getConnection(AbstractDBCPConnectionPool.java:245)
	at org.apache.nifi.dbcp.AbstractDBCPConnectionPool.getConnection(AbstractDBCPConnectionPool.java:222)
	at org.apache.nifi.dbcp.DBCPService.getConnection(DBCPService.java:55)
	at java.base/jdk.internal.reflect.NativeMethodAccessorImpl.invoke0(Native Method)
	at java.base/jdk.internal.reflect.NativeMethodAccessorImpl.invoke(Unknown Source)
	at java.base/jdk.internal.reflect.DelegatingMethodAccessorImpl.invoke(Unknown Source)
	at java.base/java.lang.reflect.Method.invoke(Unknown Source)
	at org.apache.nifi.controller.service.StandardControllerServiceInvocationHandler.invoke(StandardControllerServiceInvocationHandler.java:254)
	at org.apache.nifi.controller.service.StandardControllerServiceInvocationHandler.invoke(StandardControllerServiceInvocationHandler.java:105)
	at com.sun.proxy.$Proxy107.getConnection(Unknown Source)
	at org.apache.nifi.processors.standard.ConvertJSONToSQL.lambda$onTrigger$0(ConvertJSONToSQL.java:323)
	at com.github.benmanes.caffeine.cache.BoundedLocalCache.lambda$doComputeIfAbsent$14(BoundedLocalCache.java:2406)
	at java.base/java.util.concurrent.ConcurrentHashMap.compute(Unknown Source)
	at com.github.benmanes.caffeine.cache.BoundedLocalCache.doComputeIfAbsent(BoundedLocalCache.java:2404)
	at com.github.benmanes.caffeine.cache.BoundedLocalCache.computeIfAbsent(BoundedLocalCache.java:2387)
	at com.github.benmanes.caffeine.cache.LocalCache.computeIfAbsent(LocalCache.java:108)
	at com.github.benmanes.caffeine.cache.LocalManualCache.get(LocalManualCache.java:62)
	at org.apache.nifi.processors.standard.ConvertJSONToSQL.onTrigger(ConvertJSONToSQL.java:321)
	at org.apache.nifi.processor.AbstractProcessor.onTrigger(AbstractProcessor.java:27)
	at org.apache.nifi.controller.StandardProcessorNode.onTrigger(StandardProcessorNode.java:1361)
	at org.apache.nifi.controller.tasks.ConnectableTask.invoke(ConnectableTask.java:247)
	at org.apache.nifi.controller.scheduling.TimerDrivenSchedulingAgent$1.run(TimerDrivenSchedulingAgent.java:102)
	at org.apache.nifi.engine.FlowEngine$2.run(FlowEngine.java:110)
	at java.base/java.util.concurrent.Executors$RunnableAdapter.call(Unknown Source)
	at java.base/java.util.concurrent.FutureTask.runAndReset(Unknown Source)
	at java.base/java.util.concurrent.ScheduledThreadPoolExecutor$ScheduledFutureTask.run(Unknown Source)
	at java.base/java.util.concurrent.ThreadPoolExecutor.runWorker(Unknown Source)
	at java.base/java.util.concurrent.ThreadPoolExecutor$Worker.run(Unknown Source)
	at java.base/java.lang.Thread.run(Unknown Source)
Caused by: java.sql.SQLException: Cannot create PoolableConnectionFactory (FATAL: database "postgres_db
" does not exist)
	at org.apache.commons.dbcp2.BasicDataSource.createPoolableConnectionFactory(BasicDataSource.java:633)
	at org.apache.commons.dbcp2.BasicDataSource.createDataSource(BasicDataSource.java:535)
	at org.apache.commons.dbcp2.BasicDataSource.getConnection(BasicDataSource.java:711)
	at org.apache.nifi.dbcp.AbstractDBCPConnectionPool.getConnection(AbstractDBCPConnectionPool.java:232)
	... 28 common frames omitted
Caused by: org.postgresql.util.PSQLException: FATAL: database "postgres_db
" does not exist
	at org.postgresql.core.v3.QueryExecutorImpl.receiveErrorResponse(QueryExecutorImpl.java:2725)
	at org.postgresql.core.v3.QueryExecutorImpl.readStartupMessages(QueryExecutorImpl.java:2837)
	at org.postgresql.core.v3.QueryExecutorImpl.<init>(QueryExecutorImpl.java:175)
	at org.postgresql.core.v3.ConnectionFactoryImpl.openConnectionImpl(ConnectionFactoryImpl.java:317)
	at org.postgresql.core.ConnectionFactory.openConnection(ConnectionFactory.java:54)
	at org.postgresql.jdbc.PgConnection.<init>(PgConnection.java:273)
	at org.postgresql.Driver.makeConnection(Driver.java:446)
	at org.postgresql.Driver.connect(Driver.java:298)
	at org.apache.commons.dbcp2.DriverConnectionFactory.createConnection(DriverConnectionFactory.java:52)
	at org.apache.commons.dbcp2.PoolableConnectionFactory.makeObject(PoolableConnectionFactory.java:414)
	at org.apache.commons.dbcp2.BasicDataSource.validateConnectionFactory(BasicDataSource.java:113)
	at org.apache.commons.dbcp2.BasicDataSource.createPoolableConnectionFactory(BasicDataSource.java:629)
	... 31 common frames omitted
2025-10-16 11:28:38,313 INFO [Timer-Driven Process Thread-9] o.a.n.processors.standard.LogAttribute LogAttribute[id=ecc05f84-0199-1000-3197-08d7447c99f8] logging for flow file StandardFlowFileRecord[uuid=a8bfa329-24f4-42f9-b9c7-d265a6c189eb,claim=StandardContentClaim [resourceClaim=StandardResourceClaim[id=1760614117828-1, container=default, section=1], offset=2261, length=131],offset=0,name=2025-10-16_14:28:20_car.csv,size=131]
--------------------------------------------------
FlowFile Properties
Key: 'entryDate'
	Value: 'Thu Oct 16 11:28:38 UTC 2025'
Key: 'lineageStartDate'
	Value: 'Thu Oct 16 11:28:37 UTC 2025'
Key: 'fileSize'
	Value: '131'
FlowFile Attribute Map Content
Key: 'absolute.path'
	Value: '/data/'
Key: 'file.creationTime'
	Value: '2025-10-16T11:28:20+0000'
Key: 'file.group'
	Value: 'nifi'
Key: 'file.lastAccessTime'
	Value: '2025-10-16T11:28:22+0000'
Key: 'file.lastModifiedTime'
	Value: '2025-10-16T11:28:20+0000'
Key: 'file.owner'
	Value: 'nifi'
Key: 'file.permissions'
	Value: 'rw-r--r--'
Key: 'filename'
	Value: '2025-10-16_14:28:20_car.csv'
Key: 'fragment.count'
	Value: '10'
Key: 'fragment.identifier'
	Value: 'af4ecc7c-1d30-4efd-8a20-8a64bbd1afb5'
Key: 'fragment.index'
	Value: '4'
Key: 'mime.type'
	Value: 'application/json'
Key: 'path'
	Value: '/'
Key: 'record.count'
	Value: '10'
Key: 'segment.original.filename'
	Value: '2025-10-16_14:28:20_car.csv'
Key: 'uuid'
	Value: 'a8bfa329-24f4-42f9-b9c7-d265a6c189eb'
--------------------------------------------------
2025-10-16 11:28:38,314 INFO [Timer-Driven Process Thread-9] o.a.n.processors.standard.LogAttribute LogAttribute[id=ecc05f84-0199-1000-3197-08d7447c99f8] logging for flow file StandardFlowFileRecord[uuid=b82f8fb0-7b37-459d-b4f8-f1fad558f055,claim=StandardContentClaim [resourceClaim=StandardResourceClaim[id=1760614117828-1, container=default, section=1], offset=2392, length=123],offset=0,name=2025-10-16_14:28:20_car.csv,size=123]
--------------------------------------------------
FlowFile Properties
Key: 'entryDate'
	Value: 'Thu Oct 16 11:28:38 UTC 2025'
Key: 'lineageStartDate'
	Value: 'Thu Oct 16 11:28:37 UTC 2025'
Key: 'fileSize'
	Value: '123'
FlowFile Attribute Map Content
Key: 'absolute.path'
	Value: '/data/'
Key: 'file.creationTime'
	Value: '2025-10-16T11:28:20+0000'
Key: 'file.group'
	Value: 'nifi'
Key: 'file.lastAccessTime'
	Value: '2025-10-16T11:28:22+0000'
Key: 'file.lastModifiedTime'
	Value: '2025-10-16T11:28:20+0000'
Key: 'file.owner'
	Value: 'nifi'
Key: 'file.permissions'
	Value: 'rw-r--r--'
Key: 'filename'
	Value: '2025-10-16_14:28:20_car.csv'
Key: 'fragment.count'
	Value: '10'
Key: 'fragment.identifier'
	Value: 'af4ecc7c-1d30-4efd-8a20-8a64bbd1afb5'
Key: 'fragment.index'
	Value: '5'
Key: 'mime.type'
	Value: 'application/json'
Key: 'path'
	Value: '/'
Key: 'record.count'
	Value: '10'
Key: 'segment.original.filename'
	Value: '2025-10-16_14:28:20_car.csv'
Key: 'uuid'
	Value: 'b82f8fb0-7b37-459d-b4f8-f1fad558f055'
--------------------------------------------------
2025-10-16 11:28:38,319 ERROR [Timer-Driven Process Thread-5] o.a.n.p.standard.ConvertJSONToSQL ConvertJSONToSQL[id=ecbdae1f-0199-1000-49b3-be0d5b14ce1b] Failed to convert StandardFlowFileRecord[uuid=a8863473-f6bc-431e-aa40-c5650c9e58ea,claim=StandardContentClaim [resourceClaim=StandardResourceClaim[id=1760614117828-1, container=default, section=1], offset=2515, length=118],offset=0,name=2025-10-16_14:28:20_car.csv,size=118] into a SQL statement due to org.apache.nifi.processor.exception.ProcessException: java.sql.SQLException: Cannot create PoolableConnectionFactory (FATAL: database "postgres_db
" does not exist); routing to failure
org.apache.nifi.processor.exception.ProcessException: java.sql.SQLException: Cannot create PoolableConnectionFactory (FATAL: database "postgres_db
" does not exist)
	at org.apache.nifi.dbcp.AbstractDBCPConnectionPool.getConnection(AbstractDBCPConnectionPool.java:245)
	at org.apache.nifi.dbcp.AbstractDBCPConnectionPool.getConnection(AbstractDBCPConnectionPool.java:222)
	at org.apache.nifi.dbcp.DBCPService.getConnection(DBCPService.java:55)
	at java.base/jdk.internal.reflect.NativeMethodAccessorImpl.invoke0(Native Method)
	at java.base/jdk.internal.reflect.NativeMethodAccessorImpl.invoke(Unknown Source)
	at java.base/jdk.internal.reflect.DelegatingMethodAccessorImpl.invoke(Unknown Source)
	at java.base/java.lang.reflect.Method.invoke(Unknown Source)
	at org.apache.nifi.controller.service.StandardControllerServiceInvocationHandler.invoke(StandardControllerServiceInvocationHandler.java:254)
	at org.apache.nifi.controller.service.StandardControllerServiceInvocationHandler.invoke(StandardControllerServiceInvocationHandler.java:105)
	at com.sun.proxy.$Proxy107.getConnection(Unknown Source)
	at org.apache.nifi.processors.standard.ConvertJSONToSQL.lambda$onTrigger$0(ConvertJSONToSQL.java:323)
	at com.github.benmanes.caffeine.cache.BoundedLocalCache.lambda$doComputeIfAbsent$14(BoundedLocalCache.java:2406)
	at java.base/java.util.concurrent.ConcurrentHashMap.compute(Unknown Source)
	at com.github.benmanes.caffeine.cache.BoundedLocalCache.doComputeIfAbsent(BoundedLocalCache.java:2404)
	at com.github.benmanes.caffeine.cache.BoundedLocalCache.computeIfAbsent(BoundedLocalCache.java:2387)
	at com.github.benmanes.caffeine.cache.LocalCache.computeIfAbsent(LocalCache.java:108)
	at com.github.benmanes.caffeine.cache.LocalManualCache.get(LocalManualCache.java:62)
	at org.apache.nifi.processors.standard.ConvertJSONToSQL.onTrigger(ConvertJSONToSQL.java:321)
	at org.apache.nifi.processor.AbstractProcessor.onTrigger(AbstractProcessor.java:27)
	at org.apache.nifi.controller.StandardProcessorNode.onTrigger(StandardProcessorNode.java:1361)
	at org.apache.nifi.controller.tasks.ConnectableTask.invoke(ConnectableTask.java:247)
	at org.apache.nifi.controller.scheduling.TimerDrivenSchedulingAgent$1.run(TimerDrivenSchedulingAgent.java:102)
	at org.apache.nifi.engine.FlowEngine$2.run(FlowEngine.java:110)
	at java.base/java.util.concurrent.Executors$RunnableAdapter.call(Unknown Source)
	at java.base/java.util.concurrent.FutureTask.runAndReset(Unknown Source)
	at java.base/java.util.concurrent.ScheduledThreadPoolExecutor$ScheduledFutureTask.run(Unknown Source)
	at java.base/java.util.concurrent.ThreadPoolExecutor.runWorker(Unknown Source)
	at java.base/java.util.concurrent.ThreadPoolExecutor$Worker.run(Unknown Source)
	at java.base/java.lang.Thread.run(Unknown Source)
Caused by: java.sql.SQLException: Cannot create PoolableConnectionFactory (FATAL: database "postgres_db
" does not exist)
	at org.apache.commons.dbcp2.BasicDataSource.createPoolableConnectionFactory(BasicDataSource.java:633)
	at org.apache.commons.dbcp2.BasicDataSource.createDataSource(BasicDataSource.java:535)
	at org.apache.commons.dbcp2.BasicDataSource.getConnection(BasicDataSource.java:711)
	at org.apache.nifi.dbcp.AbstractDBCPConnectionPool.getConnection(AbstractDBCPConnectionPool.java:232)
	... 28 common frames omitted
Caused by: org.postgresql.util.PSQLException: FATAL: database "postgres_db
" does not exist
	at org.postgresql.core.v3.QueryExecutorImpl.receiveErrorResponse(QueryExecutorImpl.java:2725)
	at org.postgresql.core.v3.QueryExecutorImpl.readStartupMessages(QueryExecutorImpl.java:2837)
	at org.postgresql.core.v3.QueryExecutorImpl.<init>(QueryExecutorImpl.java:175)
	at org.postgresql.core.v3.ConnectionFactoryImpl.openConnectionImpl(ConnectionFactoryImpl.java:317)
	at org.postgresql.core.ConnectionFactory.openConnection(ConnectionFactory.java:54)
	at org.postgresql.jdbc.PgConnection.<init>(PgConnection.java:273)
	at org.postgresql.Driver.makeConnection(Driver.java:446)
	at org.postgresql.Driver.connect(Driver.java:298)
	at org.apache.commons.dbcp2.DriverConnectionFactory.createConnection(DriverConnectionFactory.java:52)
	at org.apache.commons.dbcp2.PoolableConnectionFactory.makeObject(PoolableConnectionFactory.java:414)
	at org.apache.commons.dbcp2.BasicDataSource.validateConnectionFactory(BasicDataSource.java:113)
	at org.apache.commons.dbcp2.BasicDataSource.createPoolableConnectionFactory(BasicDataSource.java:629)
	... 31 common frames omitted
2025-10-16 11:28:38,324 ERROR [Timer-Driven Process Thread-5] o.a.n.p.standard.ConvertJSONToSQL ConvertJSONToSQL[id=ecbdae1f-0199-1000-49b3-be0d5b14ce1b] Failed to convert StandardFlowFileRecord[uuid=039a413e-bc10-46c2-ba3f-ace193a6eeb0,claim=StandardContentClaim [resourceClaim=StandardResourceClaim[id=1760614117828-1, container=default, section=1], offset=2633, length=120],offset=0,name=2025-10-16_14:28:20_car.csv,size=120] into a SQL statement due to org.apache.nifi.processor.exception.ProcessException: java.sql.SQLException: Cannot create PoolableConnectionFactory (FATAL: database "postgres_db
" does not exist); routing to failure
org.apache.nifi.processor.exception.ProcessException: java.sql.SQLException: Cannot create PoolableConnectionFactory (FATAL: database "postgres_db
" does not exist)
	at org.apache.nifi.dbcp.AbstractDBCPConnectionPool.getConnection(AbstractDBCPConnectionPool.java:245)
	at org.apache.nifi.dbcp.AbstractDBCPConnectionPool.getConnection(AbstractDBCPConnectionPool.java:222)
	at org.apache.nifi.dbcp.DBCPService.getConnection(DBCPService.java:55)
	at java.base/jdk.internal.reflect.NativeMethodAccessorImpl.invoke0(Native Method)
	at java.base/jdk.internal.reflect.NativeMethodAccessorImpl.invoke(Unknown Source)
	at java.base/jdk.internal.reflect.DelegatingMethodAccessorImpl.invoke(Unknown Source)
	at java.base/java.lang.reflect.Method.invoke(Unknown Source)
	at org.apache.nifi.controller.service.StandardControllerServiceInvocationHandler.invoke(StandardControllerServiceInvocationHandler.java:254)
	at org.apache.nifi.controller.service.StandardControllerServiceInvocationHandler.invoke(StandardControllerServiceInvocationHandler.java:105)
	at com.sun.proxy.$Proxy107.getConnection(Unknown Source)
	at org.apache.nifi.processors.standard.ConvertJSONToSQL.lambda$onTrigger$0(ConvertJSONToSQL.java:323)
	at com.github.benmanes.caffeine.cache.BoundedLocalCache.lambda$doComputeIfAbsent$14(BoundedLocalCache.java:2406)
	at java.base/java.util.concurrent.ConcurrentHashMap.compute(Unknown Source)
	at com.github.benmanes.caffeine.cache.BoundedLocalCache.doComputeIfAbsent(BoundedLocalCache.java:2404)
	at com.github.benmanes.caffeine.cache.BoundedLocalCache.computeIfAbsent(BoundedLocalCache.java:2387)
	at com.github.benmanes.caffeine.cache.LocalCache.computeIfAbsent(LocalCache.java:108)
	at com.github.benmanes.caffeine.cache.LocalManualCache.get(LocalManualCache.java:62)
	at org.apache.nifi.processors.standard.ConvertJSONToSQL.onTrigger(ConvertJSONToSQL.java:321)
	at org.apache.nifi.processor.AbstractProcessor.onTrigger(AbstractProcessor.java:27)
	at org.apache.nifi.controller.StandardProcessorNode.onTrigger(StandardProcessorNode.java:1361)
	at org.apache.nifi.controller.tasks.ConnectableTask.invoke(ConnectableTask.java:247)
	at org.apache.nifi.controller.scheduling.TimerDrivenSchedulingAgent$1.run(TimerDrivenSchedulingAgent.java:102)
	at org.apache.nifi.engine.FlowEngine$2.run(FlowEngine.java:110)
	at java.base/java.util.concurrent.Executors$RunnableAdapter.call(Unknown Source)
	at java.base/java.util.concurrent.FutureTask.runAndReset(Unknown Source)
	at java.base/java.util.concurrent.ScheduledThreadPoolExecutor$ScheduledFutureTask.run(Unknown Source)
	at java.base/java.util.concurrent.ThreadPoolExecutor.runWorker(Unknown Source)
	at java.base/java.util.concurrent.ThreadPoolExecutor$Worker.run(Unknown Source)
	at java.base/java.lang.Thread.run(Unknown Source)
Caused by: java.sql.SQLException: Cannot create PoolableConnectionFactory (FATAL: database "postgres_db
" does not exist)
	at org.apache.commons.dbcp2.BasicDataSource.createPoolableConnectionFactory(BasicDataSource.java:633)
	at org.apache.commons.dbcp2.BasicDataSource.createDataSource(BasicDataSource.java:535)
	at org.apache.commons.dbcp2.BasicDataSource.getConnection(BasicDataSource.java:711)
	at org.apache.nifi.dbcp.AbstractDBCPConnectionPool.getConnection(AbstractDBCPConnectionPool.java:232)
	... 28 common frames omitted
Caused by: org.postgresql.util.PSQLException: FATAL: database "postgres_db
" does not exist
	at org.postgresql.core.v3.QueryExecutorImpl.receiveErrorResponse(QueryExecutorImpl.java:2725)
	at org.postgresql.core.v3.QueryExecutorImpl.readStartupMessages(QueryExecutorImpl.java:2837)
	at org.postgresql.core.v3.QueryExecutorImpl.<init>(QueryExecutorImpl.java:175)
	at org.postgresql.core.v3.ConnectionFactoryImpl.openConnectionImpl(ConnectionFactoryImpl.java:317)
	at org.postgresql.core.ConnectionFactory.openConnection(ConnectionFactory.java:54)
	at org.postgresql.jdbc.PgConnection.<init>(PgConnection.java:273)
	at org.postgresql.Driver.makeConnection(Driver.java:446)
	at org.postgresql.Driver.connect(Driver.java:298)
	at org.apache.commons.dbcp2.DriverConnectionFactory.createConnection(DriverConnectionFactory.java:52)
	at org.apache.commons.dbcp2.PoolableConnectionFactory.makeObject(PoolableConnectionFactory.java:414)
	at org.apache.commons.dbcp2.BasicDataSource.validateConnectionFactory(BasicDataSource.java:113)
	at org.apache.commons.dbcp2.BasicDataSource.createPoolableConnectionFactory(BasicDataSource.java:629)
	... 31 common frames omitted
2025-10-16 11:28:38,326 INFO [Timer-Driven Process Thread-4] o.a.n.processors.standard.LogAttribute LogAttribute[id=ecc05f84-0199-1000-3197-08d7447c99f8] logging for flow file StandardFlowFileRecord[uuid=a8863473-f6bc-431e-aa40-c5650c9e58ea,claim=StandardContentClaim [resourceClaim=StandardResourceClaim[id=1760614117828-1, container=default, section=1], offset=2515, length=118],offset=0,name=2025-10-16_14:28:20_car.csv,size=118]
--------------------------------------------------
FlowFile Properties
Key: 'entryDate'
	Value: 'Thu Oct 16 11:28:38 UTC 2025'
Key: 'lineageStartDate'
	Value: 'Thu Oct 16 11:28:37 UTC 2025'
Key: 'fileSize'
	Value: '118'
FlowFile Attribute Map Content
Key: 'absolute.path'
	Value: '/data/'
Key: 'file.creationTime'
	Value: '2025-10-16T11:28:20+0000'
Key: 'file.group'
	Value: 'nifi'
Key: 'file.lastAccessTime'
	Value: '2025-10-16T11:28:22+0000'
Key: 'file.lastModifiedTime'
	Value: '2025-10-16T11:28:20+0000'
Key: 'file.owner'
	Value: 'nifi'
Key: 'file.permissions'
	Value: 'rw-r--r--'
Key: 'filename'
	Value: '2025-10-16_14:28:20_car.csv'
Key: 'fragment.count'
	Value: '10'
Key: 'fragment.identifier'
	Value: 'af4ecc7c-1d30-4efd-8a20-8a64bbd1afb5'
Key: 'fragment.index'
	Value: '6'
Key: 'mime.type'
	Value: 'application/json'
Key: 'path'
	Value: '/'
Key: 'record.count'
	Value: '10'
Key: 'segment.original.filename'
	Value: '2025-10-16_14:28:20_car.csv'
Key: 'uuid'
	Value: 'a8863473-f6bc-431e-aa40-c5650c9e58ea'
--------------------------------------------------
2025-10-16 11:28:38,327 INFO [Timer-Driven Process Thread-4] o.a.n.processors.standard.LogAttribute LogAttribute[id=ecc05f84-0199-1000-3197-08d7447c99f8] logging for flow file StandardFlowFileRecord[uuid=039a413e-bc10-46c2-ba3f-ace193a6eeb0,claim=StandardContentClaim [resourceClaim=StandardResourceClaim[id=1760614117828-1, container=default, section=1], offset=2633, length=120],offset=0,name=2025-10-16_14:28:20_car.csv,size=120]
--------------------------------------------------
FlowFile Properties
Key: 'entryDate'
	Value: 'Thu Oct 16 11:28:38 UTC 2025'
Key: 'lineageStartDate'
	Value: 'Thu Oct 16 11:28:37 UTC 2025'
Key: 'fileSize'
	Value: '120'
FlowFile Attribute Map Content
Key: 'absolute.path'
	Value: '/data/'
Key: 'file.creationTime'
	Value: '2025-10-16T11:28:20+0000'
Key: 'file.group'
	Value: 'nifi'
Key: 'file.lastAccessTime'
	Value: '2025-10-16T11:28:22+0000'
Key: 'file.lastModifiedTime'
	Value: '2025-10-16T11:28:20+0000'
Key: 'file.owner'
	Value: 'nifi'
Key: 'file.permissions'
	Value: 'rw-r--r--'
Key: 'filename'
	Value: '2025-10-16_14:28:20_car.csv'
Key: 'fragment.count'
	Value: '10'
Key: 'fragment.identifier'
	Value: 'af4ecc7c-1d30-4efd-8a20-8a64bbd1afb5'
Key: 'fragment.index'
	Value: '7'
Key: 'mime.type'
	Value: 'application/json'
Key: 'path'
	Value: '/'
Key: 'record.count'
	Value: '10'
Key: 'segment.original.filename'
	Value: '2025-10-16_14:28:20_car.csv'
Key: 'uuid'
	Value: '039a413e-bc10-46c2-ba3f-ace193a6eeb0'
--------------------------------------------------
2025-10-16 11:28:38,328 ERROR [Timer-Driven Process Thread-5] o.a.n.p.standard.ConvertJSONToSQL ConvertJSONToSQL[id=ecbdae1f-0199-1000-49b3-be0d5b14ce1b] Failed to convert StandardFlowFileRecord[uuid=9cf6506c-051d-4bb7-a0a2-483324414264,claim=StandardContentClaim [resourceClaim=StandardResourceClaim[id=1760614117828-1, container=default, section=1], offset=2753, length=118],offset=0,name=2025-10-16_14:28:20_car.csv,size=118] into a SQL statement due to org.apache.nifi.processor.exception.ProcessException: java.sql.SQLException: Cannot create PoolableConnectionFactory (FATAL: database "postgres_db
" does not exist); routing to failure
org.apache.nifi.processor.exception.ProcessException: java.sql.SQLException: Cannot create PoolableConnectionFactory (FATAL: database "postgres_db
" does not exist)
	at org.apache.nifi.dbcp.AbstractDBCPConnectionPool.getConnection(AbstractDBCPConnectionPool.java:245)
	at org.apache.nifi.dbcp.AbstractDBCPConnectionPool.getConnection(AbstractDBCPConnectionPool.java:222)
	at org.apache.nifi.dbcp.DBCPService.getConnection(DBCPService.java:55)
	at java.base/jdk.internal.reflect.NativeMethodAccessorImpl.invoke0(Native Method)
	at java.base/jdk.internal.reflect.NativeMethodAccessorImpl.invoke(Unknown Source)
	at java.base/jdk.internal.reflect.DelegatingMethodAccessorImpl.invoke(Unknown Source)
	at java.base/java.lang.reflect.Method.invoke(Unknown Source)
	at org.apache.nifi.controller.service.StandardControllerServiceInvocationHandler.invoke(StandardControllerServiceInvocationHandler.java:254)
	at org.apache.nifi.controller.service.StandardControllerServiceInvocationHandler.invoke(StandardControllerServiceInvocationHandler.java:105)
	at com.sun.proxy.$Proxy107.getConnection(Unknown Source)
	at org.apache.nifi.processors.standard.ConvertJSONToSQL.lambda$onTrigger$0(ConvertJSONToSQL.java:323)
	at com.github.benmanes.caffeine.cache.BoundedLocalCache.lambda$doComputeIfAbsent$14(BoundedLocalCache.java:2406)
	at java.base/java.util.concurrent.ConcurrentHashMap.compute(Unknown Source)
	at com.github.benmanes.caffeine.cache.BoundedLocalCache.doComputeIfAbsent(BoundedLocalCache.java:2404)
	at com.github.benmanes.caffeine.cache.BoundedLocalCache.computeIfAbsent(BoundedLocalCache.java:2387)
	at com.github.benmanes.caffeine.cache.LocalCache.computeIfAbsent(LocalCache.java:108)
	at com.github.benmanes.caffeine.cache.LocalManualCache.get(LocalManualCache.java:62)
	at org.apache.nifi.processors.standard.ConvertJSONToSQL.onTrigger(ConvertJSONToSQL.java:321)
	at org.apache.nifi.processor.AbstractProcessor.onTrigger(AbstractProcessor.java:27)
	at org.apache.nifi.controller.StandardProcessorNode.onTrigger(StandardProcessorNode.java:1361)
	at org.apache.nifi.controller.tasks.ConnectableTask.invoke(ConnectableTask.java:247)
	at org.apache.nifi.controller.scheduling.TimerDrivenSchedulingAgent$1.run(TimerDrivenSchedulingAgent.java:102)
	at org.apache.nifi.engine.FlowEngine$2.run(FlowEngine.java:110)
	at java.base/java.util.concurrent.Executors$RunnableAdapter.call(Unknown Source)
	at java.base/java.util.concurrent.FutureTask.runAndReset(Unknown Source)
	at java.base/java.util.concurrent.ScheduledThreadPoolExecutor$ScheduledFutureTask.run(Unknown Source)
	at java.base/java.util.concurrent.ThreadPoolExecutor.runWorker(Unknown Source)
	at java.base/java.util.concurrent.ThreadPoolExecutor$Worker.run(Unknown Source)
	at java.base/java.lang.Thread.run(Unknown Source)
Caused by: java.sql.SQLException: Cannot create PoolableConnectionFactory (FATAL: database "postgres_db
" does not exist)
	at org.apache.commons.dbcp2.BasicDataSource.createPoolableConnectionFactory(BasicDataSource.java:633)
	at org.apache.commons.dbcp2.BasicDataSource.createDataSource(BasicDataSource.java:535)
	at org.apache.commons.dbcp2.BasicDataSource.getConnection(BasicDataSource.java:711)
	at org.apache.nifi.dbcp.AbstractDBCPConnectionPool.getConnection(AbstractDBCPConnectionPool.java:232)
	... 28 common frames omitted
Caused by: org.postgresql.util.PSQLException: FATAL: database "postgres_db
" does not exist
	at org.postgresql.core.v3.QueryExecutorImpl.receiveErrorResponse(QueryExecutorImpl.java:2725)
	at org.postgresql.core.v3.QueryExecutorImpl.readStartupMessages(QueryExecutorImpl.java:2837)
	at org.postgresql.core.v3.QueryExecutorImpl.<init>(QueryExecutorImpl.java:175)
	at org.postgresql.core.v3.ConnectionFactoryImpl.openConnectionImpl(ConnectionFactoryImpl.java:317)
	at org.postgresql.core.ConnectionFactory.openConnection(ConnectionFactory.java:54)
	at org.postgresql.jdbc.PgConnection.<init>(PgConnection.java:273)
	at org.postgresql.Driver.makeConnection(Driver.java:446)
	at org.postgresql.Driver.connect(Driver.java:298)
	at org.apache.commons.dbcp2.DriverConnectionFactory.createConnection(DriverConnectionFactory.java:52)
	at org.apache.commons.dbcp2.PoolableConnectionFactory.makeObject(PoolableConnectionFactory.java:414)
	at org.apache.commons.dbcp2.BasicDataSource.validateConnectionFactory(BasicDataSource.java:113)
	at org.apache.commons.dbcp2.BasicDataSource.createPoolableConnectionFactory(BasicDataSource.java:629)
	... 31 common frames omitted
2025-10-16 11:28:38,332 ERROR [Timer-Driven Process Thread-5] o.a.n.p.standard.ConvertJSONToSQL ConvertJSONToSQL[id=ecbdae1f-0199-1000-49b3-be0d5b14ce1b] Failed to convert StandardFlowFileRecord[uuid=604ee472-718e-4520-89fc-9caa8fe1d8bd,claim=StandardContentClaim [resourceClaim=StandardResourceClaim[id=1760614117828-1, container=default, section=1], offset=2871, length=132],offset=0,name=2025-10-16_14:28:20_car.csv,size=132] into a SQL statement due to org.apache.nifi.processor.exception.ProcessException: java.sql.SQLException: Cannot create PoolableConnectionFactory (FATAL: database "postgres_db
" does not exist); routing to failure
org.apache.nifi.processor.exception.ProcessException: java.sql.SQLException: Cannot create PoolableConnectionFactory (FATAL: database "postgres_db
" does not exist)
	at org.apache.nifi.dbcp.AbstractDBCPConnectionPool.getConnection(AbstractDBCPConnectionPool.java:245)
	at org.apache.nifi.dbcp.AbstractDBCPConnectionPool.getConnection(AbstractDBCPConnectionPool.java:222)
	at org.apache.nifi.dbcp.DBCPService.getConnection(DBCPService.java:55)
	at java.base/jdk.internal.reflect.NativeMethodAccessorImpl.invoke0(Native Method)
	at java.base/jdk.internal.reflect.NativeMethodAccessorImpl.invoke(Unknown Source)
	at java.base/jdk.internal.reflect.DelegatingMethodAccessorImpl.invoke(Unknown Source)
	at java.base/java.lang.reflect.Method.invoke(Unknown Source)
	at org.apache.nifi.controller.service.StandardControllerServiceInvocationHandler.invoke(StandardControllerServiceInvocationHandler.java:254)
	at org.apache.nifi.controller.service.StandardControllerServiceInvocationHandler.invoke(StandardControllerServiceInvocationHandler.java:105)
	at com.sun.proxy.$Proxy107.getConnection(Unknown Source)
	at org.apache.nifi.processors.standard.ConvertJSONToSQL.lambda$onTrigger$0(ConvertJSONToSQL.java:323)
	at com.github.benmanes.caffeine.cache.BoundedLocalCache.lambda$doComputeIfAbsent$14(BoundedLocalCache.java:2406)
	at java.base/java.util.concurrent.ConcurrentHashMap.compute(Unknown Source)
	at com.github.benmanes.caffeine.cache.BoundedLocalCache.doComputeIfAbsent(BoundedLocalCache.java:2404)
	at com.github.benmanes.caffeine.cache.BoundedLocalCache.computeIfAbsent(BoundedLocalCache.java:2387)
	at com.github.benmanes.caffeine.cache.LocalCache.computeIfAbsent(LocalCache.java:108)
	at com.github.benmanes.caffeine.cache.LocalManualCache.get(LocalManualCache.java:62)
	at org.apache.nifi.processors.standard.ConvertJSONToSQL.onTrigger(ConvertJSONToSQL.java:321)
	at org.apache.nifi.processor.AbstractProcessor.onTrigger(AbstractProcessor.java:27)
	at org.apache.nifi.controller.StandardProcessorNode.onTrigger(StandardProcessorNode.java:1361)
	at org.apache.nifi.controller.tasks.ConnectableTask.invoke(ConnectableTask.java:247)
	at org.apache.nifi.controller.scheduling.TimerDrivenSchedulingAgent$1.run(TimerDrivenSchedulingAgent.java:102)
	at org.apache.nifi.engine.FlowEngine$2.run(FlowEngine.java:110)
	at java.base/java.util.concurrent.Executors$RunnableAdapter.call(Unknown Source)
	at java.base/java.util.concurrent.FutureTask.runAndReset(Unknown Source)
	at java.base/java.util.concurrent.ScheduledThreadPoolExecutor$ScheduledFutureTask.run(Unknown Source)
	at java.base/java.util.concurrent.ThreadPoolExecutor.runWorker(Unknown Source)
	at java.base/java.util.concurrent.ThreadPoolExecutor$Worker.run(Unknown Source)
	at java.base/java.lang.Thread.run(Unknown Source)
Caused by: java.sql.SQLException: Cannot create PoolableConnectionFactory (FATAL: database "postgres_db
" does not exist)
	at org.apache.commons.dbcp2.BasicDataSource.createPoolableConnectionFactory(BasicDataSource.java:633)
	at org.apache.commons.dbcp2.BasicDataSource.createDataSource(BasicDataSource.java:535)
	at org.apache.commons.dbcp2.BasicDataSource.getConnection(BasicDataSource.java:711)
	at org.apache.nifi.dbcp.AbstractDBCPConnectionPool.getConnection(AbstractDBCPConnectionPool.java:232)
	... 28 common frames omitted
Caused by: org.postgresql.util.PSQLException: FATAL: database "postgres_db
" does not exist
	at org.postgresql.core.v3.QueryExecutorImpl.receiveErrorResponse(QueryExecutorImpl.java:2725)
	at org.postgresql.core.v3.QueryExecutorImpl.readStartupMessages(QueryExecutorImpl.java:2837)
	at org.postgresql.core.v3.QueryExecutorImpl.<init>(QueryExecutorImpl.java:175)
	at org.postgresql.core.v3.ConnectionFactoryImpl.openConnectionImpl(ConnectionFactoryImpl.java:317)
	at org.postgresql.core.ConnectionFactory.openConnection(ConnectionFactory.java:54)
	at org.postgresql.jdbc.PgConnection.<init>(PgConnection.java:273)
	at org.postgresql.Driver.makeConnection(Driver.java:446)
	at org.postgresql.Driver.connect(Driver.java:298)
	at org.apache.commons.dbcp2.DriverConnectionFactory.createConnection(DriverConnectionFactory.java:52)
	at org.apache.commons.dbcp2.PoolableConnectionFactory.makeObject(PoolableConnectionFactory.java:414)
	at org.apache.commons.dbcp2.BasicDataSource.validateConnectionFactory(BasicDataSource.java:113)
	at org.apache.commons.dbcp2.BasicDataSource.createPoolableConnectionFactory(BasicDataSource.java:629)
	... 31 common frames omitted
2025-10-16 11:28:38,339 INFO [Timer-Driven Process Thread-5] o.a.n.processors.standard.LogAttribute LogAttribute[id=ecc05f84-0199-1000-3197-08d7447c99f8] logging for flow file StandardFlowFileRecord[uuid=9cf6506c-051d-4bb7-a0a2-483324414264,claim=StandardContentClaim [resourceClaim=StandardResourceClaim[id=1760614117828-1, container=default, section=1], offset=2753, length=118],offset=0,name=2025-10-16_14:28:20_car.csv,size=118]
--------------------------------------------------
FlowFile Properties
Key: 'entryDate'
	Value: 'Thu Oct 16 11:28:38 UTC 2025'
Key: 'lineageStartDate'
	Value: 'Thu Oct 16 11:28:37 UTC 2025'
Key: 'fileSize'
	Value: '118'
FlowFile Attribute Map Content
Key: 'absolute.path'
	Value: '/data/'
Key: 'file.creationTime'
	Value: '2025-10-16T11:28:20+0000'
Key: 'file.group'
	Value: 'nifi'
Key: 'file.lastAccessTime'
	Value: '2025-10-16T11:28:22+0000'
Key: 'file.lastModifiedTime'
	Value: '2025-10-16T11:28:20+0000'
Key: 'file.owner'
	Value: 'nifi'
Key: 'file.permissions'
	Value: 'rw-r--r--'
Key: 'filename'
	Value: '2025-10-16_14:28:20_car.csv'
Key: 'fragment.count'
	Value: '10'
Key: 'fragment.identifier'
	Value: 'af4ecc7c-1d30-4efd-8a20-8a64bbd1afb5'
Key: 'fragment.index'
	Value: '8'
Key: 'mime.type'
	Value: 'application/json'
Key: 'path'
	Value: '/'
Key: 'record.count'
	Value: '10'
Key: 'segment.original.filename'
	Value: '2025-10-16_14:28:20_car.csv'
Key: 'uuid'
	Value: '9cf6506c-051d-4bb7-a0a2-483324414264'
--------------------------------------------------
2025-10-16 11:28:38,340 INFO [Timer-Driven Process Thread-5] o.a.n.processors.standard.LogAttribute LogAttribute[id=ecc05f84-0199-1000-3197-08d7447c99f8] logging for flow file StandardFlowFileRecord[uuid=604ee472-718e-4520-89fc-9caa8fe1d8bd,claim=StandardContentClaim [resourceClaim=StandardResourceClaim[id=1760614117828-1, container=default, section=1], offset=2871, length=132],offset=0,name=2025-10-16_14:28:20_car.csv,size=132]
--------------------------------------------------
FlowFile Properties
Key: 'entryDate'
	Value: 'Thu Oct 16 11:28:38 UTC 2025'
Key: 'lineageStartDate'
	Value: 'Thu Oct 16 11:28:37 UTC 2025'
Key: 'fileSize'
	Value: '132'
FlowFile Attribute Map Content
Key: 'absolute.path'
	Value: '/data/'
Key: 'file.creationTime'
	Value: '2025-10-16T11:28:20+0000'
Key: 'file.group'
	Value: 'nifi'
Key: 'file.lastAccessTime'
	Value: '2025-10-16T11:28:22+0000'
Key: 'file.lastModifiedTime'
	Value: '2025-10-16T11:28:20+0000'
Key: 'file.owner'
	Value: 'nifi'
Key: 'file.permissions'
	Value: 'rw-r--r--'
Key: 'filename'
	Value: '2025-10-16_14:28:20_car.csv'
Key: 'fragment.count'
	Value: '10'
Key: 'fragment.identifier'
	Value: 'af4ecc7c-1d30-4efd-8a20-8a64bbd1afb5'
Key: 'fragment.index'
	Value: '9'
Key: 'mime.type'
	Value: 'application/json'
Key: 'path'
	Value: '/'
Key: 'record.count'
	Value: '10'
Key: 'segment.original.filename'
	Value: '2025-10-16_14:28:20_car.csv'
Key: 'uuid'
	Value: '604ee472-718e-4520-89fc-9caa8fe1d8bd'
--------------------------------------------------
2025-10-16 11:28:50,765 INFO [pool-7-thread-1] o.a.n.c.r.WriteAheadFlowFileRepository Initiating checkpoint of FlowFile Repository
2025-10-16 11:28:50,780 INFO [pool-7-thread-1] o.a.n.wali.SequentialAccessWriteAheadLog Checkpointed Write-Ahead Log with 0 Records and 0 Swap Files in 11 milliseconds (Stop-the-world time = 7 milliseconds), max Transaction ID 19
2025-10-16 11:28:50,780 INFO [pool-7-thread-1] o.a.n.c.r.WriteAheadFlowFileRepository Successfully checkpointed FlowFile Repository with 0 records in 12 milliseconds
2025-10-16 11:29:10,784 INFO [pool-7-thread-1] o.a.n.c.r.WriteAheadFlowFileRepository Initiating checkpoint of FlowFile Repository
2025-10-16 11:29:10,786 INFO [pool-7-thread-1] o.a.n.c.r.WriteAheadFlowFileRepository Successfully checkpointed FlowFile Repository with 0 records in 0 milliseconds
2025-10-16 11:29:28,905 INFO [Cleanup Archive for default] o.a.n.c.repository.FileSystemRepository Successfully deleted 0 files (0 bytes) from archive
2025-10-16 11:29:28,905 INFO [Cleanup Archive for default] o.a.n.c.repository.FileSystemRepository Archive cleanup completed for container default; will now allow writing to this container. Bytes used = 176.26 GB, bytes free = 52.01 GB, capacity = 228.27 GB
2025-10-16 11:29:30,788 INFO [pool-7-thread-1] o.a.n.c.r.WriteAheadFlowFileRepository Initiating checkpoint of FlowFile Repository
2025-10-16 11:29:30,789 INFO [pool-7-thread-1] o.a.n.c.r.WriteAheadFlowFileRepository Successfully checkpointed FlowFile Repository with 0 records in 0 milliseconds
2025-10-16 11:29:50,790 INFO [pool-7-thread-1] o.a.n.c.r.WriteAheadFlowFileRepository Initiating checkpoint of FlowFile Repository
2025-10-16 11:29:50,792 INFO [pool-7-thread-1] o.a.n.c.r.WriteAheadFlowFileRepository Successfully checkpointed FlowFile Repository with 0 records in 0 milliseconds
2025-10-16 11:30:10,792 INFO [pool-7-thread-1] o.a.n.c.r.WriteAheadFlowFileRepository Initiating checkpoint of FlowFile Repository
2025-10-16 11:30:10,796 INFO [pool-7-thread-1] o.a.n.c.r.WriteAheadFlowFileRepository Successfully checkpointed FlowFile Repository with 0 records in 0 milliseconds
2025-10-16 11:30:27,935 INFO [NiFi Web Server-28] o.a.n.c.s.StandardProcessScheduler Stopping ConvertJSONToSQL[id=ecbdae1f-0199-1000-49b3-be0d5b14ce1b]
2025-10-16 11:30:27,935 INFO [NiFi Web Server-28] o.a.n.controller.StandardProcessorNode Stopping processor: ConvertJSONToSQL[id=ecbdae1f-0199-1000-49b3-be0d5b14ce1b]
2025-10-16 11:30:27,941 INFO [Timer-Driven Process Thread-8] o.a.n.c.s.TimerDrivenSchedulingAgent Stopped scheduling ConvertJSONToSQL[id=ecbdae1f-0199-1000-49b3-be0d5b14ce1b] to run
2025-10-16 11:30:27,943 INFO [Timer-Driven Process Thread-8] o.a.n.controller.StandardProcessorNode ConvertJSONToSQL[id=ecbdae1f-0199-1000-49b3-be0d5b14ce1b] has completely stopped. Completing any associated Futures.
2025-10-16 11:30:28,229 INFO [Write-Ahead Local State Provider Maintenance] org.wali.MinimalLockingWriteAheadLog org.wali.MinimalLockingWriteAheadLog@601f58a3 checkpointed with 2 Records and 0 Swap Files in 23 milliseconds (Stop-the-world time = 10 milliseconds, Clear Edit Logs time = 10 millis), max Transaction ID 7
2025-10-16 11:30:28,464 INFO [Flow Service Tasks Thread-2] o.a.nifi.controller.StandardFlowService Saved flow controller org.apache.nifi.controller.FlowController@116ae567 // Another save pending = false
2025-10-16 11:30:29,235 INFO [Cleanup Archive for default] o.a.n.c.repository.FileSystemRepository Successfully deleted 0 files (0 bytes) from archive
2025-10-16 11:30:29,236 INFO [Cleanup Archive for default] o.a.n.c.repository.FileSystemRepository Archive cleanup completed for container default; will now allow writing to this container. Bytes used = 176.27 GB, bytes free = 52.01 GB, capacity = 228.27 GB
2025-10-16 11:30:30,797 INFO [pool-7-thread-1] o.a.n.c.r.WriteAheadFlowFileRepository Initiating checkpoint of FlowFile Repository
2025-10-16 11:30:30,798 INFO [pool-7-thread-1] o.a.n.c.r.WriteAheadFlowFileRepository Successfully checkpointed FlowFile Repository with 0 records in 0 milliseconds
2025-10-16 11:30:50,799 INFO [pool-7-thread-1] o.a.n.c.r.WriteAheadFlowFileRepository Initiating checkpoint of FlowFile Repository
2025-10-16 11:30:50,802 INFO [pool-7-thread-1] o.a.n.c.r.WriteAheadFlowFileRepository Successfully checkpointed FlowFile Repository with 0 records in 0 milliseconds
2025-10-16 11:31:10,805 INFO [pool-7-thread-1] o.a.n.c.r.WriteAheadFlowFileRepository Initiating checkpoint of FlowFile Repository
2025-10-16 11:31:10,808 INFO [pool-7-thread-1] o.a.n.c.r.WriteAheadFlowFileRepository Successfully checkpointed FlowFile Repository with 0 records in 0 milliseconds
2025-10-16 11:31:29,555 INFO [Cleanup Archive for default] o.a.n.c.repository.FileSystemRepository Successfully deleted 0 files (0 bytes) from archive
2025-10-16 11:31:29,556 INFO [Cleanup Archive for default] o.a.n.c.repository.FileSystemRepository Archive cleanup completed for container default; will now allow writing to this container. Bytes used = 176.26 GB, bytes free = 52.02 GB, capacity = 228.27 GB
2025-10-16 11:31:30,810 INFO [pool-7-thread-1] o.a.n.c.r.WriteAheadFlowFileRepository Initiating checkpoint of FlowFile Repository
2025-10-16 11:31:30,811 INFO [pool-7-thread-1] o.a.n.c.r.WriteAheadFlowFileRepository Successfully checkpointed FlowFile Repository with 0 records in 0 milliseconds
2025-10-16 11:31:50,813 INFO [pool-7-thread-1] o.a.n.c.r.WriteAheadFlowFileRepository Initiating checkpoint of FlowFile Repository
2025-10-16 11:31:50,815 INFO [pool-7-thread-1] o.a.n.c.r.WriteAheadFlowFileRepository Successfully checkpointed FlowFile Repository with 0 records in 0 milliseconds
2025-10-16 11:32:10,818 INFO [pool-7-thread-1] o.a.n.c.r.WriteAheadFlowFileRepository Initiating checkpoint of FlowFile Repository
2025-10-16 11:32:10,822 INFO [pool-7-thread-1] o.a.n.c.r.WriteAheadFlowFileRepository Successfully checkpointed FlowFile Repository with 0 records in 0 milliseconds
2025-10-16 11:32:25,155 INFO [main] org.apache.nifi.NiFi Launching NiFi...
2025-10-16 11:32:25,189 INFO [main] o.a.nifi.properties.NiFiPropertiesLoader Loading Application Properties [/opt/nifi/nifi-current/./conf/nifi.properties]
2025-10-16 11:32:25,192 INFO [main] org.apache.nifi.NiFi Application Properties loaded [204]
2025-10-16 11:32:25,201 INFO [main] org.apache.nifi.BootstrapListener Started Bootstrap Listener, Listening for incoming requests on port 41617
2025-10-16 11:32:25,209 INFO [main] org.apache.nifi.BootstrapListener Successfully initiated communication with Bootstrap
2025-10-16 11:32:25,243 INFO [main] org.apache.nifi.nar.NarUnpacker Expanding 131 NAR files started
2025-10-16 11:32:26,102 INFO [main] org.apache.nifi.nar.NarUnpacker Expanded 131 NAR files in 0.858 seconds (858766334 ns)
2025-10-16 11:32:26,792 INFO [main] org.apache.nifi.nar.NarClassLoaders Loaded NAR file: /opt/nifi/nifi-current/./work/nar/extensions/nifi-jetty-bundle-1.24.0.nar-unpacked as class loader org.apache.nifi.nar.NarClassLoader[./work/nar/extensions/nifi-jetty-bundle-1.24.0.nar-unpacked]
2025-10-16 11:32:26,796 INFO [main] org.apache.nifi.nar.NarClassLoaders Loaded NAR file: /opt/nifi/nifi-current/./work/nar/framework/nifi-framework-nar-1.24.0.nar-unpacked as class loader org.apache.nifi.nar.NarClassLoader[./work/nar/framework/nifi-framework-nar-1.24.0.nar-unpacked]
2025-10-16 11:32:27,037 INFO [main] org.apache.nifi.nar.NarClassLoaders Loaded NAR file: /opt/nifi/nifi-current/./work/nar/extensions/nifi-update-attribute-nar-1.24.0.nar-unpacked as class loader org.apache.nifi.nar.NarClassLoader[./work/nar/extensions/nifi-update-attribute-nar-1.24.0.nar-unpacked]
2025-10-16 11:32:27,039 INFO [main] org.apache.nifi.nar.NarClassLoaders Loaded NAR file: /opt/nifi/nifi-current/./work/nar/extensions/nifi-spring-nar-1.24.0.nar-unpacked as class loader org.apache.nifi.nar.NarClassLoader[./work/nar/extensions/nifi-spring-nar-1.24.0.nar-unpacked]
2025-10-16 11:32:27,041 INFO [main] org.apache.nifi.nar.NarClassLoaders Loaded NAR file: /opt/nifi/nifi-current/./work/nar/extensions/nifi-compress-nar-1.24.0.nar-unpacked as class loader org.apache.nifi.nar.NarClassLoader[./work/nar/extensions/nifi-compress-nar-1.24.0.nar-unpacked]
2025-10-16 11:32:27,042 INFO [main] org.apache.nifi.nar.NarClassLoaders Loaded NAR file: /opt/nifi/nifi-current/./work/nar/extensions/nifi-image-viewer-nar-1.24.0.nar-unpacked as class loader org.apache.nifi.nar.NarClassLoader[./work/nar/extensions/nifi-image-viewer-nar-1.24.0.nar-unpacked]
2025-10-16 11:32:27,043 INFO [main] org.apache.nifi.nar.NarClassLoaders Loaded NAR file: /opt/nifi/nifi-current/./work/nar/extensions/nifi-ldap-iaa-providers-nar-1.24.0.nar-unpacked as class loader org.apache.nifi.nar.NarClassLoader[./work/nar/extensions/nifi-ldap-iaa-providers-nar-1.24.0.nar-unpacked]
2025-10-16 11:32:27,051 INFO [main] org.apache.nifi.nar.NarClassLoaders Loaded NAR file: /opt/nifi/nifi-current/./work/nar/extensions/nifi-provenance-repository-nar-1.24.0.nar-unpacked as class loader org.apache.nifi.nar.NarClassLoader[./work/nar/extensions/nifi-provenance-repository-nar-1.24.0.nar-unpacked]
2025-10-16 11:32:27,059 INFO [main] org.apache.nifi.nar.NarClassLoaders Loaded NAR file: /opt/nifi/nifi-current/./work/nar/extensions/nifi-standard-services-api-nar-1.24.0.nar-unpacked as class loader org.apache.nifi.nar.NarClassLoader[./work/nar/extensions/nifi-standard-services-api-nar-1.24.0.nar-unpacked]
2025-10-16 11:32:27,062 INFO [main] org.apache.nifi.nar.NarClassLoaders Loaded NAR file: /opt/nifi/nifi-current/./work/nar/extensions/nifi-email-nar-1.24.0.nar-unpacked as class loader org.apache.nifi.nar.NarClassLoader[./work/nar/extensions/nifi-email-nar-1.24.0.nar-unpacked]
2025-10-16 11:32:27,088 INFO [main] org.apache.nifi.nar.NarClassLoaders Loaded NAR file: /opt/nifi/nifi-current/./work/nar/extensions/nifi-asana-services-api-nar-1.24.0.nar-unpacked as class loader org.apache.nifi.nar.NarClassLoader[./work/nar/extensions/nifi-asana-services-api-nar-1.24.0.nar-unpacked]
2025-10-16 11:32:27,091 INFO [main] org.apache.nifi.nar.NarClassLoaders Loaded NAR file: /opt/nifi/nifi-current/./work/nar/extensions/nifi-ambari-nar-1.24.0.nar-unpacked as class loader org.apache.nifi.nar.NarClassLoader[./work/nar/extensions/nifi-ambari-nar-1.24.0.nar-unpacked]
2025-10-16 11:32:27,093 INFO [main] org.apache.nifi.nar.NarClassLoaders Loaded NAR file: /opt/nifi/nifi-current/./work/nar/extensions/nifi-windows-event-log-nar-1.24.0.nar-unpacked as class loader org.apache.nifi.nar.NarClassLoader[./work/nar/extensions/nifi-windows-event-log-nar-1.24.0.nar-unpacked]
2025-10-16 11:32:27,112 INFO [main] org.apache.nifi.nar.NarClassLoaders Loaded NAR file: /opt/nifi/nifi-current/./work/nar/extensions/nifi-ssl-context-service-nar-1.24.0.nar-unpacked as class loader org.apache.nifi.nar.NarClassLoader[./work/nar/extensions/nifi-ssl-context-service-nar-1.24.0.nar-unpacked]
2025-10-16 11:32:27,118 INFO [main] org.apache.nifi.nar.NarClassLoaders Loaded NAR file: /opt/nifi/nifi-current/./work/nar/extensions/nifi-kerberos-iaa-providers-nar-1.24.0.nar-unpacked as class loader org.apache.nifi.nar.NarClassLoader[./work/nar/extensions/nifi-kerberos-iaa-providers-nar-1.24.0.nar-unpacked]
2025-10-16 11:32:27,120 INFO [main] org.apache.nifi.nar.NarClassLoaders Loaded NAR file: /opt/nifi/nifi-current/./work/nar/extensions/nifi-html-nar-1.24.0.nar-unpacked as class loader org.apache.nifi.nar.NarClassLoader[./work/nar/extensions/nifi-html-nar-1.24.0.nar-unpacked]
2025-10-16 11:32:27,122 INFO [main] org.apache.nifi.nar.NarClassLoaders Loaded NAR file: /opt/nifi/nifi-current/./work/nar/extensions/nifi-rethinkdb-nar-1.24.0.nar-unpacked as class loader org.apache.nifi.nar.NarClassLoader[./work/nar/extensions/nifi-rethinkdb-nar-1.24.0.nar-unpacked]
2025-10-16 11:32:27,125 INFO [main] org.apache.nifi.nar.NarClassLoaders Loaded NAR file: /opt/nifi/nifi-current/./work/nar/extensions/nifi-hl7-nar-1.24.0.nar-unpacked as class loader org.apache.nifi.nar.NarClassLoader[./work/nar/extensions/nifi-hl7-nar-1.24.0.nar-unpacked]
2025-10-16 11:32:27,127 INFO [main] org.apache.nifi.nar.NarClassLoaders Loaded NAR file: /opt/nifi/nifi-current/./work/nar/extensions/nifi-cybersecurity-nar-1.24.0.nar-unpacked as class loader org.apache.nifi.nar.NarClassLoader[./work/nar/extensions/nifi-cybersecurity-nar-1.24.0.nar-unpacked]
2025-10-16 11:32:27,128 INFO [main] org.apache.nifi.nar.NarClassLoaders Loaded NAR file: /opt/nifi/nifi-current/./work/nar/extensions/nifi-http-context-map-nar-1.24.0.nar-unpacked as class loader org.apache.nifi.nar.NarClassLoader[./work/nar/extensions/nifi-http-context-map-nar-1.24.0.nar-unpacked]
2025-10-16 11:32:27,130 INFO [main] org.apache.nifi.nar.NarClassLoaders Loaded NAR file: /opt/nifi/nifi-current/./work/nar/extensions/nifi-kafka-2-0-nar-1.24.0.nar-unpacked as class loader org.apache.nifi.nar.NarClassLoader[./work/nar/extensions/nifi-kafka-2-0-nar-1.24.0.nar-unpacked]
2025-10-16 11:32:27,132 INFO [main] org.apache.nifi.nar.NarClassLoaders Loaded NAR file: /opt/nifi/nifi-current/./work/nar/extensions/nifi-ccda-nar-1.24.0.nar-unpacked as class loader org.apache.nifi.nar.NarClassLoader[./work/nar/extensions/nifi-ccda-nar-1.24.0.nar-unpacked]
2025-10-16 11:32:27,135 INFO [main] org.apache.nifi.nar.NarClassLoaders Loaded NAR file: /opt/nifi/nifi-current/./work/nar/extensions/nifi-stateless-nar-1.24.0.nar-unpacked as class loader org.apache.nifi.nar.NarClassLoader[./work/nar/extensions/nifi-stateless-nar-1.24.0.nar-unpacked]
2025-10-16 11:32:27,145 INFO [main] org.apache.nifi.nar.NarClassLoaders Loaded NAR file: /opt/nifi/nifi-current/./work/nar/extensions/nifi-server-nar-1.24.0.nar-unpacked as class loader org.apache.nifi.nar.NarClassLoader[./work/nar/extensions/nifi-server-nar-1.24.0.nar-unpacked]
2025-10-16 11:32:27,162 INFO [main] org.apache.nifi.nar.NarClassLoaders Loaded NAR file: /opt/nifi/nifi-current/./work/nar/extensions/nifi-metrics-reporter-service-api-nar-1.24.0.nar-unpacked as class loader org.apache.nifi.nar.NarClassLoader[./work/nar/extensions/nifi-metrics-reporter-service-api-nar-1.24.0.nar-unpacked]
2025-10-16 11:32:27,164 INFO [main] org.apache.nifi.nar.NarClassLoaders Loaded NAR file: /opt/nifi/nifi-current/./work/nar/extensions/nifi-prometheus-nar-1.24.0.nar-unpacked as class loader org.apache.nifi.nar.NarClassLoader[./work/nar/extensions/nifi-prometheus-nar-1.24.0.nar-unpacked]
2025-10-16 11:32:27,165 INFO [main] org.apache.nifi.nar.NarClassLoaders Loaded NAR file: /opt/nifi/nifi-current/./work/nar/extensions/nifi-evtx-nar-1.24.0.nar-unpacked as class loader org.apache.nifi.nar.NarClassLoader[./work/nar/extensions/nifi-evtx-nar-1.24.0.nar-unpacked]
2025-10-16 11:32:27,168 INFO [main] org.apache.nifi.nar.NarClassLoaders Loaded NAR file: /opt/nifi/nifi-current/./work/nar/extensions/nifi-single-user-iaa-providers-nar-1.24.0.nar-unpacked as class loader org.apache.nifi.nar.NarClassLoader[./work/nar/extensions/nifi-single-user-iaa-providers-nar-1.24.0.nar-unpacked]
2025-10-16 11:32:27,169 INFO [main] org.apache.nifi.nar.NarClassLoaders Loaded NAR file: /opt/nifi/nifi-current/./work/nar/extensions/nifi-workday-processors-nar-1.24.0.nar-unpacked as class loader org.apache.nifi.nar.NarClassLoader[./work/nar/extensions/nifi-workday-processors-nar-1.24.0.nar-unpacked]
2025-10-16 11:32:27,170 INFO [main] org.apache.nifi.nar.NarClassLoaders Loaded NAR file: /opt/nifi/nifi-current/./work/nar/extensions/nifi-asana-processors-nar-1.24.0.nar-unpacked as class loader org.apache.nifi.nar.NarClassLoader[./work/nar/extensions/nifi-asana-processors-nar-1.24.0.nar-unpacked]
2025-10-16 11:32:27,171 INFO [main] org.apache.nifi.nar.NarClassLoaders Loaded NAR file: /opt/nifi/nifi-current/./work/nar/extensions/nifi-websocket-services-api-nar-1.24.0.nar-unpacked as class loader org.apache.nifi.nar.NarClassLoader[./work/nar/extensions/nifi-websocket-services-api-nar-1.24.0.nar-unpacked]
2025-10-16 11:32:27,171 INFO [main] org.apache.nifi.nar.NarClassLoaders Loaded NAR file: /opt/nifi/nifi-current/./work/nar/extensions/nifi-kerberos-credentials-service-nar-1.24.0.nar-unpacked as class loader org.apache.nifi.nar.NarClassLoader[./work/nar/extensions/nifi-kerberos-credentials-service-nar-1.24.0.nar-unpacked]
2025-10-16 11:32:27,172 INFO [main] org.apache.nifi.nar.NarClassLoaders Loaded NAR file: /opt/nifi/nifi-current/./work/nar/extensions/nifi-tcp-nar-1.24.0.nar-unpacked as class loader org.apache.nifi.nar.NarClassLoader[./work/nar/extensions/nifi-tcp-nar-1.24.0.nar-unpacked]
2025-10-16 11:32:27,172 INFO [main] org.apache.nifi.nar.NarClassLoaders Loaded NAR file: /opt/nifi/nifi-current/./work/nar/extensions/nifi-file-resource-service-nar-1.24.0.nar-unpacked as class loader org.apache.nifi.nar.NarClassLoader[./work/nar/extensions/nifi-file-resource-service-nar-1.24.0.nar-unpacked]
2025-10-16 11:32:27,174 INFO [main] org.apache.nifi.nar.NarClassLoaders Loaded NAR file: /opt/nifi/nifi-current/./work/nar/extensions/nifi-amqp-nar-1.24.0.nar-unpacked as class loader org.apache.nifi.nar.NarClassLoader[./work/nar/extensions/nifi-amqp-nar-1.24.0.nar-unpacked]
2025-10-16 11:32:27,175 INFO [main] org.apache.nifi.nar.NarClassLoaders Loaded NAR file: /opt/nifi/nifi-current/./work/nar/extensions/nifi-kafka-1-0-nar-1.24.0.nar-unpacked as class loader org.apache.nifi.nar.NarClassLoader[./work/nar/extensions/nifi-kafka-1-0-nar-1.24.0.nar-unpacked]
2025-10-16 11:32:27,177 INFO [main] org.apache.nifi.nar.NarClassLoaders Loaded NAR file: /opt/nifi/nifi-current/./work/nar/extensions/nifi-websocket-processors-nar-1.24.0.nar-unpacked as class loader org.apache.nifi.nar.NarClassLoader[./work/nar/extensions/nifi-websocket-processors-nar-1.24.0.nar-unpacked]
2025-10-16 11:32:27,178 INFO [main] org.apache.nifi.nar.NarClassLoaders Loaded NAR file: /opt/nifi/nifi-current/./work/nar/extensions/nifi-distributed-cache-services-nar-1.24.0.nar-unpacked as class loader org.apache.nifi.nar.NarClassLoader[./work/nar/extensions/nifi-distributed-cache-services-nar-1.24.0.nar-unpacked]
2025-10-16 11:32:27,190 INFO [main] org.apache.nifi.nar.NarClassLoaders Loaded NAR file: /opt/nifi/nifi-current/./work/nar/extensions/nifi-hazelcast-services-api-nar-1.24.0.nar-unpacked as class loader org.apache.nifi.nar.NarClassLoader[./work/nar/extensions/nifi-hazelcast-services-api-nar-1.24.0.nar-unpacked]
2025-10-16 11:32:27,193 INFO [main] org.apache.nifi.nar.NarClassLoaders Loaded NAR file: /opt/nifi/nifi-current/./work/nar/extensions/nifi-stateful-analysis-nar-1.24.0.nar-unpacked as class loader org.apache.nifi.nar.NarClassLoader[./work/nar/extensions/nifi-stateful-analysis-nar-1.24.0.nar-unpacked]
2025-10-16 11:32:27,196 INFO [main] org.apache.nifi.nar.NarClassLoaders Loaded NAR file: /opt/nifi/nifi-current/./work/nar/extensions/nifi-proxy-configuration-nar-1.24.0.nar-unpacked as class loader org.apache.nifi.nar.NarClassLoader[./work/nar/extensions/nifi-proxy-configuration-nar-1.24.0.nar-unpacked]
2025-10-16 11:32:27,198 INFO [main] org.apache.nifi.nar.NarClassLoaders Loaded NAR file: /opt/nifi/nifi-current/./work/nar/extensions/nifi-kerberos-user-service-nar-1.24.0.nar-unpacked as class loader org.apache.nifi.nar.NarClassLoader[./work/nar/extensions/nifi-kerberos-user-service-nar-1.24.0.nar-unpacked]
2025-10-16 11:32:27,200 INFO [main] org.apache.nifi.nar.NarClassLoaders Loaded NAR file: /opt/nifi/nifi-current/./work/nar/extensions/nifi-websocket-services-jetty-nar-1.24.0.nar-unpacked as class loader org.apache.nifi.nar.NarClassLoader[./work/nar/extensions/nifi-websocket-services-jetty-nar-1.24.0.nar-unpacked]
2025-10-16 11:32:27,201 INFO [main] org.apache.nifi.nar.NarClassLoaders Loaded NAR file: /opt/nifi/nifi-current/./work/nar/extensions/nifi-asana-services-nar-1.24.0.nar-unpacked as class loader org.apache.nifi.nar.NarClassLoader[./work/nar/extensions/nifi-asana-services-nar-1.24.0.nar-unpacked]
2025-10-16 11:32:27,203 INFO [main] org.apache.nifi.nar.NarClassLoaders Loaded NAR file: /opt/nifi/nifi-current/./work/nar/extensions/nifi-hwx-schema-registry-nar-1.24.0.nar-unpacked as class loader org.apache.nifi.nar.NarClassLoader[./work/nar/extensions/nifi-hwx-schema-registry-nar-1.24.0.nar-unpacked]
2025-10-16 11:32:27,249 INFO [main] org.apache.nifi.nar.NarClassLoaders Loaded NAR file: /opt/nifi/nifi-current/./work/nar/extensions/nifi-couchbase-services-api-nar-1.24.0.nar-unpacked as class loader org.apache.nifi.nar.NarClassLoader[./work/nar/extensions/nifi-couchbase-services-api-nar-1.24.0.nar-unpacked]
2025-10-16 11:32:27,254 INFO [main] org.apache.nifi.nar.NarClassLoaders Loaded NAR file: /opt/nifi/nifi-current/./work/nar/extensions/nifi-hadoop-dbcp-service-nar-1.24.0.nar-unpacked as class loader org.apache.nifi.nar.NarClassLoader[./work/nar/extensions/nifi-hadoop-dbcp-service-nar-1.24.0.nar-unpacked]
2025-10-16 11:32:27,258 INFO [main] org.apache.nifi.nar.NarClassLoaders Loaded NAR file: /opt/nifi/nifi-current/./work/nar/extensions/nifi-dbcp-service-nar-1.24.0.nar-unpacked as class loader org.apache.nifi.nar.NarClassLoader[./work/nar/extensions/nifi-dbcp-service-nar-1.24.0.nar-unpacked]
2025-10-16 11:32:27,260 INFO [main] org.apache.nifi.nar.NarClassLoaders Loaded NAR file: /opt/nifi/nifi-current/./work/nar/extensions/nifi-standard-shared-nar-1.24.0.nar-unpacked as class loader org.apache.nifi.nar.NarClassLoader[./work/nar/extensions/nifi-standard-shared-nar-1.24.0.nar-unpacked]
2025-10-16 11:32:27,269 INFO [main] org.apache.nifi.nar.NarClassLoaders Loaded NAR file: /opt/nifi/nifi-current/./work/nar/extensions/nifi-hbase_2-client-service-nar-1.24.0.nar-unpacked as class loader org.apache.nifi.nar.NarClassLoader[./work/nar/extensions/nifi-hbase_2-client-service-nar-1.24.0.nar-unpacked]
2025-10-16 11:32:27,304 INFO [main] org.apache.nifi.nar.NarClassLoaders Loaded NAR file: /opt/nifi/nifi-current/./work/nar/extensions/nifi-hubspot-nar-1.24.0.nar-unpacked as class loader org.apache.nifi.nar.NarClassLoader[./work/nar/extensions/nifi-hubspot-nar-1.24.0.nar-unpacked]
2025-10-16 11:32:27,305 INFO [main] org.apache.nifi.nar.NarClassLoaders Loaded NAR file: /opt/nifi/nifi-current/./work/nar/extensions/nifi-cassandra-services-api-nar-1.24.0.nar-unpacked as class loader org.apache.nifi.nar.NarClassLoader[./work/nar/extensions/nifi-cassandra-services-api-nar-1.24.0.nar-unpacked]
2025-10-16 11:32:27,306 INFO [main] org.apache.nifi.nar.NarClassLoaders Loaded NAR file: /opt/nifi/nifi-current/./work/nar/extensions/nifi-mongodb-client-service-api-nar-1.24.0.nar-unpacked as class loader org.apache.nifi.nar.NarClassLoader[./work/nar/extensions/nifi-mongodb-client-service-api-nar-1.24.0.nar-unpacked]
2025-10-16 11:32:27,309 INFO [main] org.apache.nifi.nar.NarClassLoaders Loaded NAR file: /opt/nifi/nifi-current/./work/nar/extensions/nifi-grpc-nar-1.24.0.nar-unpacked as class loader org.apache.nifi.nar.NarClassLoader[./work/nar/extensions/nifi-grpc-nar-1.24.0.nar-unpacked]
2025-10-16 11:32:27,327 INFO [main] org.apache.nifi.nar.NarClassLoaders Loaded NAR file: /opt/nifi/nifi-current/./work/nar/extensions/nifi-web-client-provider-service-nar-1.24.0.nar-unpacked as class loader org.apache.nifi.nar.NarClassLoader[./work/nar/extensions/nifi-web-client-provider-service-nar-1.24.0.nar-unpacked]
2025-10-16 11:32:27,328 INFO [main] org.apache.nifi.nar.NarClassLoaders Loaded NAR file: /opt/nifi/nifi-current/./work/nar/extensions/nifi-metrics-reporting-nar-1.24.0.nar-unpacked as class loader org.apache.nifi.nar.NarClassLoader[./work/nar/extensions/nifi-metrics-reporting-nar-1.24.0.nar-unpacked]
2025-10-16 11:32:27,331 INFO [main] org.apache.nifi.nar.NarClassLoaders Loaded NAR file: /opt/nifi/nifi-current/./work/nar/extensions/nifi-zendesk-nar-1.24.0.nar-unpacked as class loader org.apache.nifi.nar.NarClassLoader[./work/nar/extensions/nifi-zendesk-nar-1.24.0.nar-unpacked]
2025-10-16 11:32:27,332 INFO [main] org.apache.nifi.nar.NarClassLoaders Loaded NAR file: /opt/nifi/nifi-current/./work/nar/extensions/nifi-shopify-nar-1.24.0.nar-unpacked as class loader org.apache.nifi.nar.NarClassLoader[./work/nar/extensions/nifi-shopify-nar-1.24.0.nar-unpacked]
2025-10-16 11:32:27,332 INFO [main] org.apache.nifi.nar.NarClassLoaders Loaded NAR file: /opt/nifi/nifi-current/./work/nar/extensions/nifi-cassandra-services-nar-1.24.0.nar-unpacked as class loader org.apache.nifi.nar.NarClassLoader[./work/nar/extensions/nifi-cassandra-services-nar-1.24.0.nar-unpacked]
2025-10-16 11:32:27,337 INFO [main] org.apache.nifi.nar.NarClassLoaders Loaded NAR file: /opt/nifi/nifi-current/./work/nar/extensions/nifi-redis-service-api-nar-1.24.0.nar-unpacked as class loader org.apache.nifi.nar.NarClassLoader[./work/nar/extensions/nifi-redis-service-api-nar-1.24.0.nar-unpacked]
2025-10-16 11:32:27,342 INFO [main] org.apache.nifi.nar.NarClassLoaders Loaded NAR file: /opt/nifi/nifi-current/./work/nar/extensions/nifi-jolt-record-nar-1.24.0.nar-unpacked as class loader org.apache.nifi.nar.NarClassLoader[./work/nar/extensions/nifi-jolt-record-nar-1.24.0.nar-unpacked]
2025-10-16 11:32:27,344 INFO [main] org.apache.nifi.nar.NarClassLoaders Loaded NAR file: /opt/nifi/nifi-current/./work/nar/extensions/nifi-site-to-site-reporting-nar-1.24.0.nar-unpacked as class loader org.apache.nifi.nar.NarClassLoader[./work/nar/extensions/nifi-site-to-site-reporting-nar-1.24.0.nar-unpacked]
2025-10-16 11:32:27,345 INFO [main] org.apache.nifi.nar.NarClassLoaders Loaded NAR file: /opt/nifi/nifi-current/./work/nar/extensions/nifi-hazelcast-services-nar-1.24.0.nar-unpacked as class loader org.apache.nifi.nar.NarClassLoader[./work/nar/extensions/nifi-hazelcast-services-nar-1.24.0.nar-unpacked]
2025-10-16 11:32:27,348 INFO [main] org.apache.nifi.nar.NarClassLoaders Loaded NAR file: /opt/nifi/nifi-current/./work/nar/extensions/nifi-datadog-nar-1.24.0.nar-unpacked as class loader org.apache.nifi.nar.NarClassLoader[./work/nar/extensions/nifi-datadog-nar-1.24.0.nar-unpacked]
2025-10-16 11:32:27,358 INFO [main] org.apache.nifi.nar.NarClassLoaders Loaded NAR file: /opt/nifi/nifi-current/./work/nar/extensions/nifi-couchbase-nar-1.24.0.nar-unpacked as class loader org.apache.nifi.nar.NarClassLoader[./work/nar/extensions/nifi-couchbase-nar-1.24.0.nar-unpacked]
2025-10-16 11:32:27,360 INFO [main] org.apache.nifi.nar.NarClassLoaders Loaded NAR file: /opt/nifi/nifi-current/./work/nar/extensions/nifi-kafka-2-6-nar-1.24.0.nar-unpacked as class loader org.apache.nifi.nar.NarClassLoader[./work/nar/extensions/nifi-kafka-2-6-nar-1.24.0.nar-unpacked]
2025-10-16 11:32:27,366 INFO [main] org.apache.nifi.nar.NarClassLoaders Loaded NAR file: /opt/nifi/nifi-current/./work/nar/extensions/nifi-network-processors-nar-1.24.0.nar-unpacked as class loader org.apache.nifi.nar.NarClassLoader[./work/nar/extensions/nifi-network-processors-nar-1.24.0.nar-unpacked]
2025-10-16 11:32:27,368 INFO [main] org.apache.nifi.nar.NarClassLoaders Loaded NAR file: /opt/nifi/nifi-current/./work/nar/extensions/nifi-record-sink-service-nar-1.24.0.nar-unpacked as class loader org.apache.nifi.nar.NarClassLoader[./work/nar/extensions/nifi-record-sink-service-nar-1.24.0.nar-unpacked]
2025-10-16 11:32:27,369 INFO [main] org.apache.nifi.nar.NarClassLoaders Loaded NAR file: /opt/nifi/nifi-current/./work/nar/extensions/nifi-key-service-nar-1.24.0.nar-unpacked as class loader org.apache.nifi.nar.NarClassLoader[./work/nar/extensions/nifi-key-service-nar-1.24.0.nar-unpacked]
2025-10-16 11:32:27,370 INFO [main] org.apache.nifi.nar.NarClassLoaders Loaded NAR file: /opt/nifi/nifi-current/./work/nar/extensions/nifi-stateless-processor-nar-1.24.0.nar-unpacked as class loader org.apache.nifi.nar.NarClassLoader[./work/nar/extensions/nifi-stateless-processor-nar-1.24.0.nar-unpacked]
2025-10-16 11:32:27,380 INFO [main] org.apache.nifi.nar.NarClassLoaders Loaded NAR file: /opt/nifi/nifi-current/./work/nar/extensions/nifi-hbase-nar-1.24.0.nar-unpacked as class loader org.apache.nifi.nar.NarClassLoader[./work/nar/extensions/nifi-hbase-nar-1.24.0.nar-unpacked]
2025-10-16 11:32:27,383 INFO [main] org.apache.nifi.nar.NarClassLoaders Loaded NAR file: /opt/nifi/nifi-current/./work/nar/extensions/nifi-jslt-nar-1.24.0.nar-unpacked as class loader org.apache.nifi.nar.NarClassLoader[./work/nar/extensions/nifi-jslt-nar-1.24.0.nar-unpacked]
2025-10-16 11:32:27,384 INFO [main] org.apache.nifi.nar.NarClassLoaders Loaded NAR file: /opt/nifi/nifi-current/./work/nar/extensions/nifi-smb-client-api-nar-1.24.0.nar-unpacked as class loader org.apache.nifi.nar.NarClassLoader[./work/nar/extensions/nifi-smb-client-api-nar-1.24.0.nar-unpacked]
2025-10-16 11:32:27,385 INFO [main] org.apache.nifi.nar.NarClassLoaders Loaded NAR file: /opt/nifi/nifi-current/./work/nar/extensions/nifi-registry-nar-1.24.0.nar-unpacked as class loader org.apache.nifi.nar.NarClassLoader[./work/nar/extensions/nifi-registry-nar-1.24.0.nar-unpacked]
2025-10-16 11:32:27,388 INFO [main] org.apache.nifi.nar.NarClassLoaders Loaded NAR file: /opt/nifi/nifi-current/./work/nar/extensions/nifi-redis-nar-1.24.0.nar-unpacked as class loader org.apache.nifi.nar.NarClassLoader[./work/nar/extensions/nifi-redis-nar-1.24.0.nar-unpacked]
2025-10-16 11:32:27,390 INFO [main] org.apache.nifi.nar.NarClassLoaders Loaded NAR file: /opt/nifi/nifi-current/./work/nar/extensions/nifi-pgp-service-api-nar-1.24.0.nar-unpacked as class loader org.apache.nifi.nar.NarClassLoader[./work/nar/extensions/nifi-pgp-service-api-nar-1.24.0.nar-unpacked]
2025-10-16 11:32:27,392 INFO [main] org.apache.nifi.nar.NarClassLoaders Loaded NAR file: /opt/nifi/nifi-current/./work/nar/extensions/nifi-aws-service-api-nar-1.24.0.nar-unpacked as class loader org.apache.nifi.nar.NarClassLoader[./work/nar/extensions/nifi-aws-service-api-nar-1.24.0.nar-unpacked]
2025-10-16 11:32:27,398 INFO [main] org.apache.nifi.nar.NarClassLoaders Loaded NAR file: /opt/nifi/nifi-current/./work/nar/extensions/nifi-dropbox-services-api-nar-1.24.0.nar-unpacked as class loader org.apache.nifi.nar.NarClassLoader[./work/nar/extensions/nifi-dropbox-services-api-nar-1.24.0.nar-unpacked]
2025-10-16 11:32:27,399 INFO [main] org.apache.nifi.nar.NarClassLoaders Loaded NAR file: /opt/nifi/nifi-current/./work/nar/extensions/nifi-flow-registry-client-nar-1.24.0.nar-unpacked as class loader org.apache.nifi.nar.NarClassLoader[./work/nar/extensions/nifi-flow-registry-client-nar-1.24.0.nar-unpacked]
2025-10-16 11:32:27,401 INFO [main] org.apache.nifi.nar.NarClassLoaders Loaded NAR file: /opt/nifi/nifi-current/./work/nar/extensions/nifi-gcp-services-api-nar-1.24.0.nar-unpacked as class loader org.apache.nifi.nar.NarClassLoader[./work/nar/extensions/nifi-gcp-services-api-nar-1.24.0.nar-unpacked]
2025-10-16 11:32:27,406 INFO [main] org.apache.nifi.nar.NarClassLoaders Loaded NAR file: /opt/nifi/nifi-current/./work/nar/extensions/nifi-elasticsearch-client-service-api-nar-1.24.0.nar-unpacked as class loader org.apache.nifi.nar.NarClassLoader[./work/nar/extensions/nifi-elasticsearch-client-service-api-nar-1.24.0.nar-unpacked]
2025-10-16 11:32:27,406 INFO [main] org.apache.nifi.nar.NarClassLoaders Loaded NAR file: /opt/nifi/nifi-current/./work/nar/extensions/nifi-airtable-nar-1.24.0.nar-unpacked as class loader org.apache.nifi.nar.NarClassLoader[./work/nar/extensions/nifi-airtable-nar-1.24.0.nar-unpacked]
2025-10-16 11:32:27,407 INFO [main] org.apache.nifi.nar.NarClassLoaders Loaded NAR file: /opt/nifi/nifi-current/./work/nar/extensions/nifi-language-translation-nar-1.24.0.nar-unpacked as class loader org.apache.nifi.nar.NarClassLoader[./work/nar/extensions/nifi-language-translation-nar-1.24.0.nar-unpacked]
2025-10-16 11:32:27,414 INFO [main] org.apache.nifi.nar.NarClassLoaders Loaded NAR file: /opt/nifi/nifi-current/./work/nar/extensions/nifi-cipher-nar-1.24.0.nar-unpacked as class loader org.apache.nifi.nar.NarClassLoader[./work/nar/extensions/nifi-cipher-nar-1.24.0.nar-unpacked]
2025-10-16 11:32:27,415 INFO [main] org.apache.nifi.nar.NarClassLoaders Loaded NAR file: /opt/nifi/nifi-current/./work/nar/extensions/nifi-snmp-nar-1.24.0.nar-unpacked as class loader org.apache.nifi.nar.NarClassLoader[./work/nar/extensions/nifi-snmp-nar-1.24.0.nar-unpacked]
2025-10-16 11:32:27,416 INFO [main] org.apache.nifi.nar.NarClassLoaders Loaded NAR file: /opt/nifi/nifi-current/./work/nar/extensions/nifi-oauth2-provider-nar-1.24.0.nar-unpacked as class loader org.apache.nifi.nar.NarClassLoader[./work/nar/extensions/nifi-oauth2-provider-nar-1.24.0.nar-unpacked]
2025-10-16 11:32:27,418 INFO [main] org.apache.nifi.nar.NarClassLoaders Loaded NAR file: /opt/nifi/nifi-current/./work/nar/extensions/nifi-elasticsearch-nar-1.24.0.nar-unpacked as class loader org.apache.nifi.nar.NarClassLoader[./work/nar/extensions/nifi-elasticsearch-nar-1.24.0.nar-unpacked]
2025-10-16 11:32:27,421 INFO [main] org.apache.nifi.nar.NarClassLoaders Loaded NAR file: /opt/nifi/nifi-current/./work/nar/extensions/nifi-elasticsearch-restapi-nar-1.24.0.nar-unpacked as class loader org.apache.nifi.nar.NarClassLoader[./work/nar/extensions/nifi-elasticsearch-restapi-nar-1.24.0.nar-unpacked]
2025-10-16 11:32:27,425 INFO [main] org.apache.nifi.nar.NarClassLoaders Loaded NAR file: /opt/nifi/nifi-current/./work/nar/extensions/nifi-box-services-api-nar-1.24.0.nar-unpacked as class loader org.apache.nifi.nar.NarClassLoader[./work/nar/extensions/nifi-box-services-api-nar-1.24.0.nar-unpacked]
2025-10-16 11:32:27,426 INFO [main] org.apache.nifi.nar.NarClassLoaders Loaded NAR file: /opt/nifi/nifi-current/./work/nar/extensions/nifi-salesforce-nar-1.24.0.nar-unpacked as class loader org.apache.nifi.nar.NarClassLoader[./work/nar/extensions/nifi-salesforce-nar-1.24.0.nar-unpacked]
2025-10-16 11:32:27,432 INFO [main] org.apache.nifi.nar.NarClassLoaders Loaded NAR file: /opt/nifi/nifi-current/./work/nar/extensions/nifi-geohash-nar-1.24.0.nar-unpacked as class loader org.apache.nifi.nar.NarClassLoader[./work/nar/extensions/nifi-geohash-nar-1.24.0.nar-unpacked]
2025-10-16 11:32:27,436 INFO [main] org.apache.nifi.nar.NarClassLoaders Loaded NAR file: /opt/nifi/nifi-current/./work/nar/extensions/nifi-cdc-mysql-nar-1.24.0.nar-unpacked as class loader org.apache.nifi.nar.NarClassLoader[./work/nar/extensions/nifi-cdc-mysql-nar-1.24.0.nar-unpacked]
2025-10-16 11:32:27,439 INFO [main] org.apache.nifi.nar.NarClassLoaders Loaded NAR file: /opt/nifi/nifi-current/./work/nar/extensions/nifi-slack-nar-1.24.0.nar-unpacked as class loader org.apache.nifi.nar.NarClassLoader[./work/nar/extensions/nifi-slack-nar-1.24.0.nar-unpacked]
2025-10-16 11:32:27,441 INFO [main] org.apache.nifi.nar.NarClassLoaders Loaded NAR file: /opt/nifi/nifi-current/./work/nar/extensions/nifi-hashicorp-vault-client-service-api-nar-1.24.0.nar-unpacked as class loader org.apache.nifi.nar.NarClassLoader[./work/nar/extensions/nifi-hashicorp-vault-client-service-api-nar-1.24.0.nar-unpacked]
2025-10-16 11:32:27,442 INFO [main] org.apache.nifi.nar.NarClassLoaders Loaded NAR file: /opt/nifi/nifi-current/./work/nar/extensions/nifi-pgp-nar-1.24.0.nar-unpacked as class loader org.apache.nifi.nar.NarClassLoader[./work/nar/extensions/nifi-pgp-nar-1.24.0.nar-unpacked]
2025-10-16 11:32:27,444 INFO [main] org.apache.nifi.nar.NarClassLoaders Loaded NAR file: /opt/nifi/nifi-current/./work/nar/extensions/nifi-scripting-nar-1.24.0.nar-unpacked as class loader org.apache.nifi.nar.NarClassLoader[./work/nar/extensions/nifi-scripting-nar-1.24.0.nar-unpacked]
2025-10-16 11:32:27,485 INFO [main] org.apache.nifi.nar.NarClassLoaders Loaded NAR file: /opt/nifi/nifi-current/./work/nar/extensions/nifi-elasticsearch-client-service-nar-1.24.0.nar-unpacked as class loader org.apache.nifi.nar.NarClassLoader[./work/nar/extensions/nifi-elasticsearch-client-service-nar-1.24.0.nar-unpacked]
2025-10-16 11:32:27,490 INFO [main] org.apache.nifi.nar.NarClassLoaders Loaded NAR file: /opt/nifi/nifi-current/./work/nar/extensions/nifi-mongodb-services-nar-1.24.0.nar-unpacked as class loader org.apache.nifi.nar.NarClassLoader[./work/nar/extensions/nifi-mongodb-services-nar-1.24.0.nar-unpacked]
2025-10-16 11:32:27,493 INFO [main] org.apache.nifi.nar.NarClassLoaders Loaded NAR file: /opt/nifi/nifi-current/./work/nar/extensions/nifi-record-serialization-services-nar-1.24.0.nar-unpacked as class loader org.apache.nifi.nar.NarClassLoader[./work/nar/extensions/nifi-record-serialization-services-nar-1.24.0.nar-unpacked]
2025-10-16 11:32:27,497 INFO [main] org.apache.nifi.nar.NarClassLoaders Loaded NAR file: /opt/nifi/nifi-current/./work/nar/extensions/nifi-social-media-nar-1.24.0.nar-unpacked as class loader org.apache.nifi.nar.NarClassLoader[./work/nar/extensions/nifi-social-media-nar-1.24.0.nar-unpacked]
2025-10-16 11:32:27,503 INFO [main] org.apache.nifi.nar.NarClassLoaders Loaded NAR file: /opt/nifi/nifi-current/./work/nar/extensions/nifi-jms-cf-service-nar-1.24.0.nar-unpacked as class loader org.apache.nifi.nar.NarClassLoader[./work/nar/extensions/nifi-jms-cf-service-nar-1.24.0.nar-unpacked]
2025-10-16 11:32:27,509 INFO [main] org.apache.nifi.nar.NarClassLoaders Loaded NAR file: /opt/nifi/nifi-current/./work/nar/extensions/nifi-hadoop-libraries-nar-1.24.0.nar-unpacked as class loader org.apache.nifi.nar.NarClassLoader[./work/nar/extensions/nifi-hadoop-libraries-nar-1.24.0.nar-unpacked]
2025-10-16 11:32:27,540 INFO [main] org.apache.nifi.nar.NarClassLoaders Loaded NAR file: /opt/nifi/nifi-current/./work/nar/extensions/nifi-poi-nar-1.24.0.nar-unpacked as class loader org.apache.nifi.nar.NarClassLoader[./work/nar/extensions/nifi-poi-nar-1.24.0.nar-unpacked]
2025-10-16 11:32:27,543 INFO [main] org.apache.nifi.nar.NarClassLoaders Loaded NAR file: /opt/nifi/nifi-current/./work/nar/extensions/nifi-dropbox-processors-nar-1.24.0.nar-unpacked as class loader org.apache.nifi.nar.NarClassLoader[./work/nar/extensions/nifi-dropbox-processors-nar-1.24.0.nar-unpacked]
2025-10-16 11:32:27,546 INFO [main] org.apache.nifi.nar.NarClassLoaders Loaded NAR file: /opt/nifi/nifi-current/./work/nar/extensions/nifi-hadoop-nar-1.24.0.nar-unpacked as class loader org.apache.nifi.nar.NarClassLoader[./work/nar/extensions/nifi-hadoop-nar-1.24.0.nar-unpacked]
2025-10-16 11:32:27,551 INFO [main] org.apache.nifi.nar.NarClassLoaders Loaded NAR file: /opt/nifi/nifi-current/./work/nar/extensions/nifi-dropbox-services-nar-1.24.0.nar-unpacked as class loader org.apache.nifi.nar.NarClassLoader[./work/nar/extensions/nifi-dropbox-services-nar-1.24.0.nar-unpacked]
2025-10-16 11:32:27,552 INFO [main] org.apache.nifi.nar.NarClassLoaders Loaded NAR file: /opt/nifi/nifi-current/./work/nar/extensions/nifi-parquet-nar-1.24.0.nar-unpacked as class loader org.apache.nifi.nar.NarClassLoader[./work/nar/extensions/nifi-parquet-nar-1.24.0.nar-unpacked]
2025-10-16 11:32:27,555 INFO [main] org.apache.nifi.nar.NarClassLoaders Loaded NAR file: /opt/nifi/nifi-current/./work/nar/extensions/nifi-solr-nar-1.24.0.nar-unpacked as class loader org.apache.nifi.nar.NarClassLoader[./work/nar/extensions/nifi-solr-nar-1.24.0.nar-unpacked]
2025-10-16 11:32:27,565 INFO [main] org.apache.nifi.nar.NarClassLoaders Loaded NAR file: /opt/nifi/nifi-current/./work/nar/extensions/nifi-confluent-platform-nar-1.24.0.nar-unpacked as class loader org.apache.nifi.nar.NarClassLoader[./work/nar/extensions/nifi-confluent-platform-nar-1.24.0.nar-unpacked]
2025-10-16 11:32:27,572 INFO [main] org.apache.nifi.nar.NarClassLoaders Loaded NAR file: /opt/nifi/nifi-current/./work/nar/extensions/nifi-groovyx-nar-1.24.0.nar-unpacked as class loader org.apache.nifi.nar.NarClassLoader[./work/nar/extensions/nifi-groovyx-nar-1.24.0.nar-unpacked]
2025-10-16 11:32:27,580 INFO [main] org.apache.nifi.nar.NarClassLoaders Loaded NAR file: /opt/nifi/nifi-current/./work/nar/extensions/nifi-kudu-nar-1.24.0.nar-unpacked as class loader org.apache.nifi.nar.NarClassLoader[./work/nar/extensions/nifi-kudu-nar-1.24.0.nar-unpacked]
2025-10-16 11:32:27,586 INFO [main] org.apache.nifi.nar.NarClassLoaders Loaded NAR file: /opt/nifi/nifi-current/./work/nar/extensions/nifi-enrich-nar-1.24.0.nar-unpacked as class loader org.apache.nifi.nar.NarClassLoader[./work/nar/extensions/nifi-enrich-nar-1.24.0.nar-unpacked]
2025-10-16 11:32:27,589 INFO [main] org.apache.nifi.nar.NarClassLoaders Loaded NAR file: /opt/nifi/nifi-current/./work/nar/extensions/nifi-cassandra-nar-1.24.0.nar-unpacked as class loader org.apache.nifi.nar.NarClassLoader[./work/nar/extensions/nifi-cassandra-nar-1.24.0.nar-unpacked]
2025-10-16 11:32:27,594 INFO [main] org.apache.nifi.nar.NarClassLoaders Loaded NAR file: /opt/nifi/nifi-current/./work/nar/extensions/nifi-gcp-nar-1.24.0.nar-unpacked as class loader org.apache.nifi.nar.NarClassLoader[./work/nar/extensions/nifi-gcp-nar-1.24.0.nar-unpacked]
2025-10-16 11:32:27,642 INFO [main] org.apache.nifi.nar.NarClassLoaders Loaded NAR file: /opt/nifi/nifi-current/./work/nar/extensions/nifi-box-nar-1.24.0.nar-unpacked as class loader org.apache.nifi.nar.NarClassLoader[./work/nar/extensions/nifi-box-nar-1.24.0.nar-unpacked]
2025-10-16 11:32:27,644 INFO [main] org.apache.nifi.nar.NarClassLoaders Loaded NAR file: /opt/nifi/nifi-current/./work/nar/extensions/nifi-avro-nar-1.24.0.nar-unpacked as class loader org.apache.nifi.nar.NarClassLoader[./work/nar/extensions/nifi-avro-nar-1.24.0.nar-unpacked]
2025-10-16 11:32:27,646 INFO [main] org.apache.nifi.nar.NarClassLoaders Loaded NAR file: /opt/nifi/nifi-current/./work/nar/extensions/nifi-standard-nar-1.24.0.nar-unpacked as class loader org.apache.nifi.nar.NarClassLoader[./work/nar/extensions/nifi-standard-nar-1.24.0.nar-unpacked]
2025-10-16 11:32:27,676 INFO [main] org.apache.nifi.nar.NarClassLoaders Loaded NAR file: /opt/nifi/nifi-current/./work/nar/extensions/nifi-mongodb-nar-1.24.0.nar-unpacked as class loader org.apache.nifi.nar.NarClassLoader[./work/nar/extensions/nifi-mongodb-nar-1.24.0.nar-unpacked]
2025-10-16 11:32:27,678 INFO [main] org.apache.nifi.nar.NarClassLoaders Loaded NAR file: /opt/nifi/nifi-current/./work/nar/extensions/nifi-hashicorp-vault-nar-1.24.0.nar-unpacked as class loader org.apache.nifi.nar.NarClassLoader[./work/nar/extensions/nifi-hashicorp-vault-nar-1.24.0.nar-unpacked]
2025-10-16 11:32:27,682 INFO [main] org.apache.nifi.nar.NarClassLoaders Loaded NAR file: /opt/nifi/nifi-current/./work/nar/extensions/nifi-smb-smbj-client-nar-1.24.0.nar-unpacked as class loader org.apache.nifi.nar.NarClassLoader[./work/nar/extensions/nifi-smb-smbj-client-nar-1.24.0.nar-unpacked]
2025-10-16 11:32:27,683 INFO [main] org.apache.nifi.nar.NarClassLoaders Loaded NAR file: /opt/nifi/nifi-current/./work/nar/extensions/nifi-mqtt-nar-1.24.0.nar-unpacked as class loader org.apache.nifi.nar.NarClassLoader[./work/nar/extensions/nifi-mqtt-nar-1.24.0.nar-unpacked]
2025-10-16 11:32:27,687 INFO [main] org.apache.nifi.nar.NarClassLoaders Loaded NAR file: /opt/nifi/nifi-current/./work/nar/extensions/nifi-azure-services-api-nar-1.24.0.nar-unpacked as class loader org.apache.nifi.nar.NarClassLoader[./work/nar/extensions/nifi-azure-services-api-nar-1.24.0.nar-unpacked]
2025-10-16 11:32:27,702 INFO [main] org.apache.nifi.nar.NarClassLoaders Loaded NAR file: /opt/nifi/nifi-current/./work/nar/extensions/nifi-lookup-services-nar-1.24.0.nar-unpacked as class loader org.apache.nifi.nar.NarClassLoader[./work/nar/extensions/nifi-lookup-services-nar-1.24.0.nar-unpacked]
2025-10-16 11:32:27,708 INFO [main] org.apache.nifi.nar.NarClassLoaders Loaded NAR file: /opt/nifi/nifi-current/./work/nar/extensions/nifi-opentelemetry-nar-1.24.0.nar-unpacked as class loader org.apache.nifi.nar.NarClassLoader[./work/nar/extensions/nifi-opentelemetry-nar-1.24.0.nar-unpacked]
2025-10-16 11:32:27,712 INFO [main] org.apache.nifi.nar.NarClassLoaders Loaded NAR file: /opt/nifi/nifi-current/./work/nar/extensions/nifi-smb-nar-1.24.0.nar-unpacked as class loader org.apache.nifi.nar.NarClassLoader[./work/nar/extensions/nifi-smb-nar-1.24.0.nar-unpacked]
2025-10-16 11:32:27,714 INFO [main] org.apache.nifi.nar.NarClassLoaders Loaded NAR file: /opt/nifi/nifi-current/./work/nar/extensions/nifi-splunk-nar-1.24.0.nar-unpacked as class loader org.apache.nifi.nar.NarClassLoader[./work/nar/extensions/nifi-splunk-nar-1.24.0.nar-unpacked]
2025-10-16 11:32:27,716 INFO [main] org.apache.nifi.nar.NarClassLoaders Loaded NAR file: /opt/nifi/nifi-current/./work/nar/extensions/nifi-aws-nar-1.24.0.nar-unpacked as class loader org.apache.nifi.nar.NarClassLoader[./work/nar/extensions/nifi-aws-nar-1.24.0.nar-unpacked]
2025-10-16 11:32:27,734 INFO [main] org.apache.nifi.nar.NarClassLoaders Loaded NAR file: /opt/nifi/nifi-current/./work/nar/extensions/nifi-jms-processors-nar-1.24.0.nar-unpacked as class loader org.apache.nifi.nar.NarClassLoader[./work/nar/extensions/nifi-jms-processors-nar-1.24.0.nar-unpacked]
2025-10-16 11:32:27,737 INFO [main] org.apache.nifi.nar.NarClassLoaders Loaded NAR file: /opt/nifi/nifi-current/./work/nar/extensions/nifi-pgp-service-nar-1.24.0.nar-unpacked as class loader org.apache.nifi.nar.NarClassLoader[./work/nar/extensions/nifi-pgp-service-nar-1.24.0.nar-unpacked]
2025-10-16 11:32:27,738 INFO [main] org.apache.nifi.nar.NarClassLoaders Loaded NAR file: /opt/nifi/nifi-current/./work/nar/extensions/nifi-box-services-nar-1.24.0.nar-unpacked as class loader org.apache.nifi.nar.NarClassLoader[./work/nar/extensions/nifi-box-services-nar-1.24.0.nar-unpacked]
2025-10-16 11:32:27,739 INFO [main] org.apache.nifi.nar.NarClassLoaders Loaded NAR file: /opt/nifi/nifi-current/./work/nar/extensions/nifi-azure-nar-1.24.0.nar-unpacked as class loader org.apache.nifi.nar.NarClassLoader[./work/nar/extensions/nifi-azure-nar-1.24.0.nar-unpacked]
2025-10-16 11:32:27,767 INFO [main] org.apache.nifi.nar.NarClassLoaders Found NiFiServer implementation org.apache.nifi.web.server.JettyServer in org.apache.nifi:nifi-server-nar:1.24.0
2025-10-16 11:32:27,780 INFO [main] org.eclipse.jetty.util.log Logging initialized @2821ms to org.eclipse.jetty.util.log.Slf4jLog
2025-10-16 11:32:27,867 INFO [main] org.apache.nifi.web.server.JettyServer Loading WAR [/opt/nifi/nifi-current/./work/nar/extensions/nifi-update-attribute-nar-1.24.0.nar-unpacked/NAR-INF/bundled-dependencies/nifi-update-attribute-ui-1.24.0.war] Context Path [/nifi-update-attribute-ui-1.24.0]
2025-10-16 11:32:27,867 INFO [main] org.apache.nifi.web.server.JettyServer Loading UI extension [ProcessorConfiguration, /nifi-update-attribute-ui-1.24.0] for org.apache.nifi.processors.attributes.UpdateAttribute:org.apache.nifi:nifi-update-attribute-nar:1.24.0
2025-10-16 11:32:27,868 INFO [main] org.apache.nifi.web.server.JettyServer Loading WAR [/opt/nifi/nifi-current/./work/nar/extensions/nifi-image-viewer-nar-1.24.0.nar-unpacked/NAR-INF/bundled-dependencies/nifi-image-viewer-1.24.0.war] Context Path [/nifi-image-viewer-1.24.0]
2025-10-16 11:32:27,869 INFO [main] org.apache.nifi.web.server.JettyServer Loading WAR [/opt/nifi/nifi-current/./work/nar/extensions/nifi-standard-nar-1.24.0.nar-unpacked/NAR-INF/bundled-dependencies/nifi-standard-content-viewer-1.24.0.war] Context Path [/nifi-standard-content-viewer-1.24.0]
2025-10-16 11:32:27,870 INFO [main] org.apache.nifi.web.server.JettyServer Loading WAR [/opt/nifi/nifi-current/./work/nar/extensions/nifi-standard-nar-1.24.0.nar-unpacked/NAR-INF/bundled-dependencies/nifi-jolt-transform-json-ui-1.24.0.war] Context Path [/nifi-jolt-transform-json-ui-1.24.0]
2025-10-16 11:32:27,870 INFO [main] org.apache.nifi.web.server.JettyServer Loading UI extension [ProcessorConfiguration, /nifi-jolt-transform-json-ui-1.24.0] for org.apache.nifi.processors.standard.JoltTransformJSON:org.apache.nifi:nifi-standard-nar:1.24.0
2025-10-16 11:32:27,872 INFO [main] org.apache.nifi.web.server.JettyServer Loading WAR [/opt/nifi/nifi-current/./work/nar/extensions/nifi-server-nar-1.24.0.nar-unpacked/NAR-INF/bundled-dependencies/nifi-web-ui-1.24.0.war] Context Path [/nifi]
2025-10-16 11:32:27,872 INFO [main] org.apache.nifi.web.server.JettyServer Loading WAR [/opt/nifi/nifi-current/./work/nar/extensions/nifi-server-nar-1.24.0.nar-unpacked/NAR-INF/bundled-dependencies/nifi-web-api-1.24.0.war] Context Path [/nifi-api]
2025-10-16 11:32:27,873 INFO [main] org.apache.nifi.web.server.JettyServer Loading WAR [/opt/nifi/nifi-current/./work/nar/extensions/nifi-server-nar-1.24.0.nar-unpacked/NAR-INF/bundled-dependencies/nifi-web-content-viewer-1.24.0.war] Context Path [/nifi-content-viewer]
2025-10-16 11:32:27,873 INFO [main] org.apache.nifi.web.server.JettyServer Loading WAR [/opt/nifi/nifi-current/./work/nar/extensions/nifi-server-nar-1.24.0.nar-unpacked/NAR-INF/bundled-dependencies/nifi-web-docs-1.24.0.war] Context Path [/nifi-docs]
2025-10-16 11:32:27,875 INFO [main] org.apache.nifi.web.server.JettyServer Loading Docs [/opt/nifi/nifi-current/docs] Context Path [/nifi-docs]
2025-10-16 11:32:27,875 INFO [main] org.apache.nifi.web.server.JettyServer Loading WAR [/opt/nifi/nifi-current/./work/nar/extensions/nifi-server-nar-1.24.0.nar-unpacked/NAR-INF/bundled-dependencies/nifi-web-error-1.24.0.war] Context Path [/]
2025-10-16 11:32:27,892 INFO [main] o.a.n.n.StandardExtensionDiscoveringManager Loaded extensions for org.apache.nifi:nifi-jetty-bundle:1.24.0 in 1 millis
2025-10-16 11:32:27,898 INFO [main] o.a.n.n.StandardExtensionDiscoveringManager Loaded extensions for org.apache.nifi:nifi-framework-nar:1.24.0 in 6 millis
2025-10-16 11:32:27,899 INFO [main] o.a.n.n.StandardExtensionDiscoveringManager Loaded extensions for org.apache.nifi:nifi-update-attribute-nar:1.24.0 in 1 millis
2025-10-16 11:32:27,900 INFO [main] o.a.n.n.StandardExtensionDiscoveringManager Loaded extensions for org.apache.nifi:nifi-spring-nar:1.24.0 in 1 millis
2025-10-16 11:32:27,901 INFO [main] o.a.n.n.StandardExtensionDiscoveringManager Loaded extensions for org.apache.nifi:nifi-compress-nar:1.24.0 in 1 millis
2025-10-16 11:32:27,901 INFO [main] o.a.n.n.StandardExtensionDiscoveringManager Loaded extensions for org.apache.nifi:nifi-image-viewer-nar:1.24.0 in 0 millis
2025-10-16 11:32:27,903 INFO [main] o.a.n.n.StandardExtensionDiscoveringManager Loaded extensions for org.apache.nifi:nifi-ldap-iaa-providers-nar:1.24.0 in 1 millis
2025-10-16 11:32:27,904 INFO [main] o.a.n.n.StandardExtensionDiscoveringManager Loaded extensions for org.apache.nifi:nifi-provenance-repository-nar:1.24.0 in 1 millis
2025-10-16 11:32:27,904 INFO [main] o.a.n.n.StandardExtensionDiscoveringManager Loaded extensions for org.apache.nifi:nifi-standard-services-api-nar:1.24.0 in 0 millis
2025-10-16 11:32:27,906 INFO [main] o.a.n.n.StandardExtensionDiscoveringManager Loaded extensions for org.apache.nifi:nifi-email-nar:1.24.0 in 1 millis
2025-10-16 11:32:27,907 INFO [main] o.a.n.n.StandardExtensionDiscoveringManager Loaded extensions for org.apache.nifi:nifi-asana-services-api-nar:1.24.0 in 1 millis
2025-10-16 11:32:27,908 INFO [main] o.a.n.n.StandardExtensionDiscoveringManager Loaded extensions for org.apache.nifi:nifi-ambari-nar:1.24.0 in 1 millis
2025-10-16 11:32:27,909 INFO [main] o.a.n.n.StandardExtensionDiscoveringManager Loaded extensions for org.apache.nifi:nifi-windows-event-log-nar:1.24.0 in 1 millis
2025-10-16 11:32:27,910 INFO [main] o.a.n.n.StandardExtensionDiscoveringManager Loaded extensions for org.apache.nifi:nifi-ssl-context-service-nar:1.24.0 in 1 millis
2025-10-16 11:32:27,911 INFO [main] o.a.n.n.StandardExtensionDiscoveringManager Loaded extensions for org.apache.nifi:nifi-kerberos-iaa-providers-nar:1.24.0 in 1 millis
2025-10-16 11:32:27,912 INFO [main] o.a.n.n.StandardExtensionDiscoveringManager Loaded extensions for org.apache.nifi:nifi-html-nar:1.24.0 in 1 millis
2025-10-16 11:32:27,913 INFO [main] o.a.n.n.StandardExtensionDiscoveringManager Loaded extensions for org.apache.nifi:nifi-rethinkdb-nar:1.24.0 in 1 millis
2025-10-16 11:32:27,914 INFO [main] o.a.n.n.StandardExtensionDiscoveringManager Loaded extensions for org.apache.nifi:nifi-hl7-nar:1.24.0 in 0 millis
2025-10-16 11:32:27,916 INFO [main] o.a.n.n.StandardExtensionDiscoveringManager Loaded extensions for org.apache.nifi:nifi-cybersecurity-nar:1.24.0 in 1 millis
2025-10-16 11:32:27,917 INFO [main] o.a.n.n.StandardExtensionDiscoveringManager Loaded extensions for org.apache.nifi:nifi-http-context-map-nar:1.24.0 in 1 millis
2025-10-16 11:32:27,918 INFO [main] o.a.n.n.StandardExtensionDiscoveringManager Loaded extensions for org.apache.nifi:nifi-kafka-2-0-nar:1.24.0 in 1 millis
2025-10-16 11:32:27,920 INFO [main] o.a.n.n.StandardExtensionDiscoveringManager Loaded extensions for org.apache.nifi:nifi-ccda-nar:1.24.0 in 1 millis
2025-10-16 11:32:27,922 INFO [main] o.a.n.n.StandardExtensionDiscoveringManager Loaded extensions for org.apache.nifi:nifi-stateless-nar:1.24.0 in 1 millis
2025-10-16 11:32:28,017 INFO [main] o.a.n.n.StandardExtensionDiscoveringManager Loaded extensions for org.apache.nifi:nifi-server-nar:1.24.0 in 95 millis
2025-10-16 11:32:28,019 INFO [main] o.a.n.n.StandardExtensionDiscoveringManager Loaded extensions for org.apache.nifi:nifi-metrics-reporter-service-api-nar:1.24.0 in 2 millis
2025-10-16 11:32:28,022 INFO [main] o.a.n.n.StandardExtensionDiscoveringManager Loaded extensions for org.apache.nifi:nifi-prometheus-nar:1.24.0 in 3 millis
2025-10-16 11:32:28,024 INFO [main] o.a.n.n.StandardExtensionDiscoveringManager Loaded extensions for org.apache.nifi:nifi-evtx-nar:1.24.0 in 2 millis
2025-10-16 11:32:28,025 INFO [main] o.a.n.n.StandardExtensionDiscoveringManager Loaded extensions for org.apache.nifi:nifi-single-user-iaa-providers-nar:1.24.0 in 1 millis
2025-10-16 11:32:28,028 INFO [main] o.a.n.n.StandardExtensionDiscoveringManager Loaded extensions for org.apache.nifi:nifi-workday-processors-nar:1.24.0 in 2 millis
2025-10-16 11:32:28,030 INFO [main] o.a.n.n.StandardExtensionDiscoveringManager Loaded extensions for org.apache.nifi:nifi-asana-processors-nar:1.24.0 in 2 millis
2025-10-16 11:32:28,032 INFO [main] o.a.n.n.StandardExtensionDiscoveringManager Loaded extensions for org.apache.nifi:nifi-websocket-services-api-nar:1.24.0 in 2 millis
2025-10-16 11:32:28,034 INFO [main] o.a.n.n.StandardExtensionDiscoveringManager Loaded extensions for org.apache.nifi:nifi-kerberos-credentials-service-nar:1.24.0 in 2 millis
2025-10-16 11:32:28,036 INFO [main] o.a.n.n.StandardExtensionDiscoveringManager Loaded extensions for org.apache.nifi:nifi-tcp-nar:1.24.0 in 2 millis
2025-10-16 11:32:28,037 INFO [main] o.a.n.n.StandardExtensionDiscoveringManager Loaded extensions for org.apache.nifi:nifi-file-resource-service-nar:1.24.0 in 1 millis
2025-10-16 11:32:28,039 INFO [main] o.a.n.n.StandardExtensionDiscoveringManager Loaded extensions for org.apache.nifi:nifi-amqp-nar:1.24.0 in 1 millis
2025-10-16 11:32:28,041 INFO [main] o.a.n.n.StandardExtensionDiscoveringManager Loaded extensions for org.apache.nifi:nifi-kafka-1-0-nar:1.24.0 in 2 millis
2025-10-16 11:32:28,043 INFO [main] o.a.n.n.StandardExtensionDiscoveringManager Loaded extensions for org.apache.nifi:nifi-websocket-processors-nar:1.24.0 in 2 millis
2025-10-16 11:32:28,045 INFO [main] o.a.n.n.StandardExtensionDiscoveringManager Loaded extensions for org.apache.nifi:nifi-distributed-cache-services-nar:1.24.0 in 2 millis
2025-10-16 11:32:28,047 INFO [main] o.a.n.n.StandardExtensionDiscoveringManager Loaded extensions for org.apache.nifi:nifi-hazelcast-services-api-nar:1.24.0 in 2 millis
2025-10-16 11:32:28,049 INFO [main] o.a.n.n.StandardExtensionDiscoveringManager Loaded extensions for org.apache.nifi:nifi-stateful-analysis-nar:1.24.0 in 2 millis
2025-10-16 11:32:28,051 INFO [main] o.a.n.n.StandardExtensionDiscoveringManager Loaded extensions for org.apache.nifi:nifi-proxy-configuration-nar:1.24.0 in 2 millis
2025-10-16 11:32:28,053 INFO [main] o.a.n.n.StandardExtensionDiscoveringManager Loaded extensions for org.apache.nifi:nifi-kerberos-user-service-nar:1.24.0 in 1 millis
2025-10-16 11:32:28,055 INFO [main] o.a.n.n.StandardExtensionDiscoveringManager Loaded extensions for org.apache.nifi:nifi-websocket-services-jetty-nar:1.24.0 in 2 millis
2025-10-16 11:32:28,057 INFO [main] o.a.n.n.StandardExtensionDiscoveringManager Loaded extensions for org.apache.nifi:nifi-asana-services-nar:1.24.0 in 2 millis
2025-10-16 11:32:28,066 INFO [main] o.a.n.n.StandardExtensionDiscoveringManager Loaded extensions for org.apache.nifi:nifi-hwx-schema-registry-nar:1.24.0 in 9 millis
2025-10-16 11:32:28,069 INFO [main] o.a.n.n.StandardExtensionDiscoveringManager Loaded extensions for org.apache.nifi:nifi-couchbase-services-api-nar:1.24.0 in 2 millis
2025-10-16 11:32:28,073 INFO [main] o.a.n.n.StandardExtensionDiscoveringManager Loaded extensions for org.apache.nifi:nifi-hadoop-dbcp-service-nar:1.24.0 in 2 millis
2025-10-16 11:32:28,075 INFO [main] o.a.n.n.StandardExtensionDiscoveringManager Loaded extensions for org.apache.nifi:nifi-dbcp-service-nar:1.24.0 in 2 millis
2025-10-16 11:32:28,076 INFO [main] o.a.n.n.StandardExtensionDiscoveringManager Loaded extensions for org.apache.nifi:nifi-standard-shared-nar:1.24.0 in 1 millis
2025-10-16 11:32:28,079 INFO [main] o.a.n.n.StandardExtensionDiscoveringManager Loaded extensions for org.apache.nifi:nifi-hbase_2-client-service-nar:1.24.0 in 3 millis
2025-10-16 11:32:28,081 INFO [main] o.a.n.n.StandardExtensionDiscoveringManager Loaded extensions for org.apache.nifi:nifi-hubspot-nar:1.24.0 in 2 millis
2025-10-16 11:32:28,082 INFO [main] o.a.n.n.StandardExtensionDiscoveringManager Loaded extensions for org.apache.nifi:nifi-cassandra-services-api-nar:1.24.0 in 1 millis
2025-10-16 11:32:28,084 INFO [main] o.a.n.n.StandardExtensionDiscoveringManager Loaded extensions for org.apache.nifi:nifi-mongodb-client-service-api-nar:1.24.0 in 2 millis
2025-10-16 11:32:28,086 INFO [main] o.a.n.n.StandardExtensionDiscoveringManager Loaded extensions for org.apache.nifi:nifi-grpc-nar:1.24.0 in 2 millis
2025-10-16 11:32:28,088 INFO [main] o.a.n.n.StandardExtensionDiscoveringManager Loaded extensions for org.apache.nifi:nifi-web-client-provider-service-nar:1.24.0 in 2 millis
2025-10-16 11:32:28,090 INFO [main] o.a.n.n.StandardExtensionDiscoveringManager Loaded extensions for org.apache.nifi:nifi-metrics-reporting-nar:1.24.0 in 2 millis
2025-10-16 11:32:28,093 INFO [main] o.a.n.n.StandardExtensionDiscoveringManager Loaded extensions for org.apache.nifi:nifi-zendesk-nar:1.24.0 in 3 millis
2025-10-16 11:32:28,095 INFO [main] o.a.n.n.StandardExtensionDiscoveringManager Loaded extensions for org.apache.nifi:nifi-shopify-nar:1.24.0 in 2 millis
2025-10-16 11:32:28,097 INFO [main] o.a.n.n.StandardExtensionDiscoveringManager Loaded extensions for org.apache.nifi:nifi-cassandra-services-nar:1.24.0 in 2 millis
2025-10-16 11:32:28,099 INFO [main] o.a.n.n.StandardExtensionDiscoveringManager Loaded extensions for org.apache.nifi:nifi-redis-service-api-nar:1.24.0 in 2 millis
2025-10-16 11:32:28,101 INFO [main] o.a.n.n.StandardExtensionDiscoveringManager Loaded extensions for org.apache.nifi:nifi-jolt-record-nar:1.24.0 in 2 millis
2025-10-16 11:32:28,103 INFO [main] o.a.n.n.StandardExtensionDiscoveringManager Loaded extensions for org.apache.nifi:nifi-site-to-site-reporting-nar:1.24.0 in 2 millis
2025-10-16 11:32:28,105 INFO [main] o.a.n.n.StandardExtensionDiscoveringManager Loaded extensions for org.apache.nifi:nifi-hazelcast-services-nar:1.24.0 in 2 millis
2025-10-16 11:32:28,107 INFO [main] o.a.n.n.StandardExtensionDiscoveringManager Loaded extensions for org.apache.nifi:nifi-datadog-nar:1.24.0 in 2 millis
2025-10-16 11:32:28,109 INFO [main] o.a.n.n.StandardExtensionDiscoveringManager Loaded extensions for org.apache.nifi:nifi-couchbase-nar:1.24.0 in 2 millis
2025-10-16 11:32:28,111 INFO [main] o.a.n.n.StandardExtensionDiscoveringManager Loaded extensions for org.apache.nifi:nifi-kafka-2-6-nar:1.24.0 in 2 millis
2025-10-16 11:32:28,113 INFO [main] o.a.n.n.StandardExtensionDiscoveringManager Loaded extensions for org.apache.nifi:nifi-network-processors-nar:1.24.0 in 2 millis
2025-10-16 11:32:28,115 INFO [main] o.a.n.n.StandardExtensionDiscoveringManager Loaded extensions for org.apache.nifi:nifi-record-sink-service-nar:1.24.0 in 1 millis
2025-10-16 11:32:28,117 INFO [main] o.a.n.n.StandardExtensionDiscoveringManager Loaded extensions for org.apache.nifi:nifi-key-service-nar:1.24.0 in 2 millis
2025-10-16 11:32:28,119 INFO [main] o.a.n.n.StandardExtensionDiscoveringManager Loaded extensions for org.apache.nifi:nifi-stateless-processor-nar:1.24.0 in 2 millis
2025-10-16 11:32:28,121 INFO [main] o.a.n.n.StandardExtensionDiscoveringManager Loaded extensions for org.apache.nifi:nifi-hbase-nar:1.24.0 in 2 millis
2025-10-16 11:32:28,123 INFO [main] o.a.n.n.StandardExtensionDiscoveringManager Loaded extensions for org.apache.nifi:nifi-jslt-nar:1.24.0 in 2 millis
2025-10-16 11:32:28,125 INFO [main] o.a.n.n.StandardExtensionDiscoveringManager Loaded extensions for org.apache.nifi:nifi-smb-client-api-nar:1.24.0 in 2 millis
2025-10-16 11:32:28,127 INFO [main] o.a.n.n.StandardExtensionDiscoveringManager Loaded extensions for org.apache.nifi:nifi-registry-nar:1.24.0 in 2 millis
2025-10-16 11:32:28,129 INFO [main] o.a.n.n.StandardExtensionDiscoveringManager Loaded extensions for org.apache.nifi:nifi-redis-nar:1.24.0 in 2 millis
2025-10-16 11:32:28,130 INFO [main] o.a.n.n.StandardExtensionDiscoveringManager Loaded extensions for org.apache.nifi:nifi-pgp-service-api-nar:1.24.0 in 1 millis
2025-10-16 11:32:28,132 INFO [main] o.a.n.n.StandardExtensionDiscoveringManager Loaded extensions for org.apache.nifi:nifi-aws-service-api-nar:1.24.0 in 1 millis
2025-10-16 11:32:28,134 INFO [main] o.a.n.n.StandardExtensionDiscoveringManager Loaded extensions for org.apache.nifi:nifi-dropbox-services-api-nar:1.24.0 in 2 millis
2025-10-16 11:32:28,136 INFO [main] o.a.n.n.StandardExtensionDiscoveringManager Loaded extensions for org.apache.nifi:nifi-flow-registry-client-nar:1.24.0 in 2 millis
2025-10-16 11:32:28,137 INFO [main] o.a.n.n.StandardExtensionDiscoveringManager Loaded extensions for org.apache.nifi:nifi-gcp-services-api-nar:1.24.0 in 1 millis
2025-10-16 11:32:28,141 INFO [main] o.a.n.n.StandardExtensionDiscoveringManager Loaded extensions for org.apache.nifi:nifi-elasticsearch-client-service-api-nar:1.24.0 in 4 millis
2025-10-16 11:32:28,143 INFO [main] o.a.n.n.StandardExtensionDiscoveringManager Loaded extensions for org.apache.nifi:nifi-airtable-nar:1.24.0 in 1 millis
2025-10-16 11:32:28,145 INFO [main] o.a.n.n.StandardExtensionDiscoveringManager Loaded extensions for org.apache.nifi:nifi-language-translation-nar:1.24.0 in 1 millis
2025-10-16 11:32:28,147 INFO [main] o.a.n.n.StandardExtensionDiscoveringManager Loaded extensions for org.apache.nifi:nifi-cipher-nar:1.24.0 in 2 millis
2025-10-16 11:32:28,149 INFO [main] o.a.n.n.StandardExtensionDiscoveringManager Loaded extensions for org.apache.nifi:nifi-snmp-nar:1.24.0 in 2 millis
2025-10-16 11:32:28,150 INFO [main] o.a.n.n.StandardExtensionDiscoveringManager Loaded extensions for org.apache.nifi:nifi-oauth2-provider-nar:1.24.0 in 1 millis
2025-10-16 11:32:28,152 INFO [main] o.a.n.n.StandardExtensionDiscoveringManager Loaded extensions for org.apache.nifi:nifi-elasticsearch-nar:1.24.0 in 1 millis
2025-10-16 11:32:28,154 INFO [main] o.a.n.n.StandardExtensionDiscoveringManager Loaded extensions for org.apache.nifi:nifi-elasticsearch-restapi-nar:1.24.0 in 1 millis
2025-10-16 11:32:28,156 INFO [main] o.a.n.n.StandardExtensionDiscoveringManager Loaded extensions for org.apache.nifi:nifi-box-services-api-nar:1.24.0 in 2 millis
2025-10-16 11:32:28,157 INFO [main] o.a.n.n.StandardExtensionDiscoveringManager Loaded extensions for org.apache.nifi:nifi-salesforce-nar:1.24.0 in 1 millis
2025-10-16 11:32:28,159 INFO [main] o.a.n.n.StandardExtensionDiscoveringManager Loaded extensions for org.apache.nifi:nifi-geohash-nar:1.24.0 in 2 millis
2025-10-16 11:32:28,161 INFO [main] o.a.n.n.StandardExtensionDiscoveringManager Loaded extensions for org.apache.nifi:nifi-cdc-mysql-nar:1.24.0 in 2 millis
2025-10-16 11:32:28,163 INFO [main] o.a.n.n.StandardExtensionDiscoveringManager Loaded extensions for org.apache.nifi:nifi-slack-nar:1.24.0 in 2 millis
2025-10-16 11:32:28,164 INFO [main] o.a.n.n.StandardExtensionDiscoveringManager Loaded extensions for org.apache.nifi:nifi-hashicorp-vault-client-service-api-nar:1.24.0 in 1 millis
2025-10-16 11:32:28,167 INFO [main] o.a.n.n.StandardExtensionDiscoveringManager Loaded extensions for org.apache.nifi:nifi-pgp-nar:1.24.0 in 3 millis
2025-10-16 11:32:28,169 INFO [main] o.a.n.n.StandardExtensionDiscoveringManager Loaded extensions for org.apache.nifi:nifi-scripting-nar:1.24.0 in 2 millis
2025-10-16 11:32:28,170 INFO [main] o.a.n.n.StandardExtensionDiscoveringManager Loaded extensions for org.apache.nifi:nifi-elasticsearch-client-service-nar:1.24.0 in 1 millis
2025-10-16 11:32:28,173 INFO [main] o.a.n.n.StandardExtensionDiscoveringManager Loaded extensions for org.apache.nifi:nifi-mongodb-services-nar:1.24.0 in 2 millis
2025-10-16 11:32:28,176 INFO [main] o.a.n.n.StandardExtensionDiscoveringManager Loaded extensions for org.apache.nifi:nifi-record-serialization-services-nar:1.24.0 in 2 millis
2025-10-16 11:32:28,178 INFO [main] o.a.n.n.StandardExtensionDiscoveringManager Loaded extensions for org.apache.nifi:nifi-social-media-nar:1.24.0 in 2 millis
2025-10-16 11:32:28,180 INFO [main] o.a.n.n.StandardExtensionDiscoveringManager Loaded extensions for org.apache.nifi:nifi-jms-cf-service-nar:1.24.0 in 2 millis
2025-10-16 11:32:28,184 INFO [main] o.a.n.n.StandardExtensionDiscoveringManager Loaded extensions for org.apache.nifi:nifi-hadoop-libraries-nar:1.24.0 in 4 millis
2025-10-16 11:32:28,197 INFO [main] o.a.n.n.StandardExtensionDiscoveringManager Loaded extensions for org.apache.nifi:nifi-poi-nar:1.24.0 in 13 millis
2025-10-16 11:32:28,200 INFO [main] o.a.n.n.StandardExtensionDiscoveringManager Loaded extensions for org.apache.nifi:nifi-dropbox-processors-nar:1.24.0 in 3 millis
2025-10-16 11:32:28,204 INFO [main] o.a.n.n.StandardExtensionDiscoveringManager Loaded extensions for org.apache.nifi:nifi-hadoop-nar:1.24.0 in 4 millis
2025-10-16 11:32:28,207 INFO [main] o.a.n.n.StandardExtensionDiscoveringManager Loaded extensions for org.apache.nifi:nifi-dropbox-services-nar:1.24.0 in 3 millis
2025-10-16 11:32:28,211 INFO [main] o.a.n.n.StandardExtensionDiscoveringManager Loaded extensions for org.apache.nifi:nifi-parquet-nar:1.24.0 in 4 millis
2025-10-16 11:32:28,214 INFO [main] o.a.n.n.StandardExtensionDiscoveringManager Loaded extensions for org.apache.nifi:nifi-solr-nar:1.24.0 in 3 millis
2025-10-16 11:32:28,217 INFO [main] o.a.n.n.StandardExtensionDiscoveringManager Loaded extensions for org.apache.nifi:nifi-confluent-platform-nar:1.24.0 in 3 millis
2025-10-16 11:32:28,219 INFO [main] o.a.n.n.StandardExtensionDiscoveringManager Loaded extensions for org.apache.nifi:nifi-groovyx-nar:1.24.0 in 2 millis
2025-10-16 11:32:28,224 INFO [main] o.a.n.n.StandardExtensionDiscoveringManager Loaded extensions for org.apache.nifi:nifi-kudu-nar:1.24.0 in 5 millis
2025-10-16 11:32:28,227 INFO [main] o.a.n.n.StandardExtensionDiscoveringManager Loaded extensions for org.apache.nifi:nifi-enrich-nar:1.24.0 in 3 millis
2025-10-16 11:32:28,230 INFO [main] o.a.n.n.StandardExtensionDiscoveringManager Loaded extensions for org.apache.nifi:nifi-cassandra-nar:1.24.0 in 2 millis
2025-10-16 11:32:28,235 INFO [main] o.a.n.n.StandardExtensionDiscoveringManager Loaded extensions for org.apache.nifi:nifi-gcp-nar:1.24.0 in 4 millis
2025-10-16 11:32:28,238 INFO [main] o.a.n.n.StandardExtensionDiscoveringManager Loaded extensions for org.apache.nifi:nifi-box-nar:1.24.0 in 3 millis
2025-10-16 11:32:28,241 INFO [main] o.a.n.n.StandardExtensionDiscoveringManager Loaded extensions for org.apache.nifi:nifi-avro-nar:1.24.0 in 3 millis
2025-10-16 11:32:28,245 INFO [main] o.a.n.n.StandardExtensionDiscoveringManager Loaded extensions for org.apache.nifi:nifi-standard-nar:1.24.0 in 4 millis
2025-10-16 11:32:28,248 INFO [main] o.a.n.n.StandardExtensionDiscoveringManager Loaded extensions for org.apache.nifi:nifi-mongodb-nar:1.24.0 in 3 millis
2025-10-16 11:32:28,251 INFO [main] o.a.n.n.StandardExtensionDiscoveringManager Loaded extensions for org.apache.nifi:nifi-hashicorp-vault-nar:1.24.0 in 3 millis
2025-10-16 11:32:28,254 INFO [main] o.a.n.n.StandardExtensionDiscoveringManager Loaded extensions for org.apache.nifi:nifi-smb-smbj-client-nar:1.24.0 in 3 millis
2025-10-16 11:32:28,257 INFO [main] o.a.n.n.StandardExtensionDiscoveringManager Loaded extensions for org.apache.nifi:nifi-mqtt-nar:1.24.0 in 3 millis
2025-10-16 11:32:28,260 INFO [main] o.a.n.n.StandardExtensionDiscoveringManager Loaded extensions for org.apache.nifi:nifi-azure-services-api-nar:1.24.0 in 3 millis
2025-10-16 11:32:28,262 INFO [main] o.a.n.n.StandardExtensionDiscoveringManager Loaded extensions for org.apache.nifi:nifi-lookup-services-nar:1.24.0 in 2 millis
2025-10-16 11:32:28,268 INFO [main] o.a.n.n.StandardExtensionDiscoveringManager Loaded extensions for org.apache.nifi:nifi-opentelemetry-nar:1.24.0 in 6 millis
2025-10-16 11:32:28,271 INFO [main] o.a.n.n.StandardExtensionDiscoveringManager Loaded extensions for org.apache.nifi:nifi-smb-nar:1.24.0 in 3 millis
2025-10-16 11:32:28,273 INFO [main] o.a.n.n.StandardExtensionDiscoveringManager Loaded extensions for org.apache.nifi:nifi-splunk-nar:1.24.0 in 2 millis
2025-10-16 11:32:28,277 INFO [main] o.a.n.n.StandardExtensionDiscoveringManager Loaded extensions for org.apache.nifi:nifi-aws-nar:1.24.0 in 4 millis
2025-10-16 11:32:28,280 INFO [main] o.a.n.n.StandardExtensionDiscoveringManager Loaded extensions for org.apache.nifi:nifi-jms-processors-nar:1.24.0 in 3 millis
2025-10-16 11:32:28,283 INFO [main] o.a.n.n.StandardExtensionDiscoveringManager Loaded extensions for org.apache.nifi:nifi-pgp-service-nar:1.24.0 in 3 millis
2025-10-16 11:32:28,285 INFO [main] o.a.n.n.StandardExtensionDiscoveringManager Loaded extensions for org.apache.nifi:nifi-box-services-nar:1.24.0 in 2 millis
2025-10-16 11:32:28,289 INFO [main] o.a.n.n.StandardExtensionDiscoveringManager Loaded extensions for org.apache.nifi:nifi-azure-nar:1.24.0 in 3 millis
2025-10-16 11:32:28,290 INFO [main] o.a.n.n.StandardExtensionDiscoveringManager Extension Type Mapping to Bundle:
	=== ControllerService Type ===
	org.apache.nifi.record.sink.kafka.KafkaRecordSink_2_0
		org.apache.nifi:nifi-kafka-2-0-nar:1.24.0 || ./work/nar/extensions/nifi-kafka-2-0-nar-1.24.0.nar-unpacked
	org.apache.nifi.hbase.HBase_2_ClientMapCacheService
		org.apache.nifi:nifi-hbase_2-client-service-nar:1.24.0 || ./work/nar/extensions/nifi-hbase_2-client-service-nar-1.24.0.nar-unpacked
	org.apache.nifi.lookup.RestLookupService
		org.apache.nifi:nifi-lookup-services-nar:1.24.0 || ./work/nar/extensions/nifi-lookup-services-nar-1.24.0.nar-unpacked
	org.apache.nifi.aws.schemaregistry.AmazonGlueSchemaRegistry
		org.apache.nifi:nifi-aws-nar:1.24.0 || ./work/nar/extensions/nifi-aws-nar-1.24.0.nar-unpacked
	org.apache.nifi.couchbase.CouchbaseClusterService
		org.apache.nifi:nifi-couchbase-nar:1.24.0 || ./work/nar/extensions/nifi-couchbase-nar-1.24.0.nar-unpacked
	org.apache.nifi.couchbase.CouchbaseKeyValueLookupService
		org.apache.nifi:nifi-couchbase-nar:1.24.0 || ./work/nar/extensions/nifi-couchbase-nar-1.24.0.nar-unpacked
	org.apache.nifi.services.azure.eventhub.AzureEventHubRecordSink
		org.apache.nifi:nifi-azure-nar:1.24.0 || ./work/nar/extensions/nifi-azure-nar-1.24.0.nar-unpacked
	org.apache.nifi.hazelcast.services.cacheclient.HazelcastMapCacheClient
		org.apache.nifi:nifi-hazelcast-services-nar:1.24.0 || ./work/nar/extensions/nifi-hazelcast-services-nar-1.24.0.nar-unpacked
	org.apache.nifi.record.script.ScriptedRecordSetWriter
		org.apache.nifi:nifi-scripting-nar:1.24.0 || ./work/nar/extensions/nifi-scripting-nar-1.24.0.nar-unpacked
	org.apache.nifi.box.controllerservices.JsonConfigBasedBoxClientService
		org.apache.nifi:nifi-box-services-nar:1.24.0 || ./work/nar/extensions/nifi-box-services-nar-1.24.0.nar-unpacked
	org.apache.nifi.distributed.cache.client.DistributedSetCacheClientService
		org.apache.nifi:nifi-distributed-cache-services-nar:1.24.0 || ./work/nar/extensions/nifi-distributed-cache-services-nar-1.24.0.nar-unpacked
	org.apache.nifi.record.sink.script.ScriptedRecordSink
		org.apache.nifi:nifi-scripting-nar:1.24.0 || ./work/nar/extensions/nifi-scripting-nar-1.24.0.nar-unpacked
	org.apache.nifi.websocket.jetty.JettyWebSocketClient
		org.apache.nifi:nifi-websocket-services-jetty-nar:1.24.0 || ./work/nar/extensions/nifi-websocket-services-jetty-nar-1.24.0.nar-unpacked
	org.apache.nifi.metrics.reporting.reporter.service.GraphiteMetricReporterService
		org.apache.nifi:nifi-metrics-reporting-nar:1.24.0 || ./work/nar/extensions/nifi-metrics-reporting-nar-1.24.0.nar-unpacked
	org.apache.nifi.lookup.script.ScriptedLookupService
		org.apache.nifi:nifi-scripting-nar:1.24.0 || ./work/nar/extensions/nifi-scripting-nar-1.24.0.nar-unpacked
	org.apache.nifi.dbcp.HadoopDBCPConnectionPool
		org.apache.nifi:nifi-hadoop-dbcp-service-nar:1.24.0 || ./work/nar/extensions/nifi-hadoop-dbcp-service-nar-1.24.0.nar-unpacked
	org.apache.nifi.schema.inference.VolatileSchemaCache
		org.apache.nifi:nifi-record-serialization-services-nar:1.24.0 || ./work/nar/extensions/nifi-record-serialization-services-nar-1.24.0.nar-unpacked
	org.apache.nifi.reporting.prometheus.PrometheusRecordSink
		org.apache.nifi:nifi-prometheus-nar:1.24.0 || ./work/nar/extensions/nifi-prometheus-nar-1.24.0.nar-unpacked
	org.apache.nifi.proxy.StandardProxyConfigurationService
		org.apache.nifi:nifi-proxy-configuration-nar:1.24.0 || ./work/nar/extensions/nifi-proxy-configuration-nar-1.24.0.nar-unpacked
	org.apache.nifi.record.sink.LoggingRecordSink
		org.apache.nifi:nifi-record-sink-service-nar:1.24.0 || ./work/nar/extensions/nifi-record-sink-service-nar-1.24.0.nar-unpacked
	org.apache.nifi.key.service.StandardPrivateKeyService
		org.apache.nifi:nifi-key-service-nar:1.24.0 || ./work/nar/extensions/nifi-key-service-nar-1.24.0.nar-unpacked
	org.apache.nifi.couchbase.CouchbaseRecordLookupService
		org.apache.nifi:nifi-couchbase-nar:1.24.0 || ./work/nar/extensions/nifi-couchbase-nar-1.24.0.nar-unpacked
	org.apache.nifi.ssl.StandardRestrictedSSLContextService
		org.apache.nifi:nifi-ssl-context-service-nar:1.24.0 || ./work/nar/extensions/nifi-ssl-context-service-nar-1.24.0.nar-unpacked
	org.apache.nifi.lookup.DistributedMapCacheLookupService
		org.apache.nifi:nifi-lookup-services-nar:1.24.0 || ./work/nar/extensions/nifi-lookup-services-nar-1.24.0.nar-unpacked
	org.apache.nifi.json.JsonPathReader
		org.apache.nifi:nifi-record-serialization-services-nar:1.24.0 || ./work/nar/extensions/nifi-record-serialization-services-nar-1.24.0.nar-unpacked
	org.apache.nifi.mongodb.MongoDBControllerService
		org.apache.nifi:nifi-mongodb-services-nar:1.24.0 || ./work/nar/extensions/nifi-mongodb-services-nar-1.24.0.nar-unpacked
	org.apache.nifi.services.azure.storage.AzureStorageCredentialsControllerServiceLookup
		org.apache.nifi:nifi-azure-nar:1.24.0 || ./work/nar/extensions/nifi-azure-nar-1.24.0.nar-unpacked
	org.apache.nifi.lookup.SimpleCsvFileLookupService
		org.apache.nifi:nifi-lookup-services-nar:1.24.0 || ./work/nar/extensions/nifi-lookup-services-nar-1.24.0.nar-unpacked
	org.apache.nifi.distributed.cache.server.DistributedSetCacheServer
		org.apache.nifi:nifi-distributed-cache-services-nar:1.24.0 || ./work/nar/extensions/nifi-distributed-cache-services-nar-1.24.0.nar-unpacked
	org.apache.nifi.controller.kudu.KuduLookupService
		org.apache.nifi:nifi-kudu-nar:1.24.0 || ./work/nar/extensions/nifi-kudu-nar-1.24.0.nar-unpacked
	org.apache.nifi.elasticsearch.ElasticSearchStringLookupService
		org.apache.nifi:nifi-elasticsearch-client-service-nar:1.24.0 || ./work/nar/extensions/nifi-elasticsearch-client-service-nar-1.24.0.nar-unpacked
	org.apache.nifi.services.azure.storage.AzureStorageCredentialsControllerServiceLookup_v12
		org.apache.nifi:nifi-azure-nar:1.24.0 || ./work/nar/extensions/nifi-azure-nar-1.24.0.nar-unpacked
	org.apache.nifi.avro.AvroReader
		org.apache.nifi:nifi-record-serialization-services-nar:1.24.0 || ./work/nar/extensions/nifi-record-serialization-services-nar-1.24.0.nar-unpacked
	org.apache.nifi.lookup.db.SimpleDatabaseLookupService
		org.apache.nifi:nifi-lookup-services-nar:1.24.0 || ./work/nar/extensions/nifi-lookup-services-nar-1.24.0.nar-unpacked
	org.apache.nifi.syslog.SyslogReader
		org.apache.nifi:nifi-record-serialization-services-nar:1.24.0 || ./work/nar/extensions/nifi-record-serialization-services-nar-1.24.0.nar-unpacked
	org.apache.nifi.lookup.PropertiesFileLookupService
		org.apache.nifi:nifi-lookup-services-nar:1.24.0 || ./work/nar/extensions/nifi-lookup-services-nar-1.24.0.nar-unpacked
	org.apache.nifi.redis.service.RedisDistributedMapCacheClientService
		org.apache.nifi:nifi-redis-nar:1.24.0 || ./work/nar/extensions/nifi-redis-nar-1.24.0.nar-unpacked
	org.apache.nifi.lookup.db.DatabaseRecordLookupService
		org.apache.nifi:nifi-lookup-services-nar:1.24.0 || ./work/nar/extensions/nifi-lookup-services-nar-1.24.0.nar-unpacked
	org.apache.nifi.elasticsearch.ElasticSearchLookupService
		org.apache.nifi:nifi-elasticsearch-client-service-nar:1.24.0 || ./work/nar/extensions/nifi-elasticsearch-client-service-nar-1.24.0.nar-unpacked
	org.apache.nifi.avro.AvroRecordSetWriter
		org.apache.nifi:nifi-record-serialization-services-nar:1.24.0 || ./work/nar/extensions/nifi-record-serialization-services-nar-1.24.0.nar-unpacked
	org.apache.nifi.mongodb.MongoDBLookupService
		org.apache.nifi:nifi-mongodb-services-nar:1.24.0 || ./work/nar/extensions/nifi-mongodb-services-nar-1.24.0.nar-unpacked
	org.apache.nifi.lookup.CSVRecordLookupService
		org.apache.nifi:nifi-lookup-services-nar:1.24.0 || ./work/nar/extensions/nifi-lookup-services-nar-1.24.0.nar-unpacked
	org.apache.nifi.services.azure.StandardAzureCredentialsControllerService
		org.apache.nifi:nifi-azure-nar:1.24.0 || ./work/nar/extensions/nifi-azure-nar-1.24.0.nar-unpacked
	org.apache.nifi.json.JsonRecordSetWriter
		org.apache.nifi:nifi-record-serialization-services-nar:1.24.0 || ./work/nar/extensions/nifi-record-serialization-services-nar-1.24.0.nar-unpacked
	org.apache.nifi.xml.XMLRecordSetWriter
		org.apache.nifi:nifi-record-serialization-services-nar:1.24.0 || ./work/nar/extensions/nifi-record-serialization-services-nar-1.24.0.nar-unpacked
	org.apache.nifi.hazelcast.services.cachemanager.ExternalHazelcastCacheManager
		org.apache.nifi:nifi-hazelcast-services-nar:1.24.0 || ./work/nar/extensions/nifi-hazelcast-services-nar-1.24.0.nar-unpacked
	org.apache.nifi.processors.gcp.credentials.service.GCPCredentialsControllerService
		org.apache.nifi:nifi-gcp-nar:1.24.0 || ./work/nar/extensions/nifi-gcp-nar-1.24.0.nar-unpacked
	org.apache.nifi.record.sink.kafka.KafkaRecordSink_2_6
		org.apache.nifi:nifi-kafka-2-6-nar:1.24.0 || ./work/nar/extensions/nifi-kafka-2-6-nar-1.24.0.nar-unpacked
	org.apache.nifi.parquet.ParquetRecordSetWriter
		org.apache.nifi:nifi-parquet-nar:1.24.0 || ./work/nar/extensions/nifi-parquet-nar-1.24.0.nar-unpacked
	org.apache.nifi.kerberos.KerberosPasswordUserService
		org.apache.nifi:nifi-kerberos-user-service-nar:1.24.0 || ./work/nar/extensions/nifi-kerberos-user-service-nar-1.24.0.nar-unpacked
	org.apache.nifi.reporting.sink.SiteToSiteReportingRecordSink
		org.apache.nifi:nifi-site-to-site-reporting-nar:1.24.0 || ./work/nar/extensions/nifi-site-to-site-reporting-nar-1.24.0.nar-unpacked
	org.apache.nifi.xml.XMLReader
		org.apache.nifi:nifi-record-serialization-services-nar:1.24.0 || ./work/nar/extensions/nifi-record-serialization-services-nar-1.24.0.nar-unpacked
	org.apache.nifi.yaml.YamlTreeReader
		org.apache.nifi:nifi-record-serialization-services-nar:1.24.0 || ./work/nar/extensions/nifi-record-serialization-services-nar-1.24.0.nar-unpacked
	org.apache.nifi.distributed.cache.client.DistributedMapCacheClientService
		org.apache.nifi:nifi-distributed-cache-services-nar:1.24.0 || ./work/nar/extensions/nifi-distributed-cache-services-nar-1.24.0.nar-unpacked
	org.apache.nifi.services.dropbox.StandardDropboxCredentialService
		org.apache.nifi:nifi-dropbox-services-nar:1.24.0 || ./work/nar/extensions/nifi-dropbox-services-nar-1.24.0.nar-unpacked
	org.apache.nifi.windowsevent.WindowsEventLogReader
		org.apache.nifi:nifi-record-serialization-services-nar:1.24.0 || ./work/nar/extensions/nifi-record-serialization-services-nar-1.24.0.nar-unpacked
	org.apache.nifi.ssl.StandardSSLContextService
		org.apache.nifi:nifi-ssl-context-service-nar:1.24.0 || ./work/nar/extensions/nifi-ssl-context-service-nar-1.24.0.nar-unpacked
	org.apache.nifi.http.StandardHttpContextMap
		org.apache.nifi:nifi-http-context-map-nar:1.24.0 || ./work/nar/extensions/nifi-http-context-map-nar-1.24.0.nar-unpacked
	org.apache.nifi.record.sink.db.DatabaseRecordSink
		org.apache.nifi:nifi-dbcp-service-nar:1.24.0 || ./work/nar/extensions/nifi-dbcp-service-nar-1.24.0.nar-unpacked
	org.apache.nifi.web.client.provider.service.StandardWebClientServiceProvider
		org.apache.nifi:nifi-web-client-provider-service-nar:1.24.0 || ./work/nar/extensions/nifi-web-client-provider-service-nar-1.24.0.nar-unpacked
	org.apache.nifi.grok.GrokReader
		org.apache.nifi:nifi-record-serialization-services-nar:1.24.0 || ./work/nar/extensions/nifi-record-serialization-services-nar-1.24.0.nar-unpacked
	org.apache.nifi.lookup.XMLFileLookupService
		org.apache.nifi:nifi-lookup-services-nar:1.24.0 || ./work/nar/extensions/nifi-lookup-services-nar-1.24.0.nar-unpacked
	org.apache.nifi.couchbase.CouchbaseMapCacheClient
		org.apache.nifi:nifi-couchbase-nar:1.24.0 || ./work/nar/extensions/nifi-couchbase-nar-1.24.0.nar-unpacked
	org.apache.nifi.record.script.ScriptedReader
		org.apache.nifi:nifi-scripting-nar:1.24.0 || ./work/nar/extensions/nifi-scripting-nar-1.24.0.nar-unpacked
	org.apache.nifi.processors.aws.s3.encryption.StandardS3EncryptionService
		org.apache.nifi:nifi-aws-nar:1.24.0 || ./work/nar/extensions/nifi-aws-nar-1.24.0.nar-unpacked
	org.apache.nifi.services.azure.storage.ADLSCredentialsControllerService
		org.apache.nifi:nifi-azure-nar:1.24.0 || ./work/nar/extensions/nifi-azure-nar-1.24.0.nar-unpacked
	org.apache.nifi.oauth2.StandardOauth2AccessTokenProvider
		org.apache.nifi:nifi-oauth2-provider-nar:1.24.0 || ./work/nar/extensions/nifi-oauth2-provider-nar-1.24.0.nar-unpacked
	org.apache.nifi.controller.cassandra.CassandraDistributedMapCache
		org.apache.nifi:nifi-cassandra-services-nar:1.24.0 || ./work/nar/extensions/nifi-cassandra-services-nar-1.24.0.nar-unpacked
	org.apache.nifi.jms.cf.JMSConnectionFactoryProvider
		org.apache.nifi:nifi-jms-processors-nar:1.24.0 || ./work/nar/extensions/nifi-jms-processors-nar-1.24.0.nar-unpacked
	org.apache.nifi.services.azure.storage.AzureStorageCredentialsControllerService_v12
		org.apache.nifi:nifi-azure-nar:1.24.0 || ./work/nar/extensions/nifi-azure-nar-1.24.0.nar-unpacked
	org.apache.nifi.json.JsonTreeReader
		org.apache.nifi:nifi-record-serialization-services-nar:1.24.0 || ./work/nar/extensions/nifi-record-serialization-services-nar-1.24.0.nar-unpacked
	org.apache.nifi.services.azure.storage.AzureStorageCredentialsControllerService
		org.apache.nifi:nifi-azure-nar:1.24.0 || ./work/nar/extensions/nifi-azure-nar-1.24.0.nar-unpacked
	org.apache.nifi.lookup.SimpleKeyValueLookupService
		org.apache.nifi:nifi-lookup-services-nar:1.24.0 || ./work/nar/extensions/nifi-lookup-services-nar-1.24.0.nar-unpacked
	org.apache.nifi.websocket.jetty.JettyWebSocketServer
		org.apache.nifi:nifi-websocket-services-jetty-nar:1.24.0 || ./work/nar/extensions/nifi-websocket-services-jetty-nar-1.24.0.nar-unpacked
	org.apache.nifi.parquet.ParquetReader
		org.apache.nifi:nifi-parquet-nar:1.24.0 || ./work/nar/extensions/nifi-parquet-nar-1.24.0.nar-unpacked
	org.apache.nifi.fileresource.service.StandardFileResourceService
		org.apache.nifi:nifi-file-resource-service-nar:1.24.0 || ./work/nar/extensions/nifi-file-resource-service-nar-1.24.0.nar-unpacked
	org.apache.nifi.syslog.Syslog5424Reader
		org.apache.nifi:nifi-record-serialization-services-nar:1.24.0 || ./work/nar/extensions/nifi-record-serialization-services-nar-1.24.0.nar-unpacked
	org.apache.nifi.schemaregistry.services.AvroSchemaRegistry
		org.apache.nifi:nifi-registry-nar:1.24.0 || ./work/nar/extensions/nifi-registry-nar-1.24.0.nar-unpacked
	org.apache.nifi.vault.hashicorp.StandardHashiCorpVaultClientService
		org.apache.nifi:nifi-hashicorp-vault-nar:1.24.0 || ./work/nar/extensions/nifi-hashicorp-vault-nar-1.24.0.nar-unpacked
	org.apache.nifi.redis.service.SimpleRedisDistributedMapCacheClientService
		org.apache.nifi:nifi-redis-nar:1.24.0 || ./work/nar/extensions/nifi-redis-nar-1.24.0.nar-unpacked
	org.apache.nifi.pgp.service.standard.StandardPGPPrivateKeyService
		org.apache.nifi:nifi-pgp-service-nar:1.24.0 || ./work/nar/extensions/nifi-pgp-service-nar-1.24.0.nar-unpacked
	org.apache.nifi.record.sink.lookup.RecordSinkServiceLookup
		org.apache.nifi:nifi-record-sink-service-nar:1.24.0 || ./work/nar/extensions/nifi-record-sink-service-nar-1.24.0.nar-unpacked
	org.apache.nifi.kerberos.KerberosKeytabUserService
		org.apache.nifi:nifi-kerberos-user-service-nar:1.24.0 || ./work/nar/extensions/nifi-kerberos-user-service-nar-1.24.0.nar-unpacked
	org.apache.nifi.controller.asana.StandardAsanaClientProviderService
		org.apache.nifi:nifi-asana-services-nar:1.24.0 || ./work/nar/extensions/nifi-asana-services-nar-1.24.0.nar-unpacked
	org.apache.nifi.hazelcast.services.cachemanager.EmbeddedHazelcastCacheManager
		org.apache.nifi:nifi-hazelcast-services-nar:1.24.0 || ./work/nar/extensions/nifi-hazelcast-services-nar-1.24.0.nar-unpacked
	org.apache.nifi.elasticsearch.ElasticSearchClientServiceImpl
		org.apache.nifi:nifi-elasticsearch-client-service-nar:1.24.0 || ./work/nar/extensions/nifi-elasticsearch-client-service-nar-1.24.0.nar-unpacked
	org.apache.nifi.csv.CSVRecordSetWriter
		org.apache.nifi:nifi-record-serialization-services-nar:1.24.0 || ./work/nar/extensions/nifi-record-serialization-services-nar-1.24.0.nar-unpacked
	org.apache.nifi.cef.CEFReader
		org.apache.nifi:nifi-record-serialization-services-nar:1.24.0 || ./work/nar/extensions/nifi-record-serialization-services-nar-1.24.0.nar-unpacked
	org.apache.nifi.hbase.HBase_2_RecordLookupService
		org.apache.nifi:nifi-hbase_2-client-service-nar:1.24.0 || ./work/nar/extensions/nifi-hbase_2-client-service-nar-1.24.0.nar-unpacked
	org.apache.nifi.lookup.ReaderLookup
		org.apache.nifi:nifi-record-serialization-services-nar:1.24.0 || ./work/nar/extensions/nifi-record-serialization-services-nar-1.24.0.nar-unpacked
	org.apache.nifi.record.sink.EmailRecordSink
		org.apache.nifi:nifi-record-sink-service-nar:1.24.0 || ./work/nar/extensions/nifi-record-sink-service-nar-1.24.0.nar-unpacked
	org.apache.nifi.redis.service.RedisConnectionPoolService
		org.apache.nifi:nifi-redis-nar:1.24.0 || ./work/nar/extensions/nifi-redis-nar-1.24.0.nar-unpacked
	org.apache.nifi.text.FreeFormTextRecordSetWriter
		org.apache.nifi:nifi-record-serialization-services-nar:1.24.0 || ./work/nar/extensions/nifi-record-serialization-services-nar-1.24.0.nar-unpacked
	org.apache.nifi.oauth2.OAuth2TokenProviderImpl
		org.apache.nifi:nifi-oauth2-provider-nar:1.24.0 || ./work/nar/extensions/nifi-oauth2-provider-nar-1.24.0.nar-unpacked
	org.apache.nifi.jms.cf.JndiJmsConnectionFactoryProvider
		org.apache.nifi:nifi-jms-processors-nar:1.24.0 || ./work/nar/extensions/nifi-jms-processors-nar-1.24.0.nar-unpacked
	org.apache.nifi.csv.CSVReader
		org.apache.nifi:nifi-record-serialization-services-nar:1.24.0 || ./work/nar/extensions/nifi-record-serialization-services-nar-1.24.0.nar-unpacked
	org.apache.nifi.hbase.HBase_2_ClientService
		org.apache.nifi:nifi-hbase_2-client-service-nar:1.24.0 || ./work/nar/extensions/nifi-hbase_2-client-service-nar-1.24.0.nar-unpacked
	org.apache.nifi.lookup.script.SimpleScriptedLookupService
		org.apache.nifi:nifi-scripting-nar:1.24.0 || ./work/nar/extensions/nifi-scripting-nar-1.24.0.nar-unpacked
	org.apache.nifi.distributed.cache.server.map.DistributedMapCacheServer
		org.apache.nifi:nifi-distributed-cache-services-nar:1.24.0 || ./work/nar/extensions/nifi-distributed-cache-services-nar-1.24.0.nar-unpacked
	org.apache.nifi.dbcp.DBCPConnectionPoolLookup
		org.apache.nifi:nifi-dbcp-service-nar:1.24.0 || ./work/nar/extensions/nifi-dbcp-service-nar-1.24.0.nar-unpacked
	org.apache.nifi.kerberos.KerberosTicketCacheUserService
		org.apache.nifi:nifi-kerberos-user-service-nar:1.24.0 || ./work/nar/extensions/nifi-kerberos-user-service-nar-1.24.0.nar-unpacked
	org.apache.nifi.service.CassandraSessionProvider
		org.apache.nifi:nifi-cassandra-services-nar:1.24.0 || ./work/nar/extensions/nifi-cassandra-services-nar-1.24.0.nar-unpacked
	org.apache.nifi.dbcp.HikariCPConnectionPool
		org.apache.nifi:nifi-dbcp-service-nar:1.24.0 || ./work/nar/extensions/nifi-dbcp-service-nar-1.24.0.nar-unpacked
	org.apache.nifi.record.sink.event.UDPEventRecordSink
		org.apache.nifi:nifi-record-sink-service-nar:1.24.0 || ./work/nar/extensions/nifi-record-sink-service-nar-1.24.0.nar-unpacked
	org.apache.nifi.services.azure.storage.AzureStorageEmulatorCredentialsControllerService
		org.apache.nifi:nifi-azure-nar:1.24.0 || ./work/nar/extensions/nifi-azure-nar-1.24.0.nar-unpacked
	org.apache.nifi.lookup.RecordSetWriterLookup
		org.apache.nifi:nifi-record-serialization-services-nar:1.24.0 || ./work/nar/extensions/nifi-record-serialization-services-nar-1.24.0.nar-unpacked
	org.apache.nifi.services.azure.storage.ADLSCredentialsControllerServiceLookup
		org.apache.nifi:nifi-azure-nar:1.24.0 || ./work/nar/extensions/nifi-azure-nar-1.24.0.nar-unpacked
	org.apache.nifi.services.smb.SmbjClientProviderService
		org.apache.nifi:nifi-smb-smbj-client-nar:1.24.0 || ./work/nar/extensions/nifi-smb-smbj-client-nar-1.24.0.nar-unpacked
	org.apache.nifi.lookup.maxmind.IPLookupService
		org.apache.nifi:nifi-lookup-services-nar:1.24.0 || ./work/nar/extensions/nifi-lookup-services-nar-1.24.0.nar-unpacked
	org.apache.nifi.excel.ExcelReader
		org.apache.nifi:nifi-poi-nar:1.24.0 || ./work/nar/extensions/nifi-poi-nar-1.24.0.nar-unpacked
	org.apache.nifi.processors.aws.credentials.provider.service.AWSCredentialsProviderControllerService
		org.apache.nifi:nifi-aws-nar:1.24.0 || ./work/nar/extensions/nifi-aws-nar-1.24.0.nar-unpacked
	org.apache.nifi.pgp.service.standard.StandardPGPPublicKeyService
		org.apache.nifi:nifi-pgp-service-nar:1.24.0 || ./work/nar/extensions/nifi-pgp-service-nar-1.24.0.nar-unpacked
	org.apache.nifi.kerberos.KeytabCredentialsService
		org.apache.nifi:nifi-kerberos-credentials-service-nar:1.24.0 || ./work/nar/extensions/nifi-kerberos-credentials-service-nar-1.24.0.nar-unpacked
	org.apache.nifi.record.sink.kafka.KafkaRecordSink_1_0
		org.apache.nifi:nifi-kafka-1-0-nar:1.24.0 || ./work/nar/extensions/nifi-kafka-1-0-nar-1.24.0.nar-unpacked
	org.apache.nifi.dbcp.DBCPConnectionPool
		org.apache.nifi:nifi-dbcp-service-nar:1.24.0 || ./work/nar/extensions/nifi-dbcp-service-nar-1.24.0.nar-unpacked
	org.apache.nifi.schemaregistry.hortonworks.HortonworksSchemaRegistry
		org.apache.nifi:nifi-hwx-schema-registry-nar:1.24.0 || ./work/nar/extensions/nifi-hwx-schema-registry-nar-1.24.0.nar-unpacked
	org.apache.nifi.rules.engine.script.ScriptedRulesEngine
		org.apache.nifi:nifi-scripting-nar:1.24.0 || ./work/nar/extensions/nifi-scripting-nar-1.24.0.nar-unpacked
	org.apache.nifi.rules.handlers.script.ScriptedActionHandler
		org.apache.nifi:nifi-scripting-nar:1.24.0 || ./work/nar/extensions/nifi-scripting-nar-1.24.0.nar-unpacked
	org.apache.nifi.confluent.schemaregistry.ConfluentSchemaRegistry
		org.apache.nifi:nifi-confluent-platform-nar:1.24.0 || ./work/nar/extensions/nifi-confluent-platform-nar-1.24.0.nar-unpacked
	org.apache.nifi.services.azure.cosmos.document.AzureCosmosDBClientService
		org.apache.nifi:nifi-azure-nar:1.24.0 || ./work/nar/extensions/nifi-azure-nar-1.24.0.nar-unpacked
	=== End ControllerService types ===
	=== ReportingTask Type ===
	org.apache.nifi.reporting.prometheus.PrometheusReportingTask
		org.apache.nifi:nifi-prometheus-nar:1.24.0 || ./work/nar/extensions/nifi-prometheus-nar-1.24.0.nar-unpacked
	org.apache.nifi.reporting.SiteToSiteStatusReportingTask
		org.apache.nifi:nifi-site-to-site-reporting-nar:1.24.0 || ./work/nar/extensions/nifi-site-to-site-reporting-nar-1.24.0.nar-unpacked
	org.apache.nifi.reporting.SiteToSiteMetricsReportingTask
		org.apache.nifi:nifi-site-to-site-reporting-nar:1.24.0 || ./work/nar/extensions/nifi-site-to-site-reporting-nar-1.24.0.nar-unpacked
	org.apache.nifi.reporting.SiteToSiteBulletinReportingTask
		org.apache.nifi:nifi-site-to-site-reporting-nar:1.24.0 || ./work/nar/extensions/nifi-site-to-site-reporting-nar-1.24.0.nar-unpacked
	org.apache.nifi.reporting.ganglia.StandardGangliaReporter
		org.apache.nifi:nifi-standard-nar:1.24.0 || ./work/nar/extensions/nifi-standard-nar-1.24.0.nar-unpacked
	org.apache.nifi.controller.MonitorDiskUsage
		org.apache.nifi:nifi-standard-nar:1.24.0 || ./work/nar/extensions/nifi-standard-nar-1.24.0.nar-unpacked
	org.apache.nifi.reporting.azure.loganalytics.AzureLogAnalyticsProvenanceReportingTask
		org.apache.nifi:nifi-azure-nar:1.24.0 || ./work/nar/extensions/nifi-azure-nar-1.24.0.nar-unpacked
	org.apache.nifi.reporting.ambari.AmbariReportingTask
		org.apache.nifi:nifi-ambari-nar:1.24.0 || ./work/nar/extensions/nifi-ambari-nar-1.24.0.nar-unpacked
	org.apache.nifi.reporting.azure.loganalytics.AzureLogAnalyticsReportingTask
		org.apache.nifi:nifi-azure-nar:1.24.0 || ./work/nar/extensions/nifi-azure-nar-1.24.0.nar-unpacked
	org.apache.nifi.reporting.SiteToSiteProvenanceReportingTask
		org.apache.nifi:nifi-site-to-site-reporting-nar:1.24.0 || ./work/nar/extensions/nifi-site-to-site-reporting-nar-1.24.0.nar-unpacked
	org.apache.nifi.controller.MonitorMemory
		org.apache.nifi:nifi-standard-nar:1.24.0 || ./work/nar/extensions/nifi-standard-nar-1.24.0.nar-unpacked
	org.apache.nifi.metrics.reporting.task.MetricsReportingTask
		org.apache.nifi:nifi-metrics-reporting-nar:1.24.0 || ./work/nar/extensions/nifi-metrics-reporting-nar-1.24.0.nar-unpacked
	org.apache.nifi.reporting.datadog.DataDogReportingTask
		org.apache.nifi:nifi-datadog-nar:1.24.0 || ./work/nar/extensions/nifi-datadog-nar-1.24.0.nar-unpacked
	org.apache.nifi.controller.ControllerStatusReportingTask
		org.apache.nifi:nifi-standard-nar:1.24.0 || ./work/nar/extensions/nifi-standard-nar-1.24.0.nar-unpacked
	org.apache.nifi.reporting.script.ScriptedReportingTask
		org.apache.nifi:nifi-scripting-nar:1.24.0 || ./work/nar/extensions/nifi-scripting-nar-1.24.0.nar-unpacked
	=== End ReportingTask types ===
	=== StatusHistoryRepository Type ===
	org.apache.nifi.controller.status.history.EmbeddedQuestDbStatusHistoryRepository
		org.apache.nifi:nifi-framework-nar:1.24.0 || ./work/nar/framework/nifi-framework-nar-1.24.0.nar-unpacked
	org.apache.nifi.controller.status.history.VolatileComponentStatusRepository
		org.apache.nifi:nifi-framework-nar:1.24.0 || ./work/nar/framework/nifi-framework-nar-1.24.0.nar-unpacked
	=== End StatusHistoryRepository types ===
	=== ParameterProvider Type ===
	org.apache.nifi.parameter.EnvironmentVariableParameterProvider
		org.apache.nifi:nifi-standard-nar:1.24.0 || ./work/nar/extensions/nifi-standard-nar-1.24.0.nar-unpacked
	org.apache.nifi.vault.hashicorp.HashiCorpVaultParameterProvider
		org.apache.nifi:nifi-hashicorp-vault-nar:1.24.0 || ./work/nar/extensions/nifi-hashicorp-vault-nar-1.24.0.nar-unpacked
	org.apache.nifi.parameter.FileParameterProvider
		org.apache.nifi:nifi-standard-nar:1.24.0 || ./work/nar/extensions/nifi-standard-nar-1.24.0.nar-unpacked
	org.apache.nifi.parameter.gcp.GcpSecretManagerParameterProvider
		org.apache.nifi:nifi-gcp-nar:1.24.0 || ./work/nar/extensions/nifi-gcp-nar-1.24.0.nar-unpacked
	org.apache.nifi.parameter.DatabaseParameterProvider
		org.apache.nifi:nifi-standard-nar:1.24.0 || ./work/nar/extensions/nifi-standard-nar-1.24.0.nar-unpacked
	org.apache.nifi.parameter.aws.AwsSecretsManagerParameterProvider
		org.apache.nifi:nifi-aws-nar:1.24.0 || ./work/nar/extensions/nifi-aws-nar-1.24.0.nar-unpacked
	org.apache.nifi.parameter.azure.AzureKeyVaultSecretsParameterProvider
		org.apache.nifi:nifi-azure-nar:1.24.0 || ./work/nar/extensions/nifi-azure-nar-1.24.0.nar-unpacked
	=== End ParameterProvider types ===
	=== AccessPolicyProvider Type ===
	org.apache.nifi.authorization.FileAccessPolicyProvider
		org.apache.nifi:nifi-framework-nar:1.24.0 || ./work/nar/framework/nifi-framework-nar-1.24.0.nar-unpacked
	=== End AccessPolicyProvider types ===
	=== ContentRepository Type ===
	org.apache.nifi.controller.repository.crypto.EncryptedFileSystemRepository
		org.apache.nifi:nifi-framework-nar:1.24.0 || ./work/nar/framework/nifi-framework-nar-1.24.0.nar-unpacked
	org.apache.nifi.controller.repository.FileSystemRepository
		org.apache.nifi:nifi-framework-nar:1.24.0 || ./work/nar/framework/nifi-framework-nar-1.24.0.nar-unpacked
	=== End ContentRepository types ===
	=== FlowFileSwapManager Type ===
	org.apache.nifi.controller.FileSystemSwapManager
		org.apache.nifi:nifi-framework-nar:1.24.0 || ./work/nar/framework/nifi-framework-nar-1.24.0.nar-unpacked
	org.apache.nifi.controller.EncryptedFileSystemSwapManager
		org.apache.nifi:nifi-framework-nar:1.24.0 || ./work/nar/framework/nifi-framework-nar-1.24.0.nar-unpacked
	=== End FlowFileSwapManager types ===
	=== StateProvider Type ===
	org.apache.nifi.controller.state.providers.zookeeper.ZooKeeperStateProvider
		org.apache.nifi:nifi-framework-nar:1.24.0 || ./work/nar/framework/nifi-framework-nar-1.24.0.nar-unpacked
	org.apache.nifi.controller.state.providers.local.WriteAheadLocalStateProvider
		org.apache.nifi:nifi-framework-nar:1.24.0 || ./work/nar/framework/nifi-framework-nar-1.24.0.nar-unpacked
	org.apache.nifi.redis.state.RedisStateProvider
		org.apache.nifi:nifi-redis-nar:1.24.0 || ./work/nar/extensions/nifi-redis-nar-1.24.0.nar-unpacked
	=== End StateProvider types ===
	=== FlowRegistryClient Type ===
	org.apache.nifi.registry.flow.NifiRegistryFlowRegistryClient
		org.apache.nifi:nifi-flow-registry-client-nar:1.24.0 || ./work/nar/extensions/nifi-flow-registry-client-nar-1.24.0.nar-unpacked
	=== End FlowRegistryClient types ===
	=== ProvenanceRepository Type ===
	org.apache.nifi.provenance.PersistentProvenanceRepository
		org.apache.nifi:nifi-provenance-repository-nar:1.24.0 || ./work/nar/extensions/nifi-provenance-repository-nar-1.24.0.nar-unpacked
	org.apache.nifi.provenance.VolatileProvenanceRepository
		org.apache.nifi:nifi-provenance-repository-nar:1.24.0 || ./work/nar/extensions/nifi-provenance-repository-nar-1.24.0.nar-unpacked
	org.apache.nifi.provenance.EncryptedWriteAheadProvenanceRepository
		org.apache.nifi:nifi-provenance-repository-nar:1.24.0 || ./work/nar/extensions/nifi-provenance-repository-nar-1.24.0.nar-unpacked
	org.apache.nifi.provenance.WriteAheadProvenanceRepository
		org.apache.nifi:nifi-provenance-repository-nar:1.24.0 || ./work/nar/extensions/nifi-provenance-repository-nar-1.24.0.nar-unpacked
	=== End ProvenanceRepository types ===
	=== FlowFileRepository Type ===
	org.apache.nifi.controller.repository.VolatileFlowFileRepository
		org.apache.nifi:nifi-framework-nar:1.24.0 || ./work/nar/framework/nifi-framework-nar-1.24.0.nar-unpacked
	org.apache.nifi.controller.repository.WriteAheadFlowFileRepository
		org.apache.nifi:nifi-framework-nar:1.24.0 || ./work/nar/framework/nifi-framework-nar-1.24.0.nar-unpacked
	=== End FlowFileRepository types ===
	=== Processor Type ===
	org.apache.nifi.processors.elasticsearch.PutElasticsearchHttpRecord
		org.apache.nifi:nifi-elasticsearch-nar:1.24.0 || ./work/nar/extensions/nifi-elasticsearch-nar-1.24.0.nar-unpacked
	org.apache.nifi.processors.gcp.drive.FetchGoogleDrive
		org.apache.nifi:nifi-gcp-nar:1.24.0 || ./work/nar/extensions/nifi-gcp-nar-1.24.0.nar-unpacked
	org.apache.nifi.processors.standard.PackageFlowFile
		org.apache.nifi:nifi-standard-nar:1.24.0 || ./work/nar/extensions/nifi-standard-nar-1.24.0.nar-unpacked
	org.apache.nifi.processors.standard.ValidateCsv
		org.apache.nifi:nifi-standard-nar:1.24.0 || ./work/nar/extensions/nifi-standard-nar-1.24.0.nar-unpacked
	org.apache.nifi.processors.azure.storage.FetchAzureDataLakeStorage
		org.apache.nifi:nifi-azure-nar:1.24.0 || ./work/nar/extensions/nifi-azure-nar-1.24.0.nar-unpacked
	org.apache.nifi.processors.box.ListBoxFile
		org.apache.nifi:nifi-box-nar:1.24.0 || ./work/nar/extensions/nifi-box-nar-1.24.0.nar-unpacked
	org.apache.nifi.processors.email.ListenSMTP
		org.apache.nifi:nifi-email-nar:1.24.0 || ./work/nar/extensions/nifi-email-nar-1.24.0.nar-unpacked
	org.apache.nifi.processors.azure.storage.DeleteAzureDataLakeStorage
		org.apache.nifi:nifi-azure-nar:1.24.0 || ./work/nar/extensions/nifi-azure-nar-1.24.0.nar-unpacked
	org.apache.nifi.processors.email.ConsumeEWS
		org.apache.nifi:nifi-email-nar:1.24.0 || ./work/nar/extensions/nifi-email-nar-1.24.0.nar-unpacked
	org.apache.nifi.processors.kafka.pubsub.ConsumeKafkaRecord_2_6
		org.apache.nifi:nifi-kafka-2-6-nar:1.24.0 || ./work/nar/extensions/nifi-kafka-2-6-nar-1.24.0.nar-unpacked
	org.apache.nifi.processors.cipher.EncryptContentAge
		org.apache.nifi:nifi-cipher-nar:1.24.0 || ./work/nar/extensions/nifi-cipher-nar-1.24.0.nar-unpacked
	org.apache.nifi.processors.standard.ScanAttribute
		org.apache.nifi:nifi-standard-nar:1.24.0 || ./work/nar/extensions/nifi-standard-nar-1.24.0.nar-unpacked
	org.apache.nifi.processors.gcp.vision.GetGcpVisionAnnotateFilesOperationStatus
		org.apache.nifi:nifi-gcp-nar:1.24.0 || ./work/nar/extensions/nifi-gcp-nar-1.24.0.nar-unpacked
	org.apache.nifi.processors.cipher.DecryptContentAge
		org.apache.nifi:nifi-cipher-nar:1.24.0 || ./work/nar/extensions/nifi-cipher-nar-1.24.0.nar-unpacked
	org.apache.nifi.processors.standard.DistributeLoad
		org.apache.nifi:nifi-standard-nar:1.24.0 || ./work/nar/extensions/nifi-standard-nar-1.24.0.nar-unpacked
	org.apache.nifi.processors.azure.storage.DeleteAzureBlobStorage_v12
		org.apache.nifi:nifi-azure-nar:1.24.0 || ./work/nar/extensions/nifi-azure-nar-1.24.0.nar-unpacked
	org.apache.nifi.processors.azure.storage.queue.PutAzureQueueStorage_v12
		org.apache.nifi:nifi-azure-nar:1.24.0 || ./work/nar/extensions/nifi-azure-nar-1.24.0.nar-unpacked
	org.apache.nifi.processors.elasticsearch.SearchElasticsearch
		org.apache.nifi:nifi-elasticsearch-restapi-nar:1.24.0 || ./work/nar/extensions/nifi-elasticsearch-restapi-nar-1.24.0.nar-unpacked
	org.apache.nifi.processors.aws.ml.transcribe.StartAwsTranscribeJob
		org.apache.nifi:nifi-aws-nar:1.24.0 || ./work/nar/extensions/nifi-aws-nar-1.24.0.nar-unpacked
	org.apache.nifi.processors.email.ExtractTNEFAttachments
		org.apache.nifi:nifi-email-nar:1.24.0 || ./work/nar/extensions/nifi-email-nar-1.24.0.nar-unpacked
	org.apache.nifi.processors.solr.QuerySolr
		org.apache.nifi:nifi-solr-nar:1.24.0 || ./work/nar/extensions/nifi-solr-nar-1.24.0.nar-unpacked
	org.apache.nifi.processors.standard.HashAttribute
		org.apache.nifi:nifi-standard-nar:1.24.0 || ./work/nar/extensions/nifi-standard-nar-1.24.0.nar-unpacked
	org.apache.nifi.processors.splunk.PutSplunkHTTP
		org.apache.nifi:nifi-splunk-nar:1.24.0 || ./work/nar/extensions/nifi-splunk-nar-1.24.0.nar-unpacked
	org.apache.nifi.processors.standard.EncodeContent
		org.apache.nifi:nifi-standard-nar:1.24.0 || ./work/nar/extensions/nifi-standard-nar-1.24.0.nar-unpacked
	org.apache.nifi.processors.standard.QueryDatabaseTable
		org.apache.nifi:nifi-standard-nar:1.24.0 || ./work/nar/extensions/nifi-standard-nar-1.24.0.nar-unpacked
	org.apache.nifi.processors.email.ExtractEmailHeaders
		org.apache.nifi:nifi-email-nar:1.24.0 || ./work/nar/extensions/nifi-email-nar-1.24.0.nar-unpacked
	org.apache.nifi.processors.dropbox.PutDropbox
		org.apache.nifi:nifi-dropbox-processors-nar:1.24.0 || ./work/nar/extensions/nifi-dropbox-processors-nar-1.24.0.nar-unpacked
	org.apache.nifi.processors.gcp.vision.GetGcpVisionAnnotateImagesOperationStatus
		org.apache.nifi:nifi-gcp-nar:1.24.0 || ./work/nar/extensions/nifi-gcp-nar-1.24.0.nar-unpacked
	org.apache.nifi.processors.standard.PutJMS
		org.apache.nifi:nifi-standard-nar:1.24.0 || ./work/nar/extensions/nifi-standard-nar-1.24.0.nar-unpacked
	org.apache.nifi.processors.kafka.pubsub.ConsumeKafkaRecord_1_0
		org.apache.nifi:nifi-kafka-1-0-nar:1.24.0 || ./work/nar/extensions/nifi-kafka-1-0-nar-1.24.0.nar-unpacked
	org.apache.nifi.processors.standard.UpdateCounter
		org.apache.nifi:nifi-standard-nar:1.24.0 || ./work/nar/extensions/nifi-standard-nar-1.24.0.nar-unpacked
	org.apache.nifi.processors.evtx.ParseEvtx
		org.apache.nifi:nifi-evtx-nar:1.24.0 || ./work/nar/extensions/nifi-evtx-nar-1.24.0.nar-unpacked
	org.apache.nifi.processors.standard.LookupRecord
		org.apache.nifi:nifi-standard-nar:1.24.0 || ./work/nar/extensions/nifi-standard-nar-1.24.0.nar-unpacked
	org.apache.nifi.processors.aws.sqs.PutSQS
		org.apache.nifi:nifi-aws-nar:1.24.0 || ./work/nar/extensions/nifi-aws-nar-1.24.0.nar-unpacked
	org.apache.nifi.processors.hadoop.GetHDFSSequenceFile
		org.apache.nifi:nifi-hadoop-nar:1.24.0 || ./work/nar/extensions/nifi-hadoop-nar-1.24.0.nar-unpacked
	org.apache.nifi.processors.standard.ConvertRecord
		org.apache.nifi:nifi-standard-nar:1.24.0 || ./work/nar/extensions/nifi-standard-nar-1.24.0.nar-unpacked
	org.apache.nifi.processors.box.PutBoxFile
		org.apache.nifi:nifi-box-nar:1.24.0 || ./work/nar/extensions/nifi-box-nar-1.24.0.nar-unpacked
	org.apache.nifi.processors.standard.HandleHttpRequest
		org.apache.nifi:nifi-standard-nar:1.24.0 || ./work/nar/extensions/nifi-standard-nar-1.24.0.nar-unpacked
	org.apache.nifi.processors.script.ScriptedTransformRecord
		org.apache.nifi:nifi-scripting-nar:1.24.0 || ./work/nar/extensions/nifi-scripting-nar-1.24.0.nar-unpacked
	org.apache.nifi.processors.azure.storage.FetchAzureBlobStorage_v12
		org.apache.nifi:nifi-azure-nar:1.24.0 || ./work/nar/extensions/nifi-azure-nar-1.24.0.nar-unpacked
	org.apache.nifi.processors.kafka.pubsub.PublishKafka_2_0
		org.apache.nifi:nifi-kafka-2-0-nar:1.24.0 || ./work/nar/extensions/nifi-kafka-2-0-nar-1.24.0.nar-unpacked
	org.apache.nifi.processors.pgp.VerifyContentPGP
		org.apache.nifi:nifi-pgp-nar:1.24.0 || ./work/nar/extensions/nifi-pgp-nar-1.24.0.nar-unpacked
	org.apache.nifi.processors.standard.JoltTransformJSON
		org.apache.nifi:nifi-standard-nar:1.24.0 || ./work/nar/extensions/nifi-standard-nar-1.24.0.nar-unpacked
	org.apache.nifi.processors.standard.ScanContent
		org.apache.nifi:nifi-standard-nar:1.24.0 || ./work/nar/extensions/nifi-standard-nar-1.24.0.nar-unpacked
	org.apache.nifi.processors.standard.UnpackContent
		org.apache.nifi:nifi-standard-nar:1.24.0 || ./work/nar/extensions/nifi-standard-nar-1.24.0.nar-unpacked
	org.apache.nifi.processors.mongodb.GetMongo
		org.apache.nifi:nifi-mongodb-nar:1.24.0 || ./work/nar/extensions/nifi-mongodb-nar-1.24.0.nar-unpacked
	org.apache.nifi.processors.azure.storage.MoveAzureDataLakeStorage
		org.apache.nifi:nifi-azure-nar:1.24.0 || ./work/nar/extensions/nifi-azure-nar-1.24.0.nar-unpacked
	org.apache.nifi.processors.windows.event.log.ConsumeWindowsEventLog
		org.apache.nifi:nifi-windows-event-log-nar:1.24.0 || ./work/nar/extensions/nifi-windows-event-log-nar-1.24.0.nar-unpacked
	org.apache.nifi.processors.email.ConsumeIMAP
		org.apache.nifi:nifi-email-nar:1.24.0 || ./work/nar/extensions/nifi-email-nar-1.24.0.nar-unpacked
	org.apache.nifi.processors.aws.kinesis.stream.ConsumeKinesisStream
		org.apache.nifi:nifi-aws-nar:1.24.0 || ./work/nar/extensions/nifi-aws-nar-1.24.0.nar-unpacked
	org.apache.nifi.processors.aws.dynamodb.GetDynamoDB
		org.apache.nifi:nifi-aws-nar:1.24.0 || ./work/nar/extensions/nifi-aws-nar-1.24.0.nar-unpacked
	org.apache.nifi.processors.aws.dynamodb.DeleteDynamoDB
		org.apache.nifi:nifi-aws-nar:1.24.0 || ./work/nar/extensions/nifi-aws-nar-1.24.0.nar-unpacked
	org.apache.nifi.processors.smb.GetSmbFile
		org.apache.nifi:nifi-smb-nar:1.24.0 || ./work/nar/extensions/nifi-smb-nar-1.24.0.nar-unpacked
	org.apache.nifi.processors.aws.s3.ListS3
		org.apache.nifi:nifi-aws-nar:1.24.0 || ./work/nar/extensions/nifi-aws-nar-1.24.0.nar-unpacked
	org.apache.nifi.snmp.processors.ListenTrapSNMP
		org.apache.nifi:nifi-snmp-nar:1.24.0 || ./work/nar/extensions/nifi-snmp-nar-1.24.0.nar-unpacked
	org.apache.nifi.processors.hadoop.PutHDFS
		org.apache.nifi:nifi-hadoop-nar:1.24.0 || ./work/nar/extensions/nifi-hadoop-nar-1.24.0.nar-unpacked
	org.apache.nifi.processors.elasticsearch.PaginatedJsonQueryElasticsearch
		org.apache.nifi:nifi-elasticsearch-restapi-nar:1.24.0 || ./work/nar/extensions/nifi-elasticsearch-restapi-nar-1.24.0.nar-unpacked
	org.apache.nifi.processors.gcp.drive.PutGoogleDrive
		org.apache.nifi:nifi-gcp-nar:1.24.0 || ./work/nar/extensions/nifi-gcp-nar-1.24.0.nar-unpacked
	org.apache.nifi.processors.smb.ListSmb
		org.apache.nifi:nifi-smb-nar:1.24.0 || ./work/nar/extensions/nifi-smb-nar-1.24.0.nar-unpacked
	org.apache.nifi.processors.azure.storage.PutAzureDataLakeStorage
		org.apache.nifi:nifi-azure-nar:1.24.0 || ./work/nar/extensions/nifi-azure-nar-1.24.0.nar-unpacked
	org.apache.nifi.processors.cybersecurity.FuzzyHashContent
		org.apache.nifi:nifi-cybersecurity-nar:1.24.0 || ./work/nar/extensions/nifi-cybersecurity-nar-1.24.0.nar-unpacked
	org.apache.nifi.processors.gcp.bigquery.PutBigQueryBatch
		org.apache.nifi:nifi-gcp-nar:1.24.0 || ./work/nar/extensions/nifi-gcp-nar-1.24.0.nar-unpacked
	org.apache.nifi.processors.standard.ParseSyslog5424
		org.apache.nifi:nifi-standard-nar:1.24.0 || ./work/nar/extensions/nifi-standard-nar-1.24.0.nar-unpacked
	org.apache.nifi.processors.standard.PutSFTP
		org.apache.nifi:nifi-standard-nar:1.24.0 || ./work/nar/extensions/nifi-standard-nar-1.24.0.nar-unpacked
	org.apache.nifi.processors.mongodb.PutMongoRecord
		org.apache.nifi:nifi-mongodb-nar:1.24.0 || ./work/nar/extensions/nifi-mongodb-nar-1.24.0.nar-unpacked
	org.apache.nifi.processors.azure.storage.PutAzureBlobStorage_v12
		org.apache.nifi:nifi-azure-nar:1.24.0 || ./work/nar/extensions/nifi-azure-nar-1.24.0.nar-unpacked
	org.apache.nifi.processors.standard.SplitJson
		org.apache.nifi:nifi-standard-nar:1.24.0 || ./work/nar/extensions/nifi-standard-nar-1.24.0.nar-unpacked
	org.apache.nifi.processors.standard.LookupAttribute
		org.apache.nifi:nifi-standard-nar:1.24.0 || ./work/nar/extensions/nifi-standard-nar-1.24.0.nar-unpacked
	org.apache.nifi.processors.standard.ParseCEF
		org.apache.nifi:nifi-standard-nar:1.24.0 || ./work/nar/extensions/nifi-standard-nar-1.24.0.nar-unpacked
	org.apache.nifi.processors.aws.dynamodb.PutDynamoDBRecord
		org.apache.nifi:nifi-aws-nar:1.24.0 || ./work/nar/extensions/nifi-aws-nar-1.24.0.nar-unpacked
	org.apache.nifi.processors.standard.DetectDuplicate
		org.apache.nifi:nifi-standard-nar:1.24.0 || ./work/nar/extensions/nifi-standard-nar-1.24.0.nar-unpacked
	org.apache.nifi.processors.kafka.pubsub.ConsumeKafka_2_0
		org.apache.nifi:nifi-kafka-2-0-nar:1.24.0 || ./work/nar/extensions/nifi-kafka-2-0-nar-1.24.0.nar-unpacked
	org.apache.nifi.processors.kafka.pubsub.PublishKafkaRecord_2_6
		org.apache.nifi:nifi-kafka-2-6-nar:1.24.0 || ./work/nar/extensions/nifi-kafka-2-6-nar-1.24.0.nar-unpacked
	org.apache.nifi.processors.standard.UpdateRecord
		org.apache.nifi:nifi-standard-nar:1.24.0 || ./work/nar/extensions/nifi-standard-nar-1.24.0.nar-unpacked
	org.apache.nifi.processors.standard.HandleHttpResponse
		org.apache.nifi:nifi-standard-nar:1.24.0 || ./work/nar/extensions/nifi-standard-nar-1.24.0.nar-unpacked
	org.apache.nifi.processors.standard.PutTCP
		org.apache.nifi:nifi-standard-nar:1.24.0 || ./work/nar/extensions/nifi-standard-nar-1.24.0.nar-unpacked
	org.apache.nifi.processors.standard.JoinEnrichment
		org.apache.nifi:nifi-standard-nar:1.24.0 || ./work/nar/extensions/nifi-standard-nar-1.24.0.nar-unpacked
	org.apache.nifi.processors.kudu.PutKudu
		org.apache.nifi:nifi-kudu-nar:1.24.0 || ./work/nar/extensions/nifi-kudu-nar-1.24.0.nar-unpacked
	org.apache.nifi.processors.script.ScriptedFilterRecord
		org.apache.nifi:nifi-scripting-nar:1.24.0 || ./work/nar/extensions/nifi-scripting-nar-1.24.0.nar-unpacked
	org.apache.nifi.processors.hubspot.GetHubSpot
		org.apache.nifi:nifi-hubspot-nar:1.24.0 || ./work/nar/extensions/nifi-hubspot-nar-1.24.0.nar-unpacked
	org.apache.nifi.processors.elasticsearch.ScrollElasticsearchHttp
		org.apache.nifi:nifi-elasticsearch-nar:1.24.0 || ./work/nar/extensions/nifi-elasticsearch-nar-1.24.0.nar-unpacked
	org.apache.nifi.processors.salesforce.QuerySalesforceObject
		org.apache.nifi:nifi-salesforce-nar:1.24.0 || ./work/nar/extensions/nifi-salesforce-nar-1.24.0.nar-unpacked
	org.apache.nifi.processors.standard.ExtractRecordSchema
		org.apache.nifi:nifi-standard-nar:1.24.0 || ./work/nar/extensions/nifi-standard-nar-1.24.0.nar-unpacked
	org.apache.nifi.processors.standard.TransformXml
		org.apache.nifi:nifi-standard-nar:1.24.0 || ./work/nar/extensions/nifi-standard-nar-1.24.0.nar-unpacked
	org.apache.nifi.processors.standard.RetryFlowFile
		org.apache.nifi:nifi-standard-nar:1.24.0 || ./work/nar/extensions/nifi-standard-nar-1.24.0.nar-unpacked
	org.apache.nifi.processors.cassandra.PutCassandraRecord
		org.apache.nifi:nifi-cassandra-nar:1.24.0 || ./work/nar/extensions/nifi-cassandra-nar-1.24.0.nar-unpacked
	org.apache.nifi.processors.standard.GenerateFlowFile
		org.apache.nifi:nifi-standard-nar:1.24.0 || ./work/nar/extensions/nifi-standard-nar-1.24.0.nar-unpacked
	org.apache.nifi.processors.kafka.pubsub.ConsumeKafka_2_6
		org.apache.nifi:nifi-kafka-2-6-nar:1.24.0 || ./work/nar/extensions/nifi-kafka-2-6-nar-1.24.0.nar-unpacked
	org.apache.nifi.processors.couchbase.GetCouchbaseKey
		org.apache.nifi:nifi-couchbase-nar:1.24.0 || ./work/nar/extensions/nifi-couchbase-nar-1.24.0.nar-unpacked
	org.apache.nifi.processors.twitter.GetTwitter
		org.apache.nifi:nifi-social-media-nar:1.24.0 || ./work/nar/extensions/nifi-social-media-nar-1.24.0.nar-unpacked
	org.apache.nifi.processors.gcp.storage.ListGCSBucket
		org.apache.nifi:nifi-gcp-nar:1.24.0 || ./work/nar/extensions/nifi-gcp-nar-1.24.0.nar-unpacked
	org.apache.nifi.processors.standard.PutFile
		org.apache.nifi:nifi-standard-nar:1.24.0 || ./work/nar/extensions/nifi-standard-nar-1.24.0.nar-unpacked
	org.apache.nifi.processors.mongodb.gridfs.PutGridFS
		org.apache.nifi:nifi-mongodb-nar:1.24.0 || ./work/nar/extensions/nifi-mongodb-nar-1.24.0.nar-unpacked
	org.apache.nifi.processors.splunk.PutSplunk
		org.apache.nifi:nifi-splunk-nar:1.24.0 || ./work/nar/extensions/nifi-splunk-nar-1.24.0.nar-unpacked
	org.apache.nifi.processors.splunk.QuerySplunkIndexingStatus
		org.apache.nifi:nifi-splunk-nar:1.24.0 || ./work/nar/extensions/nifi-splunk-nar-1.24.0.nar-unpacked
	org.apache.nifi.processors.gcp.vision.StartGcpVisionAnnotateImagesOperation
		org.apache.nifi:nifi-gcp-nar:1.24.0 || ./work/nar/extensions/nifi-gcp-nar-1.24.0.nar-unpacked
	org.apache.nifi.processors.standard.LogMessage
		org.apache.nifi:nifi-standard-nar:1.24.0 || ./work/nar/extensions/nifi-standard-nar-1.24.0.nar-unpacked
	org.apache.nifi.processors.standard.ExecuteSQLRecord
		org.apache.nifi:nifi-standard-nar:1.24.0 || ./work/nar/extensions/nifi-standard-nar-1.24.0.nar-unpacked
	org.apache.nifi.processors.stateless.ExecuteStateless
		org.apache.nifi:nifi-stateless-processor-nar:1.24.0 || ./work/nar/extensions/nifi-stateless-processor-nar-1.24.0.nar-unpacked
	org.apache.nifi.processors.script.ExecuteScript
		org.apache.nifi:nifi-scripting-nar:1.24.0 || ./work/nar/extensions/nifi-scripting-nar-1.24.0.nar-unpacked
	org.apache.nifi.processors.standard.ListSFTP
		org.apache.nifi:nifi-standard-nar:1.24.0 || ./work/nar/extensions/nifi-standard-nar-1.24.0.nar-unpacked
	org.apache.nifi.processors.standard.SplitText
		org.apache.nifi:nifi-standard-nar:1.24.0 || ./work/nar/extensions/nifi-standard-nar-1.24.0.nar-unpacked
	org.apache.nifi.processors.standard.ForkEnrichment
		org.apache.nifi:nifi-standard-nar:1.24.0 || ./work/nar/extensions/nifi-standard-nar-1.24.0.nar-unpacked
	org.apache.nifi.processors.standard.PutUDP
		org.apache.nifi:nifi-standard-nar:1.24.0 || ./work/nar/extensions/nifi-standard-nar-1.24.0.nar-unpacked
	org.apache.nifi.processors.stateful.analysis.AttributeRollingWindow
		org.apache.nifi:nifi-stateful-analysis-nar:1.24.0 || ./work/nar/extensions/nifi-stateful-analysis-nar-1.24.0.nar-unpacked
	org.apache.nifi.processors.aws.ml.translate.StartAwsTranslateJob
		org.apache.nifi:nifi-aws-nar:1.24.0 || ./work/nar/extensions/nifi-aws-nar-1.24.0.nar-unpacked
	org.apache.nifi.processors.aws.lambda.PutLambda
		org.apache.nifi:nifi-aws-nar:1.24.0 || ./work/nar/extensions/nifi-aws-nar-1.24.0.nar-unpacked
	org.apache.nifi.processors.elasticsearch.ConsumeElasticsearch
		org.apache.nifi:nifi-elasticsearch-restapi-nar:1.24.0 || ./work/nar/extensions/nifi-elasticsearch-restapi-nar-1.24.0.nar-unpacked
	org.apache.nifi.processors.opentelemetry.ListenOTLP
		org.apache.nifi:nifi-opentelemetry-nar:1.24.0 || ./work/nar/extensions/nifi-opentelemetry-nar-1.24.0.nar-unpacked
	org.apache.nifi.snmp.processors.GetSNMP
		org.apache.nifi:nifi-snmp-nar:1.24.0 || ./work/nar/extensions/nifi-snmp-nar-1.24.0.nar-unpacked
	org.apache.nifi.processors.standard.ParseSyslog
		org.apache.nifi:nifi-standard-nar:1.24.0 || ./work/nar/extensions/nifi-standard-nar-1.24.0.nar-unpacked
	org.apache.nifi.processors.standard.RouteOnContent
		org.apache.nifi:nifi-standard-nar:1.24.0 || ./work/nar/extensions/nifi-standard-nar-1.24.0.nar-unpacked
	org.apache.nifi.processors.standard.ListenUDPRecord
		org.apache.nifi:nifi-standard-nar:1.24.0 || ./work/nar/extensions/nifi-standard-nar-1.24.0.nar-unpacked
	org.apache.nifi.processors.hadoop.ListHDFS
		org.apache.nifi:nifi-hadoop-nar:1.24.0 || ./work/nar/extensions/nifi-hadoop-nar-1.24.0.nar-unpacked
	org.apache.nifi.processors.gcp.bigquery.PutBigQuery
		org.apache.nifi:nifi-gcp-nar:1.24.0 || ./work/nar/extensions/nifi-gcp-nar-1.24.0.nar-unpacked
	org.apache.nifi.processors.standard.ValidateRecord
		org.apache.nifi:nifi-standard-nar:1.24.0 || ./work/nar/extensions/nifi-standard-nar-1.24.0.nar-unpacked
	org.apache.nifi.processors.websocket.ConnectWebSocket
		org.apache.nifi:nifi-websocket-processors-nar:1.24.0 || ./work/nar/extensions/nifi-websocket-processors-nar-1.24.0.nar-unpacked
	org.apache.nifi.processors.standard.ListenUDP
		org.apache.nifi:nifi-standard-nar:1.24.0 || ./work/nar/extensions/nifi-standard-nar-1.24.0.nar-unpacked
	org.apache.nifi.processors.email.ExtractEmailAttachments
		org.apache.nifi:nifi-email-nar:1.24.0 || ./work/nar/extensions/nifi-email-nar-1.24.0.nar-unpacked
	org.apache.nifi.processors.aws.s3.DeleteS3Object
		org.apache.nifi:nifi-aws-nar:1.24.0 || ./work/nar/extensions/nifi-aws-nar-1.24.0.nar-unpacked
	org.apache.nifi.jms.processors.PublishJMS
		org.apache.nifi:nifi-jms-processors-nar:1.24.0 || ./work/nar/extensions/nifi-jms-processors-nar-1.24.0.nar-unpacked
	org.apache.nifi.processors.standard.CompressContent
		org.apache.nifi:nifi-standard-nar:1.24.0 || ./work/nar/extensions/nifi-standard-nar-1.24.0.nar-unpacked
	org.apache.nifi.processors.standard.FlattenJson
		org.apache.nifi:nifi-standard-nar:1.24.0 || ./work/nar/extensions/nifi-standard-nar-1.24.0.nar-unpacked
	org.apache.nifi.processors.aws.sns.PutSNS
		org.apache.nifi:nifi-aws-nar:1.24.0 || ./work/nar/extensions/nifi-aws-nar-1.24.0.nar-unpacked
	org.apache.nifi.processors.GeoEnrichIP
		org.apache.nifi:nifi-enrich-nar:1.24.0 || ./work/nar/extensions/nifi-enrich-nar-1.24.0.nar-unpacked
	org.apache.nifi.processors.standard.CryptographicHashAttribute
		org.apache.nifi:nifi-standard-nar:1.24.0 || ./work/nar/extensions/nifi-standard-nar-1.24.0.nar-unpacked
	org.apache.nifi.processors.slack.PostSlack
		org.apache.nifi:nifi-slack-nar:1.24.0 || ./work/nar/extensions/nifi-slack-nar-1.24.0.nar-unpacked
	org.apache.nifi.processors.cassandra.PutCassandraQL
		org.apache.nifi:nifi-cassandra-nar:1.24.0 || ./work/nar/extensions/nifi-cassandra-nar-1.24.0.nar-unpacked
	org.apache.nifi.processors.avro.SplitAvro
		org.apache.nifi:nifi-avro-nar:1.24.0 || ./work/nar/extensions/nifi-avro-nar-1.24.0.nar-unpacked
	org.apache.nifi.processors.geohash.GeohashRecord
		org.apache.nifi:nifi-geohash-nar:1.24.0 || ./work/nar/extensions/nifi-geohash-nar-1.24.0.nar-unpacked
	org.apache.nifi.processors.elasticsearch.PutElasticsearchJson
		org.apache.nifi:nifi-elasticsearch-restapi-nar:1.24.0 || ./work/nar/extensions/nifi-elasticsearch-restapi-nar-1.24.0.nar-unpacked
	org.apache.nifi.processors.slack.PutSlack
		org.apache.nifi:nifi-slack-nar:1.24.0 || ./work/nar/extensions/nifi-slack-nar-1.24.0.nar-unpacked
	org.apache.nifi.processors.standard.MergeRecord
		org.apache.nifi:nifi-standard-nar:1.24.0 || ./work/nar/extensions/nifi-standard-nar-1.24.0.nar-unpacked
	org.apache.nifi.processors.azure.eventhub.GetAzureEventHub
		org.apache.nifi:nifi-azure-nar:1.24.0 || ./work/nar/extensions/nifi-azure-nar-1.24.0.nar-unpacked
	org.apache.nifi.processors.elasticsearch.QueryElasticsearchHttp
		org.apache.nifi:nifi-elasticsearch-nar:1.24.0 || ./work/nar/extensions/nifi-elasticsearch-nar-1.24.0.nar-unpacked
	org.apache.nifi.processors.standard.ExecuteSQL
		org.apache.nifi:nifi-standard-nar:1.24.0 || ./work/nar/extensions/nifi-standard-nar-1.24.0.nar-unpacked
	org.apache.nifi.processors.shopify.GetShopify
		org.apache.nifi:nifi-shopify-nar:1.24.0 || ./work/nar/extensions/nifi-shopify-nar-1.24.0.nar-unpacked
	org.apache.nifi.processors.standard.QueryDatabaseTableRecord
		org.apache.nifi:nifi-standard-nar:1.24.0 || ./work/nar/extensions/nifi-standard-nar-1.24.0.nar-unpacked
	org.apache.nifi.processors.standard.ListenRELP
		org.apache.nifi:nifi-standard-nar:1.24.0 || ./work/nar/extensions/nifi-standard-nar-1.24.0.nar-unpacked
	org.apache.nifi.hbase.PutHBaseJSON
		org.apache.nifi:nifi-hbase-nar:1.24.0 || ./work/nar/extensions/nifi-hbase-nar-1.24.0.nar-unpacked
	org.apache.nifi.processors.standard.ExecuteProcess
		org.apache.nifi:nifi-standard-nar:1.24.0 || ./work/nar/extensions/nifi-standard-nar-1.24.0.nar-unpacked
	org.apache.nifi.processors.aws.ml.textract.StartAwsTextractJob
		org.apache.nifi:nifi-aws-nar:1.24.0 || ./work/nar/extensions/nifi-aws-nar-1.24.0.nar-unpacked
	org.apache.nifi.processors.standard.HashContent
		org.apache.nifi:nifi-standard-nar:1.24.0 || ./work/nar/extensions/nifi-standard-nar-1.24.0.nar-unpacked
	org.apache.nifi.processors.standard.SegmentContent
		org.apache.nifi:nifi-standard-nar:1.24.0 || ./work/nar/extensions/nifi-standard-nar-1.24.0.nar-unpacked
	org.apache.nifi.amqp.processors.ConsumeAMQP
		org.apache.nifi:nifi-amqp-nar:1.24.0 || ./work/nar/extensions/nifi-amqp-nar-1.24.0.nar-unpacked
	org.apache.nifi.processors.pgp.EncryptContentPGP
		org.apache.nifi:nifi-pgp-nar:1.24.0 || ./work/nar/extensions/nifi-pgp-nar-1.24.0.nar-unpacked
	org.apache.nifi.processors.mqtt.ConsumeMQTT
		org.apache.nifi:nifi-mqtt-nar:1.24.0 || ./work/nar/extensions/nifi-mqtt-nar-1.24.0.nar-unpacked
	org.apache.nifi.hbase.GetHBase
		org.apache.nifi:nifi-hbase-nar:1.24.0 || ./work/nar/extensions/nifi-hbase-nar-1.24.0.nar-unpacked
	org.apache.nifi.processors.ISPEnrichIP
		org.apache.nifi:nifi-enrich-nar:1.24.0 || ./work/nar/extensions/nifi-enrich-nar-1.24.0.nar-unpacked
	org.apache.nifi.processors.standard.DebugFlow
		org.apache.nifi:nifi-standard-nar:1.24.0 || ./work/nar/extensions/nifi-standard-nar-1.24.0.nar-unpacked
	org.apache.nifi.processors.gcp.storage.FetchGCSObject
		org.apache.nifi:nifi-gcp-nar:1.24.0 || ./work/nar/extensions/nifi-gcp-nar-1.24.0.nar-unpacked
	org.apache.nifi.processors.standard.ValidateJson
		org.apache.nifi:nifi-standard-nar:1.24.0 || ./work/nar/extensions/nifi-standard-nar-1.24.0.nar-unpacked
	org.apache.nifi.processors.GeoEnrichIPRecord
		org.apache.nifi:nifi-enrich-nar:1.24.0 || ./work/nar/extensions/nifi-enrich-nar-1.24.0.nar-unpacked
	org.apache.nifi.processors.dropbox.FetchDropbox
		org.apache.nifi:nifi-dropbox-processors-nar:1.24.0 || ./work/nar/extensions/nifi-dropbox-processors-nar-1.24.0.nar-unpacked
	org.apache.nifi.processors.hadoop.DeleteHDFS
		org.apache.nifi:nifi-hadoop-nar:1.24.0 || ./work/nar/extensions/nifi-hadoop-nar-1.24.0.nar-unpacked
	org.apache.nifi.processors.azure.cosmos.document.PutAzureCosmosDBRecord
		org.apache.nifi:nifi-azure-nar:1.24.0 || ./work/nar/extensions/nifi-azure-nar-1.24.0.nar-unpacked
	org.apache.nifi.processors.standard.RouteText
		org.apache.nifi:nifi-standard-nar:1.24.0 || ./work/nar/extensions/nifi-standard-nar-1.24.0.nar-unpacked
	org.apache.nifi.processors.standard.ModifyBytes
		org.apache.nifi:nifi-standard-nar:1.24.0 || ./work/nar/extensions/nifi-standard-nar-1.24.0.nar-unpacked
	org.apache.nifi.processors.hadoop.GetHDFS
		org.apache.nifi:nifi-hadoop-nar:1.24.0 || ./work/nar/extensions/nifi-hadoop-nar-1.24.0.nar-unpacked
	org.apache.nifi.processors.gcp.pubsub.ConsumeGCPubSub
		org.apache.nifi:nifi-gcp-nar:1.24.0 || ./work/nar/extensions/nifi-gcp-nar-1.24.0.nar-unpacked
	org.apache.nifi.processors.standard.EvaluateXPath
		org.apache.nifi:nifi-standard-nar:1.24.0 || ./work/nar/extensions/nifi-standard-nar-1.24.0.nar-unpacked
	org.apache.nifi.processors.standard.EnforceOrder
		org.apache.nifi:nifi-standard-nar:1.24.0 || ./work/nar/extensions/nifi-standard-nar-1.24.0.nar-unpacked
	org.apache.nifi.processors.kafka.pubsub.PublishKafkaRecord_2_0
		org.apache.nifi:nifi-kafka-2-0-nar:1.24.0 || ./work/nar/extensions/nifi-kafka-2-0-nar-1.24.0.nar-unpacked
	org.apache.nifi.processors.standard.ConvertJSONToSQL
		org.apache.nifi:nifi-standard-nar:1.24.0 || ./work/nar/extensions/nifi-standard-nar-1.24.0.nar-unpacked
	org.apache.nifi.snmp.processors.SendTrapSNMP
		org.apache.nifi:nifi-snmp-nar:1.24.0 || ./work/nar/extensions/nifi-snmp-nar-1.24.0.nar-unpacked
	org.apache.nifi.processors.aws.dynamodb.PutDynamoDB
		org.apache.nifi:nifi-aws-nar:1.24.0 || ./work/nar/extensions/nifi-aws-nar-1.24.0.nar-unpacked
	org.apache.nifi.processors.asana.GetAsanaObject
		org.apache.nifi:nifi-asana-processors-nar:1.24.0 || ./work/nar/extensions/nifi-asana-processors-nar-1.24.0.nar-unpacked
	org.apache.nifi.processors.salesforce.PutSalesforceObject
		org.apache.nifi:nifi-salesforce-nar:1.24.0 || ./work/nar/extensions/nifi-salesforce-nar-1.24.0.nar-unpacked
	org.apache.nifi.processors.gcp.drive.ListGoogleDrive
		org.apache.nifi:nifi-gcp-nar:1.24.0 || ./work/nar/extensions/nifi-gcp-nar-1.24.0.nar-unpacked
	org.apache.nifi.processors.aws.ml.textract.GetAwsTextractJobStatus
		org.apache.nifi:nifi-aws-nar:1.24.0 || ./work/nar/extensions/nifi-aws-nar-1.24.0.nar-unpacked
	org.apache.nifi.processors.standard.SplitContent
		org.apache.nifi:nifi-standard-nar:1.24.0 || ./work/nar/extensions/nifi-standard-nar-1.24.0.nar-unpacked
	org.apache.nifi.processors.standard.GetJMSTopic
		org.apache.nifi:nifi-standard-nar:1.24.0 || ./work/nar/extensions/nifi-standard-nar-1.24.0.nar-unpacked
	org.apache.nifi.processors.standard.GetFTP
		org.apache.nifi:nifi-standard-nar:1.24.0 || ./work/nar/extensions/nifi-standard-nar-1.24.0.nar-unpacked
	org.apache.nifi.processors.azure.storage.ListAzureDataLakeStorage
		org.apache.nifi:nifi-azure-nar:1.24.0 || ./work/nar/extensions/nifi-azure-nar-1.24.0.nar-unpacked
	org.apache.nifi.processors.couchbase.PutCouchbaseKey
		org.apache.nifi:nifi-couchbase-nar:1.24.0 || ./work/nar/extensions/nifi-couchbase-nar-1.24.0.nar-unpacked
	org.apache.nifi.processors.standard.ExtractText
		org.apache.nifi:nifi-standard-nar:1.24.0 || ./work/nar/extensions/nifi-standard-nar-1.24.0.nar-unpacked
	org.apache.nifi.processors.mongodb.gridfs.DeleteGridFS
		org.apache.nifi:nifi-mongodb-nar:1.24.0 || ./work/nar/extensions/nifi-mongodb-nar-1.24.0.nar-unpacked
	org.apache.nifi.cdc.mysql.processors.CaptureChangeMySQL
		org.apache.nifi:nifi-cdc-mysql-nar:1.24.0 || ./work/nar/extensions/nifi-cdc-mysql-nar-1.24.0.nar-unpacked
	org.apache.nifi.processors.solr.PutSolrRecord
		org.apache.nifi:nifi-solr-nar:1.24.0 || ./work/nar/extensions/nifi-solr-nar-1.24.0.nar-unpacked
	org.apache.nifi.processors.azure.storage.queue.PutAzureQueueStorage
		org.apache.nifi:nifi-azure-nar:1.24.0 || ./work/nar/extensions/nifi-azure-nar-1.24.0.nar-unpacked
	org.apache.nifi.amqp.processors.PublishAMQP
		org.apache.nifi:nifi-amqp-nar:1.24.0 || ./work/nar/extensions/nifi-amqp-nar-1.24.0.nar-unpacked
	org.apache.nifi.processors.elasticsearch.GetElasticsearch
		org.apache.nifi:nifi-elasticsearch-restapi-nar:1.24.0 || ./work/nar/extensions/nifi-elasticsearch-restapi-nar-1.24.0.nar-unpacked
	org.apache.nifi.processors.standard.TailFile
		org.apache.nifi:nifi-standard-nar:1.24.0 || ./work/nar/extensions/nifi-standard-nar-1.24.0.nar-unpacked
	org.apache.nifi.processors.hadoop.GetHDFSFileInfo
		org.apache.nifi:nifi-hadoop-nar:1.24.0 || ./work/nar/extensions/nifi-hadoop-nar-1.24.0.nar-unpacked
	org.apache.nifi.PutHTMLElement
		org.apache.nifi:nifi-html-nar:1.24.0 || ./work/nar/extensions/nifi-html-nar-1.24.0.nar-unpacked
	org.apache.nifi.processors.solr.PutSolrContentStream
		org.apache.nifi:nifi-solr-nar:1.24.0 || ./work/nar/extensions/nifi-solr-nar-1.24.0.nar-unpacked
	org.apache.nifi.processors.standard.DeduplicateRecord
		org.apache.nifi:nifi-standard-nar:1.24.0 || ./work/nar/extensions/nifi-standard-nar-1.24.0.nar-unpacked
	org.apache.nifi.processors.mongodb.RunMongoAggregation
		org.apache.nifi:nifi-mongodb-nar:1.24.0 || ./work/nar/extensions/nifi-mongodb-nar-1.24.0.nar-unpacked
	org.apache.nifi.processors.smb.PutSmbFile
		org.apache.nifi:nifi-smb-nar:1.24.0 || ./work/nar/extensions/nifi-smb-nar-1.24.0.nar-unpacked
	org.apache.nifi.processors.elasticsearch.PutElasticsearchHttp
		org.apache.nifi:nifi-elasticsearch-nar:1.24.0 || ./work/nar/extensions/nifi-elasticsearch-nar-1.24.0.nar-unpacked
	org.apache.nifi.processors.elasticsearch.UpdateByQueryElasticsearch
		org.apache.nifi:nifi-elasticsearch-restapi-nar:1.24.0 || ./work/nar/extensions/nifi-elasticsearch-restapi-nar-1.24.0.nar-unpacked
	org.apache.nifi.processors.standard.CalculateRecordStats
		org.apache.nifi:nifi-standard-nar:1.24.0 || ./work/nar/extensions/nifi-standard-nar-1.24.0.nar-unpacked
	org.apache.nifi.processors.standard.InvokeHTTP
		org.apache.nifi:nifi-standard-nar:1.24.0 || ./work/nar/extensions/nifi-standard-nar-1.24.0.nar-unpacked
	org.apache.nifi.processors.enrich.QueryWhois
		org.apache.nifi:nifi-enrich-nar:1.24.0 || ./work/nar/extensions/nifi-enrich-nar-1.24.0.nar-unpacked
	org.apache.nifi.processors.cipher.VerifyContentMAC
		org.apache.nifi:nifi-cipher-nar:1.24.0 || ./work/nar/extensions/nifi-cipher-nar-1.24.0.nar-unpacked
	org.apache.nifi.processors.standard.RouteOnAttribute
		org.apache.nifi:nifi-standard-nar:1.24.0 || ./work/nar/extensions/nifi-standard-nar-1.24.0.nar-unpacked
	org.apache.nifi.processors.azure.storage.ListAzureBlobStorage_v12
		org.apache.nifi:nifi-azure-nar:1.24.0 || ./work/nar/extensions/nifi-azure-nar-1.24.0.nar-unpacked
	org.apache.nifi.processors.zendesk.GetZendesk
		org.apache.nifi:nifi-zendesk-nar:1.24.0 || ./work/nar/extensions/nifi-zendesk-nar-1.24.0.nar-unpacked
	org.apache.nifi.processors.standard.PutDistributedMapCache
		org.apache.nifi:nifi-standard-nar:1.24.0 || ./work/nar/extensions/nifi-standard-nar-1.24.0.nar-unpacked
	org.apache.nifi.processors.elasticsearch.DeleteByQueryElasticsearch
		org.apache.nifi:nifi-elasticsearch-restapi-nar:1.24.0 || ./work/nar/extensions/nifi-elasticsearch-restapi-nar-1.24.0.nar-unpacked
	org.apache.nifi.processors.ccda.ExtractCCDAAttributes
		org.apache.nifi:nifi-ccda-nar:1.24.0 || ./work/nar/extensions/nifi-ccda-nar-1.24.0.nar-unpacked
	org.apache.nifi.processors.standard.ConvertCharacterSet
		org.apache.nifi:nifi-standard-nar:1.24.0 || ./work/nar/extensions/nifi-standard-nar-1.24.0.nar-unpacked
	org.apache.nifi.processors.airtable.QueryAirtableTable
		org.apache.nifi:nifi-airtable-nar:1.24.0 || ./work/nar/extensions/nifi-airtable-nar-1.24.0.nar-unpacked
	org.apache.nifi.processors.standard.EvaluateJsonPath
		org.apache.nifi:nifi-standard-nar:1.24.0 || ./work/nar/extensions/nifi-standard-nar-1.24.0.nar-unpacked
	org.apache.nifi.processors.standard.ListenFTP
		org.apache.nifi:nifi-standard-nar:1.24.0 || ./work/nar/extensions/nifi-standard-nar-1.24.0.nar-unpacked
	org.apache.nifi.processors.aws.ml.polly.StartAwsPollyJob
		org.apache.nifi:nifi-aws-nar:1.24.0 || ./work/nar/extensions/nifi-aws-nar-1.24.0.nar-unpacked
	org.apache.nifi.processors.standard.ListFile
		org.apache.nifi:nifi-standard-nar:1.24.0 || ./work/nar/extensions/nifi-standard-nar-1.24.0.nar-unpacked
	org.apache.nifi.processors.standard.FetchDistributedMapCache
		org.apache.nifi:nifi-standard-nar:1.24.0 || ./work/nar/extensions/nifi-standard-nar-1.24.0.nar-unpacked
	org.apache.nifi.processors.standard.ReplaceText
		org.apache.nifi:nifi-standard-nar:1.24.0 || ./work/nar/extensions/nifi-standard-nar-1.24.0.nar-unpacked
	org.apache.nifi.processors.standard.ExecuteStreamCommand
		org.apache.nifi:nifi-standard-nar:1.24.0 || ./work/nar/extensions/nifi-standard-nar-1.24.0.nar-unpacked
	org.apache.nifi.processors.standard.ListenTCP
		org.apache.nifi:nifi-standard-nar:1.24.0 || ./work/nar/extensions/nifi-standard-nar-1.24.0.nar-unpacked
	org.apache.nifi.processors.gcp.pubsub.PublishGCPubSub
		org.apache.nifi:nifi-gcp-nar:1.24.0 || ./work/nar/extensions/nifi-gcp-nar-1.24.0.nar-unpacked
	org.apache.nifi.processors.compress.ModifyCompression
		org.apache.nifi:nifi-compress-nar:1.24.0 || ./work/nar/extensions/nifi-compress-nar-1.24.0.nar-unpacked
	org.apache.nifi.processors.yandex.YandexTranslate
		org.apache.nifi:nifi-language-translation-nar:1.24.0 || ./work/nar/extensions/nifi-language-translation-nar-1.24.0.nar-unpacked
	org.apache.nifi.processors.aws.s3.TagS3Object
		org.apache.nifi:nifi-aws-nar:1.24.0 || ./work/nar/extensions/nifi-aws-nar-1.24.0.nar-unpacked
	org.apache.nifi.processors.standard.ListenSyslog
		org.apache.nifi:nifi-standard-nar:1.24.0 || ./work/nar/extensions/nifi-standard-nar-1.24.0.nar-unpacked
	org.apache.nifi.processors.mongodb.gridfs.FetchGridFS
		org.apache.nifi:nifi-mongodb-nar:1.24.0 || ./work/nar/extensions/nifi-mongodb-nar-1.24.0.nar-unpacked
	org.apache.nifi.processors.hl7.ExtractHL7Attributes
		org.apache.nifi:nifi-hl7-nar:1.24.0 || ./work/nar/extensions/nifi-hl7-nar-1.24.0.nar-unpacked
	org.apache.nifi.processors.standard.SplitRecord
		org.apache.nifi:nifi-standard-nar:1.24.0 || ./work/nar/extensions/nifi-standard-nar-1.24.0.nar-unpacked
	org.apache.nifi.processors.script.ScriptedValidateRecord
		org.apache.nifi:nifi-scripting-nar:1.24.0 || ./work/nar/extensions/nifi-scripting-nar-1.24.0.nar-unpacked
	org.apache.nifi.processors.gcp.vision.StartGcpVisionAnnotateFilesOperation
		org.apache.nifi:nifi-gcp-nar:1.24.0 || ./work/nar/extensions/nifi-gcp-nar-1.24.0.nar-unpacked
	org.apache.nifi.processors.box.FetchBoxFile
		org.apache.nifi:nifi-box-nar:1.24.0 || ./work/nar/extensions/nifi-box-nar-1.24.0.nar-unpacked
	org.apache.nifi.processors.attributes.UpdateAttribute
		org.apache.nifi:nifi-update-attribute-nar:1.24.0 || ./work/nar/extensions/nifi-update-attribute-nar-1.24.0.nar-unpacked
	org.apache.nifi.processors.script.ScriptedPartitionRecord
		org.apache.nifi:nifi-scripting-nar:1.24.0 || ./work/nar/extensions/nifi-scripting-nar-1.24.0.nar-unpacked
	org.apache.nifi.processors.standard.ExtractGrok
		org.apache.nifi:nifi-standard-nar:1.24.0 || ./work/nar/extensions/nifi-standard-nar-1.24.0.nar-unpacked
	org.apache.nifi.processors.standard.GenerateTableFetch
		org.apache.nifi:nifi-standard-nar:1.24.0 || ./work/nar/extensions/nifi-standard-nar-1.24.0.nar-unpacked
	org.apache.nifi.hbase.ScanHBase
		org.apache.nifi:nifi-hbase-nar:1.24.0 || ./work/nar/extensions/nifi-hbase-nar-1.24.0.nar-unpacked
	org.apache.nifi.processors.twitter.ConsumeTwitter
		org.apache.nifi:nifi-social-media-nar:1.24.0 || ./work/nar/extensions/nifi-social-media-nar-1.24.0.nar-unpacked
	org.apache.nifi.processors.avro.ConvertAvroToJSON
		org.apache.nifi:nifi-avro-nar:1.24.0 || ./work/nar/extensions/nifi-avro-nar-1.24.0.nar-unpacked
	org.apache.nifi.processors.standard.PutDatabaseRecord
		org.apache.nifi:nifi-standard-nar:1.24.0 || ./work/nar/extensions/nifi-standard-nar-1.24.0.nar-unpacked
	org.apache.nifi.processors.standard.PutRecord
		org.apache.nifi:nifi-standard-nar:1.24.0 || ./work/nar/extensions/nifi-standard-nar-1.24.0.nar-unpacked
	org.apache.nifi.processors.cipher.DecryptContentCompatibility
		org.apache.nifi:nifi-cipher-nar:1.24.0 || ./work/nar/extensions/nifi-cipher-nar-1.24.0.nar-unpacked
	org.apache.nifi.processors.hadoop.FetchHDFS
		org.apache.nifi:nifi-hadoop-nar:1.24.0 || ./work/nar/extensions/nifi-hadoop-nar-1.24.0.nar-unpacked
	org.apache.nifi.processors.standard.PutEmail
		org.apache.nifi:nifi-standard-nar:1.24.0 || ./work/nar/extensions/nifi-standard-nar-1.24.0.nar-unpacked
	org.apache.nifi.processors.mqtt.PublishMQTT
		org.apache.nifi:nifi-mqtt-nar:1.24.0 || ./work/nar/extensions/nifi-mqtt-nar-1.24.0.nar-unpacked
	org.apache.nifi.processors.aws.ml.polly.GetAwsPollyJobStatus
		org.apache.nifi:nifi-aws-nar:1.24.0 || ./work/nar/extensions/nifi-aws-nar-1.24.0.nar-unpacked
	org.apache.nifi.processors.jslt.JSLTTransformJSON
		org.apache.nifi:nifi-jslt-nar:1.24.0 || ./work/nar/extensions/nifi-jslt-nar-1.24.0.nar-unpacked
	org.apache.nifi.processors.network.ParseNetflowv5
		org.apache.nifi:nifi-network-processors-nar:1.24.0 || ./work/nar/extensions/nifi-network-processors-nar-1.24.0.nar-unpacked
	org.apache.nifi.processors.standard.Notify
		org.apache.nifi:nifi-standard-nar:1.24.0 || ./work/nar/extensions/nifi-standard-nar-1.24.0.nar-unpacked
	org.apache.nifi.processors.pgp.DecryptContentPGP
		org.apache.nifi:nifi-pgp-nar:1.24.0 || ./work/nar/extensions/nifi-pgp-nar-1.24.0.nar-unpacked
	org.apache.nifi.processors.parquet.ConvertAvroToParquet
		org.apache.nifi:nifi-parquet-nar:1.24.0 || ./work/nar/extensions/nifi-parquet-nar-1.24.0.nar-unpacked
	org.apache.nifi.processors.standard.DuplicateFlowFile
		org.apache.nifi:nifi-standard-nar:1.24.0 || ./work/nar/extensions/nifi-standard-nar-1.24.0.nar-unpacked
	org.apache.nifi.processors.groovyx.ExecuteGroovyScript
		org.apache.nifi:nifi-groovyx-nar:1.24.0 || ./work/nar/extensions/nifi-groovyx-nar-1.24.0.nar-unpacked
	org.apache.nifi.processors.standard.ForkRecord
		org.apache.nifi:nifi-standard-nar:1.24.0 || ./work/nar/extensions/nifi-standard-nar-1.24.0.nar-unpacked
	org.apache.nifi.processors.rethinkdb.GetRethinkDB
		org.apache.nifi:nifi-rethinkdb-nar:1.24.0 || ./work/nar/extensions/nifi-rethinkdb-nar-1.24.0.nar-unpacked
	org.apache.nifi.processors.pgp.SignContentPGP
		org.apache.nifi:nifi-pgp-nar:1.24.0 || ./work/nar/extensions/nifi-pgp-nar-1.24.0.nar-unpacked
	org.apache.nifi.processors.azure.storage.FetchAzureBlobStorage
		org.apache.nifi:nifi-azure-nar:1.24.0 || ./work/nar/extensions/nifi-azure-nar-1.24.0.nar-unpacked
	org.apache.nifi.processors.standard.EvaluateXQuery
		org.apache.nifi:nifi-standard-nar:1.24.0 || ./work/nar/extensions/nifi-standard-nar-1.24.0.nar-unpacked
	org.apache.nifi.ModifyHTMLElement
		org.apache.nifi:nifi-html-nar:1.24.0 || ./work/nar/extensions/nifi-html-nar-1.24.0.nar-unpacked
	org.apache.nifi.processors.standard.SampleRecord
		org.apache.nifi:nifi-standard-nar:1.24.0 || ./work/nar/extensions/nifi-standard-nar-1.24.0.nar-unpacked
	org.apache.nifi.processors.standard.RemoveRecordField
		org.apache.nifi:nifi-standard-nar:1.24.0 || ./work/nar/extensions/nifi-standard-nar-1.24.0.nar-unpacked
	org.apache.nifi.processors.elasticsearch.PutElasticsearchRecord
		org.apache.nifi:nifi-elasticsearch-restapi-nar:1.24.0 || ./work/nar/extensions/nifi-elasticsearch-restapi-nar-1.24.0.nar-unpacked
	org.apache.nifi.processors.hadoop.inotify.GetHDFSEvents
		org.apache.nifi:nifi-hadoop-nar:1.24.0 || ./work/nar/extensions/nifi-hadoop-nar-1.24.0.nar-unpacked
	org.apache.nifi.processors.aws.sqs.DeleteSQS
		org.apache.nifi:nifi-aws-nar:1.24.0 || ./work/nar/extensions/nifi-aws-nar-1.24.0.nar-unpacked
	org.apache.nifi.processors.standard.QueryRecord
		org.apache.nifi:nifi-standard-nar:1.24.0 || ./work/nar/extensions/nifi-standard-nar-1.24.0.nar-unpacked
	org.apache.nifi.processors.parquet.PutParquet
		org.apache.nifi:nifi-parquet-nar:1.24.0 || ./work/nar/extensions/nifi-parquet-nar-1.24.0.nar-unpacked
	org.apache.nifi.processors.standard.FetchFile
		org.apache.nifi:nifi-standard-nar:1.24.0 || ./work/nar/extensions/nifi-standard-nar-1.24.0.nar-unpacked
	org.apache.nifi.processors.mongodb.DeleteMongo
		org.apache.nifi:nifi-mongodb-nar:1.24.0 || ./work/nar/extensions/nifi-mongodb-nar-1.24.0.nar-unpacked
	org.apache.nifi.hbase.PutHBaseRecord
		org.apache.nifi:nifi-hbase-nar:1.24.0 || ./work/nar/extensions/nifi-hbase-nar-1.24.0.nar-unpacked
	org.apache.nifi.hbase.DeleteHBaseRow
		org.apache.nifi:nifi-hbase-nar:1.24.0 || ./work/nar/extensions/nifi-hbase-nar-1.24.0.nar-unpacked
	org.apache.nifi.processors.kafka.pubsub.ConsumeKafka_1_0
		org.apache.nifi:nifi-kafka-1-0-nar:1.24.0 || ./work/nar/extensions/nifi-kafka-1-0-nar-1.24.0.nar-unpacked
	org.apache.nifi.processors.mongodb.PutMongo
		org.apache.nifi:nifi-mongodb-nar:1.24.0 || ./work/nar/extensions/nifi-mongodb-nar-1.24.0.nar-unpacked
	org.apache.nifi.processors.script.InvokeScriptedProcessor
		org.apache.nifi:nifi-scripting-nar:1.24.0 || ./work/nar/extensions/nifi-scripting-nar-1.24.0.nar-unpacked
	org.apache.nifi.processors.avro.ExtractAvroMetadata
		org.apache.nifi:nifi-avro-nar:1.24.0 || ./work/nar/extensions/nifi-avro-nar-1.24.0.nar-unpacked
	org.apache.nifi.processors.standard.PostHTTP
		org.apache.nifi:nifi-standard-nar:1.24.0 || ./work/nar/extensions/nifi-standard-nar-1.24.0.nar-unpacked
	org.apache.nifi.processors.hl7.RouteHL7
		org.apache.nifi:nifi-hl7-nar:1.24.0 || ./work/nar/extensions/nifi-hl7-nar-1.24.0.nar-unpacked
	org.apache.nifi.processors.aws.kinesis.stream.PutKinesisStream
		org.apache.nifi:nifi-aws-nar:1.24.0 || ./work/nar/extensions/nifi-aws-nar-1.24.0.nar-unpacked
	org.apache.nifi.processors.standard.GetJMSQueue
		org.apache.nifi:nifi-standard-nar:1.24.0 || ./work/nar/extensions/nifi-standard-nar-1.24.0.nar-unpacked
	org.apache.nifi.processors.azure.storage.queue.GetAzureQueueStorage_v12
		org.apache.nifi:nifi-azure-nar:1.24.0 || ./work/nar/extensions/nifi-azure-nar-1.24.0.nar-unpacked
	org.apache.nifi.processors.aws.wag.InvokeAWSGatewayApi
		org.apache.nifi:nifi-aws-nar:1.24.0 || ./work/nar/extensions/nifi-aws-nar-1.24.0.nar-unpacked
	org.apache.nifi.processors.aws.sqs.GetSQS
		org.apache.nifi:nifi-aws-nar:1.24.0 || ./work/nar/extensions/nifi-aws-nar-1.24.0.nar-unpacked
	org.apache.nifi.processors.standard.EncryptContent
		org.apache.nifi:nifi-standard-nar:1.24.0 || ./work/nar/extensions/nifi-standard-nar-1.24.0.nar-unpacked
	org.apache.nifi.processors.standard.Base64EncodeContent
		org.apache.nifi:nifi-standard-nar:1.24.0 || ./work/nar/extensions/nifi-standard-nar-1.24.0.nar-unpacked
	org.apache.nifi.processors.standard.ControlRate
		org.apache.nifi:nifi-standard-nar:1.24.0 || ./work/nar/extensions/nifi-standard-nar-1.24.0.nar-unpacked
	org.apache.nifi.processors.gcp.bigquery.PutBigQueryStreaming
		org.apache.nifi:nifi-gcp-nar:1.24.0 || ./work/nar/extensions/nifi-gcp-nar-1.24.0.nar-unpacked
	org.apache.nifi.processors.standard.FetchSFTP
		org.apache.nifi:nifi-standard-nar:1.24.0 || ./work/nar/extensions/nifi-standard-nar-1.24.0.nar-unpacked
	org.apache.nifi.processors.kafka.pubsub.ConsumeKafkaRecord_2_0
		org.apache.nifi:nifi-kafka-2-0-nar:1.24.0 || ./work/nar/extensions/nifi-kafka-2-0-nar-1.24.0.nar-unpacked
	org.apache.nifi.processors.standard.Wait
		org.apache.nifi:nifi-standard-nar:1.24.0 || ./work/nar/extensions/nifi-standard-nar-1.24.0.nar-unpacked
	org.apache.nifi.processors.standard.CountText
		org.apache.nifi:nifi-standard-nar:1.24.0 || ./work/nar/extensions/nifi-standard-nar-1.24.0.nar-unpacked
	org.apache.nifi.hbase.FetchHBaseRow
		org.apache.nifi:nifi-hbase-nar:1.24.0 || ./work/nar/extensions/nifi-hbase-nar-1.24.0.nar-unpacked
	org.apache.nifi.processors.gcp.pubsub.lite.PublishGCPubSubLite
		org.apache.nifi:nifi-gcp-nar:1.24.0 || ./work/nar/extensions/nifi-gcp-nar-1.24.0.nar-unpacked
	org.apache.nifi.processors.aws.cloudwatch.PutCloudWatchMetric
		org.apache.nifi:nifi-aws-nar:1.24.0 || ./work/nar/extensions/nifi-aws-nar-1.24.0.nar-unpacked
	org.apache.nifi.processors.aws.ml.transcribe.GetAwsTranscribeJobStatus
		org.apache.nifi:nifi-aws-nar:1.24.0 || ./work/nar/extensions/nifi-aws-nar-1.24.0.nar-unpacked
	org.apache.nifi.processors.workday.GetWorkdayReport
		org.apache.nifi:nifi-workday-processors-nar:1.24.0 || ./work/nar/extensions/nifi-workday-processors-nar-1.24.0.nar-unpacked
	org.apache.nifi.processors.azure.storage.PutAzureBlobStorage
		org.apache.nifi:nifi-azure-nar:1.24.0 || ./work/nar/extensions/nifi-azure-nar-1.24.0.nar-unpacked
	org.apache.nifi.processors.splunk.GetSplunk
		org.apache.nifi:nifi-splunk-nar:1.24.0 || ./work/nar/extensions/nifi-splunk-nar-1.24.0.nar-unpacked
	org.apache.nifi.processors.standard.MonitorActivity
		org.apache.nifi:nifi-standard-nar:1.24.0 || ./work/nar/extensions/nifi-standard-nar-1.24.0.nar-unpacked
	org.apache.nifi.processors.gcp.pubsub.lite.ConsumeGCPubSubLite
		org.apache.nifi:nifi-gcp-nar:1.24.0 || ./work/nar/extensions/nifi-gcp-nar-1.24.0.nar-unpacked
	org.apache.nifi.processors.websocket.PutWebSocket
		org.apache.nifi:nifi-websocket-processors-nar:1.24.0 || ./work/nar/extensions/nifi-websocket-processors-nar-1.24.0.nar-unpacked
	org.apache.nifi.processors.solr.GetSolr
		org.apache.nifi:nifi-solr-nar:1.24.0 || ./work/nar/extensions/nifi-solr-nar-1.24.0.nar-unpacked
	org.apache.nifi.processors.azure.storage.queue.GetAzureQueueStorage
		org.apache.nifi:nifi-azure-nar:1.24.0 || ./work/nar/extensions/nifi-azure-nar-1.24.0.nar-unpacked
	org.apache.nifi.processors.standard.UpdateDatabaseTable
		org.apache.nifi:nifi-standard-nar:1.24.0 || ./work/nar/extensions/nifi-standard-nar-1.24.0.nar-unpacked
	org.apache.nifi.processors.parquet.FetchParquet
		org.apache.nifi:nifi-parquet-nar:1.24.0 || ./work/nar/extensions/nifi-parquet-nar-1.24.0.nar-unpacked
	org.apache.nifi.processors.standard.GetHTTP
		org.apache.nifi:nifi-standard-nar:1.24.0 || ./work/nar/extensions/nifi-standard-nar-1.24.0.nar-unpacked
	org.apache.nifi.processors.kafka.pubsub.PublishKafka_2_6
		org.apache.nifi:nifi-kafka-2-6-nar:1.24.0 || ./work/nar/extensions/nifi-kafka-2-6-nar-1.24.0.nar-unpacked
	org.apache.nifi.processors.mongodb.GetMongoRecord
		org.apache.nifi:nifi-mongodb-nar:1.24.0 || ./work/nar/extensions/nifi-mongodb-nar-1.24.0.nar-unpacked
	org.apache.nifi.processors.gcp.storage.PutGCSObject
		org.apache.nifi:nifi-gcp-nar:1.24.0 || ./work/nar/extensions/nifi-gcp-nar-1.24.0.nar-unpacked
	org.apache.nifi.processors.standard.MergeContent
		org.apache.nifi:nifi-standard-nar:1.24.0 || ./work/nar/extensions/nifi-standard-nar-1.24.0.nar-unpacked
	org.apache.nifi.processors.standard.ReplaceTextWithMapping
		org.apache.nifi:nifi-standard-nar:1.24.0 || ./work/nar/extensions/nifi-standard-nar-1.24.0.nar-unpacked
	org.apache.nifi.processors.standard.ListenTCPRecord
		org.apache.nifi:nifi-standard-nar:1.24.0 || ./work/nar/extensions/nifi-standard-nar-1.24.0.nar-unpacked
	org.apache.nifi.processors.aws.kinesis.firehose.PutKinesisFirehose
		org.apache.nifi:nifi-aws-nar:1.24.0 || ./work/nar/extensions/nifi-aws-nar-1.24.0.nar-unpacked
	org.apache.nifi.processors.poi.ConvertExcelToCSVProcessor
		org.apache.nifi:nifi-poi-nar:1.24.0 || ./work/nar/extensions/nifi-poi-nar-1.24.0.nar-unpacked
	org.apache.nifi.processors.cassandra.QueryCassandra
		org.apache.nifi:nifi-cassandra-nar:1.24.0 || ./work/nar/extensions/nifi-cassandra-nar-1.24.0.nar-unpacked
	org.apache.nifi.processors.standard.IdentifyMimeType
		org.apache.nifi:nifi-standard-nar:1.24.0 || ./work/nar/extensions/nifi-standard-nar-1.24.0.nar-unpacked
	org.apache.nifi.processors.aws.s3.FetchS3Object
		org.apache.nifi:nifi-aws-nar:1.24.0 || ./work/nar/extensions/nifi-aws-nar-1.24.0.nar-unpacked
	org.apache.nifi.processors.rethinkdb.DeleteRethinkDB
		org.apache.nifi:nifi-rethinkdb-nar:1.24.0 || ./work/nar/extensions/nifi-rethinkdb-nar-1.24.0.nar-unpacked
	org.apache.nifi.hbase.DeleteHBaseCells
		org.apache.nifi:nifi-hbase-nar:1.24.0 || ./work/nar/extensions/nifi-hbase-nar-1.24.0.nar-unpacked
	org.apache.nifi.processors.email.ConsumePOP3
		org.apache.nifi:nifi-email-nar:1.24.0 || ./work/nar/extensions/nifi-email-nar-1.24.0.nar-unpacked
	org.apache.nifi.processors.kafka.pubsub.PublishKafka_1_0
		org.apache.nifi:nifi-kafka-1-0-nar:1.24.0 || ./work/nar/extensions/nifi-kafka-1-0-nar-1.24.0.nar-unpacked
	org.apache.nifi.processors.standard.AttributesToJSON
		org.apache.nifi:nifi-standard-nar:1.24.0 || ./work/nar/extensions/nifi-standard-nar-1.24.0.nar-unpacked
	org.apache.nifi.processors.standard.ListenHTTP
		org.apache.nifi:nifi-standard-nar:1.24.0 || ./work/nar/extensions/nifi-standard-nar-1.24.0.nar-unpacked
	org.apache.nifi.spring.SpringContextProcessor
		org.apache.nifi:nifi-spring-nar:1.24.0 || ./work/nar/extensions/nifi-spring-nar-1.24.0.nar-unpacked
	org.apache.nifi.processors.rethinkdb.PutRethinkDB
		org.apache.nifi:nifi-rethinkdb-nar:1.24.0 || ./work/nar/extensions/nifi-rethinkdb-nar-1.24.0.nar-unpacked
	org.apache.nifi.processors.azure.eventhub.ConsumeAzureEventHub
		org.apache.nifi:nifi-azure-nar:1.24.0 || ./work/nar/extensions/nifi-azure-nar-1.24.0.nar-unpacked
	org.apache.nifi.processors.hadoop.MoveHDFS
		org.apache.nifi:nifi-hadoop-nar:1.24.0 || ./work/nar/extensions/nifi-hadoop-nar-1.24.0.nar-unpacked
	org.apache.nifi.processors.standard.GetFile
		org.apache.nifi:nifi-standard-nar:1.24.0 || ./work/nar/extensions/nifi-standard-nar-1.24.0.nar-unpacked
	org.apache.nifi.processors.standard.CryptographicHashContent
		org.apache.nifi:nifi-standard-nar:1.24.0 || ./work/nar/extensions/nifi-standard-nar-1.24.0.nar-unpacked
	org.apache.nifi.processors.gettcp.GetTCP
		org.apache.nifi:nifi-tcp-nar:1.24.0 || ./work/nar/extensions/nifi-tcp-nar-1.24.0.nar-unpacked
	org.apache.nifi.processors.standard.SplitXml
		org.apache.nifi:nifi-standard-nar:1.24.0 || ./work/nar/extensions/nifi-standard-nar-1.24.0.nar-unpacked
	org.apache.nifi.hbase.PutHBaseCell
		org.apache.nifi:nifi-hbase-nar:1.24.0 || ./work/nar/extensions/nifi-hbase-nar-1.24.0.nar-unpacked
	org.apache.nifi.processors.azure.eventhub.PutAzureEventHub
		org.apache.nifi:nifi-azure-nar:1.24.0 || ./work/nar/extensions/nifi-azure-nar-1.24.0.nar-unpacked
	org.apache.nifi.processors.standard.FetchFTP
		org.apache.nifi:nifi-standard-nar:1.24.0 || ./work/nar/extensions/nifi-standard-nar-1.24.0.nar-unpacked
	org.apache.nifi.processors.aws.ml.translate.GetAwsTranslateJobStatus
		org.apache.nifi:nifi-aws-nar:1.24.0 || ./work/nar/extensions/nifi-aws-nar-1.24.0.nar-unpacked
	org.apache.nifi.jms.processors.ConsumeJMS
		org.apache.nifi:nifi-jms-processors-nar:1.24.0 || ./work/nar/extensions/nifi-jms-processors-nar-1.24.0.nar-unpacked
	org.apache.nifi.processors.azure.storage.DeleteAzureBlobStorage
		org.apache.nifi:nifi-azure-nar:1.24.0 || ./work/nar/extensions/nifi-azure-nar-1.24.0.nar-unpacked
	org.apache.nifi.processors.gcp.storage.DeleteGCSObject
		org.apache.nifi:nifi-gcp-nar:1.24.0 || ./work/nar/extensions/nifi-gcp-nar-1.24.0.nar-unpacked
	org.apache.nifi.processors.standard.ListDatabaseTables
		org.apache.nifi:nifi-standard-nar:1.24.0 || ./work/nar/extensions/nifi-standard-nar-1.24.0.nar-unpacked
	org.apache.nifi.processors.elasticsearch.JsonQueryElasticsearch
		org.apache.nifi:nifi-elasticsearch-restapi-nar:1.24.0 || ./work/nar/extensions/nifi-elasticsearch-restapi-nar-1.24.0.nar-unpacked
	org.apache.nifi.processors.grpc.ListenGRPC
		org.apache.nifi:nifi-grpc-nar:1.24.0 || ./work/nar/extensions/nifi-grpc-nar-1.24.0.nar-unpacked
	org.apache.nifi.processors.standard.AttributesToCSV
		org.apache.nifi:nifi-standard-nar:1.24.0 || ./work/nar/extensions/nifi-standard-nar-1.24.0.nar-unpacked
	org.apache.nifi.processors.standard.PutSyslog
		org.apache.nifi:nifi-standard-nar:1.24.0 || ./work/nar/extensions/nifi-standard-nar-1.24.0.nar-unpacked
	org.apache.nifi.processors.aws.s3.PutS3Object
		org.apache.nifi:nifi-aws-nar:1.24.0 || ./work/nar/extensions/nifi-aws-nar-1.24.0.nar-unpacked
	org.apache.nifi.GetHTMLElement
		org.apache.nifi:nifi-html-nar:1.24.0 || ./work/nar/extensions/nifi-html-nar-1.24.0.nar-unpacked
	org.apache.nifi.processors.jolt.record.JoltTransformRecord
		org.apache.nifi:nifi-jolt-record-nar:1.24.0 || ./work/nar/extensions/nifi-jolt-record-nar-1.24.0.nar-unpacked
	org.apache.nifi.snmp.processors.SetSNMP
		org.apache.nifi:nifi-snmp-nar:1.24.0 || ./work/nar/extensions/nifi-snmp-nar-1.24.0.nar-unpacked
	org.apache.nifi.processors.elasticsearch.FetchElasticsearchHttp
		org.apache.nifi:nifi-elasticsearch-nar:1.24.0 || ./work/nar/extensions/nifi-elasticsearch-nar-1.24.0.nar-unpacked
	org.apache.nifi.processors.grpc.InvokeGRPC
		org.apache.nifi:nifi-grpc-nar:1.24.0 || ./work/nar/extensions/nifi-grpc-nar-1.24.0.nar-unpacked
	org.apache.nifi.processors.standard.PutFTP
		org.apache.nifi:nifi-standard-nar:1.24.0 || ./work/nar/extensions/nifi-standard-nar-1.24.0.nar-unpacked
	org.apache.nifi.processors.hadoop.CreateHadoopSequenceFile
		org.apache.nifi:nifi-hadoop-nar:1.24.0 || ./work/nar/extensions/nifi-hadoop-nar-1.24.0.nar-unpacked
	org.apache.nifi.processors.websocket.ListenWebSocket
		org.apache.nifi:nifi-websocket-processors-nar:1.24.0 || ./work/nar/extensions/nifi-websocket-processors-nar-1.24.0.nar-unpacked
	org.apache.nifi.processors.cybersecurity.CompareFuzzyHash
		org.apache.nifi:nifi-cybersecurity-nar:1.24.0 || ./work/nar/extensions/nifi-cybersecurity-nar-1.24.0.nar-unpacked
	org.apache.nifi.processors.standard.PartitionRecord
		org.apache.nifi:nifi-standard-nar:1.24.0 || ./work/nar/extensions/nifi-standard-nar-1.24.0.nar-unpacked
	org.apache.nifi.processors.standard.LogAttribute
		org.apache.nifi:nifi-standard-nar:1.24.0 || ./work/nar/extensions/nifi-standard-nar-1.24.0.nar-unpacked
	org.apache.nifi.processors.standard.GenerateRecord
		org.apache.nifi:nifi-standard-nar:1.24.0 || ./work/nar/extensions/nifi-standard-nar-1.24.0.nar-unpacked
	org.apache.nifi.processors.standard.ValidateXml
		org.apache.nifi:nifi-standard-nar:1.24.0 || ./work/nar/extensions/nifi-standard-nar-1.24.0.nar-unpacked
	org.apache.nifi.processors.kafka.pubsub.PublishKafkaRecord_1_0
		org.apache.nifi:nifi-kafka-1-0-nar:1.24.0 || ./work/nar/extensions/nifi-kafka-1-0-nar-1.24.0.nar-unpacked
	org.apache.nifi.processors.standard.PutSQL
		org.apache.nifi:nifi-standard-nar:1.24.0 || ./work/nar/extensions/nifi-standard-nar-1.24.0.nar-unpacked
	org.apache.nifi.processors.dropbox.ListDropbox
		org.apache.nifi:nifi-dropbox-processors-nar:1.24.0 || ./work/nar/extensions/nifi-dropbox-processors-nar-1.24.0.nar-unpacked
	org.apache.nifi.processors.cipher.DecryptContent
		org.apache.nifi:nifi-cipher-nar:1.24.0 || ./work/nar/extensions/nifi-cipher-nar-1.24.0.nar-unpacked
	org.apache.nifi.processors.standard.GetSFTP
		org.apache.nifi:nifi-standard-nar:1.24.0 || ./work/nar/extensions/nifi-standard-nar-1.24.0.nar-unpacked
	org.apache.nifi.processors.enrich.QueryDNS
		org.apache.nifi:nifi-enrich-nar:1.24.0 || ./work/nar/extensions/nifi-enrich-nar-1.24.0.nar-unpacked
	org.apache.nifi.processors.smb.FetchSmb
		org.apache.nifi:nifi-smb-nar:1.24.0 || ./work/nar/extensions/nifi-smb-nar-1.24.0.nar-unpacked
	org.apache.nifi.processors.standard.ListFTP
		org.apache.nifi:nifi-standard-nar:1.24.0 || ./work/nar/extensions/nifi-standard-nar-1.24.0.nar-unpacked
	org.apache.nifi.processors.azure.storage.ListAzureBlobStorage
		org.apache.nifi:nifi-azure-nar:1.24.0 || ./work/nar/extensions/nifi-azure-nar-1.24.0.nar-unpacked
	=== End Processor types ===
	=== Authorizer Type ===
	org.apache.nifi.authorization.StandardManagedAuthorizer
		org.apache.nifi:nifi-framework-nar:1.24.0 || ./work/nar/framework/nifi-framework-nar-1.24.0.nar-unpacked
	org.apache.nifi.authorization.FileAuthorizer
		org.apache.nifi:nifi-framework-nar:1.24.0 || ./work/nar/framework/nifi-framework-nar-1.24.0.nar-unpacked
	org.apache.nifi.authorization.single.user.SingleUserAuthorizer
		org.apache.nifi:nifi-single-user-iaa-providers-nar:1.24.0 || ./work/nar/extensions/nifi-single-user-iaa-providers-nar-1.24.0.nar-unpacked
	=== End Authorizer types ===
	=== LoginIdentityProvider Type ===
	org.apache.nifi.ldap.LdapProvider
		org.apache.nifi:nifi-ldap-iaa-providers-nar:1.24.0 || ./work/nar/extensions/nifi-ldap-iaa-providers-nar-1.24.0.nar-unpacked
	org.apache.nifi.kerberos.KerberosProvider
		org.apache.nifi:nifi-kerberos-iaa-providers-nar:1.24.0 || ./work/nar/extensions/nifi-kerberos-iaa-providers-nar-1.24.0.nar-unpacked
	org.apache.nifi.authentication.single.user.SingleUserLoginIdentityProvider
		org.apache.nifi:nifi-single-user-iaa-providers-nar:1.24.0 || ./work/nar/extensions/nifi-single-user-iaa-providers-nar-1.24.0.nar-unpacked
	=== End LoginIdentityProvider types ===
	=== ExternalResourceProvider Type ===
	org.apache.nifi.registry.extension.NiFiRegistryExternalResourceProvider
		org.apache.nifi:nifi-framework-nar:1.24.0 || ./work/nar/framework/nifi-framework-nar-1.24.0.nar-unpacked
	org.apache.nifi.flow.resource.hadoop.HDFSExternalResourceProvider
		org.apache.nifi:nifi-hadoop-nar:1.24.0 || ./work/nar/extensions/nifi-hadoop-nar-1.24.0.nar-unpacked
	=== End ExternalResourceProvider types ===
	=== UserGroupProvider Type ===
	org.apache.nifi.authorization.ShellUserGroupProvider
		org.apache.nifi:nifi-framework-nar:1.24.0 || ./work/nar/framework/nifi-framework-nar-1.24.0.nar-unpacked
	org.apache.nifi.authorization.CompositeConfigurableUserGroupProvider
		org.apache.nifi:nifi-framework-nar:1.24.0 || ./work/nar/framework/nifi-framework-nar-1.24.0.nar-unpacked
	org.apache.nifi.ldap.tenants.LdapUserGroupProvider
		org.apache.nifi:nifi-ldap-iaa-providers-nar:1.24.0 || ./work/nar/extensions/nifi-ldap-iaa-providers-nar-1.24.0.nar-unpacked
	org.apache.nifi.authorization.azure.AzureGraphUserGroupProvider
		org.apache.nifi:nifi-azure-nar:1.24.0 || ./work/nar/extensions/nifi-azure-nar-1.24.0.nar-unpacked
	org.apache.nifi.authorization.CompositeUserGroupProvider
		org.apache.nifi:nifi-framework-nar:1.24.0 || ./work/nar/framework/nifi-framework-nar-1.24.0.nar-unpacked
	org.apache.nifi.authorization.FileUserGroupProvider
		org.apache.nifi:nifi-framework-nar:1.24.0 || ./work/nar/framework/nifi-framework-nar-1.24.0.nar-unpacked
	=== End UserGroupProvider types ===
	=== NarProvider Type ===
	org.apache.nifi.nar.hadoop.HDFSNarProvider
		org.apache.nifi:nifi-hadoop-nar:1.24.0 || ./work/nar/extensions/nifi-hadoop-nar-1.24.0.nar-unpacked
	org.apache.nifi.registry.extension.NiFiRegistryNarProvider
		org.apache.nifi:nifi-framework-nar:1.24.0 || ./work/nar/framework/nifi-framework-nar-1.24.0.nar-unpacked
	=== End NarProvider types ===
	=== FlowFilePrioritizer Type ===
	org.apache.nifi.prioritizer.OldestFlowFileFirstPrioritizer
		org.apache.nifi:nifi-framework-nar:1.24.0 || ./work/nar/framework/nifi-framework-nar-1.24.0.nar-unpacked
	org.apache.nifi.prioritizer.FirstInFirstOutPrioritizer
		org.apache.nifi:nifi-framework-nar:1.24.0 || ./work/nar/framework/nifi-framework-nar-1.24.0.nar-unpacked
	org.apache.nifi.prioritizer.PriorityAttributePrioritizer
		org.apache.nifi:nifi-framework-nar:1.24.0 || ./work/nar/framework/nifi-framework-nar-1.24.0.nar-unpacked
	org.apache.nifi.prioritizer.NewestFlowFileFirstPrioritizer
		org.apache.nifi:nifi-framework-nar:1.24.0 || ./work/nar/framework/nifi-framework-nar-1.24.0.nar-unpacked
	=== End FlowFilePrioritizer types ===
	=== StatusAnalyticsModel Type ===
	org.apache.nifi.controller.status.analytics.models.SimpleRegression
		org.apache.nifi:nifi-framework-nar:1.24.0 || ./work/nar/framework/nifi-framework-nar-1.24.0.nar-unpacked
	org.apache.nifi.controller.status.analytics.models.OrdinaryLeastSquares
		org.apache.nifi:nifi-framework-nar:1.24.0 || ./work/nar/framework/nifi-framework-nar-1.24.0.nar-unpacked
	=== End StatusAnalyticsModel types ===
2025-10-16 11:32:28,340 INFO [main] o.a.n.f.r.CompositeExternalResourceProviderService Starting External Resource Provider Service ...
2025-10-16 11:32:28,340 INFO [main] o.a.n.f.r.CompositeExternalResourceProviderService External Resource Provider Service is started successfully
2025-10-16 11:32:28,341 INFO [main] org.apache.nifi.nar.NarAutoLoader Found 0 initial NARs from directory extensions
2025-10-16 11:32:28,346 INFO [main] org.apache.nifi.nar.NarAutoLoader Starting NAR Auto-Loader Thread for directory ./extensions ...
2025-10-16 11:32:28,356 INFO [main] org.eclipse.jetty.server.Server jetty-9.4.53.v20231009; built: 2023-10-09T12:29:09.265Z; git: 27bde00a0b95a1d5bbee0eae7984f891d2d0f8c9; jvm 11.0.21+9
2025-10-16 11:32:28,642 INFO [main] o.e.j.a.AnnotationConfiguration Scanning elapsed time=145ms
2025-10-16 11:32:28,702 INFO [main] org.eclipse.jetty.server.session DefaultSessionIdManager workerName=node0
2025-10-16 11:32:28,702 INFO [main] org.eclipse.jetty.server.session No SessionScavenger set, using defaults
2025-10-16 11:32:28,704 INFO [main] org.eclipse.jetty.server.session node0 Scavenging every 600000ms
2025-10-16 11:32:28,749 INFO [main] o.e.jetty.server.handler.ContextHandler Started o.e.j.w.WebAppContext@3830f918{/nifi-update-attribute-ui-1.24.0,/nifi-update-attribute-ui-1.24.0,file:///opt/nifi/nifi-current/work/jetty/nifi-update-attribute-ui-1.24.0.war/webapp/,AVAILABLE}{./work/nar/extensions/nifi-update-attribute-nar-1.24.0.nar-unpacked/NAR-INF/bundled-dependencies/nifi-update-attribute-ui-1.24.0.war}
2025-10-16 11:32:28,759 INFO [main] o.e.j.a.AnnotationConfiguration Scanning elapsed time=3ms
2025-10-16 11:32:28,772 INFO [main] o.e.jetty.server.handler.ContextHandler Started o.e.j.w.WebAppContext@5efe47fd{nifi-image-viewer,/nifi-image-viewer-1.24.0,file:///opt/nifi/nifi-current/work/jetty/nifi-image-viewer-1.24.0.war/webapp/,AVAILABLE}{./work/nar/extensions/nifi-image-viewer-nar-1.24.0.nar-unpacked/NAR-INF/bundled-dependencies/nifi-image-viewer-1.24.0.war}
2025-10-16 11:32:28,809 INFO [main] o.e.j.a.AnnotationConfiguration Scanning elapsed time=17ms
2025-10-16 11:32:28,821 INFO [main] o.e.jetty.server.handler.ContextHandler Started o.e.j.w.WebAppContext@739831a4{nifi-standard-content-viewer,/nifi-standard-content-viewer-1.24.0,file:///opt/nifi/nifi-current/work/jetty/nifi-standard-content-viewer-1.24.0.war/webapp/,AVAILABLE}{./work/nar/extensions/nifi-standard-nar-1.24.0.nar-unpacked/NAR-INF/bundled-dependencies/nifi-standard-content-viewer-1.24.0.war}
2025-10-16 11:32:28,914 INFO [main] o.e.j.a.AnnotationConfiguration Scanning elapsed time=41ms
2025-10-16 11:32:28,926 INFO [main] o.e.jetty.server.handler.ContextHandler Started o.e.j.w.WebAppContext@7e3236d{/nifi-jolt-transform-json-ui-1.24.0,/nifi-jolt-transform-json-ui-1.24.0,file:///opt/nifi/nifi-current/work/jetty/nifi-jolt-transform-json-ui-1.24.0.war/webapp/,AVAILABLE}{./work/nar/extensions/nifi-standard-nar-1.24.0.nar-unpacked/NAR-INF/bundled-dependencies/nifi-jolt-transform-json-ui-1.24.0.war}
2025-10-16 11:32:28,989 INFO [main] o.e.j.a.AnnotationConfiguration Scanning elapsed time=11ms
2025-10-16 11:32:28,992 INFO [main] o.e.j.s.handler.ContextHandler._nifi No Spring WebApplicationInitializer types detected on classpath
2025-10-16 11:32:29,002 INFO [main] o.e.jetty.server.handler.ContextHandler Started o.e.j.w.WebAppContext@38a4e2b0{nifi,/nifi,file:///opt/nifi/nifi-current/work/jetty/nifi-web-ui-1.24.0.war/webapp/,AVAILABLE}{./work/nar/extensions/nifi-server-nar-1.24.0.nar-unpacked/NAR-INF/bundled-dependencies/nifi-web-ui-1.24.0.war}
2025-10-16 11:32:29,122 INFO [main] o.e.j.a.AnnotationConfiguration Scanning elapsed time=43ms
2025-10-16 11:32:29,130 INFO [main] o.e.j.s.handler.ContextHandler._nifi_api No Spring WebApplicationInitializer types detected on classpath
2025-10-16 11:32:29,137 INFO [main] o.e.j.s.handler.ContextHandler._nifi_api Initializing Spring root WebApplicationContext
2025-10-16 11:32:29,729 INFO [main] o.a.nifi.properties.NiFiPropertiesLoader Loading Application Properties [/opt/nifi/nifi-current/./conf/nifi.properties]
2025-10-16 11:32:30,251 INFO [main] jetbrains.exodus.env.EnvironmentImpl Exodus environment created: ./database_repository
2025-10-16 11:32:30,310 INFO [main] o.a.n.a.service.EntityStoreAuditService Environment configured with directory [./database_repository]
2025-10-16 11:32:30,602 INFO [main] o.a.n.r.v.FileBasedVariableRegistry Loaded 90 properties from system properties and environment variables
2025-10-16 11:32:30,602 INFO [main] o.a.n.r.v.FileBasedVariableRegistry Loaded a total of 90 properties.  Including precedence overrides effective accessible registry key size is 90
2025-10-16 11:32:30,767 INFO [main] o.a.n.c.r.WriteAheadFlowFileRepository Initialized FlowFile Repository
2025-10-16 11:32:30,768 INFO [main] o.apache.nifi.controller.FlowController Creating Provenance Repository [org.apache.nifi.provenance.WriteAheadProvenanceRepository]
2025-10-16 11:32:30,795 INFO [main] o.a.n.p.store.WriteAheadStorePartition After recovering ./provenance_repository, next Event ID to be generated will be 14
2025-10-16 11:32:30,805 WARN [main] o.a.n.p.index.lucene.LuceneEventIndex Lucene Index ./provenance_repository/lucene-8-index-1760614118064 could not be opened. Assuming that index is defunct and will re-index events belonging to this index.
2025-10-16 11:32:30,805 INFO [main] o.a.n.p.index.lucene.LuceneEventIndex Determined that Lucene Index Directory ./provenance_repository/lucene-8-index-1760614118064 is defunct. Will destroy and rebuild index
2025-10-16 11:32:30,806 INFO [main] o.a.n.p.index.lucene.LuceneEventIndex Will avoid re-indexing Provenance Events because the newest index is defunct, so it will be re-indexed in the background
2025-10-16 11:32:30,806 INFO [main] o.a.n.p.WriteAheadProvenanceRepository Provenance Event Index indicates that no events should be re-indexed upon startup. Will not wait for re-indexing to occur.
2025-10-16 11:32:30,806 INFO [main] o.apache.nifi.controller.FlowController Creating Content Repository [org.apache.nifi.controller.repository.FileSystemRepository]
2025-10-16 11:32:30,809 INFO [main] o.a.n.c.repository.FileSystemRepository Maximum Threshold for Container default set to 127455741870 bytes; if volume exceeds this size, archived data will be deleted until it no longer exceeds this size
2025-10-16 11:32:30,809 INFO [main] o.a.n.c.repository.FileSystemRepository Initializing FileSystemRepository with 'Always Sync' set to false
2025-10-16 11:32:30,921 INFO [Rebuild Defunct Provenance Indices-1] o.a.n.p.index.lucene.MigrateDefunctIndex Successfully indexed 14 events to ./provenance_repository/temp-lucene-8-lucene-8-index-1760614118064 in 71 millis
2025-10-16 11:32:30,921 INFO [Rebuild Defunct Provenance Indices-1] o.a.n.p.lucene.StandardIndexManager Index Writer for ./provenance_repository/temp-lucene-8-lucene-8-index-1760614118064 has been returned to Index Manager and is no longer in use. Closing Index Writer
2025-10-16 11:32:30,925 INFO [Rebuild Defunct Provenance Indices-1] o.a.n.p.i.lucene.IndexDirectoryManager Successfully replaced old index directory ./provenance_repository/lucene-8-index-1760614118064 with new index directory ./provenance_repository/lucene-8-lucene-8-index-1760614118064
2025-10-16 11:32:30,926 INFO [Rebuild Defunct Provenance Indices-1] o.a.n.p.index.lucene.MigrateDefunctIndex Successfully rebuilt Lucene Index ./provenance_repository/lucene-8-index-1760614118064 as ./provenance_repository/lucene-8-lucene-8-index-1760614118064; 0 of 1 indices remain to be rebuilt
2025-10-16 11:32:31,213 INFO [main] org.wali.MinimalLockingWriteAheadLog org.wali.MinimalLockingWriteAheadLog@e6fbf82 finished recovering records. Performing Checkpoint to ensure proper state of Partitions before updates
2025-10-16 11:32:31,213 INFO [main] org.wali.MinimalLockingWriteAheadLog Successfully recovered 2 records in 7 milliseconds
2025-10-16 11:32:31,229 INFO [main] org.wali.MinimalLockingWriteAheadLog org.wali.MinimalLockingWriteAheadLog@e6fbf82 checkpointed with 2 Records and 0 Swap Files in 16 milliseconds (Stop-the-world time = 7 milliseconds, Clear Edit Logs time = 7 millis), max Transaction ID 7
2025-10-16 11:32:32,260 INFO [main] o.s.s.web.DefaultSecurityFilterChain Will secure any request with [org.springframework.security.web.context.request.async.WebAsyncManagerIntegrationFilter@32fa956b, org.apache.nifi.web.security.csrf.SkipReplicatedCsrfFilter@667713c4, org.springframework.security.web.csrf.CsrfFilter@4c19b0a8, org.apache.nifi.web.security.x509.X509AuthenticationFilter@6f67312d, org.springframework.security.oauth2.server.resource.web.authentication.BearerTokenAuthenticationFilter@178cfe5e, org.apache.nifi.web.security.anonymous.NiFiAnonymousAuthenticationFilter@71bb6009, org.apache.nifi.web.security.log.AuthenticationUserFilter@2f8cb4c9, org.springframework.security.web.access.ExceptionTranslationFilter@7217e615, org.springframework.security.web.access.intercept.AuthorizationFilter@71a2a9a0]
2025-10-16 11:32:32,407 INFO [main] o.a.n.w.c.ApplicationStartupContextListener Starting Flow Controller...
2025-10-16 11:32:32,415 INFO [main] o.a.n.c.s.VersionedFlowSynchronizer Synchronizing FlowController with proposed flow: Controller Already Synchronized = false
2025-10-16 11:32:32,540 INFO [main] o.a.n.c.s.VersionedFlowSynchronizer In order to inherit proposed dataflow, will stop any components that will be affected by the update
2025-10-16 11:32:32,540 INFO [main] o.a.n.c.s.AffectedComponentSet Stopping the following components: AffectedComponentSet[inputPorts=[], outputPorts=[], remoteInputPorts=[], remoteOutputPorts=[], processors=[], parameterProviders=[], flowRegistryCliens=[], controllerServices=[], reportingTasks=[]]
2025-10-16 11:32:32,540 INFO [main] o.a.n.c.s.AffectedComponentSet Successfully stopped all components in 0 milliseconds
2025-10-16 11:32:32,543 INFO [main] o.a.n.wali.SequentialAccessWriteAheadLog Recovering records from Write-Ahead Log at ./flowfile_repository
2025-10-16 11:32:32,549 INFO [main] org.apache.nifi.wali.HashMapSnapshot org.apache.nifi.wali.HashMapSnapshot@6c6a7553 restored 0 Records and 0 Swap Files from Snapshot, ending with Transaction ID 19
2025-10-16 11:32:32,550 INFO [main] o.a.n.wali.SequentialAccessWriteAheadLog Successfully recovered 0 records and 0 swap files from Snapshot at ./flowfile_repository/checkpoint with Max Transaction ID of 19 in 5 milliseconds. Now recovering records from 1 journal files
2025-10-16 11:32:32,552 INFO [main] o.a.nifi.wali.LengthDelimitedJournal Recovering records from journal ./flowfile_repository/journals/20.journal
2025-10-16 11:32:32,553 INFO [main] o.a.nifi.wali.LengthDelimitedJournal Successfully recovered 0 updates from journal ./flowfile_repository/journals/20.journal
2025-10-16 11:32:32,554 INFO [main] o.a.n.wali.SequentialAccessWriteAheadLog Successfully recovered 0 records in 10 milliseconds. Now checkpointing to ensure that Write-Ahead Log is in a consistent state
2025-10-16 11:32:32,556 INFO [main] o.a.n.wali.SequentialAccessWriteAheadLog Checkpointed Write-Ahead Log with 0 Records and 0 Swap Files in 2 milliseconds (Stop-the-world time = 1 milliseconds), max Transaction ID 19
2025-10-16 11:32:32,556 INFO [main] o.apache.nifi.controller.FlowController [Timer Driven] Maximum Thread Count updated [10] previous [10]
2025-10-16 11:32:32,557 INFO [main] o.apache.nifi.controller.FlowController [Event Driven] Maximum Thread Count updated [1] previous [1]
2025-10-16 11:32:32,571 INFO [main] o.a.n.f.s.StandardVersionedComponentSynchronizer Updating StandardProcessGroup[identifier=ecba9bfb-0199-1000-35f6-b3d6044d7b9b,name=NiFi Flow] to org.apache.nifi.flow.VersionedExternalFlow@78c0fad6; there are 22 differences to take into account:
Processor with ID ecbbdccf-0199-1000-5cee-1e19b9364109 exists in Proposed Flow but not in Currently Loaded Flow
Controller Service with ID ecbea2b7-0199-1000-e4f6-48d22f543b06 exists in Proposed Flow but not in Currently Loaded Flow
Processor with ID ecbbb8b2-0199-1000-a0e3-cf16028ce496 exists in Proposed Flow but not in Currently Loaded Flow
Processor with ID ecc64f65-0199-1000-4c54-54f9bea4096b exists in Proposed Flow but not in Currently Loaded Flow
Processor with ID ecbfe9b0-0199-1000-b14b-ba021bb0c2ce exists in Proposed Flow but not in Currently Loaded Flow
Controller Service with ID ecc0a197-0199-1000-e2c5-a68d66df1f0f exists in Proposed Flow but not in Currently Loaded Flow
Connection with ID ecbdf03e-0199-1000-9839-1318031b3ab2 exists in Proposed Flow but not in Currently Loaded Flow
Processor with ID ecbeebc4-0199-1000-3ca0-939978c7cb78 exists in Proposed Flow but not in Currently Loaded Flow
Controller Service with ID ecbe8761-0199-1000-4d18-946d7fe27c98 exists in Proposed Flow but not in Currently Loaded Flow
Processor with ID ecc05f84-0199-1000-3197-08d7447c99f8 exists in Proposed Flow but not in Currently Loaded Flow
Connection with ID ecc68a85-0199-1000-0bdf-2c211203fda1 exists in Proposed Flow but not in Currently Loaded Flow
Processor with ID ecbdae1f-0199-1000-49b3-be0d5b14ce1b exists in Proposed Flow but not in Currently Loaded Flow
Connection with ID ecc63f34-0199-1000-b5b0-749029b74ebb exists in Proposed Flow but not in Currently Loaded Flow
Processor with ID ecbc19c0-0199-1000-df2c-1dfb00b8a42a exists in Proposed Flow but not in Currently Loaded Flow
Connection with ID ecc081b0-0199-1000-188a-6f2597805c3a exists in Proposed Flow but not in Currently Loaded Flow
Connection with ID ecbf190d-0199-1000-7782-24a29d22209f exists in Proposed Flow but not in Currently Loaded Flow
Connection with ID ecc5f5fc-0199-1000-0f07-5c6a5528724a exists in Proposed Flow but not in Currently Loaded Flow
Connection with ID ecbed56b-0199-1000-5118-dcd5a234f33c exists in Proposed Flow but not in Currently Loaded Flow
Processor with ID ecbdc9be-0199-1000-9cbe-29d38cd766d6 exists in Proposed Flow but not in Currently Loaded Flow
Processor with ID ecbc40e6-0199-1000-5ae4-0da09556a50f exists in Proposed Flow but not in Currently Loaded Flow
Connection with ID ecc00a12-0199-1000-1931-b81585dc31ff exists in Proposed Flow but not in Currently Loaded Flow
Connection with ID ecbfdd12-0199-1000-af8d-8d86e7b538dc exists in Proposed Flow but not in Currently Loaded Flow
2025-10-16 11:32:32,602 INFO [main] o.a.nifi.controller.ExtensionBuilder Created Controller Service of type org.apache.nifi.dbcp.DBCPConnectionPool with identifier ecc0a197-0199-1000-e2c5-a68d66df1f0f
2025-10-16 11:32:32,612 INFO [main] o.a.nifi.groups.StandardProcessGroup StandardControllerServiceNode[service=DBCPConnectionPool[id=ecc0a197-0199-1000-e2c5-a68d66df1f0f], name=DBCPConnectionPool, active=false] added to StandardProcessGroup[identifier=ecba9bfb-0199-1000-35f6-b3d6044d7b9b,name=NiFi Flow]
2025-10-16 11:32:32,615 INFO [main] o.a.n.controller.AbstractComponentNode Updating classpath for DBCPConnectionPool with the ID ecc0a197-0199-1000-e2c5-a68d66df1f0f
2025-10-16 11:32:32,625 INFO [main] o.a.nifi.controller.ExtensionBuilder Created Controller Service of type org.apache.nifi.dbcp.DBCPConnectionPool with identifier ecc0a197-0199-1000-e2c5-a68d66df1f0f
2025-10-16 11:32:32,626 INFO [main] o.a.n.f.s.StandardVersionedComponentSynchronizer Added StandardControllerServiceNode[service=DBCPConnectionPool[id=ecc0a197-0199-1000-e2c5-a68d66df1f0f], name=DBCPConnectionPool, active=false] to StandardProcessGroup[identifier=ecba9bfb-0199-1000-35f6-b3d6044d7b9b,name=NiFi Flow]
2025-10-16 11:32:32,636 INFO [main] o.a.nifi.controller.ExtensionBuilder Created Controller Service of type org.apache.nifi.json.JsonRecordSetWriter with identifier ecbe8761-0199-1000-4d18-946d7fe27c98
2025-10-16 11:32:32,637 INFO [main] o.a.nifi.groups.StandardProcessGroup StandardControllerServiceNode[service=JsonRecordSetWriter[id=ecbe8761-0199-1000-4d18-946d7fe27c98], name=JsonRecordSetWriter, active=false] added to StandardProcessGroup[identifier=ecba9bfb-0199-1000-35f6-b3d6044d7b9b,name=NiFi Flow]
2025-10-16 11:32:32,690 INFO [main] o.a.n.f.s.StandardVersionedComponentSynchronizer Added StandardControllerServiceNode[service=JsonRecordSetWriter[id=ecbe8761-0199-1000-4d18-946d7fe27c98], name=JsonRecordSetWriter, active=false] to StandardProcessGroup[identifier=ecba9bfb-0199-1000-35f6-b3d6044d7b9b,name=NiFi Flow]
2025-10-16 11:32:32,694 INFO [main] o.a.nifi.controller.ExtensionBuilder Created Controller Service of type org.apache.nifi.csv.CSVReader with identifier ecbea2b7-0199-1000-e4f6-48d22f543b06
2025-10-16 11:32:32,695 INFO [main] o.a.nifi.groups.StandardProcessGroup StandardControllerServiceNode[service=CSVReader[id=ecbea2b7-0199-1000-e4f6-48d22f543b06], name=CSVReader, active=false] added to StandardProcessGroup[identifier=ecba9bfb-0199-1000-35f6-b3d6044d7b9b,name=NiFi Flow]
2025-10-16 11:32:32,698 INFO [main] o.a.n.f.s.StandardVersionedComponentSynchronizer Added StandardControllerServiceNode[service=CSVReader[id=ecbea2b7-0199-1000-e4f6-48d22f543b06], name=CSVReader, active=false] to StandardProcessGroup[identifier=ecba9bfb-0199-1000-35f6-b3d6044d7b9b,name=NiFi Flow]
2025-10-16 11:32:32,698 INFO [main] o.a.n.controller.AbstractComponentNode Updating classpath for DBCPConnectionPool with the ID ecc0a197-0199-1000-e2c5-a68d66df1f0f
2025-10-16 11:32:32,702 INFO [main] o.a.nifi.controller.ExtensionBuilder Created Controller Service of type org.apache.nifi.dbcp.DBCPConnectionPool with identifier ecc0a197-0199-1000-e2c5-a68d66df1f0f
2025-10-16 11:32:32,705 INFO [main] o.a.n.f.s.StandardVersionedComponentSynchronizer Updated StandardControllerServiceNode[service=JsonRecordSetWriter[id=ecbe8761-0199-1000-4d18-946d7fe27c98], name=JsonRecordSetWriter, active=false]
2025-10-16 11:32:32,705 INFO [main] o.a.n.f.s.StandardVersionedComponentSynchronizer Updated StandardControllerServiceNode[service=CSVReader[id=ecbea2b7-0199-1000-e4f6-48d22f543b06], name=CSVReader, active=false]
2025-10-16 11:32:32,706 INFO [main] o.a.n.controller.AbstractComponentNode Updating classpath for DBCPConnectionPool with the ID ecc0a197-0199-1000-e2c5-a68d66df1f0f
2025-10-16 11:32:32,709 INFO [main] o.a.nifi.controller.ExtensionBuilder Created Controller Service of type org.apache.nifi.dbcp.DBCPConnectionPool with identifier ecc0a197-0199-1000-e2c5-a68d66df1f0f
2025-10-16 11:32:32,709 INFO [main] o.a.n.f.s.StandardVersionedComponentSynchronizer Updated StandardControllerServiceNode[service=DBCPConnectionPool[id=ecc0a197-0199-1000-e2c5-a68d66df1f0f], name=DBCPConnectionPool, active=false]
2025-10-16 11:32:32,728 INFO [main] o.a.nifi.groups.StandardProcessGroup PutSQL[id=ecbdc9be-0199-1000-9cbe-29d38cd766d6] added to StandardProcessGroup[identifier=ecba9bfb-0199-1000-35f6-b3d6044d7b9b,name=NiFi Flow]
2025-10-16 11:32:32,731 INFO [main] o.a.n.f.s.StandardVersionedComponentSynchronizer Added PutSQL[id=ecbdc9be-0199-1000-9cbe-29d38cd766d6] to StandardProcessGroup[identifier=ecba9bfb-0199-1000-35f6-b3d6044d7b9b,name=NiFi Flow]
2025-10-16 11:32:32,734 INFO [main] o.a.nifi.groups.StandardProcessGroup ConvertJSONToSQL[id=ecbdae1f-0199-1000-49b3-be0d5b14ce1b] added to StandardProcessGroup[identifier=ecba9bfb-0199-1000-35f6-b3d6044d7b9b,name=NiFi Flow]
2025-10-16 11:32:32,734 INFO [main] o.a.n.f.s.StandardVersionedComponentSynchronizer Added ConvertJSONToSQL[id=ecbdae1f-0199-1000-49b3-be0d5b14ce1b] to StandardProcessGroup[identifier=ecba9bfb-0199-1000-35f6-b3d6044d7b9b,name=NiFi Flow]
2025-10-16 11:32:32,738 INFO [main] o.a.nifi.groups.StandardProcessGroup SplitJson[id=ecbc40e6-0199-1000-5ae4-0da09556a50f] added to StandardProcessGroup[identifier=ecba9bfb-0199-1000-35f6-b3d6044d7b9b,name=NiFi Flow]
2025-10-16 11:32:32,740 INFO [main] o.a.n.f.s.StandardVersionedComponentSynchronizer Added SplitJson[id=ecbc40e6-0199-1000-5ae4-0da09556a50f] to StandardProcessGroup[identifier=ecba9bfb-0199-1000-35f6-b3d6044d7b9b,name=NiFi Flow]
2025-10-16 11:32:32,742 INFO [main] o.a.nifi.groups.StandardProcessGroup LogAttribute[id=ecc64f65-0199-1000-4c54-54f9bea4096b] added to StandardProcessGroup[identifier=ecba9bfb-0199-1000-35f6-b3d6044d7b9b,name=NiFi Flow]
2025-10-16 11:32:32,742 INFO [main] o.a.n.f.s.StandardVersionedComponentSynchronizer Added LogAttribute[id=ecc64f65-0199-1000-4c54-54f9bea4096b] to StandardProcessGroup[identifier=ecba9bfb-0199-1000-35f6-b3d6044d7b9b,name=NiFi Flow]
2025-10-16 11:32:32,743 INFO [main] o.a.nifi.groups.StandardProcessGroup ConvertRecord[id=ecbc19c0-0199-1000-df2c-1dfb00b8a42a] added to StandardProcessGroup[identifier=ecba9bfb-0199-1000-35f6-b3d6044d7b9b,name=NiFi Flow]
2025-10-16 11:32:32,744 INFO [main] o.a.n.f.s.StandardVersionedComponentSynchronizer Added ConvertRecord[id=ecbc19c0-0199-1000-df2c-1dfb00b8a42a] to StandardProcessGroup[identifier=ecba9bfb-0199-1000-35f6-b3d6044d7b9b,name=NiFi Flow]
2025-10-16 11:32:32,744 INFO [main] o.a.nifi.groups.StandardProcessGroup LogAttribute[id=ecbbdccf-0199-1000-5cee-1e19b9364109] added to StandardProcessGroup[identifier=ecba9bfb-0199-1000-35f6-b3d6044d7b9b,name=NiFi Flow]
2025-10-16 11:32:32,744 INFO [main] o.a.n.f.s.StandardVersionedComponentSynchronizer Added LogAttribute[id=ecbbdccf-0199-1000-5cee-1e19b9364109] to StandardProcessGroup[identifier=ecba9bfb-0199-1000-35f6-b3d6044d7b9b,name=NiFi Flow]
2025-10-16 11:32:32,744 INFO [main] o.a.nifi.groups.StandardProcessGroup LogAttribute[id=ecbfe9b0-0199-1000-b14b-ba021bb0c2ce] added to StandardProcessGroup[identifier=ecba9bfb-0199-1000-35f6-b3d6044d7b9b,name=NiFi Flow]
2025-10-16 11:32:32,745 INFO [main] o.a.n.f.s.StandardVersionedComponentSynchronizer Added LogAttribute[id=ecbfe9b0-0199-1000-b14b-ba021bb0c2ce] to StandardProcessGroup[identifier=ecba9bfb-0199-1000-35f6-b3d6044d7b9b,name=NiFi Flow]
2025-10-16 11:32:32,745 INFO [main] o.a.nifi.groups.StandardProcessGroup LogAttribute[id=ecc05f84-0199-1000-3197-08d7447c99f8] added to StandardProcessGroup[identifier=ecba9bfb-0199-1000-35f6-b3d6044d7b9b,name=NiFi Flow]
2025-10-16 11:32:32,745 INFO [main] o.a.n.f.s.StandardVersionedComponentSynchronizer Added LogAttribute[id=ecc05f84-0199-1000-3197-08d7447c99f8] to StandardProcessGroup[identifier=ecba9bfb-0199-1000-35f6-b3d6044d7b9b,name=NiFi Flow]
2025-10-16 11:32:32,746 INFO [main] o.a.nifi.groups.StandardProcessGroup LogAttribute[id=ecbeebc4-0199-1000-3ca0-939978c7cb78] added to StandardProcessGroup[identifier=ecba9bfb-0199-1000-35f6-b3d6044d7b9b,name=NiFi Flow]
2025-10-16 11:32:32,746 INFO [main] o.a.n.f.s.StandardVersionedComponentSynchronizer Added LogAttribute[id=ecbeebc4-0199-1000-3ca0-939978c7cb78] to StandardProcessGroup[identifier=ecba9bfb-0199-1000-35f6-b3d6044d7b9b,name=NiFi Flow]
2025-10-16 11:32:32,749 INFO [main] o.a.nifi.groups.StandardProcessGroup GetFile[id=ecbbb8b2-0199-1000-a0e3-cf16028ce496] added to StandardProcessGroup[identifier=ecba9bfb-0199-1000-35f6-b3d6044d7b9b,name=NiFi Flow]
2025-10-16 11:32:32,751 INFO [main] o.a.n.f.s.StandardVersionedComponentSynchronizer Added GetFile[id=ecbbb8b2-0199-1000-a0e3-cf16028ce496] to StandardProcessGroup[identifier=ecba9bfb-0199-1000-35f6-b3d6044d7b9b,name=NiFi Flow]
2025-10-16 11:32:32,757 INFO [main] o.a.n.f.s.StandardVersionedComponentSynchronizer Added Connection[ID=ecc68a85-0199-1000-0bdf-2c211203fda1, Source ID=ecbdc9be-0199-1000-9cbe-29d38cd766d6, Dest ID=ecc64f65-0199-1000-4c54-54f9bea4096b] to StandardProcessGroup[identifier=ecba9bfb-0199-1000-35f6-b3d6044d7b9b,name=NiFi Flow]
2025-10-16 11:32:32,758 INFO [main] o.a.n.f.s.StandardVersionedComponentSynchronizer Added Connection[ID=ecc081b0-0199-1000-188a-6f2597805c3a, Source ID=ecbdae1f-0199-1000-49b3-be0d5b14ce1b, Dest ID=ecc05f84-0199-1000-3197-08d7447c99f8] to StandardProcessGroup[identifier=ecba9bfb-0199-1000-35f6-b3d6044d7b9b,name=NiFi Flow]
2025-10-16 11:32:32,759 INFO [main] o.a.n.f.s.StandardVersionedComponentSynchronizer Added Connection[ID=ecc63f34-0199-1000-b5b0-749029b74ebb, Source ID=ecbdc9be-0199-1000-9cbe-29d38cd766d6, Dest ID=ecbbdccf-0199-1000-5cee-1e19b9364109] to StandardProcessGroup[identifier=ecba9bfb-0199-1000-35f6-b3d6044d7b9b,name=NiFi Flow]
2025-10-16 11:32:32,759 INFO [main] o.a.n.f.s.StandardVersionedComponentSynchronizer Added Connection[ID=ecc00a12-0199-1000-1931-b81585dc31ff, Source ID=ecbc40e6-0199-1000-5ae4-0da09556a50f, Dest ID=ecbfe9b0-0199-1000-b14b-ba021bb0c2ce] to StandardProcessGroup[identifier=ecba9bfb-0199-1000-35f6-b3d6044d7b9b,name=NiFi Flow]
2025-10-16 11:32:32,759 INFO [main] o.a.n.f.s.StandardVersionedComponentSynchronizer Added Connection[ID=ecbed56b-0199-1000-5118-dcd5a234f33c, Source ID=ecbc19c0-0199-1000-df2c-1dfb00b8a42a, Dest ID=ecbc40e6-0199-1000-5ae4-0da09556a50f] to StandardProcessGroup[identifier=ecba9bfb-0199-1000-35f6-b3d6044d7b9b,name=NiFi Flow]
2025-10-16 11:32:32,760 INFO [main] o.a.n.f.s.StandardVersionedComponentSynchronizer Added Connection[ID=ecbdf03e-0199-1000-9839-1318031b3ab2, Source ID=ecbbb8b2-0199-1000-a0e3-cf16028ce496, Dest ID=ecbc19c0-0199-1000-df2c-1dfb00b8a42a] to StandardProcessGroup[identifier=ecba9bfb-0199-1000-35f6-b3d6044d7b9b,name=NiFi Flow]
2025-10-16 11:32:32,760 INFO [main] o.a.n.f.s.StandardVersionedComponentSynchronizer Added Connection[ID=ecc5f5fc-0199-1000-0f07-5c6a5528724a, Source ID=ecbdae1f-0199-1000-49b3-be0d5b14ce1b, Dest ID=ecbdc9be-0199-1000-9cbe-29d38cd766d6] to StandardProcessGroup[identifier=ecba9bfb-0199-1000-35f6-b3d6044d7b9b,name=NiFi Flow]
2025-10-16 11:32:32,760 INFO [main] o.a.n.f.s.StandardVersionedComponentSynchronizer Added Connection[ID=ecbf190d-0199-1000-7782-24a29d22209f, Source ID=ecbc19c0-0199-1000-df2c-1dfb00b8a42a, Dest ID=ecbeebc4-0199-1000-3ca0-939978c7cb78] to StandardProcessGroup[identifier=ecba9bfb-0199-1000-35f6-b3d6044d7b9b,name=NiFi Flow]
2025-10-16 11:32:32,761 INFO [main] o.a.n.f.s.StandardVersionedComponentSynchronizer Added Connection[ID=ecbfdd12-0199-1000-af8d-8d86e7b538dc, Source ID=ecbc40e6-0199-1000-5ae4-0da09556a50f, Dest ID=ecbdae1f-0199-1000-49b3-be0d5b14ce1b] to StandardProcessGroup[identifier=ecba9bfb-0199-1000-35f6-b3d6044d7b9b,name=NiFi Flow]
2025-10-16 11:32:32,762 INFO [main] o.a.n.c.s.StandardProcessScheduler Enabling StandardControllerServiceNode[service=JsonRecordSetWriter[id=ecbe8761-0199-1000-4d18-946d7fe27c98], name=JsonRecordSetWriter, active=false]
2025-10-16 11:32:32,765 INFO [main] o.a.n.c.s.StandardProcessScheduler Enabling StandardControllerServiceNode[service=CSVReader[id=ecbea2b7-0199-1000-e4f6-48d22f543b06], name=CSVReader, active=false]
2025-10-16 11:32:32,767 INFO [Timer-Driven Process Thread-1] o.a.n.c.s.StandardControllerServiceNode Successfully enabled StandardControllerServiceNode[service=JsonRecordSetWriter[id=ecbe8761-0199-1000-4d18-946d7fe27c98], name=JsonRecordSetWriter, active=true]
2025-10-16 11:32:32,780 INFO [Timer-Driven Process Thread-2] o.a.n.c.s.StandardControllerServiceNode Successfully enabled StandardControllerServiceNode[service=CSVReader[id=ecbea2b7-0199-1000-e4f6-48d22f543b06], name=CSVReader, active=true]
2025-10-16 11:32:32,780 INFO [main] o.a.n.c.s.StandardProcessScheduler Enabling StandardControllerServiceNode[service=DBCPConnectionPool[id=ecc0a197-0199-1000-e2c5-a68d66df1f0f], name=DBCPConnectionPool, active=false]
2025-10-16 11:32:32,796 INFO [Timer-Driven Process Thread-3] o.a.n.c.s.StandardControllerServiceNode Successfully enabled StandardControllerServiceNode[service=DBCPConnectionPool[id=ecc0a197-0199-1000-e2c5-a68d66df1f0f], name=DBCPConnectionPool, active=true]
2025-10-16 11:32:32,799 INFO [main] o.a.n.c.s.AffectedComponentSet Starting the following components: AffectedComponentSet[inputPorts=[], outputPorts=[], remoteInputPorts=[], remoteOutputPorts=[], processors=[], parameterProviders=[], flowRegistryCliens=[], controllerServices=[], reportingTasks=[]]
2025-10-16 11:32:32,799 INFO [main] o.a.n.c.s.VersionedFlowSynchronizer Successfully synchronized dataflow with the proposed flow in 384 millis
2025-10-16 11:32:32,800 INFO [main] o.apache.nifi.controller.FlowController Successfully synchronized controller with proposed flow. Flow contains the following number of components: {Processors=10, Controller Services=3, Reporting Tasks=0, Process Groups=0, Remote Process Groups=0, Parameter Providers=0, Flow Registry Clients=0, Local Input Ports=0, Local Output Ports=0, Public Input Ports=0, Public Output Ports=0}
2025-10-16 11:32:32,802 INFO [main] o.a.n.c.r.WriteAheadFlowFileRepository Successfully restored 0 FlowFiles and 0 Swap Files
2025-10-16 11:32:32,850 INFO [main] o.a.n.c.repository.FileSystemRepository Found unknown file /opt/nifi/nifi-current/content_repository/1/1760614117828-1 (3003 bytes) in File System Repository; archiving file
2025-10-16 11:32:32,958 INFO [main] o.apache.nifi.controller.FlowController Performed initial validation of all components in 6 milliseconds
2025-10-16 11:32:32,958 INFO [main] o.apache.nifi.controller.FlowController Starting 9 processors/ports/funnels
2025-10-16 11:32:32,959 INFO [main] o.a.n.c.s.StandardProcessScheduler Starting PutSQL[id=ecbdc9be-0199-1000-9cbe-29d38cd766d6]
2025-10-16 11:32:32,959 INFO [main] o.a.n.controller.StandardProcessorNode Starting PutSQL[id=ecbdc9be-0199-1000-9cbe-29d38cd766d6]
2025-10-16 11:32:32,961 INFO [main] o.a.n.c.s.StandardProcessScheduler Starting LogAttribute[id=ecbbdccf-0199-1000-5cee-1e19b9364109]
2025-10-16 11:32:32,961 INFO [main] o.a.n.controller.StandardProcessorNode Starting LogAttribute[id=ecbbdccf-0199-1000-5cee-1e19b9364109]
2025-10-16 11:32:32,962 INFO [main] o.a.n.c.s.StandardProcessScheduler Starting LogAttribute[id=ecbfe9b0-0199-1000-b14b-ba021bb0c2ce]
2025-10-16 11:32:32,962 INFO [main] o.a.n.controller.StandardProcessorNode Starting LogAttribute[id=ecbfe9b0-0199-1000-b14b-ba021bb0c2ce]
2025-10-16 11:32:32,963 INFO [main] o.a.n.c.s.StandardProcessScheduler Starting LogAttribute[id=ecbeebc4-0199-1000-3ca0-939978c7cb78]
2025-10-16 11:32:32,964 INFO [main] o.a.n.controller.StandardProcessorNode Starting LogAttribute[id=ecbeebc4-0199-1000-3ca0-939978c7cb78]
2025-10-16 11:32:32,964 INFO [main] o.a.n.c.s.StandardProcessScheduler Starting LogAttribute[id=ecc64f65-0199-1000-4c54-54f9bea4096b]
2025-10-16 11:32:32,964 INFO [main] o.a.n.controller.StandardProcessorNode Starting LogAttribute[id=ecc64f65-0199-1000-4c54-54f9bea4096b]
2025-10-16 11:32:32,965 INFO [main] o.a.n.c.s.StandardProcessScheduler Starting GetFile[id=ecbbb8b2-0199-1000-a0e3-cf16028ce496]
2025-10-16 11:32:32,965 INFO [main] o.a.n.controller.StandardProcessorNode Starting GetFile[id=ecbbb8b2-0199-1000-a0e3-cf16028ce496]
2025-10-16 11:32:32,965 INFO [main] o.a.n.c.s.StandardProcessScheduler Starting SplitJson[id=ecbc40e6-0199-1000-5ae4-0da09556a50f]
2025-10-16 11:32:32,967 INFO [main] o.a.n.controller.StandardProcessorNode Starting SplitJson[id=ecbc40e6-0199-1000-5ae4-0da09556a50f]
2025-10-16 11:32:32,967 INFO [main] o.a.n.c.s.StandardProcessScheduler Starting ConvertRecord[id=ecbc19c0-0199-1000-df2c-1dfb00b8a42a]
2025-10-16 11:32:32,968 INFO [main] o.a.n.controller.StandardProcessorNode Starting ConvertRecord[id=ecbc19c0-0199-1000-df2c-1dfb00b8a42a]
2025-10-16 11:32:32,968 INFO [Timer-Driven Process Thread-2] o.a.n.c.s.TimerDrivenSchedulingAgent Scheduled LogAttribute[id=ecbfe9b0-0199-1000-b14b-ba021bb0c2ce] to run with 1 threads
2025-10-16 11:32:32,968 INFO [main] o.a.n.c.s.StandardProcessScheduler Starting LogAttribute[id=ecc05f84-0199-1000-3197-08d7447c99f8]
2025-10-16 11:32:32,968 INFO [main] o.a.n.controller.StandardProcessorNode Starting LogAttribute[id=ecc05f84-0199-1000-3197-08d7447c99f8]
2025-10-16 11:32:32,968 INFO [Timer-Driven Process Thread-7] o.a.n.c.s.TimerDrivenSchedulingAgent Scheduled LogAttribute[id=ecbeebc4-0199-1000-3ca0-939978c7cb78] to run with 1 threads
2025-10-16 11:32:32,968 INFO [Timer-Driven Process Thread-6] o.a.n.c.s.TimerDrivenSchedulingAgent Scheduled ConvertRecord[id=ecbc19c0-0199-1000-df2c-1dfb00b8a42a] to run with 1 threads
2025-10-16 11:32:32,968 INFO [Timer-Driven Process Thread-9] o.a.n.c.s.TimerDrivenSchedulingAgent Scheduled GetFile[id=ecbbb8b2-0199-1000-a0e3-cf16028ce496] to run with 1 threads
2025-10-16 11:32:32,968 INFO [main] o.apache.nifi.controller.FlowController Started 0 Remote Group Ports transmitting
2025-10-16 11:32:32,969 INFO [Timer-Driven Process Thread-8] o.a.n.c.s.TimerDrivenSchedulingAgent Scheduled LogAttribute[id=ecc64f65-0199-1000-4c54-54f9bea4096b] to run with 1 threads
2025-10-16 11:32:32,969 INFO [Timer-Driven Process Thread-5] o.a.n.c.s.TimerDrivenSchedulingAgent Scheduled LogAttribute[id=ecbbdccf-0199-1000-5cee-1e19b9364109] to run with 1 threads
2025-10-16 11:32:32,969 INFO [Timer-Driven Process Thread-7] o.a.n.c.s.TimerDrivenSchedulingAgent Scheduled LogAttribute[id=ecc05f84-0199-1000-3197-08d7447c99f8] to run with 1 threads
2025-10-16 11:32:32,969 INFO [main] o.a.n.w.c.ApplicationStartupContextListener Flow Controller started successfully.
2025-10-16 11:32:32,994 INFO [Timer-Driven Process Thread-1] o.a.n.c.s.TimerDrivenSchedulingAgent Scheduled PutSQL[id=ecbdc9be-0199-1000-9cbe-29d38cd766d6] to run with 1 threads
2025-10-16 11:32:33,106 INFO [Timer-Driven Process Thread-10] o.a.n.c.s.TimerDrivenSchedulingAgent Scheduled SplitJson[id=ecbc40e6-0199-1000-5ae4-0da09556a50f] to run with 1 threads
2025-10-16 11:32:33,778 INFO [main] o.e.jetty.server.handler.ContextHandler Started o.e.j.w.WebAppContext@14c99bf6{nifi-api,/nifi-api,file:///opt/nifi/nifi-current/work/jetty/nifi-web-api-1.24.0.war/webapp/,AVAILABLE}{./work/nar/extensions/nifi-server-nar-1.24.0.nar-unpacked/NAR-INF/bundled-dependencies/nifi-web-api-1.24.0.war}
2025-10-16 11:32:34,024 INFO [main] o.e.j.a.AnnotationConfiguration Scanning elapsed time=42ms
2025-10-16 11:32:34,033 INFO [main] o.e.j.s.h.C._nifi_content_viewer No Spring WebApplicationInitializer types detected on classpath
2025-10-16 11:32:34,036 INFO [main] o.e.jetty.server.handler.ContextHandler Started o.e.j.w.WebAppContext@266e9dda{nifi-content-viewer,/nifi-content-viewer,file:///opt/nifi/nifi-current/work/jetty/nifi-web-content-viewer-1.24.0.war/webapp/,AVAILABLE}{./work/nar/extensions/nifi-server-nar-1.24.0.nar-unpacked/NAR-INF/bundled-dependencies/nifi-web-content-viewer-1.24.0.war}
2025-10-16 11:32:34,046 INFO [main] o.e.j.a.AnnotationConfiguration Scanning elapsed time=3ms
2025-10-16 11:32:34,047 INFO [main] o.e.j.s.h.ContextHandler._nifi_docs No Spring WebApplicationInitializer types detected on classpath
2025-10-16 11:32:34,053 INFO [main] o.e.jetty.server.handler.ContextHandler Started o.e.j.w.WebAppContext@38883a31{nifi-docs,/nifi-docs,file:///opt/nifi/nifi-current/work/jetty/nifi-web-docs-1.24.0.war/webapp/,AVAILABLE}{./work/nar/extensions/nifi-server-nar-1.24.0.nar-unpacked/NAR-INF/bundled-dependencies/nifi-web-docs-1.24.0.war}
2025-10-16 11:32:34,060 INFO [main] o.e.j.a.AnnotationConfiguration Scanning elapsed time=2ms
2025-10-16 11:32:34,060 INFO [main] o.e.j.server.handler.ContextHandler._ No Spring WebApplicationInitializer types detected on classpath
2025-10-16 11:32:34,067 INFO [main] o.e.jetty.server.handler.ContextHandler Started o.e.j.w.WebAppContext@27a6fef2{nifi-error,/,file:///opt/nifi/nifi-current/work/jetty/nifi-web-error-1.24.0.war/webapp/,AVAILABLE}{./work/nar/extensions/nifi-server-nar-1.24.0.nar-unpacked/NAR-INF/bundled-dependencies/nifi-web-error-1.24.0.war}
2025-10-16 11:32:34,078 INFO [main] o.eclipse.jetty.server.AbstractConnector Started ServerConnector@656a3d6b{HTTP/1.1, (http/1.1)}{0.0.0.0:8080}
2025-10-16 11:32:34,079 INFO [main] org.eclipse.jetty.server.Server Started @9119ms
2025-10-16 11:32:34,087 INFO [main] org.apache.nifi.web.server.JettyServer NiFi has started. The UI is available at the following URLs:
2025-10-16 11:32:34,087 INFO [main] org.apache.nifi.web.server.JettyServer http://0.0.0.0:8080/nifi
2025-10-16 11:32:34,100 INFO [main] org.apache.nifi.BootstrapListener Successfully initiated communication with Bootstrap
2025-10-16 11:32:34,100 INFO [main] org.apache.nifi.NiFi Started Application Controller in 6.331 seconds (6331805294 ns)
2025-10-16 11:32:52,804 INFO [pool-7-thread-1] o.a.n.c.r.WriteAheadFlowFileRepository Initiating checkpoint of FlowFile Repository
2025-10-16 11:32:52,806 INFO [pool-7-thread-1] o.a.n.c.r.WriteAheadFlowFileRepository Successfully checkpointed FlowFile Repository with 0 records in 1 milliseconds
2025-10-16 11:33:12,805 INFO [pool-7-thread-1] o.a.n.c.r.WriteAheadFlowFileRepository Initiating checkpoint of FlowFile Repository
2025-10-16 11:33:12,807 INFO [pool-7-thread-1] o.a.n.c.r.WriteAheadFlowFileRepository Successfully checkpointed FlowFile Repository with 0 records in 0 milliseconds
2025-10-16 11:33:31,376 INFO [Cleanup Archive for default] o.a.n.c.repository.FileSystemRepository Successfully deleted 1 files (2.93 KB) from archive
2025-10-16 11:33:31,377 INFO [Cleanup Archive for default] o.a.n.c.repository.FileSystemRepository Archive cleanup completed for container default; will now allow writing to this container. Bytes used = 176.39 GB, bytes free = 51.88 GB, capacity = 228.27 GB
2025-10-16 11:33:32,810 INFO [pool-7-thread-1] o.a.n.c.r.WriteAheadFlowFileRepository Initiating checkpoint of FlowFile Repository
2025-10-16 11:33:32,812 INFO [pool-7-thread-1] o.a.n.c.r.WriteAheadFlowFileRepository Successfully checkpointed FlowFile Repository with 0 records in 0 milliseconds
2025-10-16 11:33:52,815 INFO [pool-7-thread-1] o.a.n.c.r.WriteAheadFlowFileRepository Initiating checkpoint of FlowFile Repository
2025-10-16 11:33:52,816 INFO [pool-7-thread-1] o.a.n.c.r.WriteAheadFlowFileRepository Successfully checkpointed FlowFile Repository with 0 records in 0 milliseconds
2025-10-16 11:41:53,650 INFO [pool-7-thread-1] o.a.n.c.r.WriteAheadFlowFileRepository Initiating checkpoint of FlowFile Repository
2025-10-16 11:41:53,651 INFO [pool-7-thread-1] o.a.n.c.r.WriteAheadFlowFileRepository Successfully checkpointed FlowFile Repository with 0 records in 0 milliseconds
2025-10-16 11:42:03,527 INFO [Timer-Driven Process Thread-4] o.a.n.processors.standard.LogAttribute LogAttribute[id=ecbfe9b0-0199-1000-b14b-ba021bb0c2ce] logging for flow file StandardFlowFileRecord[uuid=275ac318-73b9-4f6c-8a4b-b7b761b668db,claim=StandardContentClaim [resourceClaim=StandardResourceClaim[id=1760614923338-1, container=default, section=1], offset=529, length=1216],offset=0,name=2025-10-16_14:42:02_car.csv,size=1216]
--------------------------------------------------
FlowFile Properties
Key: 'entryDate'
	Value: 'Thu Oct 16 11:42:03 UTC 2025'
Key: 'lineageStartDate'
	Value: 'Thu Oct 16 11:42:03 UTC 2025'
Key: 'fileSize'
	Value: '1216'
FlowFile Attribute Map Content
Key: 'absolute.path'
	Value: '/data/'
Key: 'file.creationTime'
	Value: '2025-10-16T11:42:02+0000'
Key: 'file.group'
	Value: 'nifi'
Key: 'file.lastAccessTime'
	Value: '2025-10-16T11:42:02+0000'
Key: 'file.lastModifiedTime'
	Value: '2025-10-16T11:42:02+0000'
Key: 'file.owner'
	Value: 'nifi'
Key: 'file.permissions'
	Value: 'rw-r--r--'
Key: 'filename'
	Value: '2025-10-16_14:42:02_car.csv'
Key: 'fragment.count'
	Value: '10'
Key: 'fragment.identifier'
	Value: '2e74e6e0-3e7b-48b7-9e23-7da693f35ea7'
Key: 'mime.type'
	Value: 'application/json'
Key: 'path'
	Value: '/'
Key: 'record.count'
	Value: '10'
Key: 'uuid'
	Value: '275ac318-73b9-4f6c-8a4b-b7b761b668db'
--------------------------------------------------
2025-10-16 11:42:12,728 INFO [Write-Ahead Local State Provider Maintenance] org.wali.MinimalLockingWriteAheadLog org.wali.MinimalLockingWriteAheadLog@e6fbf82 checkpointed with 2 Records and 0 Swap Files in 31 milliseconds (Stop-the-world time = 14 milliseconds, Clear Edit Logs time = 14 millis), max Transaction ID 9
2025-10-16 11:42:12,885 INFO [Cleanup Archive for default] o.a.n.c.repository.FileSystemRepository Successfully deleted 0 files (0 bytes) from archive
2025-10-16 11:42:12,885 INFO [Cleanup Archive for default] o.a.n.c.repository.FileSystemRepository Archive cleanup completed for container default; will now allow writing to this container. Bytes used = 176.41 GB, bytes free = 51.87 GB, capacity = 228.27 GB
2025-10-16 11:42:13,652 INFO [pool-7-thread-1] o.a.n.c.r.WriteAheadFlowFileRepository Initiating checkpoint of FlowFile Repository
2025-10-16 11:42:13,658 INFO [pool-7-thread-1] o.a.n.wali.SequentialAccessWriteAheadLog Checkpointed Write-Ahead Log with 10 Records and 0 Swap Files in 4 milliseconds (Stop-the-world time = 2 milliseconds), max Transaction ID 24
2025-10-16 11:42:13,658 INFO [pool-7-thread-1] o.a.n.c.r.WriteAheadFlowFileRepository Successfully checkpointed FlowFile Repository with 10 records in 5 milliseconds
2025-10-16 11:42:20,772 INFO [NiFi Web Server-28] o.a.n.c.s.StandardProcessScheduler Starting ConvertJSONToSQL[id=ecbdae1f-0199-1000-49b3-be0d5b14ce1b]
2025-10-16 11:42:20,773 INFO [NiFi Web Server-28] o.a.n.controller.StandardProcessorNode Starting ConvertJSONToSQL[id=ecbdae1f-0199-1000-49b3-be0d5b14ce1b]
2025-10-16 11:42:21,070 INFO [Timer-Driven Process Thread-8] o.a.n.c.s.TimerDrivenSchedulingAgent Scheduled ConvertJSONToSQL[id=ecbdae1f-0199-1000-49b3-be0d5b14ce1b] to run with 1 threads
2025-10-16 11:42:21,205 ERROR [Timer-Driven Process Thread-7] o.a.n.p.standard.ConvertJSONToSQL ConvertJSONToSQL[id=ecbdae1f-0199-1000-49b3-be0d5b14ce1b] Failed to convert StandardFlowFileRecord[uuid=0e720a4e-047f-4a57-88bd-b4f2ad92cfa8,claim=StandardContentClaim [resourceClaim=StandardResourceClaim[id=1760614923338-1, container=default, section=1], offset=1745, length=113],offset=0,name=2025-10-16_14:42:02_car.csv,size=113] into a SQL statement due to org.apache.nifi.processor.exception.ProcessException: java.sql.SQLException: Cannot create PoolableConnectionFactory (FATAL: database "postgres_db
" does not exist); routing to failure
org.apache.nifi.processor.exception.ProcessException: java.sql.SQLException: Cannot create PoolableConnectionFactory (FATAL: database "postgres_db
" does not exist)
	at org.apache.nifi.dbcp.AbstractDBCPConnectionPool.getConnection(AbstractDBCPConnectionPool.java:245)
	at org.apache.nifi.dbcp.AbstractDBCPConnectionPool.getConnection(AbstractDBCPConnectionPool.java:222)
	at org.apache.nifi.dbcp.DBCPService.getConnection(DBCPService.java:55)
	at java.base/jdk.internal.reflect.NativeMethodAccessorImpl.invoke0(Native Method)
	at java.base/jdk.internal.reflect.NativeMethodAccessorImpl.invoke(Unknown Source)
	at java.base/jdk.internal.reflect.DelegatingMethodAccessorImpl.invoke(Unknown Source)
	at java.base/java.lang.reflect.Method.invoke(Unknown Source)
	at org.apache.nifi.controller.service.StandardControllerServiceInvocationHandler.invoke(StandardControllerServiceInvocationHandler.java:254)
	at org.apache.nifi.controller.service.StandardControllerServiceInvocationHandler.invoke(StandardControllerServiceInvocationHandler.java:105)
	at com.sun.proxy.$Proxy84.getConnection(Unknown Source)
	at org.apache.nifi.processors.standard.ConvertJSONToSQL.lambda$onTrigger$0(ConvertJSONToSQL.java:323)
	at com.github.benmanes.caffeine.cache.BoundedLocalCache.lambda$doComputeIfAbsent$14(BoundedLocalCache.java:2406)
	at java.base/java.util.concurrent.ConcurrentHashMap.compute(Unknown Source)
	at com.github.benmanes.caffeine.cache.BoundedLocalCache.doComputeIfAbsent(BoundedLocalCache.java:2404)
	at com.github.benmanes.caffeine.cache.BoundedLocalCache.computeIfAbsent(BoundedLocalCache.java:2387)
	at com.github.benmanes.caffeine.cache.LocalCache.computeIfAbsent(LocalCache.java:108)
	at com.github.benmanes.caffeine.cache.LocalManualCache.get(LocalManualCache.java:62)
	at org.apache.nifi.processors.standard.ConvertJSONToSQL.onTrigger(ConvertJSONToSQL.java:321)
	at org.apache.nifi.processor.AbstractProcessor.onTrigger(AbstractProcessor.java:27)
	at org.apache.nifi.controller.StandardProcessorNode.onTrigger(StandardProcessorNode.java:1361)
	at org.apache.nifi.controller.tasks.ConnectableTask.invoke(ConnectableTask.java:247)
	at org.apache.nifi.controller.scheduling.TimerDrivenSchedulingAgent$1.run(TimerDrivenSchedulingAgent.java:102)
	at org.apache.nifi.engine.FlowEngine$2.run(FlowEngine.java:110)
	at java.base/java.util.concurrent.Executors$RunnableAdapter.call(Unknown Source)
	at java.base/java.util.concurrent.FutureTask.runAndReset(Unknown Source)
	at java.base/java.util.concurrent.ScheduledThreadPoolExecutor$ScheduledFutureTask.run(Unknown Source)
	at java.base/java.util.concurrent.ThreadPoolExecutor.runWorker(Unknown Source)
	at java.base/java.util.concurrent.ThreadPoolExecutor$Worker.run(Unknown Source)
	at java.base/java.lang.Thread.run(Unknown Source)
Caused by: java.sql.SQLException: Cannot create PoolableConnectionFactory (FATAL: database "postgres_db
" does not exist)
	at org.apache.commons.dbcp2.BasicDataSource.createPoolableConnectionFactory(BasicDataSource.java:633)
	at org.apache.commons.dbcp2.BasicDataSource.createDataSource(BasicDataSource.java:535)
	at org.apache.commons.dbcp2.BasicDataSource.getConnection(BasicDataSource.java:711)
	at org.apache.nifi.dbcp.AbstractDBCPConnectionPool.getConnection(AbstractDBCPConnectionPool.java:232)
	... 28 common frames omitted
Caused by: org.postgresql.util.PSQLException: FATAL: database "postgres_db
" does not exist
	at org.postgresql.core.v3.QueryExecutorImpl.receiveErrorResponse(QueryExecutorImpl.java:2725)
	at org.postgresql.core.v3.QueryExecutorImpl.readStartupMessages(QueryExecutorImpl.java:2837)
	at org.postgresql.core.v3.QueryExecutorImpl.<init>(QueryExecutorImpl.java:175)
	at org.postgresql.core.v3.ConnectionFactoryImpl.openConnectionImpl(ConnectionFactoryImpl.java:317)
	at org.postgresql.core.ConnectionFactory.openConnection(ConnectionFactory.java:54)
	at org.postgresql.jdbc.PgConnection.<init>(PgConnection.java:273)
	at org.postgresql.Driver.makeConnection(Driver.java:446)
	at org.postgresql.Driver.connect(Driver.java:298)
	at org.apache.commons.dbcp2.DriverConnectionFactory.createConnection(DriverConnectionFactory.java:52)
	at org.apache.commons.dbcp2.PoolableConnectionFactory.makeObject(PoolableConnectionFactory.java:414)
	at org.apache.commons.dbcp2.BasicDataSource.validateConnectionFactory(BasicDataSource.java:113)
	at org.apache.commons.dbcp2.BasicDataSource.createPoolableConnectionFactory(BasicDataSource.java:629)
	... 31 common frames omitted
2025-10-16 11:42:21,217 ERROR [Timer-Driven Process Thread-7] o.a.n.p.standard.ConvertJSONToSQL ConvertJSONToSQL[id=ecbdae1f-0199-1000-49b3-be0d5b14ce1b] Failed to convert StandardFlowFileRecord[uuid=1b4757c4-5a0d-493b-8298-99b23d950cf2,claim=StandardContentClaim [resourceClaim=StandardResourceClaim[id=1760614923338-1, container=default, section=1], offset=1858, length=125],offset=0,name=2025-10-16_14:42:02_car.csv,size=125] into a SQL statement due to org.apache.nifi.processor.exception.ProcessException: java.sql.SQLException: Cannot create PoolableConnectionFactory (FATAL: database "postgres_db
" does not exist); routing to failure
org.apache.nifi.processor.exception.ProcessException: java.sql.SQLException: Cannot create PoolableConnectionFactory (FATAL: database "postgres_db
" does not exist)
	at org.apache.nifi.dbcp.AbstractDBCPConnectionPool.getConnection(AbstractDBCPConnectionPool.java:245)
	at org.apache.nifi.dbcp.AbstractDBCPConnectionPool.getConnection(AbstractDBCPConnectionPool.java:222)
	at org.apache.nifi.dbcp.DBCPService.getConnection(DBCPService.java:55)
	at java.base/jdk.internal.reflect.NativeMethodAccessorImpl.invoke0(Native Method)
	at java.base/jdk.internal.reflect.NativeMethodAccessorImpl.invoke(Unknown Source)
	at java.base/jdk.internal.reflect.DelegatingMethodAccessorImpl.invoke(Unknown Source)
	at java.base/java.lang.reflect.Method.invoke(Unknown Source)
	at org.apache.nifi.controller.service.StandardControllerServiceInvocationHandler.invoke(StandardControllerServiceInvocationHandler.java:254)
	at org.apache.nifi.controller.service.StandardControllerServiceInvocationHandler.invoke(StandardControllerServiceInvocationHandler.java:105)
	at com.sun.proxy.$Proxy84.getConnection(Unknown Source)
	at org.apache.nifi.processors.standard.ConvertJSONToSQL.lambda$onTrigger$0(ConvertJSONToSQL.java:323)
	at com.github.benmanes.caffeine.cache.BoundedLocalCache.lambda$doComputeIfAbsent$14(BoundedLocalCache.java:2406)
	at java.base/java.util.concurrent.ConcurrentHashMap.compute(Unknown Source)
	at com.github.benmanes.caffeine.cache.BoundedLocalCache.doComputeIfAbsent(BoundedLocalCache.java:2404)
	at com.github.benmanes.caffeine.cache.BoundedLocalCache.computeIfAbsent(BoundedLocalCache.java:2387)
	at com.github.benmanes.caffeine.cache.LocalCache.computeIfAbsent(LocalCache.java:108)
	at com.github.benmanes.caffeine.cache.LocalManualCache.get(LocalManualCache.java:62)
	at org.apache.nifi.processors.standard.ConvertJSONToSQL.onTrigger(ConvertJSONToSQL.java:321)
	at org.apache.nifi.processor.AbstractProcessor.onTrigger(AbstractProcessor.java:27)
	at org.apache.nifi.controller.StandardProcessorNode.onTrigger(StandardProcessorNode.java:1361)
	at org.apache.nifi.controller.tasks.ConnectableTask.invoke(ConnectableTask.java:247)
	at org.apache.nifi.controller.scheduling.TimerDrivenSchedulingAgent$1.run(TimerDrivenSchedulingAgent.java:102)
	at org.apache.nifi.engine.FlowEngine$2.run(FlowEngine.java:110)
	at java.base/java.util.concurrent.Executors$RunnableAdapter.call(Unknown Source)
	at java.base/java.util.concurrent.FutureTask.runAndReset(Unknown Source)
	at java.base/java.util.concurrent.ScheduledThreadPoolExecutor$ScheduledFutureTask.run(Unknown Source)
	at java.base/java.util.concurrent.ThreadPoolExecutor.runWorker(Unknown Source)
	at java.base/java.util.concurrent.ThreadPoolExecutor$Worker.run(Unknown Source)
	at java.base/java.lang.Thread.run(Unknown Source)
Caused by: java.sql.SQLException: Cannot create PoolableConnectionFactory (FATAL: database "postgres_db
" does not exist)
	at org.apache.commons.dbcp2.BasicDataSource.createPoolableConnectionFactory(BasicDataSource.java:633)
	at org.apache.commons.dbcp2.BasicDataSource.createDataSource(BasicDataSource.java:535)
	at org.apache.commons.dbcp2.BasicDataSource.getConnection(BasicDataSource.java:711)
	at org.apache.nifi.dbcp.AbstractDBCPConnectionPool.getConnection(AbstractDBCPConnectionPool.java:232)
	... 28 common frames omitted
Caused by: org.postgresql.util.PSQLException: FATAL: database "postgres_db
" does not exist
	at org.postgresql.core.v3.QueryExecutorImpl.receiveErrorResponse(QueryExecutorImpl.java:2725)
	at org.postgresql.core.v3.QueryExecutorImpl.readStartupMessages(QueryExecutorImpl.java:2837)
	at org.postgresql.core.v3.QueryExecutorImpl.<init>(QueryExecutorImpl.java:175)
	at org.postgresql.core.v3.ConnectionFactoryImpl.openConnectionImpl(ConnectionFactoryImpl.java:317)
	at org.postgresql.core.ConnectionFactory.openConnection(ConnectionFactory.java:54)
	at org.postgresql.jdbc.PgConnection.<init>(PgConnection.java:273)
	at org.postgresql.Driver.makeConnection(Driver.java:446)
	at org.postgresql.Driver.connect(Driver.java:298)
	at org.apache.commons.dbcp2.DriverConnectionFactory.createConnection(DriverConnectionFactory.java:52)
	at org.apache.commons.dbcp2.PoolableConnectionFactory.makeObject(PoolableConnectionFactory.java:414)
	at org.apache.commons.dbcp2.BasicDataSource.validateConnectionFactory(BasicDataSource.java:113)
	at org.apache.commons.dbcp2.BasicDataSource.createPoolableConnectionFactory(BasicDataSource.java:629)
	... 31 common frames omitted
2025-10-16 11:42:21,222 INFO [Timer-Driven Process Thread-9] o.a.n.processors.standard.LogAttribute LogAttribute[id=ecc05f84-0199-1000-3197-08d7447c99f8] logging for flow file StandardFlowFileRecord[uuid=0e720a4e-047f-4a57-88bd-b4f2ad92cfa8,claim=StandardContentClaim [resourceClaim=StandardResourceClaim[id=1760614923338-1, container=default, section=1], offset=1745, length=113],offset=0,name=2025-10-16_14:42:02_car.csv,size=113]
--------------------------------------------------
FlowFile Properties
Key: 'entryDate'
	Value: 'Thu Oct 16 11:42:03 UTC 2025'
Key: 'lineageStartDate'
	Value: 'Thu Oct 16 11:42:03 UTC 2025'
Key: 'fileSize'
	Value: '113'
FlowFile Attribute Map Content
Key: 'absolute.path'
	Value: '/data/'
Key: 'file.creationTime'
	Value: '2025-10-16T11:42:02+0000'
Key: 'file.group'
	Value: 'nifi'
Key: 'file.lastAccessTime'
	Value: '2025-10-16T11:42:02+0000'
Key: 'file.lastModifiedTime'
	Value: '2025-10-16T11:42:02+0000'
Key: 'file.owner'
	Value: 'nifi'
Key: 'file.permissions'
	Value: 'rw-r--r--'
Key: 'filename'
	Value: '2025-10-16_14:42:02_car.csv'
Key: 'fragment.count'
	Value: '10'
Key: 'fragment.identifier'
	Value: '2e74e6e0-3e7b-48b7-9e23-7da693f35ea7'
Key: 'fragment.index'
	Value: '0'
Key: 'mime.type'
	Value: 'application/json'
Key: 'path'
	Value: '/'
Key: 'record.count'
	Value: '10'
Key: 'segment.original.filename'
	Value: '2025-10-16_14:42:02_car.csv'
Key: 'uuid'
	Value: '0e720a4e-047f-4a57-88bd-b4f2ad92cfa8'
--------------------------------------------------
2025-10-16 11:42:21,222 ERROR [Timer-Driven Process Thread-7] o.a.n.p.standard.ConvertJSONToSQL ConvertJSONToSQL[id=ecbdae1f-0199-1000-49b3-be0d5b14ce1b] Failed to convert StandardFlowFileRecord[uuid=2eddc476-5ee3-4b66-be79-0e5e2256e23b,claim=StandardContentClaim [resourceClaim=StandardResourceClaim[id=1760614923338-1, container=default, section=1], offset=1983, length=124],offset=0,name=2025-10-16_14:42:02_car.csv,size=124] into a SQL statement due to org.apache.nifi.processor.exception.ProcessException: java.sql.SQLException: Cannot create PoolableConnectionFactory (FATAL: database "postgres_db
" does not exist); routing to failure
org.apache.nifi.processor.exception.ProcessException: java.sql.SQLException: Cannot create PoolableConnectionFactory (FATAL: database "postgres_db
" does not exist)
	at org.apache.nifi.dbcp.AbstractDBCPConnectionPool.getConnection(AbstractDBCPConnectionPool.java:245)
	at org.apache.nifi.dbcp.AbstractDBCPConnectionPool.getConnection(AbstractDBCPConnectionPool.java:222)
	at org.apache.nifi.dbcp.DBCPService.getConnection(DBCPService.java:55)
	at java.base/jdk.internal.reflect.NativeMethodAccessorImpl.invoke0(Native Method)
	at java.base/jdk.internal.reflect.NativeMethodAccessorImpl.invoke(Unknown Source)
	at java.base/jdk.internal.reflect.DelegatingMethodAccessorImpl.invoke(Unknown Source)
	at java.base/java.lang.reflect.Method.invoke(Unknown Source)
	at org.apache.nifi.controller.service.StandardControllerServiceInvocationHandler.invoke(StandardControllerServiceInvocationHandler.java:254)
	at org.apache.nifi.controller.service.StandardControllerServiceInvocationHandler.invoke(StandardControllerServiceInvocationHandler.java:105)
	at com.sun.proxy.$Proxy84.getConnection(Unknown Source)
	at org.apache.nifi.processors.standard.ConvertJSONToSQL.lambda$onTrigger$0(ConvertJSONToSQL.java:323)
	at com.github.benmanes.caffeine.cache.BoundedLocalCache.lambda$doComputeIfAbsent$14(BoundedLocalCache.java:2406)
	at java.base/java.util.concurrent.ConcurrentHashMap.compute(Unknown Source)
	at com.github.benmanes.caffeine.cache.BoundedLocalCache.doComputeIfAbsent(BoundedLocalCache.java:2404)
	at com.github.benmanes.caffeine.cache.BoundedLocalCache.computeIfAbsent(BoundedLocalCache.java:2387)
	at com.github.benmanes.caffeine.cache.LocalCache.computeIfAbsent(LocalCache.java:108)
	at com.github.benmanes.caffeine.cache.LocalManualCache.get(LocalManualCache.java:62)
	at org.apache.nifi.processors.standard.ConvertJSONToSQL.onTrigger(ConvertJSONToSQL.java:321)
	at org.apache.nifi.processor.AbstractProcessor.onTrigger(AbstractProcessor.java:27)
	at org.apache.nifi.controller.StandardProcessorNode.onTrigger(StandardProcessorNode.java:1361)
	at org.apache.nifi.controller.tasks.ConnectableTask.invoke(ConnectableTask.java:247)
	at org.apache.nifi.controller.scheduling.TimerDrivenSchedulingAgent$1.run(TimerDrivenSchedulingAgent.java:102)
	at org.apache.nifi.engine.FlowEngine$2.run(FlowEngine.java:110)
	at java.base/java.util.concurrent.Executors$RunnableAdapter.call(Unknown Source)
	at java.base/java.util.concurrent.FutureTask.runAndReset(Unknown Source)
	at java.base/java.util.concurrent.ScheduledThreadPoolExecutor$ScheduledFutureTask.run(Unknown Source)
	at java.base/java.util.concurrent.ThreadPoolExecutor.runWorker(Unknown Source)
	at java.base/java.util.concurrent.ThreadPoolExecutor$Worker.run(Unknown Source)
	at java.base/java.lang.Thread.run(Unknown Source)
Caused by: java.sql.SQLException: Cannot create PoolableConnectionFactory (FATAL: database "postgres_db
" does not exist)
	at org.apache.commons.dbcp2.BasicDataSource.createPoolableConnectionFactory(BasicDataSource.java:633)
	at org.apache.commons.dbcp2.BasicDataSource.createDataSource(BasicDataSource.java:535)
	at org.apache.commons.dbcp2.BasicDataSource.getConnection(BasicDataSource.java:711)
	at org.apache.nifi.dbcp.AbstractDBCPConnectionPool.getConnection(AbstractDBCPConnectionPool.java:232)
	... 28 common frames omitted
Caused by: org.postgresql.util.PSQLException: FATAL: database "postgres_db
" does not exist
	at org.postgresql.core.v3.QueryExecutorImpl.receiveErrorResponse(QueryExecutorImpl.java:2725)
	at org.postgresql.core.v3.QueryExecutorImpl.readStartupMessages(QueryExecutorImpl.java:2837)
	at org.postgresql.core.v3.QueryExecutorImpl.<init>(QueryExecutorImpl.java:175)
	at org.postgresql.core.v3.ConnectionFactoryImpl.openConnectionImpl(ConnectionFactoryImpl.java:317)
	at org.postgresql.core.ConnectionFactory.openConnection(ConnectionFactory.java:54)
	at org.postgresql.jdbc.PgConnection.<init>(PgConnection.java:273)
	at org.postgresql.Driver.makeConnection(Driver.java:446)
	at org.postgresql.Driver.connect(Driver.java:298)
	at org.apache.commons.dbcp2.DriverConnectionFactory.createConnection(DriverConnectionFactory.java:52)
	at org.apache.commons.dbcp2.PoolableConnectionFactory.makeObject(PoolableConnectionFactory.java:414)
	at org.apache.commons.dbcp2.BasicDataSource.validateConnectionFactory(BasicDataSource.java:113)
	at org.apache.commons.dbcp2.BasicDataSource.createPoolableConnectionFactory(BasicDataSource.java:629)
	... 31 common frames omitted
2025-10-16 11:42:21,223 INFO [Timer-Driven Process Thread-9] o.a.n.processors.standard.LogAttribute LogAttribute[id=ecc05f84-0199-1000-3197-08d7447c99f8] logging for flow file StandardFlowFileRecord[uuid=1b4757c4-5a0d-493b-8298-99b23d950cf2,claim=StandardContentClaim [resourceClaim=StandardResourceClaim[id=1760614923338-1, container=default, section=1], offset=1858, length=125],offset=0,name=2025-10-16_14:42:02_car.csv,size=125]
--------------------------------------------------
FlowFile Properties
Key: 'entryDate'
	Value: 'Thu Oct 16 11:42:03 UTC 2025'
Key: 'lineageStartDate'
	Value: 'Thu Oct 16 11:42:03 UTC 2025'
Key: 'fileSize'
	Value: '125'
FlowFile Attribute Map Content
Key: 'absolute.path'
	Value: '/data/'
Key: 'file.creationTime'
	Value: '2025-10-16T11:42:02+0000'
Key: 'file.group'
	Value: 'nifi'
Key: 'file.lastAccessTime'
	Value: '2025-10-16T11:42:02+0000'
Key: 'file.lastModifiedTime'
	Value: '2025-10-16T11:42:02+0000'
Key: 'file.owner'
	Value: 'nifi'
Key: 'file.permissions'
	Value: 'rw-r--r--'
Key: 'filename'
	Value: '2025-10-16_14:42:02_car.csv'
Key: 'fragment.count'
	Value: '10'
Key: 'fragment.identifier'
	Value: '2e74e6e0-3e7b-48b7-9e23-7da693f35ea7'
Key: 'fragment.index'
	Value: '1'
Key: 'mime.type'
	Value: 'application/json'
Key: 'path'
	Value: '/'
Key: 'record.count'
	Value: '10'
Key: 'segment.original.filename'
	Value: '2025-10-16_14:42:02_car.csv'
Key: 'uuid'
	Value: '1b4757c4-5a0d-493b-8298-99b23d950cf2'
--------------------------------------------------
2025-10-16 11:42:21,224 INFO [Timer-Driven Process Thread-9] o.a.n.processors.standard.LogAttribute LogAttribute[id=ecc05f84-0199-1000-3197-08d7447c99f8] logging for flow file StandardFlowFileRecord[uuid=2eddc476-5ee3-4b66-be79-0e5e2256e23b,claim=StandardContentClaim [resourceClaim=StandardResourceClaim[id=1760614923338-1, container=default, section=1], offset=1983, length=124],offset=0,name=2025-10-16_14:42:02_car.csv,size=124]
--------------------------------------------------
FlowFile Properties
Key: 'entryDate'
	Value: 'Thu Oct 16 11:42:03 UTC 2025'
Key: 'lineageStartDate'
	Value: 'Thu Oct 16 11:42:03 UTC 2025'
Key: 'fileSize'
	Value: '124'
FlowFile Attribute Map Content
Key: 'absolute.path'
	Value: '/data/'
Key: 'file.creationTime'
	Value: '2025-10-16T11:42:02+0000'
Key: 'file.group'
	Value: 'nifi'
Key: 'file.lastAccessTime'
	Value: '2025-10-16T11:42:02+0000'
Key: 'file.lastModifiedTime'
	Value: '2025-10-16T11:42:02+0000'
Key: 'file.owner'
	Value: 'nifi'
Key: 'file.permissions'
	Value: 'rw-r--r--'
Key: 'filename'
	Value: '2025-10-16_14:42:02_car.csv'
Key: 'fragment.count'
	Value: '10'
Key: 'fragment.identifier'
	Value: '2e74e6e0-3e7b-48b7-9e23-7da693f35ea7'
Key: 'fragment.index'
	Value: '2'
Key: 'mime.type'
	Value: 'application/json'
Key: 'path'
	Value: '/'
Key: 'record.count'
	Value: '10'
Key: 'segment.original.filename'
	Value: '2025-10-16_14:42:02_car.csv'
Key: 'uuid'
	Value: '2eddc476-5ee3-4b66-be79-0e5e2256e23b'
--------------------------------------------------
2025-10-16 11:42:21,234 ERROR [Timer-Driven Process Thread-7] o.a.n.p.standard.ConvertJSONToSQL ConvertJSONToSQL[id=ecbdae1f-0199-1000-49b3-be0d5b14ce1b] Failed to convert StandardFlowFileRecord[uuid=345025d7-f3d1-4d55-ae22-8ab9e0a1fc20,claim=StandardContentClaim [resourceClaim=StandardResourceClaim[id=1760614923338-1, container=default, section=1], offset=2107, length=123],offset=0,name=2025-10-16_14:42:02_car.csv,size=123] into a SQL statement due to org.apache.nifi.processor.exception.ProcessException: java.sql.SQLException: Cannot create PoolableConnectionFactory (FATAL: database "postgres_db
" does not exist); routing to failure
org.apache.nifi.processor.exception.ProcessException: java.sql.SQLException: Cannot create PoolableConnectionFactory (FATAL: database "postgres_db
" does not exist)
	at org.apache.nifi.dbcp.AbstractDBCPConnectionPool.getConnection(AbstractDBCPConnectionPool.java:245)
	at org.apache.nifi.dbcp.AbstractDBCPConnectionPool.getConnection(AbstractDBCPConnectionPool.java:222)
	at org.apache.nifi.dbcp.DBCPService.getConnection(DBCPService.java:55)
	at java.base/jdk.internal.reflect.NativeMethodAccessorImpl.invoke0(Native Method)
	at java.base/jdk.internal.reflect.NativeMethodAccessorImpl.invoke(Unknown Source)
	at java.base/jdk.internal.reflect.DelegatingMethodAccessorImpl.invoke(Unknown Source)
	at java.base/java.lang.reflect.Method.invoke(Unknown Source)
	at org.apache.nifi.controller.service.StandardControllerServiceInvocationHandler.invoke(StandardControllerServiceInvocationHandler.java:254)
	at org.apache.nifi.controller.service.StandardControllerServiceInvocationHandler.invoke(StandardControllerServiceInvocationHandler.java:105)
	at com.sun.proxy.$Proxy84.getConnection(Unknown Source)
	at org.apache.nifi.processors.standard.ConvertJSONToSQL.lambda$onTrigger$0(ConvertJSONToSQL.java:323)
	at com.github.benmanes.caffeine.cache.BoundedLocalCache.lambda$doComputeIfAbsent$14(BoundedLocalCache.java:2406)
	at java.base/java.util.concurrent.ConcurrentHashMap.compute(Unknown Source)
	at com.github.benmanes.caffeine.cache.BoundedLocalCache.doComputeIfAbsent(BoundedLocalCache.java:2404)
	at com.github.benmanes.caffeine.cache.BoundedLocalCache.computeIfAbsent(BoundedLocalCache.java:2387)
	at com.github.benmanes.caffeine.cache.LocalCache.computeIfAbsent(LocalCache.java:108)
	at com.github.benmanes.caffeine.cache.LocalManualCache.get(LocalManualCache.java:62)
	at org.apache.nifi.processors.standard.ConvertJSONToSQL.onTrigger(ConvertJSONToSQL.java:321)
	at org.apache.nifi.processor.AbstractProcessor.onTrigger(AbstractProcessor.java:27)
	at org.apache.nifi.controller.StandardProcessorNode.onTrigger(StandardProcessorNode.java:1361)
	at org.apache.nifi.controller.tasks.ConnectableTask.invoke(ConnectableTask.java:247)
	at org.apache.nifi.controller.scheduling.TimerDrivenSchedulingAgent$1.run(TimerDrivenSchedulingAgent.java:102)
	at org.apache.nifi.engine.FlowEngine$2.run(FlowEngine.java:110)
	at java.base/java.util.concurrent.Executors$RunnableAdapter.call(Unknown Source)
	at java.base/java.util.concurrent.FutureTask.runAndReset(Unknown Source)
	at java.base/java.util.concurrent.ScheduledThreadPoolExecutor$ScheduledFutureTask.run(Unknown Source)
	at java.base/java.util.concurrent.ThreadPoolExecutor.runWorker(Unknown Source)
	at java.base/java.util.concurrent.ThreadPoolExecutor$Worker.run(Unknown Source)
	at java.base/java.lang.Thread.run(Unknown Source)
Caused by: java.sql.SQLException: Cannot create PoolableConnectionFactory (FATAL: database "postgres_db
" does not exist)
	at org.apache.commons.dbcp2.BasicDataSource.createPoolableConnectionFactory(BasicDataSource.java:633)
	at org.apache.commons.dbcp2.BasicDataSource.createDataSource(BasicDataSource.java:535)
	at org.apache.commons.dbcp2.BasicDataSource.getConnection(BasicDataSource.java:711)
	at org.apache.nifi.dbcp.AbstractDBCPConnectionPool.getConnection(AbstractDBCPConnectionPool.java:232)
	... 28 common frames omitted
Caused by: org.postgresql.util.PSQLException: FATAL: database "postgres_db
" does not exist
	at org.postgresql.core.v3.QueryExecutorImpl.receiveErrorResponse(QueryExecutorImpl.java:2725)
	at org.postgresql.core.v3.QueryExecutorImpl.readStartupMessages(QueryExecutorImpl.java:2837)
	at org.postgresql.core.v3.QueryExecutorImpl.<init>(QueryExecutorImpl.java:175)
	at org.postgresql.core.v3.ConnectionFactoryImpl.openConnectionImpl(ConnectionFactoryImpl.java:317)
	at org.postgresql.core.ConnectionFactory.openConnection(ConnectionFactory.java:54)
	at org.postgresql.jdbc.PgConnection.<init>(PgConnection.java:273)
	at org.postgresql.Driver.makeConnection(Driver.java:446)
	at org.postgresql.Driver.connect(Driver.java:298)
	at org.apache.commons.dbcp2.DriverConnectionFactory.createConnection(DriverConnectionFactory.java:52)
	at org.apache.commons.dbcp2.PoolableConnectionFactory.makeObject(PoolableConnectionFactory.java:414)
	at org.apache.commons.dbcp2.BasicDataSource.validateConnectionFactory(BasicDataSource.java:113)
	at org.apache.commons.dbcp2.BasicDataSource.createPoolableConnectionFactory(BasicDataSource.java:629)
	... 31 common frames omitted
2025-10-16 11:42:21,239 ERROR [Timer-Driven Process Thread-7] o.a.n.p.standard.ConvertJSONToSQL ConvertJSONToSQL[id=ecbdae1f-0199-1000-49b3-be0d5b14ce1b] Failed to convert StandardFlowFileRecord[uuid=ee8c6c3d-ac24-4250-a0a0-fa5fba660bc6,claim=StandardContentClaim [resourceClaim=StandardResourceClaim[id=1760614923338-1, container=default, section=1], offset=2230, length=115],offset=0,name=2025-10-16_14:42:02_car.csv,size=115] into a SQL statement due to org.apache.nifi.processor.exception.ProcessException: java.sql.SQLException: Cannot create PoolableConnectionFactory (FATAL: database "postgres_db
" does not exist); routing to failure
org.apache.nifi.processor.exception.ProcessException: java.sql.SQLException: Cannot create PoolableConnectionFactory (FATAL: database "postgres_db
" does not exist)
	at org.apache.nifi.dbcp.AbstractDBCPConnectionPool.getConnection(AbstractDBCPConnectionPool.java:245)
	at org.apache.nifi.dbcp.AbstractDBCPConnectionPool.getConnection(AbstractDBCPConnectionPool.java:222)
	at org.apache.nifi.dbcp.DBCPService.getConnection(DBCPService.java:55)
	at java.base/jdk.internal.reflect.NativeMethodAccessorImpl.invoke0(Native Method)
	at java.base/jdk.internal.reflect.NativeMethodAccessorImpl.invoke(Unknown Source)
	at java.base/jdk.internal.reflect.DelegatingMethodAccessorImpl.invoke(Unknown Source)
	at java.base/java.lang.reflect.Method.invoke(Unknown Source)
	at org.apache.nifi.controller.service.StandardControllerServiceInvocationHandler.invoke(StandardControllerServiceInvocationHandler.java:254)
	at org.apache.nifi.controller.service.StandardControllerServiceInvocationHandler.invoke(StandardControllerServiceInvocationHandler.java:105)
	at com.sun.proxy.$Proxy84.getConnection(Unknown Source)
	at org.apache.nifi.processors.standard.ConvertJSONToSQL.lambda$onTrigger$0(ConvertJSONToSQL.java:323)
	at com.github.benmanes.caffeine.cache.BoundedLocalCache.lambda$doComputeIfAbsent$14(BoundedLocalCache.java:2406)
	at java.base/java.util.concurrent.ConcurrentHashMap.compute(Unknown Source)
	at com.github.benmanes.caffeine.cache.BoundedLocalCache.doComputeIfAbsent(BoundedLocalCache.java:2404)
	at com.github.benmanes.caffeine.cache.BoundedLocalCache.computeIfAbsent(BoundedLocalCache.java:2387)
	at com.github.benmanes.caffeine.cache.LocalCache.computeIfAbsent(LocalCache.java:108)
	at com.github.benmanes.caffeine.cache.LocalManualCache.get(LocalManualCache.java:62)
	at org.apache.nifi.processors.standard.ConvertJSONToSQL.onTrigger(ConvertJSONToSQL.java:321)
	at org.apache.nifi.processor.AbstractProcessor.onTrigger(AbstractProcessor.java:27)
	at org.apache.nifi.controller.StandardProcessorNode.onTrigger(StandardProcessorNode.java:1361)
	at org.apache.nifi.controller.tasks.ConnectableTask.invoke(ConnectableTask.java:247)
	at org.apache.nifi.controller.scheduling.TimerDrivenSchedulingAgent$1.run(TimerDrivenSchedulingAgent.java:102)
	at org.apache.nifi.engine.FlowEngine$2.run(FlowEngine.java:110)
	at java.base/java.util.concurrent.Executors$RunnableAdapter.call(Unknown Source)
	at java.base/java.util.concurrent.FutureTask.runAndReset(Unknown Source)
	at java.base/java.util.concurrent.ScheduledThreadPoolExecutor$ScheduledFutureTask.run(Unknown Source)
	at java.base/java.util.concurrent.ThreadPoolExecutor.runWorker(Unknown Source)
	at java.base/java.util.concurrent.ThreadPoolExecutor$Worker.run(Unknown Source)
	at java.base/java.lang.Thread.run(Unknown Source)
Caused by: java.sql.SQLException: Cannot create PoolableConnectionFactory (FATAL: database "postgres_db
" does not exist)
	at org.apache.commons.dbcp2.BasicDataSource.createPoolableConnectionFactory(BasicDataSource.java:633)
	at org.apache.commons.dbcp2.BasicDataSource.createDataSource(BasicDataSource.java:535)
	at org.apache.commons.dbcp2.BasicDataSource.getConnection(BasicDataSource.java:711)
	at org.apache.nifi.dbcp.AbstractDBCPConnectionPool.getConnection(AbstractDBCPConnectionPool.java:232)
	... 28 common frames omitted
Caused by: org.postgresql.util.PSQLException: FATAL: database "postgres_db
" does not exist
	at org.postgresql.core.v3.QueryExecutorImpl.receiveErrorResponse(QueryExecutorImpl.java:2725)
	at org.postgresql.core.v3.QueryExecutorImpl.readStartupMessages(QueryExecutorImpl.java:2837)
	at org.postgresql.core.v3.QueryExecutorImpl.<init>(QueryExecutorImpl.java:175)
	at org.postgresql.core.v3.ConnectionFactoryImpl.openConnectionImpl(ConnectionFactoryImpl.java:317)
	at org.postgresql.core.ConnectionFactory.openConnection(ConnectionFactory.java:54)
	at org.postgresql.jdbc.PgConnection.<init>(PgConnection.java:273)
	at org.postgresql.Driver.makeConnection(Driver.java:446)
	at org.postgresql.Driver.connect(Driver.java:298)
	at org.apache.commons.dbcp2.DriverConnectionFactory.createConnection(DriverConnectionFactory.java:52)
	at org.apache.commons.dbcp2.PoolableConnectionFactory.makeObject(PoolableConnectionFactory.java:414)
	at org.apache.commons.dbcp2.BasicDataSource.validateConnectionFactory(BasicDataSource.java:113)
	at org.apache.commons.dbcp2.BasicDataSource.createPoolableConnectionFactory(BasicDataSource.java:629)
	... 31 common frames omitted
2025-10-16 11:42:21,243 INFO [Timer-Driven Process Thread-1] o.a.n.processors.standard.LogAttribute LogAttribute[id=ecc05f84-0199-1000-3197-08d7447c99f8] logging for flow file StandardFlowFileRecord[uuid=345025d7-f3d1-4d55-ae22-8ab9e0a1fc20,claim=StandardContentClaim [resourceClaim=StandardResourceClaim[id=1760614923338-1, container=default, section=1], offset=2107, length=123],offset=0,name=2025-10-16_14:42:02_car.csv,size=123]
--------------------------------------------------
FlowFile Properties
Key: 'entryDate'
	Value: 'Thu Oct 16 11:42:03 UTC 2025'
Key: 'lineageStartDate'
	Value: 'Thu Oct 16 11:42:03 UTC 2025'
Key: 'fileSize'
	Value: '123'
FlowFile Attribute Map Content
Key: 'absolute.path'
	Value: '/data/'
Key: 'file.creationTime'
	Value: '2025-10-16T11:42:02+0000'
Key: 'file.group'
	Value: 'nifi'
Key: 'file.lastAccessTime'
	Value: '2025-10-16T11:42:02+0000'
Key: 'file.lastModifiedTime'
	Value: '2025-10-16T11:42:02+0000'
Key: 'file.owner'
	Value: 'nifi'
Key: 'file.permissions'
	Value: 'rw-r--r--'
Key: 'filename'
	Value: '2025-10-16_14:42:02_car.csv'
Key: 'fragment.count'
	Value: '10'
Key: 'fragment.identifier'
	Value: '2e74e6e0-3e7b-48b7-9e23-7da693f35ea7'
Key: 'fragment.index'
	Value: '3'
Key: 'mime.type'
	Value: 'application/json'
Key: 'path'
	Value: '/'
Key: 'record.count'
	Value: '10'
Key: 'segment.original.filename'
	Value: '2025-10-16_14:42:02_car.csv'
Key: 'uuid'
	Value: '345025d7-f3d1-4d55-ae22-8ab9e0a1fc20'
--------------------------------------------------
2025-10-16 11:42:21,243 INFO [Timer-Driven Process Thread-1] o.a.n.processors.standard.LogAttribute LogAttribute[id=ecc05f84-0199-1000-3197-08d7447c99f8] logging for flow file StandardFlowFileRecord[uuid=ee8c6c3d-ac24-4250-a0a0-fa5fba660bc6,claim=StandardContentClaim [resourceClaim=StandardResourceClaim[id=1760614923338-1, container=default, section=1], offset=2230, length=115],offset=0,name=2025-10-16_14:42:02_car.csv,size=115]
--------------------------------------------------
FlowFile Properties
Key: 'entryDate'
	Value: 'Thu Oct 16 11:42:03 UTC 2025'
Key: 'lineageStartDate'
	Value: 'Thu Oct 16 11:42:03 UTC 2025'
Key: 'fileSize'
	Value: '115'
FlowFile Attribute Map Content
Key: 'absolute.path'
	Value: '/data/'
Key: 'file.creationTime'
	Value: '2025-10-16T11:42:02+0000'
Key: 'file.group'
	Value: 'nifi'
Key: 'file.lastAccessTime'
	Value: '2025-10-16T11:42:02+0000'
Key: 'file.lastModifiedTime'
	Value: '2025-10-16T11:42:02+0000'
Key: 'file.owner'
	Value: 'nifi'
Key: 'file.permissions'
	Value: 'rw-r--r--'
Key: 'filename'
	Value: '2025-10-16_14:42:02_car.csv'
Key: 'fragment.count'
	Value: '10'
Key: 'fragment.identifier'
	Value: '2e74e6e0-3e7b-48b7-9e23-7da693f35ea7'
Key: 'fragment.index'
	Value: '4'
Key: 'mime.type'
	Value: 'application/json'
Key: 'path'
	Value: '/'
Key: 'record.count'
	Value: '10'
Key: 'segment.original.filename'
	Value: '2025-10-16_14:42:02_car.csv'
Key: 'uuid'
	Value: 'ee8c6c3d-ac24-4250-a0a0-fa5fba660bc6'
--------------------------------------------------
2025-10-16 11:42:21,243 ERROR [Timer-Driven Process Thread-2] o.a.n.p.standard.ConvertJSONToSQL ConvertJSONToSQL[id=ecbdae1f-0199-1000-49b3-be0d5b14ce1b] Failed to convert StandardFlowFileRecord[uuid=dd51e20d-77cc-42d0-aa0c-f82680eada06,claim=StandardContentClaim [resourceClaim=StandardResourceClaim[id=1760614923338-1, container=default, section=1], offset=2345, length=124],offset=0,name=2025-10-16_14:42:02_car.csv,size=124] into a SQL statement due to org.apache.nifi.processor.exception.ProcessException: java.sql.SQLException: Cannot create PoolableConnectionFactory (FATAL: database "postgres_db
" does not exist); routing to failure
org.apache.nifi.processor.exception.ProcessException: java.sql.SQLException: Cannot create PoolableConnectionFactory (FATAL: database "postgres_db
" does not exist)
	at org.apache.nifi.dbcp.AbstractDBCPConnectionPool.getConnection(AbstractDBCPConnectionPool.java:245)
	at org.apache.nifi.dbcp.AbstractDBCPConnectionPool.getConnection(AbstractDBCPConnectionPool.java:222)
	at org.apache.nifi.dbcp.DBCPService.getConnection(DBCPService.java:55)
	at java.base/jdk.internal.reflect.NativeMethodAccessorImpl.invoke0(Native Method)
	at java.base/jdk.internal.reflect.NativeMethodAccessorImpl.invoke(Unknown Source)
	at java.base/jdk.internal.reflect.DelegatingMethodAccessorImpl.invoke(Unknown Source)
	at java.base/java.lang.reflect.Method.invoke(Unknown Source)
	at org.apache.nifi.controller.service.StandardControllerServiceInvocationHandler.invoke(StandardControllerServiceInvocationHandler.java:254)
	at org.apache.nifi.controller.service.StandardControllerServiceInvocationHandler.invoke(StandardControllerServiceInvocationHandler.java:105)
	at com.sun.proxy.$Proxy84.getConnection(Unknown Source)
	at org.apache.nifi.processors.standard.ConvertJSONToSQL.lambda$onTrigger$0(ConvertJSONToSQL.java:323)
	at com.github.benmanes.caffeine.cache.BoundedLocalCache.lambda$doComputeIfAbsent$14(BoundedLocalCache.java:2406)
	at java.base/java.util.concurrent.ConcurrentHashMap.compute(Unknown Source)
	at com.github.benmanes.caffeine.cache.BoundedLocalCache.doComputeIfAbsent(BoundedLocalCache.java:2404)
	at com.github.benmanes.caffeine.cache.BoundedLocalCache.computeIfAbsent(BoundedLocalCache.java:2387)
	at com.github.benmanes.caffeine.cache.LocalCache.computeIfAbsent(LocalCache.java:108)
	at com.github.benmanes.caffeine.cache.LocalManualCache.get(LocalManualCache.java:62)
	at org.apache.nifi.processors.standard.ConvertJSONToSQL.onTrigger(ConvertJSONToSQL.java:321)
	at org.apache.nifi.processor.AbstractProcessor.onTrigger(AbstractProcessor.java:27)
	at org.apache.nifi.controller.StandardProcessorNode.onTrigger(StandardProcessorNode.java:1361)
	at org.apache.nifi.controller.tasks.ConnectableTask.invoke(ConnectableTask.java:247)
	at org.apache.nifi.controller.scheduling.TimerDrivenSchedulingAgent$1.run(TimerDrivenSchedulingAgent.java:102)
	at org.apache.nifi.engine.FlowEngine$2.run(FlowEngine.java:110)
	at java.base/java.util.concurrent.Executors$RunnableAdapter.call(Unknown Source)
	at java.base/java.util.concurrent.FutureTask.runAndReset(Unknown Source)
	at java.base/java.util.concurrent.ScheduledThreadPoolExecutor$ScheduledFutureTask.run(Unknown Source)
	at java.base/java.util.concurrent.ThreadPoolExecutor.runWorker(Unknown Source)
	at java.base/java.util.concurrent.ThreadPoolExecutor$Worker.run(Unknown Source)
	at java.base/java.lang.Thread.run(Unknown Source)
Caused by: java.sql.SQLException: Cannot create PoolableConnectionFactory (FATAL: database "postgres_db
" does not exist)
	at org.apache.commons.dbcp2.BasicDataSource.createPoolableConnectionFactory(BasicDataSource.java:633)
	at org.apache.commons.dbcp2.BasicDataSource.createDataSource(BasicDataSource.java:535)
	at org.apache.commons.dbcp2.BasicDataSource.getConnection(BasicDataSource.java:711)
	at org.apache.nifi.dbcp.AbstractDBCPConnectionPool.getConnection(AbstractDBCPConnectionPool.java:232)
	... 28 common frames omitted
Caused by: org.postgresql.util.PSQLException: FATAL: database "postgres_db
" does not exist
	at org.postgresql.core.v3.QueryExecutorImpl.receiveErrorResponse(QueryExecutorImpl.java:2725)
	at org.postgresql.core.v3.QueryExecutorImpl.readStartupMessages(QueryExecutorImpl.java:2837)
	at org.postgresql.core.v3.QueryExecutorImpl.<init>(QueryExecutorImpl.java:175)
	at org.postgresql.core.v3.ConnectionFactoryImpl.openConnectionImpl(ConnectionFactoryImpl.java:317)
	at org.postgresql.core.ConnectionFactory.openConnection(ConnectionFactory.java:54)
	at org.postgresql.jdbc.PgConnection.<init>(PgConnection.java:273)
	at org.postgresql.Driver.makeConnection(Driver.java:446)
	at org.postgresql.Driver.connect(Driver.java:298)
	at org.apache.commons.dbcp2.DriverConnectionFactory.createConnection(DriverConnectionFactory.java:52)
	at org.apache.commons.dbcp2.PoolableConnectionFactory.makeObject(PoolableConnectionFactory.java:414)
	at org.apache.commons.dbcp2.BasicDataSource.validateConnectionFactory(BasicDataSource.java:113)
	at org.apache.commons.dbcp2.BasicDataSource.createPoolableConnectionFactory(BasicDataSource.java:629)
	... 31 common frames omitted
2025-10-16 11:42:21,245 INFO [Timer-Driven Process Thread-1] o.a.n.processors.standard.LogAttribute LogAttribute[id=ecc05f84-0199-1000-3197-08d7447c99f8] logging for flow file StandardFlowFileRecord[uuid=dd51e20d-77cc-42d0-aa0c-f82680eada06,claim=StandardContentClaim [resourceClaim=StandardResourceClaim[id=1760614923338-1, container=default, section=1], offset=2345, length=124],offset=0,name=2025-10-16_14:42:02_car.csv,size=124]
--------------------------------------------------
FlowFile Properties
Key: 'entryDate'
	Value: 'Thu Oct 16 11:42:03 UTC 2025'
Key: 'lineageStartDate'
	Value: 'Thu Oct 16 11:42:03 UTC 2025'
Key: 'fileSize'
	Value: '124'
FlowFile Attribute Map Content
Key: 'absolute.path'
	Value: '/data/'
Key: 'file.creationTime'
	Value: '2025-10-16T11:42:02+0000'
Key: 'file.group'
	Value: 'nifi'
Key: 'file.lastAccessTime'
	Value: '2025-10-16T11:42:02+0000'
Key: 'file.lastModifiedTime'
	Value: '2025-10-16T11:42:02+0000'
Key: 'file.owner'
	Value: 'nifi'
Key: 'file.permissions'
	Value: 'rw-r--r--'
Key: 'filename'
	Value: '2025-10-16_14:42:02_car.csv'
Key: 'fragment.count'
	Value: '10'
Key: 'fragment.identifier'
	Value: '2e74e6e0-3e7b-48b7-9e23-7da693f35ea7'
Key: 'fragment.index'
	Value: '5'
Key: 'mime.type'
	Value: 'application/json'
Key: 'path'
	Value: '/'
Key: 'record.count'
	Value: '10'
Key: 'segment.original.filename'
	Value: '2025-10-16_14:42:02_car.csv'
Key: 'uuid'
	Value: 'dd51e20d-77cc-42d0-aa0c-f82680eada06'
--------------------------------------------------
2025-10-16 11:42:21,247 ERROR [Timer-Driven Process Thread-2] o.a.n.p.standard.ConvertJSONToSQL ConvertJSONToSQL[id=ecbdae1f-0199-1000-49b3-be0d5b14ce1b] Failed to convert StandardFlowFileRecord[uuid=2af8f023-e41e-432a-9362-820fc5084902,claim=StandardContentClaim [resourceClaim=StandardResourceClaim[id=1760614923338-1, container=default, section=1], offset=2469, length=128],offset=0,name=2025-10-16_14:42:02_car.csv,size=128] into a SQL statement due to org.apache.nifi.processor.exception.ProcessException: java.sql.SQLException: Cannot create PoolableConnectionFactory (FATAL: database "postgres_db
" does not exist); routing to failure
org.apache.nifi.processor.exception.ProcessException: java.sql.SQLException: Cannot create PoolableConnectionFactory (FATAL: database "postgres_db
" does not exist)
	at org.apache.nifi.dbcp.AbstractDBCPConnectionPool.getConnection(AbstractDBCPConnectionPool.java:245)
	at org.apache.nifi.dbcp.AbstractDBCPConnectionPool.getConnection(AbstractDBCPConnectionPool.java:222)
	at org.apache.nifi.dbcp.DBCPService.getConnection(DBCPService.java:55)
	at java.base/jdk.internal.reflect.NativeMethodAccessorImpl.invoke0(Native Method)
	at java.base/jdk.internal.reflect.NativeMethodAccessorImpl.invoke(Unknown Source)
	at java.base/jdk.internal.reflect.DelegatingMethodAccessorImpl.invoke(Unknown Source)
	at java.base/java.lang.reflect.Method.invoke(Unknown Source)
	at org.apache.nifi.controller.service.StandardControllerServiceInvocationHandler.invoke(StandardControllerServiceInvocationHandler.java:254)
	at org.apache.nifi.controller.service.StandardControllerServiceInvocationHandler.invoke(StandardControllerServiceInvocationHandler.java:105)
	at com.sun.proxy.$Proxy84.getConnection(Unknown Source)
	at org.apache.nifi.processors.standard.ConvertJSONToSQL.lambda$onTrigger$0(ConvertJSONToSQL.java:323)
	at com.github.benmanes.caffeine.cache.BoundedLocalCache.lambda$doComputeIfAbsent$14(BoundedLocalCache.java:2406)
	at java.base/java.util.concurrent.ConcurrentHashMap.compute(Unknown Source)
	at com.github.benmanes.caffeine.cache.BoundedLocalCache.doComputeIfAbsent(BoundedLocalCache.java:2404)
	at com.github.benmanes.caffeine.cache.BoundedLocalCache.computeIfAbsent(BoundedLocalCache.java:2387)
	at com.github.benmanes.caffeine.cache.LocalCache.computeIfAbsent(LocalCache.java:108)
	at com.github.benmanes.caffeine.cache.LocalManualCache.get(LocalManualCache.java:62)
	at org.apache.nifi.processors.standard.ConvertJSONToSQL.onTrigger(ConvertJSONToSQL.java:321)
	at org.apache.nifi.processor.AbstractProcessor.onTrigger(AbstractProcessor.java:27)
	at org.apache.nifi.controller.StandardProcessorNode.onTrigger(StandardProcessorNode.java:1361)
	at org.apache.nifi.controller.tasks.ConnectableTask.invoke(ConnectableTask.java:247)
	at org.apache.nifi.controller.scheduling.TimerDrivenSchedulingAgent$1.run(TimerDrivenSchedulingAgent.java:102)
	at org.apache.nifi.engine.FlowEngine$2.run(FlowEngine.java:110)
	at java.base/java.util.concurrent.Executors$RunnableAdapter.call(Unknown Source)
	at java.base/java.util.concurrent.FutureTask.runAndReset(Unknown Source)
	at java.base/java.util.concurrent.ScheduledThreadPoolExecutor$ScheduledFutureTask.run(Unknown Source)
	at java.base/java.util.concurrent.ThreadPoolExecutor.runWorker(Unknown Source)
	at java.base/java.util.concurrent.ThreadPoolExecutor$Worker.run(Unknown Source)
	at java.base/java.lang.Thread.run(Unknown Source)
Caused by: java.sql.SQLException: Cannot create PoolableConnectionFactory (FATAL: database "postgres_db
" does not exist)
	at org.apache.commons.dbcp2.BasicDataSource.createPoolableConnectionFactory(BasicDataSource.java:633)
	at org.apache.commons.dbcp2.BasicDataSource.createDataSource(BasicDataSource.java:535)
	at org.apache.commons.dbcp2.BasicDataSource.getConnection(BasicDataSource.java:711)
	at org.apache.nifi.dbcp.AbstractDBCPConnectionPool.getConnection(AbstractDBCPConnectionPool.java:232)
	... 28 common frames omitted
Caused by: org.postgresql.util.PSQLException: FATAL: database "postgres_db
" does not exist
	at org.postgresql.core.v3.QueryExecutorImpl.receiveErrorResponse(QueryExecutorImpl.java:2725)
	at org.postgresql.core.v3.QueryExecutorImpl.readStartupMessages(QueryExecutorImpl.java:2837)
	at org.postgresql.core.v3.QueryExecutorImpl.<init>(QueryExecutorImpl.java:175)
	at org.postgresql.core.v3.ConnectionFactoryImpl.openConnectionImpl(ConnectionFactoryImpl.java:317)
	at org.postgresql.core.ConnectionFactory.openConnection(ConnectionFactory.java:54)
	at org.postgresql.jdbc.PgConnection.<init>(PgConnection.java:273)
	at org.postgresql.Driver.makeConnection(Driver.java:446)
	at org.postgresql.Driver.connect(Driver.java:298)
	at org.apache.commons.dbcp2.DriverConnectionFactory.createConnection(DriverConnectionFactory.java:52)
	at org.apache.commons.dbcp2.PoolableConnectionFactory.makeObject(PoolableConnectionFactory.java:414)
	at org.apache.commons.dbcp2.BasicDataSource.validateConnectionFactory(BasicDataSource.java:113)
	at org.apache.commons.dbcp2.BasicDataSource.createPoolableConnectionFactory(BasicDataSource.java:629)
	... 31 common frames omitted
2025-10-16 11:42:21,250 ERROR [Timer-Driven Process Thread-2] o.a.n.p.standard.ConvertJSONToSQL ConvertJSONToSQL[id=ecbdae1f-0199-1000-49b3-be0d5b14ce1b] Failed to convert StandardFlowFileRecord[uuid=77d28db2-1beb-4527-ae00-aa31fd5b6d0f,claim=StandardContentClaim [resourceClaim=StandardResourceClaim[id=1760614923338-1, container=default, section=1], offset=2597, length=120],offset=0,name=2025-10-16_14:42:02_car.csv,size=120] into a SQL statement due to org.apache.nifi.processor.exception.ProcessException: java.sql.SQLException: Cannot create PoolableConnectionFactory (FATAL: database "postgres_db
" does not exist); routing to failure
org.apache.nifi.processor.exception.ProcessException: java.sql.SQLException: Cannot create PoolableConnectionFactory (FATAL: database "postgres_db
" does not exist)
	at org.apache.nifi.dbcp.AbstractDBCPConnectionPool.getConnection(AbstractDBCPConnectionPool.java:245)
	at org.apache.nifi.dbcp.AbstractDBCPConnectionPool.getConnection(AbstractDBCPConnectionPool.java:222)
	at org.apache.nifi.dbcp.DBCPService.getConnection(DBCPService.java:55)
	at java.base/jdk.internal.reflect.NativeMethodAccessorImpl.invoke0(Native Method)
	at java.base/jdk.internal.reflect.NativeMethodAccessorImpl.invoke(Unknown Source)
	at java.base/jdk.internal.reflect.DelegatingMethodAccessorImpl.invoke(Unknown Source)
	at java.base/java.lang.reflect.Method.invoke(Unknown Source)
	at org.apache.nifi.controller.service.StandardControllerServiceInvocationHandler.invoke(StandardControllerServiceInvocationHandler.java:254)
	at org.apache.nifi.controller.service.StandardControllerServiceInvocationHandler.invoke(StandardControllerServiceInvocationHandler.java:105)
	at com.sun.proxy.$Proxy84.getConnection(Unknown Source)
	at org.apache.nifi.processors.standard.ConvertJSONToSQL.lambda$onTrigger$0(ConvertJSONToSQL.java:323)
	at com.github.benmanes.caffeine.cache.BoundedLocalCache.lambda$doComputeIfAbsent$14(BoundedLocalCache.java:2406)
	at java.base/java.util.concurrent.ConcurrentHashMap.compute(Unknown Source)
	at com.github.benmanes.caffeine.cache.BoundedLocalCache.doComputeIfAbsent(BoundedLocalCache.java:2404)
	at com.github.benmanes.caffeine.cache.BoundedLocalCache.computeIfAbsent(BoundedLocalCache.java:2387)
	at com.github.benmanes.caffeine.cache.LocalCache.computeIfAbsent(LocalCache.java:108)
	at com.github.benmanes.caffeine.cache.LocalManualCache.get(LocalManualCache.java:62)
	at org.apache.nifi.processors.standard.ConvertJSONToSQL.onTrigger(ConvertJSONToSQL.java:321)
	at org.apache.nifi.processor.AbstractProcessor.onTrigger(AbstractProcessor.java:27)
	at org.apache.nifi.controller.StandardProcessorNode.onTrigger(StandardProcessorNode.java:1361)
	at org.apache.nifi.controller.tasks.ConnectableTask.invoke(ConnectableTask.java:247)
	at org.apache.nifi.controller.scheduling.TimerDrivenSchedulingAgent$1.run(TimerDrivenSchedulingAgent.java:102)
	at org.apache.nifi.engine.FlowEngine$2.run(FlowEngine.java:110)
	at java.base/java.util.concurrent.Executors$RunnableAdapter.call(Unknown Source)
	at java.base/java.util.concurrent.FutureTask.runAndReset(Unknown Source)
	at java.base/java.util.concurrent.ScheduledThreadPoolExecutor$ScheduledFutureTask.run(Unknown Source)
	at java.base/java.util.concurrent.ThreadPoolExecutor.runWorker(Unknown Source)
	at java.base/java.util.concurrent.ThreadPoolExecutor$Worker.run(Unknown Source)
	at java.base/java.lang.Thread.run(Unknown Source)
Caused by: java.sql.SQLException: Cannot create PoolableConnectionFactory (FATAL: database "postgres_db
" does not exist)
	at org.apache.commons.dbcp2.BasicDataSource.createPoolableConnectionFactory(BasicDataSource.java:633)
	at org.apache.commons.dbcp2.BasicDataSource.createDataSource(BasicDataSource.java:535)
	at org.apache.commons.dbcp2.BasicDataSource.getConnection(BasicDataSource.java:711)
	at org.apache.nifi.dbcp.AbstractDBCPConnectionPool.getConnection(AbstractDBCPConnectionPool.java:232)
	... 28 common frames omitted
Caused by: org.postgresql.util.PSQLException: FATAL: database "postgres_db
" does not exist
	at org.postgresql.core.v3.QueryExecutorImpl.receiveErrorResponse(QueryExecutorImpl.java:2725)
	at org.postgresql.core.v3.QueryExecutorImpl.readStartupMessages(QueryExecutorImpl.java:2837)
	at org.postgresql.core.v3.QueryExecutorImpl.<init>(QueryExecutorImpl.java:175)
	at org.postgresql.core.v3.ConnectionFactoryImpl.openConnectionImpl(ConnectionFactoryImpl.java:317)
	at org.postgresql.core.ConnectionFactory.openConnection(ConnectionFactory.java:54)
	at org.postgresql.jdbc.PgConnection.<init>(PgConnection.java:273)
	at org.postgresql.Driver.makeConnection(Driver.java:446)
	at org.postgresql.Driver.connect(Driver.java:298)
	at org.apache.commons.dbcp2.DriverConnectionFactory.createConnection(DriverConnectionFactory.java:52)
	at org.apache.commons.dbcp2.PoolableConnectionFactory.makeObject(PoolableConnectionFactory.java:414)
	at org.apache.commons.dbcp2.BasicDataSource.validateConnectionFactory(BasicDataSource.java:113)
	at org.apache.commons.dbcp2.BasicDataSource.createPoolableConnectionFactory(BasicDataSource.java:629)
	... 31 common frames omitted
2025-10-16 11:42:21,255 ERROR [Timer-Driven Process Thread-2] o.a.n.p.standard.ConvertJSONToSQL ConvertJSONToSQL[id=ecbdae1f-0199-1000-49b3-be0d5b14ce1b] Failed to convert StandardFlowFileRecord[uuid=b42b6092-6d8b-4915-9de8-d324d6230fcf,claim=StandardContentClaim [resourceClaim=StandardResourceClaim[id=1760614923338-1, container=default, section=1], offset=2717, length=113],offset=0,name=2025-10-16_14:42:02_car.csv,size=113] into a SQL statement due to org.apache.nifi.processor.exception.ProcessException: java.sql.SQLException: Cannot create PoolableConnectionFactory (FATAL: database "postgres_db
" does not exist); routing to failure
org.apache.nifi.processor.exception.ProcessException: java.sql.SQLException: Cannot create PoolableConnectionFactory (FATAL: database "postgres_db
" does not exist)
	at org.apache.nifi.dbcp.AbstractDBCPConnectionPool.getConnection(AbstractDBCPConnectionPool.java:245)
	at org.apache.nifi.dbcp.AbstractDBCPConnectionPool.getConnection(AbstractDBCPConnectionPool.java:222)
	at org.apache.nifi.dbcp.DBCPService.getConnection(DBCPService.java:55)
	at java.base/jdk.internal.reflect.NativeMethodAccessorImpl.invoke0(Native Method)
	at java.base/jdk.internal.reflect.NativeMethodAccessorImpl.invoke(Unknown Source)
	at java.base/jdk.internal.reflect.DelegatingMethodAccessorImpl.invoke(Unknown Source)
	at java.base/java.lang.reflect.Method.invoke(Unknown Source)
	at org.apache.nifi.controller.service.StandardControllerServiceInvocationHandler.invoke(StandardControllerServiceInvocationHandler.java:254)
	at org.apache.nifi.controller.service.StandardControllerServiceInvocationHandler.invoke(StandardControllerServiceInvocationHandler.java:105)
	at com.sun.proxy.$Proxy84.getConnection(Unknown Source)
	at org.apache.nifi.processors.standard.ConvertJSONToSQL.lambda$onTrigger$0(ConvertJSONToSQL.java:323)
	at com.github.benmanes.caffeine.cache.BoundedLocalCache.lambda$doComputeIfAbsent$14(BoundedLocalCache.java:2406)
	at java.base/java.util.concurrent.ConcurrentHashMap.compute(Unknown Source)
	at com.github.benmanes.caffeine.cache.BoundedLocalCache.doComputeIfAbsent(BoundedLocalCache.java:2404)
	at com.github.benmanes.caffeine.cache.BoundedLocalCache.computeIfAbsent(BoundedLocalCache.java:2387)
	at com.github.benmanes.caffeine.cache.LocalCache.computeIfAbsent(LocalCache.java:108)
	at com.github.benmanes.caffeine.cache.LocalManualCache.get(LocalManualCache.java:62)
	at org.apache.nifi.processors.standard.ConvertJSONToSQL.onTrigger(ConvertJSONToSQL.java:321)
	at org.apache.nifi.processor.AbstractProcessor.onTrigger(AbstractProcessor.java:27)
	at org.apache.nifi.controller.StandardProcessorNode.onTrigger(StandardProcessorNode.java:1361)
	at org.apache.nifi.controller.tasks.ConnectableTask.invoke(ConnectableTask.java:247)
	at org.apache.nifi.controller.scheduling.TimerDrivenSchedulingAgent$1.run(TimerDrivenSchedulingAgent.java:102)
	at org.apache.nifi.engine.FlowEngine$2.run(FlowEngine.java:110)
	at java.base/java.util.concurrent.Executors$RunnableAdapter.call(Unknown Source)
	at java.base/java.util.concurrent.FutureTask.runAndReset(Unknown Source)
	at java.base/java.util.concurrent.ScheduledThreadPoolExecutor$ScheduledFutureTask.run(Unknown Source)
	at java.base/java.util.concurrent.ThreadPoolExecutor.runWorker(Unknown Source)
	at java.base/java.util.concurrent.ThreadPoolExecutor$Worker.run(Unknown Source)
	at java.base/java.lang.Thread.run(Unknown Source)
Caused by: java.sql.SQLException: Cannot create PoolableConnectionFactory (FATAL: database "postgres_db
" does not exist)
	at org.apache.commons.dbcp2.BasicDataSource.createPoolableConnectionFactory(BasicDataSource.java:633)
	at org.apache.commons.dbcp2.BasicDataSource.createDataSource(BasicDataSource.java:535)
	at org.apache.commons.dbcp2.BasicDataSource.getConnection(BasicDataSource.java:711)
	at org.apache.nifi.dbcp.AbstractDBCPConnectionPool.getConnection(AbstractDBCPConnectionPool.java:232)
	... 28 common frames omitted
Caused by: org.postgresql.util.PSQLException: FATAL: database "postgres_db
" does not exist
	at org.postgresql.core.v3.QueryExecutorImpl.receiveErrorResponse(QueryExecutorImpl.java:2725)
	at org.postgresql.core.v3.QueryExecutorImpl.readStartupMessages(QueryExecutorImpl.java:2837)
	at org.postgresql.core.v3.QueryExecutorImpl.<init>(QueryExecutorImpl.java:175)
	at org.postgresql.core.v3.ConnectionFactoryImpl.openConnectionImpl(ConnectionFactoryImpl.java:317)
	at org.postgresql.core.ConnectionFactory.openConnection(ConnectionFactory.java:54)
	at org.postgresql.jdbc.PgConnection.<init>(PgConnection.java:273)
	at org.postgresql.Driver.makeConnection(Driver.java:446)
	at org.postgresql.Driver.connect(Driver.java:298)
	at org.apache.commons.dbcp2.DriverConnectionFactory.createConnection(DriverConnectionFactory.java:52)
	at org.apache.commons.dbcp2.PoolableConnectionFactory.makeObject(PoolableConnectionFactory.java:414)
	at org.apache.commons.dbcp2.BasicDataSource.validateConnectionFactory(BasicDataSource.java:113)
	at org.apache.commons.dbcp2.BasicDataSource.createPoolableConnectionFactory(BasicDataSource.java:629)
	... 31 common frames omitted
2025-10-16 11:42:21,256 INFO [Timer-Driven Process Thread-7] o.a.n.processors.standard.LogAttribute LogAttribute[id=ecc05f84-0199-1000-3197-08d7447c99f8] logging for flow file StandardFlowFileRecord[uuid=2af8f023-e41e-432a-9362-820fc5084902,claim=StandardContentClaim [resourceClaim=StandardResourceClaim[id=1760614923338-1, container=default, section=1], offset=2469, length=128],offset=0,name=2025-10-16_14:42:02_car.csv,size=128]
--------------------------------------------------
FlowFile Properties
Key: 'entryDate'
	Value: 'Thu Oct 16 11:42:03 UTC 2025'
Key: 'lineageStartDate'
	Value: 'Thu Oct 16 11:42:03 UTC 2025'
Key: 'fileSize'
	Value: '128'
FlowFile Attribute Map Content
Key: 'absolute.path'
	Value: '/data/'
Key: 'file.creationTime'
	Value: '2025-10-16T11:42:02+0000'
Key: 'file.group'
	Value: 'nifi'
Key: 'file.lastAccessTime'
	Value: '2025-10-16T11:42:02+0000'
Key: 'file.lastModifiedTime'
	Value: '2025-10-16T11:42:02+0000'
Key: 'file.owner'
	Value: 'nifi'
Key: 'file.permissions'
	Value: 'rw-r--r--'
Key: 'filename'
	Value: '2025-10-16_14:42:02_car.csv'
Key: 'fragment.count'
	Value: '10'
Key: 'fragment.identifier'
	Value: '2e74e6e0-3e7b-48b7-9e23-7da693f35ea7'
Key: 'fragment.index'
	Value: '6'
Key: 'mime.type'
	Value: 'application/json'
Key: 'path'
	Value: '/'
Key: 'record.count'
	Value: '10'
Key: 'segment.original.filename'
	Value: '2025-10-16_14:42:02_car.csv'
Key: 'uuid'
	Value: '2af8f023-e41e-432a-9362-820fc5084902'
--------------------------------------------------
2025-10-16 11:42:21,256 INFO [Timer-Driven Process Thread-7] o.a.n.processors.standard.LogAttribute LogAttribute[id=ecc05f84-0199-1000-3197-08d7447c99f8] logging for flow file StandardFlowFileRecord[uuid=77d28db2-1beb-4527-ae00-aa31fd5b6d0f,claim=StandardContentClaim [resourceClaim=StandardResourceClaim[id=1760614923338-1, container=default, section=1], offset=2597, length=120],offset=0,name=2025-10-16_14:42:02_car.csv,size=120]
--------------------------------------------------
FlowFile Properties
Key: 'entryDate'
	Value: 'Thu Oct 16 11:42:03 UTC 2025'
Key: 'lineageStartDate'
	Value: 'Thu Oct 16 11:42:03 UTC 2025'
Key: 'fileSize'
	Value: '120'
FlowFile Attribute Map Content
Key: 'absolute.path'
	Value: '/data/'
Key: 'file.creationTime'
	Value: '2025-10-16T11:42:02+0000'
Key: 'file.group'
	Value: 'nifi'
Key: 'file.lastAccessTime'
	Value: '2025-10-16T11:42:02+0000'
Key: 'file.lastModifiedTime'
	Value: '2025-10-16T11:42:02+0000'
Key: 'file.owner'
	Value: 'nifi'
Key: 'file.permissions'
	Value: 'rw-r--r--'
Key: 'filename'
	Value: '2025-10-16_14:42:02_car.csv'
Key: 'fragment.count'
	Value: '10'
Key: 'fragment.identifier'
	Value: '2e74e6e0-3e7b-48b7-9e23-7da693f35ea7'
Key: 'fragment.index'
	Value: '7'
Key: 'mime.type'
	Value: 'application/json'
Key: 'path'
	Value: '/'
Key: 'record.count'
	Value: '10'
Key: 'segment.original.filename'
	Value: '2025-10-16_14:42:02_car.csv'
Key: 'uuid'
	Value: '77d28db2-1beb-4527-ae00-aa31fd5b6d0f'
--------------------------------------------------
2025-10-16 11:42:21,257 INFO [Timer-Driven Process Thread-7] o.a.n.processors.standard.LogAttribute LogAttribute[id=ecc05f84-0199-1000-3197-08d7447c99f8] logging for flow file StandardFlowFileRecord[uuid=b42b6092-6d8b-4915-9de8-d324d6230fcf,claim=StandardContentClaim [resourceClaim=StandardResourceClaim[id=1760614923338-1, container=default, section=1], offset=2717, length=113],offset=0,name=2025-10-16_14:42:02_car.csv,size=113]
--------------------------------------------------
FlowFile Properties
Key: 'entryDate'
	Value: 'Thu Oct 16 11:42:03 UTC 2025'
Key: 'lineageStartDate'
	Value: 'Thu Oct 16 11:42:03 UTC 2025'
Key: 'fileSize'
	Value: '113'
FlowFile Attribute Map Content
Key: 'absolute.path'
	Value: '/data/'
Key: 'file.creationTime'
	Value: '2025-10-16T11:42:02+0000'
Key: 'file.group'
	Value: 'nifi'
Key: 'file.lastAccessTime'
	Value: '2025-10-16T11:42:02+0000'
Key: 'file.lastModifiedTime'
	Value: '2025-10-16T11:42:02+0000'
Key: 'file.owner'
	Value: 'nifi'
Key: 'file.permissions'
	Value: 'rw-r--r--'
Key: 'filename'
	Value: '2025-10-16_14:42:02_car.csv'
Key: 'fragment.count'
	Value: '10'
Key: 'fragment.identifier'
	Value: '2e74e6e0-3e7b-48b7-9e23-7da693f35ea7'
Key: 'fragment.index'
	Value: '8'
Key: 'mime.type'
	Value: 'application/json'
Key: 'path'
	Value: '/'
Key: 'record.count'
	Value: '10'
Key: 'segment.original.filename'
	Value: '2025-10-16_14:42:02_car.csv'
Key: 'uuid'
	Value: 'b42b6092-6d8b-4915-9de8-d324d6230fcf'
--------------------------------------------------
2025-10-16 11:42:21,260 ERROR [Timer-Driven Process Thread-2] o.a.n.p.standard.ConvertJSONToSQL ConvertJSONToSQL[id=ecbdae1f-0199-1000-49b3-be0d5b14ce1b] Failed to convert StandardFlowFileRecord[uuid=8127696d-ff36-4cbf-a889-7d7bb89ffa16,claim=StandardContentClaim [resourceClaim=StandardResourceClaim[id=1760614923338-1, container=default, section=1], offset=2830, length=120],offset=0,name=2025-10-16_14:42:02_car.csv,size=120] into a SQL statement due to org.apache.nifi.processor.exception.ProcessException: java.sql.SQLException: Cannot create PoolableConnectionFactory (FATAL: database "postgres_db
" does not exist); routing to failure
org.apache.nifi.processor.exception.ProcessException: java.sql.SQLException: Cannot create PoolableConnectionFactory (FATAL: database "postgres_db
" does not exist)
	at org.apache.nifi.dbcp.AbstractDBCPConnectionPool.getConnection(AbstractDBCPConnectionPool.java:245)
	at org.apache.nifi.dbcp.AbstractDBCPConnectionPool.getConnection(AbstractDBCPConnectionPool.java:222)
	at org.apache.nifi.dbcp.DBCPService.getConnection(DBCPService.java:55)
	at java.base/jdk.internal.reflect.NativeMethodAccessorImpl.invoke0(Native Method)
	at java.base/jdk.internal.reflect.NativeMethodAccessorImpl.invoke(Unknown Source)
	at java.base/jdk.internal.reflect.DelegatingMethodAccessorImpl.invoke(Unknown Source)
	at java.base/java.lang.reflect.Method.invoke(Unknown Source)
	at org.apache.nifi.controller.service.StandardControllerServiceInvocationHandler.invoke(StandardControllerServiceInvocationHandler.java:254)
	at org.apache.nifi.controller.service.StandardControllerServiceInvocationHandler.invoke(StandardControllerServiceInvocationHandler.java:105)
	at com.sun.proxy.$Proxy84.getConnection(Unknown Source)
	at org.apache.nifi.processors.standard.ConvertJSONToSQL.lambda$onTrigger$0(ConvertJSONToSQL.java:323)
	at com.github.benmanes.caffeine.cache.BoundedLocalCache.lambda$doComputeIfAbsent$14(BoundedLocalCache.java:2406)
	at java.base/java.util.concurrent.ConcurrentHashMap.compute(Unknown Source)
	at com.github.benmanes.caffeine.cache.BoundedLocalCache.doComputeIfAbsent(BoundedLocalCache.java:2404)
	at com.github.benmanes.caffeine.cache.BoundedLocalCache.computeIfAbsent(BoundedLocalCache.java:2387)
	at com.github.benmanes.caffeine.cache.LocalCache.computeIfAbsent(LocalCache.java:108)
	at com.github.benmanes.caffeine.cache.LocalManualCache.get(LocalManualCache.java:62)
	at org.apache.nifi.processors.standard.ConvertJSONToSQL.onTrigger(ConvertJSONToSQL.java:321)
	at org.apache.nifi.processor.AbstractProcessor.onTrigger(AbstractProcessor.java:27)
	at org.apache.nifi.controller.StandardProcessorNode.onTrigger(StandardProcessorNode.java:1361)
	at org.apache.nifi.controller.tasks.ConnectableTask.invoke(ConnectableTask.java:247)
	at org.apache.nifi.controller.scheduling.TimerDrivenSchedulingAgent$1.run(TimerDrivenSchedulingAgent.java:102)
	at org.apache.nifi.engine.FlowEngine$2.run(FlowEngine.java:110)
	at java.base/java.util.concurrent.Executors$RunnableAdapter.call(Unknown Source)
	at java.base/java.util.concurrent.FutureTask.runAndReset(Unknown Source)
	at java.base/java.util.concurrent.ScheduledThreadPoolExecutor$ScheduledFutureTask.run(Unknown Source)
	at java.base/java.util.concurrent.ThreadPoolExecutor.runWorker(Unknown Source)
	at java.base/java.util.concurrent.ThreadPoolExecutor$Worker.run(Unknown Source)
	at java.base/java.lang.Thread.run(Unknown Source)
Caused by: java.sql.SQLException: Cannot create PoolableConnectionFactory (FATAL: database "postgres_db
" does not exist)
	at org.apache.commons.dbcp2.BasicDataSource.createPoolableConnectionFactory(BasicDataSource.java:633)
	at org.apache.commons.dbcp2.BasicDataSource.createDataSource(BasicDataSource.java:535)
	at org.apache.commons.dbcp2.BasicDataSource.getConnection(BasicDataSource.java:711)
	at org.apache.nifi.dbcp.AbstractDBCPConnectionPool.getConnection(AbstractDBCPConnectionPool.java:232)
	... 28 common frames omitted
Caused by: org.postgresql.util.PSQLException: FATAL: database "postgres_db
" does not exist
	at org.postgresql.core.v3.QueryExecutorImpl.receiveErrorResponse(QueryExecutorImpl.java:2725)
	at org.postgresql.core.v3.QueryExecutorImpl.readStartupMessages(QueryExecutorImpl.java:2837)
	at org.postgresql.core.v3.QueryExecutorImpl.<init>(QueryExecutorImpl.java:175)
	at org.postgresql.core.v3.ConnectionFactoryImpl.openConnectionImpl(ConnectionFactoryImpl.java:317)
	at org.postgresql.core.ConnectionFactory.openConnection(ConnectionFactory.java:54)
	at org.postgresql.jdbc.PgConnection.<init>(PgConnection.java:273)
	at org.postgresql.Driver.makeConnection(Driver.java:446)
	at org.postgresql.Driver.connect(Driver.java:298)
	at org.apache.commons.dbcp2.DriverConnectionFactory.createConnection(DriverConnectionFactory.java:52)
	at org.apache.commons.dbcp2.PoolableConnectionFactory.makeObject(PoolableConnectionFactory.java:414)
	at org.apache.commons.dbcp2.BasicDataSource.validateConnectionFactory(BasicDataSource.java:113)
	at org.apache.commons.dbcp2.BasicDataSource.createPoolableConnectionFactory(BasicDataSource.java:629)
	... 31 common frames omitted
2025-10-16 11:42:21,269 INFO [Timer-Driven Process Thread-2] o.a.n.processors.standard.LogAttribute LogAttribute[id=ecc05f84-0199-1000-3197-08d7447c99f8] logging for flow file StandardFlowFileRecord[uuid=8127696d-ff36-4cbf-a889-7d7bb89ffa16,claim=StandardContentClaim [resourceClaim=StandardResourceClaim[id=1760614923338-1, container=default, section=1], offset=2830, length=120],offset=0,name=2025-10-16_14:42:02_car.csv,size=120]
--------------------------------------------------
FlowFile Properties
Key: 'entryDate'
	Value: 'Thu Oct 16 11:42:03 UTC 2025'
Key: 'lineageStartDate'
	Value: 'Thu Oct 16 11:42:03 UTC 2025'
Key: 'fileSize'
	Value: '120'
FlowFile Attribute Map Content
Key: 'absolute.path'
	Value: '/data/'
Key: 'file.creationTime'
	Value: '2025-10-16T11:42:02+0000'
Key: 'file.group'
	Value: 'nifi'
Key: 'file.lastAccessTime'
	Value: '2025-10-16T11:42:02+0000'
Key: 'file.lastModifiedTime'
	Value: '2025-10-16T11:42:02+0000'
Key: 'file.owner'
	Value: 'nifi'
Key: 'file.permissions'
	Value: 'rw-r--r--'
Key: 'filename'
	Value: '2025-10-16_14:42:02_car.csv'
Key: 'fragment.count'
	Value: '10'
Key: 'fragment.identifier'
	Value: '2e74e6e0-3e7b-48b7-9e23-7da693f35ea7'
Key: 'fragment.index'
	Value: '9'
Key: 'mime.type'
	Value: 'application/json'
Key: 'path'
	Value: '/'
Key: 'record.count'
	Value: '10'
Key: 'segment.original.filename'
	Value: '2025-10-16_14:42:02_car.csv'
Key: 'uuid'
	Value: '8127696d-ff36-4cbf-a889-7d7bb89ffa16'
--------------------------------------------------
2025-10-16 11:42:21,279 INFO [Flow Service Tasks Thread-1] o.a.nifi.controller.StandardFlowService Saved flow controller org.apache.nifi.controller.FlowController@5a33fa7d // Another save pending = false
2025-10-16 11:42:33,660 INFO [pool-7-thread-1] o.a.n.c.r.WriteAheadFlowFileRepository Initiating checkpoint of FlowFile Repository
2025-10-16 11:42:33,669 INFO [pool-7-thread-1] o.a.n.wali.SequentialAccessWriteAheadLog Checkpointed Write-Ahead Log with 0 Records and 0 Swap Files in 6 milliseconds (Stop-the-world time = 3 milliseconds), max Transaction ID 39
2025-10-16 11:42:33,670 INFO [pool-7-thread-1] o.a.n.c.r.WriteAheadFlowFileRepository Successfully checkpointed FlowFile Repository with 0 records in 6 milliseconds
2025-10-16 11:42:33,787 INFO [Timer-Driven Process Thread-2] o.a.n.p.store.WriteAheadStorePartition Successfully rolled over Event Writer for Provenance Event Store Partition[directory=./provenance_repository] due to MAX_TIME_REACHED. Event File was 23.97 KB and contained 14 events.
2025-10-16 11:42:53,670 INFO [pool-7-thread-1] o.a.n.c.r.WriteAheadFlowFileRepository Initiating checkpoint of FlowFile Repository
2025-10-16 11:42:53,672 INFO [pool-7-thread-1] o.a.n.c.r.WriteAheadFlowFileRepository Successfully checkpointed FlowFile Repository with 0 records in 0 milliseconds
2025-10-16 11:43:13,209 INFO [Cleanup Archive for default] o.a.n.c.repository.FileSystemRepository Successfully deleted 0 files (0 bytes) from archive
2025-10-16 11:43:13,210 INFO [Cleanup Archive for default] o.a.n.c.repository.FileSystemRepository Archive cleanup completed for container default; will now allow writing to this container. Bytes used = 176.41 GB, bytes free = 51.87 GB, capacity = 228.27 GB
2025-10-16 11:43:13,674 INFO [pool-7-thread-1] o.a.n.c.r.WriteAheadFlowFileRepository Initiating checkpoint of FlowFile Repository
2025-10-16 11:43:13,674 INFO [pool-7-thread-1] o.a.n.c.r.WriteAheadFlowFileRepository Successfully checkpointed FlowFile Repository with 0 records in 0 milliseconds
2025-10-16 11:43:33,676 INFO [pool-7-thread-1] o.a.n.c.r.WriteAheadFlowFileRepository Initiating checkpoint of FlowFile Repository
2025-10-16 11:43:33,677 INFO [pool-7-thread-1] o.a.n.c.r.WriteAheadFlowFileRepository Successfully checkpointed FlowFile Repository with 0 records in 0 milliseconds
2025-10-16 11:43:53,680 INFO [pool-7-thread-1] o.a.n.c.r.WriteAheadFlowFileRepository Initiating checkpoint of FlowFile Repository
2025-10-16 11:43:53,681 INFO [pool-7-thread-1] o.a.n.c.r.WriteAheadFlowFileRepository Successfully checkpointed FlowFile Repository with 0 records in 0 milliseconds
2025-10-16 11:44:10,178 INFO [NiFi Web Server-96] o.a.n.c.s.StandardProcessScheduler Stopping ConvertJSONToSQL[id=ecbdae1f-0199-1000-49b3-be0d5b14ce1b]
2025-10-16 11:44:10,178 INFO [NiFi Web Server-96] o.a.n.controller.StandardProcessorNode Stopping processor: ConvertJSONToSQL[id=ecbdae1f-0199-1000-49b3-be0d5b14ce1b]
2025-10-16 11:44:10,186 INFO [Timer-Driven Process Thread-9] o.a.n.c.s.TimerDrivenSchedulingAgent Stopped scheduling ConvertJSONToSQL[id=ecbdae1f-0199-1000-49b3-be0d5b14ce1b] to run
2025-10-16 11:44:10,190 INFO [Timer-Driven Process Thread-9] o.a.n.controller.StandardProcessorNode ConvertJSONToSQL[id=ecbdae1f-0199-1000-49b3-be0d5b14ce1b] has completely stopped. Completing any associated Futures.
2025-10-16 11:44:10,697 INFO [Flow Service Tasks Thread-1] o.a.nifi.controller.StandardFlowService Saved flow controller org.apache.nifi.controller.FlowController@5a33fa7d // Another save pending = false
2025-10-16 11:44:12,792 INFO [Write-Ahead Local State Provider Maintenance] org.wali.MinimalLockingWriteAheadLog org.wali.MinimalLockingWriteAheadLog@e6fbf82 checkpointed with 2 Records and 0 Swap Files in 17 milliseconds (Stop-the-world time = 7 milliseconds, Clear Edit Logs time = 7 millis), max Transaction ID 9
2025-10-16 11:44:13,433 INFO [Cleanup Archive for default] o.a.n.c.repository.FileSystemRepository Successfully deleted 0 files (0 bytes) from archive
2025-10-16 11:44:13,434 INFO [Cleanup Archive for default] o.a.n.c.repository.FileSystemRepository Archive cleanup completed for container default; will now allow writing to this container. Bytes used = 176.4 GB, bytes free = 51.87 GB, capacity = 228.27 GB
2025-10-16 11:44:13,682 INFO [pool-7-thread-1] o.a.n.c.r.WriteAheadFlowFileRepository Initiating checkpoint of FlowFile Repository
2025-10-16 11:44:13,682 INFO [pool-7-thread-1] o.a.n.c.r.WriteAheadFlowFileRepository Successfully checkpointed FlowFile Repository with 0 records in 0 milliseconds
2025-10-16 11:44:17,277 INFO [NiFi Web Server-96] o.a.n.c.s.StandardProcessScheduler Stopping PutSQL[id=ecbdc9be-0199-1000-9cbe-29d38cd766d6]
2025-10-16 11:44:17,277 INFO [NiFi Web Server-96] o.a.n.controller.StandardProcessorNode Stopping processor: PutSQL[id=ecbdc9be-0199-1000-9cbe-29d38cd766d6]
2025-10-16 11:44:17,278 INFO [Timer-Driven Process Thread-10] o.a.n.c.s.TimerDrivenSchedulingAgent Stopped scheduling PutSQL[id=ecbdc9be-0199-1000-9cbe-29d38cd766d6] to run
2025-10-16 11:44:17,278 INFO [Timer-Driven Process Thread-10] o.a.n.controller.StandardProcessorNode PutSQL[id=ecbdc9be-0199-1000-9cbe-29d38cd766d6] has completely stopped. Completing any associated Futures.
2025-10-16 11:44:17,316 INFO [NiFi Web Server-96] o.a.n.c.s.StandardProcessScheduler Disabling StandardControllerServiceNode[service=DBCPConnectionPool[id=ecc0a197-0199-1000-e2c5-a68d66df1f0f], name=DBCPConnectionPool, active=true]
2025-10-16 11:44:17,318 INFO [Timer-Driven Process Thread-7] o.a.n.c.service.ServiceStateTransition StandardControllerServiceNode[service=DBCPConnectionPool[id=ecc0a197-0199-1000-e2c5-a68d66df1f0f], name=DBCPConnectionPool, active=false] is now fully DISABLED
2025-10-16 11:44:17,735 INFO [Flow Service Tasks Thread-1] o.a.nifi.controller.StandardFlowService Saved flow controller org.apache.nifi.controller.FlowController@5a33fa7d // Another save pending = false
2025-10-16 11:44:33,684 INFO [pool-7-thread-1] o.a.n.c.r.WriteAheadFlowFileRepository Initiating checkpoint of FlowFile Repository
2025-10-16 11:44:33,685 INFO [pool-7-thread-1] o.a.n.c.r.WriteAheadFlowFileRepository Successfully checkpointed FlowFile Repository with 0 records in 0 milliseconds
2025-10-16 11:44:53,685 INFO [pool-7-thread-1] o.a.n.c.r.WriteAheadFlowFileRepository Initiating checkpoint of FlowFile Repository
2025-10-16 11:44:53,686 INFO [pool-7-thread-1] o.a.n.c.r.WriteAheadFlowFileRepository Successfully checkpointed FlowFile Repository with 0 records in 0 milliseconds
2025-10-16 11:45:13,674 INFO [Cleanup Archive for default] o.a.n.c.repository.FileSystemRepository Successfully deleted 0 files (0 bytes) from archive
2025-10-16 11:45:13,675 INFO [Cleanup Archive for default] o.a.n.c.repository.FileSystemRepository Archive cleanup completed for container default; will now allow writing to this container. Bytes used = 176.41 GB, bytes free = 51.87 GB, capacity = 228.27 GB
2025-10-16 11:45:13,687 INFO [pool-7-thread-1] o.a.n.c.r.WriteAheadFlowFileRepository Initiating checkpoint of FlowFile Repository
2025-10-16 11:45:13,687 INFO [pool-7-thread-1] o.a.n.c.r.WriteAheadFlowFileRepository Successfully checkpointed FlowFile Repository with 0 records in 0 milliseconds
2025-10-16 11:45:33,690 INFO [pool-7-thread-1] o.a.n.c.r.WriteAheadFlowFileRepository Initiating checkpoint of FlowFile Repository
2025-10-16 11:45:33,692 INFO [pool-7-thread-1] o.a.n.c.r.WriteAheadFlowFileRepository Successfully checkpointed FlowFile Repository with 0 records in 0 milliseconds
2025-10-16 11:45:53,694 INFO [pool-7-thread-1] o.a.n.c.r.WriteAheadFlowFileRepository Initiating checkpoint of FlowFile Repository
2025-10-16 11:45:53,695 INFO [pool-7-thread-1] o.a.n.c.r.WriteAheadFlowFileRepository Successfully checkpointed FlowFile Repository with 0 records in 0 milliseconds
2025-10-16 11:46:12,847 INFO [Write-Ahead Local State Provider Maintenance] org.wali.MinimalLockingWriteAheadLog org.wali.MinimalLockingWriteAheadLog@e6fbf82 checkpointed with 2 Records and 0 Swap Files in 51 milliseconds (Stop-the-world time = 37 milliseconds, Clear Edit Logs time = 11 millis), max Transaction ID 9
2025-10-16 11:46:13,696 INFO [pool-7-thread-1] o.a.n.c.r.WriteAheadFlowFileRepository Initiating checkpoint of FlowFile Repository
2025-10-16 11:46:13,716 INFO [pool-7-thread-1] o.a.n.c.r.WriteAheadFlowFileRepository Successfully checkpointed FlowFile Repository with 0 records in 0 milliseconds
2025-10-16 11:46:14,020 INFO [Cleanup Archive for default] o.a.n.c.repository.FileSystemRepository Successfully deleted 0 files (0 bytes) from archive
2025-10-16 11:46:14,021 INFO [Cleanup Archive for default] o.a.n.c.repository.FileSystemRepository Archive cleanup completed for container default; will now allow writing to this container. Bytes used = 176.4 GB, bytes free = 51.87 GB, capacity = 228.27 GB
2025-10-16 11:46:21,673 INFO [Flow Service Tasks Thread-2] o.a.nifi.controller.StandardFlowService Saved flow controller org.apache.nifi.controller.FlowController@5a33fa7d // Another save pending = false
2025-10-16 11:46:33,719 INFO [pool-7-thread-1] o.a.n.c.r.WriteAheadFlowFileRepository Initiating checkpoint of FlowFile Repository
2025-10-16 11:46:33,721 INFO [pool-7-thread-1] o.a.n.c.r.WriteAheadFlowFileRepository Successfully checkpointed FlowFile Repository with 0 records in 0 milliseconds
2025-10-16 11:47:25,065 INFO [pool-7-thread-1] o.a.n.c.r.WriteAheadFlowFileRepository Initiating checkpoint of FlowFile Repository
2025-10-16 11:47:25,066 INFO [pool-7-thread-1] o.a.n.c.r.WriteAheadFlowFileRepository Successfully checkpointed FlowFile Repository with 0 records in 0 milliseconds
2025-10-16 11:47:45,072 INFO [pool-7-thread-1] o.a.n.c.r.WriteAheadFlowFileRepository Initiating checkpoint of FlowFile Repository
2025-10-16 11:47:45,075 INFO [pool-7-thread-1] o.a.n.c.r.WriteAheadFlowFileRepository Successfully checkpointed FlowFile Repository with 0 records in 0 milliseconds
2025-10-16 11:47:45,592 INFO [Cleanup Archive for default] o.a.n.c.repository.FileSystemRepository Successfully deleted 0 files (0 bytes) from archive
2025-10-16 11:47:45,592 INFO [Cleanup Archive for default] o.a.n.c.repository.FileSystemRepository Archive cleanup completed for container default; will now allow writing to this container. Bytes used = 176.4 GB, bytes free = 51.87 GB, capacity = 228.27 GB
2025-10-16 11:48:05,079 INFO [pool-7-thread-1] o.a.n.c.r.WriteAheadFlowFileRepository Initiating checkpoint of FlowFile Repository
2025-10-16 11:48:05,085 INFO [pool-7-thread-1] o.a.n.c.r.WriteAheadFlowFileRepository Successfully checkpointed FlowFile Repository with 0 records in 0 milliseconds
2025-10-16 11:48:56,377 INFO [pool-7-thread-1] o.a.n.c.r.WriteAheadFlowFileRepository Initiating checkpoint of FlowFile Repository
2025-10-16 11:48:56,378 INFO [pool-7-thread-1] o.a.n.c.r.WriteAheadFlowFileRepository Successfully checkpointed FlowFile Repository with 0 records in 0 milliseconds
2025-10-16 11:49:46,141 INFO [Write-Ahead Local State Provider Maintenance] org.wali.MinimalLockingWriteAheadLog org.wali.MinimalLockingWriteAheadLog@e6fbf82 checkpointed with 2 Records and 0 Swap Files in 17 milliseconds (Stop-the-world time = 8 milliseconds, Clear Edit Logs time = 7 millis), max Transaction ID 9
2025-10-16 11:49:47,020 INFO [pool-7-thread-1] o.a.n.c.r.WriteAheadFlowFileRepository Initiating checkpoint of FlowFile Repository
2025-10-16 11:49:47,022 INFO [pool-7-thread-1] o.a.n.c.r.WriteAheadFlowFileRepository Successfully checkpointed FlowFile Repository with 0 records in 0 milliseconds
2025-10-16 11:49:47,746 INFO [Cleanup Archive for default] o.a.n.c.repository.FileSystemRepository Successfully deleted 0 files (0 bytes) from archive
2025-10-16 11:49:47,746 INFO [Cleanup Archive for default] o.a.n.c.repository.FileSystemRepository Archive cleanup completed for container default; will now allow writing to this container. Bytes used = 176.41 GB, bytes free = 51.87 GB, capacity = 228.27 GB
2025-10-16 11:50:07,023 INFO [pool-7-thread-1] o.a.n.c.r.WriteAheadFlowFileRepository Initiating checkpoint of FlowFile Repository
2025-10-16 11:50:07,025 INFO [pool-7-thread-1] o.a.n.c.r.WriteAheadFlowFileRepository Successfully checkpointed FlowFile Repository with 0 records in 0 milliseconds
2025-10-16 11:50:27,021 INFO [pool-7-thread-1] o.a.n.c.r.WriteAheadFlowFileRepository Initiating checkpoint of FlowFile Repository
2025-10-16 11:50:27,034 INFO [pool-7-thread-1] o.a.n.c.r.WriteAheadFlowFileRepository Successfully checkpointed FlowFile Repository with 0 records in 0 milliseconds
2025-10-16 11:51:18,665 INFO [pool-7-thread-1] o.a.n.c.r.WriteAheadFlowFileRepository Initiating checkpoint of FlowFile Repository
2025-10-16 11:51:18,668 INFO [pool-7-thread-1] o.a.n.c.r.WriteAheadFlowFileRepository Successfully checkpointed FlowFile Repository with 0 records in 0 milliseconds
2025-10-16 11:51:19,588 INFO [Cleanup Archive for default] o.a.n.c.repository.FileSystemRepository Successfully deleted 0 files (0 bytes) from archive
2025-10-16 11:51:19,588 INFO [Cleanup Archive for default] o.a.n.c.repository.FileSystemRepository Archive cleanup completed for container default; will now allow writing to this container. Bytes used = 176.41 GB, bytes free = 51.86 GB, capacity = 228.27 GB
2025-10-16 11:51:38,671 INFO [pool-7-thread-1] o.a.n.c.r.WriteAheadFlowFileRepository Initiating checkpoint of FlowFile Repository
2025-10-16 11:51:38,672 INFO [pool-7-thread-1] o.a.n.c.r.WriteAheadFlowFileRepository Successfully checkpointed FlowFile Repository with 0 records in 0 milliseconds
2025-10-16 11:52:29,987 INFO [pool-7-thread-1] o.a.n.c.r.WriteAheadFlowFileRepository Initiating checkpoint of FlowFile Repository
2025-10-16 11:52:29,988 INFO [pool-7-thread-1] o.a.n.c.r.WriteAheadFlowFileRepository Successfully checkpointed FlowFile Repository with 0 records in 0 milliseconds
2025-10-16 11:53:19,791 INFO [Write-Ahead Local State Provider Maintenance] org.wali.MinimalLockingWriteAheadLog org.wali.MinimalLockingWriteAheadLog@e6fbf82 checkpointed with 2 Records and 0 Swap Files in 47 milliseconds (Stop-the-world time = 34 milliseconds, Clear Edit Logs time = 11 millis), max Transaction ID 9
2025-10-16 11:53:20,659 INFO [pool-7-thread-1] o.a.n.c.r.WriteAheadFlowFileRepository Initiating checkpoint of FlowFile Repository
2025-10-16 11:53:20,660 INFO [pool-7-thread-1] o.a.n.c.r.WriteAheadFlowFileRepository Successfully checkpointed FlowFile Repository with 0 records in 0 milliseconds
2025-10-16 11:53:21,858 INFO [Cleanup Archive for default] o.a.n.c.repository.FileSystemRepository Successfully deleted 0 files (0 bytes) from archive
2025-10-16 11:53:21,859 INFO [Cleanup Archive for default] o.a.n.c.repository.FileSystemRepository Archive cleanup completed for container default; will now allow writing to this container. Bytes used = 176.41 GB, bytes free = 51.86 GB, capacity = 228.27 GB
2025-10-16 11:53:40,663 INFO [pool-7-thread-1] o.a.n.c.r.WriteAheadFlowFileRepository Initiating checkpoint of FlowFile Repository
2025-10-16 11:53:40,663 INFO [pool-7-thread-1] o.a.n.c.r.WriteAheadFlowFileRepository Successfully checkpointed FlowFile Repository with 0 records in 0 milliseconds
