1;291;173;453;Shibuya Crossing 2, Tokyo, Japan 150-0043;Burj Khalifa 1, Dubai, UAE;1821;3
2;397;241;809;Shibuya Crossing 2, Tokyo, Japan 150-0043;555 Mountain Street, Washington, DC 20001;2050;4
3;497;702;355;555 Mountain Street, Washington, DC 20001;Taj Mahal, Agra, India 282001;1879;5
4;822;540;145;Brandenburger Tor 1, Berlin, Germany 10117;555 Mountain Street, Washington, DC 20001;1142;5
5;327;879;905;321 Elm Boulevard, Houston, TX 77001;Champs-Élysées 75, Paris, France 75008;2561;5
6;266;19;148;864 Palm Drive, San Jose, CA 95101;Gyeongbokgung Palace 161, Seoul, South Korea 03045;3662;3
7;747;581;981;Champs-Élysées 75, Paris, France 75008;555 Mountain Street, Washington, DC 20001;4078;5
8;762;459;911;Sagrada Família 401, Barcelona, Spain 08013;Gyeongbokgung Palace 161, Seoul, South Korea 03045;3365;4
9;288;316;378;Champs-Élysées 75, Paris, France 75008;753 Willow Avenue, San Diego, CA 92101;2902;3
10;899;79;74;Sagrada Família 401, Barcelona, Spain 08013;654 Maple Drive, Phoenix, AZ 85001;1135;3
11;173;866;154;753 Willow Avenue, San Diego, CA 92101;159 Birch Street, San Antonio, TX 78201;2967;5
12;450;953;517;159 Birch Street, San Antonio, TX 78201;Copacabana Beach 100, Rio de Janeiro, Brazil 22070-011;4023;5
13;785;824;85;Sagrada Família 401, Barcelona, Spain 08013;Table Mountain Rd, Cape Town, South Africa 8001;3647;5
14;11;798;113;159 Birch Street, San Antonio, TX 78201;555 Mountain Street, Washington, DC 20001;3921;5
15;229;909;713;456 Oak Avenue, Los Angeles, CA 90001;Taj Mahal, Agra, India 282001;1567;5
16;14;259;10;Brandenburger Tor 1, Berlin, Germany 10117;Burj Khalifa 1, Dubai, UAE;4198;4
17;570;559;156;Shibuya Crossing 2, Tokyo, Japan 150-0043;159 Birch Street, San Antonio, TX 78201;3339;4
18;10;370;86;246 Spruce Road, Dallas, TX 75201;Shibuya Crossing 2, Tokyo, Japan 150-0043;2962;4
19;121;871;170;654 Maple Drive, Phoenix, AZ 85001;789 Pine Road, Chicago, IL 60601;4722;4
20;16;758;484;Piazza San Marco 1, Venice, Italy 30124;Burj Khalifa 1, Dubai, UAE;1147;4
21;634;686;745;789 Pine Road, Chicago, IL 60601;666 Ocean Avenue, Miami, FL 33101;4749;5
22;321;525;19;789 Pine Road, Chicago, IL 60601;Forbidden City 4, Beijing, China 100006;3756;2
23;555;620;777;CN Tower 301, Toronto, Canada M5V 2T6;666 Ocean Avenue, Miami, FL 33101;1770;3
24;66;995;58;864 Palm Drive, San Jose, CA 95101;Table Mountain Rd, Cape Town, South Africa 8001;4739;5
25;984;459;207;666 Ocean Avenue, Miami, FL 33101;123 Main Street, New York, NY 10001;1727;5
26;147;219;906;Piazza San Marco 1, Venice, Italy 30124;Shibuya Crossing 2, Tokyo, Japan 150-0043;3309;4
27;215;206;346;Red Square 1, Moscow, Russia 109012;123 Main Street, New York, NY 10001;2573;2
28;403;49;20;333 River Road, Seattle, WA 98101;555 Mountain Street, Washington, DC 20001;1250;5
29;173;651;258;456 Oak Avenue, Los Angeles, CA 90001;Red Square 1, Moscow, Russia 109012;1802;2
30;189;930;308;123 Main Street, New York, NY 10001;Forbidden City 4, Beijing, China 100006;1475;2
31;420;733;37;Brandenburger Tor 1, Berlin, Germany 10117;246 Spruce Road, Dallas, TX 75201;3301;4
32;702;787;338;Taj Mahal, Agra, India 282001;Champs-Élysées 75, Paris, France 75008;1022;2
33;982;983;822;321 Elm Boulevard, Houston, TX 77001;Taj Mahal, Agra, India 282001;1712;2
34;767;148;33;Copacabana Beach 100, Rio de Janeiro, Brazil 22070-011;987 Cedar Lane, Philadelphia, PA 19101;3084;5
35;393;597;165;Champs-Élysées 75, Paris, France 75008;Sagrada Família 401, Barcelona, Spain 08013;4769;5
36;149;184;976;Piazza San Marco 1, Venice, Italy 30124;Brandenburger Tor 1, Berlin, Germany 10117;4769;4
37;240;882;157;333 River Road, Seattle, WA 98101;Gyeongbokgung Palace 161, Seoul, South Korea 03045;1274;3
38;435;177;543;Copacabana Beach 100, Rio de Janeiro, Brazil 22070-011;Red Square 1, Moscow, Russia 109012;2432;3
39;181;549;386;Gyeongbokgung Palace 161, Seoul, South Korea 03045;Champs-Élysées 75, Paris, France 75008;2884;2
40;842;852;189;864 Palm Drive, San Jose, CA 95101;Brandenburger Tor 1, Berlin, Germany 10117;4292;5
41;538;756;280;Forbidden City 4, Beijing, China 100006;Forbidden City 4, Beijing, China 100006;1455;2
42;196;686;440;222 Park Avenue, Boston, MA 02101;321 Elm Boulevard, Houston, TX 77001;2021;4
43;384;815;852;Champs-Élysées 75, Paris, France 75008;654 Maple Drive, Phoenix, AZ 85001;3424;3
44;573;921;598;Sydney Opera House, Sydney, Australia 2000;444 Lake View, Denver, CO 80201;3953;5
45;324;391;633;321 Elm Boulevard, Houston, TX 77001;Sagrada Família 401, Barcelona, Spain 08013;3189;2
46;286;619;201;222 Park Avenue, Boston, MA 02101;222 Park Avenue, Boston, MA 02101;1603;3
47;36;724;638;123 Main Street, New York, NY 10001;Copacabana Beach 100, Rio de Janeiro, Brazil 22070-011;3438;2
48;177;993;997;Forbidden City 4, Beijing, China 100006;456 Oak Avenue, Los Angeles, CA 90001;4258;5
49;961;137;612;Burj Khalifa 1, Dubai, UAE;Table Mountain Rd, Cape Town, South Africa 8001;4598;5
50;547;234;883;789 Pine Road, Chicago, IL 60601;444 Lake View, Denver, CO 80201;3381;4
51;983;19;270;753 Willow Avenue, San Diego, CA 92101;Sagrada Família 401, Barcelona, Spain 08013;1056;5
52;754;345;481;864 Palm Drive, San Jose, CA 95101;654 Maple Drive, Phoenix, AZ 85001;2668;2
53;730;334;791;246 Spruce Road, Dallas, TX 75201;Sagrada Família 401, Barcelona, Spain 08013;2384;5
54;526;898;158;222 Park Avenue, Boston, MA 02101;Sydney Opera House, Sydney, Australia 2000;1925;4
55;166;710;30;Champs-Élysées 75, Paris, France 75008;CN Tower 301, Toronto, Canada M5V 2T6;4008;5
56;260;576;946;Shibuya Crossing 2, Tokyo, Japan 150-0043;333 River Road, Seattle, WA 98101;4044;5
57;528;312;826;222 Park Avenue, Boston, MA 02101;Burj Khalifa 1, Dubai, UAE;1882;3
58;758;965;792;CN Tower 301, Toronto, Canada M5V 2T6;753 Willow Avenue, San Diego, CA 92101;4081;5
59;430;642;856;789 Pine Road, Chicago, IL 60601;Sydney Opera House, Sydney, Australia 2000;4704;3
60;229;47;890;123 Main Street, New York, NY 10001;666 Ocean Avenue, Miami, FL 33101;1532;4
61;630;961;5;159 Birch Street, San Antonio, TX 78201;CN Tower 301, Toronto, Canada M5V 2T6;1954;3
62;477;933;343;Gyeongbokgung Palace 161, Seoul, South Korea 03045;Sydney Opera House, Sydney, Australia 2000;1222;5
63;334;402;953;Sagrada Família 401, Barcelona, Spain 08013;555 Mountain Street, Washington, DC 20001;2171;4
64;302;183;298;654 Maple Drive, Phoenix, AZ 85001;321 Elm Boulevard, Houston, TX 77001;1506;5
65;784;415;999;864 Palm Drive, San Jose, CA 95101;Red Square 1, Moscow, Russia 109012;4147;3
66;576;221;80;321 Elm Boulevard, Houston, TX 77001;864 Palm Drive, San Jose, CA 95101;2387;4
67;995;139;94;Table Mountain Rd, Cape Town, South Africa 8001;444 Lake View, Denver, CO 80201;2649;3
68;721;519;341;222 Park Avenue, Boston, MA 02101;Table Mountain Rd, Cape Town, South Africa 8001;2393;5
69;745;99;379;753 Willow Avenue, San Diego, CA 92101;654 Maple Drive, Phoenix, AZ 85001;2200;5
70;371;922;837;333 River Road, Seattle, WA 98101;Marina Bay Sands 10, Singapore 018956;2381;4
71;345;610;841;Taj Mahal, Agra, India 282001;CN Tower 301, Toronto, Canada M5V 2T6;1423;4
72;446;250;93;Forbidden City 4, Beijing, China 100006;987 Cedar Lane, Philadelphia, PA 19101;3992;3
73;381;763;978;Piazza San Marco 1, Venice, Italy 30124;321 Elm Boulevard, Houston, TX 77001;4512;2
74;215;567;477;Shibuya Crossing 2, Tokyo, Japan 150-0043;Piazza San Marco 1, Venice, Italy 30124;4717;4
75;141;977;691;222 Park Avenue, Boston, MA 02101;987 Cedar Lane, Philadelphia, PA 19101;2873;2
76;217;128;435;Table Mountain Rd, Cape Town, South Africa 8001;321 Elm Boulevard, Houston, TX 77001;2644;2
77;606;125;187;Table Mountain Rd, Cape Town, South Africa 8001;333 River Road, Seattle, WA 98101;1565;2
78;798;887;756;Copacabana Beach 100, Rio de Janeiro, Brazil 22070-011;Copacabana Beach 100, Rio de Janeiro, Brazil 22070-011;1629;2
79;864;375;198;987 Cedar Lane, Philadelphia, PA 19101;Piazza San Marco 1, Venice, Italy 30124;2823;4
80;874;182;269;555 Mountain Street, Washington, DC 20001;222 Park Avenue, Boston, MA 02101;3657;2
81;922;159;299;864 Palm Drive, San Jose, CA 95101;987 Cedar Lane, Philadelphia, PA 19101;3851;2
82;725;462;339;987 Cedar Lane, Philadelphia, PA 19101;Burj Khalifa 1, Dubai, UAE;2656;5
83;432;719;327;Gyeongbokgung Palace 161, Seoul, South Korea 03045;123 Main Street, New York, NY 10001;4592;3
84;562;625;478;Table Mountain Rd, Cape Town, South Africa 8001;666 Ocean Avenue, Miami, FL 33101;1936;2
85;180;485;476;333 River Road, Seattle, WA 98101;Copacabana Beach 100, Rio de Janeiro, Brazil 22070-011;2548;2
86;226;898;237;789 Pine Road, Chicago, IL 60601;Burj Khalifa 1, Dubai, UAE;3265;3
87;310;290;459;Shibuya Crossing 2, Tokyo, Japan 150-0043;333 River Road, Seattle, WA 98101;2452;3
88;339;162;398;456 Oak Avenue, Los Angeles, CA 90001;Shibuya Crossing 2, Tokyo, Japan 150-0043;4482;2
89;268;211;703;Sagrada Família 401, Barcelona, Spain 08013;864 Palm Drive, San Jose, CA 95101;4176;2
90;660;694;927;333 River Road, Seattle, WA 98101;Gyeongbokgung Palace 161, Seoul, South Korea 03045;4375;2
91;619;964;949;864 Palm Drive, San Jose, CA 95101;123 Main Street, New York, NY 10001;1737;5
92;498;222;846;666 Ocean Avenue, Miami, FL 33101;987 Cedar Lane, Philadelphia, PA 19101;3950;3
93;608;905;480;789 Pine Road, Chicago, IL 60601;Piazza San Marco 1, Venice, Italy 30124;2468;5
94;337;591;863;Brandenburger Tor 1, Berlin, Germany 10117;CN Tower 301, Toronto, Canada M5V 2T6;3051;4
95;739;677;9;987 Cedar Lane, Philadelphia, PA 19101;246 Spruce Road, Dallas, TX 75201;2428;3
96;385;856;760;Forbidden City 4, Beijing, China 100006;Red Square 1, Moscow, Russia 109012;1395;2
97;279;988;680;789 Pine Road, Chicago, IL 60601;666 Ocean Avenue, Miami, FL 33101;3770;2
98;900;80;652;654 Maple Drive, Phoenix, AZ 85001;Marina Bay Sands 10, Singapore 018956;3920;5
99;572;284;995;Forbidden City 4, Beijing, China 100006;Piazza San Marco 1, Venice, Italy 30124;1370;2
100;970;938;423;654 Maple Drive, Phoenix, AZ 85001;555 Mountain Street, Washington, DC 20001;1436;5
101;12;997;223;321 Elm Boulevard, Houston, TX 77001;864 Palm Drive, San Jose, CA 95101;4945;2
102;751;204;519;Taj Mahal, Agra, India 282001;321 Elm Boulevard, Houston, TX 77001;3484;3
103;614;644;892;Forbidden City 4, Beijing, China 100006;Gyeongbokgung Palace 161, Seoul, South Korea 03045;4518;5
104;588;737;434;Table Mountain Rd, Cape Town, South Africa 8001;654 Maple Drive, Phoenix, AZ 85001;3521;4
105;118;964;252;Taj Mahal, Agra, India 282001;CN Tower 301, Toronto, Canada M5V 2T6;4127;2
106;792;491;607;Gyeongbokgung Palace 161, Seoul, South Korea 03045;789 Pine Road, Chicago, IL 60601;4100;2
107;655;626;228;456 Oak Avenue, Los Angeles, CA 90001;Sagrada Família 401, Barcelona, Spain 08013;2602;3
108;341;449;372;Champs-Élysées 75, Paris, France 75008;Sydney Opera House, Sydney, Australia 2000;4071;3
109;910;422;801;Gyeongbokgung Palace 161, Seoul, South Korea 03045;Piazza San Marco 1, Venice, Italy 30124;1193;2
110;5;728;222;666 Ocean Avenue, Miami, FL 33101;Marina Bay Sands 10, Singapore 018956;3748;5
111;707;600;963;Sydney Opera House, Sydney, Australia 2000;Sagrada Família 401, Barcelona, Spain 08013;2584;5
112;720;118;620;159 Birch Street, San Antonio, TX 78201;Sagrada Família 401, Barcelona, Spain 08013;4056;4
113;295;716;698;333 River Road, Seattle, WA 98101;Table Mountain Rd, Cape Town, South Africa 8001;4124;3
114;852;746;323;987 Cedar Lane, Philadelphia, PA 19101;666 Ocean Avenue, Miami, FL 33101;3342;2
115;588;972;907;Gyeongbokgung Palace 161, Seoul, South Korea 03045;123 Main Street, New York, NY 10001;3441;5
116;317;802;824;123 Main Street, New York, NY 10001;666 Ocean Avenue, Miami, FL 33101;3950;4
117;286;17;646;Brandenburger Tor 1, Berlin, Germany 10117;Marina Bay Sands 10, Singapore 018956;2822;4
118;425;679;594;444 Lake View, Denver, CO 80201;Marina Bay Sands 10, Singapore 018956;4780;2
119;319;72;642;123 Main Street, New York, NY 10001;333 River Road, Seattle, WA 98101;3145;3
120;610;843;586;Marina Bay Sands 10, Singapore 018956;Burj Khalifa 1, Dubai, UAE;3017;5
121;78;865;359;Shibuya Crossing 2, Tokyo, Japan 150-0043;444 Lake View, Denver, CO 80201;1320;5
122;287;403;840;555 Mountain Street, Washington, DC 20001;555 Mountain Street, Washington, DC 20001;1997;2
123;53;203;491;246 Spruce Road, Dallas, TX 75201;Taj Mahal, Agra, India 282001;1922;3
124;90;1000;465;Burj Khalifa 1, Dubai, UAE;Piazza San Marco 1, Venice, Italy 30124;3392;3
125;204;162;525;456 Oak Avenue, Los Angeles, CA 90001;Piazza San Marco 1, Venice, Italy 30124;1107;2
126;344;790;872;123 Main Street, New York, NY 10001;444 Lake View, Denver, CO 80201;1775;2
127;259;427;169;159 Birch Street, San Antonio, TX 78201;Piazza San Marco 1, Venice, Italy 30124;2849;4
128;704;895;851;Sagrada Família 401, Barcelona, Spain 08013;222 Park Avenue, Boston, MA 02101;3388;3
129;862;961;429;Sydney Opera House, Sydney, Australia 2000;Copacabana Beach 100, Rio de Janeiro, Brazil 22070-011;2196;3
130;654;10;40;Sagrada Família 401, Barcelona, Spain 08013;123 Main Street, New York, NY 10001;1546;5
131;136;719;336;159 Birch Street, San Antonio, TX 78201;Piazza San Marco 1, Venice, Italy 30124;1832;5
132;252;495;246;123 Main Street, New York, NY 10001;CN Tower 301, Toronto, Canada M5V 2T6;1743;4
133;840;417;855;Champs-Élysées 75, Paris, France 75008;Piazza San Marco 1, Venice, Italy 30124;3146;3
134;850;68;857;321 Elm Boulevard, Houston, TX 77001;Burj Khalifa 1, Dubai, UAE;3508;2
135;879;388;474;Marina Bay Sands 10, Singapore 018956;654 Maple Drive, Phoenix, AZ 85001;3047;3
136;327;794;130;Red Square 1, Moscow, Russia 109012;Gyeongbokgung Palace 161, Seoul, South Korea 03045;3788;2
137;298;288;859;Burj Khalifa 1, Dubai, UAE;Marina Bay Sands 10, Singapore 018956;2083;2
138;429;450;838;987 Cedar Lane, Philadelphia, PA 19101;Taj Mahal, Agra, India 282001;1733;4
139;439;121;751;246 Spruce Road, Dallas, TX 75201;456 Oak Avenue, Los Angeles, CA 90001;3070;3
140;570;945;383;753 Willow Avenue, San Diego, CA 92101;333 River Road, Seattle, WA 98101;2159;5
141;309;499;860;Marina Bay Sands 10, Singapore 018956;789 Pine Road, Chicago, IL 60601;1822;5
142;671;205;931;444 Lake View, Denver, CO 80201;Marina Bay Sands 10, Singapore 018956;3437;4
143;390;380;632;Sagrada Família 401, Barcelona, Spain 08013;Copacabana Beach 100, Rio de Janeiro, Brazil 22070-011;4037;4
144;337;455;470;Gyeongbokgung Palace 161, Seoul, South Korea 03045;Brandenburger Tor 1, Berlin, Germany 10117;2883;2
145;242;181;438;753 Willow Avenue, San Diego, CA 92101;Shibuya Crossing 2, Tokyo, Japan 150-0043;2710;2
146;31;439;933;Marina Bay Sands 10, Singapore 018956;123 Main Street, New York, NY 10001;1816;5
147;49;596;114;123 Main Street, New York, NY 10001;Sagrada Família 401, Barcelona, Spain 08013;1066;3
148;986;200;63;159 Birch Street, San Antonio, TX 78201;Piazza San Marco 1, Venice, Italy 30124;1898;2
149;914;850;335;Gyeongbokgung Palace 161, Seoul, South Korea 03045;321 Elm Boulevard, Houston, TX 77001;1895;3
150;378;721;732;Taj Mahal, Agra, India 282001;Brandenburger Tor 1, Berlin, Germany 10117;1252;3
151;286;213;391;Marina Bay Sands 10, Singapore 018956;Sydney Opera House, Sydney, Australia 2000;2445;5
152;43;551;304;333 River Road, Seattle, WA 98101;Copacabana Beach 100, Rio de Janeiro, Brazil 22070-011;4095;2
153;907;566;845;864 Palm Drive, San Jose, CA 95101;Gyeongbokgung Palace 161, Seoul, South Korea 03045;2140;5
154;170;158;971;456 Oak Avenue, Los Angeles, CA 90001;789 Pine Road, Chicago, IL 60601;2033;4
155;914;531;530;321 Elm Boulevard, Houston, TX 77001;Red Square 1, Moscow, Russia 109012;1544;2
156;223;836;918;246 Spruce Road, Dallas, TX 75201;Burj Khalifa 1, Dubai, UAE;2714;4
157;732;533;387;Sagrada Família 401, Barcelona, Spain 08013;864 Palm Drive, San Jose, CA 95101;2905;3
158;664;634;603;Sydney Opera House, Sydney, Australia 2000;555 Mountain Street, Washington, DC 20001;4875;2
159;966;223;721;555 Mountain Street, Washington, DC 20001;Gyeongbokgung Palace 161, Seoul, South Korea 03045;3279;2
160;153;268;397;Burj Khalifa 1, Dubai, UAE;CN Tower 301, Toronto, Canada M5V 2T6;2171;3
161;282;628;79;Sagrada Família 401, Barcelona, Spain 08013;555 Mountain Street, Washington, DC 20001;2982;5
162;767;927;141;CN Tower 301, Toronto, Canada M5V 2T6;333 River Road, Seattle, WA 98101;1595;4
163;329;586;431;Brandenburger Tor 1, Berlin, Germany 10117;555 Mountain Street, Washington, DC 20001;3210;4
164;229;468;744;Sagrada Família 401, Barcelona, Spain 08013;CN Tower 301, Toronto, Canada M5V 2T6;2870;4
165;520;89;212;Marina Bay Sands 10, Singapore 018956;Piazza San Marco 1, Venice, Italy 30124;1299;5
166;380;452;653;987 Cedar Lane, Philadelphia, PA 19101;Brandenburger Tor 1, Berlin, Germany 10117;4548;2
167;250;535;75;555 Mountain Street, Washington, DC 20001;Shibuya Crossing 2, Tokyo, Japan 150-0043;3003;5
168;161;884;50;753 Willow Avenue, San Diego, CA 92101;Red Square 1, Moscow, Russia 109012;1445;4
169;587;933;540;987 Cedar Lane, Philadelphia, PA 19101;789 Pine Road, Chicago, IL 60601;1259;3
170;804;366;404;789 Pine Road, Chicago, IL 60601;Taj Mahal, Agra, India 282001;3576;4
171;96;557;593;864 Palm Drive, San Jose, CA 95101;555 Mountain Street, Washington, DC 20001;1324;2
172;756;237;99;Marina Bay Sands 10, Singapore 018956;Piazza San Marco 1, Venice, Italy 30124;2158;3
173;765;130;257;789 Pine Road, Chicago, IL 60601;444 Lake View, Denver, CO 80201;1351;2
174;28;649;651;Champs-Élysées 75, Paris, France 75008;789 Pine Road, Chicago, IL 60601;4204;3
175;738;166;314;Red Square 1, Moscow, Russia 109012;789 Pine Road, Chicago, IL 60601;4448;4
176;885;719;930;666 Ocean Avenue, Miami, FL 33101;666 Ocean Avenue, Miami, FL 33101;2073;4
177;886;687;693;246 Spruce Road, Dallas, TX 75201;Shibuya Crossing 2, Tokyo, Japan 150-0043;1517;4
178;604;355;786;Table Mountain Rd, Cape Town, South Africa 8001;456 Oak Avenue, Los Angeles, CA 90001;3496;4
179;990;814;102;Burj Khalifa 1, Dubai, UAE;Sydney Opera House, Sydney, Australia 2000;2443;2
180;758;287;566;864 Palm Drive, San Jose, CA 95101;Brandenburger Tor 1, Berlin, Germany 10117;4425;4
181;80;309;575;753 Willow Avenue, San Diego, CA 92101;753 Willow Avenue, San Diego, CA 92101;2764;3
182;986;873;785;Shibuya Crossing 2, Tokyo, Japan 150-0043;Piazza San Marco 1, Venice, Italy 30124;1695;4
183;390;376;92;Marina Bay Sands 10, Singapore 018956;Sydney Opera House, Sydney, Australia 2000;1274;2
184;858;335;180;Sydney Opera House, Sydney, Australia 2000;Table Mountain Rd, Cape Town, South Africa 8001;2126;3
185;736;262;821;Champs-Élysées 75, Paris, France 75008;666 Ocean Avenue, Miami, FL 33101;1106;5
186;935;656;945;Forbidden City 4, Beijing, China 100006;222 Park Avenue, Boston, MA 02101;3503;4
187;449;190;750;CN Tower 301, Toronto, Canada M5V 2T6;321 Elm Boulevard, Houston, TX 77001;4764;2
188;96;303;103;Sagrada Família 401, Barcelona, Spain 08013;Marina Bay Sands 10, Singapore 018956;3863;5
189;119;832;553;Piazza San Marco 1, Venice, Italy 30124;Copacabana Beach 100, Rio de Janeiro, Brazil 22070-011;4531;5
190;894;370;310;Piazza San Marco 1, Venice, Italy 30124;654 Maple Drive, Phoenix, AZ 85001;1466;3
191;541;407;665;753 Willow Avenue, San Diego, CA 92101;555 Mountain Street, Washington, DC 20001;3937;4
192;495;325;700;Copacabana Beach 100, Rio de Janeiro, Brazil 22070-011;222 Park Avenue, Boston, MA 02101;4556;2
193;620;646;461;159 Birch Street, San Antonio, TX 78201;Sydney Opera House, Sydney, Australia 2000;4712;4
194;491;202;292;987 Cedar Lane, Philadelphia, PA 19101;456 Oak Avenue, Los Angeles, CA 90001;2778;5
195;85;682;988;Marina Bay Sands 10, Singapore 018956;654 Maple Drive, Phoenix, AZ 85001;2340;2
196;655;851;850;Shibuya Crossing 2, Tokyo, Japan 150-0043;Copacabana Beach 100, Rio de Janeiro, Brazil 22070-011;1680;5
197;114;678;922;Brandenburger Tor 1, Berlin, Germany 10117;456 Oak Avenue, Los Angeles, CA 90001;3462;4
198;808;384;104;Sagrada Família 401, Barcelona, Spain 08013;753 Willow Avenue, San Diego, CA 92101;1719;3
199;941;772;820;Forbidden City 4, Beijing, China 100006;Champs-Élysées 75, Paris, France 75008;2048;4
200;196;635;209;Brandenburger Tor 1, Berlin, Germany 10117;Red Square 1, Moscow, Russia 109012;2884;4
201;524;834;59;123 Main Street, New York, NY 10001;CN Tower 301, Toronto, Canada M5V 2T6;4285;4
202;764;40;800;Marina Bay Sands 10, Singapore 018956;Table Mountain Rd, Cape Town, South Africa 8001;2815;4
203;845;55;771;654 Maple Drive, Phoenix, AZ 85001;Shibuya Crossing 2, Tokyo, Japan 150-0043;4837;3
204;826;740;312;654 Maple Drive, Phoenix, AZ 85001;Burj Khalifa 1, Dubai, UAE;1667;3
205;261;812;318;Sagrada Família 401, Barcelona, Spain 08013;654 Maple Drive, Phoenix, AZ 85001;3893;4
206;785;799;541;246 Spruce Road, Dallas, TX 75201;159 Birch Street, San Antonio, TX 78201;1317;2
207;195;168;935;Burj Khalifa 1, Dubai, UAE;654 Maple Drive, Phoenix, AZ 85001;2416;4
208;894;578;60;789 Pine Road, Chicago, IL 60601;159 Birch Street, San Antonio, TX 78201;3546;5
209;510;69;644;Table Mountain Rd, Cape Town, South Africa 8001;123 Main Street, New York, NY 10001;1802;5
210;464;845;348;Gyeongbokgung Palace 161, Seoul, South Korea 03045;333 River Road, Seattle, WA 98101;4341;4
211;919;871;871;222 Park Avenue, Boston, MA 02101;Sydney Opera House, Sydney, Australia 2000;3707;3
212;544;332;285;Red Square 1, Moscow, Russia 109012;Marina Bay Sands 10, Singapore 018956;4326;5
213;635;540;55;Gyeongbokgung Palace 161, Seoul, South Korea 03045;Gyeongbokgung Palace 161, Seoul, South Korea 03045;3400;2
214;385;419;409;753 Willow Avenue, San Diego, CA 92101;Table Mountain Rd, Cape Town, South Africa 8001;3468;5
215;334;731;417;789 Pine Road, Chicago, IL 60601;222 Park Avenue, Boston, MA 02101;1863;3
216;909;260;707;456 Oak Avenue, Los Angeles, CA 90001;Piazza San Marco 1, Venice, Italy 30124;1560;4
217;15;832;621;Copacabana Beach 100, Rio de Janeiro, Brazil 22070-011;246 Spruce Road, Dallas, TX 75201;2609;2
218;214;468;34;CN Tower 301, Toronto, Canada M5V 2T6;Champs-Élysées 75, Paris, France 75008;4789;5
219;735;845;702;Taj Mahal, Agra, India 282001;753 Willow Avenue, San Diego, CA 92101;3615;3
220;796;903;380;666 Ocean Avenue, Miami, FL 33101;Forbidden City 4, Beijing, China 100006;3938;5
221;904;62;405;Table Mountain Rd, Cape Town, South Africa 8001;444 Lake View, Denver, CO 80201;2836;5
222;188;528;241;Taj Mahal, Agra, India 282001;Shibuya Crossing 2, Tokyo, Japan 150-0043;3913;4
223;363;643;940;864 Palm Drive, San Jose, CA 95101;Piazza San Marco 1, Venice, Italy 30124;4553;4
224;430;752;202;Red Square 1, Moscow, Russia 109012;555 Mountain Street, Washington, DC 20001;2044;5
225;631;470;210;666 Ocean Avenue, Miami, FL 33101;Burj Khalifa 1, Dubai, UAE;1069;5
226;653;491;65;CN Tower 301, Toronto, Canada M5V 2T6;Champs-Élysées 75, Paris, France 75008;1125;3
227;850;714;537;456 Oak Avenue, Los Angeles, CA 90001;123 Main Street, New York, NY 10001;2980;5
228;55;997;842;Forbidden City 4, Beijing, China 100006;666 Ocean Avenue, Miami, FL 33101;2325;5
229;951;494;515;666 Ocean Avenue, Miami, FL 33101;Marina Bay Sands 10, Singapore 018956;2898;2
230;928;462;376;Taj Mahal, Agra, India 282001;246 Spruce Road, Dallas, TX 75201;2247;4
231;858;541;677;Forbidden City 4, Beijing, China 100006;333 River Road, Seattle, WA 98101;2998;4
232;375;31;831;Sydney Opera House, Sydney, Australia 2000;Copacabana Beach 100, Rio de Janeiro, Brazil 22070-011;3073;4
233;369;504;562;444 Lake View, Denver, CO 80201;Champs-Élysées 75, Paris, France 75008;4143;2
234;91;156;41;159 Birch Street, San Antonio, TX 78201;789 Pine Road, Chicago, IL 60601;4843;4
235;633;965;938;123 Main Street, New York, NY 10001;456 Oak Avenue, Los Angeles, CA 90001;3656;2
236;900;353;731;Shibuya Crossing 2, Tokyo, Japan 150-0043;123 Main Street, New York, NY 10001;2232;4
237;816;356;381;333 River Road, Seattle, WA 98101;666 Ocean Avenue, Miami, FL 33101;4788;5
238;870;427;219;Sydney Opera House, Sydney, Australia 2000;Burj Khalifa 1, Dubai, UAE;3785;5
239;389;873;112;Gyeongbokgung Palace 161, Seoul, South Korea 03045;Red Square 1, Moscow, Russia 109012;4015;5
240;937;893;832;Taj Mahal, Agra, India 282001;Copacabana Beach 100, Rio de Janeiro, Brazil 22070-011;2587;3
241;863;883;214;159 Birch Street, San Antonio, TX 78201;Shibuya Crossing 2, Tokyo, Japan 150-0043;4199;5
242;308;677;317;222 Park Avenue, Boston, MA 02101;555 Mountain Street, Washington, DC 20001;2505;5
243;461;927;937;864 Palm Drive, San Jose, CA 95101;Taj Mahal, Agra, India 282001;4907;5
244;336;837;309;333 River Road, Seattle, WA 98101;Sydney Opera House, Sydney, Australia 2000;4529;2
245;571;415;920;246 Spruce Road, Dallas, TX 75201;Copacabana Beach 100, Rio de Janeiro, Brazil 22070-011;4698;4
246;598;809;91;CN Tower 301, Toronto, Canada M5V 2T6;864 Palm Drive, San Jose, CA 95101;3329;2
247;872;806;290;555 Mountain Street, Washington, DC 20001;456 Oak Avenue, Los Angeles, CA 90001;3667;2
248;227;574;90;864 Palm Drive, San Jose, CA 95101;Forbidden City 4, Beijing, China 100006;2688;3
249;48;337;551;246 Spruce Road, Dallas, TX 75201;864 Palm Drive, San Jose, CA 95101;3573;4
250;248;645;798;Sydney Opera House, Sydney, Australia 2000;456 Oak Avenue, Los Angeles, CA 90001;2493;5
251;946;679;342;456 Oak Avenue, Los Angeles, CA 90001;654 Maple Drive, Phoenix, AZ 85001;3922;4
252;628;209;655;CN Tower 301, Toronto, Canada M5V 2T6;864 Palm Drive, San Jose, CA 95101;3334;2
253;953;893;900;Piazza San Marco 1, Venice, Italy 30124;864 Palm Drive, San Jose, CA 95101;1504;2
254;744;550;316;Gyeongbokgung Palace 161, Seoul, South Korea 03045;321 Elm Boulevard, Houston, TX 77001;2668;5
255;183;26;249;444 Lake View, Denver, CO 80201;Red Square 1, Moscow, Russia 109012;3313;4
256;949;484;624;Brandenburger Tor 1, Berlin, Germany 10117;753 Willow Avenue, San Diego, CA 92101;3664;4
257;225;639;973;444 Lake View, Denver, CO 80201;222 Park Avenue, Boston, MA 02101;4282;2
258;828;735;741;Marina Bay Sands 10, Singapore 018956;Sagrada Família 401, Barcelona, Spain 08013;3909;3
259;98;590;542;Shibuya Crossing 2, Tokyo, Japan 150-0043;222 Park Avenue, Boston, MA 02101;4264;2
260;50;548;516;333 River Road, Seattle, WA 98101;Champs-Élysées 75, Paris, France 75008;4422;3
261;9;767;788;Forbidden City 4, Beijing, China 100006;Gyeongbokgung Palace 161, Seoul, South Korea 03045;3085;3
262;491;588;746;Forbidden City 4, Beijing, China 100006;159 Birch Street, San Antonio, TX 78201;1053;5
263;116;288;779;Burj Khalifa 1, Dubai, UAE;753 Willow Avenue, San Diego, CA 92101;3762;2
264;580;421;504;123 Main Street, New York, NY 10001;555 Mountain Street, Washington, DC 20001;1014;5
265;373;301;796;753 Willow Avenue, San Diego, CA 92101;Sydney Opera House, Sydney, Australia 2000;4421;4
266;51;729;281;Red Square 1, Moscow, Russia 109012;444 Lake View, Denver, CO 80201;3843;5
267;886;386;671;456 Oak Avenue, Los Angeles, CA 90001;Sydney Opera House, Sydney, Australia 2000;1381;4
268;157;36;436;222 Park Avenue, Boston, MA 02101;987 Cedar Lane, Philadelphia, PA 19101;4810;3
269;543;166;18;444 Lake View, Denver, CO 80201;Shibuya Crossing 2, Tokyo, Japan 150-0043;2100;2
270;65;333;469;Forbidden City 4, Beijing, China 100006;Marina Bay Sands 10, Singapore 018956;1348;3
271;450;500;49;555 Mountain Street, Washington, DC 20001;321 Elm Boulevard, Houston, TX 77001;4355;2
272;573;283;331;Table Mountain Rd, Cape Town, South Africa 8001;123 Main Street, New York, NY 10001;3484;4
273;124;167;658;123 Main Street, New York, NY 10001;Shibuya Crossing 2, Tokyo, Japan 150-0043;1036;5
274;676;254;605;222 Park Avenue, Boston, MA 02101;Table Mountain Rd, Cape Town, South Africa 8001;1703;2
275;483;465;393;Sydney Opera House, Sydney, Australia 2000;Brandenburger Tor 1, Berlin, Germany 10117;1856;4
276;566;773;597;864 Palm Drive, San Jose, CA 95101;654 Maple Drive, Phoenix, AZ 85001;3878;2
277;497;542;449;Shibuya Crossing 2, Tokyo, Japan 150-0043;444 Lake View, Denver, CO 80201;3498;3
278;925;804;289;864 Palm Drive, San Jose, CA 95101;666 Ocean Avenue, Miami, FL 33101;1630;5
279;910;803;778;Sagrada Família 401, Barcelona, Spain 08013;753 Willow Avenue, San Diego, CA 92101;4792;2
280;192;585;375;Sagrada Família 401, Barcelona, Spain 08013;CN Tower 301, Toronto, Canada M5V 2T6;3737;5
281;86;317;172;159 Birch Street, San Antonio, TX 78201;987 Cedar Lane, Philadelphia, PA 19101;1893;4
282;13;543;53;444 Lake View, Denver, CO 80201;Champs-Élysées 75, Paris, France 75008;4290;2
283;406;947;96;Gyeongbokgung Palace 161, Seoul, South Korea 03045;CN Tower 301, Toronto, Canada M5V 2T6;1054;4
284;279;887;514;Taj Mahal, Agra, India 282001;159 Birch Street, San Antonio, TX 78201;2375;3
285;280;570;97;Brandenburger Tor 1, Berlin, Germany 10117;456 Oak Avenue, Los Angeles, CA 90001;1957;4
286;606;162;490;321 Elm Boulevard, Houston, TX 77001;Copacabana Beach 100, Rio de Janeiro, Brazil 22070-011;4606;4
287;455;979;569;Shibuya Crossing 2, Tokyo, Japan 150-0043;123 Main Street, New York, NY 10001;3012;4
288;595;14;287;Shibuya Crossing 2, Tokyo, Japan 150-0043;444 Lake View, Denver, CO 80201;2820;2
289;916;691;827;CN Tower 301, Toronto, Canada M5V 2T6;753 Willow Avenue, San Diego, CA 92101;2080;4
290;450;166;882;Forbidden City 4, Beijing, China 100006;555 Mountain Street, Washington, DC 20001;3483;4
291;254;637;617;Marina Bay Sands 10, Singapore 018956;864 Palm Drive, San Jose, CA 95101;1021;5
292;933;805;847;753 Willow Avenue, San Diego, CA 92101;789 Pine Road, Chicago, IL 60601;3013;5
293;818;900;388;Burj Khalifa 1, Dubai, UAE;444 Lake View, Denver, CO 80201;4877;2
294;660;794;914;Forbidden City 4, Beijing, China 100006;Table Mountain Rd, Cape Town, South Africa 8001;1746;4
295;382;278;69;Marina Bay Sands 10, Singapore 018956;333 River Road, Seattle, WA 98101;3324;2
296;772;730;411;Shibuya Crossing 2, Tokyo, Japan 150-0043;Shibuya Crossing 2, Tokyo, Japan 150-0043;1074;5
297;286;542;245;Sagrada Família 401, Barcelona, Spain 08013;444 Lake View, Denver, CO 80201;1802;3
298;930;685;494;Gyeongbokgung Palace 161, Seoul, South Korea 03045;Copacabana Beach 100, Rio de Janeiro, Brazil 22070-011;1517;2
299;416;823;578;159 Birch Street, San Antonio, TX 78201;Sydney Opera House, Sydney, Australia 2000;1422;5
300;214;949;196;666 Ocean Avenue, Miami, FL 33101;654 Maple Drive, Phoenix, AZ 85001;4324;4
301;643;707;483;444 Lake View, Denver, CO 80201;654 Maple Drive, Phoenix, AZ 85001;4511;3
302;552;928;706;753 Willow Avenue, San Diego, CA 92101;222 Park Avenue, Boston, MA 02101;2334;3
303;576;392;776;321 Elm Boulevard, Houston, TX 77001;Copacabana Beach 100, Rio de Janeiro, Brazil 22070-011;2323;2
304;675;816;509;654 Maple Drive, Phoenix, AZ 85001;Sydney Opera House, Sydney, Australia 2000;2027;2
305;992;529;137;987 Cedar Lane, Philadelphia, PA 19101;123 Main Street, New York, NY 10001;4028;3
306;497;921;724;333 River Road, Seattle, WA 98101;Table Mountain Rd, Cape Town, South Africa 8001;1612;2
307;988;829;184;Table Mountain Rd, Cape Town, South Africa 8001;Copacabana Beach 100, Rio de Janeiro, Brazil 22070-011;1768;3
308;30;904;623;Brandenburger Tor 1, Berlin, Germany 10117;Piazza San Marco 1, Venice, Italy 30124;2467;3
309;437;486;2;Forbidden City 4, Beijing, China 100006;Marina Bay Sands 10, Singapore 018956;3020;3
310;69;371;4;222 Park Avenue, Boston, MA 02101;987 Cedar Lane, Philadelphia, PA 19101;2606;5
311;610;207;829;Marina Bay Sands 10, Singapore 018956;Forbidden City 4, Beijing, China 100006;4127;3
312;111;232;641;333 River Road, Seattle, WA 98101;Table Mountain Rd, Cape Town, South Africa 8001;1399;3
313;558;726;637;Table Mountain Rd, Cape Town, South Africa 8001;789 Pine Road, Chicago, IL 60601;2086;5
314;295;241;876;444 Lake View, Denver, CO 80201;666 Ocean Avenue, Miami, FL 33101;2990;3
315;407;685;428;321 Elm Boulevard, Houston, TX 77001;789 Pine Road, Chicago, IL 60601;4463;5
316;270;789;649;222 Park Avenue, Boston, MA 02101;864 Palm Drive, San Jose, CA 95101;1169;2
317;132;24;439;Brandenburger Tor 1, Berlin, Germany 10117;Sydney Opera House, Sydney, Australia 2000;3437;5
318;39;500;790;456 Oak Avenue, Los Angeles, CA 90001;864 Palm Drive, San Jose, CA 95101;1992;4
319;958;281;399;789 Pine Road, Chicago, IL 60601;555 Mountain Street, Washington, DC 20001;4366;2
320;706;578;413;Red Square 1, Moscow, Russia 109012;Sagrada Família 401, Barcelona, Spain 08013;2936;3
321;509;156;295;CN Tower 301, Toronto, Canada M5V 2T6;333 River Road, Seattle, WA 98101;4997;2
322;48;990;947;987 Cedar Lane, Philadelphia, PA 19101;123 Main Street, New York, NY 10001;1574;2
323;12;279;730;Champs-Élysées 75, Paris, France 75008;456 Oak Avenue, Los Angeles, CA 90001;2346;4
324;764;661;21;Forbidden City 4, Beijing, China 100006;864 Palm Drive, San Jose, CA 95101;3730;3
325;931;208;432;Table Mountain Rd, Cape Town, South Africa 8001;864 Palm Drive, San Jose, CA 95101;4765;5
326;396;530;643;Piazza San Marco 1, Venice, Italy 30124;864 Palm Drive, San Jose, CA 95101;1555;2
327;861;174;862;Gyeongbokgung Palace 161, Seoul, South Korea 03045;753 Willow Avenue, San Diego, CA 92101;1179;5
328;248;296;367;Copacabana Beach 100, Rio de Janeiro, Brazil 22070-011;Marina Bay Sands 10, Singapore 018956;2078;2
329;508;792;167;444 Lake View, Denver, CO 80201;Taj Mahal, Agra, India 282001;3562;5
330;448;606;584;Red Square 1, Moscow, Russia 109012;123 Main Street, New York, NY 10001;3952;2
331;870;77;753;Shibuya Crossing 2, Tokyo, Japan 150-0043;753 Willow Avenue, San Diego, CA 92101;3347;3
332;690;393;466;Marina Bay Sands 10, Singapore 018956;Piazza San Marco 1, Venice, Italy 30124;3046;2
333;261;944;717;123 Main Street, New York, NY 10001;222 Park Avenue, Boston, MA 02101;2924;3
334;39;1;834;123 Main Street, New York, NY 10001;Burj Khalifa 1, Dubai, UAE;1383;3
335;506;651;561;Sagrada Família 401, Barcelona, Spain 08013;Sydney Opera House, Sydney, Australia 2000;2256;3
336;140;245;392;333 River Road, Seattle, WA 98101;555 Mountain Street, Washington, DC 20001;1878;4
337;305;675;666;Marina Bay Sands 10, Singapore 018956;789 Pine Road, Chicago, IL 60601;3363;2
338;699;870;45;Champs-Élysées 75, Paris, France 75008;Champs-Élysées 75, Paris, France 75008;2466;4
339;267;542;812;Copacabana Beach 100, Rio de Janeiro, Brazil 22070-011;Sydney Opera House, Sydney, Australia 2000;3043;5
340;867;561;795;Copacabana Beach 100, Rio de Janeiro, Brazil 22070-011;123 Main Street, New York, NY 10001;3495;3
341;581;954;990;Burj Khalifa 1, Dubai, UAE;246 Spruce Road, Dallas, TX 75201;2909;3
342;481;428;934;CN Tower 301, Toronto, Canada M5V 2T6;444 Lake View, Denver, CO 80201;2059;2
343;408;997;830;222 Park Avenue, Boston, MA 02101;Gyeongbokgung Palace 161, Seoul, South Korea 03045;2250;2
344;993;924;725;Copacabana Beach 100, Rio de Janeiro, Brazil 22070-011;666 Ocean Avenue, Miami, FL 33101;4647;4
345;992;15;994;987 Cedar Lane, Philadelphia, PA 19101;123 Main Street, New York, NY 10001;4088;2
346;620;616;924;Copacabana Beach 100, Rio de Janeiro, Brazil 22070-011;CN Tower 301, Toronto, Canada M5V 2T6;4749;4
347;897;142;351;159 Birch Street, San Antonio, TX 78201;Sydney Opera House, Sydney, Australia 2000;1058;3
348;32;312;526;444 Lake View, Denver, CO 80201;Copacabana Beach 100, Rio de Janeiro, Brazil 22070-011;3940;5
349;16;632;969;789 Pine Road, Chicago, IL 60601;321 Elm Boulevard, Houston, TX 77001;3121;4
350;590;935;591;Red Square 1, Moscow, Russia 109012;Table Mountain Rd, Cape Town, South Africa 8001;1620;5
351;746;530;787;222 Park Avenue, Boston, MA 02101;Forbidden City 4, Beijing, China 100006;4943;5
352;446;549;957;Forbidden City 4, Beijing, China 100006;Red Square 1, Moscow, Russia 109012;2135;3
353;164;366;38;Forbidden City 4, Beijing, China 100006;159 Birch Street, San Antonio, TX 78201;1543;5
354;711;34;450;666 Ocean Avenue, Miami, FL 33101;987 Cedar Lane, Philadelphia, PA 19101;3216;3
355;677;676;974;444 Lake View, Denver, CO 80201;Gyeongbokgung Palace 161, Seoul, South Korea 03045;1521;4
356;995;381;983;987 Cedar Lane, Philadelphia, PA 19101;Sagrada Família 401, Barcelona, Spain 08013;3734;2
357;501;684;301;666 Ocean Avenue, Miami, FL 33101;321 Elm Boulevard, Houston, TX 77001;3710;5
358;103;488;660;Brandenburger Tor 1, Berlin, Germany 10117;Brandenburger Tor 1, Berlin, Germany 10117;3014;2
359;115;223;629;159 Birch Street, San Antonio, TX 78201;Taj Mahal, Agra, India 282001;4775;2
360;655;970;959;Copacabana Beach 100, Rio de Janeiro, Brazil 22070-011;Shibuya Crossing 2, Tokyo, Japan 150-0043;4158;5
361;953;51;942;333 River Road, Seattle, WA 98101;444 Lake View, Denver, CO 80201;3646;3
362;753;352;475;Forbidden City 4, Beijing, China 100006;654 Maple Drive, Phoenix, AZ 85001;3589;2
363;912;590;221;159 Birch Street, San Antonio, TX 78201;333 River Road, Seattle, WA 98101;2833;3
364;645;211;712;159 Birch Street, San Antonio, TX 78201;321 Elm Boulevard, Houston, TX 77001;2764;4
365;992;494;873;321 Elm Boulevard, Houston, TX 77001;Taj Mahal, Agra, India 282001;2505;2
366;772;435;215;Shibuya Crossing 2, Tokyo, Japan 150-0043;666 Ocean Avenue, Miami, FL 33101;4291;5
367;180;359;613;CN Tower 301, Toronto, Canada M5V 2T6;654 Maple Drive, Phoenix, AZ 85001;4391;4
368;363;529;823;444 Lake View, Denver, CO 80201;Burj Khalifa 1, Dubai, UAE;3478;4
369;501;912;414;Copacabana Beach 100, Rio de Janeiro, Brazil 22070-011;Forbidden City 4, Beijing, China 100006;3697;2
370;162;474;804;Taj Mahal, Agra, India 282001;Table Mountain Rd, Cape Town, South Africa 8001;4186;5
371;684;36;943;CN Tower 301, Toronto, Canada M5V 2T6;Champs-Élysées 75, Paris, France 75008;2403;5
372;476;36;964;753 Willow Avenue, San Diego, CA 92101;Shibuya Crossing 2, Tokyo, Japan 150-0043;2179;4
373;490;451;928;123 Main Street, New York, NY 10001;Marina Bay Sands 10, Singapore 018956;2627;3
374;397;855;858;Brandenburger Tor 1, Berlin, Germany 10117;Burj Khalifa 1, Dubai, UAE;4996;3
375;795;848;885;159 Birch Street, San Antonio, TX 78201;Taj Mahal, Agra, India 282001;3691;2
376;380;716;878;Sagrada Família 401, Barcelona, Spain 08013;456 Oak Avenue, Los Angeles, CA 90001;3135;4
377;318;347;600;321 Elm Boulevard, Houston, TX 77001;Sagrada Família 401, Barcelona, Spain 08013;3163;3
378;97;741;510;Gyeongbokgung Palace 161, Seoul, South Korea 03045;Sagrada Família 401, Barcelona, Spain 08013;3994;2
379;777;477;116;555 Mountain Street, Washington, DC 20001;Red Square 1, Moscow, Russia 109012;3418;2
380;235;172;472;555 Mountain Street, Washington, DC 20001;Sydney Opera House, Sydney, Australia 2000;1483;4
381;433;76;511;Table Mountain Rd, Cape Town, South Africa 8001;Burj Khalifa 1, Dubai, UAE;2651;4
382;657;21;722;Burj Khalifa 1, Dubai, UAE;654 Maple Drive, Phoenix, AZ 85001;4721;5
383;45;310;129;321 Elm Boulevard, Houston, TX 77001;Burj Khalifa 1, Dubai, UAE;1138;4
384;236;716;408;CN Tower 301, Toronto, Canada M5V 2T6;456 Oak Avenue, Los Angeles, CA 90001;4137;3
385;959;586;325;321 Elm Boulevard, Houston, TX 77001;753 Willow Avenue, San Diego, CA 92101;3304;4
386;853;466;663;753 Willow Avenue, San Diego, CA 92101;987 Cedar Lane, Philadelphia, PA 19101;4767;2
387;123;142;767;Gyeongbokgung Palace 161, Seoul, South Korea 03045;Marina Bay Sands 10, Singapore 018956;2679;5
388;386;625;364;Sydney Opera House, Sydney, Australia 2000;Brandenburger Tor 1, Berlin, Germany 10117;2477;3
389;771;950;126;666 Ocean Avenue, Miami, FL 33101;Sydney Opera House, Sydney, Australia 2000;1511;2
390;737;954;898;444 Lake View, Denver, CO 80201;Sydney Opera House, Sydney, Australia 2000;4692;5
391;739;913;694;753 Willow Avenue, San Diego, CA 92101;Brandenburger Tor 1, Berlin, Germany 10117;3102;4
392;363;161;729;555 Mountain Street, Washington, DC 20001;444 Lake View, Denver, CO 80201;4223;2
393;888;121;186;Sagrada Família 401, Barcelona, Spain 08013;Marina Bay Sands 10, Singapore 018956;2961;2
394;842;420;877;Table Mountain Rd, Cape Town, South Africa 8001;654 Maple Drive, Phoenix, AZ 85001;4743;3
395;741;714;884;555 Mountain Street, Washington, DC 20001;159 Birch Street, San Antonio, TX 78201;3397;4
396;805;8;545;333 River Road, Seattle, WA 98101;Gyeongbokgung Palace 161, Seoul, South Korea 03045;1567;4
397;296;55;723;CN Tower 301, Toronto, Canada M5V 2T6;CN Tower 301, Toronto, Canada M5V 2T6;2581;4
398;609;696;371;864 Palm Drive, San Jose, CA 95101;159 Birch Street, San Antonio, TX 78201;4270;5
399;62;173;803;Champs-Élysées 75, Paris, France 75008;Marina Bay Sands 10, Singapore 018956;2232;3
400;271;470;574;Champs-Élysées 75, Paris, France 75008;987 Cedar Lane, Philadelphia, PA 19101;1997;4
401;385;373;853;Table Mountain Rd, Cape Town, South Africa 8001;666 Ocean Avenue, Miami, FL 33101;3302;3
402;976;746;774;Taj Mahal, Agra, India 282001;789 Pine Road, Chicago, IL 60601;4748;2
403;823;118;248;Brandenburger Tor 1, Berlin, Germany 10117;Burj Khalifa 1, Dubai, UAE;4494;2
404;271;189;996;Table Mountain Rd, Cape Town, South Africa 8001;222 Park Avenue, Boston, MA 02101;4151;2
405;608;316;236;555 Mountain Street, Washington, DC 20001;123 Main Street, New York, NY 10001;4446;4
406;847;859;489;Forbidden City 4, Beijing, China 100006;Gyeongbokgung Palace 161, Seoul, South Korea 03045;3617;3
407;650;766;370;CN Tower 301, Toronto, Canada M5V 2T6;Sydney Opera House, Sydney, Australia 2000;4493;2
408;355;515;604;159 Birch Street, San Antonio, TX 78201;Table Mountain Rd, Cape Town, South Africa 8001;3472;5
409;180;527;631;Gyeongbokgung Palace 161, Seoul, South Korea 03045;Brandenburger Tor 1, Berlin, Germany 10117;2834;5
410;148;805;874;CN Tower 301, Toronto, Canada M5V 2T6;Red Square 1, Moscow, Russia 109012;1145;5
411;829;805;610;Sydney Opera House, Sydney, Australia 2000;666 Ocean Avenue, Miami, FL 33101;3050;3
412;838;825;521;CN Tower 301, Toronto, Canada M5V 2T6;Piazza San Marco 1, Venice, Italy 30124;3757;5
413;858;606;908;753 Willow Avenue, San Diego, CA 92101;222 Park Avenue, Boston, MA 02101;3486;3
414;615;635;956;Sydney Opera House, Sydney, Australia 2000;333 River Road, Seattle, WA 98101;2637;5
415;342;375;276;987 Cedar Lane, Philadelphia, PA 19101;159 Birch Street, San Antonio, TX 78201;2820;3
416;341;202;754;CN Tower 301, Toronto, Canada M5V 2T6;Red Square 1, Moscow, Russia 109012;1197;3
417;817;287;982;456 Oak Avenue, Los Angeles, CA 90001;Brandenburger Tor 1, Berlin, Germany 10117;4053;2
418;765;965;880;456 Oak Avenue, Los Angeles, CA 90001;Burj Khalifa 1, Dubai, UAE;4813;2
419;61;432;984;Red Square 1, Moscow, Russia 109012;333 River Road, Seattle, WA 98101;1859;3
420;782;774;330;Burj Khalifa 1, Dubai, UAE;Sagrada Família 401, Barcelona, Spain 08013;4220;2
421;805;939;696;654 Maple Drive, Phoenix, AZ 85001;Sydney Opera House, Sydney, Australia 2000;3496;3
422;200;573;26;Piazza San Marco 1, Venice, Italy 30124;Shibuya Crossing 2, Tokyo, Japan 150-0043;1489;4
423;56;411;690;Burj Khalifa 1, Dubai, UAE;Copacabana Beach 100, Rio de Janeiro, Brazil 22070-011;1646;2
424;824;954;926;CN Tower 301, Toronto, Canada M5V 2T6;987 Cedar Lane, Philadelphia, PA 19101;4748;2
425;251;839;529;Shibuya Crossing 2, Tokyo, Japan 150-0043;Champs-Élysées 75, Paris, France 75008;4868;3
426;64;107;444;456 Oak Avenue, Los Angeles, CA 90001;Sydney Opera House, Sydney, Australia 2000;2747;3
427;839;527;904;Marina Bay Sands 10, Singapore 018956;444 Lake View, Denver, CO 80201;3264;4
428;412;985;991;Piazza San Marco 1, Venice, Italy 30124;Copacabana Beach 100, Rio de Janeiro, Brazil 22070-011;1000;5
429;618;351;291;159 Birch Street, San Antonio, TX 78201;Forbidden City 4, Beijing, China 100006;4539;2
430;537;985;929;CN Tower 301, Toronto, Canada M5V 2T6;Champs-Élysées 75, Paris, France 75008;4833;4
431;998;388;268;Piazza San Marco 1, Venice, Italy 30124;666 Ocean Avenue, Miami, FL 33101;1120;4
432;916;782;109;666 Ocean Avenue, Miami, FL 33101;Piazza San Marco 1, Venice, Italy 30124;1525;5
433;77;918;493;246 Spruce Road, Dallas, TX 75201;Copacabana Beach 100, Rio de Janeiro, Brazil 22070-011;4333;3
434;41;192;685;Taj Mahal, Agra, India 282001;555 Mountain Street, Washington, DC 20001;4598;3
435;59;357;538;Brandenburger Tor 1, Berlin, Germany 10117;Shibuya Crossing 2, Tokyo, Japan 150-0043;2236;5
436;82;833;430;Piazza San Marco 1, Venice, Italy 30124;864 Palm Drive, San Jose, CA 95101;4955;2
437;92;431;626;159 Birch Street, San Antonio, TX 78201;Gyeongbokgung Palace 161, Seoul, South Korea 03045;1462;4
438;584;76;992;Brandenburger Tor 1, Berlin, Germany 10117;Sydney Opera House, Sydney, Australia 2000;1782;2
439;256;774;11;555 Mountain Street, Washington, DC 20001;Copacabana Beach 100, Rio de Janeiro, Brazil 22070-011;1615;3
440;932;766;902;864 Palm Drive, San Jose, CA 95101;123 Main Street, New York, NY 10001;4572;3
441;406;933;294;Piazza San Marco 1, Venice, Italy 30124;123 Main Street, New York, NY 10001;3363;5
442;387;572;377;321 Elm Boulevard, Houston, TX 77001;456 Oak Avenue, Los Angeles, CA 90001;1979;3
443;996;219;619;Sydney Opera House, Sydney, Australia 2000;789 Pine Road, Chicago, IL 60601;2182;4
444;568;761;915;Copacabana Beach 100, Rio de Janeiro, Brazil 22070-011;654 Maple Drive, Phoenix, AZ 85001;4610;2
445;955;524;687;Red Square 1, Moscow, Russia 109012;Sagrada Família 401, Barcelona, Spain 08013;1025;3
446;365;960;615;666 Ocean Avenue, Miami, FL 33101;987 Cedar Lane, Philadelphia, PA 19101;4661;5
447;404;785;67;333 River Road, Seattle, WA 98101;333 River Road, Seattle, WA 98101;4060;5
448;712;940;758;654 Maple Drive, Phoenix, AZ 85001;Marina Bay Sands 10, Singapore 018956;1719;2
449;558;939;558;Sydney Opera House, Sydney, Australia 2000;987 Cedar Lane, Philadelphia, PA 19101;2485;3
450;244;507;118;321 Elm Boulevard, Houston, TX 77001;666 Ocean Avenue, Miami, FL 33101;4677;2
451;211;107;923;456 Oak Avenue, Los Angeles, CA 90001;789 Pine Road, Chicago, IL 60601;4570;3
452;499;853;108;159 Birch Street, San Antonio, TX 78201;Taj Mahal, Agra, India 282001;1676;4
453;712;850;181;864 Palm Drive, San Jose, CA 95101;Red Square 1, Moscow, Russia 109012;3204;3
454;71;865;548;555 Mountain Street, Washington, DC 20001;Champs-Élysées 75, Paris, France 75008;1899;2
455;883;883;955;Sagrada Família 401, Barcelona, Spain 08013;333 River Road, Seattle, WA 98101;3001;5
456;681;26;256;333 River Road, Seattle, WA 98101;CN Tower 301, Toronto, Canada M5V 2T6;3696;5
457;875;210;531;Red Square 1, Moscow, Russia 109012;159 Birch Street, San Antonio, TX 78201;4209;3
458;537;447;559;Taj Mahal, Agra, India 282001;Piazza San Marco 1, Venice, Italy 30124;2645;4
459;717;885;284;654 Maple Drive, Phoenix, AZ 85001;321 Elm Boulevard, Houston, TX 77001;3951;2
460;18;504;171;789 Pine Road, Chicago, IL 60601;666 Ocean Avenue, Miami, FL 33101;1343;3
461;900;127;917;Sydney Opera House, Sydney, Australia 2000;Sagrada Família 401, Barcelona, Spain 08013;4951;4
462;669;765;460;753 Willow Avenue, San Diego, CA 92101;Marina Bay Sands 10, Singapore 018956;4124;2
463;263;808;464;654 Maple Drive, Phoenix, AZ 85001;Copacabana Beach 100, Rio de Janeiro, Brazil 22070-011;2393;5
464;509;190;650;Red Square 1, Moscow, Russia 109012;Copacabana Beach 100, Rio de Janeiro, Brazil 22070-011;1004;5
465;446;679;71;654 Maple Drive, Phoenix, AZ 85001;Gyeongbokgung Palace 161, Seoul, South Korea 03045;2624;3
466;941;967;727;Table Mountain Rd, Cape Town, South Africa 8001;159 Birch Street, San Antonio, TX 78201;2008;2
467;330;132;625;321 Elm Boulevard, Houston, TX 77001;333 River Road, Seattle, WA 98101;3029;4
468;660;214;989;Champs-Élysées 75, Paris, France 75008;Gyeongbokgung Palace 161, Seoul, South Korea 03045;2855;4
469;189;955;282;Forbidden City 4, Beijing, China 100006;987 Cedar Lane, Philadelphia, PA 19101;1039;3
470;807;902;297;Marina Bay Sands 10, Singapore 018956;654 Maple Drive, Phoenix, AZ 85001;2111;2
471;92;358;402;Marina Bay Sands 10, Singapore 018956;654 Maple Drive, Phoenix, AZ 85001;3122;4
472;538;117;303;Forbidden City 4, Beijing, China 100006;Sagrada Família 401, Barcelona, Spain 08013;3138;4
473;569;680;151;Red Square 1, Moscow, Russia 109012;Red Square 1, Moscow, Russia 109012;1319;3
474;707;321;161;864 Palm Drive, San Jose, CA 95101;123 Main Street, New York, NY 10001;3433;3
475;814;732;775;222 Park Avenue, Boston, MA 02101;222 Park Avenue, Boston, MA 02101;3726;2
476;780;988;887;654 Maple Drive, Phoenix, AZ 85001;333 River Road, Seattle, WA 98101;1916;5
477;448;160;849;Sagrada Família 401, Barcelona, Spain 08013;159 Birch Street, San Antonio, TX 78201;4687;5
478;694;986;473;246 Spruce Road, Dallas, TX 75201;159 Birch Street, San Antonio, TX 78201;3626;4
479;379;223;770;Champs-Élysées 75, Paris, France 75008;Burj Khalifa 1, Dubai, UAE;2522;2
480;192;706;564;CN Tower 301, Toronto, Canada M5V 2T6;789 Pine Road, Chicago, IL 60601;4438;5
481;682;139;768;246 Spruce Road, Dallas, TX 75201;Taj Mahal, Agra, India 282001;3585;3
482;438;642;451;789 Pine Road, Chicago, IL 60601;987 Cedar Lane, Philadelphia, PA 19101;1011;4
483;574;777;390;Brandenburger Tor 1, Berlin, Germany 10117;159 Birch Street, San Antonio, TX 78201;2826;2
484;819;849;127;753 Willow Avenue, San Diego, CA 92101;Red Square 1, Moscow, Russia 109012;2200;3
485;637;86;683;Taj Mahal, Agra, India 282001;321 Elm Boulevard, Houston, TX 77001;2240;5
486;362;767;582;987 Cedar Lane, Philadelphia, PA 19101;321 Elm Boulevard, Houston, TX 77001;3108;5
487;571;90;259;654 Maple Drive, Phoenix, AZ 85001;Table Mountain Rd, Cape Town, South Africa 8001;3805;5
488;141;196;147;654 Maple Drive, Phoenix, AZ 85001;Sydney Opera House, Sydney, Australia 2000;1593;5
489;505;845;485;Burj Khalifa 1, Dubai, UAE;Gyeongbokgung Palace 161, Seoul, South Korea 03045;4612;3
490;644;192;278;Sydney Opera House, Sydney, Australia 2000;Red Square 1, Moscow, Russia 109012;4304;5
491;729;35;893;444 Lake View, Denver, CO 80201;456 Oak Avenue, Los Angeles, CA 90001;3575;4
492;558;456;970;789 Pine Road, Chicago, IL 60601;Piazza San Marco 1, Venice, Italy 30124;1746;3
493;772;79;958;321 Elm Boulevard, Houston, TX 77001;CN Tower 301, Toronto, Canada M5V 2T6;4870;2
494;823;196;952;654 Maple Drive, Phoenix, AZ 85001;CN Tower 301, Toronto, Canada M5V 2T6;4770;4
495;19;353;153;Copacabana Beach 100, Rio de Janeiro, Brazil 22070-011;987 Cedar Lane, Philadelphia, PA 19101;4122;2
496;157;417;135;Brandenburger Tor 1, Berlin, Germany 10117;444 Lake View, Denver, CO 80201;2592;2
497;3;618;570;Taj Mahal, Agra, India 282001;864 Palm Drive, San Jose, CA 95101;1014;3
498;9;427;968;321 Elm Boulevard, Houston, TX 77001;666 Ocean Avenue, Miami, FL 33101;4945;4
499;63;990;146;Table Mountain Rd, Cape Town, South Africa 8001;Taj Mahal, Agra, India 282001;1524;5
500;2;594;455;987 Cedar Lane, Philadelphia, PA 19101;Table Mountain Rd, Cape Town, South Africa 8001;1174;2
501;339;795;471;864 Palm Drive, San Jose, CA 95101;333 River Road, Seattle, WA 98101;2827;2
502;951;521;177;Forbidden City 4, Beijing, China 100006;864 Palm Drive, San Jose, CA 95101;3799;3
503;335;481;556;123 Main Street, New York, NY 10001;Sydney Opera House, Sydney, Australia 2000;3511;2
504;367;201;618;Shibuya Crossing 2, Tokyo, Japan 150-0043;Forbidden City 4, Beijing, China 100006;1458;3
505;259;873;25;Table Mountain Rd, Cape Town, South Africa 8001;Piazza San Marco 1, Venice, Italy 30124;3358;2
506;253;449;499;Shibuya Crossing 2, Tokyo, Japan 150-0043;456 Oak Avenue, Los Angeles, CA 90001;3840;3
507;524;780;581;Copacabana Beach 100, Rio de Janeiro, Brazil 22070-011;864 Palm Drive, San Jose, CA 95101;2363;4
508;661;204;726;789 Pine Road, Chicago, IL 60601;Red Square 1, Moscow, Russia 109012;3969;4
509;665;160;76;123 Main Street, New York, NY 10001;654 Maple Drive, Phoenix, AZ 85001;1718;2
510;427;916;881;Copacabana Beach 100, Rio de Janeiro, Brazil 22070-011;Red Square 1, Moscow, Russia 109012;1208;2
511;1;256;227;Piazza San Marco 1, Venice, Italy 30124;Taj Mahal, Agra, India 282001;1664;2
512;769;855;272;Table Mountain Rd, Cape Town, South Africa 8001;864 Palm Drive, San Jose, CA 95101;3790;4
513;866;571;412;Sagrada Família 401, Barcelona, Spain 08013;333 River Road, Seattle, WA 98101;3157;3
514;785;45;639;864 Palm Drive, San Jose, CA 95101;CN Tower 301, Toronto, Canada M5V 2T6;4524;5
515;34;759;609;Copacabana Beach 100, Rio de Janeiro, Brazil 22070-011;555 Mountain Street, Washington, DC 20001;1275;4
516;615;966;764;333 River Road, Seattle, WA 98101;Sagrada Família 401, Barcelona, Spain 08013;4164;2
517;221;292;24;789 Pine Road, Chicago, IL 60601;987 Cedar Lane, Philadelphia, PA 19101;1013;5
518;971;130;142;Red Square 1, Moscow, Russia 109012;123 Main Street, New York, NY 10001;2531;3
519;847;69;747;222 Park Avenue, Boston, MA 02101;666 Ocean Avenue, Miami, FL 33101;1563;4
520;266;406;889;753 Willow Avenue, San Diego, CA 92101;Marina Bay Sands 10, Singapore 018956;2502;5
521;64;703;43;333 River Road, Seattle, WA 98101;Champs-Élysées 75, Paris, France 75008;3499;3
522;798;488;164;456 Oak Avenue, Los Angeles, CA 90001;333 River Road, Seattle, WA 98101;2265;2
523;919;480;352;Red Square 1, Moscow, Russia 109012;987 Cedar Lane, Philadelphia, PA 19101;1936;3
524;550;760;16;222 Park Avenue, Boston, MA 02101;Table Mountain Rd, Cape Town, South Africa 8001;2242;5
525;584;85;264;456 Oak Avenue, Los Angeles, CA 90001;444 Lake View, Denver, CO 80201;2146;4
526;727;2;36;321 Elm Boulevard, Houston, TX 77001;Burj Khalifa 1, Dubai, UAE;4189;4
527;26;364;622;Champs-Élysées 75, Paris, France 75008;Sydney Opera House, Sydney, Australia 2000;3634;3
528;295;507;701;Sagrada Família 401, Barcelona, Spain 08013;Taj Mahal, Agra, India 282001;2312;2
529;855;443;136;Sagrada Família 401, Barcelona, Spain 08013;Piazza San Marco 1, Venice, Italy 30124;4025;3
530;119;707;344;987 Cedar Lane, Philadelphia, PA 19101;Sagrada Família 401, Barcelona, Spain 08013;4489;2
531;908;583;374;Copacabana Beach 100, Rio de Janeiro, Brazil 22070-011;456 Oak Avenue, Los Angeles, CA 90001;4657;3
532;920;90;101;444 Lake View, Denver, CO 80201;987 Cedar Lane, Philadelphia, PA 19101;4777;5
533;863;481;568;Table Mountain Rd, Cape Town, South Africa 8001;Taj Mahal, Agra, India 282001;1471;4
534;141;233;271;Brandenburger Tor 1, Berlin, Germany 10117;Burj Khalifa 1, Dubai, UAE;4384;3
535;323;313;190;159 Birch Street, San Antonio, TX 78201;222 Park Avenue, Boston, MA 02101;3787;3
536;15;818;854;666 Ocean Avenue, Miami, FL 33101;333 River Road, Seattle, WA 98101;3212;3
537;928;912;293;444 Lake View, Denver, CO 80201;CN Tower 301, Toronto, Canada M5V 2T6;4979;2
538;411;182;975;321 Elm Boulevard, Houston, TX 77001;Shibuya Crossing 2, Tokyo, Japan 150-0043;3108;3
539;63;540;174;Forbidden City 4, Beijing, China 100006;Shibuya Crossing 2, Tokyo, Japan 150-0043;3080;3
540;543;138;870;Brandenburger Tor 1, Berlin, Germany 10117;Red Square 1, Moscow, Russia 109012;3177;4
541;295;26;894;123 Main Street, New York, NY 10001;246 Spruce Road, Dallas, TX 75201;4199;4
542;266;743;738;555 Mountain Street, Washington, DC 20001;789 Pine Road, Chicago, IL 60601;4388;3
543;488;385;131;159 Birch Street, San Antonio, TX 78201;Red Square 1, Moscow, Russia 109012;3085;3
544;724;255;676;Copacabana Beach 100, Rio de Janeiro, Brazil 22070-011;753 Willow Avenue, San Diego, CA 92101;2037;2
545;33;235;843;159 Birch Street, San Antonio, TX 78201;CN Tower 301, Toronto, Canada M5V 2T6;3119;3
546;516;534;689;654 Maple Drive, Phoenix, AZ 85001;Sydney Opera House, Sydney, Australia 2000;3122;2
547;92;145;305;246 Spruce Road, Dallas, TX 75201;444 Lake View, Denver, CO 80201;3529;3
548;403;601;275;Copacabana Beach 100, Rio de Janeiro, Brazil 22070-011;444 Lake View, Denver, CO 80201;4727;2
549;910;794;781;666 Ocean Avenue, Miami, FL 33101;Red Square 1, Moscow, Russia 109012;1159;2
550;77;58;463;Burj Khalifa 1, Dubai, UAE;159 Birch Street, San Antonio, TX 78201;1261;5
551;241;937;654;789 Pine Road, Chicago, IL 60601;Copacabana Beach 100, Rio de Janeiro, Brazil 22070-011;3398;4
552;751;738;780;555 Mountain Street, Washington, DC 20001;555 Mountain Street, Washington, DC 20001;4373;5
553;157;390;106;Sydney Opera House, Sydney, Australia 2000;CN Tower 301, Toronto, Canada M5V 2T6;1045;3
554;891;482;954;333 River Road, Seattle, WA 98101;555 Mountain Street, Washington, DC 20001;3434;5
555;539;435;627;654 Maple Drive, Phoenix, AZ 85001;987 Cedar Lane, Philadelphia, PA 19101;2819;4
556;729;294;424;Sagrada Família 401, Barcelona, Spain 08013;789 Pine Road, Chicago, IL 60601;1983;5
557;506;671;793;Copacabana Beach 100, Rio de Janeiro, Brazil 22070-011;Shibuya Crossing 2, Tokyo, Japan 150-0043;3966;5
558;624;347;149;Champs-Élysées 75, Paris, France 75008;246 Spruce Road, Dallas, TX 75201;2349;5
559;913;426;695;456 Oak Avenue, Los Angeles, CA 90001;Sydney Opera House, Sydney, Australia 2000;4078;3
560;49;426;229;246 Spruce Road, Dallas, TX 75201;Champs-Élysées 75, Paris, France 75008;4502;4
561;21;225;896;222 Park Avenue, Boston, MA 02101;Champs-Élysées 75, Paris, France 75008;2848;3
562;773;657;657;Brandenburger Tor 1, Berlin, Germany 10117;321 Elm Boulevard, Houston, TX 77001;2479;4
563;51;942;296;Red Square 1, Moscow, Russia 109012;Red Square 1, Moscow, Russia 109012;3524;2
564;21;596;176;Taj Mahal, Agra, India 282001;Red Square 1, Moscow, Russia 109012;1735;4
565;653;468;539;987 Cedar Lane, Philadelphia, PA 19101;Red Square 1, Moscow, Russia 109012;3049;2
566;652;22;815;Copacabana Beach 100, Rio de Janeiro, Brazil 22070-011;666 Ocean Avenue, Miami, FL 33101;4458;4
567;224;622;244;Sagrada Família 401, Barcelona, Spain 08013;Taj Mahal, Agra, India 282001;3778;2
568;599;472;132;456 Oak Avenue, Los Angeles, CA 90001;789 Pine Road, Chicago, IL 60601;1643;3
569;719;860;985;Piazza San Marco 1, Venice, Italy 30124;Taj Mahal, Agra, India 282001;2476;2
570;642;33;630;333 River Road, Seattle, WA 98101;CN Tower 301, Toronto, Canada M5V 2T6;3286;5
571;458;914;595;654 Maple Drive, Phoenix, AZ 85001;864 Palm Drive, San Jose, CA 95101;4618;4
572;230;1;159;Gyeongbokgung Palace 161, Seoul, South Korea 03045;CN Tower 301, Toronto, Canada M5V 2T6;3821;5
573;375;662;728;789 Pine Road, Chicago, IL 60601;321 Elm Boulevard, Houston, TX 77001;2801;4
574;909;754;48;987 Cedar Lane, Philadelphia, PA 19101;159 Birch Street, San Antonio, TX 78201;2682;3
575;961;563;111;Champs-Élysées 75, Paris, France 75008;Sydney Opera House, Sydney, Australia 2000;1191;3
576;38;731;656;Gyeongbokgung Palace 161, Seoul, South Korea 03045;444 Lake View, Denver, CO 80201;2179;3
577;893;333;899;864 Palm Drive, San Jose, CA 95101;789 Pine Road, Chicago, IL 60601;1844;3
578;416;203;134;Gyeongbokgung Palace 161, Seoul, South Korea 03045;Sydney Opera House, Sydney, Australia 2000;1820;5
579;750;335;14;321 Elm Boulevard, Houston, TX 77001;Gyeongbokgung Palace 161, Seoul, South Korea 03045;2274;2
580;168;790;563;246 Spruce Road, Dallas, TX 75201;Taj Mahal, Agra, India 282001;1944;2
581;704;901;406;321 Elm Boulevard, Houston, TX 77001;666 Ocean Avenue, Miami, FL 33101;4278;4
582;923;397;173;Brandenburger Tor 1, Berlin, Germany 10117;789 Pine Road, Chicago, IL 60601;1231;4
583;30;792;668;666 Ocean Avenue, Miami, FL 33101;Gyeongbokgung Palace 161, Seoul, South Korea 03045;1969;4
584;215;522;333;456 Oak Avenue, Los Angeles, CA 90001;Forbidden City 4, Beijing, China 100006;3562;3
585;123;969;773;864 Palm Drive, San Jose, CA 95101;Marina Bay Sands 10, Singapore 018956;3847;5
586;124;38;534;456 Oak Avenue, Los Angeles, CA 90001;159 Birch Street, San Antonio, TX 78201;4022;2
587;376;759;107;Table Mountain Rd, Cape Town, South Africa 8001;456 Oak Avenue, Los Angeles, CA 90001;2581;5
588;443;159;6;444 Lake View, Denver, CO 80201;Brandenburger Tor 1, Berlin, Germany 10117;3004;3
589;455;238;119;Table Mountain Rd, Cape Town, South Africa 8001;Taj Mahal, Agra, India 282001;1872;3
590;804;928;47;753 Willow Avenue, San Diego, CA 92101;333 River Road, Seattle, WA 98101;2119;4
591;209;696;188;Gyeongbokgung Palace 161, Seoul, South Korea 03045;Sydney Opera House, Sydney, Australia 2000;2619;5
592;217;273;547;123 Main Street, New York, NY 10001;Gyeongbokgung Palace 161, Seoul, South Korea 03045;2210;4
593;233;577;697;Sydney Opera House, Sydney, Australia 2000;321 Elm Boulevard, Houston, TX 77001;2866;3
594;415;38;811;Gyeongbokgung Palace 161, Seoul, South Korea 03045;CN Tower 301, Toronto, Canada M5V 2T6;2803;4
595;820;676;235;Forbidden City 4, Beijing, China 100006;333 River Road, Seattle, WA 98101;1995;2
596;271;548;168;864 Palm Drive, San Jose, CA 95101;864 Palm Drive, San Jose, CA 95101;1543;5
597;338;390;115;753 Willow Avenue, San Diego, CA 92101;Taj Mahal, Agra, India 282001;1489;2
598;140;974;806;666 Ocean Avenue, Miami, FL 33101;333 River Road, Seattle, WA 98101;1045;4
599;661;859;361;321 Elm Boulevard, Houston, TX 77001;Gyeongbokgung Palace 161, Seoul, South Korea 03045;4396;4
600;320;927;133;555 Mountain Street, Washington, DC 20001;Burj Khalifa 1, Dubai, UAE;3543;2
601;121;42;321;555 Mountain Street, Washington, DC 20001;753 Willow Avenue, San Diego, CA 92101;1454;4
602;831;794;688;321 Elm Boulevard, Houston, TX 77001;555 Mountain Street, Washington, DC 20001;3328;2
603;478;110;283;Table Mountain Rd, Cape Town, South Africa 8001;333 River Road, Seattle, WA 98101;2101;4
604;941;196;253;654 Maple Drive, Phoenix, AZ 85001;753 Willow Avenue, San Diego, CA 92101;3964;2
605;347;251;743;864 Palm Drive, San Jose, CA 95101;Sydney Opera House, Sydney, Australia 2000;3059;4
606;191;164;762;Piazza San Marco 1, Venice, Italy 30124;Taj Mahal, Agra, India 282001;4150;4
607;686;680;589;Shibuya Crossing 2, Tokyo, Japan 150-0043;Piazza San Marco 1, Venice, Italy 30124;1360;4
608;441;409;185;864 Palm Drive, San Jose, CA 95101;123 Main Street, New York, NY 10001;1893;5
609;744;380;350;246 Spruce Road, Dallas, TX 75201;789 Pine Road, Chicago, IL 60601;4447;5
610;730;342;302;789 Pine Road, Chicago, IL 60601;789 Pine Road, Chicago, IL 60601;4712;2
611;863;894;585;456 Oak Avenue, Los Angeles, CA 90001;Champs-Élysées 75, Paris, France 75008;3290;3
612;730;523;596;Marina Bay Sands 10, Singapore 018956;Gyeongbokgung Palace 161, Seoul, South Korea 03045;2438;4
613;896;395;601;123 Main Street, New York, NY 10001;CN Tower 301, Toronto, Canada M5V 2T6;4132;3
614;440;438;797;CN Tower 301, Toronto, Canada M5V 2T6;Table Mountain Rd, Cape Town, South Africa 8001;1018;4
615;460;880;121;864 Palm Drive, San Jose, CA 95101;Champs-Élysées 75, Paris, France 75008;3163;5
616;74;137;452;222 Park Avenue, Boston, MA 02101;CN Tower 301, Toronto, Canada M5V 2T6;3564;5
617;832;170;98;456 Oak Avenue, Los Angeles, CA 90001;Champs-Élysées 75, Paris, France 75008;4483;5
618;624;914;394;Burj Khalifa 1, Dubai, UAE;Brandenburger Tor 1, Berlin, Germany 10117;3049;4
619;355;976;549;456 Oak Avenue, Los Angeles, CA 90001;Piazza San Marco 1, Venice, Italy 30124;2378;5
620;610;323;590;Red Square 1, Moscow, Russia 109012;Forbidden City 4, Beijing, China 100006;3388;2
621;976;254;523;864 Palm Drive, San Jose, CA 95101;666 Ocean Avenue, Miami, FL 33101;4353;4
622;595;826;39;222 Park Avenue, Boston, MA 02101;Champs-Élysées 75, Paris, France 75008;1559;3
623;464;631;468;Sagrada Família 401, Barcelona, Spain 08013;666 Ocean Avenue, Miami, FL 33101;4945;2
624;850;996;552;444 Lake View, Denver, CO 80201;321 Elm Boulevard, Houston, TX 77001;4791;3
625;747;539;422;Table Mountain Rd, Cape Town, South Africa 8001;123 Main Street, New York, NY 10001;1989;2
626;386;287;527;159 Birch Street, San Antonio, TX 78201;444 Lake View, Denver, CO 80201;3769;5
627;161;400;84;Sagrada Família 401, Barcelona, Spain 08013;Table Mountain Rd, Cape Town, South Africa 8001;2004;5
628;209;646;110;Piazza San Marco 1, Venice, Italy 30124;654 Maple Drive, Phoenix, AZ 85001;1340;5
629;267;876;784;456 Oak Avenue, Los Angeles, CA 90001;Gyeongbokgung Palace 161, Seoul, South Korea 03045;3312;5
630;221;578;602;Piazza San Marco 1, Venice, Italy 30124;555 Mountain Street, Washington, DC 20001;1040;3
631;709;664;579;Table Mountain Rd, Cape Town, South Africa 8001;444 Lake View, Denver, CO 80201;2006;5
632;25;834;95;444 Lake View, Denver, CO 80201;864 Palm Drive, San Jose, CA 95101;3062;4
633;750;567;448;123 Main Street, New York, NY 10001;753 Willow Avenue, San Diego, CA 92101;1944;4
634;204;771;240;444 Lake View, Denver, CO 80201;Copacabana Beach 100, Rio de Janeiro, Brazil 22070-011;2358;3
635;561;475;243;123 Main Street, New York, NY 10001;Gyeongbokgung Palace 161, Seoul, South Korea 03045;4275;2
636;862;826;977;CN Tower 301, Toronto, Canada M5V 2T6;444 Lake View, Denver, CO 80201;3395;4
637;339;83;782;246 Spruce Road, Dallas, TX 75201;789 Pine Road, Chicago, IL 60601;1666;2
638;674;960;124;456 Oak Avenue, Los Angeles, CA 90001;Sagrada Família 401, Barcelona, Spain 08013;2631;5
639;586;693;888;987 Cedar Lane, Philadelphia, PA 19101;Marina Bay Sands 10, Singapore 018956;2586;2
640;644;318;415;Sagrada Família 401, Barcelona, Spain 08013;Brandenburger Tor 1, Berlin, Germany 10117;2842;5
641;865;687;979;Table Mountain Rd, Cape Town, South Africa 8001;987 Cedar Lane, Philadelphia, PA 19101;3602;5
642;744;332;369;Gyeongbokgung Palace 161, Seoul, South Korea 03045;Red Square 1, Moscow, Russia 109012;2363;5
643;434;129;533;Red Square 1, Moscow, Russia 109012;Copacabana Beach 100, Rio de Janeiro, Brazil 22070-011;4039;4
644;103;377;183;Sydney Opera House, Sydney, Australia 2000;753 Willow Avenue, San Diego, CA 92101;4982;2
645;954;89;757;222 Park Avenue, Boston, MA 02101;Copacabana Beach 100, Rio de Janeiro, Brazil 22070-011;3112;4
646;910;11;224;789 Pine Road, Chicago, IL 60601;987 Cedar Lane, Philadelphia, PA 19101;3764;2
647;702;50;966;Marina Bay Sands 10, Singapore 018956;456 Oak Avenue, Los Angeles, CA 90001;3660;4
648;887;718;128;555 Mountain Street, Washington, DC 20001;987 Cedar Lane, Philadelphia, PA 19101;1708;2
649;29;978;508;Copacabana Beach 100, Rio de Janeiro, Brazil 22070-011;Shibuya Crossing 2, Tokyo, Japan 150-0043;4944;4
650;37;522;347;Forbidden City 4, Beijing, China 100006;Sagrada Família 401, Barcelona, Spain 08013;4731;2
651;951;934;358;321 Elm Boulevard, Houston, TX 77001;Red Square 1, Moscow, Russia 109012;3220;2
652;662;226;895;Brandenburger Tor 1, Berlin, Germany 10117;456 Oak Avenue, Los Angeles, CA 90001;1420;3
653;57;414;68;789 Pine Road, Chicago, IL 60601;753 Willow Avenue, San Diego, CA 92101;4213;3
654;265;876;819;987 Cedar Lane, Philadelphia, PA 19101;CN Tower 301, Toronto, Canada M5V 2T6;2521;4
655;719;952;891;Gyeongbokgung Palace 161, Seoul, South Korea 03045;159 Birch Street, San Antonio, TX 78201;3711;5
656;974;58;524;Burj Khalifa 1, Dubai, UAE;Marina Bay Sands 10, Singapore 018956;3019;3
657;994;819;191;Gyeongbokgung Palace 161, Seoul, South Korea 03045;Piazza San Marco 1, Venice, Italy 30124;3530;3
658;354;106;373;Sagrada Família 401, Barcelona, Spain 08013;Table Mountain Rd, Cape Town, South Africa 8001;1864;2
659;262;503;385;123 Main Street, New York, NY 10001;456 Oak Avenue, Los Angeles, CA 90001;4105;3
660;133;550;365;Burj Khalifa 1, Dubai, UAE;222 Park Avenue, Boston, MA 02101;2362;2
661;380;126;425;333 River Road, Seattle, WA 98101;Table Mountain Rd, Cape Town, South Africa 8001;3203;5
662;256;818;816;654 Maple Drive, Phoenix, AZ 85001;Piazza San Marco 1, Venice, Italy 30124;3230;5
663;428;158;427;Gyeongbokgung Palace 161, Seoul, South Korea 03045;654 Maple Drive, Phoenix, AZ 85001;4405;2
664;307;785;51;Copacabana Beach 100, Rio de Janeiro, Brazil 22070-011;CN Tower 301, Toronto, Canada M5V 2T6;2671;4
665;636;486;260;159 Birch Street, San Antonio, TX 78201;753 Willow Avenue, San Diego, CA 92101;4306;5
666;675;528;263;456 Oak Avenue, Los Angeles, CA 90001;123 Main Street, New York, NY 10001;2965;4
667;920;753;433;222 Park Avenue, Boston, MA 02101;Brandenburger Tor 1, Berlin, Germany 10117;1581;4
668;308;360;572;123 Main Street, New York, NY 10001;753 Willow Avenue, San Diego, CA 92101;3372;4
669;469;598;555;Marina Bay Sands 10, Singapore 018956;456 Oak Avenue, Los Angeles, CA 90001;4211;2
670;317;544;848;Burj Khalifa 1, Dubai, UAE;123 Main Street, New York, NY 10001;4775;5
671;725;82;512;Gyeongbokgung Palace 161, Seoul, South Korea 03045;Piazza San Marco 1, Venice, Italy 30124;4141;4
672;389;204;913;Sydney Opera House, Sydney, Australia 2000;Champs-Élysées 75, Paris, France 75008;4546;2
673;309;809;286;Forbidden City 4, Beijing, China 100006;Brandenburger Tor 1, Berlin, Germany 10117;3048;2
674;589;331;505;Table Mountain Rd, Cape Town, South Africa 8001;Gyeongbokgung Palace 161, Seoul, South Korea 03045;4297;3
675;555;68;242;Forbidden City 4, Beijing, China 100006;Copacabana Beach 100, Rio de Janeiro, Brazil 22070-011;2351;2
676;89;295;231;Brandenburger Tor 1, Berlin, Germany 10117;Piazza San Marco 1, Venice, Italy 30124;2602;5
677;391;910;502;Table Mountain Rd, Cape Town, South Africa 8001;123 Main Street, New York, NY 10001;3067;5
678;110;419;88;Champs-Élysées 75, Paris, France 75008;333 River Road, Seattle, WA 98101;3292;4
679;608;181;528;555 Mountain Street, Washington, DC 20001;123 Main Street, New York, NY 10001;4966;4
680;406;53;675;864 Palm Drive, San Jose, CA 95101;555 Mountain Street, Washington, DC 20001;4599;5
681;7;640;457;333 River Road, Seattle, WA 98101;Table Mountain Rd, Cape Town, South Africa 8001;3069;5
682;280;506;532;246 Spruce Road, Dallas, TX 75201;123 Main Street, New York, NY 10001;3708;4
683;343;231;536;Forbidden City 4, Beijing, China 100006;456 Oak Avenue, Los Angeles, CA 90001;3857;4
684;874;543;138;321 Elm Boulevard, Houston, TX 77001;246 Spruce Road, Dallas, TX 75201;1668;2
685;314;66;83;246 Spruce Road, Dallas, TX 75201;753 Willow Avenue, San Diego, CA 92101;1108;4
686;850;773;571;987 Cedar Lane, Philadelphia, PA 19101;321 Elm Boulevard, Houston, TX 77001;2239;3
687;61;472;759;123 Main Street, New York, NY 10001;Table Mountain Rd, Cape Town, South Africa 8001;4965;4
688;405;67;733;Piazza San Marco 1, Venice, Italy 30124;321 Elm Boulevard, Houston, TX 77001;4193;2
689;927;834;226;444 Lake View, Denver, CO 80201;Marina Bay Sands 10, Singapore 018956;1611;2
690;935;403;497;Shibuya Crossing 2, Tokyo, Japan 150-0043;753 Willow Avenue, San Diego, CA 92101;3540;5
691;443;321;82;Marina Bay Sands 10, Singapore 018956;321 Elm Boulevard, Houston, TX 77001;4094;5
692;843;315;266;Marina Bay Sands 10, Singapore 018956;159 Birch Street, San Antonio, TX 78201;2309;4
693;477;443;56;333 River Road, Seattle, WA 98101;222 Park Avenue, Boston, MA 02101;2162;5
694;971;173;247;654 Maple Drive, Phoenix, AZ 85001;555 Mountain Street, Washington, DC 20001;3469;4
695;262;912;909;666 Ocean Avenue, Miami, FL 33101;Copacabana Beach 100, Rio de Janeiro, Brazil 22070-011;2046;4
696;596;41;813;Champs-Élysées 75, Paris, France 75008;444 Lake View, Denver, CO 80201;2008;3
697;775;816;313;Piazza San Marco 1, Venice, Italy 30124;123 Main Street, New York, NY 10001;3568;3
698;303;78;329;666 Ocean Avenue, Miami, FL 33101;CN Tower 301, Toronto, Canada M5V 2T6;2441;5
699;37;406;311;222 Park Avenue, Boston, MA 02101;222 Park Avenue, Boston, MA 02101;2500;5
700;554;295;669;666 Ocean Avenue, Miami, FL 33101;Marina Bay Sands 10, Singapore 018956;3397;2
701;296;344;139;Forbidden City 4, Beijing, China 100006;Shibuya Crossing 2, Tokyo, Japan 150-0043;1957;2
702;802;505;206;Marina Bay Sands 10, Singapore 018956;Burj Khalifa 1, Dubai, UAE;2796;5
703;560;289;467;864 Palm Drive, San Jose, CA 95101;Copacabana Beach 100, Rio de Janeiro, Brazil 22070-011;3434;5
704;449;565;152;246 Spruce Road, Dallas, TX 75201;222 Park Avenue, Boston, MA 02101;1565;3
705;261;306;932;Sagrada Família 401, Barcelona, Spain 08013;864 Palm Drive, San Jose, CA 95101;3699;2
706;837;715;72;666 Ocean Avenue, Miami, FL 33101;444 Lake View, Denver, CO 80201;1098;3
707;118;841;487;123 Main Street, New York, NY 10001;789 Pine Road, Chicago, IL 60601;4533;3
708;361;231;866;555 Mountain Street, Washington, DC 20001;Champs-Élysées 75, Paris, France 75008;3152;3
709;467;376;262;Sydney Opera House, Sydney, Australia 2000;Forbidden City 4, Beijing, China 100006;1604;3
710;904;542;608;Forbidden City 4, Beijing, China 100006;222 Park Avenue, Boston, MA 02101;1312;3
711;227;607;382;Marina Bay Sands 10, Singapore 018956;Gyeongbokgung Palace 161, Seoul, South Korea 03045;3847;2
712;784;194;640;Brandenburger Tor 1, Berlin, Germany 10117;Marina Bay Sands 10, Singapore 018956;4613;2
713;691;692;410;555 Mountain Street, Washington, DC 20001;Piazza San Marco 1, Venice, Italy 30124;2744;4
714;340;94;674;Burj Khalifa 1, Dubai, UAE;666 Ocean Avenue, Miami, FL 33101;4394;3
715;396;641;182;789 Pine Road, Chicago, IL 60601;Red Square 1, Moscow, Russia 109012;4759;4
716;700;336;87;Sagrada Família 401, Barcelona, Spain 08013;246 Spruce Road, Dallas, TX 75201;2775;5
717;921;658;23;Shibuya Crossing 2, Tokyo, Japan 150-0043;Forbidden City 4, Beijing, China 100006;1234;2
718;107;403;761;Sydney Opera House, Sydney, Australia 2000;Copacabana Beach 100, Rio de Janeiro, Brazil 22070-011;4360;2
719;423;999;345;Burj Khalifa 1, Dubai, UAE;987 Cedar Lane, Philadelphia, PA 19101;3033;4
720;572;577;15;246 Spruce Road, Dallas, TX 75201;654 Maple Drive, Phoenix, AZ 85001;4164;2
721;100;292;544;Marina Bay Sands 10, Singapore 018956;Piazza San Marco 1, Venice, Italy 30124;2422;3
722;929;33;901;789 Pine Road, Chicago, IL 60601;789 Pine Road, Chicago, IL 60601;3210;3
723;601;3;763;Sydney Opera House, Sydney, Australia 2000;Marina Bay Sands 10, Singapore 018956;1064;4
724;982;518;366;Burj Khalifa 1, Dubai, UAE;Sagrada Família 401, Barcelona, Spain 08013;3045;4
725;898;427;794;Gyeongbokgung Palace 161, Seoul, South Korea 03045;864 Palm Drive, San Jose, CA 95101;3428;4
726;258;741;659;Brandenburger Tor 1, Berlin, Germany 10117;Piazza San Marco 1, Venice, Italy 30124;4434;5
727;737;513;939;123 Main Street, New York, NY 10001;666 Ocean Avenue, Miami, FL 33101;1828;3
728;804;572;783;555 Mountain Street, Washington, DC 20001;Piazza San Marco 1, Venice, Italy 30124;1680;4
729;698;940;740;654 Maple Drive, Phoenix, AZ 85001;Marina Bay Sands 10, Singapore 018956;4480;4
730;179;18;772;456 Oak Avenue, Los Angeles, CA 90001;Brandenburger Tor 1, Berlin, Germany 10117;3028;3
731;675;498;64;Burj Khalifa 1, Dubai, UAE;Piazza San Marco 1, Venice, Italy 30124;1154;4
732;762;380;614;Sydney Opera House, Sydney, Australia 2000;555 Mountain Street, Washington, DC 20001;2996;2
733;554;161;720;456 Oak Avenue, Los Angeles, CA 90001;987 Cedar Lane, Philadelphia, PA 19101;2035;2
734;141;711;828;Piazza San Marco 1, Venice, Italy 30124;123 Main Street, New York, NY 10001;2242;3
735;21;365;739;864 Palm Drive, San Jose, CA 95101;456 Oak Avenue, Los Angeles, CA 90001;2498;3
736;62;155;611;Champs-Élysées 75, Paris, France 75008;Piazza San Marco 1, Venice, Italy 30124;4250;2
737;202;214;117;Champs-Élysées 75, Paris, France 75008;987 Cedar Lane, Philadelphia, PA 19101;4276;5
738;939;820;307;Brandenburger Tor 1, Berlin, Germany 10117;321 Elm Boulevard, Houston, TX 77001;2196;3
739;706;857;446;321 Elm Boulevard, Houston, TX 77001;864 Palm Drive, San Jose, CA 95101;3256;4
740;837;375;736;444 Lake View, Denver, CO 80201;Table Mountain Rd, Cape Town, South Africa 8001;4415;4
741;601;623;353;246 Spruce Road, Dallas, TX 75201;Forbidden City 4, Beijing, China 100006;3544;2
742;608;35;77;987 Cedar Lane, Philadelphia, PA 19101;Sydney Opera House, Sydney, Australia 2000;4107;3
743;604;164;78;Red Square 1, Moscow, Russia 109012;Forbidden City 4, Beijing, China 100006;1308;2
744;290;747;961;Champs-Élysées 75, Paris, France 75008;Piazza San Marco 1, Venice, Italy 30124;4429;3
745;813;496;482;Gyeongbokgung Palace 161, Seoul, South Korea 03045;Piazza San Marco 1, Venice, Italy 30124;1971;2
746;931;192;232;654 Maple Drive, Phoenix, AZ 85001;Copacabana Beach 100, Rio de Janeiro, Brazil 22070-011;3732;2
747;99;449;144;Red Square 1, Moscow, Russia 109012;987 Cedar Lane, Philadelphia, PA 19101;3055;2
748;645;647;1000;666 Ocean Avenue, Miami, FL 33101;222 Park Avenue, Boston, MA 02101;1195;4
749;893;346;500;Forbidden City 4, Beijing, China 100006;456 Oak Avenue, Los Angeles, CA 90001;2154;5
750;504;313;805;Forbidden City 4, Beijing, China 100006;222 Park Avenue, Boston, MA 02101;3714;3
751;12;59;155;Sydney Opera House, Sydney, Australia 2000;Gyeongbokgung Palace 161, Seoul, South Korea 03045;1735;3
752;533;959;998;Sagrada Família 401, Barcelona, Spain 08013;Shibuya Crossing 2, Tokyo, Japan 150-0043;2808;2
753;408;246;324;555 Mountain Street, Washington, DC 20001;Sydney Opera House, Sydney, Australia 2000;2179;4
754;315;331;389;987 Cedar Lane, Philadelphia, PA 19101;333 River Road, Seattle, WA 98101;2360;3
755;692;837;337;Brandenburger Tor 1, Berlin, Germany 10117;321 Elm Boulevard, Houston, TX 77001;1393;2
756;93;257;456;456 Oak Avenue, Los Angeles, CA 90001;Burj Khalifa 1, Dubai, UAE;2543;5
757;804;516;577;333 River Road, Seattle, WA 98101;321 Elm Boulevard, Houston, TX 77001;4615;2
758;518;812;879;321 Elm Boulevard, Houston, TX 77001;Shibuya Crossing 2, Tokyo, Japan 150-0043;1266;2
759;691;968;748;Gyeongbokgung Palace 161, Seoul, South Korea 03045;Copacabana Beach 100, Rio de Janeiro, Brazil 22070-011;4142;5
760;319;267;817;Champs-Élysées 75, Paris, France 75008;666 Ocean Avenue, Miami, FL 33101;3333;3
761;698;913;225;Forbidden City 4, Beijing, China 100006;Gyeongbokgung Palace 161, Seoul, South Korea 03045;1004;3
762;335;102;944;Marina Bay Sands 10, Singapore 018956;123 Main Street, New York, NY 10001;2865;5
763;74;589;426;789 Pine Road, Chicago, IL 60601;Taj Mahal, Agra, India 282001;2085;2
764;623;711;789;Copacabana Beach 100, Rio de Janeiro, Brazil 22070-011;159 Birch Street, San Antonio, TX 78201;4136;3
765;496;814;833;123 Main Street, New York, NY 10001;864 Palm Drive, San Jose, CA 95101;2905;2
766;972;377;255;222 Park Avenue, Boston, MA 02101;Red Square 1, Moscow, Russia 109012;1024;2
767;643;248;261;Forbidden City 4, Beijing, China 100006;444 Lake View, Denver, CO 80201;4437;4
768;285;232;150;444 Lake View, Denver, CO 80201;987 Cedar Lane, Philadelphia, PA 19101;3398;2
769;335;952;66;333 River Road, Seattle, WA 98101;987 Cedar Lane, Philadelphia, PA 19101;1583;5
770;66;872;319;Gyeongbokgung Palace 161, Seoul, South Korea 03045;Brandenburger Tor 1, Berlin, Germany 10117;2800;2
771;876;693;520;Champs-Élysées 75, Paris, France 75008;753 Willow Avenue, San Diego, CA 92101;2805;4
772;284;27;31;246 Spruce Road, Dallas, TX 75201;444 Lake View, Denver, CO 80201;4085;4
773;61;65;673;Sydney Opera House, Sydney, Australia 2000;159 Birch Street, San Antonio, TX 78201;4969;4
774;676;433;306;Forbidden City 4, Beijing, China 100006;Taj Mahal, Agra, India 282001;1569;2
775;221;896;356;987 Cedar Lane, Philadelphia, PA 19101;Sydney Opera House, Sydney, Australia 2000;2553;4
776;336;811;13;444 Lake View, Denver, CO 80201;789 Pine Road, Chicago, IL 60601;3242;4
777;54;638;401;789 Pine Road, Chicago, IL 60601;Forbidden City 4, Beijing, China 100006;3298;2
778;911;280;125;Champs-Élysées 75, Paris, France 75008;789 Pine Road, Chicago, IL 60601;4317;4
779;515;67;980;246 Spruce Road, Dallas, TX 75201;555 Mountain Street, Washington, DC 20001;3993;2
780;352;581;962;246 Spruce Road, Dallas, TX 75201;123 Main Street, New York, NY 10001;3375;5
781;957;181;535;987 Cedar Lane, Philadelphia, PA 19101;Shibuya Crossing 2, Tokyo, Japan 150-0043;2209;5
782;15;940;407;CN Tower 301, Toronto, Canada M5V 2T6;246 Spruce Road, Dallas, TX 75201;1926;5
783;163;703;334;864 Palm Drive, San Jose, CA 95101;444 Lake View, Denver, CO 80201;1319;2
784;437;856;583;CN Tower 301, Toronto, Canada M5V 2T6;Table Mountain Rd, Cape Town, South Africa 8001;4088;2
785;441;540;179;Copacabana Beach 100, Rio de Janeiro, Brazil 22070-011;987 Cedar Lane, Philadelphia, PA 19101;1142;4
786;19;221;662;321 Elm Boulevard, Houston, TX 77001;Burj Khalifa 1, Dubai, UAE;4636;3
787;459;297;421;Gyeongbokgung Palace 161, Seoul, South Korea 03045;666 Ocean Avenue, Miami, FL 33101;3445;4
788;384;273;274;333 River Road, Seattle, WA 98101;CN Tower 301, Toronto, Canada M5V 2T6;1728;3
789;111;407;61;Champs-Élysées 75, Paris, France 75008;Taj Mahal, Agra, India 282001;3921;4
790;248;269;684;333 River Road, Seattle, WA 98101;Brandenburger Tor 1, Berlin, Germany 10117;1057;4
791;513;152;664;159 Birch Street, San Antonio, TX 78201;Taj Mahal, Agra, India 282001;4776;5
792;906;673;122;Shibuya Crossing 2, Tokyo, Japan 150-0043;753 Willow Avenue, San Diego, CA 92101;4397;5
793;171;20;506;333 River Road, Seattle, WA 98101;Sagrada Família 401, Barcelona, Spain 08013;4349;5
794;315;719;825;Brandenburger Tor 1, Berlin, Germany 10117;333 River Road, Seattle, WA 98101;2547;3
795;895;522;194;Brandenburger Tor 1, Berlin, Germany 10117;222 Park Avenue, Boston, MA 02101;3154;4
796;63;87;635;Brandenburger Tor 1, Berlin, Germany 10117;Sagrada Família 401, Barcelona, Spain 08013;4899;4
797;704;910;972;Burj Khalifa 1, Dubai, UAE;555 Mountain Street, Washington, DC 20001;1190;5
798;206;445;765;456 Oak Avenue, Los Angeles, CA 90001;Taj Mahal, Agra, India 282001;1053;4
799;543;906;162;753 Willow Avenue, San Diego, CA 92101;Copacabana Beach 100, Rio de Janeiro, Brazil 22070-011;3371;2
800;502;698;865;Marina Bay Sands 10, Singapore 018956;Shibuya Crossing 2, Tokyo, Japan 150-0043;3200;5
801;928;281;709;789 Pine Road, Chicago, IL 60601;789 Pine Road, Chicago, IL 60601;1182;3
802;415;55;175;Copacabana Beach 100, Rio de Janeiro, Brazil 22070-011;Red Square 1, Moscow, Russia 109012;4547;3
803;919;142;197;Champs-Élysées 75, Paris, France 75008;Champs-Élysées 75, Paris, France 75008;4285;3
804;613;524;354;Red Square 1, Moscow, Russia 109012;753 Willow Avenue, San Diego, CA 92101;4092;2
805;237;898;254;222 Park Avenue, Boston, MA 02101;CN Tower 301, Toronto, Canada M5V 2T6;1716;3
806;885;59;233;321 Elm Boulevard, Houston, TX 77001;Sagrada Família 401, Barcelona, Spain 08013;2095;5
807;962;458;567;987 Cedar Lane, Philadelphia, PA 19101;Copacabana Beach 100, Rio de Janeiro, Brazil 22070-011;4775;3
808;709;840;443;654 Maple Drive, Phoenix, AZ 85001;444 Lake View, Denver, CO 80201;2933;2
809;717;953;588;159 Birch Street, San Antonio, TX 78201;Gyeongbokgung Palace 161, Seoul, South Korea 03045;2293;4
810;523;71;395;Burj Khalifa 1, Dubai, UAE;159 Birch Street, San Antonio, TX 78201;4070;4
811;109;914;755;246 Spruce Road, Dallas, TX 75201;444 Lake View, Denver, CO 80201;3374;2
812;812;545;454;Copacabana Beach 100, Rio de Janeiro, Brazil 22070-011;Copacabana Beach 100, Rio de Janeiro, Brazil 22070-011;3733;3
813;380;878;328;Taj Mahal, Agra, India 282001;CN Tower 301, Toronto, Canada M5V 2T6;1400;3
814;488;322;1;Forbidden City 4, Beijing, China 100006;333 River Road, Seattle, WA 98101;4359;3
815;267;614;384;864 Palm Drive, San Jose, CA 95101;Shibuya Crossing 2, Tokyo, Japan 150-0043;4213;5
816;596;951;265;Copacabana Beach 100, Rio de Janeiro, Brazil 22070-011;Table Mountain Rd, Cape Town, South Africa 8001;1619;4
817;678;245;442;Brandenburger Tor 1, Berlin, Germany 10117;Champs-Élysées 75, Paris, France 75008;3018;3
818;231;366;420;Sydney Opera House, Sydney, Australia 2000;Gyeongbokgung Palace 161, Seoul, South Korea 03045;3030;5
819;713;795;719;123 Main Street, New York, NY 10001;321 Elm Boulevard, Houston, TX 77001;2217;2
820;778;260;3;Sagrada Família 401, Barcelona, Spain 08013;321 Elm Boulevard, Houston, TX 77001;3045;3
821;491;158;716;Brandenburger Tor 1, Berlin, Germany 10117;753 Willow Avenue, San Diego, CA 92101;4181;3
822;920;964;769;864 Palm Drive, San Jose, CA 95101;456 Oak Avenue, Los Angeles, CA 90001;1902;5
823;832;494;27;246 Spruce Road, Dallas, TX 75201;666 Ocean Avenue, Miami, FL 33101;2689;3
824;854;968;616;864 Palm Drive, San Jose, CA 95101;Champs-Élysées 75, Paris, France 75008;2642;2
825;660;636;279;654 Maple Drive, Phoenix, AZ 85001;159 Birch Street, San Antonio, TX 78201;2317;4
826;663;336;636;Brandenburger Tor 1, Berlin, Germany 10117;654 Maple Drive, Phoenix, AZ 85001;1741;2
827;340;90;752;654 Maple Drive, Phoenix, AZ 85001;666 Ocean Avenue, Miami, FL 33101;4279;5
828;634;207;462;123 Main Street, New York, NY 10001;444 Lake View, Denver, CO 80201;3178;3
829;483;195;916;Champs-Élysées 75, Paris, France 75008;123 Main Street, New York, NY 10001;3047;3
830;27;79;681;753 Willow Avenue, San Diego, CA 92101;Piazza San Marco 1, Venice, Italy 30124;4174;2
831;432;354;230;Piazza San Marco 1, Venice, Italy 30124;864 Palm Drive, San Jose, CA 95101;4971;3
832;905;194;100;CN Tower 301, Toronto, Canada M5V 2T6;789 Pine Road, Chicago, IL 60601;2397;3
833;474;620;925;555 Mountain Street, Washington, DC 20001;159 Birch Street, San Antonio, TX 78201;4916;2
834;619;155;735;789 Pine Road, Chicago, IL 60601;444 Lake View, Denver, CO 80201;4572;3
835;349;328;708;Sagrada Família 401, Barcelona, Spain 08013;654 Maple Drive, Phoenix, AZ 85001;1968;4
836;560;547;441;753 Willow Avenue, San Diego, CA 92101;Shibuya Crossing 2, Tokyo, Japan 150-0043;2477;4
837;149;237;234;654 Maple Drive, Phoenix, AZ 85001;Champs-Élysées 75, Paris, France 75008;3938;4
838;768;637;507;654 Maple Drive, Phoenix, AZ 85001;864 Palm Drive, San Jose, CA 95101;4965;3
839;492;907;628;Piazza San Marco 1, Venice, Italy 30124;CN Tower 301, Toronto, Canada M5V 2T6;2044;2
840;243;441;200;Copacabana Beach 100, Rio de Janeiro, Brazil 22070-011;456 Oak Avenue, Los Angeles, CA 90001;2016;5
841;464;832;419;789 Pine Road, Chicago, IL 60601;Red Square 1, Moscow, Russia 109012;2786;4
842;873;58;203;Sagrada Família 401, Barcelona, Spain 08013;159 Birch Street, San Antonio, TX 78201;3870;4
843;408;859;711;987 Cedar Lane, Philadelphia, PA 19101;666 Ocean Avenue, Miami, FL 33101;2150;4
844;632;136;737;Taj Mahal, Agra, India 282001;987 Cedar Lane, Philadelphia, PA 19101;2631;3
845;513;374;715;Sydney Opera House, Sydney, Australia 2000;Brandenburger Tor 1, Berlin, Germany 10117;3020;2
846;899;607;363;Gyeongbokgung Palace 161, Seoul, South Korea 03045;444 Lake View, Denver, CO 80201;4564;5
847;734;941;62;Forbidden City 4, Beijing, China 100006;987 Cedar Lane, Philadelphia, PA 19101;1178;3
848;466;860;163;Piazza San Marco 1, Venice, Italy 30124;Table Mountain Rd, Cape Town, South Africa 8001;1861;4
849;273;221;362;Piazza San Marco 1, Venice, Italy 30124;321 Elm Boulevard, Houston, TX 77001;3178;2
850;642;228;204;Brandenburger Tor 1, Berlin, Germany 10117;Red Square 1, Moscow, Russia 109012;2658;2
851;570;785;839;Sydney Opera House, Sydney, Australia 2000;987 Cedar Lane, Philadelphia, PA 19101;1031;3
852;521;311;396;333 River Road, Seattle, WA 98101;654 Maple Drive, Phoenix, AZ 85001;2599;3
853;169;512;867;Burj Khalifa 1, Dubai, UAE;Sagrada Família 401, Barcelona, Spain 08013;1692;3
854;993;653;216;Copacabana Beach 100, Rio de Janeiro, Brazil 22070-011;864 Palm Drive, San Jose, CA 95101;2601;3
855;147;939;714;Shibuya Crossing 2, Tokyo, Japan 150-0043;Sagrada Família 401, Barcelona, Spain 08013;2380;2
856;446;887;587;864 Palm Drive, San Jose, CA 95101;789 Pine Road, Chicago, IL 60601;1056;5
857;989;705;667;CN Tower 301, Toronto, Canada M5V 2T6;159 Birch Street, San Antonio, TX 78201;1297;5
858;319;283;479;987 Cedar Lane, Philadelphia, PA 19101;789 Pine Road, Chicago, IL 60601;1368;2
859;868;971;967;864 Palm Drive, San Jose, CA 95101;Table Mountain Rd, Cape Town, South Africa 8001;4922;2
860;973;152;357;Table Mountain Rd, Cape Town, South Africa 8001;123 Main Street, New York, NY 10001;4562;5
861;909;876;496;Gyeongbokgung Palace 161, Seoul, South Korea 03045;Shibuya Crossing 2, Tokyo, Japan 150-0043;2971;3
862;355;21;802;333 River Road, Seattle, WA 98101;321 Elm Boulevard, Houston, TX 77001;1822;3
863;598;806;250;333 River Road, Seattle, WA 98101;Shibuya Crossing 2, Tokyo, Japan 150-0043;2044;5
864;16;803;238;654 Maple Drive, Phoenix, AZ 85001;222 Park Avenue, Boston, MA 02101;4796;4
865;487;636;447;456 Oak Avenue, Los Angeles, CA 90001;654 Maple Drive, Phoenix, AZ 85001;4575;5
866;572;147;17;987 Cedar Lane, Philadelphia, PA 19101;Table Mountain Rd, Cape Town, South Africa 8001;4093;3
867;297;958;486;456 Oak Avenue, Los Angeles, CA 90001;321 Elm Boulevard, Houston, TX 77001;4252;4
868;536;226;557;654 Maple Drive, Phoenix, AZ 85001;864 Palm Drive, San Jose, CA 95101;3443;4
869;573;376;205;CN Tower 301, Toronto, Canada M5V 2T6;456 Oak Avenue, Los Angeles, CA 90001;3728;4
870;85;734;682;Sydney Opera House, Sydney, Australia 2000;321 Elm Boulevard, Houston, TX 77001;4788;2
871;514;680;513;Champs-Élysées 75, Paris, France 75008;CN Tower 301, Toronto, Canada M5V 2T6;3882;5
872;185;138;592;456 Oak Avenue, Los Angeles, CA 90001;123 Main Street, New York, NY 10001;4854;5
873;829;531;948;456 Oak Avenue, Los Angeles, CA 90001;159 Birch Street, San Antonio, TX 78201;1477;2
874;789;196;217;Piazza San Marco 1, Venice, Italy 30124;Piazza San Marco 1, Venice, Italy 30124;3060;3
875;877;164;960;CN Tower 301, Toronto, Canada M5V 2T6;Marina Bay Sands 10, Singapore 018956;2179;3
876;311;277;193;123 Main Street, New York, NY 10001;444 Lake View, Denver, CO 80201;2595;4
877;914;875;300;222 Park Avenue, Boston, MA 02101;Red Square 1, Moscow, Russia 109012;3651;3
878;946;604;560;321 Elm Boulevard, Houston, TX 77001;Marina Bay Sands 10, Singapore 018956;4330;5
879;589;416;488;753 Willow Avenue, San Diego, CA 92101;Sagrada Família 401, Barcelona, Spain 08013;4487;3
880;833;645;718;333 River Road, Seattle, WA 98101;864 Palm Drive, San Jose, CA 95101;1887;2
881;114;852;326;444 Lake View, Denver, CO 80201;CN Tower 301, Toronto, Canada M5V 2T6;3401;4
882;257;415;986;123 Main Street, New York, NY 10001;333 River Road, Seattle, WA 98101;4441;4
883;377;472;160;CN Tower 301, Toronto, Canada M5V 2T6;Copacabana Beach 100, Rio de Janeiro, Brazil 22070-011;2467;4
884;9;516;686;Marina Bay Sands 10, Singapore 018956;444 Lake View, Denver, CO 80201;2695;3
885;46;497;44;Sagrada Família 401, Barcelona, Spain 08013;Shibuya Crossing 2, Tokyo, Japan 150-0043;2733;3
886;519;241;239;Taj Mahal, Agra, India 282001;Sagrada Família 401, Barcelona, Spain 08013;3549;4
887;753;428;951;123 Main Street, New York, NY 10001;Marina Bay Sands 10, Singapore 018956;3664;4
888;475;912;89;246 Spruce Road, Dallas, TX 75201;555 Mountain Street, Washington, DC 20001;1466;4
889;838;270;987;Brandenburger Tor 1, Berlin, Germany 10117;Burj Khalifa 1, Dubai, UAE;2300;2
890;648;984;573;864 Palm Drive, San Jose, CA 95101;864 Palm Drive, San Jose, CA 95101;2823;3
891;603;482;818;Sagrada Família 401, Barcelona, Spain 08013;753 Willow Avenue, San Diego, CA 92101;3373;2
892;571;902;699;Gyeongbokgung Palace 161, Seoul, South Korea 03045;Sydney Opera House, Sydney, Australia 2000;4648;5
893;853;38;678;222 Park Avenue, Boston, MA 02101;Shibuya Crossing 2, Tokyo, Japan 150-0043;2792;5
894;665;757;921;Marina Bay Sands 10, Singapore 018956;Copacabana Beach 100, Rio de Janeiro, Brazil 22070-011;3388;4
895;244;803;950;Forbidden City 4, Beijing, China 100006;321 Elm Boulevard, Houston, TX 77001;2152;4
896;594;768;835;Table Mountain Rd, Cape Town, South Africa 8001;246 Spruce Road, Dallas, TX 75201;4410;2
897;856;161;123;159 Birch Street, San Antonio, TX 78201;CN Tower 301, Toronto, Canada M5V 2T6;2313;2
898;167;588;886;Marina Bay Sands 10, Singapore 018956;Table Mountain Rd, Cape Town, South Africa 8001;4347;2
899;971;159;437;321 Elm Boulevard, Houston, TX 77001;Forbidden City 4, Beijing, China 100006;2823;2
900;682;765;565;Burj Khalifa 1, Dubai, UAE;Sydney Opera House, Sydney, Australia 2000;3348;5
901;24;709;692;Sydney Opera House, Sydney, Australia 2000;987 Cedar Lane, Philadelphia, PA 19101;2809;3
902;826;158;599;321 Elm Boulevard, Houston, TX 77001;159 Birch Street, San Antonio, TX 78201;3007;5
903;11;756;349;654 Maple Drive, Phoenix, AZ 85001;Forbidden City 4, Beijing, China 100006;3128;2
904;28;362;7;159 Birch Street, San Antonio, TX 78201;333 River Road, Seattle, WA 98101;3949;4
905;693;415;645;Sydney Opera House, Sydney, Australia 2000;CN Tower 301, Toronto, Canada M5V 2T6;1869;4
906;572;388;70;789 Pine Road, Chicago, IL 60601;Forbidden City 4, Beijing, China 100006;4206;3
907;376;879;546;Marina Bay Sands 10, Singapore 018956;864 Palm Drive, San Jose, CA 95101;1209;4
908;704;965;503;789 Pine Road, Chicago, IL 60601;Taj Mahal, Agra, India 282001;2308;2
909;395;459;416;Forbidden City 4, Beijing, China 100006;456 Oak Avenue, Los Angeles, CA 90001;1997;2
910;517;815;12;333 River Road, Seattle, WA 98101;456 Oak Avenue, Los Angeles, CA 90001;1886;5
911;380;82;273;Marina Bay Sands 10, Singapore 018956;Sydney Opera House, Sydney, Australia 2000;3178;3
912;344;499;178;456 Oak Avenue, Los Angeles, CA 90001;Piazza San Marco 1, Venice, Italy 30124;2578;2
913;805;193;672;Piazza San Marco 1, Venice, Italy 30124;444 Lake View, Denver, CO 80201;1715;5
914;4;540;211;444 Lake View, Denver, CO 80201;789 Pine Road, Chicago, IL 60601;4883;3
915;819;117;844;159 Birch Street, San Antonio, TX 78201;555 Mountain Street, Washington, DC 20001;4468;5
916;841;187;799;Shibuya Crossing 2, Tokyo, Japan 150-0043;Shibuya Crossing 2, Tokyo, Japan 150-0043;3471;4
917;679;810;897;Taj Mahal, Agra, India 282001;555 Mountain Street, Washington, DC 20001;4173;3
918;648;637;195;123 Main Street, New York, NY 10001;Taj Mahal, Agra, India 282001;1146;2
919;358;151;814;159 Birch Street, San Antonio, TX 78201;456 Oak Avenue, Los Angeles, CA 90001;1543;4
920;456;685;501;Shibuya Crossing 2, Tokyo, Japan 150-0043;159 Birch Street, San Antonio, TX 78201;3439;4
921;757;594;315;Forbidden City 4, Beijing, China 100006;555 Mountain Street, Washington, DC 20001;2699;5
922;754;440;42;Sydney Opera House, Sydney, Australia 2000;Red Square 1, Moscow, Russia 109012;3091;2
923;33;91;554;444 Lake View, Denver, CO 80201;Shibuya Crossing 2, Tokyo, Japan 150-0043;3459;5
924;351;421;458;456 Oak Avenue, Los Angeles, CA 90001;Forbidden City 4, Beijing, China 100006;4028;3
925;166;262;35;864 Palm Drive, San Jose, CA 95101;555 Mountain Street, Washington, DC 20001;1580;3
926;11;148;868;Forbidden City 4, Beijing, China 100006;Sagrada Família 401, Barcelona, Spain 08013;3835;2
927;56;305;941;444 Lake View, Denver, CO 80201;222 Park Avenue, Boston, MA 02101;4193;4
928;539;251;288;Marina Bay Sands 10, Singapore 018956;CN Tower 301, Toronto, Canada M5V 2T6;2795;5
929;945;261;749;864 Palm Drive, San Jose, CA 95101;Champs-Élysées 75, Paris, France 75008;4200;5
930;609;887;919;Sydney Opera House, Sydney, Australia 2000;555 Mountain Street, Washington, DC 20001;2094;4
931;358;208;903;333 River Road, Seattle, WA 98101;Brandenburger Tor 1, Berlin, Germany 10117;1870;3
932;203;918;869;333 River Road, Seattle, WA 98101;Champs-Élysées 75, Paris, France 75008;3281;4
933;420;388;340;Sydney Opera House, Sydney, Australia 2000;Champs-Élysées 75, Paris, France 75008;3927;4
934;509;433;22;Brandenburger Tor 1, Berlin, Germany 10117;222 Park Avenue, Boston, MA 02101;4559;3
935;568;145;403;Sagrada Família 401, Barcelona, Spain 08013;654 Maple Drive, Phoenix, AZ 85001;1891;2
936;445;193;550;CN Tower 301, Toronto, Canada M5V 2T6;Copacabana Beach 100, Rio de Janeiro, Brazil 22070-011;3650;3
937;590;493;54;321 Elm Boulevard, Houston, TX 77001;Marina Bay Sands 10, Singapore 018956;4584;5
938;238;698;836;222 Park Avenue, Boston, MA 02101;Marina Bay Sands 10, Singapore 018956;4951;5
939;927;233;864;Piazza San Marco 1, Venice, Italy 30124;Table Mountain Rd, Cape Town, South Africa 8001;2051;5
940;535;139;492;864 Palm Drive, San Jose, CA 95101;456 Oak Avenue, Los Angeles, CA 90001;2540;5
941;531;555;418;Taj Mahal, Agra, India 282001;987 Cedar Lane, Philadelphia, PA 19101;3050;2
942;333;71;46;Table Mountain Rd, Cape Town, South Africa 8001;222 Park Avenue, Boston, MA 02101;1079;4
943;626;521;445;Red Square 1, Moscow, Russia 109012;Sydney Opera House, Sydney, Australia 2000;1741;2
944;758;118;648;222 Park Avenue, Boston, MA 02101;Forbidden City 4, Beijing, China 100006;3947;2
945;493;554;368;159 Birch Street, San Antonio, TX 78201;Gyeongbokgung Palace 161, Seoul, South Korea 03045;1161;4
946;431;851;522;Shibuya Crossing 2, Tokyo, Japan 150-0043;753 Willow Avenue, San Diego, CA 92101;2038;5
947;62;826;670;Brandenburger Tor 1, Berlin, Germany 10117;864 Palm Drive, San Jose, CA 95101;4338;5
948;778;425;634;123 Main Street, New York, NY 10001;246 Spruce Road, Dallas, TX 75201;1987;4
949;907;575;766;333 River Road, Seattle, WA 98101;Red Square 1, Moscow, Russia 109012;4111;2
950;861;732;495;654 Maple Drive, Phoenix, AZ 85001;Sydney Opera House, Sydney, Australia 2000;3751;3
951;962;380;734;Sydney Opera House, Sydney, Australia 2000;333 River Road, Seattle, WA 98101;1211;5
952;152;358;8;Forbidden City 4, Beijing, China 100006;Gyeongbokgung Palace 161, Seoul, South Korea 03045;2139;5
953;5;632;742;Sagrada Família 401, Barcelona, Spain 08013;654 Maple Drive, Phoenix, AZ 85001;2448;3
954;721;737;965;Brandenburger Tor 1, Berlin, Germany 10117;333 River Road, Seattle, WA 98101;2991;2
955;411;842;400;753 Willow Avenue, San Diego, CA 92101;333 River Road, Seattle, WA 98101;1773;5
956;329;667;140;Sagrada Família 401, Barcelona, Spain 08013;Table Mountain Rd, Cape Town, South Africa 8001;4581;5
957;111;464;332;Shibuya Crossing 2, Tokyo, Japan 150-0043;864 Palm Drive, San Jose, CA 95101;2764;2
958;841;577;320;456 Oak Avenue, Los Angeles, CA 90001;CN Tower 301, Toronto, Canada M5V 2T6;4868;4
959;157;401;199;Copacabana Beach 100, Rio de Janeiro, Brazil 22070-011;Table Mountain Rd, Cape Town, South Africa 8001;2556;3
960;636;284;220;Taj Mahal, Agra, India 282001;Burj Khalifa 1, Dubai, UAE;1609;5
961;549;791;808;Shibuya Crossing 2, Tokyo, Japan 150-0043;Brandenburger Tor 1, Berlin, Germany 10117;1906;2
962;342;890;166;Shibuya Crossing 2, Tokyo, Japan 150-0043;864 Palm Drive, San Jose, CA 95101;2590;2
963;629;698;910;864 Palm Drive, San Jose, CA 95101;456 Oak Avenue, Los Angeles, CA 90001;3885;2
964;606;165;861;CN Tower 301, Toronto, Canada M5V 2T6;Taj Mahal, Agra, India 282001;3212;4
965;49;83;518;Shibuya Crossing 2, Tokyo, Japan 150-0043;222 Park Avenue, Boston, MA 02101;2136;5
966;561;599;580;789 Pine Road, Chicago, IL 60601;Sagrada Família 401, Barcelona, Spain 08013;3628;5
967;104;824;810;Red Square 1, Moscow, Russia 109012;159 Birch Street, San Antonio, TX 78201;4548;5
968;570;219;606;789 Pine Road, Chicago, IL 60601;456 Oak Avenue, Los Angeles, CA 90001;3578;4
969;567;663;251;Brandenburger Tor 1, Berlin, Germany 10117;987 Cedar Lane, Philadelphia, PA 19101;3715;2
970;834;825;875;555 Mountain Street, Washington, DC 20001;654 Maple Drive, Phoenix, AZ 85001;1319;4
971;433;983;277;Champs-Élysées 75, Paris, France 75008;Piazza San Marco 1, Venice, Italy 30124;2861;5
972;80;572;105;Sagrada Família 401, Barcelona, Spain 08013;666 Ocean Avenue, Miami, FL 33101;3240;3
973;848;377;322;Brandenburger Tor 1, Berlin, Germany 10117;753 Willow Avenue, San Diego, CA 92101;2155;2
974;100;911;704;555 Mountain Street, Washington, DC 20001;222 Park Avenue, Boston, MA 02101;1503;3
975;126;74;213;Red Square 1, Moscow, Russia 109012;Marina Bay Sands 10, Singapore 018956;1970;2
976;77;115;679;Marina Bay Sands 10, Singapore 018956;Table Mountain Rd, Cape Town, South Africa 8001;4842;2
977;451;225;32;321 Elm Boulevard, Houston, TX 77001;987 Cedar Lane, Philadelphia, PA 19101;1092;3
978;261;893;267;555 Mountain Street, Washington, DC 20001;Burj Khalifa 1, Dubai, UAE;4912;2
979;637;856;705;Gyeongbokgung Palace 161, Seoul, South Korea 03045;Red Square 1, Moscow, Russia 109012;2538;4
980;587;15;73;Champs-Élysées 75, Paris, France 75008;Gyeongbokgung Palace 161, Seoul, South Korea 03045;4244;4
981;384;245;498;Taj Mahal, Agra, India 282001;Piazza San Marco 1, Venice, Italy 30124;3723;2
982;303;456;120;Table Mountain Rd, Cape Town, South Africa 8001;222 Park Avenue, Boston, MA 02101;2721;3
983;646;975;218;Burj Khalifa 1, Dubai, UAE;987 Cedar Lane, Philadelphia, PA 19101;3327;3
984;554;716;29;Brandenburger Tor 1, Berlin, Germany 10117;321 Elm Boulevard, Houston, TX 77001;1687;2
985;170;205;710;Red Square 1, Moscow, Russia 109012;Marina Bay Sands 10, Singapore 018956;1146;3
986;30;479;208;654 Maple Drive, Phoenix, AZ 85001;Burj Khalifa 1, Dubai, UAE;3357;2
987;198;114;143;Gyeongbokgung Palace 161, Seoul, South Korea 03045;456 Oak Avenue, Los Angeles, CA 90001;2067;2
988;294;190;993;444 Lake View, Denver, CO 80201;753 Willow Avenue, San Diego, CA 92101;2266;4
989;453;943;52;666 Ocean Avenue, Miami, FL 33101;222 Park Avenue, Boston, MA 02101;1932;5
990;78;942;57;Gyeongbokgung Palace 161, Seoul, South Korea 03045;Forbidden City 4, Beijing, China 100006;2231;5
991;583;589;661;Shibuya Crossing 2, Tokyo, Japan 150-0043;753 Willow Avenue, San Diego, CA 92101;1473;5
992;382;93;81;654 Maple Drive, Phoenix, AZ 85001;864 Palm Drive, San Jose, CA 95101;2380;4
993;367;807;807;654 Maple Drive, Phoenix, AZ 85001;246 Spruce Road, Dallas, TX 75201;2147;4
994;108;23;28;Sagrada Família 401, Barcelona, Spain 08013;789 Pine Road, Chicago, IL 60601;2373;3
995;234;27;912;321 Elm Boulevard, Houston, TX 77001;333 River Road, Seattle, WA 98101;2768;3
996;206;126;936;CN Tower 301, Toronto, Canada M5V 2T6;222 Park Avenue, Boston, MA 02101;4167;4
997;125;241;360;987 Cedar Lane, Philadelphia, PA 19101;555 Mountain Street, Washington, DC 20001;2268;4
998;956;800;647;Gyeongbokgung Palace 161, Seoul, South Korea 03045;987 Cedar Lane, Philadelphia, PA 19101;3172;3
999;147;413;192;Piazza San Marco 1, Venice, Italy 30124;123 Main Street, New York, NY 10001;4053;3
1000;638;651;576;Taj Mahal, Agra, India 282001;Shibuya Crossing 2, Tokyo, Japan 150-0043;3127;5
