1;436;347;569;Copacabana Beach 100, Rio de Janeiro, Brazil 22070-011;159 Birch Street, San Antonio, TX 78201;4247;5
2;654;624;646;666 Ocean Avenue, Miami, FL 33101;Red Square 1, Moscow, Russia 109012;2923;2
3;140;471;231;987 Cedar Lane, Philadelphia, PA 19101;CN Tower 301, Toronto, Canada M5V 2T6;1276;3
4;749;705;732;Sydney Opera House, Sydney, Australia 2000;Marina Bay Sands 10, Singapore 018956;4753;5
5;298;96;209;Taj Mahal, Agra, India 282001;Sagrada Família 401, Barcelona, Spain 08013;4580;3
6;318;804;57;333 River Road, Seattle, WA 98101;Forbidden City 4, Beijing, China 100006;2221;2
7;652;804;149;864 Palm Drive, San Jose, CA 95101;123 Main Street, New York, NY 10001;4349;2
8;376;309;957;864 Palm Drive, San Jose, CA 95101;Brandenburger Tor 1, Berlin, Germany 10117;1041;2
9;648;944;679;Red Square 1, Moscow, Russia 109012;456 Oak Avenue, Los Angeles, CA 90001;3378;3
10;168;958;940;Burj Khalifa 1, Dubai, UAE;333 River Road, Seattle, WA 98101;3408;4
11;949;481;269;456 Oak Avenue, Los Angeles, CA 90001;Shibuya Crossing 2, Tokyo, Japan 150-0043;2822;4
12;200;844;214;Copacabana Beach 100, Rio de Janeiro, Brazil 22070-011;246 Spruce Road, Dallas, TX 75201;3354;5
13;783;614;6;Champs-Élysées 75, Paris, France 75008;666 Ocean Avenue, Miami, FL 33101;3560;5
14;982;561;262;Shibuya Crossing 2, Tokyo, Japan 150-0043;987 Cedar Lane, Philadelphia, PA 19101;4472;4
15;17;351;666;Table Mountain Rd, Cape Town, South Africa 8001;246 Spruce Road, Dallas, TX 75201;4025;4
16;136;666;539;Red Square 1, Moscow, Russia 109012;Forbidden City 4, Beijing, China 100006;1144;2
17;531;398;761;789 Pine Road, Chicago, IL 60601;Champs-Élysées 75, Paris, France 75008;2315;3
18;754;785;632;159 Birch Street, San Antonio, TX 78201;654 Maple Drive, Phoenix, AZ 85001;4245;5
19;24;312;535;Marina Bay Sands 10, Singapore 018956;666 Ocean Avenue, Miami, FL 33101;4050;5
20;209;158;102;CN Tower 301, Toronto, Canada M5V 2T6;789 Pine Road, Chicago, IL 60601;1710;5
21;711;290;514;Table Mountain Rd, Cape Town, South Africa 8001;Shibuya Crossing 2, Tokyo, Japan 150-0043;1859;4
22;525;511;316;159 Birch Street, San Antonio, TX 78201;Copacabana Beach 100, Rio de Janeiro, Brazil 22070-011;1968;2
23;61;65;968;Piazza San Marco 1, Venice, Italy 30124;789 Pine Road, Chicago, IL 60601;1621;4
24;320;759;167;Forbidden City 4, Beijing, China 100006;Red Square 1, Moscow, Russia 109012;3378;5
25;665;509;278;333 River Road, Seattle, WA 98101;Forbidden City 4, Beijing, China 100006;3023;3
26;964;910;439;Brandenburger Tor 1, Berlin, Germany 10117;159 Birch Street, San Antonio, TX 78201;1004;2
27;725;775;422;456 Oak Avenue, Los Angeles, CA 90001;666 Ocean Avenue, Miami, FL 33101;1811;2
28;229;364;155;987 Cedar Lane, Philadelphia, PA 19101;Burj Khalifa 1, Dubai, UAE;1468;5
29;563;28;68;654 Maple Drive, Phoenix, AZ 85001;Forbidden City 4, Beijing, China 100006;4946;3
30;804;207;362;Copacabana Beach 100, Rio de Janeiro, Brazil 22070-011;Red Square 1, Moscow, Russia 109012;3891;4
31;444;371;638;Taj Mahal, Agra, India 282001;864 Palm Drive, San Jose, CA 95101;3026;5
32;605;367;94;864 Palm Drive, San Jose, CA 95101;Gyeongbokgung Palace 161, Seoul, South Korea 03045;4697;2
33;840;969;164;Sagrada Família 401, Barcelona, Spain 08013;654 Maple Drive, Phoenix, AZ 85001;1572;2
34;797;37;367;Gyeongbokgung Palace 161, Seoul, South Korea 03045;Brandenburger Tor 1, Berlin, Germany 10117;2434;3
35;820;148;704;Sydney Opera House, Sydney, Australia 2000;Sydney Opera House, Sydney, Australia 2000;3256;2
36;955;293;994;Table Mountain Rd, Cape Town, South Africa 8001;Shibuya Crossing 2, Tokyo, Japan 150-0043;4676;2
37;920;756;144;Marina Bay Sands 10, Singapore 018956;Sagrada Família 401, Barcelona, Spain 08013;4278;2
38;238;699;141;864 Palm Drive, San Jose, CA 95101;Sagrada Família 401, Barcelona, Spain 08013;1404;4
39;133;611;879;987 Cedar Lane, Philadelphia, PA 19101;Champs-Élysées 75, Paris, France 75008;1270;5
40;285;931;552;864 Palm Drive, San Jose, CA 95101;Sydney Opera House, Sydney, Australia 2000;1927;4
41;75;589;549;321 Elm Boulevard, Houston, TX 77001;Table Mountain Rd, Cape Town, South Africa 8001;1112;5
42;758;181;472;Red Square 1, Moscow, Russia 109012;Forbidden City 4, Beijing, China 100006;3379;5
43;250;586;882;Gyeongbokgung Palace 161, Seoul, South Korea 03045;Piazza San Marco 1, Venice, Italy 30124;3134;5
44;57;327;320;Gyeongbokgung Palace 161, Seoul, South Korea 03045;Champs-Élysées 75, Paris, France 75008;4754;4
45;347;313;611;Sydney Opera House, Sydney, Australia 2000;222 Park Avenue, Boston, MA 02101;4369;3
46;498;55;758;Champs-Élysées 75, Paris, France 75008;Sydney Opera House, Sydney, Australia 2000;3756;5
47;51;699;796;Champs-Élysées 75, Paris, France 75008;222 Park Avenue, Boston, MA 02101;4452;5
48;393;91;479;456 Oak Avenue, Los Angeles, CA 90001;Champs-Élysées 75, Paris, France 75008;1447;2
49;97;972;536;123 Main Street, New York, NY 10001;Copacabana Beach 100, Rio de Janeiro, Brazil 22070-011;2549;2
50;286;870;73;246 Spruce Road, Dallas, TX 75201;Forbidden City 4, Beijing, China 100006;2740;2
51;265;558;567;Red Square 1, Moscow, Russia 109012;Burj Khalifa 1, Dubai, UAE;3103;5
52;575;248;508;321 Elm Boulevard, Houston, TX 77001;Gyeongbokgung Palace 161, Seoul, South Korea 03045;1338;2
53;296;744;991;321 Elm Boulevard, Houston, TX 77001;Marina Bay Sands 10, Singapore 018956;3547;3
54;508;528;225;753 Willow Avenue, San Diego, CA 92101;Table Mountain Rd, Cape Town, South Africa 8001;3827;3
55;477;407;192;Brandenburger Tor 1, Berlin, Germany 10117;Champs-Élysées 75, Paris, France 75008;2092;5
56;171;698;584;Sagrada Família 401, Barcelona, Spain 08013;654 Maple Drive, Phoenix, AZ 85001;4872;3
57;881;492;383;246 Spruce Road, Dallas, TX 75201;444 Lake View, Denver, CO 80201;1718;5
58;999;1;607;444 Lake View, Denver, CO 80201;987 Cedar Lane, Philadelphia, PA 19101;1968;2
59;7;35;735;Table Mountain Rd, Cape Town, South Africa 8001;Champs-Élysées 75, Paris, France 75008;2918;5
60;527;306;142;123 Main Street, New York, NY 10001;Red Square 1, Moscow, Russia 109012;3812;3
61;34;290;644;Piazza San Marco 1, Venice, Italy 30124;654 Maple Drive, Phoenix, AZ 85001;2943;5
62;5;896;235;CN Tower 301, Toronto, Canada M5V 2T6;Piazza San Marco 1, Venice, Italy 30124;1324;3
63;499;419;650;Taj Mahal, Agra, India 282001;Brandenburger Tor 1, Berlin, Germany 10117;1167;4
64;188;47;795;Forbidden City 4, Beijing, China 100006;321 Elm Boulevard, Houston, TX 77001;3473;4
65;939;333;942;789 Pine Road, Chicago, IL 60601;Copacabana Beach 100, Rio de Janeiro, Brazil 22070-011;3461;4
66;191;985;90;Red Square 1, Moscow, Russia 109012;789 Pine Road, Chicago, IL 60601;1194;5
67;278;88;912;864 Palm Drive, San Jose, CA 95101;Sagrada Família 401, Barcelona, Spain 08013;2398;4
68;286;366;803;Gyeongbokgung Palace 161, Seoul, South Korea 03045;987 Cedar Lane, Philadelphia, PA 19101;3083;3
69;999;867;537;CN Tower 301, Toronto, Canada M5V 2T6;Burj Khalifa 1, Dubai, UAE;2663;5
70;48;434;605;987 Cedar Lane, Philadelphia, PA 19101;Sydney Opera House, Sydney, Australia 2000;2598;5
71;487;282;891;654 Maple Drive, Phoenix, AZ 85001;159 Birch Street, San Antonio, TX 78201;1636;5
72;925;917;659;222 Park Avenue, Boston, MA 02101;Brandenburger Tor 1, Berlin, Germany 10117;3162;2
73;824;689;908;Gyeongbokgung Palace 161, Seoul, South Korea 03045;Sydney Opera House, Sydney, Australia 2000;3502;2
74;718;45;186;654 Maple Drive, Phoenix, AZ 85001;987 Cedar Lane, Philadelphia, PA 19101;4728;5
75;61;722;949;987 Cedar Lane, Philadelphia, PA 19101;Champs-Élysées 75, Paris, France 75008;4511;4
76;873;610;483;Table Mountain Rd, Cape Town, South Africa 8001;Shibuya Crossing 2, Tokyo, Japan 150-0043;3322;5
77;622;83;840;Piazza San Marco 1, Venice, Italy 30124;Shibuya Crossing 2, Tokyo, Japan 150-0043;1860;5
78;341;324;283;444 Lake View, Denver, CO 80201;Burj Khalifa 1, Dubai, UAE;3051;2
79;67;173;641;333 River Road, Seattle, WA 98101;753 Willow Avenue, San Diego, CA 92101;1612;2
80;738;12;860;222 Park Avenue, Boston, MA 02101;222 Park Avenue, Boston, MA 02101;2870;2
81;622;892;759;987 Cedar Lane, Philadelphia, PA 19101;555 Mountain Street, Washington, DC 20001;3361;2
82;267;792;645;753 Willow Avenue, San Diego, CA 92101;Red Square 1, Moscow, Russia 109012;2092;5
83;744;882;755;Marina Bay Sands 10, Singapore 018956;Copacabana Beach 100, Rio de Janeiro, Brazil 22070-011;2765;5
84;58;274;21;Brandenburger Tor 1, Berlin, Germany 10117;Red Square 1, Moscow, Russia 109012;5000;5
85;895;744;114;456 Oak Avenue, Los Angeles, CA 90001;666 Ocean Avenue, Miami, FL 33101;2981;2
86;567;617;425;987 Cedar Lane, Philadelphia, PA 19101;753 Willow Avenue, San Diego, CA 92101;1369;4
87;801;435;469;Copacabana Beach 100, Rio de Janeiro, Brazil 22070-011;456 Oak Avenue, Los Angeles, CA 90001;2162;2
88;431;603;871;Sagrada Família 401, Barcelona, Spain 08013;Table Mountain Rd, Cape Town, South Africa 8001;1201;3
89;405;812;975;Burj Khalifa 1, Dubai, UAE;753 Willow Avenue, San Diego, CA 92101;4099;2
90;557;483;232;159 Birch Street, San Antonio, TX 78201;Brandenburger Tor 1, Berlin, Germany 10117;3299;4
91;432;267;374;Marina Bay Sands 10, Singapore 018956;444 Lake View, Denver, CO 80201;3765;4
92;980;492;392;159 Birch Street, San Antonio, TX 78201;Gyeongbokgung Palace 161, Seoul, South Korea 03045;4946;4
93;583;662;965;Sagrada Família 401, Barcelona, Spain 08013;Marina Bay Sands 10, Singapore 018956;4230;5
94;434;872;110;333 River Road, Seattle, WA 98101;Forbidden City 4, Beijing, China 100006;3939;4
95;315;942;815;Brandenburger Tor 1, Berlin, Germany 10117;789 Pine Road, Chicago, IL 60601;3344;5
96;369;609;389;Marina Bay Sands 10, Singapore 018956;789 Pine Road, Chicago, IL 60601;1741;5
97;319;594;955;Champs-Élysées 75, Paris, France 75008;Champs-Élysées 75, Paris, France 75008;2634;4
98;695;652;71;Taj Mahal, Agra, India 282001;666 Ocean Avenue, Miami, FL 33101;4787;5
99;252;361;16;Copacabana Beach 100, Rio de Janeiro, Brazil 22070-011;Shibuya Crossing 2, Tokyo, Japan 150-0043;2921;5
100;663;25;797;333 River Road, Seattle, WA 98101;Copacabana Beach 100, Rio de Janeiro, Brazil 22070-011;3977;5
101;484;994;486;Burj Khalifa 1, Dubai, UAE;Burj Khalifa 1, Dubai, UAE;3265;4
102;276;988;787;Copacabana Beach 100, Rio de Janeiro, Brazil 22070-011;987 Cedar Lane, Philadelphia, PA 19101;1660;5
103;573;601;566;CN Tower 301, Toronto, Canada M5V 2T6;Marina Bay Sands 10, Singapore 018956;1217;3
104;593;237;588;Burj Khalifa 1, Dubai, UAE;Sagrada Família 401, Barcelona, Spain 08013;1783;3
105;495;997;702;Forbidden City 4, Beijing, China 100006;Gyeongbokgung Palace 161, Seoul, South Korea 03045;3697;3
106;338;767;398;246 Spruce Road, Dallas, TX 75201;Forbidden City 4, Beijing, China 100006;1018;5
107;972;344;20;CN Tower 301, Toronto, Canada M5V 2T6;789 Pine Road, Chicago, IL 60601;3049;4
108;5;978;572;246 Spruce Road, Dallas, TX 75201;Sydney Opera House, Sydney, Australia 2000;3561;4
109;110;713;922;CN Tower 301, Toronto, Canada M5V 2T6;555 Mountain Street, Washington, DC 20001;4016;4
110;542;8;640;753 Willow Avenue, San Diego, CA 92101;Copacabana Beach 100, Rio de Janeiro, Brazil 22070-011;3333;4
111;797;366;365;Brandenburger Tor 1, Berlin, Germany 10117;444 Lake View, Denver, CO 80201;4774;2
112;935;115;440;Sagrada Família 401, Barcelona, Spain 08013;Table Mountain Rd, Cape Town, South Africa 8001;1763;2
113;748;340;319;246 Spruce Road, Dallas, TX 75201;Burj Khalifa 1, Dubai, UAE;3484;5
114;663;908;292;Piazza San Marco 1, Venice, Italy 30124;555 Mountain Street, Washington, DC 20001;2173;4
115;204;498;760;789 Pine Road, Chicago, IL 60601;753 Willow Avenue, San Diego, CA 92101;4296;2
116;86;754;886;Gyeongbokgung Palace 161, Seoul, South Korea 03045;Brandenburger Tor 1, Berlin, Germany 10117;2044;2
117;429;70;512;753 Willow Avenue, San Diego, CA 92101;789 Pine Road, Chicago, IL 60601;1259;4
118;649;160;631;CN Tower 301, Toronto, Canada M5V 2T6;Marina Bay Sands 10, Singapore 018956;2921;2
119;744;941;465;321 Elm Boulevard, Houston, TX 77001;159 Birch Street, San Antonio, TX 78201;3751;3
120;29;679;170;159 Birch Street, San Antonio, TX 78201;Gyeongbokgung Palace 161, Seoul, South Korea 03045;1454;2
121;669;850;256;666 Ocean Avenue, Miami, FL 33101;Gyeongbokgung Palace 161, Seoul, South Korea 03045;2341;2
122;851;52;675;Champs-Élysées 75, Paris, France 75008;Red Square 1, Moscow, Russia 109012;4863;4
123;4;235;648;Red Square 1, Moscow, Russia 109012;321 Elm Boulevard, Houston, TX 77001;3518;5
124;814;297;239;321 Elm Boulevard, Houston, TX 77001;CN Tower 301, Toronto, Canada M5V 2T6;3255;3
125;292;166;723;864 Palm Drive, San Jose, CA 95101;456 Oak Avenue, Los Angeles, CA 90001;4863;3
126;825;817;315;Red Square 1, Moscow, Russia 109012;666 Ocean Avenue, Miami, FL 33101;1742;3
127;567;974;255;789 Pine Road, Chicago, IL 60601;Copacabana Beach 100, Rio de Janeiro, Brazil 22070-011;3785;3
128;101;1000;856;Brandenburger Tor 1, Berlin, Germany 10117;222 Park Avenue, Boston, MA 02101;2529;2
129;9;516;215;555 Mountain Street, Washington, DC 20001;CN Tower 301, Toronto, Canada M5V 2T6;4372;4
130;186;465;609;Gyeongbokgung Palace 161, Seoul, South Korea 03045;333 River Road, Seattle, WA 98101;2579;2
131;522;135;146;Forbidden City 4, Beijing, China 100006;444 Lake View, Denver, CO 80201;4350;4
132;592;393;939;333 River Road, Seattle, WA 98101;Burj Khalifa 1, Dubai, UAE;2752;5
133;897;428;528;Burj Khalifa 1, Dubai, UAE;987 Cedar Lane, Philadelphia, PA 19101;1484;4
134;174;599;191;Piazza San Marco 1, Venice, Italy 30124;Gyeongbokgung Palace 161, Seoul, South Korea 03045;1163;5
135;454;326;608;Brandenburger Tor 1, Berlin, Germany 10117;Gyeongbokgung Palace 161, Seoul, South Korea 03045;4444;4
136;348;766;407;Table Mountain Rd, Cape Town, South Africa 8001;864 Palm Drive, San Jose, CA 95101;1725;3
137;443;892;312;Shibuya Crossing 2, Tokyo, Japan 150-0043;159 Birch Street, San Antonio, TX 78201;2975;5
138;221;578;794;333 River Road, Seattle, WA 98101;Champs-Élysées 75, Paris, France 75008;4195;3
139;377;945;108;123 Main Street, New York, NY 10001;555 Mountain Street, Washington, DC 20001;3363;5
140;177;586;388;Forbidden City 4, Beijing, China 100006;555 Mountain Street, Washington, DC 20001;1726;3
141;924;757;542;222 Park Avenue, Boston, MA 02101;Champs-Élysées 75, Paris, France 75008;4127;4
142;926;993;168;444 Lake View, Denver, CO 80201;Gyeongbokgung Palace 161, Seoul, South Korea 03045;2142;2
143;657;690;391;Table Mountain Rd, Cape Town, South Africa 8001;444 Lake View, Denver, CO 80201;2129;3
144;190;679;809;864 Palm Drive, San Jose, CA 95101;159 Birch Street, San Antonio, TX 78201;2047;5
145;969;35;401;Burj Khalifa 1, Dubai, UAE;Brandenburger Tor 1, Berlin, Germany 10117;4281;5
146;246;119;662;246 Spruce Road, Dallas, TX 75201;Forbidden City 4, Beijing, China 100006;2965;3
147;73;162;725;Copacabana Beach 100, Rio de Janeiro, Brazil 22070-011;Forbidden City 4, Beijing, China 100006;3092;5
148;81;906;591;Red Square 1, Moscow, Russia 109012;Forbidden City 4, Beijing, China 100006;2371;4
149;830;414;317;321 Elm Boulevard, Houston, TX 77001;Table Mountain Rd, Cape Town, South Africa 8001;3739;4
150;850;875;958;123 Main Street, New York, NY 10001;222 Park Avenue, Boston, MA 02101;3389;3
151;78;268;579;753 Willow Avenue, San Diego, CA 92101;Sydney Opera House, Sydney, Australia 2000;3096;5
152;616;401;427;Champs-Élysées 75, Paris, France 75008;Burj Khalifa 1, Dubai, UAE;1454;4
153;462;395;10;Shibuya Crossing 2, Tokyo, Japan 150-0043;Brandenburger Tor 1, Berlin, Germany 10117;3755;3
154;982;671;590;Copacabana Beach 100, Rio de Janeiro, Brazil 22070-011;Sydney Opera House, Sydney, Australia 2000;2648;2
155;300;985;83;864 Palm Drive, San Jose, CA 95101;Champs-Élysées 75, Paris, France 75008;4443;5
156;428;858;696;456 Oak Avenue, Los Angeles, CA 90001;444 Lake View, Denver, CO 80201;2825;4
157;413;276;347;Gyeongbokgung Palace 161, Seoul, South Korea 03045;Piazza San Marco 1, Venice, Italy 30124;3736;4
158;143;280;296;Taj Mahal, Agra, India 282001;CN Tower 301, Toronto, Canada M5V 2T6;1791;3
159;25;783;585;789 Pine Road, Chicago, IL 60601;Forbidden City 4, Beijing, China 100006;3890;3
160;684;324;813;Burj Khalifa 1, Dubai, UAE;Gyeongbokgung Palace 161, Seoul, South Korea 03045;3920;5
161;172;527;305;Burj Khalifa 1, Dubai, UAE;Forbidden City 4, Beijing, China 100006;1883;5
162;847;391;137;Sydney Opera House, Sydney, Australia 2000;Piazza San Marco 1, Venice, Italy 30124;2305;5
163;676;673;308;654 Maple Drive, Phoenix, AZ 85001;Sagrada Família 401, Barcelona, Spain 08013;1890;3
164;355;380;56;Sydney Opera House, Sydney, Australia 2000;Marina Bay Sands 10, Singapore 018956;2217;2
165;901;286;519;789 Pine Road, Chicago, IL 60601;Champs-Élysées 75, Paris, France 75008;3051;2
166;938;970;478;444 Lake View, Denver, CO 80201;Red Square 1, Moscow, Russia 109012;2587;3
167;863;679;177;Table Mountain Rd, Cape Town, South Africa 8001;333 River Road, Seattle, WA 98101;2289;4
168;961;930;985;753 Willow Avenue, San Diego, CA 92101;Champs-Élysées 75, Paris, France 75008;2151;2
169;357;23;61;456 Oak Avenue, Los Angeles, CA 90001;Taj Mahal, Agra, India 282001;1544;4
170;456;740;664;Gyeongbokgung Palace 161, Seoul, South Korea 03045;123 Main Street, New York, NY 10001;1491;3
171;191;145;770;444 Lake View, Denver, CO 80201;753 Willow Avenue, San Diego, CA 92101;1674;4
172;149;903;853;Table Mountain Rd, Cape Town, South Africa 8001;Taj Mahal, Agra, India 282001;4053;3
173;92;332;618;Burj Khalifa 1, Dubai, UAE;Table Mountain Rd, Cape Town, South Africa 8001;2107;3
174;488;215;196;Brandenburger Tor 1, Berlin, Germany 10117;246 Spruce Road, Dallas, TX 75201;2968;4
175;584;584;812;Brandenburger Tor 1, Berlin, Germany 10117;789 Pine Road, Chicago, IL 60601;3204;5
176;52;532;626;753 Willow Avenue, San Diego, CA 92101;Copacabana Beach 100, Rio de Janeiro, Brazil 22070-011;3173;5
177;2;249;405;Shibuya Crossing 2, Tokyo, Japan 150-0043;Shibuya Crossing 2, Tokyo, Japan 150-0043;4669;5
178;351;667;873;456 Oak Avenue, Los Angeles, CA 90001;159 Birch Street, San Antonio, TX 78201;1710;2
179;916;781;58;Piazza San Marco 1, Venice, Italy 30124;789 Pine Road, Chicago, IL 60601;3273;5
180;169;776;105;753 Willow Avenue, San Diego, CA 92101;987 Cedar Lane, Philadelphia, PA 19101;1620;4
181;113;554;480;Gyeongbokgung Palace 161, Seoul, South Korea 03045;246 Spruce Road, Dallas, TX 75201;4863;4
182;881;45;360;456 Oak Avenue, Los Angeles, CA 90001;987 Cedar Lane, Philadelphia, PA 19101;3464;2
183;179;797;295;Shibuya Crossing 2, Tokyo, Japan 150-0043;456 Oak Avenue, Los Angeles, CA 90001;4945;4
184;591;365;762;Taj Mahal, Agra, India 282001;666 Ocean Avenue, Miami, FL 33101;2466;4
185;971;483;76;Gyeongbokgung Palace 161, Seoul, South Korea 03045;Marina Bay Sands 10, Singapore 018956;1130;5
186;297;740;193;Forbidden City 4, Beijing, China 100006;CN Tower 301, Toronto, Canada M5V 2T6;4237;2
187;219;801;353;Sagrada Família 401, Barcelona, Spain 08013;864 Palm Drive, San Jose, CA 95101;2029;4
188;116;373;240;666 Ocean Avenue, Miami, FL 33101;Copacabana Beach 100, Rio de Janeiro, Brazil 22070-011;2483;5
189;584;168;764;555 Mountain Street, Washington, DC 20001;Sydney Opera House, Sydney, Australia 2000;3531;2
190;402;901;538;222 Park Avenue, Boston, MA 02101;Piazza San Marco 1, Venice, Italy 30124;4402;3
191;100;410;573;123 Main Street, New York, NY 10001;666 Ocean Avenue, Miami, FL 33101;3423;3
192;79;671;752;Shibuya Crossing 2, Tokyo, Japan 150-0043;246 Spruce Road, Dallas, TX 75201;2814;5
193;608;245;983;Champs-Élysées 75, Paris, France 75008;Champs-Élysées 75, Paris, France 75008;4880;5
194;470;673;885;Marina Bay Sands 10, Singapore 018956;Table Mountain Rd, Cape Town, South Africa 8001;3473;2
195;482;386;852;Taj Mahal, Agra, India 282001;555 Mountain Street, Washington, DC 20001;2039;2
196;763;754;329;753 Willow Avenue, San Diego, CA 92101;753 Willow Avenue, San Diego, CA 92101;2193;5
197;551;254;976;159 Birch Street, San Antonio, TX 78201;CN Tower 301, Toronto, Canada M5V 2T6;3962;2
198;357;793;647;159 Birch Street, San Antonio, TX 78201;456 Oak Avenue, Los Angeles, CA 90001;1361;2
199;946;760;635;Taj Mahal, Agra, India 282001;Burj Khalifa 1, Dubai, UAE;1428;3
200;480;889;460;Sagrada Família 401, Barcelona, Spain 08013;Red Square 1, Moscow, Russia 109012;1229;5
201;39;418;768;Forbidden City 4, Beijing, China 100006;753 Willow Avenue, San Diego, CA 92101;1353;2
202;100;479;895;Piazza San Marco 1, Venice, Italy 30124;789 Pine Road, Chicago, IL 60601;1014;3
203;531;235;964;Sagrada Família 401, Barcelona, Spain 08013;753 Willow Avenue, San Diego, CA 92101;3968;4
204;887;822;546;Gyeongbokgung Palace 161, Seoul, South Korea 03045;123 Main Street, New York, NY 10001;3761;5
205;246;710;387;864 Palm Drive, San Jose, CA 95101;864 Palm Drive, San Jose, CA 95101;2211;3
206;765;432;784;Taj Mahal, Agra, India 282001;159 Birch Street, San Antonio, TX 78201;2569;4
207;433;521;701;666 Ocean Avenue, Miami, FL 33101;789 Pine Road, Chicago, IL 60601;3355;2
208;756;643;32;Forbidden City 4, Beijing, China 100006;159 Birch Street, San Antonio, TX 78201;3572;4
209;272;92;54;123 Main Street, New York, NY 10001;555 Mountain Street, Washington, DC 20001;4512;4
210;981;670;697;Gyeongbokgung Palace 161, Seoul, South Korea 03045;Marina Bay Sands 10, Singapore 018956;4311;3
211;785;240;966;Copacabana Beach 100, Rio de Janeiro, Brazil 22070-011;Sydney Opera House, Sydney, Australia 2000;1749;2
212;276;492;771;159 Birch Street, San Antonio, TX 78201;Gyeongbokgung Palace 161, Seoul, South Korea 03045;4579;3
213;722;300;504;555 Mountain Street, Washington, DC 20001;222 Park Avenue, Boston, MA 02101;4412;5
214;1;396;729;246 Spruce Road, Dallas, TX 75201;Red Square 1, Moscow, Russia 109012;4826;3
215;174;942;562;Champs-Élysées 75, Paris, France 75008;987 Cedar Lane, Philadelphia, PA 19101;2437;5
216;31;319;173;654 Maple Drive, Phoenix, AZ 85001;Table Mountain Rd, Cape Town, South Africa 8001;3794;3
217;797;541;993;654 Maple Drive, Phoenix, AZ 85001;666 Ocean Avenue, Miami, FL 33101;2452;4
218;77;693;947;456 Oak Avenue, Los Angeles, CA 90001;Sagrada Família 401, Barcelona, Spain 08013;2822;2
219;350;495;901;333 River Road, Seattle, WA 98101;864 Palm Drive, San Jose, CA 95101;3150;3
220;4;188;944;Burj Khalifa 1, Dubai, UAE;Piazza San Marco 1, Venice, Italy 30124;4903;2
221;814;591;339;Burj Khalifa 1, Dubai, UAE;Marina Bay Sands 10, Singapore 018956;2764;4
222;654;295;464;753 Willow Avenue, San Diego, CA 92101;Table Mountain Rd, Cape Town, South Africa 8001;3057;2
223;711;148;763;Copacabana Beach 100, Rio de Janeiro, Brazil 22070-011;Gyeongbokgung Palace 161, Seoul, South Korea 03045;4636;3
224;481;419;106;Copacabana Beach 100, Rio de Janeiro, Brazil 22070-011;Gyeongbokgung Palace 161, Seoul, South Korea 03045;3963;3
225;956;682;568;Sydney Opera House, Sydney, Australia 2000;Gyeongbokgung Palace 161, Seoul, South Korea 03045;4951;2
226;654;185;818;Brandenburger Tor 1, Berlin, Germany 10117;Table Mountain Rd, Cape Town, South Africa 8001;4143;2
227;4;339;36;456 Oak Avenue, Los Angeles, CA 90001;321 Elm Boulevard, Houston, TX 77001;3692;4
228;602;639;849;CN Tower 301, Toronto, Canada M5V 2T6;Piazza San Marco 1, Venice, Italy 30124;2113;2
229;182;665;279;321 Elm Boulevard, Houston, TX 77001;Sagrada Família 401, Barcelona, Spain 08013;3902;3
230;418;437;722;456 Oak Avenue, Los Angeles, CA 90001;159 Birch Street, San Antonio, TX 78201;4750;5
231;596;878;134;CN Tower 301, Toronto, Canada M5V 2T6;Taj Mahal, Agra, India 282001;1779;3
232;926;488;500;789 Pine Road, Chicago, IL 60601;987 Cedar Lane, Philadelphia, PA 19101;1182;3
233;520;32;45;333 River Road, Seattle, WA 98101;123 Main Street, New York, NY 10001;2463;4
234;347;694;505;Champs-Élysées 75, Paris, France 75008;987 Cedar Lane, Philadelphia, PA 19101;3104;3
235;487;776;274;Piazza San Marco 1, Venice, Italy 30124;654 Maple Drive, Phoenix, AZ 85001;3612;4
236;586;796;431;864 Palm Drive, San Jose, CA 95101;Sagrada Família 401, Barcelona, Spain 08013;2716;3
237;955;855;724;Red Square 1, Moscow, Russia 109012;Sagrada Família 401, Barcelona, Spain 08013;1833;4
238;83;19;854;Sagrada Família 401, Barcelona, Spain 08013;CN Tower 301, Toronto, Canada M5V 2T6;3355;5
239;791;929;275;246 Spruce Road, Dallas, TX 75201;Copacabana Beach 100, Rio de Janeiro, Brazil 22070-011;2272;5
240;771;639;848;246 Spruce Road, Dallas, TX 75201;Marina Bay Sands 10, Singapore 018956;3615;2
241;626;237;417;666 Ocean Avenue, Miami, FL 33101;Sydney Opera House, Sydney, Australia 2000;1692;4
242;396;132;368;Copacabana Beach 100, Rio de Janeiro, Brazil 22070-011;444 Lake View, Denver, CO 80201;2539;3
243;149;955;452;Gyeongbokgung Palace 161, Seoul, South Korea 03045;Marina Bay Sands 10, Singapore 018956;1218;2
244;639;645;598;864 Palm Drive, San Jose, CA 95101;Taj Mahal, Agra, India 282001;2604;4
245;689;197;492;987 Cedar Lane, Philadelphia, PA 19101;Champs-Élysées 75, Paris, France 75008;1820;5
246;903;372;522;Gyeongbokgung Palace 161, Seoul, South Korea 03045;333 River Road, Seattle, WA 98101;2414;4
247;622;936;115;444 Lake View, Denver, CO 80201;Table Mountain Rd, Cape Town, South Africa 8001;2974;5
248;280;220;251;222 Park Avenue, Boston, MA 02101;Gyeongbokgung Palace 161, Seoul, South Korea 03045;2346;5
249;984;322;477;654 Maple Drive, Phoenix, AZ 85001;753 Willow Avenue, San Diego, CA 92101;1547;4
250;302;674;906;555 Mountain Street, Washington, DC 20001;456 Oak Avenue, Los Angeles, CA 90001;1017;5
251;482;844;544;Forbidden City 4, Beijing, China 100006;Shibuya Crossing 2, Tokyo, Japan 150-0043;2547;3
252;474;191;84;CN Tower 301, Toronto, Canada M5V 2T6;Table Mountain Rd, Cape Town, South Africa 8001;3449;4
253;929;678;357;753 Willow Avenue, San Diego, CA 92101;Forbidden City 4, Beijing, China 100006;3512;3
254;870;915;657;Marina Bay Sands 10, Singapore 018956;222 Park Avenue, Boston, MA 02101;1667;5
255;628;78;30;Red Square 1, Moscow, Russia 109012;864 Palm Drive, San Jose, CA 95101;4716;2
256;106;589;112;789 Pine Road, Chicago, IL 60601;159 Birch Street, San Antonio, TX 78201;4771;3
257;430;450;688;Gyeongbokgung Palace 161, Seoul, South Korea 03045;Forbidden City 4, Beijing, China 100006;1732;3
258;201;631;715;159 Birch Street, San Antonio, TX 78201;789 Pine Road, Chicago, IL 60601;2115;5
259;443;373;914;Gyeongbokgung Palace 161, Seoul, South Korea 03045;444 Lake View, Denver, CO 80201;2266;3
260;208;224;332;Shibuya Crossing 2, Tokyo, Japan 150-0043;Red Square 1, Moscow, Russia 109012;4174;4
261;916;965;593;Burj Khalifa 1, Dubai, UAE;Sagrada Família 401, Barcelona, Spain 08013;2123;5
262;102;393;47;Sydney Opera House, Sydney, Australia 2000;159 Birch Street, San Antonio, TX 78201;2031;4
263;32;528;717;Forbidden City 4, Beijing, China 100006;CN Tower 301, Toronto, Canada M5V 2T6;4459;5
264;351;394;602;333 River Road, Seattle, WA 98101;Gyeongbokgung Palace 161, Seoul, South Korea 03045;1699;5
265;591;648;669;123 Main Street, New York, NY 10001;Red Square 1, Moscow, Russia 109012;4846;2
266;570;272;945;Taj Mahal, Agra, India 282001;Red Square 1, Moscow, Russia 109012;1947;3
267;428;136;842;456 Oak Avenue, Los Angeles, CA 90001;Piazza San Marco 1, Venice, Italy 30124;1377;5
268;57;18;571;Champs-Élysées 75, Paris, France 75008;654 Maple Drive, Phoenix, AZ 85001;3402;4
269;846;386;963;Shibuya Crossing 2, Tokyo, Japan 150-0043;Piazza San Marco 1, Venice, Italy 30124;4857;5
270;275;995;159;Table Mountain Rd, Cape Town, South Africa 8001;456 Oak Avenue, Los Angeles, CA 90001;2891;3
271;177;340;798;753 Willow Avenue, San Diego, CA 92101;Sagrada Família 401, Barcelona, Spain 08013;1033;4
272;870;581;772;456 Oak Avenue, Los Angeles, CA 90001;Shibuya Crossing 2, Tokyo, Japan 150-0043;3257;3
273;69;389;74;Taj Mahal, Agra, India 282001;159 Birch Street, San Antonio, TX 78201;2131;5
274;267;578;219;246 Spruce Road, Dallas, TX 75201;Shibuya Crossing 2, Tokyo, Japan 150-0043;2462;3
275;249;921;828;CN Tower 301, Toronto, Canada M5V 2T6;321 Elm Boulevard, Houston, TX 77001;2716;5
276;870;86;238;987 Cedar Lane, Philadelphia, PA 19101;159 Birch Street, San Antonio, TX 78201;1218;4
277;142;272;148;Gyeongbokgung Palace 161, Seoul, South Korea 03045;Champs-Élysées 75, Paris, France 75008;3377;2
278;178;580;682;246 Spruce Road, Dallas, TX 75201;Table Mountain Rd, Cape Town, South Africa 8001;2752;5
279;758;159;272;Taj Mahal, Agra, India 282001;753 Willow Avenue, San Diego, CA 92101;1789;5
280;823;215;154;864 Palm Drive, San Jose, CA 95101;Taj Mahal, Agra, India 282001;3770;4
281;379;925;981;987 Cedar Lane, Philadelphia, PA 19101;456 Oak Avenue, Los Angeles, CA 90001;3633;4
282;141;698;49;864 Palm Drive, San Jose, CA 95101;Forbidden City 4, Beijing, China 100006;3052;4
283;637;352;816;987 Cedar Lane, Philadelphia, PA 19101;Red Square 1, Moscow, Russia 109012;1238;2
284;401;533;656;Sydney Opera House, Sydney, Australia 2000;159 Birch Street, San Antonio, TX 78201;4383;5
285;868;4;161;Champs-Élysées 75, Paris, France 75008;753 Willow Avenue, San Diego, CA 92101;1309;2
286;604;241;742;444 Lake View, Denver, CO 80201;753 Willow Avenue, San Diego, CA 92101;3494;2
287;722;760;306;222 Park Avenue, Boston, MA 02101;Red Square 1, Moscow, Russia 109012;3376;5
288;168;15;124;Forbidden City 4, Beijing, China 100006;Forbidden City 4, Beijing, China 100006;4173;4
289;63;203;363;Shibuya Crossing 2, Tokyo, Japan 150-0043;444 Lake View, Denver, CO 80201;3661;3
290;902;192;637;Forbidden City 4, Beijing, China 100006;Marina Bay Sands 10, Singapore 018956;2499;2
291;437;508;475;Forbidden City 4, Beijing, China 100006;654 Maple Drive, Phoenix, AZ 85001;2313;3
292;950;151;972;Piazza San Marco 1, Venice, Italy 30124;789 Pine Road, Chicago, IL 60601;4990;5
293;163;935;37;654 Maple Drive, Phoenix, AZ 85001;Burj Khalifa 1, Dubai, UAE;2532;5
294;434;915;310;Forbidden City 4, Beijing, China 100006;123 Main Street, New York, NY 10001;3036;3
295;449;83;289;Forbidden City 4, Beijing, China 100006;Table Mountain Rd, Cape Town, South Africa 8001;3323;3
296;226;82;708;789 Pine Road, Chicago, IL 60601;444 Lake View, Denver, CO 80201;3673;4
297;549;442;109;Table Mountain Rd, Cape Town, South Africa 8001;Forbidden City 4, Beijing, China 100006;2273;4
298;955;453;863;Taj Mahal, Agra, India 282001;Champs-Élysées 75, Paris, France 75008;3171;2
299;208;596;888;222 Park Avenue, Boston, MA 02101;Champs-Élysées 75, Paris, France 75008;4377;5
300;20;629;671;789 Pine Road, Chicago, IL 60601;333 River Road, Seattle, WA 98101;1907;3
301;47;724;503;Piazza San Marco 1, Venice, Italy 30124;Table Mountain Rd, Cape Town, South Africa 8001;3131;5
302;365;405;171;456 Oak Avenue, Los Angeles, CA 90001;Piazza San Marco 1, Venice, Italy 30124;2474;5
303;293;927;24;Brandenburger Tor 1, Berlin, Germany 10117;444 Lake View, Denver, CO 80201;3395;5
304;143;703;971;Table Mountain Rd, Cape Town, South Africa 8001;CN Tower 301, Toronto, Canada M5V 2T6;2674;4
305;748;48;241;Table Mountain Rd, Cape Town, South Africa 8001;555 Mountain Street, Washington, DC 20001;2635;5
306;559;889;265;Sagrada Família 401, Barcelona, Spain 08013;Shibuya Crossing 2, Tokyo, Japan 150-0043;4701;3
307;675;916;877;Gyeongbokgung Palace 161, Seoul, South Korea 03045;Brandenburger Tor 1, Berlin, Germany 10117;1217;2
308;660;661;429;666 Ocean Avenue, Miami, FL 33101;654 Maple Drive, Phoenix, AZ 85001;1556;2
309;786;397;728;789 Pine Road, Chicago, IL 60601;CN Tower 301, Toronto, Canada M5V 2T6;2075;2
310;223;438;343;246 Spruce Road, Dallas, TX 75201;222 Park Avenue, Boston, MA 02101;4846;4
311;771;944;236;456 Oak Avenue, Los Angeles, CA 90001;Sagrada Família 401, Barcelona, Spain 08013;1626;4
312;219;92;348;CN Tower 301, Toronto, Canada M5V 2T6;666 Ocean Avenue, Miami, FL 33101;3818;3
313;6;19;684;654 Maple Drive, Phoenix, AZ 85001;666 Ocean Avenue, Miami, FL 33101;1644;2
314;274;683;577;Brandenburger Tor 1, Berlin, Germany 10117;321 Elm Boulevard, Houston, TX 77001;1111;3
315;12;392;900;Copacabana Beach 100, Rio de Janeiro, Brazil 22070-011;Champs-Élysées 75, Paris, France 75008;2474;3
316;314;189;476;789 Pine Road, Chicago, IL 60601;CN Tower 301, Toronto, Canada M5V 2T6;4005;2
317;910;16;925;Brandenburger Tor 1, Berlin, Germany 10117;Shibuya Crossing 2, Tokyo, Japan 150-0043;1616;2
318;886;9;67;Forbidden City 4, Beijing, China 100006;555 Mountain Street, Washington, DC 20001;3248;4
319;149;794;11;CN Tower 301, Toronto, Canada M5V 2T6;Sydney Opera House, Sydney, Australia 2000;3439;3
320;981;139;314;159 Birch Street, San Antonio, TX 78201;456 Oak Avenue, Los Angeles, CA 90001;4587;3
321;905;169;354;Brandenburger Tor 1, Berlin, Germany 10117;Sagrada Família 401, Barcelona, Spain 08013;1008;3
322;214;511;846;159 Birch Street, San Antonio, TX 78201;Sydney Opera House, Sydney, Australia 2000;4233;4
323;172;770;69;753 Willow Avenue, San Diego, CA 92101;159 Birch Street, San Antonio, TX 78201;4758;5
324;301;725;64;864 Palm Drive, San Jose, CA 95101;Gyeongbokgung Palace 161, Seoul, South Korea 03045;2960;2
325;31;388;897;CN Tower 301, Toronto, Canada M5V 2T6;Red Square 1, Moscow, Russia 109012;2271;2
326;983;548;44;123 Main Street, New York, NY 10001;Sydney Opera House, Sydney, Australia 2000;4772;5
327;720;883;246;456 Oak Avenue, Los Angeles, CA 90001;Shibuya Crossing 2, Tokyo, Japan 150-0043;3652;5
328;739;592;457;444 Lake View, Denver, CO 80201;Forbidden City 4, Beijing, China 100006;4222;3
329;608;956;502;444 Lake View, Denver, CO 80201;321 Elm Boulevard, Houston, TX 77001;1587;4
330;206;541;372;789 Pine Road, Chicago, IL 60601;Red Square 1, Moscow, Russia 109012;4175;2
331;370;492;978;123 Main Street, New York, NY 10001;Gyeongbokgung Palace 161, Seoul, South Korea 03045;2712;3
332;588;91;128;Taj Mahal, Agra, India 282001;Champs-Élysées 75, Paris, France 75008;4076;3
333;929;614;494;Gyeongbokgung Palace 161, Seoul, South Korea 03045;333 River Road, Seattle, WA 98101;4408;2
334;665;739;738;Copacabana Beach 100, Rio de Janeiro, Brazil 22070-011;Red Square 1, Moscow, Russia 109012;1127;4
335;63;657;163;222 Park Avenue, Boston, MA 02101;CN Tower 301, Toronto, Canada M5V 2T6;4201;3
336;830;106;714;Table Mountain Rd, Cape Town, South Africa 8001;Burj Khalifa 1, Dubai, UAE;4290;4
337;596;775;620;Table Mountain Rd, Cape Town, South Africa 8001;123 Main Street, New York, NY 10001;4192;5
338;7;569;390;444 Lake View, Denver, CO 80201;666 Ocean Avenue, Miami, FL 33101;4067;3
339;787;236;896;159 Birch Street, San Antonio, TX 78201;Brandenburger Tor 1, Berlin, Germany 10117;4851;4
340;264;707;660;Marina Bay Sands 10, Singapore 018956;753 Willow Avenue, San Diego, CA 92101;4980;4
341;970;724;786;864 Palm Drive, San Jose, CA 95101;333 River Road, Seattle, WA 98101;3754;5
342;181;347;540;555 Mountain Street, Washington, DC 20001;555 Mountain Street, Washington, DC 20001;4656;4
343;220;33;467;321 Elm Boulevard, Houston, TX 77001;321 Elm Boulevard, Houston, TX 77001;1789;5
344;14;97;731;Sydney Opera House, Sydney, Australia 2000;Copacabana Beach 100, Rio de Janeiro, Brazil 22070-011;1485;3
345;617;710;790;CN Tower 301, Toronto, Canada M5V 2T6;321 Elm Boulevard, Houston, TX 77001;4694;4
346;43;506;822;Taj Mahal, Agra, India 282001;246 Spruce Road, Dallas, TX 75201;3724;4
347;14;627;293;753 Willow Avenue, San Diego, CA 92101;Marina Bay Sands 10, Singapore 018956;1864;3
348;879;999;639;666 Ocean Avenue, Miami, FL 33101;Marina Bay Sands 10, Singapore 018956;4356;2
349;326;235;444;Shibuya Crossing 2, Tokyo, Japan 150-0043;246 Spruce Road, Dallas, TX 75201;2279;4
350;609;428;211;864 Palm Drive, San Jose, CA 95101;333 River Road, Seattle, WA 98101;3950;3
351;636;263;921;Copacabana Beach 100, Rio de Janeiro, Brazil 22070-011;Burj Khalifa 1, Dubai, UAE;2011;2
352;285;595;923;CN Tower 301, Toronto, Canada M5V 2T6;Sagrada Família 401, Barcelona, Spain 08013;4749;3
353;135;885;619;654 Maple Drive, Phoenix, AZ 85001;Burj Khalifa 1, Dubai, UAE;4009;3
354;737;577;998;753 Willow Avenue, San Diego, CA 92101;Sagrada Família 401, Barcelona, Spain 08013;1769;4
355;697;639;678;CN Tower 301, Toronto, Canada M5V 2T6;987 Cedar Lane, Philadelphia, PA 19101;3418;4
356;277;435;438;321 Elm Boulevard, Houston, TX 77001;222 Park Avenue, Boston, MA 02101;4280;2
357;123;145;674;321 Elm Boulevard, Houston, TX 77001;654 Maple Drive, Phoenix, AZ 85001;1249;5
358;943;322;785;Piazza San Marco 1, Venice, Italy 30124;246 Spruce Road, Dallas, TX 75201;1701;5
359;721;426;403;Piazza San Marco 1, Venice, Italy 30124;159 Birch Street, San Antonio, TX 78201;1987;3
360;929;498;79;159 Birch Street, San Antonio, TX 78201;Shibuya Crossing 2, Tokyo, Japan 150-0043;2095;2
361;972;508;943;Forbidden City 4, Beijing, China 100006;Taj Mahal, Agra, India 282001;2053;3
362;841;67;587;Champs-Élysées 75, Paris, France 75008;321 Elm Boulevard, Houston, TX 77001;2423;3
363;546;202;414;Burj Khalifa 1, Dubai, UAE;987 Cedar Lane, Philadelphia, PA 19101;1083;5
364;709;391;893;444 Lake View, Denver, CO 80201;Gyeongbokgung Palace 161, Seoul, South Korea 03045;3025;4
365;915;311;482;333 River Road, Seattle, WA 98101;159 Birch Street, San Antonio, TX 78201;3785;4
366;412;358;651;222 Park Avenue, Boston, MA 02101;Marina Bay Sands 10, Singapore 018956;4891;4
367;512;420;7;Gyeongbokgung Palace 161, Seoul, South Korea 03045;123 Main Street, New York, NY 10001;1673;4
368;243;24;80;Red Square 1, Moscow, Russia 109012;Copacabana Beach 100, Rio de Janeiro, Brazil 22070-011;2103;4
369;296;601;792;222 Park Avenue, Boston, MA 02101;123 Main Street, New York, NY 10001;2848;3
370;710;634;941;Sydney Opera House, Sydney, Australia 2000;456 Oak Avenue, Los Angeles, CA 90001;3346;3
371;460;777;91;Brandenburger Tor 1, Berlin, Germany 10117;321 Elm Boulevard, Houston, TX 77001;1492;3
372;375;519;333;444 Lake View, Denver, CO 80201;159 Birch Street, San Antonio, TX 78201;2278;3
373;973;705;654;666 Ocean Avenue, Miami, FL 33101;864 Palm Drive, San Jose, CA 95101;1239;3
374;228;400;778;159 Birch Street, San Antonio, TX 78201;Sagrada Família 401, Barcelona, Spain 08013;3487;4
375;124;439;837;123 Main Street, New York, NY 10001;Sagrada Família 401, Barcelona, Spain 08013;2183;4
376;592;281;703;Gyeongbokgung Palace 161, Seoul, South Korea 03045;Forbidden City 4, Beijing, China 100006;4007;4
377;356;834;824;123 Main Street, New York, NY 10001;Sagrada Família 401, Barcelona, Spain 08013;4533;3
378;964;130;43;864 Palm Drive, San Jose, CA 95101;Piazza San Marco 1, Venice, Italy 30124;4754;4
379;377;680;749;CN Tower 301, Toronto, Canada M5V 2T6;Champs-Élysées 75, Paris, France 75008;1533;3
380;293;284;791;Taj Mahal, Agra, India 282001;555 Mountain Street, Washington, DC 20001;1717;5
381;486;966;575;Sagrada Família 401, Barcelona, Spain 08013;864 Palm Drive, San Jose, CA 95101;3637;3
382;795;47;428;Table Mountain Rd, Cape Town, South Africa 8001;654 Maple Drive, Phoenix, AZ 85001;4497;2
383;762;344;543;Brandenburger Tor 1, Berlin, Germany 10117;123 Main Street, New York, NY 10001;1339;5
384;59;210;665;666 Ocean Avenue, Miami, FL 33101;Sydney Opera House, Sydney, Australia 2000;2713;5
385;902;771;814;Table Mountain Rd, Cape Town, South Africa 8001;159 Birch Street, San Antonio, TX 78201;1987;5
386;534;492;829;Piazza San Marco 1, Venice, Italy 30124;Burj Khalifa 1, Dubai, UAE;2877;2
387;676;511;920;456 Oak Avenue, Los Angeles, CA 90001;Brandenburger Tor 1, Berlin, Germany 10117;1515;4
388;609;603;259;222 Park Avenue, Boston, MA 02101;Table Mountain Rd, Cape Town, South Africa 8001;4629;4
389;994;119;222;Burj Khalifa 1, Dubai, UAE;864 Palm Drive, San Jose, CA 95101;1815;3
390;867;740;845;Burj Khalifa 1, Dubai, UAE;Forbidden City 4, Beijing, China 100006;2425;4
391;973;445;413;Copacabana Beach 100, Rio de Janeiro, Brazil 22070-011;Shibuya Crossing 2, Tokyo, Japan 150-0043;2643;5
392;619;688;198;321 Elm Boulevard, Houston, TX 77001;864 Palm Drive, San Jose, CA 95101;3915;2
393;430;756;113;555 Mountain Street, Washington, DC 20001;666 Ocean Avenue, Miami, FL 33101;1434;5
394;488;497;531;654 Maple Drive, Phoenix, AZ 85001;864 Palm Drive, San Jose, CA 95101;2780;3
395;570;482;448;CN Tower 301, Toronto, Canada M5V 2T6;444 Lake View, Denver, CO 80201;4454;3
396;751;354;578;Burj Khalifa 1, Dubai, UAE;666 Ocean Avenue, Miami, FL 33101;3240;4
397;240;70;433;654 Maple Drive, Phoenix, AZ 85001;456 Oak Avenue, Los Angeles, CA 90001;4682;5
398;527;648;859;Champs-Élysées 75, Paris, France 75008;Taj Mahal, Agra, India 282001;3323;5
399;652;783;556;864 Palm Drive, San Jose, CA 95101;Piazza San Marco 1, Venice, Italy 30124;2855;5
400;380;789;331;Sagrada Família 401, Barcelona, Spain 08013;456 Oak Avenue, Los Angeles, CA 90001;3782;5
401;214;196;769;654 Maple Drive, Phoenix, AZ 85001;456 Oak Avenue, Los Angeles, CA 90001;2111;2
402;915;891;967;Marina Bay Sands 10, Singapore 018956;864 Palm Drive, San Jose, CA 95101;2758;5
403;712;957;92;333 River Road, Seattle, WA 98101;321 Elm Boulevard, Houston, TX 77001;4485;3
404;525;254;525;CN Tower 301, Toronto, Canada M5V 2T6;Copacabana Beach 100, Rio de Janeiro, Brazil 22070-011;1786;2
405;655;189;603;333 River Road, Seattle, WA 98101;246 Spruce Road, Dallas, TX 75201;4040;2
406;392;645;160;Marina Bay Sands 10, Singapore 018956;555 Mountain Street, Washington, DC 20001;4922;2
407;304;441;70;654 Maple Drive, Phoenix, AZ 85001;Sagrada Família 401, Barcelona, Spain 08013;1872;4
408;398;459;369;Champs-Élysées 75, Paris, France 75008;555 Mountain Street, Washington, DC 20001;4856;2
409;591;853;327;987 Cedar Lane, Philadelphia, PA 19101;Copacabana Beach 100, Rio de Janeiro, Brazil 22070-011;3517;5
410;702;670;461;159 Birch Street, San Antonio, TX 78201;Taj Mahal, Agra, India 282001;3949;2
411;609;81;38;Copacabana Beach 100, Rio de Janeiro, Brazil 22070-011;246 Spruce Road, Dallas, TX 75201;1141;4
412;479;833;823;Piazza San Marco 1, Venice, Italy 30124;Gyeongbokgung Palace 161, Seoul, South Korea 03045;2507;3
413;881;740;776;Red Square 1, Moscow, Russia 109012;Shibuya Crossing 2, Tokyo, Japan 150-0043;2271;3
414;594;986;951;864 Palm Drive, San Jose, CA 95101;CN Tower 301, Toronto, Canada M5V 2T6;1976;5
415;322;595;884;555 Mountain Street, Washington, DC 20001;555 Mountain Street, Washington, DC 20001;4599;5
416;136;892;676;Sydney Opera House, Sydney, Australia 2000;Table Mountain Rd, Cape Town, South Africa 8001;2718;4
417;141;434;565;Marina Bay Sands 10, Singapore 018956;333 River Road, Seattle, WA 98101;3417;5
418;844;374;15;CN Tower 301, Toronto, Canada M5V 2T6;159 Birch Street, San Antonio, TX 78201;4386;2
419;418;41;229;Brandenburger Tor 1, Berlin, Germany 10117;666 Ocean Avenue, Miami, FL 33101;3503;4
420;184;47;324;666 Ocean Avenue, Miami, FL 33101;Gyeongbokgung Palace 161, Seoul, South Korea 03045;1509;3
421;52;708;245;Champs-Élysées 75, Paris, France 75008;Piazza San Marco 1, Venice, Italy 30124;3615;4
422;536;142;683;Copacabana Beach 100, Rio de Janeiro, Brazil 22070-011;CN Tower 301, Toronto, Canada M5V 2T6;1660;2
423;436;512;116;753 Willow Avenue, San Diego, CA 92101;Shibuya Crossing 2, Tokyo, Japan 150-0043;3963;5
424;893;92;919;123 Main Street, New York, NY 10001;Shibuya Crossing 2, Tokyo, Japan 150-0043;1926;4
425;849;666;376;Sydney Opera House, Sydney, Australia 2000;159 Birch Street, San Antonio, TX 78201;2213;2
426;266;13;322;Brandenburger Tor 1, Berlin, Germany 10117;Red Square 1, Moscow, Russia 109012;4303;5
427;390;258;865;Sydney Opera House, Sydney, Australia 2000;Shibuya Crossing 2, Tokyo, Japan 150-0043;2031;2
428;345;832;652;Table Mountain Rd, Cape Town, South Africa 8001;Copacabana Beach 100, Rio de Janeiro, Brazil 22070-011;3206;4
429;814;318;673;Marina Bay Sands 10, Singapore 018956;Sydney Opera House, Sydney, Australia 2000;4552;4
430;475;952;223;123 Main Street, New York, NY 10001;Gyeongbokgung Palace 161, Seoul, South Korea 03045;3800;5
431;847;724;808;222 Park Avenue, Boston, MA 02101;Forbidden City 4, Beijing, China 100006;3992;2
432;147;962;188;CN Tower 301, Toronto, Canada M5V 2T6;Taj Mahal, Agra, India 282001;2175;5
433;256;924;560;Piazza San Marco 1, Venice, Italy 30124;333 River Road, Seattle, WA 98101;4367;3
434;90;556;601;Sydney Opera House, Sydney, Australia 2000;Gyeongbokgung Palace 161, Seoul, South Korea 03045;3927;3
435;10;127;454;Forbidden City 4, Beijing, China 100006;666 Ocean Avenue, Miami, FL 33101;2825;2
436;975;291;681;Table Mountain Rd, Cape Town, South Africa 8001;Burj Khalifa 1, Dubai, UAE;3144;4
437;969;274;2;Champs-Élysées 75, Paris, France 75008;456 Oak Avenue, Los Angeles, CA 90001;3608;4
438;456;865;984;Taj Mahal, Agra, India 282001;444 Lake View, Denver, CO 80201;3395;5
439;692;90;335;Sagrada Família 401, Barcelona, Spain 08013;246 Spruce Road, Dallas, TX 75201;4835;2
440;804;137;338;Burj Khalifa 1, Dubai, UAE;Gyeongbokgung Palace 161, Seoul, South Korea 03045;4175;5
441;638;768;132;753 Willow Avenue, San Diego, CA 92101;654 Maple Drive, Phoenix, AZ 85001;1328;5
442;409;233;663;Sydney Opera House, Sydney, Australia 2000;753 Willow Avenue, San Diego, CA 92101;3789;3
443;420;939;862;753 Willow Avenue, San Diego, CA 92101;222 Park Avenue, Boston, MA 02101;4365;2
444;867;863;466;CN Tower 301, Toronto, Canada M5V 2T6;Burj Khalifa 1, Dubai, UAE;3038;3
445;657;947;481;159 Birch Street, San Antonio, TX 78201;654 Maple Drive, Phoenix, AZ 85001;4809;4
446;907;332;194;Shibuya Crossing 2, Tokyo, Japan 150-0043;444 Lake View, Denver, CO 80201;2631;5
447;291;163;421;333 River Road, Seattle, WA 98101;123 Main Street, New York, NY 10001;3492;5
448;795;548;382;Marina Bay Sands 10, Singapore 018956;864 Palm Drive, San Jose, CA 95101;1399;3
449;829;983;841;Piazza San Marco 1, Venice, Italy 30124;555 Mountain Street, Washington, DC 20001;4721;2
450;283;297;204;666 Ocean Avenue, Miami, FL 33101;Piazza San Marco 1, Venice, Italy 30124;2612;2
451;782;770;119;Piazza San Marco 1, Venice, Italy 30124;123 Main Street, New York, NY 10001;3660;5
452;338;948;705;Shibuya Crossing 2, Tokyo, Japan 150-0043;Gyeongbokgung Palace 161, Seoul, South Korea 03045;2473;2
453;629;301;101;666 Ocean Avenue, Miami, FL 33101;321 Elm Boulevard, Houston, TX 77001;4431;5
454;859;815;576;222 Park Avenue, Boston, MA 02101;444 Lake View, Denver, CO 80201;1541;3
455;909;182;992;Champs-Élysées 75, Paris, France 75008;Red Square 1, Moscow, Russia 109012;2478;5
456;278;189;600;444 Lake View, Denver, CO 80201;555 Mountain Street, Washington, DC 20001;3480;5
457;484;546;436;CN Tower 301, Toronto, Canada M5V 2T6;CN Tower 301, Toronto, Canada M5V 2T6;3277;5
458;549;718;178;Taj Mahal, Agra, India 282001;444 Lake View, Denver, CO 80201;1435;2
459;818;266;182;Champs-Élysées 75, Paris, France 75008;Sydney Opera House, Sydney, Australia 2000;1285;4
460;435;80;559;Brandenburger Tor 1, Berlin, Germany 10117;Sagrada Família 401, Barcelona, Spain 08013;3649;5
461;740;199;924;Red Square 1, Moscow, Russia 109012;321 Elm Boulevard, Houston, TX 77001;4383;5
462;647;62;455;246 Spruce Road, Dallas, TX 75201;654 Maple Drive, Phoenix, AZ 85001;1077;3
463;311;862;982;Marina Bay Sands 10, Singapore 018956;753 Willow Avenue, San Diego, CA 92101;2562;5
464;90;130;999;753 Willow Avenue, San Diego, CA 92101;444 Lake View, Denver, CO 80201;1649;3
465;750;373;928;864 Palm Drive, San Jose, CA 95101;666 Ocean Avenue, Miami, FL 33101;4569;5
466;914;955;910;159 Birch Street, San Antonio, TX 78201;444 Lake View, Denver, CO 80201;4569;2
467;643;703;799;222 Park Avenue, Boston, MA 02101;555 Mountain Street, Washington, DC 20001;1245;2
468;651;600;384;333 River Road, Seattle, WA 98101;CN Tower 301, Toronto, Canada M5V 2T6;3788;5
469;152;506;686;222 Park Avenue, Boston, MA 02101;Sagrada Família 401, Barcelona, Spain 08013;2645;3
470;241;368;485;789 Pine Road, Chicago, IL 60601;Copacabana Beach 100, Rio de Janeiro, Brazil 22070-011;4361;2
471;423;722;99;Gyeongbokgung Palace 161, Seoul, South Korea 03045;Copacabana Beach 100, Rio de Janeiro, Brazil 22070-011;2135;3
472;845;875;529;Table Mountain Rd, Cape Town, South Africa 8001;987 Cedar Lane, Philadelphia, PA 19101;2760;3
473;172;374;825;Copacabana Beach 100, Rio de Janeiro, Brazil 22070-011;Sagrada Família 401, Barcelona, Spain 08013;4657;5
474;818;143;997;246 Spruce Road, Dallas, TX 75201;CN Tower 301, Toronto, Canada M5V 2T6;4551;3
475;769;200;740;123 Main Street, New York, NY 10001;864 Palm Drive, San Jose, CA 95101;4237;5
476;112;296;721;456 Oak Avenue, Los Angeles, CA 90001;Taj Mahal, Agra, India 282001;3428;4
477;385;390;691;Marina Bay Sands 10, Singapore 018956;246 Spruce Road, Dallas, TX 75201;2184;4
478;674;502;46;222 Park Avenue, Boston, MA 02101;Champs-Élysées 75, Paris, France 75008;1811;5
479;413;389;268;987 Cedar Lane, Philadelphia, PA 19101;444 Lake View, Denver, CO 80201;4360;2
480;9;688;765;246 Spruce Road, Dallas, TX 75201;Gyeongbokgung Palace 161, Seoul, South Korea 03045;3499;3
481;316;598;490;333 River Road, Seattle, WA 98101;Marina Bay Sands 10, Singapore 018956;1552;5
482;788;232;253;Taj Mahal, Agra, India 282001;753 Willow Avenue, San Diego, CA 92101;1740;5
483;117;857;82;Shibuya Crossing 2, Tokyo, Japan 150-0043;246 Spruce Road, Dallas, TX 75201;1790;3
484;968;316;301;Burj Khalifa 1, Dubai, UAE;444 Lake View, Denver, CO 80201;1993;4
485;224;360;875;753 Willow Avenue, San Diego, CA 92101;Brandenburger Tor 1, Berlin, Germany 10117;1934;4
486;861;798;743;864 Palm Drive, San Jose, CA 95101;789 Pine Road, Chicago, IL 60601;1129;3
487;865;970;281;864 Palm Drive, San Jose, CA 95101;Taj Mahal, Agra, India 282001;3157;4
488;329;600;527;Shibuya Crossing 2, Tokyo, Japan 150-0043;Red Square 1, Moscow, Russia 109012;2793;5
489;494;840;330;Shibuya Crossing 2, Tokyo, Japan 150-0043;Burj Khalifa 1, Dubai, UAE;1792;5
490;300;94;604;Champs-Élysées 75, Paris, France 75008;555 Mountain Street, Washington, DC 20001;3717;2
491;208;663;298;Table Mountain Rd, Cape Town, South Africa 8001;159 Birch Street, San Antonio, TX 78201;2308;5
492;40;39;996;Marina Bay Sands 10, Singapore 018956;Burj Khalifa 1, Dubai, UAE;3101;4
493;886;269;788;Shibuya Crossing 2, Tokyo, Japan 150-0043;159 Birch Street, San Antonio, TX 78201;2570;3
494;536;155;288;CN Tower 301, Toronto, Canada M5V 2T6;222 Park Avenue, Boston, MA 02101;2821;5
495;656;908;179;Sydney Opera House, Sydney, Australia 2000;Shibuya Crossing 2, Tokyo, Japan 150-0043;2986;2
496;75;116;774;Brandenburger Tor 1, Berlin, Germany 10117;Sydney Opera House, Sydney, Australia 2000;3721;2
497;585;800;147;Table Mountain Rd, Cape Town, South Africa 8001;456 Oak Avenue, Los Angeles, CA 90001;1855;2
498;115;85;129;Brandenburger Tor 1, Berlin, Germany 10117;456 Oak Avenue, Los Angeles, CA 90001;4603;4
499;104;658;104;Burj Khalifa 1, Dubai, UAE;246 Spruce Road, Dallas, TX 75201;2003;3
500;536;449;574;789 Pine Road, Chicago, IL 60601;Piazza San Marco 1, Venice, Italy 30124;4307;2
501;606;18;839;333 River Road, Seattle, WA 98101;Table Mountain Rd, Cape Town, South Africa 8001;1173;4
502;237;993;379;Brandenburger Tor 1, Berlin, Germany 10117;456 Oak Avenue, Los Angeles, CA 90001;2942;2
503;69;154;489;555 Mountain Street, Washington, DC 20001;864 Palm Drive, San Jose, CA 95101;3950;4
504;424;422;297;Champs-Élysées 75, Paris, France 75008;444 Lake View, Denver, CO 80201;4833;3
505;414;229;621;321 Elm Boulevard, Houston, TX 77001;Burj Khalifa 1, Dubai, UAE;2894;2
506;456;249;252;Copacabana Beach 100, Rio de Janeiro, Brazil 22070-011;789 Pine Road, Chicago, IL 60601;1427;3
507;237;645;515;864 Palm Drive, San Jose, CA 95101;Sagrada Família 401, Barcelona, Spain 08013;2805;5
508;310;931;520;Marina Bay Sands 10, Singapore 018956;444 Lake View, Denver, CO 80201;4518;3
509;928;67;956;789 Pine Road, Chicago, IL 60601;Champs-Élysées 75, Paris, France 75008;4429;4
510;789;581;974;654 Maple Drive, Phoenix, AZ 85001;753 Willow Avenue, San Diego, CA 92101;4805;5
511;552;934;950;987 Cedar Lane, Philadelphia, PA 19101;Table Mountain Rd, Cape Town, South Africa 8001;1881;4
512;991;617;534;Marina Bay Sands 10, Singapore 018956;666 Ocean Avenue, Miami, FL 33101;4096;4
513;436;698;300;666 Ocean Avenue, Miami, FL 33101;Red Square 1, Moscow, Russia 109012;3469;4
514;159;967;733;Burj Khalifa 1, Dubai, UAE;333 River Road, Seattle, WA 98101;3728;5
515;343;676;406;789 Pine Road, Chicago, IL 60601;666 Ocean Avenue, Miami, FL 33101;2083;3
516;356;706;135;456 Oak Avenue, Los Angeles, CA 90001;CN Tower 301, Toronto, Canada M5V 2T6;1293;5
517;40;573;551;222 Park Avenue, Boston, MA 02101;Gyeongbokgung Palace 161, Seoul, South Korea 03045;1726;5
518;950;729;959;Taj Mahal, Agra, India 282001;Shibuya Crossing 2, Tokyo, Japan 150-0043;3018;3
519;22;649;597;159 Birch Street, San Antonio, TX 78201;Piazza San Marco 1, Venice, Italy 30124;1630;2
520;655;812;424;Champs-Élysées 75, Paris, France 75008;Taj Mahal, Agra, India 282001;4880;2
521;631;847;930;Sydney Opera House, Sydney, Australia 2000;987 Cedar Lane, Philadelphia, PA 19101;1678;4
522;349;852;698;Champs-Élysées 75, Paris, France 75008;Marina Bay Sands 10, Singapore 018956;1666;3
523;336;952;672;Sagrada Família 401, Barcelona, Spain 08013;321 Elm Boulevard, Houston, TX 77001;2046;3
524;952;449;902;Taj Mahal, Agra, India 282001;Taj Mahal, Agra, India 282001;4587;5
525;578;495;977;Marina Bay Sands 10, Singapore 018956;Taj Mahal, Agra, India 282001;1442;3
526;83;855;636;321 Elm Boulevard, Houston, TX 77001;Shibuya Crossing 2, Tokyo, Japan 150-0043;3488;5
527;89;529;782;321 Elm Boulevard, Houston, TX 77001;Champs-Élysées 75, Paris, France 75008;1155;3
528;892;517;599;Shibuya Crossing 2, Tokyo, Japan 150-0043;159 Birch Street, San Antonio, TX 78201;1009;4
529;583;747;817;Forbidden City 4, Beijing, China 100006;Forbidden City 4, Beijing, China 100006;1606;2
530;195;997;282;159 Birch Street, San Antonio, TX 78201;Sagrada Família 401, Barcelona, Spain 08013;2972;5
531;174;380;294;333 River Road, Seattle, WA 98101;789 Pine Road, Chicago, IL 60601;2304;3
532;469;523;150;Shibuya Crossing 2, Tokyo, Japan 150-0043;444 Lake View, Denver, CO 80201;3019;2
533;783;903;887;987 Cedar Lane, Philadelphia, PA 19101;Forbidden City 4, Beijing, China 100006;4023;4
534;547;291;890;159 Birch Street, San Antonio, TX 78201;456 Oak Avenue, Los Angeles, CA 90001;4187;2
535;868;829;355;CN Tower 301, Toronto, Canada M5V 2T6;Sydney Opera House, Sydney, Australia 2000;2786;5
536;647;234;349;555 Mountain Street, Washington, DC 20001;CN Tower 301, Toronto, Canada M5V 2T6;2833;2
537;78;374;411;Piazza San Marco 1, Venice, Italy 30124;555 Mountain Street, Washington, DC 20001;4909;5
538;151;868;709;CN Tower 301, Toronto, Canada M5V 2T6;159 Birch Street, San Antonio, TX 78201;4485;3
539;325;936;653;Gyeongbokgung Palace 161, Seoul, South Korea 03045;Forbidden City 4, Beijing, China 100006;3489;2
540;485;935;767;Forbidden City 4, Beijing, China 100006;789 Pine Road, Chicago, IL 60601;2225;2
541;255;753;13;123 Main Street, New York, NY 10001;864 Palm Drive, San Jose, CA 95101;1067;2
542;519;231;779;Brandenburger Tor 1, Berlin, Germany 10117;Shibuya Crossing 2, Tokyo, Japan 150-0043;4089;3
543;234;60;334;Brandenburger Tor 1, Berlin, Germany 10117;333 River Road, Seattle, WA 98101;4202;3
544;851;403;98;Gyeongbokgung Palace 161, Seoul, South Korea 03045;Piazza San Marco 1, Venice, Italy 30124;1287;2
545;116;73;793;Forbidden City 4, Beijing, China 100006;753 Willow Avenue, San Diego, CA 92101;4673;4
546;658;712;962;222 Park Avenue, Boston, MA 02101;864 Palm Drive, San Jose, CA 95101;4139;5
547;927;11;960;CN Tower 301, Toronto, Canada M5V 2T6;Brandenburger Tor 1, Berlin, Germany 10117;3705;4
548;635;148;199;Taj Mahal, Agra, India 282001;Taj Mahal, Agra, India 282001;3631;2
549;495;442;85;753 Willow Avenue, San Diego, CA 92101;123 Main Street, New York, NY 10001;2318;4
550;311;697;695;666 Ocean Avenue, Miami, FL 33101;Marina Bay Sands 10, Singapore 018956;3802;3
551;76;92;197;Table Mountain Rd, Cape Town, South Africa 8001;456 Oak Avenue, Los Angeles, CA 90001;1743;3
552;399;522;285;Taj Mahal, Agra, India 282001;123 Main Street, New York, NY 10001;3831;4
553;76;595;699;Brandenburger Tor 1, Berlin, Germany 10117;321 Elm Boulevard, Houston, TX 77001;4925;3
554;892;360;801;Burj Khalifa 1, Dubai, UAE;456 Oak Avenue, Los Angeles, CA 90001;3437;3
555;215;345;554;222 Park Avenue, Boston, MA 02101;Copacabana Beach 100, Rio de Janeiro, Brazil 22070-011;4698;2
556;888;993;120;456 Oak Avenue, Los Angeles, CA 90001;246 Spruce Road, Dallas, TX 75201;4597;5
557;340;842;107;Copacabana Beach 100, Rio de Janeiro, Brazil 22070-011;444 Lake View, Denver, CO 80201;4911;2
558;604;456;81;Sagrada Família 401, Barcelona, Spain 08013;CN Tower 301, Toronto, Canada M5V 2T6;3908;2
559;12;855;781;Brandenburger Tor 1, Berlin, Germany 10117;Champs-Élysées 75, Paris, France 75008;4130;3
560;902;991;627;Brandenburger Tor 1, Berlin, Germany 10117;Shibuya Crossing 2, Tokyo, Japan 150-0043;1545;3
561;939;920;545;864 Palm Drive, San Jose, CA 95101;123 Main Street, New York, NY 10001;1713;3
562;399;962;66;987 Cedar Lane, Philadelphia, PA 19101;123 Main Street, New York, NY 10001;1256;3
563;818;127;473;CN Tower 301, Toronto, Canada M5V 2T6;CN Tower 301, Toronto, Canada M5V 2T6;4636;4
564;857;165;52;Burj Khalifa 1, Dubai, UAE;Champs-Élysées 75, Paris, France 75008;4113;5
565;716;586;8;456 Oak Avenue, Los Angeles, CA 90001;Marina Bay Sands 10, Singapore 018956;3604;2
566;93;451;807;222 Park Avenue, Boston, MA 02101;Red Square 1, Moscow, Russia 109012;1554;2
567;845;154;380;Brandenburger Tor 1, Berlin, Germany 10117;222 Park Avenue, Boston, MA 02101;1249;4
568;284;418;858;Table Mountain Rd, Cape Town, South Africa 8001;321 Elm Boulevard, Houston, TX 77001;2220;4
569;227;563;741;555 Mountain Street, Washington, DC 20001;159 Birch Street, San Antonio, TX 78201;2163;4
570;318;468;463;159 Birch Street, San Antonio, TX 78201;Taj Mahal, Agra, India 282001;4710;5
571;872;792;48;654 Maple Drive, Phoenix, AZ 85001;Marina Bay Sands 10, Singapore 018956;4419;3
572;957;594;727;Brandenburger Tor 1, Berlin, Germany 10117;321 Elm Boulevard, Houston, TX 77001;4617;2
573;372;441;524;Piazza San Marco 1, Venice, Italy 30124;Champs-Élysées 75, Paris, France 75008;2333;2
574;506;88;581;246 Spruce Road, Dallas, TX 75201;789 Pine Road, Chicago, IL 60601;1467;3
575;479;895;447;864 Palm Drive, San Jose, CA 95101;654 Maple Drive, Phoenix, AZ 85001;4007;3
576;245;896;986;Brandenburger Tor 1, Berlin, Germany 10117;Brandenburger Tor 1, Berlin, Germany 10117;1184;5
577;968;804;130;246 Spruce Road, Dallas, TX 75201;444 Lake View, Denver, CO 80201;4994;5
578;224;781;5;444 Lake View, Denver, CO 80201;456 Oak Avenue, Los Angeles, CA 90001;1316;2
579;564;382;756;Brandenburger Tor 1, Berlin, Germany 10117;Burj Khalifa 1, Dubai, UAE;1910;4
580;573;683;402;Taj Mahal, Agra, India 282001;Sagrada Família 401, Barcelona, Spain 08013;2954;3
581;798;944;230;666 Ocean Avenue, Miami, FL 33101;Gyeongbokgung Palace 161, Seoul, South Korea 03045;3207;5
582;698;26;89;555 Mountain Street, Washington, DC 20001;Forbidden City 4, Beijing, China 100006;1745;2
583;632;588;867;321 Elm Boulevard, Houston, TX 77001;Champs-Élysées 75, Paris, France 75008;2182;5
584;805;207;927;789 Pine Road, Chicago, IL 60601;222 Park Avenue, Boston, MA 02101;4483;2
585;417;278;836;666 Ocean Avenue, Miami, FL 33101;987 Cedar Lane, Philadelphia, PA 19101;1084;2
586;537;523;980;666 Ocean Avenue, Miami, FL 33101;159 Birch Street, San Antonio, TX 78201;3718;3
587;906;405;93;444 Lake View, Denver, CO 80201;CN Tower 301, Toronto, Canada M5V 2T6;3088;3
588;503;492;612;CN Tower 301, Toronto, Canada M5V 2T6;Marina Bay Sands 10, Singapore 018956;2724;4
589;508;618;29;222 Park Avenue, Boston, MA 02101;Piazza San Marco 1, Venice, Italy 30124;1176;5
590;306;364;203;CN Tower 301, Toronto, Canada M5V 2T6;Marina Bay Sands 10, Singapore 018956;3012;4
591;369;671;95;333 River Road, Seattle, WA 98101;Marina Bay Sands 10, Singapore 018956;4342;4
592;727;847;326;Gyeongbokgung Palace 161, Seoul, South Korea 03045;123 Main Street, New York, NY 10001;3123;4
593;714;970;630;333 River Road, Seattle, WA 98101;CN Tower 301, Toronto, Canada M5V 2T6;4333;4
594;751;92;187;159 Birch Street, San Antonio, TX 78201;Gyeongbokgung Palace 161, Seoul, South Korea 03045;4936;3
595;97;920;899;Piazza San Marco 1, Venice, Italy 30124;555 Mountain Street, Washington, DC 20001;2589;3
596;73;730;42;321 Elm Boulevard, Houston, TX 77001;555 Mountain Street, Washington, DC 20001;2764;2
597;718;75;270;Sydney Opera House, Sydney, Australia 2000;Brandenburger Tor 1, Berlin, Germany 10117;4922;5
598;760;814;27;Champs-Élysées 75, Paris, France 75008;666 Ocean Avenue, Miami, FL 33101;4501;5
599;31;603;55;Taj Mahal, Agra, India 282001;Taj Mahal, Agra, India 282001;4240;4
600;406;500;594;Table Mountain Rd, Cape Town, South Africa 8001;987 Cedar Lane, Philadelphia, PA 19101;4818;3
601;890;925;498;864 Palm Drive, San Jose, CA 95101;Sagrada Família 401, Barcelona, Spain 08013;1826;5
602;227;66;843;Forbidden City 4, Beijing, China 100006;333 River Road, Seattle, WA 98101;2845;4
603;194;541;175;Piazza San Marco 1, Venice, Italy 30124;123 Main Street, New York, NY 10001;1199;2
604;518;341;34;666 Ocean Avenue, Miami, FL 33101;444 Lake View, Denver, CO 80201;2734;4
605;821;627;185;CN Tower 301, Toronto, Canada M5V 2T6;Sagrada Família 401, Barcelona, Spain 08013;3417;2
606;505;578;202;987 Cedar Lane, Philadelphia, PA 19101;Sagrada Família 401, Barcelona, Spain 08013;4439;5
607;90;78;935;Shibuya Crossing 2, Tokyo, Japan 150-0043;456 Oak Avenue, Los Angeles, CA 90001;2778;2
608;665;842;518;246 Spruce Road, Dallas, TX 75201;Forbidden City 4, Beijing, China 100006;4081;4
609;251;39;509;Champs-Élysées 75, Paris, France 75008;222 Park Avenue, Boston, MA 02101;4164;2
610;722;862;700;654 Maple Drive, Phoenix, AZ 85001;Forbidden City 4, Beijing, China 100006;1184;3
611;564;803;851;654 Maple Drive, Phoenix, AZ 85001;Red Square 1, Moscow, Russia 109012;3169;5
612;417;647;905;Table Mountain Rd, Cape Town, South Africa 8001;666 Ocean Avenue, Miami, FL 33101;4873;2
613;663;853;143;Champs-Élysées 75, Paris, France 75008;Sagrada Família 401, Barcelona, Spain 08013;1268;5
614;635;581;361;222 Park Avenue, Boston, MA 02101;Copacabana Beach 100, Rio de Janeiro, Brazil 22070-011;3827;2
615;457;224;450;666 Ocean Avenue, Miami, FL 33101;333 River Road, Seattle, WA 98101;4658;3
616;801;547;51;654 Maple Drive, Phoenix, AZ 85001;Shibuya Crossing 2, Tokyo, Japan 150-0043;1922;5
617;949;630;827;456 Oak Avenue, Los Angeles, CA 90001;654 Maple Drive, Phoenix, AZ 85001;4489;5
618;751;107;14;Sagrada Família 401, Barcelona, Spain 08013;Taj Mahal, Agra, India 282001;4854;2
619;744;319;805;246 Spruce Road, Dallas, TX 75201;CN Tower 301, Toronto, Canada M5V 2T6;2103;2
620;23;553;19;Brandenburger Tor 1, Berlin, Germany 10117;222 Park Avenue, Boston, MA 02101;2227;3
621;707;773;184;246 Spruce Road, Dallas, TX 75201;Red Square 1, Moscow, Russia 109012;2322;5
622;996;278;17;321 Elm Boulevard, Houston, TX 77001;444 Lake View, Denver, CO 80201;1016;3
623;706;536;356;Marina Bay Sands 10, Singapore 018956;Taj Mahal, Agra, India 282001;1527;3
624;10;281;33;Gyeongbokgung Palace 161, Seoul, South Korea 03045;246 Spruce Road, Dallas, TX 75201;3172;2
625;812;707;25;789 Pine Road, Chicago, IL 60601;555 Mountain Street, Washington, DC 20001;3504;2
626;310;118;555;Red Square 1, Moscow, Russia 109012;654 Maple Drive, Phoenix, AZ 85001;3518;4
627;177;206;176;333 River Road, Seattle, WA 98101;333 River Road, Seattle, WA 98101;2406;4
628;79;65;426;Champs-Élysées 75, Paris, France 75008;444 Lake View, Denver, CO 80201;3050;2
629;369;196;226;Burj Khalifa 1, Dubai, UAE;Taj Mahal, Agra, India 282001;3425;4
630;730;102;111;Taj Mahal, Agra, India 282001;123 Main Street, New York, NY 10001;3105;3
631;246;648;711;444 Lake View, Denver, CO 80201;222 Park Avenue, Boston, MA 02101;1519;3
632;104;579;218;666 Ocean Avenue, Miami, FL 33101;Champs-Élysées 75, Paris, France 75008;3113;2
633;960;407;932;159 Birch Street, San Antonio, TX 78201;CN Tower 301, Toronto, Canada M5V 2T6;1403;4
634;113;762;658;Forbidden City 4, Beijing, China 100006;Red Square 1, Moscow, Russia 109012;3798;4
635;706;475;212;Red Square 1, Moscow, Russia 109012;666 Ocean Avenue, Miami, FL 33101;1360;4
636;660;741;423;Brandenburger Tor 1, Berlin, Germany 10117;222 Park Avenue, Boston, MA 02101;2411;5
637;674;999;400;Table Mountain Rd, Cape Town, South Africa 8001;Burj Khalifa 1, Dubai, UAE;1402;2
638;778;552;511;456 Oak Avenue, Los Angeles, CA 90001;789 Pine Road, Chicago, IL 60601;4954;3
639;117;394;254;Brandenburger Tor 1, Berlin, Germany 10117;Shibuya Crossing 2, Tokyo, Japan 150-0043;4696;3
640;299;347;200;Sagrada Família 401, Barcelona, Spain 08013;555 Mountain Street, Washington, DC 20001;4065;5
641;444;347;318;Marina Bay Sands 10, Singapore 018956;789 Pine Road, Chicago, IL 60601;1604;5
642;749;915;321;753 Willow Avenue, San Diego, CA 92101;Piazza San Marco 1, Venice, Italy 30124;4883;2
643;598;589;553;Sydney Opera House, Sydney, Australia 2000;159 Birch Street, San Antonio, TX 78201;3625;5
644;468;366;342;Shibuya Crossing 2, Tokyo, Japan 150-0043;222 Park Avenue, Boston, MA 02101;3225;3
645;587;414;41;654 Maple Drive, Phoenix, AZ 85001;444 Lake View, Denver, CO 80201;3180;5
646;921;709;470;789 Pine Road, Chicago, IL 60601;864 Palm Drive, San Jose, CA 95101;1814;3
647;419;438;617;Brandenburger Tor 1, Berlin, Germany 10117;222 Park Avenue, Boston, MA 02101;1155;2
648;846;881;642;CN Tower 301, Toronto, Canada M5V 2T6;159 Birch Street, San Antonio, TX 78201;1596;3
649;651;453;832;Taj Mahal, Agra, India 282001;Sydney Opera House, Sydney, Australia 2000;1043;2
650;194;164;948;864 Palm Drive, San Jose, CA 95101;Piazza San Marco 1, Venice, Italy 30124;1407;5
651;325;832;753;555 Mountain Street, Washington, DC 20001;Gyeongbokgung Palace 161, Seoul, South Korea 03045;2990;5
652;225;494;693;753 Willow Avenue, San Diego, CA 92101;789 Pine Road, Chicago, IL 60601;4924;2
653;103;888;441;123 Main Street, New York, NY 10001;Gyeongbokgung Palace 161, Seoul, South Korea 03045;1165;2
654;946;240;434;123 Main Street, New York, NY 10001;Brandenburger Tor 1, Berlin, Germany 10117;1041;5
655;500;526;126;Brandenburger Tor 1, Berlin, Germany 10117;Burj Khalifa 1, Dubai, UAE;4662;5
656;199;690;917;Brandenburger Tor 1, Berlin, Germany 10117;Table Mountain Rd, Cape Town, South Africa 8001;2123;5
657;404;915;775;789 Pine Road, Chicago, IL 60601;666 Ocean Avenue, Miami, FL 33101;3173;3
658;403;182;904;Gyeongbokgung Palace 161, Seoul, South Korea 03045;Gyeongbokgung Palace 161, Seoul, South Korea 03045;2270;2
659;24;911;938;222 Park Avenue, Boston, MA 02101;159 Birch Street, San Antonio, TX 78201;3368;3
660;259;875;586;Champs-Élysées 75, Paris, France 75008;753 Willow Avenue, San Diego, CA 92101;3086;5
661;874;71;136;789 Pine Road, Chicago, IL 60601;Red Square 1, Moscow, Russia 109012;1018;4
662;544;622;264;444 Lake View, Denver, CO 80201;789 Pine Road, Chicago, IL 60601;1038;3
663;582;155;263;456 Oak Avenue, Los Angeles, CA 90001;Burj Khalifa 1, Dubai, UAE;2916;2
664;267;792;907;Champs-Élysées 75, Paris, France 75008;159 Birch Street, San Antonio, TX 78201;3672;4
665;858;955;153;Burj Khalifa 1, Dubai, UAE;123 Main Street, New York, NY 10001;3172;3
666;427;45;377;Forbidden City 4, Beijing, China 100006;555 Mountain Street, Washington, DC 20001;4430;2
667;849;801;290;Marina Bay Sands 10, Singapore 018956;Gyeongbokgung Palace 161, Seoul, South Korea 03045;4668;4
668;593;499;183;Copacabana Beach 100, Rio de Janeiro, Brazil 22070-011;Table Mountain Rd, Cape Town, South Africa 8001;4639;5
669;585;775;451;753 Willow Avenue, San Diego, CA 92101;321 Elm Boulevard, Houston, TX 77001;3805;3
670;288;799;166;Piazza San Marco 1, Venice, Italy 30124;456 Oak Avenue, Los Angeles, CA 90001;4619;2
671;520;971;484;789 Pine Road, Chicago, IL 60601;Champs-Élysées 75, Paris, France 75008;1310;3
672;275;642;624;753 Willow Avenue, San Diego, CA 92101;123 Main Street, New York, NY 10001;2234;2
673;575;738;458;753 Willow Avenue, San Diego, CA 92101;Marina Bay Sands 10, Singapore 018956;3200;4
674;351;382;530;Marina Bay Sands 10, Singapore 018956;Gyeongbokgung Palace 161, Seoul, South Korea 03045;3567;2
675;802;229;139;Brandenburger Tor 1, Berlin, Germany 10117;987 Cedar Lane, Philadelphia, PA 19101;1956;2
676;552;572;412;Copacabana Beach 100, Rio de Janeiro, Brazil 22070-011;246 Spruce Road, Dallas, TX 75201;4583;3
677;739;64;35;Sagrada Família 401, Barcelona, Spain 08013;Taj Mahal, Agra, India 282001;1365;3
678;144;212;563;Piazza San Marco 1, Venice, Italy 30124;444 Lake View, Denver, CO 80201;4974;5
679;217;530;121;789 Pine Road, Chicago, IL 60601;222 Park Avenue, Boston, MA 02101;2569;3
680;524;897;248;123 Main Street, New York, NY 10001;Marina Bay Sands 10, Singapore 018956;3084;4
681;219;329;394;Sydney Opera House, Sydney, Australia 2000;246 Spruce Road, Dallas, TX 75201;3706;3
682;481;463;174;987 Cedar Lane, Philadelphia, PA 19101;Forbidden City 4, Beijing, China 100006;1777;5
683;995;365;86;Burj Khalifa 1, Dubai, UAE;246 Spruce Road, Dallas, TX 75201;3943;3
684;961;131;437;333 River Road, Seattle, WA 98101;Red Square 1, Moscow, Russia 109012;3133;5
685;705;428;712;Piazza San Marco 1, Venice, Italy 30124;Piazza San Marco 1, Venice, Italy 30124;3999;3
686;279;109;844;Sagrada Família 401, Barcelona, Spain 08013;666 Ocean Avenue, Miami, FL 33101;4003;2
687;551;88;393;Table Mountain Rd, Cape Town, South Africa 8001;Gyeongbokgung Palace 161, Seoul, South Korea 03045;1361;2
688;404;27;18;Shibuya Crossing 2, Tokyo, Japan 150-0043;222 Park Avenue, Boston, MA 02101;3140;4
689;290;602;687;Piazza San Marco 1, Venice, Italy 30124;321 Elm Boulevard, Houston, TX 77001;4238;3
690;217;3;876;Shibuya Crossing 2, Tokyo, Japan 150-0043;444 Lake View, Denver, CO 80201;1005;3
691;71;832;995;Burj Khalifa 1, Dubai, UAE;789 Pine Road, Chicago, IL 60601;1374;5
692;911;580;266;Taj Mahal, Agra, India 282001;753 Willow Avenue, San Diego, CA 92101;4704;2
693;82;450;493;333 River Road, Seattle, WA 98101;321 Elm Boulevard, Houston, TX 77001;1952;2
694;556;351;655;Sydney Opera House, Sydney, Australia 2000;864 Palm Drive, San Jose, CA 95101;3219;2
695;524;264;668;Table Mountain Rd, Cape Town, South Africa 8001;Taj Mahal, Agra, India 282001;3652;5
696;7;981;745;123 Main Street, New York, NY 10001;333 River Road, Seattle, WA 98101;4864;3
697;597;154;952;246 Spruce Road, Dallas, TX 75201;753 Willow Avenue, San Diego, CA 92101;3347;4
698;527;91;596;Taj Mahal, Agra, India 282001;789 Pine Road, Chicago, IL 60601;2183;4
699;524;875;690;CN Tower 301, Toronto, Canada M5V 2T6;Gyeongbokgung Palace 161, Seoul, South Korea 03045;4755;3
700;103;738;346;Taj Mahal, Agra, India 282001;753 Willow Avenue, San Diego, CA 92101;3793;5
701;17;817;931;Taj Mahal, Agra, India 282001;Forbidden City 4, Beijing, China 100006;3351;5
702;709;338;613;Gyeongbokgung Palace 161, Seoul, South Korea 03045;Sagrada Família 401, Barcelona, Spain 08013;4288;5
703;136;808;780;Taj Mahal, Agra, India 282001;Copacabana Beach 100, Rio de Janeiro, Brazil 22070-011;4021;3
704;305;35;125;Forbidden City 4, Beijing, China 100006;Sydney Opera House, Sydney, Australia 2000;2230;5
705;974;520;50;CN Tower 301, Toronto, Canada M5V 2T6;Marina Bay Sands 10, Singapore 018956;1157;2
706;86;319;103;Brandenburger Tor 1, Berlin, Germany 10117;Burj Khalifa 1, Dubai, UAE;2831;2
707;502;90;614;333 River Road, Seattle, WA 98101;Piazza San Marco 1, Venice, Italy 30124;2380;2
708;810;840;22;Forbidden City 4, Beijing, China 100006;654 Maple Drive, Phoenix, AZ 85001;2715;3
709;73;402;911;Gyeongbokgung Palace 161, Seoul, South Korea 03045;246 Spruce Road, Dallas, TX 75201;3693;2
710;295;427;4;222 Park Avenue, Boston, MA 02101;321 Elm Boulevard, Houston, TX 77001;2959;2
711;876;161;838;Shibuya Crossing 2, Tokyo, Japan 150-0043;222 Park Avenue, Boston, MA 02101;2038;4
712;271;759;284;333 River Road, Seattle, WA 98101;123 Main Street, New York, NY 10001;2622;2
713;753;34;616;864 Palm Drive, San Jose, CA 95101;Forbidden City 4, Beijing, China 100006;2424;2
714;427;776;72;123 Main Street, New York, NY 10001;Champs-Élysées 75, Paris, France 75008;4288;5
715;231;807;313;789 Pine Road, Chicago, IL 60601;Shibuya Crossing 2, Tokyo, Japan 150-0043;4040;4
716;992;520;521;864 Palm Drive, San Jose, CA 95101;CN Tower 301, Toronto, Canada M5V 2T6;3100;2
717;719;828;364;246 Spruce Road, Dallas, TX 75201;753 Willow Avenue, San Diego, CA 92101;2631;5
718;707;130;408;CN Tower 301, Toronto, Canada M5V 2T6;246 Spruce Road, Dallas, TX 75201;2031;3
719;164;264;442;Taj Mahal, Agra, India 282001;Gyeongbokgung Palace 161, Seoul, South Korea 03045;3610;4
720;619;891;623;864 Palm Drive, San Jose, CA 95101;987 Cedar Lane, Philadelphia, PA 19101;2651;5
721;259;180;445;864 Palm Drive, San Jose, CA 95101;159 Birch Street, San Antonio, TX 78201;4238;4
722;33;492;496;Shibuya Crossing 2, Tokyo, Japan 150-0043;159 Birch Street, San Antonio, TX 78201;4455;2
723;343;178;419;222 Park Avenue, Boston, MA 02101;Copacabana Beach 100, Rio de Janeiro, Brazil 22070-011;1645;3
724;756;866;857;654 Maple Drive, Phoenix, AZ 85001;789 Pine Road, Chicago, IL 60601;1469;4
725;690;367;988;753 Willow Avenue, San Diego, CA 92101;Gyeongbokgung Palace 161, Seoul, South Korea 03045;1072;2
726;335;735;397;666 Ocean Avenue, Miami, FL 33101;753 Willow Avenue, San Diego, CA 92101;2601;2
727;174;274;474;246 Spruce Road, Dallas, TX 75201;789 Pine Road, Chicago, IL 60601;4364;3
728;821;852;180;Gyeongbokgung Palace 161, Seoul, South Korea 03045;Champs-Élysées 75, Paris, France 75008;2740;3
729;378;781;550;Sydney Opera House, Sydney, Australia 2000;456 Oak Avenue, Los Angeles, CA 90001;2808;5
730;198;263;280;Champs-Élysées 75, Paris, France 75008;456 Oak Avenue, Los Angeles, CA 90001;3361;5
731;754;583;304;Gyeongbokgung Palace 161, Seoul, South Korea 03045;555 Mountain Street, Washington, DC 20001;3996;4
732;703;239;216;159 Birch Street, San Antonio, TX 78201;Table Mountain Rd, Cape Town, South Africa 8001;4148;3
733;614;716;430;Forbidden City 4, Beijing, China 100006;444 Lake View, Denver, CO 80201;3664;3
734;894;199;311;Burj Khalifa 1, Dubai, UAE;Forbidden City 4, Beijing, China 100006;3323;3
735;250;78;366;753 Willow Avenue, San Diego, CA 92101;Sydney Opera House, Sydney, Australia 2000;4615;4
736;222;804;730;159 Birch Street, San Antonio, TX 78201;321 Elm Boulevard, Houston, TX 77001;1985;2
737;86;791;410;Shibuya Crossing 2, Tokyo, Japan 150-0043;Forbidden City 4, Beijing, China 100006;1081;5
738;719;281;140;Champs-Élysées 75, Paris, France 75008;666 Ocean Avenue, Miami, FL 33101;4820;5
739;34;474;954;123 Main Street, New York, NY 10001;654 Maple Drive, Phoenix, AZ 85001;1003;3
740;345;875;870;Table Mountain Rd, Cape Town, South Africa 8001;Sydney Opera House, Sydney, Australia 2000;1588;5
741;826;56;471;864 Palm Drive, San Jose, CA 95101;Forbidden City 4, Beijing, China 100006;1162;3
742;96;678;3;456 Oak Avenue, Los Angeles, CA 90001;555 Mountain Street, Washington, DC 20001;1409;5
743;366;954;850;Table Mountain Rd, Cape Town, South Africa 8001;789 Pine Road, Chicago, IL 60601;2587;5
744;220;159;201;864 Palm Drive, San Jose, CA 95101;Copacabana Beach 100, Rio de Janeiro, Brazil 22070-011;4176;3
745;671;694;351;987 Cedar Lane, Philadelphia, PA 19101;864 Palm Drive, San Jose, CA 95101;1198;3
746;919;574;172;Brandenburger Tor 1, Berlin, Germany 10117;222 Park Avenue, Boston, MA 02101;1207;5
747;422;935;561;CN Tower 301, Toronto, Canada M5V 2T6;222 Park Avenue, Boston, MA 02101;3634;5
748;834;146;685;Piazza San Marco 1, Venice, Italy 30124;Sydney Opera House, Sydney, Australia 2000;4479;5
749;444;27;864;123 Main Street, New York, NY 10001;Marina Bay Sands 10, Singapore 018956;1832;4
750;214;904;889;789 Pine Road, Chicago, IL 60601;321 Elm Boulevard, Houston, TX 77001;1403;4
751;176;547;158;Brandenburger Tor 1, Berlin, Germany 10117;Sagrada Família 401, Barcelona, Spain 08013;1334;2
752;955;5;443;Table Mountain Rd, Cape Town, South Africa 8001;Shibuya Crossing 2, Tokyo, Japan 150-0043;4823;3
753;304;990;162;456 Oak Avenue, Los Angeles, CA 90001;CN Tower 301, Toronto, Canada M5V 2T6;1135;4
754;596;567;205;456 Oak Avenue, Los Angeles, CA 90001;Piazza San Marco 1, Venice, Italy 30124;4429;2
755;640;820;491;Sagrada Família 401, Barcelona, Spain 08013;333 River Road, Seattle, WA 98101;2672;4
756;351;265;118;Burj Khalifa 1, Dubai, UAE;Table Mountain Rd, Cape Town, South Africa 8001;2142;3
757;177;240;165;Copacabana Beach 100, Rio de Janeiro, Brazil 22070-011;Champs-Élysées 75, Paris, France 75008;1393;5
758;209;557;869;Champs-Élysées 75, Paris, France 75008;864 Palm Drive, San Jose, CA 95101;2677;2
759;111;363;547;654 Maple Drive, Phoenix, AZ 85001;Brandenburger Tor 1, Berlin, Germany 10117;1738;3
760;680;419;396;Shibuya Crossing 2, Tokyo, Japan 150-0043;753 Willow Avenue, San Diego, CA 92101;1816;2
761;620;273;720;123 Main Street, New York, NY 10001;987 Cedar Lane, Philadelphia, PA 19101;1263;4
762;37;332;526;222 Park Avenue, Boston, MA 02101;Copacabana Beach 100, Rio de Janeiro, Brazil 22070-011;4408;3
763;760;790;123;456 Oak Avenue, Los Angeles, CA 90001;Sydney Opera House, Sydney, Australia 2000;4256;4
764;849;901;615;333 River Road, Seattle, WA 98101;Red Square 1, Moscow, Russia 109012;3839;4
765;536;352;495;654 Maple Drive, Phoenix, AZ 85001;Gyeongbokgung Palace 161, Seoul, South Korea 03045;4102;3
766;637;268;830;555 Mountain Street, Washington, DC 20001;321 Elm Boulevard, Houston, TX 77001;4189;3
767;816;627;766;444 Lake View, Denver, CO 80201;Forbidden City 4, Beijing, China 100006;3739;5
768;695;242;506;Brandenburger Tor 1, Berlin, Germany 10117;Brandenburger Tor 1, Berlin, Germany 10117;4898;2
769;221;951;744;Forbidden City 4, Beijing, China 100006;666 Ocean Avenue, Miami, FL 33101;1256;2
770;523;718;692;864 Palm Drive, San Jose, CA 95101;753 Willow Avenue, San Diego, CA 92101;1499;3
771;327;755;834;456 Oak Avenue, Los Angeles, CA 90001;Brandenburger Tor 1, Berlin, Germany 10117;1995;3
772;469;372;811;753 Willow Avenue, San Diego, CA 92101;654 Maple Drive, Phoenix, AZ 85001;1510;4
773;14;177;633;Burj Khalifa 1, Dubai, UAE;Champs-Élysées 75, Paris, France 75008;2544;4
774;407;833;628;555 Mountain Street, Washington, DC 20001;Copacabana Beach 100, Rio de Janeiro, Brazil 22070-011;2473;3
775;84;742;802;654 Maple Drive, Phoenix, AZ 85001;Shibuya Crossing 2, Tokyo, Japan 150-0043;3176;4
776;430;512;53;Sydney Opera House, Sydney, Australia 2000;Red Square 1, Moscow, Russia 109012;4460;3
777;560;719;88;456 Oak Avenue, Los Angeles, CA 90001;123 Main Street, New York, NY 10001;1279;5
778;969;667;100;456 Oak Avenue, Los Angeles, CA 90001;123 Main Street, New York, NY 10001;4966;3
779;546;218;157;Sydney Opera House, Sydney, Australia 2000;Taj Mahal, Agra, India 282001;2171;4
780;435;713;872;Taj Mahal, Agra, India 282001;Table Mountain Rd, Cape Town, South Africa 8001;1784;3
781;104;486;777;Red Square 1, Moscow, Russia 109012;Piazza San Marco 1, Venice, Italy 30124;4904;3
782;588;379;661;333 River Road, Seattle, WA 98101;Marina Bay Sands 10, Singapore 018956;2077;2
783;458;41;831;555 Mountain Street, Washington, DC 20001;Gyeongbokgung Palace 161, Seoul, South Korea 03045;4219;5
784;264;561;488;Champs-Élysées 75, Paris, France 75008;CN Tower 301, Toronto, Canada M5V 2T6;1332;5
785;296;220;286;Taj Mahal, Agra, India 282001;222 Park Avenue, Boston, MA 02101;3138;3
786;824;182;234;Gyeongbokgung Palace 161, Seoul, South Korea 03045;Copacabana Beach 100, Rio de Janeiro, Brazil 22070-011;3475;3
787;278;529;847;Piazza San Marco 1, Venice, Italy 30124;Piazza San Marco 1, Venice, Italy 30124;1622;5
788;501;518;1;246 Spruce Road, Dallas, TX 75201;Taj Mahal, Agra, India 282001;1687;2
789;365;826;874;864 Palm Drive, San Jose, CA 95101;753 Willow Avenue, San Diego, CA 92101;4080;3
790;874;5;9;555 Mountain Street, Washington, DC 20001;321 Elm Boulevard, Houston, TX 77001;3105;2
791;593;369;273;987 Cedar Lane, Philadelphia, PA 19101;555 Mountain Street, Washington, DC 20001;2404;2
792;891;575;156;Marina Bay Sands 10, Singapore 018956;246 Spruce Road, Dallas, TX 75201;4244;3
793;518;2;418;456 Oak Avenue, Los Angeles, CA 90001;Champs-Élysées 75, Paris, France 75008;1265;5
794;293;767;746;123 Main Street, New York, NY 10001;Forbidden City 4, Beijing, China 100006;3607;3
795;577;638;580;Champs-Élysées 75, Paris, France 75008;222 Park Avenue, Boston, MA 02101;3926;4
796;751;54;267;Piazza San Marco 1, Venice, Italy 30124;Copacabana Beach 100, Rio de Janeiro, Brazil 22070-011;1614;5
797;667;224;224;Sagrada Família 401, Barcelona, Spain 08013;444 Lake View, Denver, CO 80201;2289;4
798;182;83;291;666 Ocean Avenue, Miami, FL 33101;Marina Bay Sands 10, Singapore 018956;2558;2
799;513;692;918;753 Willow Avenue, San Diego, CA 92101;Table Mountain Rd, Cape Town, South Africa 8001;2556;3
800;565;393;435;Gyeongbokgung Palace 161, Seoul, South Korea 03045;159 Birch Street, San Antonio, TX 78201;2363;5
801;647;706;381;864 Palm Drive, San Jose, CA 95101;222 Park Avenue, Boston, MA 02101;3236;3
802;553;594;820;444 Lake View, Denver, CO 80201;Sydney Opera House, Sydney, Australia 2000;1214;4
803;908;369;710;Gyeongbokgung Palace 161, Seoul, South Korea 03045;Sagrada Família 401, Barcelona, Spain 08013;4007;3
804;711;888;835;Brandenburger Tor 1, Berlin, Germany 10117;444 Lake View, Denver, CO 80201;3713;3
805;496;358;220;555 Mountain Street, Washington, DC 20001;987 Cedar Lane, Philadelphia, PA 19101;2735;2
806;480;745;370;789 Pine Road, Chicago, IL 60601;Marina Bay Sands 10, Singapore 018956;2131;5
807;279;781;373;Shibuya Crossing 2, Tokyo, Japan 150-0043;Piazza San Marco 1, Venice, Italy 30124;1072;5
808;957;303;737;864 Palm Drive, San Jose, CA 95101;Brandenburger Tor 1, Berlin, Germany 10117;4873;2
809;759;392;341;456 Oak Avenue, Los Angeles, CA 90001;Burj Khalifa 1, Dubai, UAE;3171;5
810;119;900;261;Burj Khalifa 1, Dubai, UAE;456 Oak Avenue, Los Angeles, CA 90001;1069;5
811;125;967;883;123 Main Street, New York, NY 10001;987 Cedar Lane, Philadelphia, PA 19101;2047;4
812;564;630;499;654 Maple Drive, Phoenix, AZ 85001;Piazza San Marco 1, Venice, Italy 30124;1541;3
813;906;453;680;654 Maple Drive, Phoenix, AZ 85001;Shibuya Crossing 2, Tokyo, Japan 150-0043;4209;5
814;724;209;557;333 River Road, Seattle, WA 98101;123 Main Street, New York, NY 10001;3758;4
815;388;156;898;333 River Road, Seattle, WA 98101;666 Ocean Avenue, Miami, FL 33101;2222;5
816;563;302;117;321 Elm Boulevard, Houston, TX 77001;666 Ocean Avenue, Miami, FL 33101;3959;4
817;43;87;894;321 Elm Boulevard, Houston, TX 77001;444 Lake View, Denver, CO 80201;3298;4
818;942;99;582;321 Elm Boulevard, Houston, TX 77001;222 Park Avenue, Boston, MA 02101;2384;3
819;916;893;378;666 Ocean Avenue, Miami, FL 33101;Marina Bay Sands 10, Singapore 018956;3568;4
820;801;577;227;159 Birch Street, San Antonio, TX 78201;987 Cedar Lane, Philadelphia, PA 19101;3250;4
821;62;862;195;Forbidden City 4, Beijing, China 100006;Gyeongbokgung Palace 161, Seoul, South Korea 03045;4223;3
822;800;826;242;Champs-Élysées 75, Paris, France 75008;864 Palm Drive, San Jose, CA 95101;1118;5
823;931;131;40;Shibuya Crossing 2, Tokyo, Japan 150-0043;Table Mountain Rd, Cape Town, South Africa 8001;4219;4
824;693;847;903;Table Mountain Rd, Cape Town, South Africa 8001;Copacabana Beach 100, Rio de Janeiro, Brazil 22070-011;1185;5
825;604;822;936;333 River Road, Seattle, WA 98101;654 Maple Drive, Phoenix, AZ 85001;2354;3
826;822;942;244;Gyeongbokgung Palace 161, Seoul, South Korea 03045;222 Park Avenue, Boston, MA 02101;4802;3
827;365;817;649;Champs-Élysées 75, Paris, France 75008;654 Maple Drive, Phoenix, AZ 85001;1106;5
828;887;493;307;666 Ocean Avenue, Miami, FL 33101;Brandenburger Tor 1, Berlin, Germany 10117;4253;4
829;653;570;221;222 Park Avenue, Boston, MA 02101;333 River Road, Seattle, WA 98101;4523;3
830;546;184;929;654 Maple Drive, Phoenix, AZ 85001;753 Willow Avenue, San Diego, CA 92101;2608;3
831;621;790;747;Shibuya Crossing 2, Tokyo, Japan 150-0043;Marina Bay Sands 10, Singapore 018956;2936;4
832;677;712;946;789 Pine Road, Chicago, IL 60601;246 Spruce Road, Dallas, TX 75201;4702;3
833;165;529;420;654 Maple Drive, Phoenix, AZ 85001;Shibuya Crossing 2, Tokyo, Japan 150-0043;2039;4
834;994;949;190;Forbidden City 4, Beijing, China 100006;Table Mountain Rd, Cape Town, South Africa 8001;2796;5
835;774;161;866;789 Pine Road, Chicago, IL 60601;321 Elm Boulevard, Houston, TX 77001;2342;3
836;194;403;806;222 Park Avenue, Boston, MA 02101;333 River Road, Seattle, WA 98101;1614;3
837;80;187;987;Forbidden City 4, Beijing, China 100006;Gyeongbokgung Palace 161, Seoul, South Korea 03045;4189;2
838;391;158;207;444 Lake View, Denver, CO 80201;Sagrada Família 401, Barcelona, Spain 08013;3464;4
839;814;755;456;246 Spruce Road, Dallas, TX 75201;444 Lake View, Denver, CO 80201;3715;4
840;305;903;979;555 Mountain Street, Washington, DC 20001;666 Ocean Avenue, Miami, FL 33101;1569;5
841;478;602;26;753 Willow Avenue, San Diego, CA 92101;555 Mountain Street, Washington, DC 20001;4263;4
842;509;640;933;333 River Road, Seattle, WA 98101;Shibuya Crossing 2, Tokyo, Japan 150-0043;1303;3
843;787;540;169;321 Elm Boulevard, Houston, TX 77001;987 Cedar Lane, Philadelphia, PA 19101;3778;3
844;802;421;151;246 Spruce Road, Dallas, TX 75201;Forbidden City 4, Beijing, China 100006;2202;4
845;356;14;96;246 Spruce Road, Dallas, TX 75201;753 Willow Avenue, San Diego, CA 92101;4715;3
846;858;690;350;123 Main Street, New York, NY 10001;333 River Road, Seattle, WA 98101;1731;3
847;554;574;570;333 River Road, Seattle, WA 98101;666 Ocean Avenue, Miami, FL 33101;1780;4
848;313;140;934;CN Tower 301, Toronto, Canada M5V 2T6;555 Mountain Street, Washington, DC 20001;3244;5
849;560;631;667;456 Oak Avenue, Los Angeles, CA 90001;555 Mountain Street, Washington, DC 20001;1178;2
850;550;484;206;246 Spruce Road, Dallas, TX 75201;Champs-Élysées 75, Paris, France 75008;3636;4
851;619;861;916;Table Mountain Rd, Cape Town, South Africa 8001;654 Maple Drive, Phoenix, AZ 85001;4683;2
852;784;438;258;Gyeongbokgung Palace 161, Seoul, South Korea 03045;666 Ocean Avenue, Miami, FL 33101;1899;5
853;906;713;468;444 Lake View, Denver, CO 80201;Taj Mahal, Agra, India 282001;4293;2
854;718;727;707;159 Birch Street, San Antonio, TX 78201;246 Spruce Road, Dallas, TX 75201;1749;3
855;455;800;789;Champs-Élysées 75, Paris, France 75008;Sagrada Família 401, Barcelona, Spain 08013;3933;3
856;287;402;909;Sagrada Família 401, Barcelona, Spain 08013;333 River Road, Seattle, WA 98101;3989;3
857;706;240;564;Table Mountain Rd, Cape Town, South Africa 8001;Table Mountain Rd, Cape Town, South Africa 8001;4392;2
858;372;837;371;Marina Bay Sands 10, Singapore 018956;Sydney Opera House, Sydney, Australia 2000;1379;4
859;992;429;507;Table Mountain Rd, Cape Town, South Africa 8001;Champs-Élysées 75, Paris, France 75008;3489;3
860;402;379;189;753 Willow Avenue, San Diego, CA 92101;Brandenburger Tor 1, Berlin, Germany 10117;2488;2
861;787;77;689;Shibuya Crossing 2, Tokyo, Japan 150-0043;864 Palm Drive, San Jose, CA 95101;3272;2
862;381;751;750;333 River Road, Seattle, WA 98101;Piazza San Marco 1, Venice, Italy 30124;3915;3
863;140;550;773;321 Elm Boulevard, Houston, TX 77001;654 Maple Drive, Phoenix, AZ 85001;4245;3
864;684;294;303;Sydney Opera House, Sydney, Australia 2000;Gyeongbokgung Palace 161, Seoul, South Korea 03045;1315;4
865;644;792;533;864 Palm Drive, San Jose, CA 95101;333 River Road, Seattle, WA 98101;4592;2
866;311;875;810;Copacabana Beach 100, Rio de Janeiro, Brazil 22070-011;Marina Bay Sands 10, Singapore 018956;1582;5
867;11;221;359;789 Pine Road, Chicago, IL 60601;Sagrada Família 401, Barcelona, Spain 08013;3022;2
868;285;446;75;333 River Road, Seattle, WA 98101;CN Tower 301, Toronto, Canada M5V 2T6;4250;2
869;827;911;592;Burj Khalifa 1, Dubai, UAE;CN Tower 301, Toronto, Canada M5V 2T6;2483;5
870;841;787;880;987 Cedar Lane, Philadelphia, PA 19101;Sydney Opera House, Sydney, Australia 2000;4947;3
871;338;306;23;753 Willow Avenue, San Diego, CA 92101;Brandenburger Tor 1, Berlin, Germany 10117;1221;5
872;632;953;309;Gyeongbokgung Palace 161, Seoul, South Korea 03045;Burj Khalifa 1, Dubai, UAE;3940;2
873;330;847;606;864 Palm Drive, San Jose, CA 95101;Champs-Élysées 75, Paris, France 75008;2759;4
874;917;883;751;Brandenburger Tor 1, Berlin, Germany 10117;Shibuya Crossing 2, Tokyo, Japan 150-0043;2417;3
875;118;868;670;159 Birch Street, San Antonio, TX 78201;Taj Mahal, Agra, India 282001;3651;5
876;81;605;736;321 Elm Boulevard, Houston, TX 77001;123 Main Street, New York, NY 10001;1420;5
877;634;270;386;987 Cedar Lane, Philadelphia, PA 19101;159 Birch Street, San Antonio, TX 78201;4976;2
878;634;138;819;Burj Khalifa 1, Dubai, UAE;CN Tower 301, Toronto, Canada M5V 2T6;4636;5
879;606;228;416;Forbidden City 4, Beijing, China 100006;Taj Mahal, Agra, India 282001;1030;3
880;502;246;243;159 Birch Street, San Antonio, TX 78201;Brandenburger Tor 1, Berlin, Germany 10117;4979;4
881;318;347;937;Shibuya Crossing 2, Tokyo, Japan 150-0043;Copacabana Beach 100, Rio de Janeiro, Brazil 22070-011;3609;4
882;767;244;247;CN Tower 301, Toronto, Canada M5V 2T6;Table Mountain Rd, Cape Town, South Africa 8001;1712;2
883;849;203;595;159 Birch Street, San Antonio, TX 78201;456 Oak Avenue, Los Angeles, CA 90001;1988;4
884;888;421;453;789 Pine Road, Chicago, IL 60601;Red Square 1, Moscow, Russia 109012;1257;4
885;103;570;754;Red Square 1, Moscow, Russia 109012;321 Elm Boulevard, Houston, TX 77001;4222;5
886;346;357;352;Gyeongbokgung Palace 161, Seoul, South Korea 03045;123 Main Street, New York, NY 10001;4871;2
887;747;562;249;456 Oak Avenue, Los Angeles, CA 90001;Taj Mahal, Agra, India 282001;3618;2
888;139;326;969;123 Main Street, New York, NY 10001;Forbidden City 4, Beijing, China 100006;1282;2
889;870;297;487;456 Oak Avenue, Los Angeles, CA 90001;Shibuya Crossing 2, Tokyo, Japan 150-0043;1845;2
890;484;938;60;Champs-Élysées 75, Paris, France 75008;123 Main Street, New York, NY 10001;2495;3
891;568;860;271;Sydney Opera House, Sydney, Australia 2000;Copacabana Beach 100, Rio de Janeiro, Brazil 22070-011;4164;4
892;564;806;77;Shibuya Crossing 2, Tokyo, Japan 150-0043;444 Lake View, Denver, CO 80201;3919;3
893;481;351;989;Forbidden City 4, Beijing, China 100006;555 Mountain Street, Washington, DC 20001;4176;3
894;374;76;1000;Table Mountain Rd, Cape Town, South Africa 8001;Copacabana Beach 100, Rio de Janeiro, Brazil 22070-011;4173;2
895;440;216;629;987 Cedar Lane, Philadelphia, PA 19101;Brandenburger Tor 1, Berlin, Germany 10117;2605;5
896;209;953;826;Sydney Opera House, Sydney, Australia 2000;456 Oak Avenue, Los Angeles, CA 90001;4851;3
897;570;742;915;555 Mountain Street, Washington, DC 20001;Brandenburger Tor 1, Berlin, Germany 10117;1821;2
898;742;904;345;123 Main Street, New York, NY 10001;Champs-Élysées 75, Paris, France 75008;3680;4
899;41;170;302;Shibuya Crossing 2, Tokyo, Japan 150-0043;321 Elm Boulevard, Houston, TX 77001;2900;4
900;923;696;953;666 Ocean Avenue, Miami, FL 33101;123 Main Street, New York, NY 10001;2342;2
901;712;318;677;246 Spruce Road, Dallas, TX 75201;Burj Khalifa 1, Dubai, UAE;4772;5
902;757;371;913;159 Birch Street, San Antonio, TX 78201;Gyeongbokgung Palace 161, Seoul, South Korea 03045;3809;2
903;841;893;821;123 Main Street, New York, NY 10001;333 River Road, Seattle, WA 98101;4525;3
904;377;537;716;753 Willow Avenue, San Diego, CA 92101;159 Birch Street, San Antonio, TX 78201;2976;2
905;477;288;516;Brandenburger Tor 1, Berlin, Germany 10117;456 Oak Avenue, Los Angeles, CA 90001;3064;2
906;581;63;31;Gyeongbokgung Palace 161, Seoul, South Korea 03045;321 Elm Boulevard, Houston, TX 77001;2491;5
907;752;437;260;CN Tower 301, Toronto, Canada M5V 2T6;CN Tower 301, Toronto, Canada M5V 2T6;3254;4
908;405;287;718;Marina Bay Sands 10, Singapore 018956;333 River Road, Seattle, WA 98101;3534;2
909;657;682;748;Forbidden City 4, Beijing, China 100006;Sagrada Família 401, Barcelona, Spain 08013;3962;5
910;693;126;181;Taj Mahal, Agra, India 282001;Table Mountain Rd, Cape Town, South Africa 8001;3136;5
911;934;435;323;456 Oak Avenue, Los Angeles, CA 90001;555 Mountain Street, Washington, DC 20001;1362;2
912;706;171;706;Piazza San Marco 1, Venice, Italy 30124;555 Mountain Street, Washington, DC 20001;1909;3
913;960;630;532;222 Park Avenue, Boston, MA 02101;555 Mountain Street, Washington, DC 20001;2247;4
914;773;837;97;Forbidden City 4, Beijing, China 100006;159 Birch Street, San Antonio, TX 78201;3575;5
915;291;600;497;222 Park Avenue, Boston, MA 02101;Forbidden City 4, Beijing, China 100006;3150;5
916;443;160;399;753 Willow Avenue, San Diego, CA 92101;Taj Mahal, Agra, India 282001;1506;4
917;654;339;87;Marina Bay Sands 10, Singapore 018956;Shibuya Crossing 2, Tokyo, Japan 150-0043;4674;4
918;317;722;145;Shibuya Crossing 2, Tokyo, Japan 150-0043;Table Mountain Rd, Cape Town, South Africa 8001;2039;5
919;361;843;375;Champs-Élysées 75, Paris, France 75008;Gyeongbokgung Palace 161, Seoul, South Korea 03045;5000;3
920;227;186;961;123 Main Street, New York, NY 10001;Brandenburger Tor 1, Berlin, Germany 10117;1673;3
921;345;539;855;Marina Bay Sands 10, Singapore 018956;333 River Road, Seattle, WA 98101;2795;3
922;95;9;133;Sagrada Família 401, Barcelona, Spain 08013;246 Spruce Road, Dallas, TX 75201;2910;4
923;423;702;734;Sydney Opera House, Sydney, Australia 2000;123 Main Street, New York, NY 10001;1834;5
924;855;594;757;987 Cedar Lane, Philadelphia, PA 19101;456 Oak Avenue, Los Angeles, CA 90001;3088;4
925;118;621;65;Burj Khalifa 1, Dubai, UAE;987 Cedar Lane, Philadelphia, PA 19101;1604;2
926;815;515;726;321 Elm Boulevard, Houston, TX 77001;456 Oak Avenue, Los Angeles, CA 90001;3126;3
927;602;626;62;789 Pine Road, Chicago, IL 60601;Gyeongbokgung Palace 161, Seoul, South Korea 03045;1818;5
928;366;28;228;123 Main Street, New York, NY 10001;CN Tower 301, Toronto, Canada M5V 2T6;4634;4
929;174;582;926;Taj Mahal, Agra, India 282001;864 Palm Drive, San Jose, CA 95101;2897;2
930;633;80;217;Gyeongbokgung Palace 161, Seoul, South Korea 03045;666 Ocean Avenue, Miami, FL 33101;2881;3
931;214;288;328;Sagrada Família 401, Barcelona, Spain 08013;Brandenburger Tor 1, Berlin, Germany 10117;3625;2
932;664;112;404;Sydney Opera House, Sydney, Australia 2000;654 Maple Drive, Phoenix, AZ 85001;1725;5
933;988;605;63;Table Mountain Rd, Cape Town, South Africa 8001;159 Birch Street, San Antonio, TX 78201;1651;4
934;753;642;287;123 Main Street, New York, NY 10001;123 Main Street, New York, NY 10001;2911;2
935;420;962;523;864 Palm Drive, San Jose, CA 95101;Brandenburger Tor 1, Berlin, Germany 10117;4562;2
936;529;669;131;Champs-Élysées 75, Paris, France 75008;987 Cedar Lane, Philadelphia, PA 19101;4546;4
937;804;212;277;Sydney Opera House, Sydney, Australia 2000;Taj Mahal, Agra, India 282001;3704;5
938;299;570;622;Forbidden City 4, Beijing, China 100006;Red Square 1, Moscow, Russia 109012;4114;4
939;866;270;395;987 Cedar Lane, Philadelphia, PA 19101;Brandenburger Tor 1, Berlin, Germany 10117;2963;5
940;856;981;625;123 Main Street, New York, NY 10001;Burj Khalifa 1, Dubai, UAE;3783;5
941;498;361;446;Sagrada Família 401, Barcelona, Spain 08013;Sagrada Família 401, Barcelona, Spain 08013;1898;5
942;333;643;385;222 Park Avenue, Boston, MA 02101;Marina Bay Sands 10, Singapore 018956;1685;2
943;84;911;510;Champs-Élysées 75, Paris, France 75008;Brandenburger Tor 1, Berlin, Germany 10117;4547;2
944;501;911;276;222 Park Avenue, Boston, MA 02101;321 Elm Boulevard, Houston, TX 77001;1874;3
945;549;631;739;333 River Road, Seattle, WA 98101;123 Main Street, New York, NY 10001;1481;4
946;816;297;783;CN Tower 301, Toronto, Canada M5V 2T6;123 Main Street, New York, NY 10001;1582;3
947;253;159;517;666 Ocean Avenue, Miami, FL 33101;321 Elm Boulevard, Houston, TX 77001;1515;2
948;282;859;634;Forbidden City 4, Beijing, China 100006;Piazza San Marco 1, Venice, Italy 30124;3149;3
949;363;870;250;Piazza San Marco 1, Venice, Italy 30124;Brandenburger Tor 1, Berlin, Germany 10117;3134;5
950;585;110;501;321 Elm Boulevard, Houston, TX 77001;333 River Road, Seattle, WA 98101;3598;4
951;749;488;804;Table Mountain Rd, Cape Town, South Africa 8001;555 Mountain Street, Washington, DC 20001;1364;4
952;311;920;213;222 Park Avenue, Boston, MA 02101;444 Lake View, Denver, CO 80201;3813;2
953;671;199;340;159 Birch Street, San Antonio, TX 78201;753 Willow Avenue, San Diego, CA 92101;2773;5
954;490;286;833;666 Ocean Avenue, Miami, FL 33101;753 Willow Avenue, San Diego, CA 92101;4901;3
955;124;906;558;Gyeongbokgung Palace 161, Seoul, South Korea 03045;Brandenburger Tor 1, Berlin, Germany 10117;4401;4
956;292;383;970;Sydney Opera House, Sydney, Australia 2000;456 Oak Avenue, Los Angeles, CA 90001;4194;2
957;993;431;78;555 Mountain Street, Washington, DC 20001;864 Palm Drive, San Jose, CA 95101;4584;5
958;468;91;541;222 Park Avenue, Boston, MA 02101;246 Spruce Road, Dallas, TX 75201;1751;5
959;232;246;990;Red Square 1, Moscow, Russia 109012;654 Maple Drive, Phoenix, AZ 85001;2215;4
960;36;64;39;Forbidden City 4, Beijing, China 100006;Marina Bay Sands 10, Singapore 018956;4401;4
961;112;900;892;Shibuya Crossing 2, Tokyo, Japan 150-0043;789 Pine Road, Chicago, IL 60601;2286;5
962;673;116;548;Forbidden City 4, Beijing, China 100006;789 Pine Road, Chicago, IL 60601;1948;2
963;547;300;28;321 Elm Boulevard, Houston, TX 77001;753 Willow Avenue, San Diego, CA 92101;4428;5
964;45;904;127;Shibuya Crossing 2, Tokyo, Japan 150-0043;Brandenburger Tor 1, Berlin, Germany 10117;1319;2
965;709;241;432;666 Ocean Avenue, Miami, FL 33101;222 Park Avenue, Boston, MA 02101;3329;5
966;299;113;210;666 Ocean Avenue, Miami, FL 33101;555 Mountain Street, Washington, DC 20001;3310;3
967;909;876;138;Taj Mahal, Agra, India 282001;666 Ocean Avenue, Miami, FL 33101;2108;4
968;451;110;208;Marina Bay Sands 10, Singapore 018956;CN Tower 301, Toronto, Canada M5V 2T6;2961;4
969;215;66;257;246 Spruce Road, Dallas, TX 75201;Burj Khalifa 1, Dubai, UAE;2122;3
970;844;685;881;864 Palm Drive, San Jose, CA 95101;Champs-Élysées 75, Paris, France 75008;3029;5
971;29;786;415;Brandenburger Tor 1, Berlin, Germany 10117;555 Mountain Street, Washington, DC 20001;4123;3
972;522;220;878;864 Palm Drive, San Jose, CA 95101;Copacabana Beach 100, Rio de Janeiro, Brazil 22070-011;4189;2
973;773;254;583;Table Mountain Rd, Cape Town, South Africa 8001;864 Palm Drive, San Jose, CA 95101;1425;4
974;356;255;409;864 Palm Drive, San Jose, CA 95101;444 Lake View, Denver, CO 80201;4770;2
975;153;574;122;987 Cedar Lane, Philadelphia, PA 19101;321 Elm Boulevard, Houston, TX 77001;4035;2
976;973;651;868;123 Main Street, New York, NY 10001;666 Ocean Avenue, Miami, FL 33101;3438;4
977;874;465;337;987 Cedar Lane, Philadelphia, PA 19101;444 Lake View, Denver, CO 80201;3918;2
978;845;732;336;456 Oak Avenue, Los Angeles, CA 90001;246 Spruce Road, Dallas, TX 75201;4122;2
979;283;724;449;333 River Road, Seattle, WA 98101;321 Elm Boulevard, Houston, TX 77001;2681;2
980;730;682;800;Table Mountain Rd, Cape Town, South Africa 8001;654 Maple Drive, Phoenix, AZ 85001;1038;2
981;391;122;325;CN Tower 301, Toronto, Canada M5V 2T6;753 Willow Avenue, San Diego, CA 92101;1055;2
982;536;244;694;Sagrada Família 401, Barcelona, Spain 08013;666 Ocean Avenue, Miami, FL 33101;3535;4
983;983;713;12;222 Park Avenue, Boston, MA 02101;246 Spruce Road, Dallas, TX 75201;3244;5
984;583;338;643;Piazza San Marco 1, Venice, Italy 30124;Piazza San Marco 1, Venice, Italy 30124;3315;2
985;933;709;513;Burj Khalifa 1, Dubai, UAE;456 Oak Avenue, Los Angeles, CA 90001;4409;2
986;283;919;59;333 River Road, Seattle, WA 98101;Champs-Élysées 75, Paris, France 75008;1307;5
987;765;418;233;753 Willow Avenue, San Diego, CA 92101;321 Elm Boulevard, Houston, TX 77001;2055;5
988;279;481;462;Marina Bay Sands 10, Singapore 018956;Copacabana Beach 100, Rio de Janeiro, Brazil 22070-011;2804;2
989;156;143;299;789 Pine Road, Chicago, IL 60601;864 Palm Drive, San Jose, CA 95101;3889;4
990;153;737;610;Sydney Opera House, Sydney, Australia 2000;246 Spruce Road, Dallas, TX 75201;1125;3
991;479;791;719;789 Pine Road, Chicago, IL 60601;Table Mountain Rd, Cape Town, South Africa 8001;3552;3
992;195;112;152;222 Park Avenue, Boston, MA 02101;987 Cedar Lane, Philadelphia, PA 19101;4540;5
993;735;409;459;Table Mountain Rd, Cape Town, South Africa 8001;Table Mountain Rd, Cape Town, South Africa 8001;3015;5
994;127;750;973;333 River Road, Seattle, WA 98101;Forbidden City 4, Beijing, China 100006;2639;3
995;645;669;344;Forbidden City 4, Beijing, China 100006;Champs-Élysées 75, Paris, France 75008;1818;4
996;36;383;237;Shibuya Crossing 2, Tokyo, Japan 150-0043;789 Pine Road, Chicago, IL 60601;1649;3
997;275;222;861;654 Maple Drive, Phoenix, AZ 85001;Brandenburger Tor 1, Berlin, Germany 10117;3555;5
998;441;35;589;Table Mountain Rd, Cape Town, South Africa 8001;789 Pine Road, Chicago, IL 60601;2786;3
999;558;778;713;789 Pine Road, Chicago, IL 60601;789 Pine Road, Chicago, IL 60601;2589;4
1000;856;898;358;654 Maple Drive, Phoenix, AZ 85001;Burj Khalifa 1, Dubai, UAE;1480;3
